segment,metric,model,srv,delta_pp,n_srv
kreis_03101,dep_hour_share_all_10,0.0465666494627692,0.04768783712,-0.11211876572308002,4519.0
kreis_03101,dep_hour_share_all_11,0.04890794350865669,0.05982544237,-1.0917498861343313,4519.0
kreis_03101,dep_hour_share_all_12,0.061102378829822175,0.0566705804,0.44317984298221785,4519.0
kreis_03101,dep_hour_share_all_13,0.06304954722469854,0.07240278203,-0.9353234805301467,4519.0
kreis_03101,dep_hour_share_all_14,0.068757331206306,0.07081130982,-0.20539786136939964,4519.0
kreis_03101,dep_hour_share_all_15,0.08792403697273964,0.09227897368,-0.4354936707260365,4519.0
kreis_03101,dep_hour_share_all_16,0.08833927649791207,0.0956105496,-0.727127310208793,4519.0
kreis_03101,dep_hour_share_all_17,0.08303031013935157,0.09057934006,-0.7549029920648431,4519.0
kreis_03101,dep_hour_share_all_18,0.06838197344343827,0.06391969238,0.4462281063438267,4519.0
kreis_03101,dep_hour_share_all_19,0.04585229672031155,0.0429888639,0.28634328203115467,4519.0
kreis_03101,dep_hour_share_all_20,0.03324027588795571,0.02757435138,0.5665924507955709,4519.0
kreis_03101,dep_hour_share_all_21,0.021103317224229343,0.02015657983,0.09467373942293432,4519.0
kreis_03101,dep_hour_share_all_22,0.01647468681086661,0.01470191907,0.17727677408666093,4519.0
kreis_03101,dep_hour_share_all_23,0.008381035049031108,0.006778047623,0.16029874260311072,4519.0
kreis_03101,dep_hour_share_all_4,0.004460892413081218,0.001778546951,0.2682345462081218,4519.0
kreis_03101,dep_hour_share_all_5,0.013481208651996434,0.007976812978,0.5504395673996434,4519.0
kreis_03101,dep_hour_share_all_6,0.04445291606062028,0.02687070239,1.7582213670620281,4519.0
kreis_03101,dep_hour_share_all_7,0.08197461643128608,0.09452740564,-1.255278920871393,4519.0
kreis_03101,dep_hour_share_all_8,0.05632829728334819,0.0597203073,-0.3392010016651806,4519.0
kreis_03101,dep_hour_share_all_9,0.04701707877821048,0.04474744367,0.22696351082104813,4519.0
kreis_03101,dep_hour_share_education_10,0.024140098787606645,0.02053195257,0.3608146217606644,4519.0
kreis_03101,dep_hour_share_education_11,0.0407723394701392,0.03082812426,0.9944215210139205,4519.0
kreis_03101,dep_hour_share_education_12,0.035132465199820384,0.03279441828,0.2338046919820383,4519.0
kreis_03101,dep_hour_share_education_13,0.041095644364616074,0.04742332445,-0.6327680085383924,4519.0
kreis_03101,dep_hour_share_education_14,0.023709025594970814,0.02829449134,-0.45854657450291847,4519.0
kreis_03101,dep_hour_share_education_15,0.033066906151773684,0.02188450235,1.1182403801773684,4519.0
kreis_03101,dep_hour_share_education_16,0.02279299506061967,0.02514131497,-0.23483199093803295,4519.0
kreis_03101,dep_hour_share_education_17,0.00926807364167041,0.008888763946,0.03793096956704097,4519.0
kreis_03101,dep_hour_share_education_18,0.006088908845981141,0.003465831918,0.26230769279811406,4519.0
kreis_03101,dep_hour_share_education_19,0.0010417602155365962,0.005285766938,-0.4244006722463403,4519.0
kreis_03101,dep_hour_share_education_20,0.0006286484059272564,0.0009515474552,-0.03228990492727436,4519.0
kreis_03101,dep_hour_share_education_21,0.0005208801077682981,0.0,0.05208801077682981,4519.0
kreis_03101,dep_hour_share_education_22,0.00023349797934440951,0.0,0.02334979793444095,4519.0
kreis_03101,dep_hour_share_education_23,0.00010776829815895825,0.0,0.010776829815895825,4519.0
kreis_03101,dep_hour_share_education_4,0.00046699595868881903,0.0,0.0466995958688819,4519.0
kreis_03101,dep_hour_share_education_5,0.0026044005388414907,0.0,0.2604400538841491,4519.0
kreis_03101,dep_hour_share_education_6,0.15371351594072744,0.03835223238,11.536128356072744,4519.0
kreis_03101,dep_hour_share_education_7,0.42751683879658736,0.5734807602,-14.596392140341269,4519.0
kreis_03101,dep_hour_share_education_8,0.13099236641221373,0.1071521884,2.3840178012213733,4519.0
kreis_03101,dep_hour_share_education_9,0.044095195330040415,0.05552478052,-1.1429585189959581,4519.0
kreis_03101,dep_hour_share_escort_10,0.017779208700007154,0.01426058452,0.3518624180007155,4519.0
kreis_03101,dep_hour_share_escort_11,0.03162338126922802,0.01673303493,1.489034633922802,4519.0
kreis_03101,dep_hour_share_escort_12,0.06299635114831509,0.04311350857,1.9882842578315088,4519.0
kreis_03101,dep_hour_share_escort_13,0.06331830864992488,0.06740651589,-0.4088207240075123,4519.0
kreis_03101,dep_hour_share_escort_14,0.14291335765901123,0.149648673,-0.6735315340988784,4519.0
kreis_03101,dep_hour_share_escort_15,0.13811976819059885,0.1296761603,0.8443607890598837,4519.0
kreis_03101,dep_hour_share_escort_16,0.06771839450525864,0.05898405193,0.8734342575258638,4519.0
kreis_03101,dep_hour_share_escort_17,0.04575373828432425,0.05730475698,-1.1551018695675757,4519.0
kreis_03101,dep_hour_share_escort_18,0.03952922658653502,0.04755531218,-0.8026085593464981,4519.0
kreis_03101,dep_hour_share_escort_19,0.013164484510266868,0.006061524081,0.7102960429266868,4519.0
kreis_03101,dep_hour_share_escort_20,0.01334334978893897,0.003375638135,0.996771165393897,4519.0
kreis_03101,dep_hour_share_escort_21,0.00812048365171353,0.005019465352,0.310101829971353,4519.0
kreis_03101,dep_hour_share_escort_22,0.0042927666881305004,0.04399348222,-3.97007155318695,4519.0
kreis_03101,dep_hour_share_escort_23,0.0018244258424554626,0.0,0.18244258424554627,4519.0
kreis_03101,dep_hour_share_escort_4,0.0015382413965800959,0.0,0.1538241396580096,4519.0
kreis_03101,dep_hour_share_escort_5,0.003183801960363454,0.0,0.31838019603634543,4519.0
kreis_03101,dep_hour_share_escort_6,0.046469199399012666,0.009420544121,3.704865527801267,4519.0
kreis_03101,dep_hour_share_escort_7,0.17382127781355083,0.2091592327,-3.533795488644917,4519.0
kreis_03101,dep_hour_share_escort_8,0.09894827216140803,0.1103325865,-1.1384314338591968,4519.0
kreis_03101,dep_hour_share_escort_9,0.022930528725763753,0.02210900321,0.08215255157637547,4519.0
kreis_03101,dep_hour_share_home_10,0.03233931747332949,0.03475853875,-0.2419221276670505,4519.0
kreis_03101,dep_hour_share_home_11,0.046652465089364985,0.06199770507,-1.5345239980635015,4519.0
kreis_03101,dep_hour_share_home_12,0.07154871887968277,0.04503452745,2.651419142968277,4519.0
kreis_03101,dep_hour_share_home_13,0.07391722428186065,0.09082291551,-1.6905691228139355,4519.0
kreis_03101,dep_hour_share_home_14,0.07807558226939693,0.07274032995,0.5335252319396924,4519.0
kreis_03101,dep_hour_share_home_15,0.10222299123794829,0.1123338805,-1.0110889262051712,4519.0
kreis_03101,dep_hour_share_home_16,0.10469928490992589,0.122242975,-1.7543690090074116,4519.0
kreis_03101,dep_hour_share_home_17,0.10869879702617836,0.1193938817,-1.069508467382163,4519.0
kreis_03101,dep_hour_share_home_18,0.0934269011156086,0.08822572569,0.5201175425608593,4519.0
kreis_03101,dep_hour_share_home_19,0.06644012219785955,0.05534110244,1.1099019757859554,4519.0
kreis_03101,dep_hour_share_home_20,0.05762984940844096,0.04714811709,1.0481732318440962,4519.0
kreis_03101,dep_hour_share_home_21,0.04083757158701208,0.03676528799,0.4072283597012082,4519.0
kreis_03101,dep_hour_share_home_22,0.03407527592378802,0.02422624834,0.9849027583788021,4519.0
kreis_03101,dep_hour_share_home_23,0.017881506653089126,0.01383220433,0.4049302323089126,4519.0
kreis_03101,dep_hour_share_home_4,6.52402685629838e-05,0.001314338049,-0.12490977804370162,4519.0
kreis_03101,dep_hour_share_home_5,0.0005758162834037266,0.0008203007169,-0.024448443349627338,4519.0
kreis_03101,dep_hour_share_home_6,0.0018862947214949666,0.004059743068,-0.21734483465050336,4519.0
kreis_03101,dep_hour_share_home_7,0.00841599464462491,0.01706015141,-0.8644156765375088,4519.0
kreis_03101,dep_hour_share_home_8,0.01768011278056861,0.02381268918,-0.6132576399431388,4519.0
kreis_03101,dep_hour_share_home_9,0.02462111004898693,0.02437431795,0.02467920989869324,4519.0
kreis_03101,dep_hour_share_leisure_10,0.050701039929573935,0.05049671566,0.020432426957393834,4519.0
kreis_03101,dep_hour_share_leisure_11,0.0404949864372571,0.05309479879,-1.2599812352742898,4519.0
kreis_03101,dep_hour_share_leisure_12,0.046177739924563956,0.07241167753,-2.623393760543604,4519.0
kreis_03101,dep_hour_share_leisure_13,0.055417582181633396,0.05821315957,-0.27955773883666035,4519.0
kreis_03101,dep_hour_share_leisure_14,0.0729310554605249,0.06831086682,0.4620188640524908,4519.0
kreis_03101,dep_hour_share_leisure_15,0.09969868523700803,0.1002183477,-0.05196624629919683,4519.0
kreis_03101,dep_hour_share_leisure_16,0.1271247700775116,0.1261105894,0.10141806775116058,4519.0
kreis_03101,dep_hour_share_leisure_17,0.12524960456910558,0.1180175561,0.7232048469105579,4519.0
kreis_03101,dep_hour_share_leisure_18,0.10392854331131327,0.1004245207,0.35040226113132594,4519.0
kreis_03101,dep_hour_share_leisure_19,0.07333185419514604,0.09438887854,-2.105702434485396,4519.0
kreis_03101,dep_hour_share_leisure_20,0.03817607947266338,0.03233891003,0.5837169442663381,4519.0
kreis_03101,dep_hour_share_leisure_21,0.013813242103907072,0.01484423459,-0.10309924860929277,4519.0
kreis_03101,dep_hour_share_leisure_22,0.0065845506402044075,0.0118752588,-0.5290708159795593,4519.0
kreis_03101,dep_hour_share_leisure_23,0.002855690984175607,0.002511792798,0.034389818617560707,4519.0
kreis_03101,dep_hour_share_leisure_4,0.00040079873462113785,0.003523407115,-0.31226083803788623,4519.0
kreis_03101,dep_hour_share_leisure_5,0.004644971049448544,0.003262851437,0.13821196124485435,4519.0
kreis_03101,dep_hour_share_leisure_6,0.01614646330902298,0.008722591137,0.742387217202298,4519.0
kreis_03101,dep_hour_share_leisure_7,0.025865832623585574,0.01670159881,0.9164233813585575,4519.0
kreis_03101,dep_hour_share_leisure_8,0.035649616020497994,0.0310501451,0.4599470920497995,4519.0
kreis_03101,dep_hour_share_leisure_9,0.05718539088612306,0.033145983,2.403940788612306,4519.0
kreis_03101,dep_hour_share_other_10,0.07853779754119801,0.1097865958,-3.124879825880199,4519.0
kreis_03101,dep_hour_share_other_11,0.07738250937309268,0.07884335742,-0.1460848046907312,4519.0
kreis_03101,dep_hour_share_other_12,0.08436873310663527,0.04660928546,3.7759447646635276,4519.0
kreis_03101,dep_hour_share_other_13,0.07314281977504578,0.0674063884,0.5736431375045772,4519.0
kreis_03101,dep_hour_share_other_14,0.08866291742959281,0.1276187168,-3.895579937040719,4519.0
kreis_03101,dep_hour_share_other_15,0.10574156421658383,0.1215248284,-1.5783264183416177,4519.0
kreis_03101,dep_hour_share_other_16,0.10131659255384079,0.08850395204,1.281264051384079,4519.0
kreis_03101,dep_hour_share_other_17,0.06278882204202633,0.0612286676,0.15601544420263333,4519.0
kreis_03101,dep_hour_share_other_18,0.04637501089894498,0.01906266383,2.731234706894498,4519.0
kreis_03101,dep_hour_share_other_19,0.025590722818031215,0.008143389339,1.7447333479031213,4519.0
kreis_03101,dep_hour_share_other_20,0.013907053797192431,0.006035542698,0.787151109919243,4519.0
kreis_03101,dep_hour_share_other_21,0.008915336995378848,0.01073811873,-0.1822781734621151,4519.0
kreis_03101,dep_hour_share_other_22,0.005296887261313105,0.002364734062,0.2932153199313105,4519.0
kreis_03101,dep_hour_share_other_23,0.0031824919347807133,0.006819974246,-0.36374823112192867,4519.0
kreis_03101,dep_hour_share_other_4,0.0006430377539454181,0.0,0.06430377539454181,4519.0
kreis_03101,dep_hour_share_other_5,0.0026484436306565525,0.0,0.26484436306565523,4519.0
kreis_03101,dep_hour_share_other_6,0.013438399162961025,0.01169958313,0.17388160329610253,4519.0
kreis_03101,dep_hour_share_other_7,0.050124247972796236,0.04960291759,0.052133038279623956,4519.0
kreis_03101,dep_hour_share_other_8,0.0731101229400994,0.08067309692,-0.7562973979900606,4519.0
kreis_03101,dep_hour_share_other_9,0.07914813846019705,0.09899760006,-1.9849461599802942,4519.0
kreis_03101,dep_hour_share_shop_10,0.11941334962917696,0.09419011631,2.522323331917696,4519.0
kreis_03101,dep_hour_share_shop_11,0.08984472653537402,0.1044476569,-1.4602930364625983,4519.0
kreis_03101,dep_hour_share_shop_12,0.07784505985944835,0.08265072538,-0.4805665520551644,4519.0
kreis_03101,dep_hour_share_shop_13,0.06809533068525875,0.07090172509,-0.2806394404741258,4519.0
kreis_03101,dep_hour_share_shop_14,0.06865087080914418,0.075349347,-0.6698476190855812,4519.0
kreis_03101,dep_hour_share_shop_15,0.09542790478042276,0.1029787233,-0.7550818519577243,4519.0
kreis_03101,dep_hour_share_shop_16,0.08691425238187828,0.09980711195,-1.2892859568121722,4519.0
kreis_03101,dep_hour_share_shop_17,0.0912196883419905,0.1030396687,-1.1819980358009505,4519.0
kreis_03101,dep_hour_share_shop_18,0.06334546262603817,0.05472815649,0.8617306136038172,4519.0
kreis_03101,dep_hour_share_shop_19,0.027096469542512706,0.02009529869,0.7001170852512707,4519.0
kreis_03101,dep_hour_share_shop_20,0.006263714896808422,0.01066398826,-0.4400273363191578,4519.0
kreis_03101,dep_hour_share_shop_21,0.0051387461459403904,0.007219031324,-0.208028517805961,4519.0
kreis_03101,dep_hour_share_shop_22,0.00524985417071748,0.001594011209,0.36558429617174804,4519.0
kreis_03101,dep_hour_share_shop_23,0.00048609760839976666,0.001428227147,-0.09421295386002335,4519.0
kreis_03101,dep_hour_share_shop_4,6.944251548568096e-05,0.0,0.006944251548568096,4519.0
kreis_03101,dep_hour_share_shop_5,0.00038887808671981335,0.0005067921782,-0.01179140914801867,4519.0
kreis_03101,dep_hour_share_shop_6,0.004902641593289075,0.00837450019,-0.3471858596710925,4519.0
kreis_03101,dep_hour_share_shop_7,0.024221549401405515,0.02719511611,-0.29735667085944856,4519.0
kreis_03101,dep_hour_share_shop_8,0.06908141440515542,0.04254401445,2.653739995515542,4519.0
kreis_03101,dep_hour_share_shop_9,0.09351129135301797,0.09228578924,0.12255021130179733,4519.0
kreis_03101,dep_hour_share_work_10,0.03161960787788045,0.03514968477,-0.3530076892119552,4519.0
kreis_03101,dep_hour_share_work_11,0.025400228575478634,0.03869775956,-1.3297530984521369,4519.0
kreis_03101,dep_hour_share_work_12,0.029697093193234873,0.0689206516,-3.922355840676512,4519.0
kreis_03101,dep_hour_share_work_13,0.03789214426833698,0.05130043392,-1.340828965166302,4519.0
kreis_03101,dep_hour_share_work_14,0.022228522321547227,0.03559415257,-1.3365630248452776,4519.0
kreis_03101,dep_hour_share_work_15,0.024044722830083368,0.01882791838,0.5216804450083369,4519.0
kreis_03101,dep_hour_share_work_16,0.017027987206860808,0.01534365213,0.16843350768608079,4519.0
kreis_03101,dep_hour_share_work_17,0.007441992327660291,0.01283202216,-0.5390029832339709,4519.0
kreis_03101,dep_hour_share_work_18,0.005129658997280129,0.002466888062,0.2662770935280129,4519.0
kreis_03101,dep_hour_share_work_19,0.006166222214347098,0.001465515567,0.4700706647347098,4519.0
kreis_03101,dep_hour_share_work_20,0.004890452101033905,0.005188446893,-0.029799479196609448,4519.0
kreis_03101,dep_hour_share_work_21,0.0019490932286729333,0.005495518164,-0.35464249353270666,4519.0
kreis_03101,dep_hour_share_work_22,0.001018844187715397,0.0,0.1018844187715397,4519.0
kreis_03101,dep_hour_share_work_23,0.0005138518511955915,0.0004100550272,0.01037968239955915,4519.0
kreis_03101,dep_hour_share_work_4,0.031814517200747745,0.004734940982,2.7079576218747743,4519.0
kreis_03101,dep_hour_share_work_5,0.0898000407537675,0.05358261365,3.6217427103767506,4519.0
kreis_03101,dep_hour_share_work_6,0.20849095886527336,0.1467060386,6.178492026527335,4519.0
kreis_03101,dep_hour_share_work_7,0.2507242653247455,0.2640257821,-1.3301516775254485,4519.0
kreis_03101,dep_hour_share_work_8,0.13347744810539278,0.1802284275,-4.6750979394607235,4519.0
kreis_03101,dep_hour_share_work_9,0.056009851780319475,0.05651873313,-0.050888134968052334,4519.0
kreis_03101,mean_work_activity_h,5.713557480845631,5.906851596,-0.19329411515436945,4519.0
kreis_03101,mobility_rate,0.9006593719363714,0.8532543912,4.740498073637134,4519.0
kreis_03101,n_persons_unweighted,252968.0,4519.0,248449.0,4519.0
kreis_03101,n_persons_weighted,252968.0,252816.0,152.0,4519.0
kreis_03101,n_work_activities_measured,112768.0,1988.0,110780.0,4519.0
kreis_03101,nonhome_acts_per_mobile,2.194440786874885,2.258748975,-0.06430818812511507,4519.0
kreis_03101,participation_education,0.17438964612124855,0.1758203279,-0.14306817787514414,4519.0
kreis_03101,participation_escort,0.07433351253913538,0.07505334494,-0.07198324008646229,4519.0
kreis_03101,participation_home,0.9006593719363714,0.8410964282,5.956294373637139,4519.0
kreis_03101,participation_leisure,0.41287435564972647,0.417759712,-0.488535635027354,4519.0
kreis_03101,participation_other,0.265784605167452,0.1661717134,9.9612891767452,4519.0
kreis_03101,participation_shop,0.2354447993422093,0.3051895512,-6.974475185779072,4519.0
kreis_03101,participation_work,0.35942095442901867,0.3444301713,1.4990783129018692,4519.0
kreis_03101,purpose_share_education,0.06530638577394078,0.06254172817,0.2764657603940776,4519.0
kreis_03101,purpose_share_escort,0.03278984657251443,0.03652324792,-0.3733401347485572,4519.0
kreis_03101,purpose_share_home,0.4135304743583728,0.4143342663,-0.08037919416271633,4519.0
kreis_03101,purpose_share_leisure,0.16389175620513302,0.1750090584,-1.1117302194866978,4519.0
kreis_03101,purpose_share_other,0.10762445455825083,0.06245350583,4.517094872825083,4519.0
kreis_03101,purpose_share_shop,0.08445784263125791,0.1187333581,-3.4275515468742093,4519.0
kreis_03101,purpose_share_work,0.13239923990053018,0.1304048353,0.19944046005301863,4519.0
kreis_03101,share_mobile_first_from_home,1.0,0.9765953407,2.340465930000002,4519.0
kreis_03101,share_mobile_last_to_home,1.0,0.972429834,2.757016599999995,4519.0
kreis_03101,share_mobile_odd_trip_count,0.3047779562671723,0.2506396326,5.41383236671723,4519.0
kreis_03101,share_trips_0,0.0993406280636286,0.1467456088,-4.7404980736371405,4519.0
kreis_03101,share_trips_1,0.000640397204389488,0.006412655869,-0.5772258664610512,4519.0
kreis_03101,share_trips_2,0.31555769899750163,0.2915493441,2.400835489750164,4519.0
kreis_03101,share_trips_3,0.1277197115840739,0.08743882215,4.028088943407389,4519.0
kreis_03101,share_trips_4,0.20704199740678664,0.23078466,-2.3742662593213364,4519.0
kreis_03101,share_trips_5,0.10121042977767938,0.07522695049,2.5983479287679385,4519.0
kreis_03101,share_trips_6,0.07905743018879859,0.08162127706,-0.2563846871201411,4519.0
kreis_03101,share_trips_7,0.03505581733658012,0.03220095058,0.2854866756580122,4519.0
kreis_03101,share_trips_8plus,0.03437588944056165,0.04801973094,-1.364384149943835,4519.0
kreis_03101,share_trips_followed_by_same_purpose,0.11029887861868343,0.05303718818,5.726169043868342,4519.0
kreis_03101,share_trips_home_based,0.8036761600900859,0.8289227483,-2.52465882099141,4519.0
kreis_03101,share_trips_unknown_purpose,0.0,0.0009975171235,-0.09975171235,4519.0
kreis_03101,share_work_activities_lt_2h,0.20547495743473326,0.1202949916,8.517996583473327,4519.0
kreis_03101,tours_per_mobile,1.547340654324564,1.595251636,-0.04791098167543595,4519.0
kreis_03101,trips_per_mobile_person,3.7417814411994486,3.85400061,-0.11221916880055138,4519.0
kreis_03101,trips_per_person,3.370070522753866,3.288442944,0.08162757875386628,4519.0
kreis_03101,trips_per_person_education,0.22008712564435026,0.2054597505,0.014627375144350252,4519.0
kreis_03101,trips_per_person_escort,0.11050409537965276,0.1199848105,-0.009480715120347233,4519.0
kreis_03101,trips_per_person_home,1.3936268618955758,1.361155463,0.03247139889557582,4519.0
kreis_03101,trips_per_person_leisure,0.5523267765092819,0.5749332249,-0.022606448390718126,4519.0
kreis_03101,trips_per_person_other,0.3627020018342241,0.2051699257,0.15753207613422407,4519.0
kreis_03101,trips_per_person_shop,0.28462888586698715,0.3900583952,-0.10542950933301287,4519.0
kreis_03101,trips_per_person_work,0.44619477562379434,0.4284010964,0.017793679223794323,4519.0
kreis_03102,dep_hour_share_all_10,0.04475437266169918,0.05599799838,-1.1243625718300816,1794.0
kreis_03102,dep_hour_share_all_11,0.049655012502271716,0.05435093842,-0.4695925917728286,1794.0
kreis_03102,dep_hour_share_all_12,0.060390045810328946,0.06319435206,-0.2804306249671054,1794.0
kreis_03102,dep_hour_share_all_13,0.06618370505918995,0.06619872613,-0.0015021070810042336,1794.0
kreis_03102,dep_hour_share_all_14,0.07456868729280383,0.06538420907,0.9184478222803827,1794.0
kreis_03102,dep_hour_share_all_15,0.0885436576821603,0.08964608147,-0.11024237878397014,1794.0
kreis_03102,dep_hour_share_all_16,0.08891339905120604,0.08734953676,0.15638622912060446,1794.0
kreis_03102,dep_hour_share_all_17,0.07605705297328462,0.07466723082,0.138982215328462,1794.0
kreis_03102,dep_hour_share_all_18,0.05758251812672729,0.0545953237,0.2987194426727291,1794.0
kreis_03102,dep_hour_share_all_19,0.034179142826704104,0.04411365433,-0.9934511503295897,1794.0
kreis_03102,dep_hour_share_all_20,0.02799067499733661,0.01856791988,0.9422755117336611,1794.0
kreis_03102,dep_hour_share_all_21,0.018038992047427163,0.02047187277,-0.24328807225728366,1794.0
kreis_03102,dep_hour_share_all_22,0.013285622074186413,0.01109499983,0.2190622244186412,1794.0
kreis_03102,dep_hour_share_all_23,0.006940484173189364,0.002286324245,0.46541599281893636,1794.0
kreis_03102,dep_hour_share_all_4,0.0055461205356863085,0.004248621672,0.12974988636863086,1794.0
kreis_03102,dep_hour_share_all_5,0.018703273151136485,0.02066589265,-0.19626194988635154,1794.0
kreis_03102,dep_hour_share_all_6,0.05013755632289075,0.03642322146,1.3714334862890747,1794.0
kreis_03102,dep_hour_share_all_7,0.09647429670804845,0.1066172801,-1.0142983391951548,1794.0
kreis_03102,dep_hour_share_all_8,0.06065011812923401,0.07298458603,-1.2334467900765997,1794.0
kreis_03102,dep_hour_share_all_9,0.04765903578971116,0.04805610009,-0.0397064300288838,1794.0
kreis_03102,dep_hour_share_education_10,0.018819896511433818,0.005463369422,1.3356527089433818,1794.0
kreis_03102,dep_hour_share_education_11,0.024244700383909197,0.008815438064,1.5429262319909198,1794.0
kreis_03102,dep_hour_share_education_12,0.02028042063094642,0.02082189191,-0.054147127905358056,1794.0
kreis_03102,dep_hour_share_education_13,0.029669504256384576,0.02006965188,0.9599852376384576,1794.0
kreis_03102,dep_hour_share_education_14,0.02416124186279419,0.01377510542,1.0386136442794192,1794.0
kreis_03102,dep_hour_share_education_15,0.03171423802370222,0.007347558802,2.4366679221702223,1794.0
kreis_03102,dep_hour_share_education_16,0.01911200133533634,0.01565707294,0.34549283953363397,1794.0
kreis_03102,dep_hour_share_education_17,0.007803371724253046,0.0292680655,-2.1464693775746952,1794.0
kreis_03102,dep_hour_share_education_18,0.004673677182440327,0.008138399725,-0.34647225425596734,1794.0
kreis_03102,dep_hour_share_education_19,0.0013353363378400935,0.0,0.13353363378400934,1794.0
kreis_03102,dep_hour_share_education_20,0.0004172926055750292,0.0,0.041729260557502916,1794.0
kreis_03102,dep_hour_share_education_21,0.00016691704223001168,0.0,0.016691704223001168,1794.0
kreis_03102,dep_hour_share_education_22,0.00012518778167250875,0.0,0.012518778167250874,1794.0
kreis_03102,dep_hour_share_education_23,8.345852111500584e-05,0.0,0.008345852111500584,1794.0
kreis_03102,dep_hour_share_education_4,0.0008763144717075614,0.0,0.08763144717075613,1794.0
kreis_03102,dep_hour_share_education_5,0.004840594224670339,0.0,0.4840594224670339,1794.0
kreis_03102,dep_hour_share_education_6,0.1729677850108496,0.06901546842,10.395231659084962,1794.0
kreis_03102,dep_hour_share_education_7,0.47892672341846104,0.6150964299,-13.616970648153897,1794.0
kreis_03102,dep_hour_share_education_8,0.12235019195459856,0.1660756636,-4.372547164540144,1794.0
kreis_03102,dep_hour_share_education_9,0.035553329994992486,0.02045588436,1.5097445634992486,1794.0
kreis_03102,dep_hour_share_escort_10,0.021215164448907857,0.01862516033,0.2590004118907856,1794.0
kreis_03102,dep_hour_share_escort_11,0.032324880743158424,0.02053651758,1.1788363163158424,1794.0
kreis_03102,dep_hour_share_escort_12,0.06264122520713031,0.0642005887,-0.15593634928696976,1794.0
kreis_03102,dep_hour_share_escort_13,0.06791363293999497,0.0757287673,-0.7815134360005027,1794.0
kreis_03102,dep_hour_share_escort_14,0.12434094903339192,0.06950923725,5.483171178339193,1794.0
kreis_03102,dep_hour_share_escort_15,0.13212402711523977,0.1136989828,1.8425044315239767,1794.0
kreis_03102,dep_hour_share_escort_16,0.06672106452422796,0.06200208645,0.4718978074227963,1794.0
kreis_03102,dep_hour_share_escort_17,0.05416771277931207,0.05272871415,0.14389986293120716,1794.0
kreis_03102,dep_hour_share_escort_18,0.03860155661561637,0.02508727222,1.3514284395616372,1794.0
kreis_03102,dep_hour_share_escort_19,0.018076826512678886,0.03263084378,-1.4554017267321115,1794.0
kreis_03102,dep_hour_share_escort_20,0.012553351744915892,0.004882833198,0.7670518546915892,1794.0
kreis_03102,dep_hour_share_escort_21,0.0043309063519959825,0.0,0.43309063519959823,1794.0
kreis_03102,dep_hour_share_escort_22,0.0019457695204619634,0.0,0.19457695204619635,1794.0
kreis_03102,dep_hour_share_escort_23,0.0021340697966357016,0.0,0.21340697966357017,1794.0
kreis_03102,dep_hour_share_escort_4,0.0023851368315340195,0.0,0.23851368315340196,1794.0
kreis_03102,dep_hour_share_escort_5,0.002447903590258599,0.002065175858,0.0382727732258599,1794.0
kreis_03102,dep_hour_share_escort_6,0.039417524479035904,0.008083858796,3.13336656830359,1794.0
kreis_03102,dep_hour_share_escort_7,0.18993221190057746,0.2779537572,-8.802154529942252,1794.0
kreis_03102,dep_hour_share_escort_8,0.09452673863921666,0.1447613543,-5.023461566078334,1794.0
kreis_03102,dep_hour_share_escort_9,0.02473010293748431,0.01123233948,1.3497763457484309,1794.0
kreis_03102,dep_hour_share_home_10,0.030545088429733712,0.04550045972,-1.4955371290266286,1794.0
kreis_03102,dep_hour_share_home_11,0.049297078006203775,0.06218986094,-1.2892782933796227,1794.0
kreis_03102,dep_hour_share_home_12,0.0761998534191103,0.07852345259,-0.23235991708897008,1794.0
kreis_03102,dep_hour_share_home_13,0.08535745748784045,0.09039482876,-0.5037371272159558,1794.0
kreis_03102,dep_hour_share_home_14,0.08879988747325639,0.0770255852,1.177430227325639,1794.0
kreis_03102,dep_hour_share_home_15,0.11026880566187194,0.1092339116,0.10348940618719465,1794.0
kreis_03102,dep_hour_share_home_16,0.11528068759762805,0.1190348678,-0.37541802023719484,1794.0
kreis_03102,dep_hour_share_home_17,0.10370227792625056,0.08377673445,1.9925543476250556,1794.0
kreis_03102,dep_hour_share_home_18,0.07960526802833898,0.08003307081,-0.04278027816610186,1794.0
kreis_03102,dep_hour_share_home_19,0.05182152666217547,0.05596458716,-0.41430604978245356,1794.0
kreis_03102,dep_hour_share_home_20,0.04845312742913406,0.03341743577,1.5035691659134063,1794.0
kreis_03102,dep_hour_share_home_21,0.03395050303896238,0.03619514563,-0.22446425910376197,1794.0
kreis_03102,dep_hour_share_home_22,0.02568126799872667,0.02168557803,0.3995689968726672,1794.0
kreis_03102,dep_hour_share_home_23,0.01375491379118886,0.004497603958,0.925730983318886,1794.0
kreis_03102,dep_hour_share_home_4,2.9612300949814552e-05,0.000740800273,-0.07111879720501854,1794.0
kreis_03102,dep_hour_share_home_5,0.0009920120818187874,0.003578231944,-0.25862198621812127,1794.0
kreis_03102,dep_hour_share_home_6,0.002006233389349936,0.005518117656,-0.35118842666500644,1794.0
kreis_03102,dep_hour_share_home_7,0.01106759747999319,0.02080562375,-0.9738026270006809,1794.0
kreis_03102,dep_hour_share_home_8,0.020995121373418517,0.04005671538,-1.9061594006581486,1794.0
kreis_03102,dep_hour_share_home_9,0.030426639225934454,0.02873681964,0.16898195859344523,1794.0
kreis_03102,dep_hour_share_leisure_10,0.050149683228516394,0.05721627985,-0.706659662148361,1794.0
kreis_03102,dep_hour_share_leisure_11,0.033371237613422755,0.0392547623,-0.5883524686577247,1794.0
kreis_03102,dep_hour_share_leisure_12,0.04982478939917848,0.07502043453,-2.519564513082152,1794.0
kreis_03102,dep_hour_share_leisure_13,0.06251885544545265,0.04863800139,1.3880854055452647,1794.0
kreis_03102,dep_hour_share_leisure_14,0.08489011626557749,0.08592498985,-0.10348735844225021,1794.0
kreis_03102,dep_hour_share_leisure_15,0.10387319857974983,0.096035257,0.7837941579749832,1794.0
kreis_03102,dep_hour_share_leisure_16,0.13292798960339747,0.1114906753,2.1437314303397472,1794.0
kreis_03102,dep_hour_share_leisure_17,0.12719593418579286,0.1178850653,0.9310868885792869,1794.0
kreis_03102,dep_hour_share_leisure_18,0.09890696433129888,0.08600026419,1.2906700141298884,1794.0
kreis_03102,dep_hour_share_leisure_19,0.05263280035274187,0.09524265053,-4.260985017725813,1794.0
kreis_03102,dep_hour_share_leisure_20,0.02678053421828224,0.01372419589,1.305633832828224,1794.0
kreis_03102,dep_hour_share_leisure_21,0.014643429022301641,0.01882117763,-0.41777486076983605,1794.0
kreis_03102,dep_hour_share_leisure_22,0.010721496368151121,0.01131361043,-0.059211406184887794,1794.0
kreis_03102,dep_hour_share_leisure_23,0.001995776380218607,0.002251885305,-0.02561089247813931,1794.0
kreis_03102,dep_hour_share_leisure_4,0.0003016871272423476,0.002680584327,-0.23788971997576527,1794.0
kreis_03102,dep_hour_share_leisure_5,0.005151887865215474,0.002492599846,0.2659288019215474,1794.0
kreis_03102,dep_hour_share_leisure_6,0.018588568378547724,0.01326065175,0.5327916628547724,1794.0
kreis_03102,dep_hour_share_leisure_7,0.029379684852985543,0.02586163569,0.35180491629855437,1794.0
kreis_03102,dep_hour_share_leisure_8,0.043814253556427096,0.04689578518,-0.30815316235729073,1794.0
kreis_03102,dep_hour_share_leisure_9,0.04910538163421596,0.04998949377,-0.08841121357840362,1794.0
kreis_03102,dep_hour_share_other_10,0.08418450909740627,0.1490332128,-6.484870370259374,1794.0
kreis_03102,dep_hour_share_other_11,0.09052738155504601,0.06521807797,2.5309303585046017,1794.0
kreis_03102,dep_hour_share_other_12,0.06271403472201542,0.03565917878,2.705485594201542,1794.0
kreis_03102,dep_hour_share_other_13,0.06527500670021738,0.02538823107,3.9886775630217377,1794.0
kreis_03102,dep_hour_share_other_14,0.08469074774426015,0.07498158342,0.9709164324260153,1794.0
kreis_03102,dep_hour_share_other_15,0.08754950716178792,0.1195323042,-3.198279703821208,1794.0
kreis_03102,dep_hour_share_other_16,0.08933623179774278,0.0967057086,-0.7369476802257219,1794.0
kreis_03102,dep_hour_share_other_17,0.04898603376909562,0.09062683153,-4.164079776090437,1794.0
kreis_03102,dep_hour_share_other_18,0.04073732169977071,0.0180191687,2.2718152999770704,1794.0
kreis_03102,dep_hour_share_other_19,0.02605640094100831,0.001435302409,2.462109853200831,1794.0
kreis_03102,dep_hour_share_other_20,0.01253685119561657,0.0,1.253685119561657,1794.0
kreis_03102,dep_hour_share_other_21,0.006283314969774575,0.0,0.6283314969774575,1794.0
kreis_03102,dep_hour_share_other_22,0.004943271492808434,0.0,0.49432714928084337,1794.0
kreis_03102,dep_hour_share_other_23,0.005985527530448766,0.0,0.5985527530448765,1794.0
kreis_03102,dep_hour_share_other_4,0.0038712367112355203,0.0,0.387123671123552,1794.0
kreis_03102,dep_hour_share_other_5,0.0036925642476400345,0.003051138735,0.06414255126400344,1794.0
kreis_03102,dep_hour_share_other_6,0.019237068580447277,0.01267362443,0.6563444150447276,1794.0
kreis_03102,dep_hour_share_other_7,0.07155832166999196,0.04841632628,2.3141995389991963,1794.0
kreis_03102,dep_hour_share_other_8,0.09508352937673088,0.1178466867,-2.2763157323269114,1794.0
kreis_03102,dep_hour_share_other_9,0.09073583276257408,0.1389144219,-4.817858913742593,1794.0
kreis_03102,dep_hour_share_shop_10,0.12975736427817902,0.1415361828,-1.177881852182097,1794.0
kreis_03102,dep_hour_share_shop_11,0.10021910249127647,0.1278791152,-2.7660012708723536,1794.0
kreis_03102,dep_hour_share_shop_12,0.07668587194676621,0.06074797599,1.5937895956766208,1794.0
kreis_03102,dep_hour_share_shop_13,0.05574941166923639,0.05290030681,0.2849104859236389,1794.0
kreis_03102,dep_hour_share_shop_14,0.07912034407206038,0.05309710309,2.6023240982060383,1794.0
kreis_03102,dep_hour_share_shop_15,0.09287511157997241,0.09884998315,-0.5974871570027587,1794.0
kreis_03102,dep_hour_share_shop_16,0.08110849630771727,0.07077933091,1.0329165397717277,1794.0
kreis_03102,dep_hour_share_shop_17,0.07210094944412887,0.0802868732,-0.8185923755871127,1794.0
kreis_03102,dep_hour_share_shop_18,0.04714761015986367,0.03013849475,1.7009115409863669,1794.0
kreis_03102,dep_hour_share_shop_19,0.010914550028402175,0.02756928234,-1.6654732311597826,1794.0
kreis_03102,dep_hour_share_shop_20,0.004503773431794206,0.00764840668,-0.31446332482057937,1794.0
kreis_03102,dep_hour_share_shop_21,0.002475046660715735,0.01330831612,-1.0833269459284265,1794.0
kreis_03102,dep_hour_share_shop_22,0.0020693013065000406,0.0,0.20693013065000407,1794.0
kreis_03102,dep_hour_share_shop_23,0.0003651708187941248,0.0,0.03651708187941248,1794.0
kreis_03102,dep_hour_share_shop_4,0.0004057453542156942,0.0,0.04057453542156942,1794.0
kreis_03102,dep_hour_share_shop_5,0.0011766615272255133,0.0,0.11766615272255133,1794.0
kreis_03102,dep_hour_share_shop_6,0.009372717682382537,0.01139650326,-0.20237855776174626,1794.0
kreis_03102,dep_hour_share_shop_7,0.04053396088614785,0.03371704054,0.681692034614785,1794.0
kreis_03102,dep_hour_share_shop_8,0.08394871378722714,0.06660087224,1.734784154722714,1794.0
kreis_03102,dep_hour_share_shop_9,0.10731964619005112,0.1235442129,-1.6224566709948887,1794.0
kreis_03102,dep_hour_share_work_10,0.02758524119582721,0.01228181889,1.5303422305827208,1794.0
kreis_03102,dep_hour_share_work_11,0.026698406030479124,0.01691956326,0.9778842770479125,1794.0
kreis_03102,dep_hour_share_work_12,0.03157599943989358,0.03380337557,-0.22273761301064218,1794.0
kreis_03102,dep_hour_share_work_13,0.035916824196597356,0.05840194655,-2.2485122353402645,1794.0
kreis_03102,dep_hour_share_work_14,0.018460174099745617,0.03017141703,-1.1711242930254384,1794.0
kreis_03102,dep_hour_share_work_15,0.018506849634763938,0.02302332758,-0.4516477945236061,1794.0
kreis_03102,dep_hour_share_work_16,0.012975798735093,0.004292362918,0.8683435817093,1794.0
kreis_03102,dep_hour_share_work_17,0.007281383462857943,0.00800506722,-0.07236837571420575,1794.0
kreis_03102,dep_hour_share_work_18,0.0024504655884618077,0.003809781501,-0.13593159125381923,1794.0
kreis_03102,dep_hour_share_work_19,0.004107447081612173,0.003189842786,0.0917604295612173,1794.0
kreis_03102,dep_hour_share_work_20,0.011482181614506756,0.008183139739,0.32990418755067547,1794.0
kreis_03102,dep_hour_share_work_21,0.0045508646642862145,0.004693160007,-0.014229534271378505,1794.0
kreis_03102,dep_hour_share_work_22,0.0013535905155312843,0.0,0.13535905155312844,1794.0
kreis_03102,dep_hour_share_work_23,0.0005834441877290019,0.0,0.05834441877290018,1794.0
kreis_03102,dep_hour_share_work_4,0.03626689070923476,0.02932437751,0.6942513199234758,1794.0
kreis_03102,dep_hour_share_work_5,0.1238068566360942,0.1539003873,-3.00935306639058,1794.0
kreis_03102,dep_hour_share_work_6,0.2165511447174963,0.2068248526,0.9726292117496316,1794.0
kreis_03102,dep_hour_share_work_7,0.23624822049522742,0.2462323274,-0.9984106904772583,1794.0
kreis_03102,dep_hour_share_work_8,0.11510186935517748,0.1193508457,-0.42489763448225193,1794.0
kreis_03102,dep_hour_share_work_9,0.04774907232374151,0.03168121451,1.606785781374151,1794.0
kreis_03102,mean_work_activity_h,6.050107910293704,7.072122757,-1.0220148467062957,1794.0
kreis_03102,mobility_rate,0.8802321558980667,0.8518945471,2.8337608798066682,1794.0
kreis_03102,n_persons_unweighted,104068.0,1794.0,102274.0,1794.0
kreis_03102,n_persons_weighted,104068.0,104215.0,-147.0,1794.0
kreis_03102,n_work_activities_measured,42628.0,574.0,42054.0,1794.0
kreis_03102,nonhome_acts_per_mobile,2.009333653552247,2.028576664,-0.019243010447753228,1794.0
kreis_03102,participation_education,0.19028904178037437,0.1930437614,-0.2754719619625645,1794.0
kreis_03102,participation_escort,0.09887765691663143,0.1004531557,-0.1575498783368573,1794.0
kreis_03102,participation_home,0.8802321558980667,0.8392071382,4.102501769806666,1794.0
kreis_03102,participation_leisure,0.3362128608217704,0.3421771265,-0.5964265678229608,1794.0
kreis_03102,participation_other,0.23645116654495138,0.1616519367,7.479922984495138,1794.0
kreis_03102,participation_shop,0.20169504554714227,0.261744458,-6.004941245285774,1794.0
kreis_03102,participation_work,0.34319867778760044,0.3302091275,1.298955028760046,1794.0
kreis_03102,purpose_share_education,0.07508883193061396,0.06829222748,0.6796604450613961,1794.0
kreis_03102,purpose_share_escort,0.04992135162404196,0.05432030239,-0.43989507659580385,1794.0
kreis_03102,purpose_share_home,0.42325673211297793,0.4340319776,-1.0775245487022078,1794.0
kreis_03102,purpose_share_leisure,0.1350214011317846,0.1552222015,-2.0200800368215392,1794.0
kreis_03102,purpose_share_other,0.10522275350784291,0.06476168425,4.04610692578429,1794.0
kreis_03102,purpose_share_shop,0.07722581170764112,0.1045181978,-2.7292386092358885,1794.0
kreis_03102,purpose_share_work,0.13426311798509755,0.118853409,1.5409708985097552,1794.0
kreis_03102,share_mobile_first_from_home,1.0,0.9772171382,2.27828618,1794.0
kreis_03102,share_mobile_last_to_home,1.0,0.971298838,2.8701161999999947,1794.0
kreis_03102,share_mobile_odd_trip_count,0.2595738177372167,0.2177658142,4.180800353721673,1794.0
kreis_03102,share_trips_0,0.11976784410193335,0.1481054529,-2.8337608798066642,1794.0
kreis_03102,share_trips_1,0.0006630280201406773,0.005918851816,-0.5255823795859322,1794.0
kreis_03102,share_trips_2,0.3702290809855095,0.3510270143,1.92020666855095,1794.0
kreis_03102,share_trips_3,0.12592727831802283,0.1006662674,2.5261010918022837,1794.0
kreis_03102,share_trips_4,0.1986777876004151,0.2131422171,-1.4464429499584903,1794.0
kreis_03102,share_trips_5,0.06956989660606526,0.04508730437,2.4482592236065264,1794.0
kreis_03102,share_trips_6,0.057798746973132954,0.07288561167,-1.5086864696867048,1794.0
kreis_03102,share_trips_7,0.026722911942191643,0.02427825241,0.2444659532191643,1794.0
kreis_03102,share_trips_8plus,0.03064342545258869,0.03888902797,-0.8245602517411306,1794.0
kreis_03102,share_trips_followed_by_same_purpose,0.09652129772953733,0.03392662003,6.2594677699537336,1794.0
kreis_03102,share_trips_home_based,0.8213585175251142,0.869356787,-4.799826947488572,1794.0
kreis_03102,share_trips_unknown_purpose,0.0,0.0004134294961,-0.04134294961,1794.0
kreis_03102,share_work_activities_lt_2h,0.17713709299052266,0.06516546791,11.197162508052266,1794.0
kreis_03102,tours_per_mobile,1.474597179162482,1.554547509,-0.07995032983751815,1794.0
kreis_03102,trips_per_mobile_person,3.4839308327147287,3.583124174,-0.09919334128527124,1794.0
kreis_03102,trips_per_person,3.0666679478802323,3.052443945,0.014224002880232511,1794.0
kreis_03102,trips_per_person_education,0.23027251412537955,0.2083720135,0.021900500625379543,1794.0
kreis_03102,trips_per_person_escort,0.15309220894030826,0.1657411275,-0.012648918559691746,1794.0
kreis_03102,trips_per_person_home,1.297987854095399,1.324310546,-0.026322691904600903,1794.0
kreis_03102,trips_per_person_leisure,0.41406580312872354,0.4736111832,-0.059545380071276466,1794.0
kreis_03102,trips_per_person_other,0.3226832455702041,0.1975996837,0.1250835618702041,1794.0
kreis_03102,trips_per_person_shop,0.23682592151285697,0.3189040412,-0.08207811968714301,1794.0
kreis_03102,trips_per_person_work,0.41174040050736055,0.3626433793,0.049097021207360536,1794.0
kreis_03103,dep_hour_share_all_10,0.0465962493186606,,,
kreis_03103,dep_hour_share_all_11,0.05090280539964546,,,
kreis_03103,dep_hour_share_all_12,0.063726717834642,,,
kreis_03103,dep_hour_share_all_13,0.06843593936447606,,,
kreis_03103,dep_hour_share_all_14,0.07452748191688396,,,
kreis_03103,dep_hour_share_all_15,0.0853847173730499,,,
kreis_03103,dep_hour_share_all_16,0.08571863506233948,,,
kreis_03103,dep_hour_share_all_17,0.08196451633495873,,,
kreis_03103,dep_hour_share_all_18,0.06323811768634326,,,
kreis_03103,dep_hour_share_all_19,0.03667447444793094,,,
kreis_03103,dep_hour_share_all_20,0.029259537524000335,,,
kreis_03103,dep_hour_share_all_21,0.019033308289506636,,,
kreis_03103,dep_hour_share_all_22,0.014198867626188967,,,
kreis_03103,dep_hour_share_all_23,0.0062093958545100985,,,
kreis_03103,dep_hour_share_all_4,0.004738684855359624,,,
kreis_03103,dep_hour_share_all_5,0.01570640778224638,,,
kreis_03103,dep_hour_share_all_6,0.046608525704296244,,,
kreis_03103,dep_hour_share_all_7,0.0890749988951253,,,
kreis_03103,dep_hour_share_all_8,0.056856852432934105,,,
kreis_03103,dep_hour_share_all_9,0.05002872674238741,,,
kreis_03103,dep_hour_share_education_10,0.02281675921251893,,,
kreis_03103,dep_hour_share_education_11,0.025677267373380448,,,
kreis_03103,dep_hour_share_education_12,0.026283022042739357,,,
kreis_03103,dep_hour_share_education_13,0.0370183409052667,,,
kreis_03103,dep_hour_share_education_14,0.02160524987380111,,,
kreis_03103,dep_hour_share_education_15,0.03109540636042403,,,
kreis_03103,dep_hour_share_education_16,0.018812047787312804,,,
kreis_03103,dep_hour_share_education_17,0.008379606259464916,,,
kreis_03103,dep_hour_share_education_18,0.007269056032306916,,,
kreis_03103,dep_hour_share_education_19,0.006764260474507825,,,
kreis_03103,dep_hour_share_education_20,0.000370183409052667,,,
kreis_03103,dep_hour_share_education_21,0.00016826518593303046,,,
kreis_03103,dep_hour_share_education_22,3.3653037186606094e-05,,,
kreis_03103,dep_hour_share_education_23,3.3653037186606094e-05,,,
kreis_03103,dep_hour_share_education_4,0.0006057546693589097,,,
kreis_03103,dep_hour_share_education_5,0.0030960794211677602,,,
kreis_03103,dep_hour_share_education_6,0.1673902069661787,,,
kreis_03103,dep_hour_share_education_7,0.44048460373548715,,,
kreis_03103,dep_hour_share_education_8,0.13027090694935217,,,
kreis_03103,dep_hour_share_education_9,0.05054686185428235,,,
kreis_03103,dep_hour_share_escort_10,0.019166538204614357,,,
kreis_03103,dep_hour_share_escort_11,0.03807615230460922,,,
kreis_03103,dep_hour_share_escort_12,0.07918400904372848,,,
kreis_03103,dep_hour_share_escort_13,0.07101382251682853,,,
kreis_03103,dep_hour_share_escort_14,0.13205898977442063,,,
kreis_03103,dep_hour_share_escort_15,0.12162787112686912,,,
kreis_03103,dep_hour_share_escort_16,0.07229844303992601,,,
kreis_03103,dep_hour_share_escort_17,0.04974050665433431,,,
kreis_03103,dep_hour_share_escort_18,0.03807615230460922,,,
kreis_03103,dep_hour_share_escort_19,0.01572375520271312,,,
kreis_03103,dep_hour_share_escort_20,0.01120189096141,,,
kreis_03103,dep_hour_share_escort_21,0.007348029392117568,,,
kreis_03103,dep_hour_share_escort_22,0.003802476748368532,,,
kreis_03103,dep_hour_share_escort_23,0.001901238374184266,,,
kreis_03103,dep_hour_share_escort_4,0.0010276964184779817,,,
kreis_03103,dep_hour_share_escort_5,0.0024150865834232566,,,
kreis_03103,dep_hour_share_escort_6,0.042289707620368946,,,
kreis_03103,dep_hour_share_escort_7,0.16484250552386825,,,
kreis_03103,dep_hour_share_escort_8,0.09624376959046298,,,
kreis_03103,dep_hour_share_escort_9,0.02512717743178665,,,
kreis_03103,dep_hour_share_home_10,0.03280416426224489,,,
kreis_03103,dep_hour_share_home_11,0.05341349381131275,,,
kreis_03103,dep_hour_share_home_12,0.07572456514314652,,,
kreis_03103,dep_hour_share_home_13,0.08775452521993099,,,
kreis_03103,dep_hour_share_home_14,0.08767797628160588,,,
kreis_03103,dep_hour_share_home_15,0.09900721915372204,,,
kreis_03103,dep_hour_share_home_16,0.10161577143664692,,,
kreis_03103,dep_hour_share_home_17,0.10796933331763099,,,
kreis_03103,dep_hour_share_home_18,0.08710680343410314,,,
kreis_03103,dep_hour_share_home_19,0.05474426766219542,,,
kreis_03103,dep_hour_share_home_20,0.05481492822064937,,,
kreis_03103,dep_hour_share_home_21,0.038298022682039266,,,
kreis_03103,dep_hour_share_home_22,0.028717628631658287,,,
kreis_03103,dep_hour_share_home_23,0.012901440297716487,,,
kreis_03103,dep_hour_share_home_4,7.066055845394698e-05,,,
kreis_03103,dep_hour_share_home_5,0.0008302615618338771,,,
kreis_03103,dep_hour_share_home_6,0.0026497709420230118,,,
kreis_03103,dep_hour_share_home_7,0.009492068352313544,,,
kreis_03103,dep_hour_share_home_8,0.019578863071614477,,,
kreis_03103,dep_hour_share_home_9,0.027504622378198864,,,
kreis_03103,dep_hour_share_leisure_10,0.050493220283065555,,,
kreis_03103,dep_hour_share_leisure_11,0.03393157599551318,,,
kreis_03103,dep_hour_share_leisure_12,0.05146646431988387,,,
kreis_03103,dep_hour_share_leisure_13,0.055936788624591734,,,
kreis_03103,dep_hour_share_leisure_14,0.08541453597703803,,,
kreis_03103,dep_hour_share_leisure_15,0.11363861304476923,,,
kreis_03103,dep_hour_share_leisure_16,0.13031572696380853,,,
kreis_03103,dep_hour_share_leisure_17,0.1333344330441094,,,
kreis_03103,dep_hour_share_leisure_18,0.0973079080201907,,,
kreis_03103,dep_hour_share_leisure_19,0.057404902510639705,,,
kreis_03103,dep_hour_share_leisure_20,0.026607502226914322,,,
kreis_03103,dep_hour_share_leisure_21,0.009699449044901191,,,
kreis_03103,dep_hour_share_leisure_22,0.00875919633136485,,,
kreis_03103,dep_hour_share_leisure_23,0.0015835835175348884,,,
kreis_03103,dep_hour_share_leisure_4,0.0007423047738444789,,,
kreis_03103,dep_hour_share_leisure_5,0.0037445151925043713,,,
kreis_03103,dep_hour_share_leisure_6,0.01585233083698987,,,
kreis_03103,dep_hour_share_leisure_7,0.029890138893471016,,,
kreis_03103,dep_hour_share_leisure_8,0.039243179043911454,,,
kreis_03103,dep_hour_share_leisure_9,0.05136749035003794,,,
kreis_03103,dep_hour_share_other_10,0.0896417498359246,,,
kreis_03103,dep_hour_share_other_11,0.08160771267567384,,,
kreis_03103,dep_hour_share_other_12,0.07221581007988775,,,
kreis_03103,dep_hour_share_other_13,0.0762667752959015,,,
kreis_03103,dep_hour_share_other_14,0.08323715119831625,,,
kreis_03103,dep_hour_share_other_15,0.08493448299273541,,,
kreis_03103,dep_hour_share_other_16,0.08728811641433,,,
kreis_03103,dep_hour_share_other_17,0.06300495620883971,,,
kreis_03103,dep_hour_share_other_18,0.04600900717405572,,,
kreis_03103,dep_hour_share_other_19,0.022766877135809174,,,
kreis_03103,dep_hour_share_other_20,0.008961911874533234,,,
kreis_03103,dep_hour_share_other_21,0.006200918822278046,,,
kreis_03103,dep_hour_share_other_22,0.003937809763052482,,,
kreis_03103,dep_hour_share_other_23,0.003236245954692557,,,
kreis_03103,dep_hour_share_other_4,0.002059429243895263,,,
kreis_03103,dep_hour_share_other_5,0.0029420417769932335,,,
kreis_03103,dep_hour_share_other_6,0.01873854301038767,,,
kreis_03103,dep_hour_share_other_7,0.06590173580464842,,,
kreis_03103,dep_hour_share_other_8,0.07864303980808836,,,
kreis_03103,dep_hour_share_other_9,0.09597845520175617,,,
kreis_03103,dep_hour_share_shop_10,0.11630233310777016,,,
kreis_03103,dep_hour_share_shop_11,0.09920856747771338,,,
kreis_03103,dep_hour_share_shop_12,0.08796963723557621,,,
kreis_03103,dep_hour_share_shop_13,0.05595928094383477,,,
kreis_03103,dep_hour_share_shop_14,0.07052281620524287,,,
kreis_03103,dep_hour_share_shop_15,0.0879990585189326,,,
kreis_03103,dep_hour_share_shop_16,0.09767866074318161,,,
kreis_03103,dep_hour_share_shop_17,0.07511253640883815,,,
kreis_03103,dep_hour_share_shop_18,0.054282267792521106,,,
kreis_03103,dep_hour_share_shop_19,0.011591985642413722,,,
kreis_03103,dep_hour_share_shop_20,0.004324928653387861,,,
kreis_03103,dep_hour_share_shop_21,0.0022948601017976403,,,
kreis_03103,dep_hour_share_shop_22,0.0023537026685104003,,,
kreis_03103,dep_hour_share_shop_23,0.0005295831004148401,,,
kreis_03103,dep_hour_share_shop_4,0.00020594898349466005,,,
kreis_03103,dep_hour_share_shop_5,0.0011180087675424402,,,
kreis_03103,dep_hour_share_shop_6,0.008473329606637442,,,
kreis_03103,dep_hour_share_shop_7,0.03356968430962959,,,
kreis_03103,dep_hour_share_shop_8,0.06852216893700903,,,
kreis_03103,dep_hour_share_shop_9,0.11971520197711025,,,
kreis_03103,dep_hour_share_work_10,0.027906882754718507,,,
kreis_03103,dep_hour_share_work_11,0.022673079254738715,,,
kreis_03103,dep_hour_share_work_12,0.029745786687143838,,,
kreis_03103,dep_hour_share_work_13,0.03687911732611244,,,
kreis_03103,dep_hour_share_work_14,0.02018752778563634,,,
kreis_03103,dep_hour_share_work_15,0.020975629470961484,,,
kreis_03103,dep_hour_share_work_16,0.01236713413894839,,,
kreis_03103,dep_hour_share_work_17,0.008285171563674575,,,
kreis_03103,dep_hour_share_work_18,0.004627571434345067,,,
kreis_03103,dep_hour_share_work_19,0.005112557086852847,,,
kreis_03103,dep_hour_share_work_20,0.004506325021218122,,,
kreis_03103,dep_hour_share_work_21,0.0032332376833852,,,
kreis_03103,dep_hour_share_work_22,0.0009295558339732449,,,
kreis_03103,dep_hour_share_work_23,0.0008689326274097725,,,
kreis_03103,dep_hour_share_work_4,0.035100836600250575,,,
kreis_03103,dep_hour_share_work_5,0.11562866265206322,,,
kreis_03103,dep_hour_share_work_6,0.2153942529200178,,,
kreis_03103,dep_hour_share_work_7,0.2526977326920745,,,
kreis_03103,dep_hour_share_work_8,0.11932667825243504,,,
kreis_03103,dep_hour_share_work_9,0.04627571434345067,,,
kreis_03103,mean_work_activity_h,5.805423977200589,,,
kreis_03103,mobility_rate,0.8753623415490199,,,
kreis_03103,n_persons_unweighted,127642.0,,,
kreis_03103,n_persons_weighted,127642.0,,,
kreis_03103,n_work_activities_measured,49358.0,,,
kreis_03103,nonhome_acts_per_mobile,2.1252450037142117,,,
kreis_03103,participation_education,0.1844220554362984,,,
kreis_03103,participation_escort,0.09839237868413218,,,
kreis_03103,participation_home,0.8753623415490199,,,
kreis_03103,participation_leisure,0.37840209335485187,,,
kreis_03103,participation_other,0.25446169756036413,,,
kreis_03103,participation_shop,0.2259209351154009,,,
kreis_03103,participation_work,0.3182259757759985,,,
kreis_03103,purpose_share_education,0.07295855983264832,,,
kreis_03103,purpose_share_escort,0.04778214817106407,,,
kreis_03103,purpose_share_home,0.41696989339186713,,,
kreis_03103,purpose_share_leisure,0.1488438100008348,,,
kreis_03103,purpose_share_other,0.10849133041646411,,,
kreis_03103,purpose_share_shop,0.0834524142739991,,,
kreis_03103,purpose_share_work,0.12150184391312248,,,
kreis_03103,share_mobile_first_from_home,1.0,,,
kreis_03103,share_mobile_last_to_home,1.0,,,
kreis_03103,share_mobile_odd_trip_count,0.2994460007338924,,,
kreis_03103,share_trips_0,0.12463765845098009,,,
kreis_03103,share_trips_1,0.0005014023597248554,,,
kreis_03103,share_trips_2,0.33315836480155436,,,
kreis_03103,share_trips_3,0.13159461619216245,,,
kreis_03103,share_trips_4,0.18605944751727488,,,
kreis_03103,share_trips_5,0.09051096034220711,,,
kreis_03103,share_trips_6,0.06671001707901787,,,
kreis_03103,share_trips_7,0.028987323921593207,,,
kreis_03103,share_trips_8plus,0.03784020933548519,,,
kreis_03103,share_trips_followed_by_same_purpose,0.09760954218902687,,,
kreis_03103,share_trips_home_based,0.8113708794311614,,,
kreis_03103,share_trips_unknown_purpose,0.0,,,
kreis_03103,share_work_activities_lt_2h,0.1936058997528263,,,
kreis_03103,tours_per_mobile,1.5199269687558734,,,
kreis_03103,trips_per_mobile_person,3.645171972470085,,,
kreis_03103,trips_per_person,3.190846273170273,,,
kreis_03103,trips_per_person_education,0.23279954873787626,,,
kreis_03103,trips_per_person_escort,0.15246548941570956,,,
kreis_03103,trips_per_person_home,1.3304868303536455,,,
kreis_03103,trips_per_person_leisure,0.47493771642562793,,,
kreis_03103,trips_per_person_other,0.3461791573306592,,,
kreis_03103,trips_per_person_shop,0.26628382507325177,,,
kreis_03103,trips_per_person_work,0.3876937058335031,,,
kreis_03151,dep_hour_share_all_10,0.040824579250966074,0.05327547111,-1.2450891859033926,3574.0
kreis_03151,dep_hour_share_all_11,0.045272795521681654,0.05378061782,-0.8507822298318347,3574.0
kreis_03151,dep_hour_share_all_12,0.05892027846232798,0.06318425229,-0.4263973827672025,3574.0
kreis_03151,dep_hour_share_all_13,0.06618467079028827,0.06681356015,-0.06288893597117401,3574.0
kreis_03151,dep_hour_share_all_14,0.07335476746147025,0.07630277758,-0.29480101185297425,3574.0
kreis_03151,dep_hour_share_all_15,0.0887430932964855,0.08661967614,0.21234171564854937,3574.0
kreis_03151,dep_hour_share_all_16,0.09066708737036613,0.09032553549,0.03415518803661366,3574.0
kreis_03151,dep_hour_share_all_17,0.07622897161519393,0.08789306024,-1.166408862480607,3574.0
kreis_03151,dep_hour_share_all_18,0.06283717497465804,0.06343424151,-0.05970665353419585,3574.0
kreis_03151,dep_hour_share_all_19,0.04160251841938719,0.03569009255,0.5912425869387193,3574.0
kreis_03151,dep_hour_share_all_20,0.027586919741702437,0.0220156406,0.5571279141702437,3574.0
kreis_03151,dep_hour_share_all_21,0.017620594171440383,0.01401562092,0.3604973251440383,3574.0
kreis_03151,dep_hour_share_all_22,0.01429123213595983,0.009160260505,0.513097163095983,3574.0
kreis_03151,dep_hour_share_all_23,0.007520078628070729,0.001397038088,0.6123040540070729,3574.0
kreis_03151,dep_hour_share_all_4,0.004328533321727714,0.002267490539,0.20610427827277136,3574.0
kreis_03151,dep_hour_share_all_5,0.01692244363567785,0.009547669686,0.737477394967785,3574.0
kreis_03151,dep_hour_share_all_6,0.051467294820811055,0.03465618137,1.6811113450811057,3574.0
kreis_03151,dep_hour_share_all_7,0.09950005168127343,0.107848736,-0.8348684318726568,3574.0
kreis_03151,dep_hour_share_all_8,0.0571885024580339,0.07190555352,-1.47170510619661,3574.0
kreis_03151,dep_hour_share_all_9,0.04685043439470349,0.04831656661,-0.14661322152965117,3574.0
kreis_03151,dep_hour_share_education_10,0.015921720222275913,0.01203153858,0.3890181642275913,3574.0
kreis_03151,dep_hour_share_education_11,0.02604493839091568,0.009096817215,1.6948121175915678,3574.0
kreis_03151,dep_hour_share_education_12,0.02672143029717323,0.01586000299,1.086142730717323,3574.0
kreis_03151,dep_hour_share_education_13,0.028122734960135298,0.01389920682,1.4223528140135298,3574.0
kreis_03151,dep_hour_share_education_14,0.023580575018120317,0.01103366649,1.2546908528120317,3574.0
kreis_03151,dep_hour_share_education_15,0.032906499154385115,0.03138602005,0.15204791043851168,3574.0
kreis_03151,dep_hour_share_education_16,0.016066682773616815,0.00656040349,0.9506279283616815,3574.0
kreis_03151,dep_hour_share_education_17,0.007852138197632278,0.01918744175,-1.1335303552367721,3574.0
kreis_03151,dep_hour_share_education_18,0.003261657405170331,0.01088533825,-0.7623680844829669,3574.0
kreis_03151,dep_hour_share_education_19,0.00724812756704518,0.0,0.724812756704518,3574.0
kreis_03151,dep_hour_share_education_20,0.0005798502053636144,0.0,0.05798502053636144,3574.0
kreis_03151,dep_hour_share_education_21,0.0003140855279052911,0.0,0.031408552790529114,3574.0
kreis_03151,dep_hour_share_education_22,0.0001449625513409036,0.0,0.01449625513409036,3574.0
kreis_03151,dep_hour_share_education_23,7.24812756704518e-05,0.0,0.00724812756704518,3574.0
kreis_03151,dep_hour_share_education_4,0.0007006523314810341,0.0,0.07006523314810341,3574.0
kreis_03151,dep_hour_share_education_5,0.004083111862768785,0.001631845133,0.2451266729768785,3574.0
kreis_03151,dep_hour_share_education_6,0.17221551099299348,0.09518298409,7.7032526902993474,3574.0
kreis_03151,dep_hour_share_education_7,0.4883788354675042,0.5934328793,-10.505404383249578,3574.0
kreis_03151,dep_hour_share_education_8,0.11510026576467745,0.1648780037,-4.977773793532254,3574.0
kreis_03151,dep_hour_share_education_9,0.02892002899251027,0.01493385218,1.398617681251027,3574.0
kreis_03151,dep_hour_share_escort_10,0.011452176249328318,0.006751716853,0.4700459396328318,3574.0
kreis_03151,dep_hour_share_escort_11,0.02878156904889844,0.06136858157,-3.2587012521101557,3574.0
kreis_03151,dep_hour_share_escort_12,0.059779688339602365,0.04996301876,0.9816669579602366,3574.0
kreis_03151,dep_hour_share_escort_13,0.07475819451907577,0.1096775581,-3.491936358092423,3574.0
kreis_03151,dep_hour_share_escort_14,0.12620902740462117,0.09279235286,3.3416674544621174,3574.0
kreis_03151,dep_hour_share_escort_15,0.11337990327780763,0.1053799514,0.7999951877807623,3574.0
kreis_03151,dep_hour_share_escort_16,0.08013164965072542,0.06455789437,1.5573755280725423,3574.0
kreis_03151,dep_hour_share_escort_17,0.06397770016120366,0.02937674321,3.460095695120366,3574.0
kreis_03151,dep_hour_share_escort_18,0.0524247716281569,0.02991605405,2.2508717578156903,3574.0
kreis_03151,dep_hour_share_escort_19,0.02653143471252015,0.02766531207,-0.11338773574798497,3574.0
kreis_03151,dep_hour_share_escort_20,0.005574959699086513,0.009548458349,-0.3973498649913487,3574.0
kreis_03151,dep_hour_share_escort_21,0.007757925846319183,0.004706234511,0.30516913353191827,3574.0
kreis_03151,dep_hour_share_escort_22,0.0017799570123589467,0.005124866326,-0.33449093136410535,3574.0
kreis_03151,dep_hour_share_escort_23,0.0018807092960773778,0.0,0.18807092960773777,3574.0
kreis_03151,dep_hour_share_escort_4,0.0005037614185921548,0.0,0.050376141859215476,3574.0
kreis_03151,dep_hour_share_escort_5,0.0016456206340677054,0.0005417023648,0.11039182692677055,3574.0
kreis_03151,dep_hour_share_escort_6,0.04758866200967222,0.01546537353,3.212328847967222,3574.0
kreis_03151,dep_hour_share_escort_7,0.19263836646963997,0.2216046364,-2.8966269930360027,3574.0
kreis_03151,dep_hour_share_escort_8,0.07512761955937668,0.1450352227,-6.990760314062332,3574.0
kreis_03151,dep_hour_share_escort_9,0.02122514777001612,0.0198520364,0.13731113700161218,3574.0
kreis_03151,dep_hour_share_home_10,0.02990770938866144,0.04084502196,-1.0937312571338558,3574.0
kreis_03151,dep_hour_share_home_11,0.04352144195406287,0.06061309749,-1.7091655535937125,3574.0
kreis_03151,dep_hour_share_home_12,0.07415776143223926,0.06997066698,0.4187094452239262,3574.0
kreis_03151,dep_hour_share_home_13,0.082879397682326,0.0853597357,-0.24803380176739998,3574.0
kreis_03151,dep_hour_share_home_14,0.088799354659635,0.0949945457,-0.6195191040365006,3574.0
kreis_03151,dep_hour_share_home_15,0.11047550482270488,0.0966377123,1.3837792522704881,3574.0
kreis_03151,dep_hour_share_home_16,0.11140795225869128,0.09912547335,1.2282478908691274,3574.0
kreis_03151,dep_hour_share_home_17,0.1003877246547776,0.117556205,-1.7168480345222392,3574.0
kreis_03151,dep_hour_share_home_18,0.09074665186316008,0.08895521924,0.17914326231600886,3574.0
kreis_03151,dep_hour_share_home_19,0.059958538616334746,0.05168985603,0.8268682586334744,3574.0
kreis_03151,dep_hour_share_home_20,0.05075549927138991,0.04145329759,0.9302201681389912,3574.0
kreis_03151,dep_hour_share_home_21,0.03186801748664215,0.02711545077,0.4752566716642148,3574.0
kreis_03151,dep_hour_share_home_22,0.028250988827978628,0.01784287486,1.0408113967978627,3574.0
kreis_03151,dep_hour_share_home_23,0.015786551939490665,0.003038706035,1.2747845904490664,3574.0
kreis_03151,dep_hour_share_home_4,5.6380542641038094e-05,0.0003981406923,-0.034176014965896194,3574.0
kreis_03151,dep_hour_share_home_5,0.0005247727430435084,0.001682486915,-0.11577141719564916,3574.0
kreis_03151,dep_hour_share_home_6,0.0018605579071542572,0.006112698831,-0.42521409238457425,3574.0
kreis_03151,dep_hour_share_home_7,0.010582194157240996,0.02255023855,-1.1968044392759005,3574.0
kreis_03151,dep_hour_share_home_8,0.01913468877940462,0.03620096444,-1.7066275660595376,3574.0
kreis_03151,dep_hour_share_home_9,0.029482686836444384,0.03585285143,-0.6370164593555615,3574.0
kreis_03151,dep_hour_share_leisure_10,0.04135975250441956,0.05570669057,-1.4346938065580441,3574.0
kreis_03151,dep_hour_share_leisure_11,0.03443576900412493,0.03804554098,-0.3609771975875073,3574.0
kreis_03151,dep_hour_share_leisure_12,0.039984777057552545,0.04699122706,-0.7006450002447456,3574.0
kreis_03151,dep_hour_share_leisure_13,0.05437291298369672,0.03195226994,2.2420643043696717,3574.0
kreis_03151,dep_hour_share_leisure_14,0.07453103516008643,0.08200482232,-0.7473787159913579,3574.0
kreis_03151,dep_hour_share_leisure_15,0.10906501669613043,0.1303417906,-2.1276773903869577,3574.0
kreis_03151,dep_hour_share_leisure_16,0.16043017088980555,0.1547659692,0.5664201689805554,3574.0
kreis_03151,dep_hour_share_leisure_17,0.12709929286977018,0.1219572218,0.5142071069770173,3574.0
kreis_03151,dep_hour_share_leisure_18,0.0945663916715773,0.1133825256,-1.8816133928422714,3574.0
kreis_03151,dep_hour_share_leisure_19,0.06439059123944216,0.05896213968,0.542845155944216,3574.0
kreis_03151,dep_hour_share_leisure_20,0.02156992732272638,0.01869717184,0.28727554827263807,3574.0
kreis_03151,dep_hour_share_leisure_21,0.014756432920840699,0.005146799563,0.9609633357840698,3574.0
kreis_03151,dep_hour_share_leisure_22,0.011810056963268513,0.003231748698,0.8578308265268514,3574.0
kreis_03151,dep_hour_share_leisure_23,0.0023079945000982127,0.0006512571564,0.16567373436982127,3574.0
kreis_03151,dep_hour_share_leisure_4,0.00017187193085837753,0.003016775514,-0.28449035831416225,3574.0
kreis_03151,dep_hour_share_leisure_5,0.0026640149283048515,0.003321333035,-0.06573181066951485,3574.0
kreis_03151,dep_hour_share_leisure_6,0.0184639560007857,0.008843545751,0.9620410249785702,3574.0
kreis_03151,dep_hour_share_leisure_7,0.026762914947947358,0.01727750194,0.948541300794736,3574.0
kreis_03151,dep_hour_share_leisure_8,0.04692103712433707,0.05617735909,-0.9256321965662929,3574.0
kreis_03151,dep_hour_share_leisure_9,0.05110734629738755,0.04850358488,0.2603761417387551,3574.0
kreis_03151,dep_hour_share_other_10,0.08602286250045076,0.1237126258,-3.7689763299549246,3574.0
kreis_03151,dep_hour_share_other_11,0.09231545923334895,0.0903879872,0.1927472033348948,3574.0
kreis_03151,dep_hour_share_other_12,0.06512567163102664,0.07820017067,-1.3074499038973355,3574.0
kreis_03151,dep_hour_share_other_13,0.08266921495798925,0.0630453521,1.9623862857989254,3574.0
kreis_03151,dep_hour_share_other_14,0.08003678194078828,0.08562378072,-0.5586998779211718,3574.0
kreis_03151,dep_hour_share_other_15,0.07969420504128953,0.1008998158,-2.1205610758710467,3574.0
kreis_03151,dep_hour_share_other_16,0.07352782085031193,0.09468582851,-2.1158007659688076,3574.0
kreis_03151,dep_hour_share_other_17,0.05544336662940392,0.03513973227,2.0303634359403917,3574.0
kreis_03151,dep_hour_share_other_18,0.04253362662724027,0.02164090522,2.0892721407240273,3574.0
kreis_03151,dep_hour_share_other_19,0.036186938804947534,0.01225358956,2.3933349244947535,3574.0
kreis_03151,dep_hour_share_other_20,0.01929248855071941,0.005215719467,1.4076769083719411,3574.0
kreis_03151,dep_hour_share_other_21,0.01148534131477408,0.003600892744,0.788444857077408,3574.0
kreis_03151,dep_hour_share_other_22,0.004760015866719556,0.01051023822,-0.5750222353280445,3574.0
kreis_03151,dep_hour_share_other_23,0.0033356171793299918,0.0,0.33356171793299916,3574.0
kreis_03151,dep_hour_share_other_4,0.0007753056146550791,0.0,0.07753056146550791,3574.0
kreis_03151,dep_hour_share_other_5,0.002956979553568209,0.0006855590116,0.22714205419682088,3574.0
kreis_03151,dep_hour_share_other_6,0.017489452237568065,0.01884942288,-0.1359970642431936,3574.0
kreis_03151,dep_hour_share_other_7,0.06640582741336411,0.03849861215,2.790721526336411,3574.0
kreis_03151,dep_hour_share_other_8,0.08003678194078828,0.109142914,-2.9106132059211713,3574.0
kreis_03151,dep_hour_share_other_9,0.08912408495907108,0.1079068537,-1.8782768740928921,3574.0
kreis_03151,dep_hour_share_shop_10,0.11085653859710962,0.1223811126,-1.1524574002890378,3574.0
kreis_03151,dep_hour_share_shop_11,0.08542726219849942,0.09411248034,-0.8685218141500584,3574.0
kreis_03151,dep_hour_share_shop_12,0.08494888967218893,0.1020627898,-1.7113900127811068,3574.0
kreis_03151,dep_hour_share_shop_13,0.059116773251422526,0.07210519603,-1.2988422778577473,3574.0
kreis_03151,dep_hour_share_shop_14,0.08134850697416789,0.07698168234,0.436682463416789,3574.0
kreis_03151,dep_hour_share_shop_15,0.10755828591570572,0.07081403551,3.6744250405705725,3574.0
kreis_03151,dep_hour_share_shop_16,0.08376554710710508,0.1143379935,-3.0572446392894914,3574.0
kreis_03151,dep_hour_share_shop_17,0.0656629236114608,0.1143724742,-4.870955058853921,3574.0
kreis_03151,dep_hour_share_shop_18,0.04194571730701445,0.02866793894,1.327777836701445,3574.0
kreis_03151,dep_hour_share_shop_19,0.015182033335011834,0.01471347049,0.04685628450118336,3574.0
kreis_03151,dep_hour_share_shop_20,0.0042549977340248755,0.002839077483,0.14159202510248756,3574.0
kreis_03151,dep_hour_share_shop_21,0.0010826325595447907,0.004475480917,-0.33928483574552093,3574.0
kreis_03151,dep_hour_share_shop_22,0.0006042600332343018,0.0005915770036,0.0012683029634301835,3574.0
kreis_03151,dep_hour_share_shop_23,0.0005287275290800141,0.0,0.052872752908001405,3574.0
kreis_03151,dep_hour_share_shop_4,2.5177501384762575e-05,0.0,0.0025177501384762574,3574.0
kreis_03151,dep_hour_share_shop_5,0.0007301475401581147,0.001394360309,-0.06642127688418852,3574.0
kreis_03151,dep_hour_share_shop_6,0.01455259580039277,0.005051757983,0.950083781739277,3574.0
kreis_03151,dep_hour_share_shop_7,0.04768618762274032,0.0227578817,2.492830592274032,3574.0
kreis_03151,dep_hour_share_shop_8,0.0806687144367793,0.06498539394,1.5683320496779298,3574.0
kreis_03151,dep_hour_share_shop_9,0.11231683367742586,0.08735529681,2.496153686742586,3574.0
kreis_03151,dep_hour_share_work_10,0.028380246035112685,0.04095154438,-1.2571298344887318,3574.0
kreis_03151,dep_hour_share_work_11,0.022961452674502936,0.01603574633,0.6925706344502937,3574.0
kreis_03151,dep_hour_share_work_12,0.03098017214247595,0.0507651394,-1.9784967257524049,3574.0
kreis_03151,dep_hour_share_work_13,0.03607055378426087,0.05127197728,-1.5201423495739128,3574.0
kreis_03151,dep_hour_share_work_14,0.02055310006978749,0.02269270829,-0.2139608220212509,3574.0
kreis_03151,dep_hour_share_work_15,0.0157500786819743,0.01672250101,-0.09724223280257009,3574.0
kreis_03151,dep_hour_share_work_16,0.010769167613130995,0.006487427178,0.42817404351309957,3574.0
kreis_03151,dep_hour_share_work_17,0.008538704689445668,0.008516547155,0.0022157534445668356,3574.0
kreis_03151,dep_hour_share_work_18,0.004159881771781223,0.003206143128,0.09537386437812227,3574.0
kreis_03151,dep_hour_share_work_19,0.0023536173182446395,0.001482325267,0.08712920512446394,3574.0
kreis_03151,dep_hour_share_work_20,0.004433558204135251,0.001322132511,0.3111425693135251,3574.0
kreis_03151,dep_hour_share_work_21,0.0033251686531014383,0.005578870895,-0.22537022418985617,3574.0
kreis_03151,dep_hour_share_work_22,0.0007936616538266807,0.0,0.07936616538266807,3574.0
kreis_03151,dep_hour_share_work_23,0.0007389263673558751,0.0,0.0738926367355875,3574.0
kreis_03151,dep_hour_share_work_4,0.031089642715417563,0.01329083293,1.7798809785417564,3574.0
kreis_03151,dep_hour_share_work_5,0.11744824094473104,0.06582489289,5.162334805473104,3574.0
kreis_03151,dep_hour_share_work_6,0.22381258637912396,0.1816646257,4.214796067912396,3574.0
kreis_03151,dep_hour_share_work_7,0.25620219214822315,0.3321687438,-7.596655165177685,3574.0
kreis_03151,dep_hour_share_work_8,0.11848821138767635,0.1202209262,-0.1732714812323649,3574.0
kreis_03151,dep_hour_share_work_9,0.04983647833166847,0.05773481954,-0.7898341208331536,3574.0
kreis_03151,mean_work_activity_h,6.014681604850344,6.28423715,-0.26955554514965563,3574.0
kreis_03151,mobility_rate,0.8773471373705152,0.8358940444,4.145309297051513,3574.0
kreis_03151,n_persons_unweighted,173669.0,3574.0,170095.0,3574.0
kreis_03151,n_persons_weighted,173669.0,107068.0,66601.0,3574.0
kreis_03151,n_work_activities_measured,73012.0,1236.0,71776.0,3574.0
kreis_03151,nonhome_acts_per_mobile,2.105960569148378,2.139120026,-0.03315945685162225,3574.0
kreis_03151,participation_education,0.19166345173865226,0.1826494134,0.9014038338652275,3574.0
kreis_03151,participation_escort,0.11289291698576027,0.1150801247,-0.21872077142397195,3574.0
kreis_03151,participation_home,0.8773471373705152,0.831216451,4.613068637051521,3574.0
kreis_03151,participation_leisure,0.3768893700084644,0.3821445253,-0.5255155291535585,3574.0
kreis_03151,participation_other,0.22949979558815908,0.1633809278,6.611886778815909,3574.0
kreis_03151,participation_shop,0.19709332120297807,0.2605779723,-6.348465109702195,3574.0
kreis_03151,participation_work,0.3491642146842557,0.3239381085,2.522610618425569,3574.0
kreis_03151,purpose_share_education,0.07505571603950988,0.06233506775,1.2720648289509875,3574.0
kreis_03151,purpose_share_escort,0.05399514377367592,0.05977979352,-0.5784649746324082,3574.0
kreis_03151,purpose_share_home,0.41812144917917443,0.4268124939,-0.8691044720825547,3574.0
kreis_03151,purpose_share_leisure,0.14771051958720263,0.1617405157,-1.4029996112797372,3574.0
kreis_03151,purpose_share_other,0.10057357146613426,0.06494569828,3.562787318613425,3574.0
kreis_03151,purpose_share_shop,0.07202374799848402,0.1036245534,-3.1600805401515983,3574.0
kreis_03151,purpose_share_work,0.13251985195581886,0.1207618773,1.1757974655818861,3574.0
kreis_03151,share_mobile_first_from_home,1.0,0.9778671254,2.213287460000002,3574.0
kreis_03151,share_mobile_last_to_home,1.0,0.9850407459,1.4959254099999986,3574.0
kreis_03151,share_mobile_odd_trip_count,0.2636445972907697,0.2196672558,4.397734149076974,3574.0
kreis_03151,share_trips_0,0.12265286262948483,0.1641059556,-4.145309297051517,3574.0
kreis_03151,share_trips_1,0.0006852115230697476,0.004752026205,-0.4066814681930252,3574.0
kreis_03151,share_trips_2,0.35411616350644043,0.3298549021,2.4261261406440413,3574.0
kreis_03151,share_trips_3,0.11460882483344753,0.07512812162,3.948070321344753,3574.0
kreis_03151,share_trips_4,0.19683996568184306,0.222638183,-2.579821731815693,3574.0
kreis_03151,share_trips_5,0.07950181091616812,0.05928519041,2.0216620506168117,3574.0
kreis_03151,share_trips_6,0.06387438172615723,0.06692578753,-0.3051405803842777,3574.0
kreis_03151,share_trips_7,0.027276025082196592,0.02800039044,-0.07243653578034095,3574.0
kreis_03151,share_trips_8plus,0.0404447541011925,0.04930944301,-0.8864688908807504,3574.0
kreis_03151,share_trips_followed_by_same_purpose,0.09026089069501339,0.04155748233,4.870340836501339,3574.0
kreis_03151,share_trips_home_based,0.814901252500195,0.8513942199,-3.649296739980501,3574.0
kreis_03151,share_trips_unknown_purpose,0.0,0.0003608672198,-0.03608672198,3574.0
kreis_03151,share_work_activities_lt_2h,0.17199912343176463,0.1076775839,6.432153953176463,3574.0
kreis_03151,tours_per_mobile,1.5132836291084741,1.591849944,-0.07856631489152588,3574.0
kreis_03151,trips_per_mobile_person,3.619244198256852,3.73096997,-0.1117257717431479,3574.0
kreis_03151,trips_per_person,3.1753335367854945,3.118695578,0.05663795878549438,3574.0
kreis_03151,trips_per_person_education,0.23832693226770466,0.1943339461,0.04399298616770467,3574.0
kreis_03151,trips_per_person_escort,0.1714525908481076,0.1863676994,-0.014915108551892403,3574.0
kreis_03151,trips_per_person_home,1.3276750600279843,1.330617888,-0.002942827972015616,3574.0
kreis_03151,trips_per_person_leisure,0.4690301665812551,0.5042374028,-0.03520723621874483,3574.0
kreis_03151,trips_per_person_other,0.31935463439070877,0.2024727699,0.11688186449070878,3574.0
kreis_03151,trips_per_person_shop,0.22869942246457342,0.3230568139,-0.0943573914354266,3574.0
kreis_03151,trips_per_person_work,0.4207947302051604,0.3764836232,0.04431110700516039,3574.0
kreis_03153,dep_hour_share_all_10,0.04846979846126075,0.05240737785,-0.3937579388739246,2258.0
kreis_03153,dep_hour_share_all_11,0.053731467071272805,0.06342503556,-0.969356848872719,2258.0
kreis_03153,dep_hour_share_all_12,0.06225454084196455,0.06509816517,-0.2843624328035449,2258.0
kreis_03153,dep_hour_share_all_13,0.06806506222770804,0.08363069951,-1.5565637282291962,2258.0
kreis_03153,dep_hour_share_all_14,0.07775414322862036,0.07815669826,-0.040255503137964777,2258.0
kreis_03153,dep_hour_share_all_15,0.08432574046337811,0.09058075282,-0.625501235662189,2258.0
kreis_03153,dep_hour_share_all_16,0.08851653632429637,0.08266902457,0.5847511754296375,2258.0
kreis_03153,dep_hour_share_all_17,0.07461470535143654,0.07316620234,0.1448503011436536,2258.0
kreis_03153,dep_hour_share_all_18,0.06171544544891278,0.05813579809,0.357964735891278,2258.0
kreis_03153,dep_hour_share_all_19,0.03654139813536417,0.03465676472,0.18846334153641703,2258.0
kreis_03153,dep_hour_share_all_20,0.026664487517868207,0.02049735222,0.6167135297868207,2258.0
kreis_03153,dep_hour_share_all_21,0.018941519126909397,0.01381516028,0.5126358846909396,2258.0
kreis_03153,dep_hour_share_all_22,0.013538368468042133,0.009684183882,0.3854184586042133,2258.0
kreis_03153,dep_hour_share_all_23,0.007066784405751001,0.001554154463,0.5512629942751002,2258.0
kreis_03153,dep_hour_share_all_4,0.0046640289208822626,0.002316186677,0.23478422438822627,2258.0
kreis_03153,dep_hour_share_all_5,0.01724861323198665,0.01754223423,-0.029362099801334696,2258.0
kreis_03153,dep_hour_share_all_6,0.048016080166656094,0.03561214906,1.2403931106656094,2258.0
kreis_03153,dep_hour_share_all_7,0.08580642328501803,0.1024405401,-1.6634116814981974,2258.0
kreis_03153,dep_hour_share_all_8,0.058715050274914256,0.0641592531,-0.5444202825085738,2258.0
kreis_03153,dep_hour_share_all_9,0.05205807594170939,0.0486711927,0.3386883241709396,2258.0
kreis_03153,dep_hour_share_education_10,0.019308089957142227,0.001404834904,1.7903255053142226,2258.0
kreis_03153,dep_hour_share_education_11,0.02465426589493218,0.01986929254,0.4784973354932179,2258.0
kreis_03153,dep_hour_share_education_12,0.01617107763000928,0.02122449286,-0.505341522999072,2258.0
kreis_03153,dep_hour_share_education_13,0.01992665576812619,0.02026308408,-0.03364283118738112,2258.0
kreis_03153,dep_hour_share_education_14,0.027791278222065126,0.005568766728,2.2222511494065125,2258.0
kreis_03153,dep_hour_share_education_15,0.04082534352494146,0.01293126717,2.789407635494146,2258.0
kreis_03153,dep_hour_share_education_16,0.015287412185746476,0.007478930673,0.7808481512746476,2258.0
kreis_03153,dep_hour_share_education_17,0.006539124287544736,0.009788265114,-0.3249140826455264,2258.0
kreis_03153,dep_hour_share_education_18,0.009852869703530243,0.002165938638,0.7686931065530243,2258.0
kreis_03153,dep_hour_share_education_19,0.007997172270578359,0.0,0.7997172270578359,2258.0
kreis_03153,dep_hour_share_education_20,0.0005301992665576813,0.0,0.05301992665576813,2258.0
kreis_03153,dep_hour_share_education_21,0.00022091636106570052,0.0,0.022091636106570053,2258.0
kreis_03153,dep_hour_share_education_22,0.00017673308885256042,0.0,0.01767330888525604,2258.0
kreis_03153,dep_hour_share_education_23,0.00013254981663942032,0.0,0.013254981663942032,2258.0
kreis_03153,dep_hour_share_education_4,0.00035346617770512083,0.0,0.03534661777051208,2258.0
kreis_03153,dep_hour_share_education_5,0.002474263243935846,0.009747126451,-0.7272863207064153,2258.0
kreis_03153,dep_hour_share_education_6,0.17293332744223036,0.05344687683,11.948645061223036,2258.0
kreis_03153,dep_hour_share_education_7,0.47377722794150134,0.6515028391,-17.77256111584986,2258.0
kreis_03153,dep_hour_share_education_8,0.12380152874121858,0.1431430873,-1.9341558558781418,2258.0
kreis_03153,dep_hour_share_education_9,0.03698139884239827,0.04146519763,-0.4483798787601731,2258.0
kreis_03153,dep_hour_share_escort_10,0.02172401807438304,0.02300717273,-0.12831546556169615,2258.0
kreis_03153,dep_hour_share_escort_11,0.04301355578727842,0.03402464192,0.8988913867278416,2258.0
kreis_03153,dep_hour_share_escort_12,0.0585245046923879,0.06737372291,-0.88492182176121,2258.0
kreis_03153,dep_hour_share_escort_13,0.0681265206812652,0.09148280048,-2.3356279798734794,2258.0
kreis_03153,dep_hour_share_escort_14,0.13968543621828294,0.1197980689,1.9887367318282945,2258.0
kreis_03153,dep_hour_share_escort_15,0.11335592631213069,0.1255578193,-1.220189298786932,2258.0
kreis_03153,dep_hour_share_escort_16,0.08789537712895377,0.06627425959,2.162111753895378,2258.0
kreis_03153,dep_hour_share_escort_17,0.057829336114007646,0.05926481512,-0.14354790059923558,2258.0
kreis_03153,dep_hour_share_escort_18,0.043795620437956206,0.03847381402,0.532180641795621,2258.0
kreis_03153,dep_hour_share_escort_19,0.020550921098366353,0.02083021503,-0.02792939316336486,2258.0
kreis_03153,dep_hour_share_escort_20,0.006169621133124783,0.005588668526,0.05809526071247828,2258.0
kreis_03153,dep_hour_share_escort_21,0.005039972193256865,0.009504298913,-0.4464326719743135,2258.0
kreis_03153,dep_hour_share_escort_22,0.0026068821689259644,0.007078376325,-0.4471494156074035,2258.0
kreis_03153,dep_hour_share_escort_23,0.0016075773375043448,0.0,0.16075773375043448,2258.0
kreis_03153,dep_hour_share_escort_4,0.0020420576989920057,0.003014229552,-0.09721718530079945,2258.0
kreis_03153,dep_hour_share_escort_5,0.002911018421967327,0.006069739354,-0.31587209320326726,2258.0
kreis_03153,dep_hour_share_escort_6,0.04779283976364268,0.01820250643,2.959033333364268,2258.0
kreis_03153,dep_hour_share_escort_7,0.16753562738964198,0.2125039425,-4.496831511035801,2258.0
kreis_03153,dep_hour_share_escort_8,0.07194994786235662,0.083059687,-1.1109739137643375,2258.0
kreis_03153,dep_hour_share_escort_9,0.03484532499131039,0.008891221396,2.595410359531039,2258.0
kreis_03153,dep_hour_share_home_10,0.035519302688536175,0.04697630147,-1.1456998781463827,2258.0
kreis_03153,dep_hour_share_home_11,0.05567301746223387,0.05563228183,0.00407356322338695,2258.0
kreis_03153,dep_hour_share_home_12,0.07732854324332283,0.07429116762,0.3037375623322833,2258.0
kreis_03153,dep_hour_share_home_13,0.08547954886775229,0.1166993292,-3.1219780332247704,2258.0
kreis_03153,dep_hour_share_home_14,0.08669866603845815,0.09251609461,-0.5817428571541855,2258.0
kreis_03153,dep_hour_share_home_15,0.10186401248564446,0.09748987173,0.4374140755644462,2258.0
kreis_03153,dep_hour_share_home_16,0.11231190553314291,0.1155813595,-0.3269453966857086,2258.0
kreis_03153,dep_hour_share_home_17,0.10075090550369563,0.09717924799,0.35716575136956336,2258.0
kreis_03153,dep_hour_share_home_18,0.08353602874054006,0.07562310874,0.7912920000540058,2258.0
kreis_03153,dep_hour_share_home_19,0.05451868429576843,0.04678991945,0.7728764845768427,2258.0
kreis_03153,dep_hour_share_home_20,0.05092611678789128,0.03563306282,1.5293053967891281,2258.0
kreis_03153,dep_hour_share_home_21,0.03576665979563591,0.02619473525,0.957192454563591,2258.0
kreis_03153,dep_hour_share_home_22,0.025948938425748698,0.01954933901,0.6399599415748698,2258.0
kreis_03153,dep_hour_share_home_23,0.01432904384699196,0.00351613514,1.0812908706991962,2258.0
kreis_03153,dep_hour_share_home_4,5.889454930946141e-05,0.0004532785685,-0.03943840191905386,2258.0
kreis_03153,dep_hour_share_home_5,0.0008480815100562443,0.001566574905,-0.07184933949437557,2258.0
kreis_03153,dep_hour_share_home_6,0.002461792161135487,0.009642484395,-0.7180692233864513,2258.0
kreis_03153,dep_hour_share_home_7,0.00959981153744221,0.01614052634,-0.6540714802557789,2258.0
kreis_03153,dep_hour_share_home_8,0.019982920580700256,0.03842244978,-1.8439529199299742,2258.0
kreis_03153,dep_hour_share_home_9,0.027480196707794693,0.02769443898,-0.02142422722053068,2258.0
kreis_03153,dep_hour_share_leisure_10,0.05153566768926972,0.03417401908,1.7361648609269718,2258.0
kreis_03153,dep_hour_share_leisure_11,0.04444797066187101,0.05916144904,-1.4713478378128988,2258.0
kreis_03153,dep_hour_share_leisure_12,0.04566451567403646,0.08092315418,-3.5258638505963535,2258.0
kreis_03153,dep_hour_share_leisure_13,0.05053069572269826,0.06058897899,-1.0058283267301737,2258.0
kreis_03153,dep_hour_share_leisure_14,0.07847596882823794,0.09461195817,-1.6135989341762054,2258.0
kreis_03153,dep_hour_share_leisure_15,0.09947459360344159,0.1225532912,-2.307869759655841,2258.0
kreis_03153,dep_hour_share_leisure_16,0.12771959519023943,0.09253483615,3.5184759040239433,2258.0
kreis_03153,dep_hour_share_leisure_17,0.11513099897739694,0.09274307075,2.2387928227396934,2258.0
kreis_03153,dep_hour_share_leisure_18,0.10206636341196798,0.1140735686,-1.2007205188032013,2258.0
kreis_03153,dep_hour_share_leisure_19,0.05814732536408195,0.05972580881,-0.1578483445918051,2258.0
kreis_03153,dep_hour_share_leisure_20,0.021792023696181106,0.02933975379,-0.7547730093818893,2258.0
kreis_03153,dep_hour_share_leisure_21,0.013822772312140767,0.01128810366,0.2534668652140767,2258.0
kreis_03153,dep_hour_share_leisure_22,0.013769879050742269,0.001770099209,1.1999779841742269,2258.0
kreis_03153,dep_hour_share_leisure_23,0.0036496350364963502,0.0005879270829,0.30617079535963504,2258.0
kreis_03153,dep_hour_share_leisure_4,0.000722874572446137,0.0,0.0722874572446137,2258.0
kreis_03153,dep_hour_share_leisure_5,0.003949363517754505,0.005110367107,-0.11610035892454951,2258.0
kreis_03153,dep_hour_share_leisure_6,0.016026658203744843,0.01739545402,-0.1368795816255156,2258.0
kreis_03153,dep_hour_share_leisure_7,0.03138333509644205,0.02188765176,0.9495683336442046,2258.0
kreis_03153,dep_hour_share_leisure_8,0.05345745618674848,0.05173752422,0.17199319667484808,2258.0
kreis_03153,dep_hour_share_leisure_9,0.06310166084840792,0.04720474733,1.589691351840792,2258.0
kreis_03153,dep_hour_share_other_10,0.08833622844553658,0.1315819366,-4.324570815446342,2258.0
kreis_03153,dep_hour_share_other_11,0.08011693428801424,0.1243874101,-4.427047581198576,2258.0
kreis_03153,dep_hour_share_other_12,0.0665593356776681,0.04761661363,1.8942722047668101,2258.0
kreis_03153,dep_hour_share_other_13,0.07808329449646231,0.04756339058,3.051990391646231,2258.0
kreis_03153,dep_hour_share_other_14,0.09244587552429775,0.05589018401,3.6555691514297752,2258.0
kreis_03153,dep_hour_share_other_15,0.08278608651442614,0.1165910289,-3.380494238557387,2258.0
kreis_03153,dep_hour_share_other_16,0.08325212896665678,0.07428514028,0.8966988686656783,2258.0
kreis_03153,dep_hour_share_other_17,0.05522603058933186,0.0408020817,1.4423948889331863,2258.0
kreis_03153,dep_hour_share_other_18,0.043426683048764986,0.02317033488,2.0256348168764986,2258.0
kreis_03153,dep_hour_share_other_19,0.02546286489005635,0.005202427901,2.026043698905635,2258.0
kreis_03153,dep_hour_share_other_20,0.012117103757996866,0.004642196308,0.7474907449996866,2258.0
kreis_03153,dep_hour_share_other_21,0.009342032792441638,0.0007686538478,0.8573378944641639,2258.0
kreis_03153,dep_hour_share_other_22,0.004978180739736474,0.004482402718,0.04957780217364743,2258.0
kreis_03153,dep_hour_share_other_23,0.003855442104817184,0.0,0.38554421048171844,2258.0
kreis_03153,dep_hour_share_other_4,0.0017370673219505996,0.0,0.17370673219505994,2258.0
kreis_03153,dep_hour_share_other_5,0.0009956361479472949,0.001831961841,-0.08363256930527051,2258.0
kreis_03153,dep_hour_share_other_6,0.014150743549548787,0.01387558487,0.027515867954878634,2258.0
kreis_03153,dep_hour_share_other_7,0.06520357581663348,0.06244021599,0.27633598266334836,2258.0
kreis_03153,dep_hour_share_other_8,0.08810320721942126,0.09131337718,-0.32101699605787404,2258.0
kreis_03153,dep_hour_share_other_9,0.09784773122060755,0.1518387067,-5.399097547939244,2258.0
kreis_03153,dep_hour_share_shop_10,0.11673523787448571,0.1114345698,0.5300668074485717,2258.0
kreis_03153,dep_hour_share_shop_11,0.08848583183635626,0.1205447312,-3.205889936364374,2258.0
kreis_03153,dep_hour_share_shop_12,0.08442950686677869,0.06155905795,2.2870448916778687,2258.0
kreis_03153,dep_hour_share_shop_13,0.06324969577562728,0.07150650735,-0.8256811574372719,2258.0
kreis_03153,dep_hour_share_shop_14,0.0946572405400707,0.07546879174,1.91884488000707,2258.0
kreis_03153,dep_hour_share_shop_15,0.08947093932896795,0.1028407695,-1.3369830171032049,2258.0
kreis_03153,dep_hour_share_shop_16,0.08692124934809063,0.08042503588,0.6496213468090637,2258.0
kreis_03153,dep_hour_share_shop_17,0.06649475575128933,0.08674251959,-2.024776383871067,2258.0
kreis_03153,dep_hour_share_shop_18,0.04977690212667323,0.04028822953,0.9488672596673235,2258.0
kreis_03153,dep_hour_share_shop_19,0.012024106159819204,0.03724363878,-2.521953262018079,2258.0
kreis_03153,dep_hour_share_shop_20,0.0032160862258793534,0.0,0.3216086225879353,2258.0
kreis_03153,dep_hour_share_shop_21,0.0005794749956539375,0.004366195127,-0.3786720131346062,2258.0
kreis_03153,dep_hour_share_shop_22,0.00043460624674045313,0.0,0.043460624674045316,2258.0
kreis_03153,dep_hour_share_shop_23,8.692124934809063e-05,0.0,0.008692124934809062,2258.0
kreis_03153,dep_hour_share_shop_4,2.8973749782696876e-05,0.0,0.0028973749782696878,2258.0
kreis_03153,dep_hour_share_shop_5,0.001187923741090572,0.0002299281066,0.0957995634490572,2258.0
kreis_03153,dep_hour_share_shop_6,0.012603581155473142,0.005074628411,0.7528952744473142,2258.0
kreis_03153,dep_hour_share_shop_7,0.03610129222924031,0.03182600542,0.42752868092403096,2258.0
kreis_03153,dep_hour_share_shop_8,0.07040621197195342,0.06811076243,0.22954495419534177,2258.0
kreis_03153,dep_hour_share_shop_9,0.12215332908385003,0.1023386292,1.9814699883850027,2258.0
kreis_03153,dep_hour_share_work_10,0.03174942922374429,0.02437427258,0.7375156643744292,2258.0
kreis_03153,dep_hour_share_work_11,0.029769549086757992,0.03661008216,-0.6840533073242009,2258.0
kreis_03153,dep_hour_share_work_12,0.036244292237442924,0.04602808941,-0.9783797172557076,2258.0
kreis_03153,dep_hour_share_work_13,0.046999857305936074,0.05766791802,-1.0668060714063925,2258.0
kreis_03153,dep_hour_share_work_14,0.021903538812785388,0.03265190864,-1.074836982721461,2258.0
kreis_03153,dep_hour_share_work_15,0.019656107305936074,0.01129233743,0.8363769875936073,2258.0
kreis_03153,dep_hour_share_work_16,0.01202197488584475,0.006334458875,0.568751601084475,2258.0
kreis_03153,dep_hour_share_work_17,0.010166952054794521,0.01017416613,-0.0007214075205479176,2258.0
kreis_03153,dep_hour_share_work_18,0.005850456621004566,0.001251459409,0.4598997212004565,2258.0
kreis_03153,dep_hour_share_work_19,0.002746860730593607,0.000786676141,0.19601845895936074,2258.0
kreis_03153,dep_hour_share_work_20,0.0037635559360730594,0.00324327462,0.052028131607305926,2258.0
kreis_03153,dep_hour_share_work_21,0.005814783105022831,0.0002235143361,0.5591268768922831,2258.0
kreis_03153,dep_hour_share_work_22,0.0008740011415525114,0.003094140279,-0.22201391374474885,2258.0
kreis_03153,dep_hour_share_work_23,0.0005707762557077625,0.0,0.05707762557077625,2258.0
kreis_03153,dep_hour_share_work_4,0.03073273401826484,0.01567304025,1.505969376826484,2258.0
kreis_03153,dep_hour_share_work_5,0.11579623287671233,0.1217105363,-0.5914303423287679,2258.0
kreis_03153,dep_hour_share_work_6,0.2183219178082192,0.1891580527,2.9163865108219196,2258.0
kreis_03153,dep_hour_share_work_7,0.2294342180365297,0.3056586603,-7.622444226347031,2258.0
kreis_03153,dep_hour_share_work_8,0.1176869292237443,0.1036869266,1.400000262374429,2258.0
kreis_03153,dep_hour_share_work_9,0.0467679794520548,0.02845216693,1.8315812522054795,2258.0
kreis_03153,mean_work_activity_h,5.652161579721275,6.466280458,-0.814118878278725,2258.0
kreis_03153,mobility_rate,0.8785984536930416,0.8323700116,4.622844209304155,2258.0
kreis_03153,n_persons_unweighted,127659.0,2258.0,125401.0,2258.0
kreis_03153,n_persons_weighted,127659.0,95795.0,31864.0,2258.0
kreis_03153,n_work_activities_measured,55993.0,826.0,55167.0,2258.0
kreis_03153,nonhome_acts_per_mobile,2.141127486381184,2.220014823,-0.07888733661881586,2258.0
kreis_03153,participation_education,0.13967679521224513,0.145628591,-0.5951795787754871,2258.0
kreis_03153,participation_escort,0.1186598673027362,0.120012767,-0.1352899697263807,2258.0
kreis_03153,participation_home,0.8785984536930416,0.8247719592,5.3826494493041555,2258.0
kreis_03153,participation_leisure,0.3416602041375853,0.3479370237,-0.6276819562414715,2258.0
kreis_03153,participation_other,0.2741365669478846,0.1980244057,7.611216124788458,2258.0
kreis_03153,participation_shop,0.2278805254623646,0.2808092782,-5.292875273763542,2258.0
kreis_03153,participation_work,0.3440572149241338,0.3284658498,1.5591365124133838,2258.0
kreis_03153,purpose_share_education,0.05520971054724281,0.05007344776,0.5136262787242808,2258.0
kreis_03153,purpose_share_escort,0.05614397993882121,0.06229541015,-0.6151430211178789,2258.0
kreis_03153,purpose_share_home,0.41418869802364217,0.4189974931,-0.48087950763578413,2258.0
kreis_03153,purpose_share_leisure,0.13835480770638084,0.1540440778,-1.5689270093619174,2258.0
kreis_03153,purpose_share_other,0.11515175169412557,0.08123393901,3.3917812684125566,2258.0
kreis_03153,purpose_share_shop,0.08419157645153263,0.1102021466,-2.6010570148467362,2258.0
kreis_03153,purpose_share_work,0.1367594756382548,0.1231534856,1.36059900382548,2258.0
kreis_03153,share_mobile_first_from_home,1.0,0.9822715632,1.7728436800000025,2258.0
kreis_03153,share_mobile_last_to_home,1.0,0.9834002883,1.6599711699999964,2258.0
kreis_03153,share_mobile_odd_trip_count,0.29466570376512335,0.2276124655,6.705323826512336,2258.0
kreis_03153,share_trips_0,0.12140154630695837,0.1676299884,-4.622844209304164,2258.0
kreis_03153,share_trips_1,0.001135838444606334,0.002313128098,-0.11772896533936658,2258.0
kreis_03153,share_trips_2,0.35037091000242837,0.3282780951,2.2092814902428373,2258.0
kreis_03153,share_trips_3,0.12431555942001739,0.08590477545,3.841078397001739,2258.0
kreis_03153,share_trips_4,0.1700859320533609,0.194497228,-2.44112959466391,2258.0
kreis_03153,share_trips_5,0.09107857652026101,0.05496935306,3.610922346026101,2258.0
kreis_03153,share_trips_6,0.06853414173697114,0.07146337992,-0.29292381830288566,2258.0
kreis_03153,share_trips_7,0.029359465450927862,0.03608694801,-0.6727482559072139,2258.0
kreis_03153,share_trips_8plus,0.04371803006446862,0.058857104,-1.5139073935531377,2258.0
kreis_03153,share_trips_followed_by_same_purpose,0.10651646802261762,0.04814703654,5.836943148261762,2258.0
kreis_03153,share_trips_home_based,0.8021129612192825,0.8371207738,-3.50078125807175,2258.0
kreis_03153,share_trips_unknown_purpose,0.0,0.0006905355139,-0.06905355139,2258.0
kreis_03153,share_work_activities_lt_2h,0.2045077063204329,0.1135096853,9.099802102043292,2258.0
kreis_03153,tours_per_mobile,1.5138506254402153,1.599090611,-0.08523998555978474,2258.0
kreis_03153,trips_per_mobile_person,3.6549781118213995,3.819105434,-0.16412732217860038,2258.0
kreis_03153,trips_per_person,3.2112581173281947,3.178908834,0.032349283328194645,2258.0
kreis_03153,trips_per_person_education,0.17729263115017352,0.1590690068,0.018223624350173523,2258.0
kreis_03153,trips_per_person_escort,0.18029281131765093,0.1978946819,-0.017601870582349077,2258.0
kreis_03153,trips_per_person_home,1.3300668186340172,1.33103507,-0.0009682513659827752,2258.0
kreis_03153,trips_per_person_leisure,0.4442929993184969,0.48935393,-0.045060930681503075,2258.0
kreis_03153,trips_per_person_other,0.3697819973523214,0.2580569657,0.11172503165232145,2258.0
kreis_03153,trips_per_person_shop,0.27036088329064145,0.3500806672,-0.07971978390935852,2258.0
kreis_03153,trips_per_person_work,0.4391699762648932,0.3912233631,0.04794661316489318,2258.0
kreis_03154,dep_hour_share_all_10,0.048383081608086125,0.06207068411,-1.3687602501913878,1761.0
kreis_03154,dep_hour_share_all_11,0.05257755513345587,0.05855026925,-0.5972714116544132,1761.0
kreis_03154,dep_hour_share_all_12,0.05921027952926412,0.06244773228,-0.3237452750735878,1761.0
kreis_03154,dep_hour_share_all_13,0.06592484731093326,0.07161385978,-0.5689012469066737,1761.0
kreis_03154,dep_hour_share_all_14,0.07349536050306402,0.07427548446,-0.07801239569359825,1761.0
kreis_03154,dep_hour_share_all_15,0.08622200700442978,0.09545626666,-0.9234259655570218,1761.0
kreis_03154,dep_hour_share_all_16,0.08831583362603711,0.1002803984,-1.1964564773962891,1761.0
kreis_03154,dep_hour_share_all_17,0.07650651507452863,0.0682875799,0.8218935174528624,1761.0
kreis_03154,dep_hour_share_all_18,0.0637730482910078,0.06295902495,0.08140233410078024,1761.0
kreis_03154,dep_hour_share_all_19,0.0393905395866227,0.0319258347,0.7464704886622695,1761.0
kreis_03154,dep_hour_share_all_20,0.028935047042896164,0.02363699647,0.5298050572896164,1761.0
kreis_03154,dep_hour_share_all_21,0.02015393376823999,0.01439045814,0.5763475628239991,1761.0
kreis_03154,dep_hour_share_all_22,0.014213468011171623,0.005699764231,0.8513703780171623,1761.0
kreis_03154,dep_hour_share_all_23,0.006550881009947381,0.002423430965,0.4127450044947381,1761.0
kreis_03154,dep_hour_share_all_4,0.003931892662399444,0.003195060167,0.07368324953994435,1761.0
kreis_03154,dep_hour_share_all_5,0.017470152740218865,0.01307586481,0.4394287930218864,1761.0
kreis_03154,dep_hour_share_all_6,0.047196352513103466,0.03685247029,1.0343882223103464,1761.0
kreis_03154,dep_hour_share_all_7,0.08551610780137975,0.1043748671,-1.8858759298620256,1761.0
kreis_03154,dep_hour_share_all_8,0.05875673076595179,0.06215595232,-0.33992215540482107,1761.0
kreis_03154,dep_hour_share_all_9,0.053143638552326906,0.04393311096,0.9210527592326906,1761.0
kreis_03154,dep_hour_share_education_10,0.014874077412811989,0.003979768808,1.0894308604811989,1761.0
kreis_03154,dep_hour_share_education_11,0.016958701898698518,0.006089696943,1.0869004955698518,1761.0
kreis_03154,dep_hour_share_education_12,0.020846244858865288,0.01314888278,0.7697362078865289,1761.0
kreis_03154,dep_hour_share_education_13,0.030762296467406615,0.002655089981,2.8107206486406615,1761.0
kreis_03154,dep_hour_share_education_14,0.026818412304918587,0.03264672969,-0.5828317385081414,1761.0
kreis_03154,dep_hour_share_education_15,0.031213026085976675,0.005156528215,2.6056497870976676,1761.0
kreis_03154,dep_hour_share_education_16,0.016395289875485945,0.01384157015,0.2553719725485945,1761.0
kreis_03154,dep_hour_share_education_17,0.010085075215505099,0.01182236213,-0.1737286914494901,1761.0
kreis_03154,dep_hour_share_education_18,0.0075497211110485095,0.006968813771,0.05809073400485096,1761.0
kreis_03154,dep_hour_share_education_19,0.007098991492478449,0.001437982093,0.5661009399478449,1761.0
kreis_03154,dep_hour_share_education_20,0.00028170601160628766,0.0,0.028170601160628767,1761.0
kreis_03154,dep_hour_share_education_21,0.00022536480928503014,0.0,0.022536480928503015,1761.0
kreis_03154,dep_hour_share_education_22,0.00011268240464251507,0.0,0.011268240464251508,1761.0
kreis_03154,dep_hour_share_education_23,0.0,0.0,0.0,1761.0
kreis_03154,dep_hour_share_education_4,0.00039438841624880275,0.0,0.039438841624880275,1761.0
kreis_03154,dep_hour_share_education_5,0.0034368133415967096,0.0,0.34368133415967095,1761.0
kreis_03154,dep_hour_share_education_6,0.17826356414445885,0.1040818782,7.418168594445884,1761.0
kreis_03154,dep_hour_share_education_7,0.4701673333708941,0.6825804706,-21.241313722910593,1761.0
kreis_03154,dep_hour_share_education_8,0.12659868161586568,0.09882488457,2.777379704586569,1761.0
kreis_03154,dep_hour_share_education_9,0.03774860555524255,0.01676534205,2.098326350524255,1761.0
kreis_03154,dep_hour_share_escort_10,0.02145114652679712,0.0008394805377,2.061166598909712,1761.0
kreis_03154,dep_hour_share_escort_11,0.032143097303476566,0.03305299812,-0.09099008165234374,1761.0
kreis_03154,dep_hour_share_escort_12,0.06287405016475019,0.02678571647,3.6088333694750188,1761.0
kreis_03154,dep_hour_share_escort_13,0.0674467083585502,0.08540865615,-1.79619477914498,1761.0
kreis_03154,dep_hour_share_escort_14,0.13294331248739158,0.159562714,-2.6619401512608416,1761.0
kreis_03154,dep_hour_share_escort_15,0.11862013314504741,0.1445334976,-2.59133644549526,1761.0
kreis_03154,dep_hour_share_escort_16,0.0757850850648914,0.05945111565,1.6333969414891403,1761.0
kreis_03154,dep_hour_share_escort_17,0.06011700625378253,0.07232574487,-1.220873861621747,1761.0
kreis_03154,dep_hour_share_escort_18,0.04370923273485307,0.04177022239,0.19390103448530677,1761.0
kreis_03154,dep_hour_share_escort_19,0.018694102615829468,0.02122784937,-0.25337467541705316,1761.0
kreis_03154,dep_hour_share_escort_20,0.006253782529755901,0.01315893533,-0.6905152800244099,1761.0
kreis_03154,dep_hour_share_escort_21,0.006993477237576491,0.0,0.6993477237576491,1761.0
kreis_03154,dep_hour_share_escort_22,0.0021518391500235357,0.0,0.21518391500235357,1761.0
kreis_03154,dep_hour_share_escort_23,0.0018156142828323583,0.0,0.18156142828323585,1761.0
kreis_03154,dep_hour_share_escort_4,0.0008741846546970614,0.0,0.08741846546970614,1761.0
kreis_03154,dep_hour_share_escort_5,0.0016811243359558872,0.0007529550837,0.09281692522558872,1761.0
kreis_03154,dep_hour_share_escort_6,0.04270055813327954,0.01834383594,2.435672219327954,1761.0
kreis_03154,dep_hour_share_escort_7,0.1757783605675476,0.1984839152,-2.270555463245241,1761.0
kreis_03154,dep_hour_share_escort_8,0.08654428081500908,0.1134303427,-2.688606188499093,1761.0
kreis_03154,dep_hour_share_escort_9,0.03698473539102952,0.01087202053,2.611271486102952,1761.0
kreis_03154,dep_hour_share_home_10,0.03530070667303606,0.04492175025,-0.9621043576963945,1761.0
kreis_03154,dep_hour_share_home_11,0.053741743126822276,0.06234447055,-0.8602727423177726,1761.0
kreis_03154,dep_hour_share_home_12,0.07030490717709655,0.07492357487,-0.461866769290345,1761.0
kreis_03154,dep_hour_share_home_13,0.0802790452501359,0.09078154704,-1.050250178986409,1761.0
kreis_03154,dep_hour_share_home_14,0.08450425815803779,0.07089193347,1.361232468803779,1761.0
kreis_03154,dep_hour_share_home_15,0.10287116806958012,0.1238723366,-2.1001168530419876,1761.0
kreis_03154,dep_hour_share_home_16,0.10905661620570939,0.1228347913,-1.3778175094290606,1761.0
kreis_03154,dep_hour_share_home_17,0.10192399558535259,0.0814453777,2.0478617885352586,1761.0
kreis_03154,dep_hour_share_home_18,0.09073088770652478,0.08995911956,0.07717681465247844,1761.0
kreis_03154,dep_hour_share_home_19,0.05784341179765101,0.0485103465,0.933306529765101,1761.0
kreis_03154,dep_hour_share_home_20,0.05311578565898496,0.04397725021,0.9138535448984964,1761.0
kreis_03154,dep_hour_share_home_21,0.03812575156077553,0.02563765668,1.248809488077553,1761.0
kreis_03154,dep_hour_share_home_22,0.02890935147511819,0.01282509798,1.608425349511819,1761.0
kreis_03154,dep_hour_share_home_23,0.013886372247022584,0.005606254156,0.8280118091022585,1761.0
kreis_03154,dep_hour_share_home_4,7.41265422438928e-05,0.0006030866858,-0.05289601435561072,1761.0
kreis_03154,dep_hour_share_home_5,0.0007824468347966462,0.00266922052,-0.18867736852033537,1761.0
kreis_03154,dep_hour_share_home_6,0.002223796267316784,0.008493714497,-0.6269918229683216,1761.0
kreis_03154,dep_hour_share_home_7,0.009422307147445928,0.02114835001,-1.1726042862554071,1761.0
kreis_03154,dep_hour_share_home_8,0.019404681502956826,0.04138234612,-2.197766461704318,1761.0
kreis_03154,dep_hour_share_home_9,0.03026010180045135,0.02587608931,0.43840124904513494,1761.0
kreis_03154,dep_hour_share_leisure_10,0.045752523534081886,0.07536460558,-2.9612082045918107,1761.0
kreis_03154,dep_hour_share_leisure_11,0.04044459566746059,0.04516560624,-0.47210105725394164,1761.0
kreis_03154,dep_hour_share_leisure_12,0.049971645684473175,0.04981854766,0.015309802447317777,1761.0
kreis_03154,dep_hour_share_leisure_13,0.05761596915050471,0.03621516808,2.140080107050471,1761.0
kreis_03154,dep_hour_share_leisure_14,0.07766814109107406,0.09255633098,-1.4888189888925942,1761.0
kreis_03154,dep_hour_share_leisure_15,0.10443461494839515,0.1058846696,-0.14500546516048457,1761.0
kreis_03154,dep_hour_share_leisure_16,0.13791539072246797,0.1550299239,-1.7114533177532032,1761.0
kreis_03154,dep_hour_share_leisure_17,0.11697856413746172,0.1215240792,-0.454551506253828,1761.0
kreis_03154,dep_hour_share_leisure_18,0.0992627877963026,0.0980332311,0.12295566963025917,1761.0
kreis_03154,dep_hour_share_leisure_19,0.06274242939775433,0.0421005409,2.0641888497754337,1761.0
kreis_03154,dep_hour_share_leisure_20,0.028853351480095272,0.008369642156,2.0483709324095276,1761.0
kreis_03154,dep_hour_share_leisure_21,0.015016445503005557,0.005249754289,0.9766691214005557,1761.0
kreis_03154,dep_hour_share_leisure_22,0.010275603946920722,0.0008060443813,0.9469559565620721,1761.0
kreis_03154,dep_hour_share_leisure_23,0.0024724963139389814,0.0002329302224,0.22395660915389815,1761.0
kreis_03154,dep_hour_share_leisure_4,0.00043098559600771236,0.001727608706,-0.12966231099922876,1761.0
kreis_03154,dep_hour_share_leisure_5,0.003606668935011909,0.003396528557,0.021014037801190884,1761.0
kreis_03154,dep_hour_share_leisure_6,0.01674038788703641,0.01623190741,0.0508480477036409,1761.0
kreis_03154,dep_hour_share_leisure_7,0.025201315640240446,0.02907391021,-0.38725945697595554,1761.0
kreis_03154,dep_hour_share_leisure_8,0.04139730066916185,0.05683768705,-1.5440386380838154,1761.0
kreis_03154,dep_hour_share_leisure_9,0.05933991153453556,0.05593859604,0.34013154945355534,1761.0
kreis_03154,dep_hour_share_other_10,0.08943508304036853,0.1168359878,-2.7400904759631475,1761.0
kreis_03154,dep_hour_share_other_11,0.08755606740210935,0.1256523253,-3.8096257897890657,1761.0
kreis_03154,dep_hour_share_other_12,0.0700690992847618,0.04594481099,2.412428829476179,1761.0
kreis_03154,dep_hour_share_other_13,0.07728209479936962,0.1219334212,-4.465132640063038,1761.0
kreis_03154,dep_hour_share_other_14,0.08752576069826645,0.1058910885,-1.8365327801733542,1761.0
kreis_03154,dep_hour_share_other_15,0.08225239422960359,0.08328690462,-0.1034510390396412,1761.0
kreis_03154,dep_hour_share_other_16,0.0788580433991999,0.05241096696,2.6447076439199897,1761.0
kreis_03154,dep_hour_share_other_17,0.059492059643593165,0.02649349131,3.299856833359317,1761.0
kreis_03154,dep_hour_share_other_18,0.04230815856467451,0.02205314131,2.0255017254674508,1761.0
kreis_03154,dep_hour_share_other_19,0.02621529882409989,0.02202918232,0.41861165040998904,1761.0
kreis_03154,dep_hour_share_other_20,0.01245605527942781,0.003557888283,0.8898166996427809,1761.0
kreis_03154,dep_hour_share_other_21,0.008788944114438113,0.0,0.8788944114438113,1761.0
kreis_03154,dep_hour_share_other_22,0.004212631834161717,0.001193481369,0.3019150465161717,1761.0
kreis_03154,dep_hour_share_other_23,0.001848708934416293,0.0,0.1848708934416293,1761.0
kreis_03154,dep_hour_share_other_4,0.0015153351921445024,0.0,0.15153351921445024,1761.0
kreis_03154,dep_hour_share_other_5,0.0026063765304885442,0.009020004278,-0.6413627747511456,1761.0
kreis_03154,dep_hour_share_other_6,0.015426112256031034,0.01720896226,-0.1782850003968965,1761.0
kreis_03154,dep_hour_share_other_7,0.062310583100981934,0.04298486993,1.932571317098193,1761.0
kreis_03154,dep_hour_share_other_8,0.08604073220996485,0.07866410799,0.737662421996485,1761.0
kreis_03154,dep_hour_share_other_9,0.09761789307794884,0.1248393656,-2.7221472522051164,1761.0
kreis_03154,dep_hour_share_shop_10,0.12569003872456125,0.1601016876,-3.4411648875438736,1761.0
kreis_03154,dep_hour_share_shop_11,0.09598747631210348,0.08107734514,1.4910131172103478,1761.0
kreis_03154,dep_hour_share_shop_12,0.07522452006261844,0.07510487905,0.011964101261843774,1761.0
kreis_03154,dep_hour_share_shop_13,0.058663590673148226,0.06445719671,-0.5793606036851772,1761.0
kreis_03154,dep_hour_share_shop_14,0.07254675784790311,0.09063636929,-1.8089611442096891,1761.0
kreis_03154,dep_hour_share_shop_15,0.09763532998269754,0.09567766789,0.1957662092697543,1761.0
kreis_03154,dep_hour_share_shop_16,0.08655351404795254,0.122642756,-3.608924195204746,1761.0
kreis_03154,dep_hour_share_shop_17,0.06480184559611106,0.06407174735,0.07300982461110606,1761.0
kreis_03154,dep_hour_share_shop_18,0.03979566614484634,0.03957267966,0.02229864848463381,1761.0
kreis_03154,dep_hour_share_shop_19,0.01540743182005438,0.01306296914,0.23444626800543794,1761.0
kreis_03154,dep_hour_share_shop_20,0.004119634176485128,0.0008375024452,0.32821317312851284,1761.0
kreis_03154,dep_hour_share_shop_21,0.0014006756200049435,0.008402424389,-0.7001748768995055,1761.0
kreis_03154,dep_hour_share_shop_22,0.0007003378100024718,0.0,0.07003378100024718,1761.0
kreis_03154,dep_hour_share_shop_23,0.00041196341764851283,0.0,0.041196341764851284,1761.0
kreis_03154,dep_hour_share_shop_4,0.00016478536705940512,0.0,0.016478536705940513,1761.0
kreis_03154,dep_hour_share_shop_5,0.0011946939111806873,0.0,0.11946939111806873,1761.0
kreis_03154,dep_hour_share_shop_6,0.010216692757683117,0.01202395152,-0.18072587623168823,1761.0
kreis_03154,dep_hour_share_shop_7,0.03798302710719288,0.03905452015,-0.10714930428071187,1761.0
kreis_03154,dep_hour_share_shop_8,0.0817747384032298,0.05067274122,3.11019971832298,1761.0
kreis_03154,dep_hour_share_shop_9,0.12742028507868502,0.0826035624,4.481672267868503,1761.0
kreis_03154,dep_hour_share_work_10,0.03434247371479896,0.02821033718,0.6132136534798962,1761.0
kreis_03154,dep_hour_share_work_11,0.029376023669889575,0.03649074971,-0.7114726040110424,1761.0
kreis_03154,dep_hour_share_work_12,0.031198816505521212,0.0691151671,-3.791635059447879,1761.0
kreis_03154,dep_hour_share_work_13,0.04020711153378771,0.0547943844,-1.4587272866212289,1761.0
kreis_03154,dep_hour_share_work_14,0.020235642204258466,0.01071592853,0.9519713674258465,1761.0
kreis_03154,dep_hour_share_work_15,0.020816822528662758,0.00778838231,1.3028440218662758,1761.0
kreis_03154,dep_hour_share_work_16,0.01204628308765256,0.007751212765,0.429507032265256,1761.0
kreis_03154,dep_hour_share_work_17,0.007766682517039151,0.001631617885,0.6135064632039151,1761.0
kreis_03154,dep_hour_share_work_18,0.004306017858086332,0.0004865293025,0.38194885555863317,1761.0
kreis_03154,dep_hour_share_work_19,0.003143657209277751,0.0,0.3143657209277751,1761.0
kreis_03154,dep_hour_share_work_20,0.004094679558302954,0.0211683322,-1.7073652641697048,1761.0
kreis_03154,dep_hour_share_work_21,0.004940032757436466,0.01350213162,-0.8562098862563533,1761.0
kreis_03154,dep_hour_share_work_22,0.0003962593120938342,0.0002381207411,0.015813857099383422,1761.0
kreis_03154,dep_hour_share_work_23,0.0007396840492418238,0.0,0.07396840492418238,1761.0
kreis_03154,dep_hour_share_work_4,0.027764569134041316,0.02197396525,0.5790603884041314,1761.0
kreis_03154,dep_hour_share_work_5,0.1233158979236012,0.08869688724,3.461901068360121,1761.0
kreis_03154,dep_hour_share_work_6,0.21862947112590478,0.1780825382,4.0546932925904775,1761.0
kreis_03154,dep_hour_share_work_7,0.23471759919691446,0.3047986337,-7.008103450308553,1761.0
kreis_03154,dep_hour_share_work_8,0.12392349553547842,0.1070376473,1.6885848235478425,1761.0
kreis_03154,dep_hour_share_work_9,0.04649442595234321,0.0328678353,1.362659065234321,1761.0
kreis_03154,mean_work_activity_h,5.664951401556207,6.355170737,-0.6902193354437927,1761.0
kreis_03154,mobility_rate,0.886013908819958,0.8422844969,4.372941191995805,1761.0
kreis_03154,n_persons_unweighted,90590.0,1761.0,88829.0,1761.0
kreis_03154,n_persons_weighted,90590.0,55924.0,34666.0,1761.0
kreis_03154,n_work_activities_measured,37827.0,607.0,37220.0,1761.0
kreis_03154,nonhome_acts_per_mobile,2.140797867038772,2.168146457,-0.027348589961228242,1761.0
kreis_03154,participation_education,0.15361518931449386,0.1566083895,-0.29932001855061396,1761.0
kreis_03154,participation_escort,0.10597196158516392,0.1066033005,-0.06313389148360771,1761.0
kreis_03154,participation_home,0.886013908819958,0.8384272405,4.758666831995805,1761.0
kreis_03154,participation_leisure,0.3797328623468374,0.3832723827,-0.35395203531626285,1761.0
kreis_03154,participation_other,0.26703830444861465,0.1766926064,9.034569804861464,1761.0
kreis_03154,participation_shop,0.22511314714648417,0.2917111385,-6.6597991353515855,1761.0
kreis_03154,participation_work,0.3283585384700298,0.3214259891,0.693254937002985,1761.0
kreis_03154,purpose_share_education,0.06052659398519317,0.05299640443,0.7530189555193169,1761.0
kreis_03154,purpose_share_escort,0.05071220796404347,0.04975880244,0.09534055240434727,1761.0
kreis_03154,purpose_share_home,0.4140388687880018,0.4269593928,-1.2920524011998225,1761.0
kreis_03154,purpose_share_leisure,0.15033606940319122,0.1623001646,-1.196409519680877,1761.0
kreis_03154,purpose_share_other,0.11252101499439032,0.06896078783,4.356022716439033,1761.0
kreis_03154,purpose_share_shop,0.08277776451611803,0.1179408427,-3.516307818388198,1761.0
kreis_03154,purpose_share_work,0.12908748034906203,0.1210836052,0.8003875149062034,1761.0
kreis_03154,share_mobile_first_from_home,1.0,0.971415874,2.8584126000000043,1761.0
kreis_03154,share_mobile_last_to_home,1.0,0.9801030915,1.9896908500000032,1761.0
kreis_03154,share_mobile_odd_trip_count,0.29957390610983753,0.2300324463,6.954145980983753,1761.0
kreis_03154,share_trips_0,0.11398609118004195,0.1577155031,-4.372941191995803,1761.0
kreis_03154,share_trips_1,0.0009824483938624573,0.006616003335,-0.5633554941137542,1761.0
kreis_03154,share_trips_2,0.33238768075946573,0.3086377183,2.3749962459465754,1761.0
kreis_03154,share_trips_3,0.1320013246495198,0.08493575231,4.70655723395198,1761.0
kreis_03154,share_trips_4,0.19785848327629982,0.2289717101,-3.1113226823700186,1761.0
kreis_03154,share_trips_5,0.09356441108290098,0.05452956044,3.903485064290098,1761.0
kreis_03154,share_trips_6,0.062346837399271444,0.07674607943,-1.4399242030728558,1761.0
kreis_03154,share_trips_7,0.0266585715862678,0.03869570917,-1.20371375837322,1761.0
kreis_03154,share_trips_8plus,0.04021415167237002,0.04315196375,-0.2937812077629984,1761.0
kreis_03154,share_trips_followed_by_same_purpose,0.1080093983488097,0.04074375061,6.726564773880969,1761.0
kreis_03154,share_trips_home_based,0.8039578097345887,0.8514306391,-4.747282936541131,1761.0
kreis_03154,share_trips_unknown_purpose,0.0,0.0002245328896,-0.02245328896,1761.0
kreis_03154,share_work_activities_lt_2h,0.20355830491447907,0.1041750996,9.938320531447907,1761.0
kreis_03154,tours_per_mobile,1.5126831456194558,1.614803253,-0.10212010738054422,1761.0
kreis_03154,trips_per_mobile_person,3.653481012658228,3.78294971,-0.12946869734177202,1761.0
kreis_03154,trips_per_person,3.237034992824815,3.186319893,0.05071509982481537,1761.0
kreis_03154,trips_per_person_education,0.19592670272657026,0.1688255823,0.027101120426570258,1761.0
kreis_03154,trips_per_person_escort,0.164157191743018,0.158511863,0.0056453287430179855,1761.0
kreis_03154,trips_per_person_home,1.3402583066563638,1.360123746,-0.01986543934363616,1761.0
kreis_03154,trips_per_person_leisure,0.48664311734187,0.5170241282,-0.030381010858129998,1761.0
kreis_03154,trips_per_person_other,0.36423446296500717,0.2196817933,0.14455266966500716,1761.0
kreis_03154,trips_per_person_shop,0.26795452036648637,0.3757128743,-0.10775835393351363,1761.0
kreis_03154,trips_per_person_work,0.4178606910254995,0.3857244727,0.03213621832549951,1761.0
kreis_03157,dep_hour_share_all_10,0.04410116710246996,0.05040664724,-0.6305480137530038,2446.0
kreis_03157,dep_hour_share_all_11,0.04567051449083902,0.04791158955,-0.22410750591609838,2446.0
kreis_03157,dep_hour_share_all_12,0.05933681975965525,0.06730605092,-0.7969231160344752,2446.0
kreis_03157,dep_hour_share_all_13,0.06850918831257573,0.07105049827,-0.25413099574242703,2446.0
kreis_03157,dep_hour_share_all_14,0.07495512896436739,0.07151439576,0.34407332043673855,2446.0
kreis_03157,dep_hour_share_all_15,0.08911342122286099,0.09135650668,-0.2243085457139013,2446.0
kreis_03157,dep_hour_share_all_16,0.0886965989121621,0.09790233586,-0.9205736947837897,2446.0
kreis_03157,dep_hour_share_all_17,0.07662241820716297,0.09156566576,-1.4943247552837033,2446.0
kreis_03157,dep_hour_share_all_18,0.06056678723384871,0.06794690332,-0.7380116086151294,2446.0
kreis_03157,dep_hour_share_all_19,0.03937262547945954,0.03182552229,0.7547103189459545,2446.0
kreis_03157,dep_hour_share_all_20,0.02801592580107326,0.02120330303,0.6812622771073261,2446.0
kreis_03157,dep_hour_share_all_21,0.01765686640731056,0.0145336647,0.312320170731056,2446.0
kreis_03157,dep_hour_share_all_22,0.013896354740841298,0.01135253815,0.2543816590841297,2446.0
kreis_03157,dep_hour_share_all_23,0.006669156971182318,0.0009784164261,0.5690740545082318,2446.0
kreis_03157,dep_hour_share_all_4,0.0040725589701072346,0.002440058689,0.16325002811072345,2446.0
kreis_03157,dep_hour_share_all_5,0.018233128946145646,0.01403795215,0.4195176796145646,2446.0
kreis_03157,dep_hour_share_all_6,0.05111425942291748,0.03448410281,1.6630156612917482,2446.0
kreis_03157,dep_hour_share_all_7,0.09624267713809347,0.113090005,-1.6847327861906527,2446.0
kreis_03157,dep_hour_share_all_8,0.05847584252771982,0.05639258685,0.2083255677719817,2446.0
kreis_03157,dep_hour_share_all_9,0.04757696407583888,0.04168325467,0.5893709405838881,2446.0
kreis_03157,dep_hour_share_education_10,0.01718723234168903,0.009375466,0.781176634168903,2446.0
kreis_03157,dep_hour_share_education_11,0.02489579169759607,0.01515107299,0.9744718707596072,2446.0
kreis_03157,dep_hour_share_education_12,0.028750071375549593,0.01130645617,1.7443615205549594,2446.0
kreis_03157,dep_hour_share_education_13,0.0346314166619083,0.01753060144,1.7100815221908297,2446.0
kreis_03157,dep_hour_share_education_14,0.026180551590247243,0.01131181449,1.4868737100247242,2446.0
kreis_03157,dep_hour_share_education_15,0.0342317135841946,0.008302381617,2.5929331967194598,2446.0
kreis_03157,dep_hour_share_education_16,0.018614743333523667,0.01153476899,0.7079974343523667,2446.0
kreis_03157,dep_hour_share_education_17,0.008679266830354594,0.01531026961,-0.6631002779645406,2446.0
kreis_03157,dep_hour_share_education_18,0.006709301661622795,0.006235166339,0.04741353226227944,2446.0
kreis_03157,dep_hour_share_education_19,0.008108262433620738,0.0,0.8108262433620738,2446.0
kreis_03157,dep_hour_share_education_20,0.0004568035173870839,0.001051387468,-0.059458395061291615,2446.0
kreis_03157,dep_hour_share_education_21,0.0003711528578770057,0.003428040294,-0.3056887436122994,2446.0
kreis_03157,dep_hour_share_education_22,8.565065951007823e-05,0.0,0.008565065951007823,2446.0
kreis_03157,dep_hour_share_education_23,5.710043967338549e-05,0.0,0.005710043967338548,2446.0
kreis_03157,dep_hour_share_education_4,0.0006281048364072403,0.0,0.06281048364072403,2446.0
kreis_03157,dep_hour_share_education_5,0.004682236053217609,0.0,0.46822360532176094,2446.0
kreis_03157,dep_hour_share_education_6,0.1837206646491178,0.08624550358,9.74751610691178,2446.0
kreis_03157,dep_hour_share_education_7,0.46048649574601724,0.6836874772,-22.320098145398276,2446.0
kreis_03157,dep_hour_share_education_8,0.10746302746531149,0.1016171904,0.5845837065311486,2446.0
kreis_03157,dep_hour_share_education_9,0.03308970479072689,0.01791240341,1.517730138072689,2446.0
kreis_03157,dep_hour_share_escort_10,0.013618418134232356,0.01643404262,-0.2815624485767642,2446.0
kreis_03157,dep_hour_share_escort_11,0.03167280308743291,0.0275608171,0.41119859874329084,2446.0
kreis_03157,dep_hour_share_escort_12,0.0616599387836579,0.05907865898,0.2581279803657903,2446.0
kreis_03157,dep_hour_share_escort_13,0.07434680388590693,0.1144842184,-4.013741451409307,2446.0
kreis_03157,dep_hour_share_escort_14,0.1414629818568957,0.1086685359,3.279444595689571,2446.0
kreis_03157,dep_hour_share_escort_15,0.11160892516523976,0.1051370628,0.6471862365239764,2446.0
kreis_03157,dep_hour_share_escort_16,0.07718582265004657,0.05356769621,2.361812644004657,2446.0
kreis_03157,dep_hour_share_escort_17,0.05766756864658652,0.06544904216,-0.7781473513413475,2446.0
kreis_03157,dep_hour_share_escort_18,0.044093510180543846,0.02445403048,1.9639479700543847,2446.0
kreis_03157,dep_hour_share_escort_19,0.015392804861819634,0.01603934988,-0.0646545018180367,2446.0
kreis_03157,dep_hour_share_escort_20,0.006698309896641973,0.004554857828,0.21434520686419728,2446.0
kreis_03157,dep_hour_share_escort_21,0.005988555205607062,0.005955909995,0.003264521060706259,2446.0
kreis_03157,dep_hour_share_escort_22,0.003060817105088054,0.01087793846,-0.7817121354911947,2446.0
kreis_03157,dep_hour_share_escort_23,0.002040544736725369,0.0,0.2040544736725369,2446.0
kreis_03157,dep_hour_share_escort_4,0.0005766756864658653,0.001677280153,-0.11006044665341347,2446.0
kreis_03157,dep_hour_share_escort_5,0.0026615800913809165,0.0,0.2661580091380916,2446.0
kreis_03157,dep_hour_share_escort_6,0.04156500909373198,0.02231280512,1.9252203973731978,2446.0
kreis_03157,dep_hour_share_escort_7,0.1825400346005412,0.2606590118,-7.811897719945882,2446.0
kreis_03157,dep_hour_share_escort_8,0.08836445903384643,0.09204885515,-0.36843961161535654,2446.0
kreis_03157,dep_hour_share_escort_9,0.03238255777846782,0.01103988698,2.1342670798467815,2446.0
kreis_03157,dep_hour_share_home_10,0.03382242678648635,0.03864134031,-0.48189135235136504,2446.0
kreis_03157,dep_hour_share_home_11,0.04812307422873374,0.04567262629,0.2450447938733745,2446.0
kreis_03157,dep_hour_share_home_12,0.07543276834921382,0.08891004988,-1.3477281530786174,2446.0
kreis_03157,dep_hour_share_home_13,0.08640042907415212,0.09304391983,-0.6643490755847886,2446.0
kreis_03157,dep_hour_share_home_14,0.08727609060907733,0.07927661311,0.7999477499077325,2446.0
kreis_03157,dep_hour_share_home_15,0.10886114744498383,0.113888281,-0.5027133555016161,2446.0
kreis_03157,dep_hour_share_home_16,0.10878452706067787,0.1149899722,-0.6205445139322128,2446.0
kreis_03157,dep_hour_share_home_17,0.09939852998319824,0.120698359,-2.129982901680176,2446.0
kreis_03157,dep_hour_share_home_18,0.08612678484448798,0.09434014163,-0.8213356785512022,2446.0
kreis_03157,dep_hour_share_home_19,0.05826980226467964,0.04379358737,1.4476214894679644,2446.0
kreis_03157,dep_hour_share_home_20,0.0523755055577143,0.03840670697,1.3968798587714297,2446.0
kreis_03157,dep_hour_share_home_21,0.033417433326583444,0.0246708772,0.8746556126583445,2446.0
kreis_03157,dep_hour_share_home_22,0.0274300975815323,0.02339576701,0.40343305715322997,2446.0
kreis_03157,dep_hour_share_home_23,0.014147406673635473,0.002119216066,1.2028190607635474,2446.0
kreis_03157,dep_hour_share_home_4,3.831019215297807e-05,0.0003567160325,-0.0318405840347022,2446.0
kreis_03157,dep_hour_share_home_5,0.0008592428811453653,0.003148970236,-0.22897273548546346,2446.0
kreis_03157,dep_hour_share_home_6,0.0022712471062122713,0.004829271289,-0.2558024182787728,2446.0
kreis_03157,dep_hour_share_home_7,0.011263196492975552,0.01461149749,-0.33483009970244476,2446.0
kreis_03157,dep_hour_share_home_8,0.019658601459071032,0.02807630003,-0.8417698570928969,2446.0
kreis_03157,dep_hour_share_home_9,0.027807726618468795,0.02642496843,0.1382758188468794,2446.0
kreis_03157,dep_hour_share_leisure_10,0.04100678733031674,0.04986634595,-0.885955861968326,2446.0
kreis_03157,dep_hour_share_leisure_11,0.03420374560080443,0.04112018317,-0.691643756919557,2446.0
kreis_03157,dep_hour_share_leisure_12,0.04559451985922574,0.04638918938,-0.07946695207742618,2446.0
kreis_03157,dep_hour_share_leisure_13,0.05929487179487179,0.06298794176,-0.3693069965128207,2446.0
kreis_03157,dep_hour_share_leisure_14,0.08765397184514831,0.07585839861,1.1795573235148307,2446.0
kreis_03157,dep_hour_share_leisure_15,0.11026269482151835,0.1178422143,-0.757951947848165,2446.0
kreis_03157,dep_hour_share_leisure_16,0.1446864002011061,0.1507206765,-0.6034276298893915,2446.0
kreis_03157,dep_hour_share_leisure_17,0.12998051784816492,0.1236744464,0.6306071448164918,2446.0
kreis_03157,dep_hour_share_leisure_18,0.09703368526897939,0.1100027136,-1.2969028331020607,2446.0
kreis_03157,dep_hour_share_leisure_19,0.06138448969331322,0.06592465554,-0.4540165846686782,2446.0
kreis_03157,dep_hour_share_leisure_20,0.024007038712921067,0.01873725732,0.5269781392921068,2446.0
kreis_03157,dep_hour_share_leisure_21,0.01299333836098542,0.01198286858,0.10104697809854205,2446.0
kreis_03157,dep_hour_share_leisure_22,0.010683760683760684,0.004309228184,0.6374532499760683,2446.0
kreis_03157,dep_hour_share_leisure_23,0.0016968325791855204,0.0004180202683,0.12788123108855204,2446.0
kreis_03157,dep_hour_share_leisure_4,0.0002828054298642534,0.0,0.028280542986425343,2446.0
kreis_03157,dep_hour_share_leisure_5,0.002765208647561589,0.00504694818,-0.22817395324384113,2446.0
kreis_03157,dep_hour_share_leisure_6,0.017125439919557568,0.0113036418,0.5821798119557569,2446.0
kreis_03157,dep_hour_share_leisure_7,0.02584527400703871,0.02065448715,0.5190786857038711,2446.0
kreis_03157,dep_hour_share_leisure_8,0.04205945198592258,0.03447851003,0.7580941955922578,2446.0
kreis_03157,dep_hour_share_leisure_9,0.04774698340874811,0.04677948641,0.09674969987481102,2446.0
kreis_03157,dep_hour_share_other_10,0.08393006194262619,0.1521518314,-6.822176945737381,2446.0
kreis_03157,dep_hour_share_other_11,0.07483635724640865,0.1007628704,-2.5926513153591344,2446.0
kreis_03157,dep_hour_share_other_12,0.06475420638755876,0.06561377344,-0.08595670524412374,2446.0
kreis_03157,dep_hour_share_other_13,0.08048148310855335,0.04204706984,3.8434413268553356,2446.0
kreis_03157,dep_hour_share_other_14,0.07643983657690111,0.1123311418,-3.58913052230989,2446.0
kreis_03157,dep_hour_share_other_15,0.09045380661599965,0.07287010809,1.7583698525999656,2446.0
kreis_03157,dep_hour_share_other_16,0.08447919869964415,0.1080794917,-2.3600293000355848,2446.0
kreis_03157,dep_hour_share_other_17,0.0638536221060493,0.0736993369,-0.9845714793950702,2446.0
kreis_03157,dep_hour_share_other_18,0.04133901506831261,0.01983697873,2.150203633831261,2446.0
kreis_03157,dep_hour_share_other_19,0.03402451346483328,0.006493111688,2.753140177683328,2446.0
kreis_03157,dep_hour_share_other_20,0.013882177217414225,0.003512883071,1.0369294146414223,2446.0
kreis_03157,dep_hour_share_other_21,0.00918156657734042,0.001318428024,0.7863138553340421,2446.0
kreis_03157,dep_hour_share_other_22,0.005337609278214647,0.0,0.5337609278214647,2446.0
kreis_03157,dep_hour_share_other_23,0.0029433730176163073,0.0,0.29433730176163075,2446.0
kreis_03157,dep_hour_share_other_4,0.001515617449369591,0.0,0.1515617449369591,2446.0
kreis_03157,dep_hour_share_other_5,0.003800026358564337,0.0,0.3800026358564337,2446.0
kreis_03157,dep_hour_share_other_6,0.017792030927382154,0.006424926355,1.1367104572382154,2446.0
kreis_03157,dep_hour_share_other_7,0.06348020911127707,0.04588633064,1.7593878471277067,2446.0
kreis_03157,dep_hour_share_other_8,0.08810350129596274,0.101739951,-1.3636449704037255,2446.0
kreis_03157,dep_hour_share_other_9,0.09047577208628037,0.08723176686,0.32440052262803637,2446.0
kreis_03157,dep_hour_share_shop_10,0.13037050725307217,0.09878747672,3.158303053307217,2446.0
kreis_03157,dep_hour_share_shop_11,0.08423419261449383,0.08513403848,-0.08998458655061631,2446.0
kreis_03157,dep_hour_share_shop_12,0.07117558286365457,0.1066141196,-3.5438536736345436,2446.0
kreis_03157,dep_hour_share_shop_13,0.05854815362345622,0.05232446615,0.6223687473456224,2446.0
kreis_03157,dep_hour_share_shop_14,0.07819766546552095,0.08709761272,-0.889994725447904,2446.0
kreis_03157,dep_hour_share_shop_15,0.10280575317995627,0.1078695233,-0.5063770120043734,2446.0
kreis_03157,dep_hour_share_shop_16,0.09113308078474854,0.1170282527,-2.5895171915251467,2446.0
kreis_03157,dep_hour_share_shop_17,0.07012843019495518,0.08633566781,-1.620723761504482,2446.0
kreis_03157,dep_hour_share_shop_18,0.04133173180572238,0.04407355299,-0.27418211842776197,2446.0
kreis_03157,dep_hour_share_shop_19,0.01204225569004281,0.007665948329,0.43763073610428094,2446.0
kreis_03157,dep_hour_share_shop_20,0.0032338538298068925,0.006720398303,-0.3486544473193107,2446.0
kreis_03157,dep_hour_share_shop_21,0.0015399303951461395,0.0,0.15399303951461393,2446.0
kreis_03157,dep_hour_share_shop_22,0.0010471526686993747,0.0,0.10471526686993747,2446.0
kreis_03157,dep_hour_share_shop_23,0.00036958329483507344,0.0,0.03695832948350734,2446.0
kreis_03157,dep_hour_share_shop_4,0.00015399303951461394,0.0,0.015399303951461394,2446.0
kreis_03157,dep_hour_share_shop_5,0.0012935415319227572,0.0,0.12935415319227572,2446.0
kreis_03157,dep_hour_share_shop_6,0.011949859866334041,0.004202694124,0.7747165742334041,2446.0
kreis_03157,dep_hour_share_shop_7,0.04299485663248021,0.02758049166,1.541436497248021,2446.0
kreis_03157,dep_hour_share_shop_8,0.07656533924666604,0.05805903282,1.8506306426666044,2446.0
kreis_03157,dep_hour_share_shop_9,0.11786627244448551,0.1105067242,0.7359548244485509,2446.0
kreis_03157,dep_hour_share_work_10,0.02817616671044567,0.03349005889,-0.531389217955433,2446.0
kreis_03157,dep_hour_share_work_11,0.02369319674284213,0.03219821615,-0.8505019407157869,2446.0
kreis_03157,dep_hour_share_work_12,0.029944838455476755,0.02400403544,0.5940803015476753,2446.0
kreis_03157,dep_hour_share_work_13,0.03612643376236757,0.04438396933,-0.825753556763243,2446.0
kreis_03157,dep_hour_share_work_14,0.022012083004990808,0.01752233201,0.44897509949908093,2446.0
kreis_03157,dep_hour_share_work_15,0.018282111899133174,0.01002949914,0.8252612759133174,2446.0
kreis_03157,dep_hour_share_work_16,0.011522633744855968,0.01039100778,0.11316259648559684,2446.0
kreis_03157,dep_hour_share_work_17,0.007302337798791699,0.0112437194,-0.39413816012083003,2446.0
kreis_03157,dep_hour_share_work_18,0.003940110323089046,0.01378795032,-0.9847839996910954,2446.0
kreis_03157,dep_hour_share_work_19,0.0028193678311881623,0.0,0.2819367831188162,2446.0
kreis_03157,dep_hour_share_work_20,0.005218457227913493,0.002694522053,0.25239351749134925,2446.0
kreis_03157,dep_hour_share_work_21,0.0035548550914981177,0.01089474319,-0.7339888098501883,2446.0
kreis_03157,dep_hour_share_work_22,0.0010506960861570791,0.0,0.10506960861570791,2446.0
kreis_03157,dep_hour_share_work_23,0.000717975658874004,0.0,0.0717975658874004,2446.0
kreis_03157,dep_hour_share_work_4,0.02896418877506348,0.01818388768,1.078030109506348,2446.0
kreis_03157,dep_hour_share_work_5,0.1266614131862359,0.09817122256,2.8490190626235896,2446.0
kreis_03157,dep_hour_share_work_6,0.216548463356974,0.1898237086,2.6724754756974,2446.0
kreis_03157,dep_hour_share_work_7,0.24553016373347342,0.3243751272,-7.884496346652659,2446.0
kreis_03157,dep_hour_share_work_8,0.12522546186848788,0.119425894,0.579956786848787,2446.0
kreis_03157,dep_hour_share_work_9,0.05136152701164522,0.03607658411,1.528494290164522,2446.0
kreis_03157,mean_work_activity_h,5.745951755154489,6.415477383,-0.6695256278455108,2446.0
kreis_03157,mobility_rate,0.8775614866696461,0.8212402024,5.632128426964611,2446.0
kreis_03157,n_persons_unweighted,136493.0,2446.0,134047.0,2446.0
kreis_03157,n_persons_weighted,136493.0,104172.0,32321.0,2446.0
kreis_03157,n_work_activities_measured,57070.0,871.0,56199.0,2446.0
kreis_03157,nonhome_acts_per_mobile,2.1398802815137627,2.155588382,-0.015708100486237164,2446.0
kreis_03157,participation_education,0.19820796670891547,0.1901311055,0.8076861208915459,2446.0
kreis_03157,participation_escort,0.10482588850710294,0.1063565594,-0.15306708928970597,2446.0
kreis_03157,participation_home,0.8775614866696461,0.8137540321,6.380745456964609,2446.0
kreis_03157,participation_leisure,0.36816540042346496,0.3722657309,-0.4100330476535019,2446.0
kreis_03157,participation_other,0.2442616104855194,0.1664957087,7.77659017855194,2446.0
kreis_03157,participation_shop,0.20294081015143633,0.2322507851,-2.930997494856366,2446.0
kreis_03157,participation_work,0.3345592814283516,0.3164269236,1.8132357828351597,2446.0
kreis_03157,purpose_share_education,0.07977933472425952,0.06415113977,1.5628194954259516,2446.0
kreis_03157,purpose_share_escort,0.05134658661248736,0.05521754869,-0.3870962077512641,2446.0
kreis_03157,purpose_share_home,0.4161822720688053,0.430629673,-1.4447400931194676,2446.0
kreis_03157,purpose_share_leisure,0.1449721662916025,0.1663083762,-2.133620990839749,2446.0
kreis_03157,purpose_share_other,0.10369536894468791,0.07017784179,3.3517527154687907,2446.0
kreis_03157,purpose_share_shop,0.073955210962199,0.09305182129,-1.909661032780101,2446.0
kreis_03157,purpose_share_work,0.13006906039595842,0.1204635993,0.9605461095958417,2446.0
kreis_03157,share_mobile_first_from_home,1.0,0.9810117436,1.8988256400000014,2446.0
kreis_03157,share_mobile_last_to_home,1.0,0.9814461412,1.8553858800000045,2446.0
kreis_03157,share_mobile_odd_trip_count,0.2816640368672828,0.2207371556,6.092688126728279,2446.0
kreis_03157,share_trips_0,0.12243851333035394,0.1787597976,-5.632128426964606,2446.0
kreis_03157,share_trips_1,0.0009744089440484128,0.008836270712,-0.7861861767951589,2446.0
kreis_03157,share_trips_2,0.3476295487680687,0.3141973457,3.3432203068068658,2446.0
kreis_03157,share_trips_3,0.11541983837999019,0.06668096858,4.8738869799990185,2446.0
kreis_03157,share_trips_4,0.1819140908324969,0.2130226015,-3.1108510667503086,2446.0
kreis_03157,share_trips_5,0.09236371095953638,0.06327543051,2.908828044953639,2446.0
kreis_03157,share_trips_6,0.06928560438996871,0.08170331607,-1.2417711680031294,2446.0
kreis_03157,share_trips_7,0.028155290014872558,0.02678843864,0.1366851374872559,2446.0
kreis_03157,share_trips_8plus,0.04181899438066421,0.04673583062,-0.4916836239335795,2446.0
kreis_03157,share_trips_followed_by_same_purpose,0.09960231051667745,0.04319098711,5.6411323406677445,2446.0
kreis_03157,share_trips_home_based,0.8103982361355333,0.8605857712,-5.0187535064466715,2446.0
kreis_03157,share_trips_unknown_purpose,0.0,0.0006487918246,-0.06487918245999999,2446.0
kreis_03157,share_work_activities_lt_2h,0.19150166462239354,0.1186540761,7.284758852239354,2446.0
kreis_03157,tours_per_mobile,1.5254422654678121,1.628471052,-0.10302878653218794,2446.0
kreis_03157,trips_per_mobile_person,3.665322546981575,3.784059434,-0.11873688701842511,2446.0
kreis_03157,trips_per_person,3.2165459034529245,3.107621736,0.10892416745292444,2446.0
kreis_03157,trips_per_person_education,0.2566138922875166,0.1992281348,0.057385757487516564,2446.0
kreis_03157,trips_per_person_escort,0.16515865282468697,0.1714839249,-0.0063252720753130265,2446.0
kreis_03157,trips_per_person_home,1.338669382312646,1.337365896,0.001303486312645985,2446.0
kreis_03157,trips_per_person_leisure,0.4663096275999502,0.5164882138,-0.05017858620004978,2446.0
kreis_03157,trips_per_person_other,0.33354091418607545,0.217944694,0.11559622018607546,2446.0
kreis_03157,trips_per_person_shop,0.237880330859458,0.2889822513,-0.05110192044054199,2446.0
kreis_03157,trips_per_person_work,0.41837310338259104,0.3741124209,0.04426068248259102,2446.0
kreis_03158,dep_hour_share_all_10,0.045074753065067835,0.05515405448,-1.0079301414932165,1871.0
kreis_03158,dep_hour_share_all_11,0.0483851544384232,0.05128257631,-0.2897421871576801,1871.0
kreis_03158,dep_hour_share_all_12,0.05982807435591939,0.05721300189,0.26150724659193963,1871.0
kreis_03158,dep_hour_share_all_13,0.06542654726674098,0.07577047958,-1.0343932313259017,1871.0
kreis_03158,dep_hour_share_all_14,0.07255979604647886,0.06910079288,0.34590031664788606,1871.0
kreis_03158,dep_hour_share_all_15,0.08805616408521978,0.0945681824,-0.6512018314780224,1871.0
kreis_03158,dep_hour_share_all_16,0.09015719282063107,0.09813400199,-0.7976809169368924,1871.0
kreis_03158,dep_hour_share_all_17,0.07753564702717244,0.07468157096,0.2854076067172445,1871.0
kreis_03158,dep_hour_share_all_18,0.0642171746287969,0.06272519837,0.14919762587969065,1871.0
kreis_03158,dep_hour_share_all_19,0.04007584201288802,0.0362048663,0.38709757128880184,1871.0
kreis_03158,dep_hour_share_all_20,0.027210884353741496,0.02188639743,0.5324486923741496,1871.0
kreis_03158,dep_hour_share_all_21,0.01964718090626081,0.01357014316,0.607703774626081,1871.0
kreis_03158,dep_hour_share_all_22,0.0138027338995862,0.006890193345,0.69125405545862,1871.0
kreis_03158,dep_hour_share_all_23,0.006971828279334333,0.004613050967,0.2358777312334333,1871.0
kreis_03158,dep_hour_share_all_4,0.004022701359263103,0.003629293392,0.039340796726310266,1871.0
kreis_03158,dep_hour_share_all_5,0.016552006866776842,0.01126620152,0.5285805346776843,1871.0
kreis_03158,dep_hour_share_all_6,0.0504067540387153,0.0406541143,0.9752639738715297,1871.0
kreis_03158,dep_hour_share_all_7,0.08979591836734693,0.1039640148,-1.416809643265307,1871.0
kreis_03158,dep_hour_share_all_8,0.05818312258990225,0.06412901048,-0.594588789009775,1871.0
kreis_03158,dep_hour_share_all_9,0.05084233316678837,0.05243075416,-0.1588420993211631,1871.0
kreis_03158,dep_hour_share_education_10,0.01816814439518683,0.002660874358,1.5507270037186829,1871.0
kreis_03158,dep_hour_share_education_11,0.03384262191260291,0.00987711508,2.3965506832602914,1871.0
kreis_03158,dep_hour_share_education_12,0.023234642178594046,0.00972202424,1.3512617938594045,1871.0
kreis_03158,dep_hour_share_education_13,0.02537207093096897,0.03807245213,-1.2700381199031028,1871.0
kreis_03158,dep_hour_share_education_14,0.021572197593413552,0.009916532512,1.1655665081413553,1871.0
kreis_03158,dep_hour_share_education_15,0.03503008233058898,0.02757460069,0.7455481640588978,1871.0
kreis_03158,dep_hour_share_education_16,0.015357821405953135,0.01405167733,0.13061440759531348,1871.0
kreis_03158,dep_hour_share_education_17,0.00870804306523116,0.004867861149,0.38401819162311596,1871.0
kreis_03158,dep_hour_share_education_18,0.004235275490816973,0.0,0.4235275490816973,1871.0
kreis_03158,dep_hour_share_education_19,0.006847688410386321,0.0,0.6847688410386321,1871.0
kreis_03158,dep_hour_share_education_20,0.00047498416719442683,0.0,0.04749841671944268,1871.0
kreis_03158,dep_hour_share_education_21,7.916402786573781e-05,0.0,0.007916402786573781,1871.0
kreis_03158,dep_hour_share_education_22,3.9582013932868905e-05,0.0,0.003958201393286891,1871.0
kreis_03158,dep_hour_share_education_23,0.00015832805573147562,0.0,0.015832805573147563,1871.0
kreis_03158,dep_hour_share_education_4,0.0003562381253958201,0.0,0.035623812539582016,1871.0
kreis_03158,dep_hour_share_education_5,0.0027311589613679545,0.0,0.27311589613679543,1871.0
kreis_03158,dep_hour_share_education_6,0.17803989867004433,0.08214585943,9.589403924004433,1871.0
kreis_03158,dep_hour_share_education_7,0.4708280557314756,0.6373170409,-16.648898516852434,1871.0
kreis_03158,dep_hour_share_education_8,0.11720234325522483,0.110496553,0.670579025522483,1871.0
kreis_03158,dep_hour_share_education_9,0.03637587080430652,0.05329740919,-1.6921538385693478,1871.0
kreis_03158,dep_hour_share_escort_10,0.016293176918834914,0.02741296507,-1.1119788151165086,1871.0
kreis_03158,dep_hour_share_escort_11,0.034541535067930014,0.02080495752,1.3736577547930013,1871.0
kreis_03158,dep_hour_share_escort_12,0.05253922895673535,0.05321798475,-0.06787557932646515,1871.0
kreis_03158,dep_hour_share_escort_13,0.07324409685667017,0.09225923392,-1.9015137063329828,1871.0
kreis_03158,dep_hour_share_escort_14,0.14292876121722564,0.102593244,4.0335517217225645,1871.0
kreis_03158,dep_hour_share_escort_15,0.12803930415601344,0.1687602819,-4.072097774398656,1871.0
kreis_03158,dep_hour_share_escort_16,0.0981601243294731,0.04451623652,5.36438878094731,1871.0
kreis_03158,dep_hour_share_escort_17,0.05750238131047275,0.03453654203,2.296583928047275,1871.0
kreis_03158,dep_hour_share_escort_18,0.03739910763523337,0.03517520488,0.22239027552333687,1871.0
kreis_03158,dep_hour_share_escort_19,0.019251015190254173,0.007376827986,1.1874187204254174,1871.0
kreis_03158,dep_hour_share_escort_20,0.0061162079510703364,0.002614832101,0.3501375850070336,1871.0
kreis_03158,dep_hour_share_escort_21,0.00897378051837369,0.0,0.897378051837369,1871.0
kreis_03158,dep_hour_share_escort_22,0.0017546498220283751,0.001096139809,0.06585100130283753,1871.0
kreis_03158,dep_hour_share_escort_23,0.0011530555973329323,0.0,0.11530555973329323,1871.0
kreis_03158,dep_hour_share_escort_4,0.001554118413796561,0.0,0.1554118413796561,1871.0
kreis_03158,dep_hour_share_escort_5,0.0015039855617386072,0.0,0.15039855617386072,1871.0
kreis_03158,dep_hour_share_escort_6,0.04246252569308668,0.03150092254,1.0961603153086683,1871.0
kreis_03158,dep_hour_share_escort_7,0.16884744573118765,0.2425382786,-7.369083286881234,1871.0
kreis_03158,dep_hour_share_escort_8,0.07735499072542237,0.1043624275,-2.700743677457762,1871.0
kreis_03158,dep_hour_share_escort_9,0.02702160725923698,0.03123392086,-0.42123136007630213,1871.0
kreis_03158,dep_hour_share_home_10,0.032547802854011994,0.04367232834,-1.1124525485988004,1871.0
kreis_03158,dep_hour_share_home_11,0.04852312882453613,0.05756872897,-0.9045600145463863,1871.0
kreis_03158,dep_hour_share_home_12,0.07473620704514954,0.07114544741,0.3590759635149529,1871.0
kreis_03158,dep_hour_share_home_13,0.08244991935384577,0.08939421248,-0.6944293126154231,1871.0
kreis_03158,dep_hour_share_home_14,0.08159420825176375,0.08751906609,-0.592485783823625,1871.0
kreis_03158,dep_hour_share_home_15,0.10536327706571122,0.1153993244,-1.0036047334288782,1871.0
kreis_03158,dep_hour_share_home_16,0.11325551902879868,0.1205004999,-0.7244980871201318,1871.0
kreis_03158,dep_hour_share_home_17,0.10126940740467132,0.0867880434,1.4481364004671315,1871.0
kreis_03158,dep_hour_share_home_18,0.09193045962151714,0.09740646199,-0.5476002368482863,1871.0
kreis_03158,dep_hour_share_home_19,0.061069454191753164,0.05202318318,0.9046271011753162,1871.0
kreis_03158,dep_hour_share_home_20,0.050209926248784155,0.03821740242,1.1992523828784156,1871.0
kreis_03158,dep_hour_share_home_21,0.03779288097612628,0.02671837785,1.1074503126126278,1871.0
kreis_03158,dep_hour_share_home_22,0.02781368891515532,0.01568993182,1.212375709515532,1871.0
kreis_03158,dep_hour_share_home_23,0.014676368829953582,0.00638792609,0.8288442739953581,1871.0
kreis_03158,dep_hour_share_home_4,4.309336485305162e-05,0.0007734310221,-0.07303376572469483,1871.0
kreis_03158,dep_hour_share_home_5,0.0007079624225858482,0.00563800055,-0.49300381274141514,1871.0
kreis_03158,dep_hour_share_home_6,0.001526736354793829,0.007895271508,-0.6368535153206172,1871.0
kreis_03158,dep_hour_share_home_7,0.008981888474371761,0.01212239825,-0.31405097756282385,1871.0
kreis_03158,dep_hour_share_home_8,0.01696031716716532,0.03462856587,-1.7668248702834684,1871.0
kreis_03158,dep_hour_share_home_9,0.03043622797621246,0.02767257553,0.2763652446212461,1871.0
kreis_03158,dep_hour_share_leisure_10,0.045811683057947826,0.04393411535,0.1877567707947829,1871.0
kreis_03158,dep_hour_share_leisure_11,0.029953792768658193,0.03413978358,-0.41859908113418065,1871.0
kreis_03158,dep_hour_share_leisure_12,0.040957226846940795,0.0515817975,-1.0624570653059204,1871.0
kreis_03158,dep_hour_share_leisure_13,0.04850860317517395,0.06887164928,-2.0363046104826052,1871.0
kreis_03158,dep_hour_share_leisure_14,0.08182455635664071,0.05625050905,2.557404730664071,1871.0
kreis_03158,dep_hour_share_leisure_15,0.10625865261870944,0.1167850565,-1.0526403881290558,1871.0
kreis_03158,dep_hour_share_leisure_16,0.14126467574030457,0.1247820193,1.6482656440304568,1871.0
kreis_03158,dep_hour_share_leisure_17,0.13806433053452957,0.1476739585,-0.9609627965470435,1871.0
kreis_03158,dep_hour_share_leisure_18,0.10735540013304806,0.0844457048,2.290969533304807,1871.0
kreis_03158,dep_hour_share_leisure_19,0.060716661572484225,0.06485958293,-0.4142921357515782,1871.0
kreis_03158,dep_hour_share_leisure_20,0.024685808806343155,0.0308634367,-0.6177627893656844,1871.0
kreis_03158,dep_hour_share_leisure_21,0.013286826444200723,0.01105487573,0.22319507142007228,1871.0
kreis_03158,dep_hour_share_leisure_22,0.010248296445459286,0.0005575326329,0.9690763812559287,1871.0
kreis_03158,dep_hour_share_leisure_23,0.0018698646146101154,0.003073118089,-0.12032534743898848,1871.0
kreis_03158,dep_hour_share_leisure_4,0.00030565094661896114,0.004135896466,-0.38302455193810386,1871.0
kreis_03158,dep_hour_share_leisure_5,0.003038529998741437,0.005569946358,-0.2531416359258563,1871.0
kreis_03158,dep_hour_share_leisure_6,0.018590769341412107,0.01499059211,0.3600177231412108,1871.0
kreis_03158,dep_hour_share_leisure_7,0.024254301587586975,0.02605144068,-0.17971390924130248,1871.0
kreis_03158,dep_hour_share_leisure_8,0.04467897660871285,0.05167739811,-0.6998421501287149,1871.0
kreis_03158,dep_hour_share_leisure_9,0.0530034700372175,0.05842583073,-0.5422360692782506,1871.0
kreis_03158,dep_hour_share_other_10,0.08761271035247602,0.1599726669,-7.235995654752399,1871.0
kreis_03158,dep_hour_share_other_11,0.08532233955349824,0.07557085747,0.9751482083498242,1871.0
kreis_03158,dep_hour_share_other_12,0.06704759149428613,0.03858206384,2.846552765428613,1871.0
kreis_03158,dep_hour_share_other_13,0.07910217464680071,0.07530674409,0.3795430556800705,1871.0
kreis_03158,dep_hour_share_other_14,0.08623848787308935,0.08053868999,0.5699797883089358,1871.0
kreis_03158,dep_hour_share_other_15,0.08845653117315204,0.0852189803,0.32375508731520425,1871.0
kreis_03158,dep_hour_share_other_16,0.08958966198948841,0.09817349272,-0.8583830730511597,1871.0
kreis_03158,dep_hour_share_other_17,0.06029702492887796,0.04801915574,1.227786918887796,1871.0
kreis_03158,dep_hour_share_other_18,0.03982834273590819,0.01484022095,2.498812178590819,1871.0
kreis_03158,dep_hour_share_other_19,0.028665798736679685,0.0009990018478,2.766679688887969,1871.0
kreis_03158,dep_hour_share_other_20,0.012874294806885577,0.000445981966,1.2428312840885576,1871.0
kreis_03158,dep_hour_share_other_21,0.007497950720864072,0.003042066317,0.44558844038640727,1871.0
kreis_03158,dep_hour_share_other_22,0.004194994937075076,0.0,0.4194994937075076,1871.0
kreis_03158,dep_hour_share_other_23,0.004050339939244901,0.0,0.4050339939244901,1871.0
kreis_03158,dep_hour_share_other_4,0.0015670958098268962,0.0,0.1567095809826896,1871.0
kreis_03158,dep_hour_share_other_5,0.001277785814166546,0.002421446838,-0.1143661023833454,1871.0
kreis_03158,dep_hour_share_other_6,0.019070350547278077,0.01059897521,0.8471375337278076,1871.0
kreis_03158,dep_hour_share_other_7,0.061767684073484735,0.07230242952,-1.0534745446515268,1871.0
kreis_03158,dep_hour_share_other_8,0.07661893051738271,0.1147094796,-3.809054908261729,1871.0
kreis_03158,dep_hour_share_other_9,0.09308549110371764,0.1192577466,-2.6172255496282366,1871.0
kreis_03158,dep_hour_share_shop_10,0.11496940769452542,0.1219647016,-0.6995293905474584,1871.0
kreis_03158,dep_hour_share_shop_11,0.09094403690296954,0.1097824358,-1.8838398897030455,1871.0
kreis_03158,dep_hour_share_shop_12,0.08780472178620623,0.06949173784,1.831298394620623,1871.0
kreis_03158,dep_hour_share_shop_13,0.06089630649966365,0.08454214989,-2.364584339033635,1871.0
kreis_03158,dep_hour_share_shop_14,0.07662491591120223,0.06957981999,0.7045095921202227,1871.0
kreis_03158,dep_hour_share_shop_15,0.10362943268091104,0.07121066525,3.2418767430911046,1871.0
kreis_03158,dep_hour_share_shop_16,0.07409424352115834,0.1397555875,-6.5661343978841655,1871.0
kreis_03158,dep_hour_share_shop_17,0.059390716596726144,0.07355867656,-1.416795996327385,1871.0
kreis_03158,dep_hour_share_shop_18,0.043854310151520005,0.04277831041,0.10759997415200062,1871.0
kreis_03158,dep_hour_share_shop_19,0.014927763718486722,0.03085819852,-1.593043480151328,1871.0
kreis_03158,dep_hour_share_shop_20,0.004292532914757985,0.006191894785,-0.1899361870242015,1871.0
kreis_03158,dep_hour_share_shop_21,0.0021783002851010667,0.0,0.21783002851010666,1871.0
kreis_03158,dep_hour_share_shop_22,0.0014735560752154274,0.0,0.14735560752154275,1871.0
kreis_03158,dep_hour_share_shop_23,0.0005125412435531922,0.0,0.05125412435531922,1871.0
kreis_03158,dep_hour_share_shop_4,6.406765544414902e-05,0.0,0.006406765544414902,1871.0
kreis_03158,dep_hour_share_shop_5,0.0005766088989973412,0.0,0.05766088989973413,1871.0
kreis_03158,dep_hour_share_shop_6,0.011884550084889643,0.008862747522,0.30218025628896433,1871.0
kreis_03158,dep_hour_share_shop_7,0.042508889387192876,0.03514281976,0.7366069627192877,1871.0
kreis_03158,dep_hour_share_shop_8,0.08844539834064773,0.0437058696,4.473952874064772,1871.0
kreis_03158,dep_hour_share_shop_9,0.1192619406092834,0.0925743851,2.6687555509283394,1871.0
kreis_03158,dep_hour_share_work_10,0.03221530871470123,0.02641494861,0.5800360104701228,1871.0
kreis_03158,dep_hour_share_work_11,0.02602996944147859,0.01660022885,0.942974059147859,1871.0
kreis_03158,dep_hour_share_work_12,0.03267552741062553,0.04021213059,-0.7536603179374469,1871.0
kreis_03158,dep_hour_share_work_13,0.0397628953278598,0.04043885205,-0.06759567221402002,1871.0
kreis_03158,dep_hour_share_work_14,0.021151651264680976,0.025826721,-0.4675069735319025,1871.0
kreis_03158,dep_hour_share_work_15,0.018390339089135156,0.01949787229,-0.1107533200864843,1871.0
kreis_03158,dep_hour_share_work_16,0.010272081293030448,0.01095984865,-0.06877673569695517,1871.0
kreis_03158,dep_hour_share_work_17,0.007547586613158573,0.006489062176,0.10585244371585731,1871.0
kreis_03158,dep_hour_share_work_18,0.005246493133537057,0.004155481623,0.10910115105370573,1871.0
kreis_03158,dep_hour_share_work_19,0.002429954714480321,0.0,0.2429954714480321,1871.0
kreis_03158,dep_hour_share_work_20,0.005320128124884946,0.0006980929976,0.4622035127284946,1871.0
kreis_03158,dep_hour_share_work_21,0.00423401200250359,0.003611585871,0.062242613150358984,1871.0
kreis_03158,dep_hour_share_work_22,0.0007915761569898016,0.001434930602,-0.06433544450101984,1871.0
kreis_03158,dep_hour_share_work_23,0.0004049924524133868,0.012066013,-1.1661020547586614,1871.0
kreis_03158,dep_hour_share_work_4,0.026490188137402892,0.02201327391,0.4476914227402894,1871.0
kreis_03158,dep_hour_share_work_5,0.11056293950885461,0.06533262306,4.523031644885461,1871.0
kreis_03158,dep_hour_share_work_6,0.21876955929457678,0.2199542112,-0.11846519054232174,1871.0
kreis_03158,dep_hour_share_work_7,0.24089687419461728,0.2789355718,-3.8038697605382725,1871.0
kreis_03158,dep_hour_share_work_8,0.1293214535547292,0.1334530624,-0.4131608845270779,1871.0
kreis_03158,dep_hour_share_work_9,0.053551047457751924,0.0644253084,-1.0874260942248082,1871.0
kreis_03158,mean_work_activity_h,5.763447852384022,6.272497235,-0.5090493826159781,1871.0
kreis_03158,mobility_rate,0.9005910205750102,0.859850828,4.074019257501016,1871.0
kreis_03158,n_persons_unweighted,117424.0,1871.0,115553.0,1871.0
kreis_03158,n_persons_weighted,117424.0,67261.0,50163.0,1871.0
kreis_03158,n_work_activities_measured,54285.0,685.0,53600.0,1871.0
kreis_03158,nonhome_acts_per_mobile,2.1545611861826366,2.19084171,-0.03628052381736335,1871.0
kreis_03158,participation_education,0.16954796293772995,0.1783423675,-0.8794404562270042,1871.0
kreis_03158,participation_escort,0.11500204387518735,0.1155273422,-0.05252983248126425,1871.0
kreis_03158,participation_home,0.9005910205750102,0.8509482999,4.964272067501019,1871.0
kreis_03158,participation_leisure,0.37988826815642457,0.3852013769,-0.5313108743575434,1871.0
kreis_03158,participation_other,0.2539770404687287,0.1813403823,7.263665816872872,1871.0
kreis_03158,participation_shop,0.22245878185038834,0.3003820177,-7.792323584961166,1871.0
kreis_03158,participation_work,0.3704097969750647,0.3336604347,3.6749362275064703,1871.0
kreis_03158,purpose_share_education,0.06473218289198919,0.05991894387,0.4813239021989192,1871.0
kreis_03158,purpose_share_escort,0.05110880510396249,0.05721124417,-0.610243906603751,1871.0
kreis_03158,purpose_share_home,0.4162035435643184,0.4209777963,-0.47742527356816056,1871.0
kreis_03158,purpose_share_leisure,0.1425086795546844,0.1581563002,-1.5647620645315579,1871.0
kreis_03158,purpose_share_other,0.10627618278949998,0.06567131097,4.060487181949998,1871.0
kreis_03158,purpose_share_shop,0.07998513906504222,0.1180479127,-3.8062773634957776,1871.0
kreis_03158,purpose_share_work,0.13918546703050336,0.1200164918,1.9168975230503358,1871.0
kreis_03158,share_mobile_first_from_home,1.0,0.981267738,1.8732262,1871.0
kreis_03158,share_mobile_last_to_home,1.0,0.9794394822,2.056051780000001,1871.0
kreis_03158,share_mobile_odd_trip_count,0.28887670092954204,0.2337599305,5.511677042954205,1871.0
kreis_03158,share_trips_0,0.09940897942498977,0.140149172,-4.074019257501021,1871.0
kreis_03158,share_trips_1,0.0008516146613980107,0.005121677129,-0.4270062467601989,1871.0
kreis_03158,share_trips_2,0.32381795884997955,0.3023557305,2.1462228349979573,1871.0
kreis_03158,share_trips_3,0.13109756097560976,0.0894352087,4.166235227560976,1871.0
kreis_03158,share_trips_4,0.21854987055457148,0.2458050449,-2.7255174345428514,1871.0
kreis_03158,share_trips_5,0.09000715356315574,0.07536807732,1.4639076243155733,1871.0
kreis_03158,share_trips_6,0.0671668483444611,0.07578641606,-0.86195677155389,1871.0
kreis_03158,share_trips_7,0.02961064177680883,0.01798444424,1.1626197536808829,1871.0
kreis_03158,share_trips_8plus,0.039489371849025755,0.04799422912,-0.8504857270974248,1871.0
kreis_03158,share_trips_followed_by_same_purpose,0.10213049438231037,0.04154866765,6.058182673231037,1871.0
kreis_03158,share_trips_home_based,0.8081325185441408,0.8419643411,-3.383182255585915,1871.0
kreis_03158,share_trips_unknown_purpose,0.0,0.0005637387882,-0.05637387882,1871.0
kreis_03158,share_work_activities_lt_2h,0.1915077829971447,0.1171743165,7.433346649714469,1871.0
kreis_03158,tours_per_mobile,1.536042212366786,1.59130017,-0.05525795763321395,1871.0
kreis_03158,trips_per_mobile_person,3.6906033985494227,3.782141881,-0.09153848245057716,1871.0
kreis_03158,trips_per_person,3.323724281237226,3.252077828,0.07164645323722585,1871.0
kreis_03158,trips_per_person_education,0.2151519280555934,0.1947512181,0.0204007099555934,1871.0
kreis_03158,trips_per_person_escort,0.16987157650906118,0.185950532,-0.016078955490938823,1871.0
kreis_03158,trips_per_person_home,1.3833458236817004,1.368280769,0.015065054681700385,1871.0
kreis_03158,trips_per_person_leisure,0.47365955852295955,0.5140466457,-0.04038708717704048,1871.0
kreis_03158,trips_per_person_other,0.35323272925466687,0.2134478176,0.13978491165466686,1871.0
kreis_03158,trips_per_person_shop,0.265848548848617,0.3836845796,-0.11783603075138305,1871.0
kreis_03158,trips_per_person_work,0.46261411636462735,0.3900829432,0.07253117316462737,1871.0
