segment,metric,model,srv,delta_pp,n_srv
age_0-5,dep_hour_share_all_10,0.025058780560184447,0.03927904023,-1.4220259669815554,1081
age_0-5,dep_hour_share_all_11,0.029110644417558836,0.04226813044,-1.3157486022441167,1081
age_0-5,dep_hour_share_all_12,0.05064259136667656,0.03748043204,1.3162159326676561,1081
age_0-5,dep_hour_share_all_13,0.06690711530120758,0.05527771632,1.1629398981207573,1081
age_0-5,dep_hour_share_all_14,0.08830780468874837,0.1203613924,-3.2053587711251637,1081
age_0-5,dep_hour_share_all_15,0.12481452735864132,0.1388659157,-1.4051388341358688,1081
age_0-5,dep_hour_share_all_16,0.11676216129842262,0.1040704872,1.2691674098422618,1081
age_0-5,dep_hour_share_all_17,0.0799358550003424,0.0875289599,-0.7593104899657588,1081
age_0-5,dep_hour_share_all_18,0.05960805350743032,0.04142940511,1.8178648397430324,1081
age_0-5,dep_hour_share_all_19,0.026605337046590728,0.008109154422,1.8496182624590727,1081
age_0-5,dep_hour_share_all_20,0.009815782865752049,0.004198027095,0.5617755770752049,1081
age_0-5,dep_hour_share_all_21,0.005204647659049924,0.001025825513,0.41788221460499236,1081
age_0-5,dep_hour_share_all_22,0.0034640582555299382,0.0,0.3464058255529938,1081
age_0-5,dep_hour_share_all_23,0.0011813180541922525,0.0,0.11813180541922524,1081
age_0-5,dep_hour_share_all_4,0.00027392882416052227,0.0,0.027392882416052228,1081
age_0-5,dep_hour_share_all_5,0.0018204853105668044,0.0,0.18204853105668045,1081
age_0-5,dep_hour_share_all_6,0.033345127491040245,0.004651560907,2.8693566584040244,1081
age_0-5,dep_hour_share_all_7,0.1419122514666606,0.1546271582,-1.2714906733339415,1081
age_0-5,dep_hour_share_all_8,0.09745588604560915,0.1249925596,-2.753667355439085,1081
age_0-5,dep_hour_share_all_9,0.0369404433081471,0.03583423487,0.11062084381470993,1081
age_0-5,dep_hour_share_education_10,0.021964998222257337,0.01012151758,1.1843480642257338,1081
age_0-5,dep_hour_share_education_11,0.016967566072768933,0.003528773684,1.3438792388768934,1081
age_0-5,dep_hour_share_education_12,0.021411922727452296,0.002992244809,1.8419677918452295,1081
age_0-5,dep_hour_share_education_13,0.040078220677122425,0.003951932875,3.6126287802122423,1081
age_0-5,dep_hour_share_education_14,0.0532927744637143,0.005629101725,4.766367273871429,1081
age_0-5,dep_hour_share_education_15,0.05354955951487378,0.01484007092,3.8709488594873775,1081
age_0-5,dep_hour_share_education_16,0.022893374945680084,0.003396129473,1.9497245472680083,1081
age_0-5,dep_hour_share_education_17,0.014320704776201952,0.0,1.4320704776201951,1081
age_0-5,dep_hour_share_education_18,0.007170228736222494,0.0,0.7170228736222495,1081
age_0-5,dep_hour_share_education_19,0.004128313514794769,0.0,0.4128313514794769,1081
age_0-5,dep_hour_share_education_20,0.00037530122861770634,0.0,0.03753012286177063,1081
age_0-5,dep_hour_share_education_21,1.9752696243037175e-05,0.0,0.0019752696243037176,1081
age_0-5,dep_hour_share_education_22,1.9752696243037175e-05,0.0,0.0019752696243037176,1081
age_0-5,dep_hour_share_education_23,1.9752696243037175e-05,0.0,0.0019752696243037176,1081
age_0-5,dep_hour_share_education_4,0.0008691186346936356,0.0,0.08691186346936357,1081
age_0-5,dep_hour_share_education_5,0.006202346620313673,0.0,0.6202346620313672,1081
age_0-5,dep_hour_share_education_6,0.08001817248054359,0.01423413437,6.5784038110543595,1081
age_0-5,dep_hour_share_education_7,0.3606644807016158,0.5557846062,-19.512012549838424,1081
age_0-5,dep_hour_share_education_8,0.2591356220124047,0.3598748049,-10.07391828875953,1081
age_0-5,dep_hour_share_education_9,0.036819025797021294,0.02564668343,1.1172342367021293,1081
age_0-5,dep_hour_share_escort_10,0.001430615164520744,0.007567602011,-0.6136986846479257,1081
age_0-5,dep_hour_share_escort_11,0.020147830233667143,0.0223770094,-0.22291791663328586,1081
age_0-5,dep_hour_share_escort_12,0.03457319980925131,0.03126627875,0.330692105925131,1081
age_0-5,dep_hour_share_escort_13,0.04148783977110158,0.1163807025,-7.489286272889842,1081
age_0-5,dep_hour_share_escort_14,0.030400572246065807,0.08807880457,-5.767823232393419,1081
age_0-5,dep_hour_share_escort_15,0.05329041487839771,0.1710638512,-11.77734363216023,1081
age_0-5,dep_hour_share_escort_16,0.10467334287076777,0.05859278952,4.608055335076776,1081
age_0-5,dep_hour_share_escort_17,0.0026227944682880307,0.04664377303,-4.402097856171197,1081
age_0-5,dep_hour_share_escort_18,0.003218884120171674,0.009686457866,-0.6467573745828326,1081
age_0-5,dep_hour_share_escort_19,0.0004768717215069146,0.004172965036,-0.36960933144930846,1081
age_0-5,dep_hour_share_escort_20,0.0005960896518836433,0.0,0.059608965188364324,1081
age_0-5,dep_hour_share_escort_21,0.0004768717215069146,0.0,0.04768717215069146,1081
age_0-5,dep_hour_share_escort_22,0.00011921793037672866,0.0,0.011921793037672865,1081
age_0-5,dep_hour_share_escort_23,0.00011921793037672866,0.0,0.011921793037672865,1081
age_0-5,dep_hour_share_escort_4,0.0,0.0,0.0,1081
age_0-5,dep_hour_share_escort_5,0.0,0.0,0.0,1081
age_0-5,dep_hour_share_escort_6,0.07939914163090128,0.01247177688,6.692736475090127,1081
age_0-5,dep_hour_share_escort_7,0.47365283738674296,0.2677369862,20.591585118674296,1081
age_0-5,dep_hour_share_escort_8,0.12792083929422984,0.163961003,-3.604016370577015,1081
age_0-5,dep_hour_share_escort_9,0.025393419170243205,0.0,2.5393419170243203,1081
age_0-5,dep_hour_share_home_10,0.0200878758753261,0.03036516751,-1.0277291634673897,1081
age_0-5,dep_hour_share_home_11,0.03056432788685981,0.06912766921,-3.8563341323140197,1081
age_0-5,dep_hour_share_home_12,0.0779211863243169,0.06231455668,1.5606629644316896,1081
age_0-5,dep_hour_share_home_13,0.09513936564602499,0.08337989217,1.175947347602499,1081
age_0-5,dep_hour_share_home_14,0.1185088562405602,0.1755057383,-5.699688205943978,1081
age_0-5,dep_hour_share_home_15,0.15407112453659205,0.1502221188,0.3849005736592054,1081
age_0-5,dep_hour_share_home_16,0.1430317176987505,0.1144395176,2.8592200098750506,1081
age_0-5,dep_hour_share_home_17,0.12227104215295895,0.1461544406,-2.388339844704104,1081
age_0-5,dep_hour_share_home_18,0.11098448441576274,0.08334545138,2.7639033035762735,1081
age_0-5,dep_hour_share_home_19,0.047892352052725524,0.0140982489,3.3794103152725525,1081
age_0-5,dep_hour_share_home_20,0.019621035287656186,0.009415860686,1.0205174601656186,1081
age_0-5,dep_hour_share_home_21,0.01228889194013456,0.002372423523,0.9916468417134561,1081
age_0-5,dep_hour_share_home_22,0.008210902100782645,0.0,0.8210902100782645,1081
age_0-5,dep_hour_share_home_23,0.002718659892901277,0.0,0.2718659892901277,1081
age_0-5,dep_hour_share_home_4,0.0,0.0,0.0,1081
age_0-5,dep_hour_share_home_5,1.3730605519703418e-05,0.0,0.0013730605519703418,1081
age_0-5,dep_hour_share_home_6,0.00010984484415762735,0.0005671905054,-0.045734566124237264,1081
age_0-5,dep_hour_share_home_7,0.0007826445146230949,0.006578514549,-0.5795870034376904,1081
age_0-5,dep_hour_share_home_8,0.012385006178772483,0.03081316199,-1.8428155811227518,1081
age_0-5,dep_hour_share_home_9,0.021584511876973776,0.02130004765,0.028446422697377474,1081
age_0-5,dep_hour_share_leisure_10,0.030463164438918246,0.08134889579,-5.088573135108175,1081
age_0-5,dep_hour_share_leisure_11,0.011190550202051602,0.02061085804,-0.9420307837948397,1081
age_0-5,dep_hour_share_leisure_12,0.03148452417958169,0.02430667608,0.7177848099581691,1081
age_0-5,dep_hour_share_leisure_13,0.07691282916648164,0.04430382513,3.2609004036481632,1081
age_0-5,dep_hour_share_leisure_14,0.11061770060837516,0.1588733201,-4.825561949162484,1081
age_0-5,dep_hour_share_leisure_15,0.24850126559793953,0.2605382913,-1.203702570206047,1081
age_0-5,dep_hour_share_leisure_16,0.22181269150495136,0.2068195166,1.499317490495136,1081
age_0-5,dep_hour_share_leisure_17,0.10120342821617301,0.05597247131,4.523095690617301,1081
age_0-5,dep_hour_share_leisure_18,0.05906123717749456,0.0167333378,4.232789937749456,1081
age_0-5,dep_hour_share_leisure_19,0.021581775389670946,0.00559432099,1.5987454399670948,1081
age_0-5,dep_hour_share_leisure_20,0.009947155735156978,0.0008138555409,0.9133300194256977,1081
age_0-5,dep_hour_share_leisure_21,0.00013322083573870952,0.0,0.013322083573870953,1081
age_0-5,dep_hour_share_leisure_22,4.440694524623651e-05,0.0,0.004440694524623651,1081
age_0-5,dep_hour_share_leisure_23,0.00022203472623118255,0.0,0.022203472623118257,1081
age_0-5,dep_hour_share_leisure_4,0.0,0.0,0.0,1081
age_0-5,dep_hour_share_leisure_5,4.440694524623651e-05,0.0,0.004440694524623651,1081
age_0-5,dep_hour_share_leisure_6,0.00026644167147741904,0.001575982468,-0.13095407965225808,1081
age_0-5,dep_hour_share_leisure_7,0.0015986500288645144,0.005751872642,-0.4153222613135486,1081
age_0-5,dep_hour_share_leisure_8,0.03774590345930103,0.03813793091,-0.03920274506989674,1081
age_0-5,dep_hour_share_leisure_9,0.036990985390115014,0.07861884525,-4.162785985988498,1081
age_0-5,dep_hour_share_other_10,0.035077770576798444,0.08878535176,-5.370758118320156,1081
age_0-5,dep_hour_share_other_11,0.08441348023331173,0.03749729285,4.691618738331173,1081
age_0-5,dep_hour_share_other_12,0.06659105638366818,0.01596237387,5.062868251366817,1081
age_0-5,dep_hour_share_other_13,0.04334089436163318,0.02291171688,2.042917748163318,1081
age_0-5,dep_hour_share_other_14,0.06845430978613092,0.2023591065,-13.390479671386906,1081
age_0-5,dep_hour_share_other_15,0.08749189889825017,0.1510125408,-6.352064190174985,1081
age_0-5,dep_hour_share_other_16,0.17960142579390798,0.1092854049,7.031602089390798,1081
age_0-5,dep_hour_share_other_17,0.12435191186001296,0.07842442186,4.592749000001296,1081
age_0-5,dep_hour_share_other_18,0.03272845106934543,0.0,3.2728451069345432,1081
age_0-5,dep_hour_share_other_19,0.038480233311730394,0.0,3.8480233311730396,1081
age_0-5,dep_hour_share_other_20,0.0034834737524303307,0.0,0.34834737524303305,1081
age_0-5,dep_hour_share_other_21,0.000729099157485418,0.0,0.0729099157485418,1081
age_0-5,dep_hour_share_other_22,0.0004860661049902787,0.0,0.04860661049902787,1081
age_0-5,dep_hour_share_other_23,0.00016202203499675956,0.0,0.016202203499675955,1081
age_0-5,dep_hour_share_other_4,0.0003240440699935191,0.0,0.03240440699935191,1081
age_0-5,dep_hour_share_other_5,0.00024303305249513934,0.0,0.024303305249513935,1081
age_0-5,dep_hour_share_other_6,0.027624756966947505,0.0,2.7624756966947506,1081
age_0-5,dep_hour_share_other_7,0.057355800388852886,0.03019949616,2.7156304228852886,1081
age_0-5,dep_hour_share_other_8,0.0508749189889825,0.1501003408,-9.92254218110175,1081
age_0-5,dep_hour_share_other_9,0.09769928710304601,0.1134619536,-1.5762666496953988,1081
age_0-5,dep_hour_share_shop_10,0.08509316770186336,0.0995957711,-1.4502603398136638,1081
age_0-5,dep_hour_share_shop_11,0.06869565217391305,0.07551405828,-0.6818406106086958,1081
age_0-5,dep_hour_share_shop_12,0.036521739130434785,0.04665381932,-1.0132080189565214,1081
age_0-5,dep_hour_share_shop_13,0.01875776397515528,0.03537792038,-1.6620156404844717,1081
age_0-5,dep_hour_share_shop_14,0.06881987577639752,0.05718852869,1.163134708639752,1081
age_0-5,dep_hour_share_shop_15,0.10049689440993789,0.1708411791,-7.03442846900621,1081
age_0-5,dep_hour_share_shop_16,0.09826086956521739,0.187467588,-8.92067184347826,1081
age_0-5,dep_hour_share_shop_17,0.06720496894409939,0.1315901505,-6.438518155590062,1081
age_0-5,dep_hour_share_shop_18,0.029565217391304348,0.03048643737,-0.09212199786956532,1081
age_0-5,dep_hour_share_shop_19,0.0,0.01229764952,-1.229764952,1081
age_0-5,dep_hour_share_shop_20,0.0,0.0,0.0,1081
age_0-5,dep_hour_share_shop_21,0.0,0.0,0.0,1081
age_0-5,dep_hour_share_shop_22,0.0,0.0,0.0,1081
age_0-5,dep_hour_share_shop_23,0.0,0.0,0.0,1081
age_0-5,dep_hour_share_shop_4,0.0,0.0,0.0,1081
age_0-5,dep_hour_share_shop_5,0.0,0.0,0.0,1081
age_0-5,dep_hour_share_shop_6,0.09465838509316771,0.0,9.465838509316772,1081
age_0-5,dep_hour_share_shop_7,0.18956521739130436,0.03201851834,15.754669905130436,1081
age_0-5,dep_hour_share_shop_8,0.0506832298136646,0.0674913207,-1.6808090886335398,1081
age_0-5,dep_hour_share_shop_9,0.09167701863354037,0.05347705871,3.8199959923540376,1081
age_0-5,dep_hour_share_work_10,0.0,,,1081
age_0-5,dep_hour_share_work_11,0.0,,,1081
age_0-5,dep_hour_share_work_12,0.0,,,1081
age_0-5,dep_hour_share_work_13,0.0,,,1081
age_0-5,dep_hour_share_work_14,0.0,,,1081
age_0-5,dep_hour_share_work_15,0.014861995753715499,,,1081
age_0-5,dep_hour_share_work_16,0.006369426751592357,,,1081
age_0-5,dep_hour_share_work_17,0.0,,,1081
age_0-5,dep_hour_share_work_18,0.0,,,1081
age_0-5,dep_hour_share_work_19,0.0,,,1081
age_0-5,dep_hour_share_work_20,0.0,,,1081
age_0-5,dep_hour_share_work_21,0.0,,,1081
age_0-5,dep_hour_share_work_22,0.0,,,1081
age_0-5,dep_hour_share_work_23,0.0,,,1081
age_0-5,dep_hour_share_work_4,0.0,,,1081
age_0-5,dep_hour_share_work_5,0.0,,,1081
age_0-5,dep_hour_share_work_6,0.01910828025477707,,,1081
age_0-5,dep_hour_share_work_7,0.6539278131634819,,,1081
age_0-5,dep_hour_share_work_8,0.2059447983014862,,,1081
age_0-5,dep_hour_share_work_9,0.09978768577494693,,,1081
age_0-5,mean_work_activity_h,4.475619249823072,,,1081
age_0-5,mobility_rate,0.9106995293356807,0.894369307,1.633022233568071,1081
age_0-5,n_persons_unweighted,55666.0,1081.0,54585.0,1081
age_0-5,n_persons_weighted,55666.0,41866.19746,13799.802539999997,1081
age_0-5,n_work_activities_measured,471.0,0.0,471.0,1081
age_0-5,nonhome_acts_per_mobile,2.0198836177137784,1.849759997,0.1701236207137784,1081
age_0-5,participation_education,0.6861998347285596,0.6558256021,3.037423262855965,1081
age_0-5,participation_escort,0.12707936621995472,0.131683716,-0.4604349780045286,1081
age_0-5,participation_home,0.9106995293356807,0.8872372133,2.346231603568061,1081
age_0-5,participation_leisure,0.3514533108180936,0.3698573999,-1.8404089081906383,1081
age_0-5,participation_other,0.17488233392016672,0.1063940398,6.848829412016672,1081
age_0-5,participation_shop,0.11908525850608989,0.1736667987,-5.458154019391012,1081
age_0-5,participation_work,0.008461179175798512,0.0,0.8461179175798512,1081
age_0-5,purpose_share_education,0.2889150135823042,0.2316162448,5.729876878230419,1081
age_0-5,purpose_share_escort,0.04786906202205127,0.06858371484,-2.0714652817948735,1081
age_0-5,purpose_share_home,0.41562992215855915,0.4336017334,-1.7971811241440871,1081
age_0-5,purpose_share_leisure,0.12851256648480835,0.1552869692,-2.677440271519166,1081
age_0-5,purpose_share_other,0.07044536261328098,0.0414726107,2.897275191328098,1081
age_0-5,purpose_share_shop,0.04594014655192093,0.06943872705,-2.349858049807907,1081
age_0-5,purpose_share_work,0.002687926587075125,0.0,0.26879265870751246,1081
age_0-5,share_mobile_first_from_home,1.0,0.981573838,1.8426162000000024,1081
age_0-5,share_mobile_last_to_home,1.0,0.9913895519,0.8610448100000001,1081
age_0-5,share_mobile_odd_trip_count,0.21509024558634973,0.2665506923,-5.146044671365027,1081
age_0-5,share_trips_0,0.08930047066431933,0.105630693,-1.6330222335680669,1081
age_0-5,share_trips_1,0.0,0.0007377866275,-0.07377866275,1081
age_0-5,share_trips_2,0.35903423993101713,0.384519259,-2.548501906898287,1081
age_0-5,share_trips_3,0.11225882944705924,0.160445454,-4.818662455294074,1081
age_0-5,share_trips_4,0.27535659109689936,0.20986863,6.5487961096899365,1081
age_0-5,share_trips_5,0.07367154097653864,0.05693658983,1.6734951146538632,1081
age_0-5,share_trips_6,0.05464736104624007,0.05262935205,0.20180089962400713,1081
age_0-5,share_trips_7,0.008856393489742391,0.0172978903,-0.8441496810257609,1081
age_0-5,share_trips_8plus,0.02687457334818381,0.01193434526,1.4940228088183811,1081
age_0-5,share_trips_followed_by_same_purpose,0.08498641769580204,0.019392394,6.559402369580203,1081
age_0-5,share_trips_home_based,0.8133859885406441,0.8641978859,-5.081189735935587,1081
age_0-5,share_trips_unknown_purpose,0.0,0.0,0.0,1081
age_0-5,share_work_activities_lt_2h,0.021231422505307854,,,1081
age_0-5,tours_per_mobile,1.436630831442943,1.416069201,0.020561630442943013,1081
age_0-5,trips_per_mobile_person,3.4565144491567215,3.265829198,0.1906852511567214,1081
age_0-5,trips_per_person,3.1478460819890057,2.920857397,0.22698868498900593,1081
age_0-5,trips_per_person_education,0.9094599935328567,0.6765180219,0.23294197163285668,1081
age_0-5,trips_per_person_escort,0.15068443933460282,0.2003232508,-0.04963881146539717,1081
age_0-5,trips_per_person_home,1.308339022024216,1.26648883,0.041850192024216026,1081
age_0-5,trips_per_person_leisure,0.40453777889555564,0.4535710926,-0.04903331370444436,1081
age_0-5,trips_per_person_other,0.22175115869651132,0.1211355817,0.10061557699651133,1081
age_0-5,trips_per_person_shop,0.144612510329465,0.2028206195,-0.05820810917053498,1081
age_0-5,trips_per_person_work,0.008461179175798512,0.0,0.008461179175798512,1081
age_10-17,dep_hour_share_all_10,0.014934576442586358,0.00442174633,1.0512830112586358,1356
age_10-17,dep_hour_share_all_11,0.024393552603993243,0.01246946098,1.1924091623993243,1356
age_10-17,dep_hour_share_all_12,0.06486859792568477,0.03513628026,2.9732317665684764,1356
age_10-17,dep_hour_share_all_13,0.09878689966743538,0.1750913411,-7.630444143256461,1356
age_10-17,dep_hour_share_all_14,0.07778476615651501,0.06215947784,1.5625288316515016,1356
age_10-17,dep_hour_share_all_15,0.106367235191831,0.1061258385,0.02413966918310001,1356
age_10-17,dep_hour_share_all_16,0.0748660903309614,0.08023796321,-0.5371872879038606,1356
age_10-17,dep_hour_share_all_17,0.07898923378593363,0.0691471243,0.9842109485933628,1356
age_10-17,dep_hour_share_all_18,0.07670773366877551,0.06126578846,1.544194520877551,1356
age_10-17,dep_hour_share_all_19,0.033264682789267495,0.04549539783,-1.2230715040732503,1356
age_10-17,dep_hour_share_all_20,0.032241090844812775,0.01792879994,1.4312290904812774,1356
age_10-17,dep_hour_share_all_21,0.01384932233280304,0.008667625887,0.518169644580304,1356
age_10-17,dep_hour_share_all_22,0.007539227414176543,0.0009978874137,0.6541340000476543,1356
age_10-17,dep_hour_share_all_23,0.0021376217313913864,0.0,0.21376217313913864,1356
age_10-17,dep_hour_share_all_4,6.98837873724107e-05,0.0,0.00698837873724107,1356
age_10-17,dep_hour_share_all_5,0.001188024385330982,0.0007003765575,0.0487647827830982,1356
age_10-17,dep_hour_share_all_6,0.07036475226197376,0.04466560956,2.5699142701973763,1356
age_10-17,dep_hour_share_all_7,0.17063976551933932,0.24253221,-7.189244448066068,1356
age_10-17,dep_hour_share_all_8,0.02669560677626089,0.01949799485,0.7197611926260891,1356
age_10-17,dep_hour_share_all_9,0.018305441480549696,0.01260818799,0.5697253490549695,1356
age_10-17,dep_hour_share_education_10,0.016186808155350264,0.004015895715,1.2170912440350263,1356
age_10-17,dep_hour_share_education_11,0.01510948315333028,0.007404057313,0.770542584033028,1356
age_10-17,dep_hour_share_education_12,0.021842764415955184,0.01370027149,0.8142492925955184,1356
age_10-17,dep_hour_share_education_13,0.016873602844138004,0.01918172748,-0.23081246358619967,1356
age_10-17,dep_hour_share_education_14,0.009386194080099114,0.008485964429,0.09002296510991128,1356
age_10-17,dep_hour_share_education_15,0.019620781599288966,0.008147977648,1.1472803951288966,1356
age_10-17,dep_hour_share_education_16,0.01105604783323009,0.01067460563,0.038144220323008994,1356
age_10-17,dep_hour_share_education_17,0.00413423469525169,0.003872329163,0.026190553225169,1356
age_10-17,dep_hour_share_education_18,0.004268900320504188,0.003580728232,0.06881720885041882,1356
age_10-17,dep_hour_share_education_19,0.0032723746936357025,0.0,0.32723746936357023,1356
age_10-17,dep_hour_share_education_20,0.0003501306256564949,0.0,0.03501306256564949,1356
age_10-17,dep_hour_share_education_21,0.0002827978130302459,0.0,0.02827978130302459,1356
age_10-17,dep_hour_share_education_22,4.039968757574941e-05,0.0,0.004039968757574941,1356
age_10-17,dep_hour_share_education_23,2.693312505049961e-05,0.0,0.002693312505049961,1356
age_10-17,dep_hour_share_education_4,4.039968757574941e-05,0.0,0.004039968757574941,1356
age_10-17,dep_hour_share_education_5,0.0021142503164642192,0.001317372414,0.07968779024642193,1356
age_10-17,dep_hour_share_education_6,0.22611705136146948,0.1267340089,9.938304246146949,1356
age_10-17,dep_hour_share_education_7,0.539780225699588,0.7195300297,-17.974980400041208,1356
age_10-17,dep_hour_share_education_8,0.0659457566861483,0.04666598543,1.92797712561483,1356
age_10-17,dep_hour_share_education_9,0.04008995663766867,0.02668904647,1.340091016766867,1356
age_10-17,dep_hour_share_escort_10,0.0035200938691698444,0.0,0.3520093869169844,1356
age_10-17,dep_hour_share_escort_11,0.014080375476679377,0.0,1.4080375476679377,1356
age_10-17,dep_hour_share_escort_12,0.02522733939571722,0.03546087084,-1.0233531444282777,1356
age_10-17,dep_hour_share_escort_13,0.0830155470812555,0.04120335327,4.181219381125549,1356
age_10-17,dep_hour_share_escort_14,0.16749779994133177,0.01437659832,15.312120162133178,1356
age_10-17,dep_hour_share_escort_15,0.046347902610736284,0.1124452474,-6.609734478926371,1356
age_10-17,dep_hour_share_escort_16,0.14667057788207685,0.1604631846,-1.379260671792315,1356
age_10-17,dep_hour_share_escort_17,0.21091229099442652,0.05605201649,15.486027450442652,1356
age_10-17,dep_hour_share_escort_18,0.11938985039601056,0.1499496799,-3.055982950398943,1356
age_10-17,dep_hour_share_escort_19,0.021707245526547375,0.01535698273,0.6350262796547376,1356
age_10-17,dep_hour_share_escort_20,0.0017600469345849222,0.04668576768,-4.492572074541507,1356
age_10-17,dep_hour_share_escort_21,0.0032267527134056907,0.0,0.32267527134056906,1356
age_10-17,dep_hour_share_escort_22,0.0011733646230566149,0.0,0.11733646230566148,1356
age_10-17,dep_hour_share_escort_23,0.0005866823115283074,0.0,0.05866823115283074,1356
age_10-17,dep_hour_share_escort_4,0.0035200938691698444,0.0,0.3520093869169844,1356
age_10-17,dep_hour_share_escort_5,0.0005866823115283074,0.0,0.05866823115283074,1356
age_10-17,dep_hour_share_escort_6,0.009386916984452919,0.007374775111,0.20121418734529187,1356
age_10-17,dep_hour_share_escort_7,0.08946905250806689,0.3168269311,-22.73578785919331,1356
age_10-17,dep_hour_share_escort_8,0.04136110296274567,0.04380459248,-0.24434895172543297,1356
age_10-17,dep_hour_share_escort_9,0.002053388090349076,0.0,0.20533880903490762,1356
age_10-17,dep_hour_share_home_10,0.013229211912900607,0.00178743111,1.1441780802900607,1356
age_10-17,dep_hour_share_home_11,0.02478706728862533,0.0135107027,1.1276364588625332,1356
age_10-17,dep_hour_share_home_12,0.1106872391456252,0.05783137855,5.28558605956252,1356
age_10-17,dep_hour_share_home_13,0.17187588525240316,0.3374361694,-16.556028414759684,1356
age_10-17,dep_hour_share_home_14,0.10635304337972842,0.08450475411,2.184828926972843,1356
age_10-17,dep_hour_share_home_15,0.137268417971332,0.1440732202,-0.6804802228668,1356
age_10-17,dep_hour_share_home_16,0.06043323072274367,0.06445284741,-0.4019616687256332,1356
age_10-17,dep_hour_share_home_17,0.08629676493361788,0.06355814714,2.273861779361788,1356
age_10-17,dep_hour_share_home_18,0.11588071991086099,0.09341187214,2.2468847770860987,1356
age_10-17,dep_hour_share_home_19,0.05723215803289834,0.07886809866,-2.1635940627101653,1356
age_10-17,dep_hour_share_home_20,0.052973503805405,0.03446409868,1.8509405125404998,1356
age_10-17,dep_hour_share_home_21,0.027034428056127362,0.01458825569,1.2446172366127364,1356
age_10-17,dep_hour_share_home_22,0.01588260844932107,0.002185776683,1.369683176632107,1356
age_10-17,dep_hour_share_home_23,0.004589148458008348,0.0,0.45891484580083475,1356
age_10-17,dep_hour_share_home_4,0.0,0.0,0.0,1356
age_10-17,dep_hour_share_home_5,0.0,0.0,0.0,1356
age_10-17,dep_hour_share_home_6,0.00011331230760514437,0.0,0.011331230760514437,1356
age_10-17,dep_hour_share_home_7,0.0007459726917338671,0.002429963828,-0.16839911362661328,1356
age_10-17,dep_hour_share_home_8,0.0009725973069441559,0.001794973979,-0.08223766720558441,1356
age_10-17,dep_hour_share_home_9,0.00413589922758777,0.003238518905,0.089738032258777,1356
age_10-17,dep_hour_share_leisure_10,0.0037437603993344427,0.007081944441,-0.3338184041665557,1356
age_10-17,dep_hour_share_leisure_11,0.0036657653910149753,0.01273546789,-0.9069702498985024,1356
age_10-17,dep_hour_share_leisure_12,0.034837770382695504,0.01316997792,2.1667792462695505,1356
age_10-17,dep_hour_share_leisure_13,0.05821027454242928,0.04503274812,1.3177526422429282,1356
age_10-17,dep_hour_share_leisure_14,0.11431468386023294,0.08878091719,2.5533766670232936,1356
age_10-17,dep_hour_share_leisure_15,0.1769446755407654,0.1822424086,-0.5297733059234588,1356
age_10-17,dep_hour_share_leisure_16,0.2108205074875208,0.2529597759,-4.213926841247923,1356
age_10-17,dep_hour_share_leisure_17,0.18523814475873543,0.2199202591,-3.468211434126456,1356
age_10-17,dep_hour_share_leisure_18,0.0908641846921797,0.08414899795,0.6715186742179704,1356
age_10-17,dep_hour_share_leisure_19,0.035643718801996675,0.05331590717,-1.7672188368003328,1356
age_10-17,dep_hour_share_leisure_20,0.05277662229617305,0.0120195797,4.0757042596173045,1356
age_10-17,dep_hour_share_leisure_21,0.010295341098169717,0.009688232857,0.060710824116971644,1356
age_10-17,dep_hour_share_leisure_22,0.0033277870216306157,0.0,0.33277870216306155,1356
age_10-17,dep_hour_share_leisure_23,0.0003119800332778702,0.0,0.03119800332778702,1356
age_10-17,dep_hour_share_leisure_4,0.0,0.0,0.0,1356
age_10-17,dep_hour_share_leisure_5,0.0,0.0,0.0,1356
age_10-17,dep_hour_share_leisure_6,0.0005199667221297837,0.0,0.051996672212978365,1356
age_10-17,dep_hour_share_leisure_7,0.0023138519134775376,0.008011786758,-0.5697934844522462,1356
age_10-17,dep_hour_share_leisure_8,0.006759567387687188,0.002734710159,0.40248572286871886,1356
age_10-17,dep_hour_share_leisure_9,0.0076435108153078204,0.008157286237,-0.051377542169217874,1356
age_10-17,dep_hour_share_other_10,0.039440048691418136,0.0,3.9440048691418137,1356
age_10-17,dep_hour_share_other_11,0.10407790626902008,0.03846662925,6.5611277019020084,1356
age_10-17,dep_hour_share_other_12,0.05562994522215459,0.01789075402,3.773919120215459,1356
age_10-17,dep_hour_share_other_13,0.12075471698113208,0.1113795422,0.9375174781132076,1356
age_10-17,dep_hour_share_other_14,0.1090687766281193,0.1453220215,-3.625324487188071,1356
age_10-17,dep_hour_share_other_15,0.1519780888618381,0.1647685613,-1.2790472438161893,1356
age_10-17,dep_hour_share_other_16,0.11576384662203287,0.1518817946,-3.6117947977967138,1356
age_10-17,dep_hour_share_other_17,0.0581253804017042,0.1120897459,-5.39643654982958,1356
age_10-17,dep_hour_share_other_18,0.06695069993913573,0.02913503778,3.781566215913573,1356
age_10-17,dep_hour_share_other_19,0.018928788800973827,0.0009727619991,1.7956026801873828,1356
age_10-17,dep_hour_share_other_20,0.009494826536822884,0.0,0.9494826536822885,1356
age_10-17,dep_hour_share_other_21,0.004017041996348144,0.01165126497,-0.7634222973651856,1356
age_10-17,dep_hour_share_other_22,0.0003651856360316494,0.0,0.03651856360316494,1356
age_10-17,dep_hour_share_other_23,0.00048691418137553256,0.0,0.048691418137553254,1356
age_10-17,dep_hour_share_other_4,0.0,0.0,0.0,1356
age_10-17,dep_hour_share_other_5,0.0,0.0,0.0,1356
age_10-17,dep_hour_share_other_6,0.008034083992696287,0.07230259777,-6.426851377730372,1356
age_10-17,dep_hour_share_other_7,0.04223980523432745,0.0540212516,-1.178144636567255,1356
age_10-17,dep_hour_share_other_8,0.051308581862446745,0.04302092197,0.8287659892446744,1356
age_10-17,dep_hour_share_other_9,0.039866098600121726,0.04709711518,-0.7231016579878278,1356
age_10-17,dep_hour_share_shop_10,0.05370323237465004,0.0275011603,2.6202072074650036,1356
age_10-17,dep_hour_share_shop_11,0.06795622295749555,0.03137060099,3.6585621967495556,1356
age_10-17,dep_hour_share_shop_12,0.022906592008144565,0.0392723112,-1.6365719191855435,1356
age_10-17,dep_hour_share_shop_13,0.01628913209468058,0.1435856966,-12.729656450531943,1356
age_10-17,dep_hour_share_shop_14,0.05064902010689743,0.1201428232,-6.949380309310257,1356
age_10-17,dep_hour_share_shop_15,0.09060829727666073,0.1826829485,-9.207465122333927,1356
age_10-17,dep_hour_share_shop_16,0.11758717230847544,0.1789527893,-6.136561699152455,1356
age_10-17,dep_hour_share_shop_17,0.2445914991091881,0.1029522183,14.163928080918808,1356
age_10-17,dep_hour_share_shop_18,0.2718248918299822,0.0975049076,17.43199842299822,1356
age_10-17,dep_hour_share_shop_19,0.007635530669381522,0.04884875696,-4.121322629061848,1356
age_10-17,dep_hour_share_shop_20,0.003817765334690761,0.0,0.3817765334690761,1356
age_10-17,dep_hour_share_shop_21,0.003054212267752609,0.009813679928,-0.6759467660247391,1356
age_10-17,dep_hour_share_shop_22,0.002799694578773225,0.0,0.27996945787732247,1356
age_10-17,dep_hour_share_shop_23,0.0025451768897938407,0.0,0.2545176889793841,1356
age_10-17,dep_hour_share_shop_4,0.0,0.0,0.0,1356
age_10-17,dep_hour_share_shop_5,0.0,0.0,0.0,1356
age_10-17,dep_hour_share_shop_6,0.0012725884448969204,0.001596131314,-0.032354286910307964,1356
age_10-17,dep_hour_share_shop_7,0.013489437515907355,0.008105973574,0.5383463941907356,1356
age_10-17,dep_hour_share_shop_8,0.007381012980402138,0.007670002347,-0.028898936659786222,1356
age_10-17,dep_hour_share_shop_9,0.010944260626113514,0.0,1.0944260626113513,1356
age_10-17,dep_hour_share_work_10,0.01726121979286536,0.0738349554,-5.657373560713463,1356
age_10-17,dep_hour_share_work_11,0.024165707710011506,0.0,2.4165707710011506,1356
age_10-17,dep_hour_share_work_12,0.006904487917146145,0.04706689957,-4.016241165285385,1356
age_10-17,dep_hour_share_work_13,0.006904487917146145,0.0,0.6904487917146145,1356
age_10-17,dep_hour_share_work_14,0.0034522439585730723,0.03515190519,-3.169966123142692,1356
age_10-17,dep_hour_share_work_15,0.07364787111622555,0.05540401136,1.824385975622555,1356
age_10-17,dep_hour_share_work_16,0.020713463751438434,0.0,2.0713463751438432,1356
age_10-17,dep_hour_share_work_17,0.010356731875719217,0.0,1.0356731875719216,1356
age_10-17,dep_hour_share_work_18,0.0011507479861910242,0.0,0.11507479861910241,1356
age_10-17,dep_hour_share_work_19,0.0023014959723820483,0.0,0.23014959723820483,1356
age_10-17,dep_hour_share_work_20,0.0,0.0,0.0,1356
age_10-17,dep_hour_share_work_21,0.0,0.0,0.0,1356
age_10-17,dep_hour_share_work_22,0.0,0.0,0.0,1356
age_10-17,dep_hour_share_work_23,0.0,0.0,0.0,1356
age_10-17,dep_hour_share_work_4,0.0023014959723820483,0.0,0.23014959723820483,1356
age_10-17,dep_hour_share_work_5,0.14959723820483314,0.04977079272,9.982644548483314,1356
age_10-17,dep_hour_share_work_6,0.14384349827387802,0.2484128487,-10.456935042612198,1356
age_10-17,dep_hour_share_work_7,0.238204833141542,0.2703012379,-3.2096404758457986,1356
age_10-17,dep_hour_share_work_8,0.25431530494821636,0.2200573492,3.4257955748216355,1356
age_10-17,dep_hour_share_work_9,0.04487917146144994,0.0,4.487917146144994,1356
age_10-17,mean_work_activity_h,6.063367855772919,6.158400091,-0.09503223522708115,1356
age_10-17,mobility_rate,0.9584435706663939,0.9254325783,3.301099236639382,1356
age_10-17,n_persons_unweighted,68413.0,1356.0,67057.0,1356
age_10-17,n_persons_weighted,68413.0,62009.48908,6403.510920000001,1356
age_10-17,n_work_activities_measured,869.0,21.0,848.0,1356
age_10-17,nonhome_acts_per_mobile,2.094845203599207,1.740651841,0.3541933625992071,1356
age_10-17,participation_education,0.9072690862847704,0.8821687656,2.5100320684770416,1356
age_10-17,participation_escort,0.04466987268501601,0.02915043193,1.5519440755016007,1356
age_10-17,participation_home,0.9584435706663939,0.9171505122,4.129305846639387,1356
age_10-17,participation_leisure,0.44906669784982384,0.3678488354,8.121786244982381,1356
age_10-17,participation_other,0.16510020025433764,0.0704082156,9.469198465433763,1356
age_10-17,participation_shop,0.047037843684679816,0.08257518726,-3.5537343575320186,1356
age_10-17,participation_work,0.011869089208191425,0.01443311795,-0.2564028741808574,1356
age_10-17,purpose_share_education,0.3052606048647338,0.3233577547,-1.8097149835266224,1356
age_10-17,purpose_share_escort,0.0140137547736793,0.01089583979,0.3117914983679299,1356
age_10-17,purpose_share_home,0.43534310884194344,0.4602123588,-2.486924995805656,1356
age_10-17,purpose_share_leisure,0.15811823514661208,0.1393511378,1.8767097346612083,1356
age_10-17,purpose_share_other,0.06754062508992399,0.02796532155,3.9575303539923987,1356
age_10-17,purpose_share_shop,0.016151376505070685,0.03276509472,-1.6613718214929314,1356
age_10-17,purpose_share_work,0.003572294778036759,0.005452492618,-0.1880197839963241,1356
age_10-17,share_mobile_first_from_home,1.0,0.9975792783,0.24207216999999615,1356
age_10-17,share_mobile_last_to_home,1.0,0.9902675592,0.973244080000002,1356
age_10-17,share_mobile_odd_trip_count,0.2277413451273448,0.09777002982,12.99713153073448,1356
age_10-17,share_trips_0,0.04155642933360618,0.0745674217,-3.301099236639381,1356
age_10-17,share_trips_1,0.00014617104936196336,0.001901001929,-0.17548308796380366,1356
age_10-17,share_trips_2,0.3727215587680704,0.439407902,-6.668634323192962,1356
age_10-17,share_trips_3,0.06915352345314486,0.04338212778,2.5771395673144863,1356
age_10-17,share_trips_4,0.24607896160086534,0.3327361997,-8.665723809913468,1356
age_10-17,share_trips_5,0.1280312221361437,0.03509807424,9.29331478961437,1356
age_10-17,share_trips_6,0.07878619560609826,0.05676029972,2.202589588609826,1356
age_10-17,share_trips_7,0.014967915454665049,0.009886829835,0.5081085619665049,1356
age_10-17,share_trips_8plus,0.04855802259804423,0.006260143071,4.229787952704423,1356
age_10-17,share_trips_followed_by_same_purpose,0.09540781300742823,0.02021044301,7.519736999742824,1356
age_10-17,share_trips_home_based,0.8492031192834034,0.9214773335,-7.227421421659663,1356
age_10-17,share_trips_unknown_purpose,0.0,0.001322599525,-0.1322599525,1356
age_10-17,share_work_activities_lt_2h,0.12313003452243959,0.1578749223,-3.474488777756041,1356
age_10-17,tours_per_mobile,1.615098368156169,1.480413484,0.13468488415616897,1356
age_10-17,trips_per_mobile_person,3.709943571755376,3.221065325,0.48887824675537583,1356
age_10-17,trips_per_person,3.5557715638840572,2.980878788,0.5748927758840572,1356
age_10-17,trips_per_person_education,1.0854369783520676,0.9626154311,0.12282154725206762,1356
age_10-17,trips_per_person_escort,0.049829710727493315,0.03243622078,0.017393489947493318,1356
age_10-17,trips_per_person_home,1.5479806469530644,1.370022867,0.17795777995306428,1356
age_10-17,trips_per_person_leisure,0.5622323242658559,0.4148394578,0.14739286646585592,1356
age_10-17,trips_per_person_other,0.2401590341017058,0.0832509803,0.1569080538017058,1356
age_10-17,trips_per_person_shop,0.05743060529431541,0.09753959918,-0.0401089938856846,1356
age_10-17,trips_per_person_work,0.012702264189554616,0.01623172309,-0.003529458900445384,1356
age_18-24,dep_hour_share_all_10,0.0300410498818261,0.02518440939,0.48566404918260997,893
age_18-24,dep_hour_share_all_11,0.04423627125455711,0.05090803158,-0.6671760325442887,893
age_18-24,dep_hour_share_all_12,0.04580075975771958,0.05836505411,-1.2564294352280423,893
age_18-24,dep_hour_share_all_13,0.0578190934578545,0.0792229709,-2.1403877442145496,893
age_18-24,dep_hour_share_all_14,0.06312974250528673,0.05888386204,0.4245880465286733,893
age_18-24,dep_hour_share_all_15,0.09818959495536184,0.09764625903,0.05433359253618347,893
age_18-24,dep_hour_share_all_16,0.08837685513889022,0.09096595024,-0.2589095101109773,893
age_18-24,dep_hour_share_all_17,0.0811620274240003,0.07436101291,0.6801014514000309,893
age_18-24,dep_hour_share_all_18,0.09078817686853512,0.0671115381,2.367663876853511,893
age_18-24,dep_hour_share_all_19,0.04482474858143474,0.05334741515,-0.8522666568565263,893
age_18-24,dep_hour_share_all_20,0.02990230319500129,0.03905792369,-0.9155620494998712,893
age_18-24,dep_hour_share_all_21,0.030213287148229306,0.03349708147,-0.32837943217706966,893
age_18-24,dep_hour_share_all_22,0.032686805668519815,0.02222615009,1.0460655578519815,893
age_18-24,dep_hour_share_all_23,0.011774330906063708,0.01050622403,0.12681068760637074,893
age_18-24,dep_hour_share_all_4,0.002645755786693714,0.0007791789303,0.1866576856393714,893
age_18-24,dep_hour_share_all_5,0.020266585013444076,0.00986631329,1.0400271723444077,893
age_18-24,dep_hour_share_all_6,0.058933851320964147,0.04215588232,1.677796900096415,893
age_18-24,dep_hour_share_all_7,0.08489861923124767,0.1076210018,-2.2722382568752337,893
age_18-24,dep_hour_share_all_8,0.03799745471595204,0.03860352794,-0.06060732240479594,893
age_18-24,dep_hour_share_all_9,0.03560048609184074,0.03518651183,0.04139742618407341,893
age_18-24,dep_hour_share_education_10,0.032409673944972094,0.03490101284,-0.24913388950279086,893
age_18-24,dep_hour_share_education_11,0.1425144423773622,0.06986012065,7.265432172736219,893
age_18-24,dep_hour_share_education_12,0.022030745128757467,0.04841063952,-2.637989439124253,893
age_18-24,dep_hour_share_education_13,0.034906491726231274,0.08040129635,-4.549480462376873,893
age_18-24,dep_hour_share_education_14,0.007980025457749926,0.03089837697,-2.291835151225007,893
age_18-24,dep_hour_share_education_15,0.00494467835112112,0.02820735963,-2.326268127887888,893
age_18-24,dep_hour_share_education_16,0.0030353471066288064,0.02570737329,-2.267202618337119,893
age_18-24,dep_hour_share_education_17,0.0038186624889846275,0.02053196086,-1.6713298371015373,893
age_18-24,dep_hour_share_education_18,0.004357191814354254,0.005045877116,-0.06886853016457462,893
age_18-24,dep_hour_share_education_19,0.002937432683834329,0.0004466295588,0.2490803125034329,893
age_18-24,dep_hour_share_education_20,0.00014687163419171645,0.002221431637,-0.20745600028082836,893
age_18-24,dep_hour_share_education_21,4.895721139723881e-05,0.0,0.004895721139723881,893
age_18-24,dep_hour_share_education_22,4.895721139723881e-05,0.0,0.004895721139723881,893
age_18-24,dep_hour_share_education_23,0.0,0.0,0.0,893
age_18-24,dep_hour_share_education_4,0.0007343581709585822,0.0,0.07343581709585822,893
age_18-24,dep_hour_share_education_5,0.0046509350827376875,0.004640286008,0.0010649074737687121,893
age_18-24,dep_hour_share_education_6,0.21722314696954861,0.068343697,14.887944996954861,893
age_18-24,dep_hour_share_education_7,0.3794183883286008,0.3998014518,-2.0383063471399177,893
age_18-24,dep_hour_share_education_8,0.087535493978263,0.08356063542,0.3974858558263003,893
age_18-24,dep_hour_share_education_9,0.05125820033290904,0.09702185135,-4.576365101709095,893
age_18-24,dep_hour_share_escort_10,0.02808054683170146,0.01375894695,1.432159988170146,893
age_18-24,dep_hour_share_escort_11,0.028265287271383707,0.09245729675,-6.419200947861629,893
age_18-24,dep_hour_share_escort_12,0.05302050618880473,0.0,5.3020506188804735,893
age_18-24,dep_hour_share_escort_13,0.03510068353962682,0.05387730056,-1.8776617020373179,893
age_18-24,dep_hour_share_escort_14,0.0648438943284685,0.002560722335,6.22831719934685,893
age_18-24,dep_hour_share_escort_15,0.018843524847589138,0.1685697225,-14.972619765241085,893
age_18-24,dep_hour_share_escort_16,0.22039534454092,0.1200561636,10.033918094092,893
age_18-24,dep_hour_share_escort_17,0.06946240532052467,0.03481375873,3.4648646590524668,893
age_18-24,dep_hour_share_escort_18,0.19490116386477,0.05679474115,13.810642271477,893
age_18-24,dep_hour_share_escort_19,0.05154258267134676,0.02043029322,3.111228945134676,893
age_18-24,dep_hour_share_escort_20,0.006835396268243118,0.02878126346,-2.194586719175688,893
age_18-24,dep_hour_share_escort_21,0.04433770552373915,0.0503793547,-0.6041649176260849,893
age_18-24,dep_hour_share_escort_22,0.0,0.005435604866,-0.5435604866,893
age_18-24,dep_hour_share_escort_23,0.0,0.0,0.0,893
age_18-24,dep_hour_share_escort_4,0.0,0.0,0.0,893
age_18-24,dep_hour_share_escort_5,0.0005542213190467394,0.0,0.05542213190467394,893
age_18-24,dep_hour_share_escort_6,0.009791243303159062,0.08831266671,-7.852142340684094,893
age_18-24,dep_hour_share_escort_7,0.08239423609828192,0.2202617057,-13.786746960171808,893
age_18-24,dep_hour_share_escort_8,0.03824127101422502,0.0435104588,-0.5269187785774981,893
age_18-24,dep_hour_share_escort_9,0.035654904858673564,0.0,3.5654904858673566,893
age_18-24,dep_hour_share_home_10,0.019996524232615734,0.01166516689,0.8331357342615734,893
age_18-24,dep_hour_share_home_11,0.02309212955922925,0.04631435463,-2.322222507077075,893
age_18-24,dep_hour_share_home_12,0.040036495557534815,0.05628787982,-1.6251384262465183,893
age_18-24,dep_hour_share_home_13,0.08130037147263919,0.09039552002,-0.9095148547360807,893
age_18-24,dep_hour_share_home_14,0.09397606065214086,0.08169424827,1.228181238214085,893
age_18-24,dep_hour_share_home_15,0.14993591553885255,0.1234329542,2.650296133885255,893
age_18-24,dep_hour_share_home_16,0.11581908630764887,0.1213479746,-0.552888829235114,893
age_18-24,dep_hour_share_home_17,0.08694849347207438,0.09271122846,-0.5762734987925622,893
age_18-24,dep_hour_share_home_18,0.10556557252405882,0.08376426422,2.1801308304058824,893
age_18-24,dep_hour_share_home_19,0.057686876805769775,0.06886305667,-1.1176179864230231,893
age_18-24,dep_hour_share_home_20,0.04747681011448309,0.05846138833,-1.0984578215516911,893
age_18-24,dep_hour_share_home_21,0.048356613733625875,0.05890813052,-1.0551516786374122,893
age_18-24,dep_hour_share_home_22,0.0543088653791845,0.04590416275,0.8404702629184503,893
age_18-24,dep_hour_share_home_23,0.025633784458975083,0.02555811974,0.007566471897508392,893
age_18-24,dep_hour_share_home_4,0.0001303412769100428,0.0,0.01303412769100428,893
age_18-24,dep_hour_share_home_5,0.0005539504268676819,0.0003030322736,0.025091815326768196,893
age_18-24,dep_hour_share_home_6,0.001727021919058067,0.0002400066681,0.1487015250958067,893
age_18-24,dep_hour_share_home_7,0.004312123911107249,0.006598089243,-0.22859653318927511,893
age_18-24,dep_hour_share_home_8,0.00742945278387244,0.006845390063,0.058406272087243964,893
age_18-24,dep_hour_share_home_9,0.0158364651445702,0.01014019989,0.5696265254570201,893
age_18-24,dep_hour_share_leisure_10,0.026838055691255497,0.0354571134,-0.86190577087445,893
age_18-24,dep_hour_share_leisure_11,0.05120297997068881,0.05252686808,-0.13238881093111873,893
age_18-24,dep_hour_share_leisure_12,0.06027112848070347,0.05265061882,0.7620509660703468,893
age_18-24,dep_hour_share_leisure_13,0.03163165608207132,0.06150753248,-2.987587639792868,893
age_18-24,dep_hour_share_leisure_14,0.04781387396189546,0.04834662628,-0.053275231810454016,893
age_18-24,dep_hour_share_leisure_15,0.0769723986321446,0.1010176195,-2.4045220867855406,893
age_18-24,dep_hour_share_leisure_16,0.14576209086468003,0.1084790178,3.728307306468004,893
age_18-24,dep_hour_share_leisure_17,0.1342208109428432,0.1137904161,2.0430394842843187,893
age_18-24,dep_hour_share_leisure_18,0.15620420127015144,0.1352658494,2.0938351870151446,893
age_18-24,dep_hour_share_leisure_19,0.08646800195407914,0.1165758567,-3.0107854745920855,893
age_18-24,dep_hour_share_leisure_20,0.0268685881778212,0.05583868812,-2.8970099942178797,893
age_18-24,dep_hour_share_leisure_21,0.017067659990229606,0.03859737112,-2.1529711129770397,893
age_18-24,dep_hour_share_leisure_22,0.04076086956521739,0.01820037088,2.256049868521739,893
age_18-24,dep_hour_share_leisure_23,0.00201514411333659,0.0,0.201514411333659,893
age_18-24,dep_hour_share_leisure_4,0.0007633121641426478,0.001289111248,-0.05257990838573522,893
age_18-24,dep_hour_share_leisure_5,0.0003663898387884709,0.0,0.03663898387884709,893
age_18-24,dep_hour_share_leisure_6,0.002106741573033708,0.006702918364,-0.4596176790966292,893
age_18-24,dep_hour_share_leisure_7,0.01682340009770396,0.008876328858,0.7947071239703958,893
age_18-24,dep_hour_share_leisure_8,0.03807401074743527,0.01015999501,2.7914015737435274,893
age_18-24,dep_hour_share_leisure_9,0.03526502198339033,0.03382672897,0.14382930133903307,893
age_18-24,dep_hour_share_other_10,0.04271873165002936,0.117216012,-7.449728034997063,893
age_18-24,dep_hour_share_other_11,0.06473869641808573,0.07209096089,-0.7352264471914269,893
age_18-24,dep_hour_share_other_12,0.10576923076923077,0.05781988174,4.794934902923076,893
age_18-24,dep_hour_share_other_13,0.06341749853200235,0.118511811,-5.509431246799765,893
age_18-24,dep_hour_share_other_14,0.06099530240751615,0.1039058685,-4.291056609248385,893
age_18-24,dep_hour_share_other_15,0.09754844392248972,0.1426642749,-4.511583097751028,893
age_18-24,dep_hour_share_other_16,0.04117733411626542,0.1481865664,-10.700923228373457,893
age_18-24,dep_hour_share_other_17,0.12712859659424544,0.04089013149,8.623846510424544,893
age_18-24,dep_hour_share_other_18,0.06444509688784499,0.02609496754,3.8350129347844986,893
age_18-24,dep_hour_share_other_19,0.013211978860833822,0.008629403325,0.4582575535833822,893
age_18-24,dep_hour_share_other_20,0.02840575455079272,0.0,2.840575455079272,893
age_18-24,dep_hour_share_other_21,0.041544333529066356,0.0,4.1544333529066355,893
age_18-24,dep_hour_share_other_22,0.005651790957134468,0.0,0.5651790957134468,893
age_18-24,dep_hour_share_other_23,0.002275396359365825,0.0,0.22753963593658252,893
age_18-24,dep_hour_share_other_4,0.00044039929536112744,0.0,0.04403992953611274,893
age_18-24,dep_hour_share_other_5,0.0012477980035231944,0.0,0.12477980035231943,893
age_18-24,dep_hour_share_other_6,0.043305930710510865,0.008060061011,3.5245869699510863,893
age_18-24,dep_hour_share_other_7,0.06194950088079859,0.02260816915,3.9341331730798594,893
age_18-24,dep_hour_share_other_8,0.05938050499119201,0.07815482528,-1.8774320288807995,893
age_18-24,dep_hour_share_other_9,0.07325308279506752,0.05516706685,1.8086015945067522,893
age_18-24,dep_hour_share_shop_10,0.06908237747653806,0.01897096944,5.011140803653806,893
age_18-24,dep_hour_share_shop_11,0.0367570385818561,0.06281294543,-2.6055906848143904,893
age_18-24,dep_hour_share_shop_12,0.05344108446298227,0.09938698379,-4.594589932701773,893
age_18-24,dep_hour_share_shop_13,0.04705422314911366,0.1007398641,-5.368564095088635,893
age_18-24,dep_hour_share_shop_14,0.0806830031282586,0.06651575496,1.4167248168258595,893
age_18-24,dep_hour_share_shop_15,0.14455161626694474,0.1866778874,-4.212627113305525,893
age_18-24,dep_hour_share_shop_16,0.06047966631908238,0.09368439708,-3.3204730760917616,893
age_18-24,dep_hour_share_shop_17,0.14761470281543274,0.1038333869,4.378131591543273,893
age_18-24,dep_hour_share_shop_18,0.13119134515119918,0.05401011441,7.718123074119918,893
age_18-24,dep_hour_share_shop_19,0.03310740354535975,0.04229752422,-0.919012067464025,893
age_18-24,dep_hour_share_shop_20,0.0047575599582898856,0.03410551903,-2.9347959071710115,893
age_18-24,dep_hour_share_shop_21,0.023722627737226276,0.01732718335,0.6395444387226276,893
age_18-24,dep_hour_share_shop_22,0.026785714285714284,0.0,2.6785714285714284,893
age_18-24,dep_hour_share_shop_23,6.517205422314912e-05,0.0,0.006517205422314911,893
age_18-24,dep_hour_share_shop_4,0.00013034410844629823,0.0,0.013034410844629822,893
age_18-24,dep_hour_share_shop_5,0.00019551616266944735,0.002847337897,-0.2651821734330552,893
age_18-24,dep_hour_share_shop_6,0.0014989572471324295,0.0,0.14989572471324294,893
age_18-24,dep_hour_share_shop_7,0.02346193952033368,0.003504804092,1.995713542833368,893
age_18-24,dep_hour_share_shop_8,0.04685870698644421,0.05225400101,-0.5395294023555791,893
age_18-24,dep_hour_share_shop_9,0.06784410844629822,0.06103132682,0.6812781626298219,893
age_18-24,dep_hour_share_work_10,0.03753104903195073,0.02259725549,1.493379354195073,893
age_18-24,dep_hour_share_work_11,0.03174657184660928,0.02100725469,1.0739317156609276,893
age_18-24,dep_hour_share_work_12,0.031134097791690768,0.0673294876,-3.6195389808309235,893
age_18-24,dep_hour_share_work_13,0.036578311613188606,0.04425739801,-0.7679086396811391,893
age_18-24,dep_hour_share_work_14,0.013406376535438429,0.02296553244,-0.9559155904561569,893
age_18-24,dep_hour_share_work_15,0.01524379870019395,0.01421659067,0.10272080301939515,893
age_18-24,dep_hour_share_work_16,0.009901663887849195,0.02749113726,-1.7589473372150803,893
age_18-24,dep_hour_share_work_17,0.0038109496750484877,0.01921930609,-1.5408356414951512,893
age_18-24,dep_hour_share_work_18,0.0036067916567423188,0.008101323702,-0.4494532045257682,893
age_18-24,dep_hour_share_work_19,0.006771240940487938,0.0,0.6771240940487938,893
age_18-24,dep_hour_share_work_20,0.016979141855796385,0.01068788997,0.6291251885796385,893
age_18-24,dep_hour_share_work_21,0.004525502739120079,0.002276105451,0.2249397288120079,893
age_18-24,dep_hour_share_work_22,0.00027221069107489197,0.0,0.0272210691074892,893
age_18-24,dep_hour_share_work_23,0.00010207900915308448,0.0,0.010207900915308448,893
age_18-24,dep_hour_share_work_4,0.016774983837490216,0.004549769724,1.2225214113490215,893
age_18-24,dep_hour_share_work_5,0.13797679403858587,0.07302180838,6.495498565858587,893
age_18-24,dep_hour_share_work_6,0.23774201231753378,0.2369148277,0.08271846175337827,893
age_18-24,dep_hour_share_work_7,0.25169281023512197,0.293810017,-4.2117206764878015,893
age_18-24,dep_hour_share_work_8,0.0846575249242914,0.1096593637,-2.5001838775708594,893
age_18-24,dep_hour_share_work_9,0.052706795059375956,0.02189493214,3.0811862919375956,893
age_18-24,mean_work_activity_h,6.49662447257384,6.812952307,-0.3163278344261595,893
age_18-24,mobility_rate,0.9019139882868313,0.7546605455,14.725344278683139,893
age_18-24,n_persons_unweighted,63689.0,893.0,62796.0,893
age_18-24,n_persons_weighted,63689.0,52074.31211,11614.687890000001,893
age_18-24,n_work_activities_measured,29388.0,309.0,29079.0,893
age_18-24,nonhome_acts_per_mobile,2.035931896521709,2.084417489,-0.04848559247829076,893
age_18-24,participation_education,0.2560096719998744,0.334489587,-7.847991500012558,893
age_18-24,participation_escort,0.06806512898616715,0.02815135473,3.9913774256167147,893
age_18-24,participation_home,0.9019139882868313,0.7424896041,15.942438418683135,893
age_18-24,participation_leisure,0.3825778391873008,0.3696243154,1.2953523787300802,893
age_18-24,participation_other,0.1865471274474399,0.07997782929,10.65692981574399,893
age_18-24,participation_shop,0.22438725682613953,0.1781573512,4.622990562613952,893
age_18-24,participation_work,0.4004773194743205,0.2871962929,11.328102657432055,893
age_18-24,purpose_share_education,0.09772551120977542,0.159334404,-6.160889279022459,893
age_18-24,purpose_share_escort,0.02589778675112672,0.01309209486,1.2805691891126718,893
age_18-24,purpose_share_home,0.4404776713521582,0.4153081079,2.516956345215821,893
age_18-24,purpose_share_leisure,0.15669763747882917,0.1797186293,-2.3020991821170815,893
age_18-24,purpose_share_other,0.06518223659659161,0.03396281963,3.121941696659161,893
age_18-24,purpose_share_shop,0.07341135043585598,0.07914112503,-0.5729774594144019,893
age_18-24,purpose_share_work,0.14060780617566287,0.1194428193,2.1164986875662875,893
age_18-24,share_mobile_first_from_home,1.0,0.9406851375,5.931486249999995,893
age_18-24,share_mobile_last_to_home,1.0,0.9660975119,3.390248809999996,893
age_18-24,share_mobile_odd_trip_count,0.34622749904251243,0.2136054659,13.262203314251241,893
age_18-24,share_trips_0,0.09808601171316868,0.2453394545,-14.725344278683133,893
age_18-24,share_trips_1,0.002119675297147074,0.006018493157,-0.38988178598529266,893
age_18-24,share_trips_2,0.3135392296942957,0.3013416917,1.2197537994295682,893
age_18-24,share_trips_3,0.13949033585077486,0.07133340527,6.815693058077486,893
age_18-24,share_trips_4,0.19240371178696478,0.210344162,-1.7940450213035226,893
age_18-24,share_trips_5,0.1280126866491859,0.05463050607,7.3382180579185885,893
age_18-24,share_trips_6,0.08009232363516462,0.06955324763,1.0539076005164627,893
age_18-24,share_trips_7,0.0347783761717094,0.01833388261,1.6444493561709401,893
age_18-24,share_trips_8plus,0.01147764920158897,0.02310515705,-1.1627507848411027,893
age_18-24,share_trips_followed_by_same_purpose,0.09474006525878649,0.04177658799,5.296347726878649,893
age_18-24,share_trips_home_based,0.8435320122097084,0.8218979499,2.1634062309708435,893
age_18-24,share_trips_unknown_purpose,0.0,0.001902570424,-0.1902570424,893
age_18-24,share_work_activities_lt_2h,0.1445487954267048,0.0748682609,6.968053452670479,893
age_18-24,tours_per_mobile,1.6027645276975035,1.475755717,0.12700881069750358,893
age_18-24,trips_per_mobile_person,3.6386964242192126,3.560173206,0.0785232182192126,893
age_18-24,trips_per_person,3.2817912041325816,2.686722253,0.5950689511325815,893
age_18-24,trips_per_person_education,0.320714723107601,0.4272728227,-0.10655809959239898,893
age_18-24,trips_per_person_escort,0.08499112876634898,0.03510790004,0.04988322872634898,893
age_18-24,trips_per_person_home,1.445555747460315,1.113694614,0.331861133460315,893
age_18-24,trips_per_person_leisure,0.5142489283863776,0.4819353769,0.0323135514863776,893
age_18-24,trips_per_person_other,0.21391449072838323,0.09107505629,0.12283943443838323,893
age_18-24,trips_per_person_shop,0.2409207241438867,0.2122256778,0.0286950463438867,893
age_18-24,trips_per_person_work,0.4614454615396693,0.3202991272,0.14114633433966933,893
age_25-44,dep_hour_share_all_10,0.0336739717933849,0.02935278429,0.4321187503384904,4025
age_25-44,dep_hour_share_all_11,0.04148385614407475,0.03903459805,0.24492580940747508,4025
age_25-44,dep_hour_share_all_12,0.05842642537501231,0.05083562843,0.7590796945012308,4025
age_25-44,dep_hour_share_all_13,0.0575861352123155,0.05847497675,-0.08888415376844955,4025
age_25-44,dep_hour_share_all_14,0.06936551527949494,0.07454956686,-0.5184051580505056,4025
age_25-44,dep_hour_share_all_15,0.08433646618597984,0.08547313505,-0.11366688640201544,4025
age_25-44,dep_hour_share_all_16,0.09476022188912109,0.1027285578,-0.7968335910878908,4025
age_25-44,dep_hour_share_all_17,0.08071162073153386,0.09686879024,-1.6157169508466143,4025
age_25-44,dep_hour_share_all_18,0.06324605840454282,0.06613640102,-0.28903426154571754,4025
age_25-44,dep_hour_share_all_19,0.04527719728218651,0.04156726866,0.3709928622186512,4025
age_25-44,dep_hour_share_all_20,0.031222031357703208,0.03107559391,0.01464374477032071,4025
age_25-44,dep_hour_share_all_21,0.021171373239821874,0.01904776471,0.2123608529821873,4025
age_25-44,dep_hour_share_all_22,0.017413044191822487,0.01723390815,0.017913604182248632,4025
age_25-44,dep_hour_share_all_23,0.009316498353337636,0.003892511866,0.5423986487337636,4025
age_25-44,dep_hour_share_all_4,0.005186165847894351,0.003105880327,0.20802855208943505,4025
age_25-44,dep_hour_share_all_5,0.02600085341969649,0.02100437761,0.49964758096964906,4025
age_25-44,dep_hour_share_all_6,0.05986848583651542,0.03752643822,2.234204761651542,4025
age_25-44,dep_hour_share_all_7,0.08504108449949123,0.110174645,-2.513356050050877,4025
age_25-44,dep_hour_share_all_8,0.06072847029990044,0.07897970077,-1.8251230470099558,4025
age_25-44,dep_hour_share_all_9,0.0405243060494327,0.03065365709,0.9870648959432695,4025
age_25-44,dep_hour_share_education_10,0.033996040967381014,0.02641891161,0.7577129357381012,4025
age_25-44,dep_hour_share_education_11,0.046561666236337035,0.02744738155,1.9114284686337035,4025
age_25-44,dep_hour_share_education_12,0.09011102504518462,0.0269026847,6.3208340345184615,4025
age_25-44,dep_hour_share_education_13,0.053705138135812035,0.08153439236,-2.7829254224187965,4025
age_25-44,dep_hour_share_education_14,0.038127205439366554,0.1084028729,-7.027566746063345,4025
age_25-44,dep_hour_share_education_15,0.042344435837851795,0.06961964452,-2.72752086821482,4025
age_25-44,dep_hour_share_education_16,0.020655822359927703,0.06204862759,-4.13928052300723,4025
age_25-44,dep_hour_share_education_17,0.0038729666924864447,0.0367147792,-3.284181250751356,4025
age_25-44,dep_hour_share_education_18,0.021860745330923487,0.01074641341,1.1114331920923486,4025
age_25-44,dep_hour_share_education_19,0.0,0.01173627202,-1.173627202,4025
age_25-44,dep_hour_share_education_20,0.0,0.0,0.0,4025
age_25-44,dep_hour_share_education_21,0.0,0.008324041908,-0.8324041908,4025
age_25-44,dep_hour_share_education_22,0.0,0.0,0.0,4025
age_25-44,dep_hour_share_education_23,0.0,0.0,0.0,4025
age_25-44,dep_hour_share_education_4,0.0035287029864876497,0.0,0.35287029864876496,4025
age_25-44,dep_hour_share_education_5,0.008090197090971684,0.0,0.8090197090971684,4025
age_25-44,dep_hour_share_education_6,0.07238144418624666,0.02785585686,4.452558732624666,4025
age_25-44,dep_hour_share_education_7,0.4282640502625011,0.2431989634,18.506508686250108,4025
age_25-44,dep_hour_share_education_8,0.11455374817109906,0.1696731779,-5.511942972890093,4025
age_25-44,dep_hour_share_education_9,0.021774679404423788,0.08937598006,-6.760130065557621,4025
age_25-44,dep_hour_share_escort_10,0.009671354440851319,0.007296551807,0.23748026338513192,4025
age_25-44,dep_hour_share_escort_11,0.02358426712792359,0.02120520619,0.23790609379235916,4025
age_25-44,dep_hour_share_escort_12,0.07046702263668497,0.04721467212,2.325235051668497,4025
age_25-44,dep_hour_share_escort_13,0.0808753854252839,0.09357296788,-1.2697582454716096,4025
age_25-44,dep_hour_share_escort_14,0.16955704294201698,0.130670501,3.888654194201699,4025
age_25-44,dep_hour_share_escort_15,0.125351583063849,0.1267819293,-0.14303462361510144,4025
age_25-44,dep_hour_share_escort_16,0.06466120177483643,0.05071967507,1.3941526704836436,4025
age_25-44,dep_hour_share_escort_17,0.03484996615777995,0.05279784819,-1.794788203222005,4025
age_25-44,dep_hour_share_escort_18,0.03700082725426788,0.01817284159,1.882798566426788,4025
age_25-44,dep_hour_share_escort_19,0.01612393773031511,0.007804126756,0.8319810974315108,4025
age_25-44,dep_hour_share_escort_20,0.004151312326088592,0.0003713339033,0.3779978422788592,4025
age_25-44,dep_hour_share_escort_21,0.005339550274498007,0.002670445741,0.2669104533498007,4025
age_25-44,dep_hour_share_escort_22,0.0016695495224486726,0.02141109736,-1.9741547837551325,4025
age_25-44,dep_hour_share_escort_23,0.0007821313078137926,0.0,0.07821313078137926,4025
age_25-44,dep_hour_share_escort_4,0.0024968037903286455,0.0,0.24968037903286455,4025
age_25-44,dep_hour_share_escort_5,0.002932992404301722,0.0005714581752,0.23615342291017222,4025
age_25-44,dep_hour_share_escort_6,0.05541099496126946,0.01192044468,4.349055028126945,4025
age_25-44,dep_hour_share_escort_7,0.1751673309769121,0.2583130331,-8.314570212308789,4025
age_25-44,dep_hour_share_escort_8,0.09717981499586373,0.1347702211,-3.759040610413628,4025
age_25-44,dep_hour_share_escort_9,0.018906520267729564,0.009764125762,0.9142394505729564,4025
age_25-44,dep_hour_share_home_10,0.019925460280042346,0.0257201201,-0.5794659819957655,4025
age_25-44,dep_hour_share_home_11,0.0443254864726233,0.0382674508,0.6058035672623301,4025
age_25-44,dep_hour_share_home_12,0.06968045051239237,0.0410214586,2.865899191239237,4025
age_25-44,dep_hour_share_home_13,0.05938349212585535,0.06200003835,-0.26165462241446513,4025
age_25-44,dep_hour_share_home_14,0.0715603138744284,0.08132017858,-0.9759864705571595,4025
age_25-44,dep_hour_share_home_15,0.10630368114898121,0.1010822646,0.5221416548981215,4025
age_25-44,dep_hour_share_home_16,0.1235771426076897,0.1384557829,-1.4878640292310286,4025
age_25-44,dep_hour_share_home_17,0.11054087679664736,0.1331026752,-2.2561798403352635,4025
age_25-44,dep_hour_share_home_18,0.08575069028364382,0.09261052467,-0.6859834386356178,4025
age_25-44,dep_hour_share_home_19,0.06392626788462168,0.05089554471,1.303072317462168,4025
age_25-44,dep_hour_share_home_20,0.05838489997708149,0.05684347064,0.15414293370814916,4025
age_25-44,dep_hour_share_home_21,0.03989730325551954,0.03274124022,0.7156063035519535,4025
age_25-44,dep_hour_share_home_22,0.037496316668303706,0.02815653928,0.9339777388303706,4025
age_25-44,dep_hour_share_home_23,0.019829966495323533,0.00754118837,1.2288778125323534,4025
age_25-44,dep_hour_share_home_4,3.819751388752469e-05,0.0002017456656,-0.016354815171247532,4025
age_25-44,dep_hour_share_home_5,0.0009412958779425728,0.005221632523,-0.42803366450574265,4025
age_25-44,dep_hour_share_home_6,0.0024200853441596003,0.006611835438,-0.41917500938404,4025
age_25-44,dep_hour_share_home_7,0.015027993320891858,0.03017629035,-1.5148297029108142,4025
age_25-44,dep_hour_share_home_8,0.023164063778934617,0.04812328746,-2.495922368106538,4025
age_25-44,dep_hour_share_home_9,0.02252834801209224,0.01763454772,0.48938002920922397,4025
age_25-44,dep_hour_share_leisure_10,0.03877090491653759,0.02700385503,1.176704988653759,4025
age_25-44,dep_hour_share_leisure_11,0.03494963949584457,0.037845402,-0.2895762504155429,4025
age_25-44,dep_hour_share_leisure_12,0.05734256936854768,0.0632204461,-0.5877876731452313,4025
age_25-44,dep_hour_share_leisure_13,0.05450413970420575,0.03932223107,1.5181908634205752,4025
age_25-44,dep_hour_share_leisure_14,0.06570846732660812,0.0600168606,0.5691606726608123,4025
age_25-44,dep_hour_share_leisure_15,0.07889419183381427,0.08739013564,-0.8495943806185735,4025
age_25-44,dep_hour_share_leisure_16,0.1380766297382512,0.1438486555,-0.5772025761748817,4025
age_25-44,dep_hour_share_leisure_17,0.13540331648097623,0.1477244444,-1.232112791902376,4025
age_25-44,dep_hour_share_leisure_18,0.11455147307423162,0.117110796,-0.25593229257683814,4025
age_25-44,dep_hour_share_leisure_19,0.08785765393173615,0.1128861458,-2.502849186826385,4025
age_25-44,dep_hour_share_leisure_20,0.03172593821501301,0.03746674649,-0.5740808274986992,4025
age_25-44,dep_hour_share_leisure_21,0.020364356871594474,0.01625238859,0.4111968281594474,4025
age_25-44,dep_hour_share_leisure_22,0.00998561128452702,0.01404944481,-0.40638335254729807,4025
age_25-44,dep_hour_share_leisure_23,0.0023509431291917943,0.002662663419,-0.03117202898082058,4025
age_25-44,dep_hour_share_leisure_4,6.290148840646942e-05,0.002551764697,-0.24888632085935306,4025
age_25-44,dep_hour_share_leisure_5,0.00624297272434209,0.008189518441,-0.194654571665791,4025
age_25-44,dep_hour_share_leisure_6,0.0184851749054512,0.01320803356,0.52771413454512,4025
age_25-44,dep_hour_share_leisure_7,0.020348631499492856,0.01732781009,0.30208214094928565,4025
age_25-44,dep_hour_share_leisure_8,0.03714332890402019,0.02546712609,1.167620281402019,4025
age_25-44,dep_hour_share_leisure_9,0.04274156137219597,0.02589343178,1.6848129592195973,4025
age_25-44,dep_hour_share_other_10,0.07257343667731943,0.05412017233,1.8453264347319427,4025
age_25-44,dep_hour_share_other_11,0.06552057696310717,0.0789802017,-1.3459624736892828,4025
age_25-44,dep_hour_share_other_12,0.05565147118245601,0.05983446371,-0.4182992527543991,4025
age_25-44,dep_hour_share_other_13,0.07786308146297861,0.04273636165,3.5126719812978617,4025
age_25-44,dep_hour_share_other_14,0.10514393466309126,0.1265055826,-2.1361647936908743,4025
age_25-44,dep_hour_share_other_15,0.10248686772214671,0.1352309765,-3.2744108777853276,4025
age_25-44,dep_hour_share_other_16,0.09387895039733558,0.1316381246,-3.7759174202664405,4025
age_25-44,dep_hour_share_other_17,0.07574477463909195,0.04966564691,2.6079127729091947,4025
age_25-44,dep_hour_share_other_18,0.055467802960731734,0.03138908936,2.4078713600731736,4025
age_25-44,dep_hour_share_other_19,0.04805985135118589,0.006066265421,4.199358593018589,4025
age_25-44,dep_hour_share_other_20,0.02403604794965042,0.004669368886,1.936667906365042,4025
age_25-44,dep_hour_share_other_21,0.009305856567363381,0.01009070344,-0.0784846872636618,4025
age_25-44,dep_hour_share_other_22,0.006134518605590861,0.009226448133,-0.3091929527409139,4025
age_25-44,dep_hour_share_other_23,0.008718118257845695,0.0,0.8718118257845695,4025
age_25-44,dep_hour_share_other_4,0.00014693457737942182,0.0,0.014693457737942181,4025
age_25-44,dep_hour_share_other_5,0.0021183068238866645,0.002621566313,-0.05032594891133356,4025
age_25-44,dep_hour_share_other_6,0.013260845608492819,0.01949225706,-0.6231411451507182,4025
age_25-44,dep_hour_share_other_7,0.052296464998959215,0.04723864121,0.5057823788959214,4025
age_25-44,dep_hour_share_other_8,0.056912659638296045,0.09630056464,-3.938790500170396,4025
age_25-44,dep_hour_share_other_9,0.06890007224283388,0.09419356547,-2.529349322716612,4025
age_25-44,dep_hour_share_shop_10,0.09010536111942034,0.06803486304,2.2070498079420338,4025
age_25-44,dep_hour_share_shop_11,0.08420580317080467,0.06635659884,1.7849204330804669,4025
age_25-44,dep_hour_share_shop_12,0.06291753913650414,0.07726087357,-1.4343334433495865,4025
age_25-44,dep_hour_share_shop_13,0.050619869046432016,0.04675210802,0.3867761026432014,4025
age_25-44,dep_hour_share_shop_14,0.08590088742646326,0.08259293623,0.3307951196463266,4025
age_25-44,dep_hour_share_shop_15,0.10037557749194004,0.0909313898,0.944418769194004,4025
age_25-44,dep_hour_share_shop_16,0.13951208162993983,0.1393931915,0.011889012993981929,4025
age_25-44,dep_hour_share_shop_17,0.098597400870808,0.1325312315,-3.3933830629192014,4025
age_25-44,dep_hour_share_shop_18,0.06123907335394024,0.0866208823,-2.538180894605975,4025
age_25-44,dep_hour_share_shop_19,0.023182769967095423,0.03743184982,-1.4249079852904578,4025
age_25-44,dep_hour_share_shop_20,0.005932794894805065,0.01958655162,-1.3653756725194934,4025
age_25-44,dep_hour_share_shop_21,0.0020939276099311995,0.01126433868,-0.9170411070068799,4025
age_25-44,dep_hour_share_shop_22,0.0009306344933027554,0.002536911833,-0.16062773396972443,4025
age_25-44,dep_hour_share_shop_23,0.0007644497623558348,0.0,0.07644497623558348,4025
age_25-44,dep_hour_share_shop_4,0.0002991325157044571,0.0,0.029913251570445706,4025
age_25-44,dep_hour_share_shop_5,0.00023265862332568884,0.0001243325662,0.010832605712568884,4025
age_25-44,dep_hour_share_shop_6,0.008492039751387643,0.003842382528,0.4649657223387643,4025
age_25-44,dep_hour_share_shop_7,0.035546913949546316,0.03503773812,0.05091758295463142,4025
age_25-44,dep_hour_share_shop_8,0.04566756406421378,0.04984367514,-0.4176111075786221,4025
age_25-44,dep_hour_share_shop_9,0.09735101538870608,0.04985814484,4.749287054870608,4025
age_25-44,dep_hour_share_work_10,0.030730217048381622,0.02775671931,0.2973497738381622,4025
age_25-44,dep_hour_share_work_11,0.023447015834348356,0.03089445661,-0.7447440775651644,4025
age_25-44,dep_hour_share_work_12,0.0324723947205527,0.05180966087,-1.93372661494473,4025
age_25-44,dep_hour_share_work_13,0.04257602683652483,0.05380842665,-1.1232399813475167,4025
age_25-44,dep_hour_share_work_14,0.016677981669695092,0.0228067842,-0.6128802530304907,4025
age_25-44,dep_hour_share_work_15,0.02420578662566642,0.01733496191,0.6870824715666423,4025
age_25-44,dep_hour_share_work_16,0.015739502006749066,0.008581947131,0.7157554875749065,4025
age_25-44,dep_hour_share_work_17,0.007742457219304727,0.008768448911,-0.10259916916952727,4025
age_25-44,dep_hour_share_work_18,0.004382899702481979,0.003612725887,0.07701738154819787,4025
age_25-44,dep_hour_share_work_19,0.0019268784568998224,0.00134504902,0.05818294368998224,4025
age_25-44,dep_hour_share_work_20,0.0025259080289930314,0.003590311475,-0.10644034460069686,4025
age_25-44,dep_hour_share_work_21,0.00447275413829596,0.008217950353,-0.374519621470404,4025
age_25-44,dep_hour_share_work_22,0.0011681076655817575,0.0003123685422,0.08557391233817575,4025
age_25-44,dep_hour_share_work_23,0.0006888840079071904,0.002312288664,-0.16234046560928095,4025
age_25-44,dep_hour_share_work_4,0.02236876260458058,0.01340819879,0.896056381458058,4025
age_25-44,dep_hour_share_work_5,0.11056588326910405,0.08837114296,2.2194740309104053,4025
age_25-44,dep_hour_share_work_6,0.2264381701643338,0.1519441065,7.4494063664333785,4025
age_25-44,dep_hour_share_work_7,0.23260817475689383,0.3004886393,-6.78804645431062,4025
age_25-44,dep_hour_share_work_8,0.13529082885725124,0.1545272577,-1.923642884274876,4025
age_25-44,dep_hour_share_work_9,0.051666300593039276,0.0457817992,0.5884501393039275,4025
age_25-44,mean_work_activity_h,5.640898896437039,6.30967192,-0.6687730235629612,4025
age_25-44,mobility_rate,0.9347243300948443,0.8781907671,5.653356299484436,4025
age_25-44,n_persons_unweighted,251043.0,4025.0,247018.0,4025
age_25-44,n_persons_weighted,251043.0,199882.6486,51160.351400000014,4025
age_25-44,n_work_activities_measured,200049.0,2600.0,197449.0,4025
age_25-44,nonhome_acts_per_mobile,2.333006613936997,2.338478239,-0.005471625063003138,4025
age_25-44,participation_education,0.0389614528188398,0.03817704481,0.07844080088398042,4025
age_25-44,participation_escort,0.16674832598399478,0.2139314898,-4.718316381600523,4025
age_25-44,participation_home,0.9347243300948443,0.8664663577,6.825797239484432,4025
age_25-44,participation_leisure,0.37276880853080946,0.3519283511,2.0840457430809476,4025
age_25-44,participation_other,0.22983313615595735,0.1266739587,10.315917745595735,4025
age_25-44,participation_shop,0.20777317033336917,0.2531729059,-4.539973556663085,4025
age_25-44,participation_work,0.6191489107443745,0.5710853725,4.806353824437448,4025
age_25-44,purpose_share_education,0.01271267109423723,0.01234228039,0.037039070423722925,4025
age_25-44,purpose_share_escort,0.07274308784752234,0.1066532473,-3.391015945247766,4025
age_25-44,purpose_share_home,0.40101535061325866,0.4085153751,-0.7500024486741363,4025
age_25-44,purpose_share_leisure,0.13915445802378634,0.1418072416,-0.2652783576213652,4025
age_25-44,purpose_share_other,0.08935632460584045,0.04337982444,4.597650016584045,4025
age_25-44,purpose_share_shop,0.06583804720067399,0.08947511376,-2.363706655932601,4025
age_25-44,purpose_share_work,0.219180060614681,0.1978269174,2.135314321468101,4025
age_25-44,share_mobile_first_from_home,1.0,0.9727469658,2.7253034200000026,4025
age_25-44,share_mobile_last_to_home,1.0,0.9661972261,3.380277389999997,4025
age_25-44,share_mobile_odd_trip_count,0.28961543706532117,0.2489258215,4.068961556532116,4025
age_25-44,share_trips_0,0.0652756699051557,0.1218092329,-5.65335629948443,4025
age_25-44,share_trips_1,0.00031867050664627177,0.006205911764,-0.5887241257353728,4025
age_25-44,share_trips_2,0.31745955872101594,0.3005872781,1.6872280621015923,4025
age_25-44,share_trips_3,0.12753193675983795,0.09065990804,3.6872028719837955,4025
age_25-44,share_trips_4,0.22567846942555658,0.2270095403,-0.1331070874443424,4025
age_25-44,share_trips_5,0.0877698242930494,0.0716958831,1.6073941193049404,4025
age_25-44,share_trips_6,0.0748995192058731,0.08548423682,-1.058471761412691,4025
age_25-44,share_trips_7,0.040706173842728136,0.03189912385,0.8807049992728133,4025
age_25-44,share_trips_8plus,0.06036017734013695,0.06464888519,-0.42887078498630576,4025
age_25-44,share_trips_followed_by_same_purpose,0.11052550959003031,0.05382549989,5.670000970003031,4025
age_25-44,share_trips_home_based,0.781584734728711,0.8176476408,-3.6062906071288925,4025
age_25-44,share_trips_unknown_purpose,0.0,0.001274407943,-0.12744079430000002,4025
age_25-44,share_work_activities_lt_2h,0.21832651000504877,0.1059530374,11.237347260504876,4025
age_25-44,tours_per_mobile,1.5619289513159689,1.611618956,-0.049690004684031175,4025
age_25-44,trips_per_mobile_person,3.894935565252966,3.950097195,-0.05516162974703409,4025
age_25-44,trips_per_person,3.6406910369936623,3.468938886,0.17175215099366214,4025
age_25-44,trips_per_person_education,0.046282907709037896,0.04276005311,0.0035228545990378946,4025
age_25-44,trips_per_person_escort,0.2648351079297172,0.3695020997,-0.10466699177028277,4025
age_25-44,trips_per_person_home,1.4599729926745617,1.415308888,0.04466410467456172,4025
age_25-44,trips_per_person_leisure,0.5066183880849098,0.491293747,0.015324641084909774,4025
age_25-44,trips_per_person_other,0.3253187700911796,0.1502901845,0.1750285855911796,4025
age_25-44,trips_per_person_shop,0.23969598833665945,0.309988146,-0.07029215766334057,4025
age_25-44,trips_per_person_work,0.7979668821675968,0.6853749247,0.11259195746759676,4025
age_45-64,dep_hour_share_all_10,0.04119415811832765,0.04680343587,-0.5609277751672352,5681
age_45-64,dep_hour_share_all_11,0.0486223356585346,0.04934325941,-0.07209237514654021,5681
age_45-64,dep_hour_share_all_12,0.05799906700180333,0.06233942474,-0.43403577381966735,5681
age_45-64,dep_hour_share_all_13,0.06271677536725614,0.06205620181,0.06605735572561416,5681
age_45-64,dep_hour_share_all_14,0.06975902188368158,0.06321266472,0.6546357163681571,5681
age_45-64,dep_hour_share_all_15,0.07909895052622888,0.0843216828,-0.5222732273771125,5681
age_45-64,dep_hour_share_all_16,0.08894019163265732,0.09614078578,-0.7200594147342685,5681
age_45-64,dep_hour_share_all_17,0.08403250175807496,0.09083277066,-0.6800268901925046,5681
age_45-64,dep_hour_share_all_18,0.06354931213763017,0.07157503018,-0.8025718042369832,5681
age_45-64,dep_hour_share_all_19,0.044306472998256345,0.04848706328,-0.4180590281743654,5681
age_45-64,dep_hour_share_all_20,0.0374790746806371,0.02725067037,1.0228404310637103,5681
age_45-64,dep_hour_share_all_21,0.023158845429651638,0.02017086581,0.2987979619651637,5681
age_45-64,dep_hour_share_all_22,0.015059267268175313,0.01174013787,0.3319129398175313,5681
age_45-64,dep_hour_share_all_23,0.009323019293567186,0.00469285664,0.4630162653567187,5681
age_45-64,dep_hour_share_all_4,0.007835991250903904,0.00499284714,0.2843144110903904,5681
age_45-64,dep_hour_share_all_5,0.022361122024824914,0.01948566076,0.28754612648249145,5681
age_45-64,dep_hour_share_all_6,0.04905800006166939,0.05240261375,-0.3344613688330611,5681
age_45-64,dep_hour_share_all_7,0.07907806250690051,0.0849579084,-0.5879845893099491,5681
age_45-64,dep_hour_share_all_8,0.05715260488521039,0.05597711829,0.11754865952103843,5681
age_45-64,dep_hour_share_all_9,0.04534590062674004,0.0407157239,0.4630176726740043,5681
age_45-64,dep_hour_share_education_10,0.012761904761904763,0.0180264043,-0.5264499538095238,5681
age_45-64,dep_hour_share_education_11,0.031714285714285716,0.0,3.1714285714285717,5681
age_45-64,dep_hour_share_education_12,0.061142857142857145,0.01280254679,4.834031035285714,5681
age_45-64,dep_hour_share_education_13,0.04742857142857143,0.06836111697,-2.0932545541428564,5681
age_45-64,dep_hour_share_education_14,0.03142857142857143,0.01214647967,1.928209175857143,5681
age_45-64,dep_hour_share_education_15,0.04971428571428571,0.08074472984,-3.103044412571429,5681
age_45-64,dep_hour_share_education_16,0.014571428571428572,0.0695055698,-5.493414122857143,5681
age_45-64,dep_hour_share_education_17,0.009333333333333334,0.2210425892,-21.170925586666666,5681
age_45-64,dep_hour_share_education_18,0.012952380952380953,0.07639481756,-6.344243660761904,5681
age_45-64,dep_hour_share_education_19,0.007333333333333333,0.05714022957,-4.980689623666667,5681
age_45-64,dep_hour_share_education_20,0.005904761904761905,0.007588080157,-0.16833182522380954,5681
age_45-64,dep_hour_share_education_21,0.004190476190476191,0.0,0.41904761904761906,5681
age_45-64,dep_hour_share_education_22,0.002285714285714286,0.0,0.2285714285714286,5681
age_45-64,dep_hour_share_education_23,0.0015238095238095239,0.0,0.1523809523809524,5681
age_45-64,dep_hour_share_education_4,0.0015238095238095239,0.0,0.1523809523809524,5681
age_45-64,dep_hour_share_education_5,0.0010476190476190477,0.0,0.10476190476190476,5681
age_45-64,dep_hour_share_education_6,0.17961904761904762,0.01219940897,16.74196386490476,5681
age_45-64,dep_hour_share_education_7,0.29504761904761906,0.1660867436,12.896087544761906,5681
age_45-64,dep_hour_share_education_8,0.14666666666666667,0.1450687591,0.15979075666666676,5681
age_45-64,dep_hour_share_education_9,0.08142857142857143,0.05289252447,2.8536046958571433,5681
age_45-64,dep_hour_share_escort_10,0.019245268044918853,0.03040798242,-1.1162714375081146,5681
age_45-64,dep_hour_share_escort_11,0.044541883258600846,0.01626646173,2.8275421528600844,5681
age_45-64,dep_hour_share_escort_12,0.04942264195865243,0.04870046625,0.07221757086524339,5681
age_45-64,dep_hour_share_escort_13,0.06521566604499822,0.05631628287,0.8899383174998221,5681
age_45-64,dep_hour_share_escort_14,0.11854688306019602,0.09469003003,2.3856853030196024,5681
age_45-64,dep_hour_share_escort_15,0.1296178723066545,0.1349615955,-0.5343723193345501,5681
age_45-64,dep_hour_share_escort_16,0.08827030673385977,0.07123830026,1.7032006473859773,5681
age_45-64,dep_hour_share_escort_17,0.0768025078369906,0.06292308799,1.3879419846990593,5681
age_45-64,dep_hour_share_escort_18,0.03495893020118249,0.07691119255,-4.19522623488175,5681
age_45-64,dep_hour_share_escort_19,0.01811436054124836,0.05486997196,-3.6755611418751637,5681
age_45-64,dep_hour_share_escort_20,0.015257331058291338,0.0160042763,-0.07469452417086606,5681
age_45-64,dep_hour_share_escort_21,0.005277568350462283,0.009413006713,-0.4135438362537718,5681
age_45-64,dep_hour_share_escort_22,0.00404745843418912,0.003357792542,0.06896658921891198,5681
age_45-64,dep_hour_share_escort_23,0.002976072378080235,0.0,0.2976072378080235,5681
age_45-64,dep_hour_share_escort_4,0.000396809650410698,0.002366420474,-0.1969610823589302,5681
age_45-64,dep_hour_share_escort_5,0.0009721836435062101,0.005212890202,-0.424070655849379,5681
age_45-64,dep_hour_share_escort_6,0.03769691678901631,0.03188321977,0.5813697019016308,5681
age_45-64,dep_hour_share_escort_7,0.1832863775247014,0.2017532159,-1.846683837529861,5681
age_45-64,dep_hour_share_escort_8,0.07815166064838697,0.0553452899,2.280637074838697,5681
age_45-64,dep_hour_share_escort_9,0.026764810920201578,0.02737851659,-0.06137056697984207,5681
age_45-64,dep_hour_share_home_10,0.030536465080886355,0.03274615955,-0.22096944691136455,5681
age_45-64,dep_hour_share_home_11,0.04355196809817133,0.04995478944,-0.6402821341828673,5681
age_45-64,dep_hour_share_home_12,0.06284525397689236,0.05941128641,0.34339675668923625,5681
age_45-64,dep_hour_share_home_13,0.07695401108665603,0.06880440994,0.8149601146656027,5681
age_45-64,dep_hour_share_home_14,0.07902011683852107,0.07011377843,0.8906338408521077,5681
age_45-64,dep_hour_share_home_15,0.08914596146158922,0.1030260406,-1.3880079138410772,5681
age_45-64,dep_hour_share_home_16,0.1157837957589447,0.1276099237,-1.1826127941055296,5681
age_45-64,dep_hour_share_home_17,0.10658023377336409,0.1138892697,-0.7309035926635912,5681
age_45-64,dep_hour_share_home_18,0.0849294682546945,0.09739026656,-1.2460798305305498,5681
age_45-64,dep_hour_share_home_19,0.06536648092584654,0.0660255061,-0.0659025174153463,5681
age_45-64,dep_hour_share_home_20,0.06915674951959429,0.04802909426,2.1127655259594285,5681
age_45-64,dep_hour_share_home_21,0.04437070464319943,0.03746494482,0.690575982319943,5681
age_45-64,dep_hour_share_home_22,0.029992246083308853,0.02501954222,0.49727038633088533,5681
age_45-64,dep_hour_share_home_23,0.01959188391279011,0.008649559118,1.0942324794790108,5681
age_45-64,dep_hour_share_home_4,6.260926520803133e-05,0.001948822672,-0.18862134067919686,5681
age_45-64,dep_hour_share_home_5,0.0009632194647389435,0.002759668717,-0.17964492522610565,5681
age_45-64,dep_hour_share_home_6,0.0024826981703646267,0.01180691711,-0.9324218939635374,5681
age_45-64,dep_hour_share_home_7,0.0103931380245332,0.02017840632,-0.9785268295466801,5681
age_45-64,dep_hour_share_home_8,0.020261321440783676,0.02617171359,-0.5910392149216324,5681
age_45-64,dep_hour_share_home_9,0.02497868876934265,0.02576795501,-0.07892662406573485,5681
age_45-64,dep_hour_share_leisure_10,0.032082858769931666,0.045839606,-1.3756747230068331,5681
age_45-64,dep_hour_share_leisure_11,0.02942767653758542,0.03595036312,-0.6522686582414582,5681
age_45-64,dep_hour_share_leisure_12,0.04240461275626424,0.07327390558,-3.0869292823735766,5681
age_45-64,dep_hour_share_leisure_13,0.042831719817767656,0.05364096284,-1.0809243022232344,5681
age_45-64,dep_hour_share_leisure_14,0.0632616742596811,0.06770694977,-0.4445275510318897,5681
age_45-64,dep_hour_share_leisure_15,0.08772067198177677,0.08657870366,0.11419683217767651,5681
age_45-64,dep_hour_share_leisure_16,0.12764806378132118,0.1145215037,1.3126560081321181,5681
age_45-64,dep_hour_share_leisure_17,0.1513880979498861,0.1135313025,3.785679544988611,5681
age_45-64,dep_hour_share_leisure_18,0.12055096810933941,0.1250131417,-0.44621735906605897,5681
age_45-64,dep_hour_share_leisure_19,0.06725512528473804,0.09221849853,-2.496337324526196,5681
age_45-64,dep_hour_share_leisure_20,0.03426110478359909,0.02974502018,0.45160846035990876,5681
age_45-64,dep_hour_share_leisure_21,0.01956862186788155,0.01528108855,0.4287533317881549,5681
age_45-64,dep_hour_share_leisure_22,0.010513952164009112,0.004577632951,0.5936319213009111,5681
age_45-64,dep_hour_share_leisure_23,0.005011389521640091,0.002233280054,0.27781094676400914,5681
age_45-64,dep_hour_share_leisure_4,0.00041287015945330296,0.004664541801,-0.4251671641546697,5681
age_45-64,dep_hour_share_leisure_5,0.004762243735763098,0.005880865137,-0.11186214012369015,5681
age_45-64,dep_hour_share_leisure_6,0.03117881548974943,0.02213485708,0.904395840974943,5681
age_45-64,dep_hour_share_leisure_7,0.03930096810933941,0.02987178994,0.942917816933941,5681
age_45-64,dep_hour_share_leisure_8,0.03726509111617312,0.04036823063,-0.31031395138268814,5681
age_45-64,dep_hour_share_leisure_9,0.04838411161731207,0.03567584755,1.270826406731207,5681
age_45-64,dep_hour_share_other_10,0.07459690181857642,0.1185990949,-4.400219308142357,5681
age_45-64,dep_hour_share_other_11,0.08865899205107568,0.06569822999,2.296076206107568,5681
age_45-64,dep_hour_share_other_12,0.07324947323681283,0.05037139347,2.2878079766812833,5681
age_45-64,dep_hour_share_other_13,0.07385536394136424,0.06753736176,0.6318002181364246,5681
age_45-64,dep_hour_share_other_14,0.09047666416472992,0.07529869747,1.5177966694729927,5681
age_45-64,dep_hour_share_other_15,0.08426402365686692,0.1137791554,-2.951513174313308,5681
age_45-64,dep_hour_share_other_16,0.08627160181224623,0.1024444725,-1.6172870687753762,5681
age_45-64,dep_hour_share_other_17,0.05685425163454843,0.08398206746,-2.7127815825451576,5681
age_45-64,dep_hour_share_other_18,0.039572801837567034,0.02892033184,1.0652469997567033,5681
age_45-64,dep_hour_share_other_19,0.034336820972861525,0.01294729499,2.1389525982861524,5681
age_45-64,dep_hour_share_other_20,0.01439668659172914,0.007570874662,0.682581192972914,5681
age_45-64,dep_hour_share_other_21,0.01057143632269558,0.006193968075,0.437746824769558,5681
age_45-64,dep_hour_share_other_22,0.006972264674763295,0.003477762087,0.3494502587763295,5681
age_45-64,dep_hour_share_other_23,0.0020347075899114675,0.006684960276,-0.4650252686088532,5681
age_45-64,dep_hour_share_other_4,0.0037709913999692535,0.0,0.37709913999692535,5681
age_45-64,dep_hour_share_other_5,0.005480145775494886,0.002931527197,0.2548618578494886,5681
age_45-64,dep_hour_share_other_6,0.012588057622918947,0.01832017096,-0.5732113337081053,5681
age_45-64,dep_hour_share_other_7,0.053996617863828325,0.06194564389,-0.7949026026171674,5681
age_45-64,dep_hour_share_other_8,0.10716126640200396,0.08794837845,1.9212887952003959,5681
age_45-64,dep_hour_share_other_9,0.07488628245358606,0.08534861464,-1.0462332186413945,5681
age_45-64,dep_hour_share_shop_10,0.10245235795205059,0.08757092542,1.4881432532050585,5681
age_45-64,dep_hour_share_shop_11,0.10057521735312198,0.102975855,-0.24006376468780205,5681
age_45-64,dep_hour_share_shop_12,0.10064108193554053,0.09148993228,0.9151149655540523,5681
age_45-64,dep_hour_share_shop_13,0.07161675594976728,0.06784995004,0.37668059097672874,5681
age_45-64,dep_hour_share_shop_14,0.07840080793887767,0.07087680628,0.7524001658877677,5681
age_45-64,dep_hour_share_shop_15,0.11858918064459471,0.1006418467,1.7947333944594717,5681
age_45-64,dep_hour_share_shop_16,0.08001449020813207,0.1129633966,-3.294890639186793,5681
age_45-64,dep_hour_share_shop_17,0.07770922982348293,0.123117931,-4.540870117651707,5681
age_45-64,dep_hour_share_shop_18,0.04924475278826732,0.04776828768,0.1476465108267322,5681
age_45-64,dep_hour_share_shop_19,0.024051550013172916,0.02682088651,-0.2769336496827084,5681
age_45-64,dep_hour_share_shop_20,0.004819091946957056,0.00226830754,0.2550784406957057,5681
age_45-64,dep_hour_share_shop_21,0.0009989461666813032,0.006008597661,-0.5009651494318696,5681
age_45-64,dep_hour_share_shop_22,0.0006366909633792922,0.0002402680333,0.03964229300792922,5681
age_45-64,dep_hour_share_shop_23,0.00028541319048037235,0.001653779421,-0.13683662305196276,5681
age_45-64,dep_hour_share_shop_4,4.390972161236498e-05,0.0,0.004390972161236498,5681
age_45-64,dep_hour_share_shop_5,0.0010648107490998507,0.0,0.10648107490998507,5681
age_45-64,dep_hour_share_shop_6,0.007870817599016422,0.01564947456,-0.7778656960983579,5681
age_45-64,dep_hour_share_shop_7,0.03277860718363045,0.02745746482,0.5321142363630453,5681
age_45-64,dep_hour_share_shop_8,0.05117678053921138,0.0479062183,0.3270562239211384,5681
age_45-64,dep_hour_share_shop_9,0.09648063581276894,0.06674007218,2.974056363276895,5681
age_45-64,dep_hour_share_work_10,0.0296265799773296,0.03085346619,-0.12268862126704021,5681
age_45-64,dep_hour_share_work_11,0.02737023333404624,0.02813170863,-0.0761475295953759,5681
age_45-64,dep_hour_share_work_12,0.03130012618431465,0.05048566749,-1.9185541305685345,5681
age_45-64,dep_hour_share_work_13,0.035304874136492935,0.05025438512,-1.4949510983507066,5681
age_45-64,dep_hour_share_work_14,0.026621682314947496,0.03233467608,-0.5712993765052503,5681
age_45-64,dep_hour_share_work_15,0.016061766152661635,0.01533741007,0.07243560826616352,5681
age_45-64,dep_hour_share_work_16,0.010543875783305174,0.008334280192,0.22095955913051732,5681
age_45-64,dep_hour_share_work_17,0.00866715144256475,0.01006612954,-0.13989780974352495,5681
age_45-64,dep_hour_share_work_18,0.004951130312038839,0.003416207431,0.15349228810388388,5681
age_45-64,dep_hour_share_work_19,0.005202429582736275,0.00125172506,0.39507045227362747,5681
age_45-64,dep_hour_share_work_20,0.006875975789721325,0.005688787766,0.11871880237213249,5681
age_45-64,dep_hour_share_work_21,0.002876574630536604,0.003364510853,-0.04879362224633958,5681
age_45-64,dep_hour_share_work_22,0.0008073657420279316,0.000788094727,0.0019271015027931657,5681
age_45-64,dep_hour_share_work_23,0.0006202279872532455,0.0003012099019,0.03190180853532455,5681
age_45-64,dep_hour_share_work_4,0.03922942019376778,0.01682920113,2.240021906376778,5681
age_45-64,dep_hour_share_work_5,0.11040592852407126,0.08520683255,2.5199095974071257,5681
age_45-64,dep_hour_share_work_6,0.20325833565027696,0.1989858948,0.42724408502769484,5681
age_45-64,dep_hour_share_work_7,0.2586350706846034,0.2848097505,-2.6174679815396615,5681
age_45-64,dep_hour_share_work_8,0.11666167632653934,0.1219647874,-0.5303111073460653,5681
age_45-64,dep_hour_share_work_9,0.04889642192612871,0.04684778783,0.20486340961287097,5681
age_45-64,mean_work_activity_h,5.874327366066728,6.316484025,-0.44215665893327216,5681
age_45-64,mobility_rate,0.8892930927564971,0.8644561576,2.4836935156497097,5681
age_45-64,n_persons_unweighted,301553.0,5681.0,295872.0,5681
age_45-64,n_persons_weighted,301553.0,223518.2899,78034.7101,5681
age_45-64,n_work_activities_measured,186741.0,3639.0,183102.0,5681
age_45-64,nonhome_acts_per_mobile,2.200429579854495,2.223968816,-0.02353923614550535,5681
age_45-64,participation_education,0.02760708731135157,0.01172435546,1.588273185135157,5681
age_45-64,participation_escort,0.09995589498363472,0.07013019229,2.9825702693634715,5681
age_45-64,participation_home,0.8892930927564971,0.8552704883,3.4022604456497185,5681
age_45-64,participation_leisure,0.3684625919821723,0.3780919185,-0.9629326517827719,5681
age_45-64,participation_other,0.2667458125105703,0.1848890424,8.185677011057027,5681
age_45-64,participation_shop,0.23949023886348336,0.3153023858,-7.581214693651662,5681
age_45-64,participation_work,0.512307952499229,0.5556875706,-4.337961810077095,5681
age_45-64,purpose_share_education,0.010444009664190276,0.003888154201,0.6555855463190277,5681
age_45-64,purpose_share_escort,0.050133235723287456,0.03264918142,1.7484054303287457,5681
age_45-64,purpose_share_home,0.41305958755113836,0.4192834901,-0.6223902548861626,5681
age_45-64,purpose_share_leisure,0.13973090263099525,0.1583307923,-1.8599889669004748,5681
age_45-64,purpose_share_other,0.10999133644531665,0.07152975971,3.8461576735316654,5681
age_45-64,purpose_share_shop,0.0906102385113407,0.1151502296,-2.45399910886593,5681
age_45-64,purpose_share_work,0.18603068947373133,0.1991683927,-1.313770322626867,5681
age_45-64,share_mobile_first_from_home,1.0,0.9767372463,2.326275369999997,5681
age_45-64,share_mobile_last_to_home,1.0,0.9768489272,2.315107279999995,5681
age_45-64,share_mobile_odd_trip_count,0.28696456339099596,0.2434248115,4.353975189099596,5681
age_45-64,share_trips_0,0.1107069072435028,0.1355438424,-2.483693515649721,5681
age_45-64,share_trips_1,0.000766034494765431,0.007695816698,-0.6929782203234569,5681
age_45-64,share_trips_2,0.3406830640053324,0.322376759,1.8306305005332368,5681
age_45-64,share_trips_3,0.10854808275825477,0.07971814451,2.8829938248254763,5681
age_45-64,share_trips_4,0.18710807055476153,0.2099114625,-2.280339194523848,5681
age_45-64,share_trips_5,0.09619204584268769,0.07535074869,2.084129715268769,5681
age_45-64,share_trips_6,0.07492878532131997,0.08294875651,-0.8019971188680031,5681
age_45-64,share_trips_7,0.03660716358318438,0.03480625296,0.1800910623184382,5681
age_45-64,share_trips_8plus,0.044459846196191054,0.05164821675,-0.7188370553808949,5681
age_45-64,share_trips_followed_by_same_purpose,0.09940409464858892,0.04341822701,5.598586763858892,5681
age_45-64,share_trips_home_based,0.8061492339567579,0.838278266,-3.2129032043242134,5681
age_45-64,share_trips_unknown_purpose,0.0,0.0003095111312,-0.030951113120000002,5681
age_45-64,share_work_activities_lt_2h,0.17635120300308985,0.1051738015,7.117740150308985,5681
age_45-64,tours_per_mobile,1.5485533376341039,1.604873481,-0.05632014336589619,5681
age_45-64,trips_per_mobile_person,3.7489829174885987,3.828842297,-0.07985937951140132,5681
age_45-64,trips_per_person,3.3339446133847117,3.3098663,0.02407831338471178,5681
age_45-64,trips_per_person_education,0.03481974976206504,0.01286528738,0.02195446238206504,5681
age_45-64,trips_per_person_escort,0.16714143119120023,0.1080309782,0.05911045299120023,5681
age_45-64,trips_per_person_home,1.3771177869230284,1.387342763,-0.010224976076971481,5681
age_45-64,trips_per_person_leisure,0.4658550901499902,0.5238915532,-0.05803646305000981,5681
age_45-64,trips_per_person_other,0.366705023660849,0.2366806631,0.130024360560849,5681
age_45-64,trips_per_person_shop,0.3020895166023883,0.3810138999,-0.0789243832976117,5681
age_45-64,trips_per_person_work,0.6202160150951905,0.6590167149,-0.03880069980480949,5681
age_6-9,dep_hour_share_all_10,0.013553460473259001,0.006042133365,0.7511327108259002,706
age_6-9,dep_hour_share_all_11,0.03934019257537274,0.009631192766,2.970899980937274,706
age_6-9,dep_hour_share_all_12,0.066741286036133,0.07077051279,-0.40292267538670073,706
age_6-9,dep_hour_share_all_13,0.09019616284242399,0.07981330157,1.0382861272423993,706
age_6-9,dep_hour_share_all_14,0.08876117496807152,0.06541848585,2.3342689118071522,706
age_6-9,dep_hour_share_all_15,0.12239729074289322,0.1517689726,-2.9371681857106773,706
age_6-9,dep_hour_share_all_16,0.096474234792716,0.1184534808,-2.1979246007284,706
age_6-9,dep_hour_share_all_17,0.06679151061173533,0.07794169231,-1.1150181698264676,706
age_6-9,dep_hour_share_all_18,0.04802904415457689,0.07533580769,-2.7306763535423113,706
age_6-9,dep_hour_share_all_19,0.028821731456369192,0.01254073155,1.6280999906369193,706
age_6-9,dep_hour_share_all_20,0.009427870334495674,0.003323237522,0.6104632812495674,706
age_6-9,dep_hour_share_all_21,0.005912150042332143,0.0,0.5912150042332143,706
age_6-9,dep_hour_share_all_22,0.0025471034769756194,0.0,0.25471034769756196,706
age_6-9,dep_hour_share_all_23,0.0010403662089055348,0.0,0.10403662089055349,706
age_6-9,dep_hour_share_all_4,3.587469685881154e-05,0.0,0.003587469685881154,706
age_6-9,dep_hour_share_all_5,0.0008107681490091409,0.0,0.08107681490091409,706
age_6-9,dep_hour_share_all_6,0.06903726663509693,0.005521091681,6.351617495409694,706
age_6-9,dep_hour_share_all_7,0.20394765164234363,0.2921771555,-8.822950385765637,706
age_6-9,dep_hour_share_all_8,0.03408813695524273,0.02883290132,0.525523563524273,706
age_6-9,dep_hour_share_all_9,0.01099918205691162,0.002429302601,0.856987945591162,706
age_6-9,dep_hour_share_education_10,0.008180874661674028,0.0041498133,0.40310613616740276,706
age_6-9,dep_hour_share_education_11,0.01109098679256802,0.01034856432,0.07424224725680206,706
age_6-9,dep_hour_share_education_12,0.014184252833798,0.03456182759,-2.0377574756201997,706
age_6-9,dep_hour_share_education_13,0.0317059769226073,0.01452733622,1.7178640702607302,706
age_6-9,dep_hour_share_education_14,0.01815258755774436,0.005534368212,1.261821934574436,706
age_6-9,dep_hour_share_education_15,0.039561244632572906,0.002647424605,3.691382002757291,706
age_6-9,dep_hour_share_education_16,0.025417692667738457,0.009402735046,1.6014957621738455,706
age_6-9,dep_hour_share_education_17,0.008221575530637579,0.0079930632,0.022851233063757824,706
age_6-9,dep_hour_share_education_18,0.0022792486619589328,0.0,0.22792486619589328,706
age_6-9,dep_hour_share_education_19,0.011497995482203545,0.0,1.1497995482203545,706
age_6-9,dep_hour_share_education_20,6.105130344532855e-05,0.0,0.006105130344532856,706
age_6-9,dep_hour_share_education_21,6.105130344532855e-05,0.0,0.006105130344532856,706
age_6-9,dep_hour_share_education_22,6.105130344532855e-05,0.0,0.006105130344532856,706
age_6-9,dep_hour_share_education_23,2.0350434481776186e-05,0.0,0.0020350434481776185,706
age_6-9,dep_hour_share_education_4,6.105130344532855e-05,0.0,0.006105130344532856,706
age_6-9,dep_hour_share_education_5,0.002218197358513604,0.0,0.22181973585136042,706
age_6-9,dep_hour_share_education_6,0.1900527076253078,0.01282725711,17.72254505153078,706
age_6-9,dep_hour_share_education_7,0.5507641588147907,0.8210027227,-27.02385638852093,706
age_6-9,dep_hour_share_education_8,0.07446223976881906,0.07528160241,-0.08193626411809318,706
age_6-9,dep_hour_share_education_9,0.011559046785648874,0.001723285314,0.9835761471648875,706
age_6-9,dep_hour_share_escort_10,0.005923731951129212,0.0,0.5923731951129212,706
age_6-9,dep_hour_share_escort_11,0.008515364679748241,0.0,0.8515364679748241,706
age_6-9,dep_hour_share_escort_12,0.012217697149203998,0.02104749244,-0.8829795290796002,706
age_6-9,dep_hour_share_escort_13,0.05368382080710848,0.1180780176,-6.439419679289152,706
age_6-9,dep_hour_share_escort_14,0.08182154757497223,0.1235209801,-4.169943252502777,706
age_6-9,dep_hour_share_escort_15,0.1677156608663458,0.09423406151,7.3481599356345795,706
age_6-9,dep_hour_share_escort_16,0.14476119955572012,0.09411512493,5.064607462572011,706
age_6-9,dep_hour_share_escort_17,0.012587930396149574,0.07797335793,-6.538542753385043,706
age_6-9,dep_hour_share_escort_18,0.0136986301369863,0.1046873353,-9.09887051630137,706
age_6-9,dep_hour_share_escort_19,0.07034431691965938,0.0,7.034431691965938,706
age_6-9,dep_hour_share_escort_20,0.004813032210292484,0.0,0.4813032210292484,706
age_6-9,dep_hour_share_escort_21,0.0,0.0,0.0,706
age_6-9,dep_hour_share_escort_22,0.00037023324694557573,0.0,0.037023324694557574,706
age_6-9,dep_hour_share_escort_23,0.0,0.0,0.0,706
age_6-9,dep_hour_share_escort_4,0.0007404664938911515,0.0,0.07404664938911515,706
age_6-9,dep_hour_share_escort_5,0.0011106997408367272,0.0,0.11106997408367272,706
age_6-9,dep_hour_share_escort_6,0.0899666790077749,0.01902950721,7.09371717977749,706
age_6-9,dep_hour_share_escort_7,0.20177711958533875,0.2771411129,-7.536399331466123,706
age_6-9,dep_hour_share_escort_8,0.10847834135505369,0.05255649314,5.592184821505368,706
age_6-9,dep_hour_share_escort_9,0.018511662347278787,0.0176165169,0.08951454472787869,706
age_6-9,dep_hour_share_home_10,0.017053147548288686,0.003546510286,1.3506637262288685,706
age_6-9,dep_hour_share_home_11,0.05770648019606835,0.006827028133,5.087945206306835,706
age_6-9,dep_hour_share_home_12,0.12411949200473033,0.1152211857,0.8898306304730319,706
age_6-9,dep_hour_share_home_13,0.14986203232385556,0.1452726888,0.4589343523855566,706
age_6-9,dep_hour_share_home_14,0.11311635559668877,0.07939900259,3.3717353006688766,706
age_6-9,dep_hour_share_home_15,0.14381202118360842,0.2295890798,-8.57770586163916,706
age_6-9,dep_hour_share_home_16,0.1063636519444016,0.1194057891,-1.3042137155598406,706
age_6-9,dep_hour_share_home_17,0.09342382641781069,0.1158204572,-2.2396630782189315,706
age_6-9,dep_hour_share_home_18,0.09726292697139527,0.1445112672,-4.724834022860472,706
age_6-9,dep_hour_share_home_19,0.04761170240115173,0.02755063919,2.006106321115173,706
age_6-9,dep_hour_share_home_20,0.018372838363583388,0.005961987331,1.2410851032583388,706
age_6-9,dep_hour_share_home_21,0.013779628772687541,0.0,1.3779628772687542,706
age_6-9,dep_hour_share_home_22,0.005895761564433476,0.0,0.5895761564433476,706
age_6-9,dep_hour_share_home_23,0.0023308824789620717,0.0,0.23308824789620716,706
age_6-9,dep_hour_share_home_4,0.0,0.0,0.0,706
age_6-9,dep_hour_share_home_5,1.713884175707406e-05,0.0,0.0017138841757074058,706
age_6-9,dep_hour_share_home_6,1.713884175707406e-05,0.0,0.0017138841757074058,706
age_6-9,dep_hour_share_home_7,0.00027422146811318494,0.003146833533,-0.28726120648868153,706
age_6-9,dep_hour_share_home_8,0.0009254974548819991,0.002506437791,-0.15809403361180008,706
age_6-9,dep_hour_share_home_9,0.006204260716060808,0.001241093512,0.4963167204060808,706
age_6-9,dep_hour_share_leisure_10,0.005126452494873548,0.01564049153,-1.0514039035126452,706
age_6-9,dep_hour_share_leisure_11,0.008942811574390521,0.01586788215,-0.6925070575609477,706
age_6-9,dep_hour_share_leisure_12,0.023524720893141945,0.02550094039,-0.1976219496858056,706
age_6-9,dep_hour_share_leisure_13,0.05775803144224197,0.03378208418,2.397594726224197,706
age_6-9,dep_hour_share_leisure_14,0.1803941672362725,0.122303543,5.80906242362725,706
age_6-9,dep_hour_share_leisure_15,0.2224310776942356,0.2590167226,-3.6585644905764436,706
age_6-9,dep_hour_share_leisure_16,0.24612668033720667,0.3432535177,-9.712683736279335,706
age_6-9,dep_hour_share_leisure_17,0.1607427660059239,0.113918991,4.682377500592391,706
age_6-9,dep_hour_share_leisure_18,0.029049897470950103,0.04831007319,-1.9260175719049895,706
age_6-9,dep_hour_share_leisure_19,0.021246297562087037,0.0009239125357,2.0322385026387035,706
age_6-9,dep_hour_share_leisure_20,0.005582137161084529,0.004557757144,0.10243800170845292,706
age_6-9,dep_hour_share_leisure_21,0.0003417634996582365,0.0,0.03417634996582365,706
age_6-9,dep_hour_share_leisure_22,0.0001139211665527455,0.0,0.011392116655274549,706
age_6-9,dep_hour_share_leisure_23,0.0,0.0,0.0,706
age_6-9,dep_hour_share_leisure_4,0.0,0.0,0.0,706
age_6-9,dep_hour_share_leisure_5,0.0,0.0,0.0,706
age_6-9,dep_hour_share_leisure_6,0.0006265664160401002,0.002455406234,-0.18288398179599,706
age_6-9,dep_hour_share_leisure_7,0.017316017316017316,0.009403228975,0.7912788341017316,706
age_6-9,dep_hour_share_leisure_8,0.017885623148781043,0.002589162095,1.5296461053781043,706
age_6-9,dep_hour_share_leisure_9,0.0027910685805422647,0.00247628716,0.03147814205422647,706
age_6-9,dep_hour_share_other_10,0.04767959313413859,0.03253746663,1.514212650413859,706
age_6-9,dep_hour_share_other_11,0.16808645899554991,0.03207502087,13.60114381255499,706
age_6-9,dep_hour_share_other_12,0.07908455181182454,0.1659097521,-8.682520028817546,706
age_6-9,dep_hour_share_other_13,0.13808010171646534,0.09682082355,4.125927816646533,706
age_6-9,dep_hour_share_other_14,0.11328671328671329,0.192294403,-7.900768971328671,706
age_6-9,dep_hour_share_other_15,0.08137317228226319,0.1933377376,-11.19645653177368,706
age_6-9,dep_hour_share_other_16,0.11125238397965671,0.09400496928,1.7247414699656711,706
age_6-9,dep_hour_share_other_17,0.05136681500317864,0.07539359292,-2.402677791682136,706
age_6-9,dep_hour_share_other_18,0.01284170375079466,0.006845559776,0.5996143974794661,706
age_6-9,dep_hour_share_other_19,0.010553083280356007,0.00774747143,0.28056118503560074,706
age_6-9,dep_hour_share_other_20,0.0025429116338207248,0.0,0.25429116338207247,706
age_6-9,dep_hour_share_other_21,0.0013986013986013986,0.0,0.13986013986013987,706
age_6-9,dep_hour_share_other_22,0.0006357279084551812,0.0,0.06357279084551812,706
age_6-9,dep_hour_share_other_23,0.00101716465352829,0.0,0.101716465352829,706
age_6-9,dep_hour_share_other_4,0.0,0.0,0.0,706
age_6-9,dep_hour_share_other_5,0.0,0.0,0.0,706
age_6-9,dep_hour_share_other_6,0.0034329307056579785,0.01296505047,-0.9532119764342021,706
age_6-9,dep_hour_share_other_7,0.06293706293706294,0.07634882402,-1.3411761082937055,706
age_6-9,dep_hour_share_other_8,0.05378258105530833,0.01371932841,4.006325264530833,706
age_6-9,dep_hour_share_other_9,0.059249841068022883,0.0,5.924984106802288,706
age_6-9,dep_hour_share_shop_10,0.0029459025174076057,0.0,0.2945902517407606,706
age_6-9,dep_hour_share_shop_11,0.01713979646491698,0.0,1.7139796464916979,706
age_6-9,dep_hour_share_shop_12,0.07498660953401179,0.0,7.4986609534011786,706
age_6-9,dep_hour_share_shop_13,0.006427423674343867,0.01627989073,-0.9852467055656132,706
age_6-9,dep_hour_share_shop_14,0.16068559185859668,0.142485743,1.8199848858596686,706
age_6-9,dep_hour_share_shop_15,0.46223888591322976,0.1937399981,26.849888781322974,706
age_6-9,dep_hour_share_shop_16,0.10819496518478842,0.3466340862,-23.84391210152116,706
age_6-9,dep_hour_share_shop_17,0.05195500803427959,0.1731845625,-12.12295544657204,706
age_6-9,dep_hour_share_shop_18,0.0693626138189609,0.06764836851,0.17142453089609017,706
age_6-9,dep_hour_share_shop_19,0.007498660953401178,0.002175522493,0.5323138460401179,706
age_6-9,dep_hour_share_shop_20,0.0289234065345474,0.0,2.89234065345474,706
age_6-9,dep_hour_share_shop_21,0.0,0.0,0.0,706
age_6-9,dep_hour_share_shop_22,0.0,0.0,0.0,706
age_6-9,dep_hour_share_shop_23,0.0,0.0,0.0,706
age_6-9,dep_hour_share_shop_4,0.0,0.0,0.0,706
age_6-9,dep_hour_share_shop_5,0.0,0.0,0.0,706
age_6-9,dep_hour_share_shop_6,0.0,0.0,0.0,706
age_6-9,dep_hour_share_shop_7,0.0,0.03267823619,-3.267823619,706
age_6-9,dep_hour_share_shop_8,0.0021424745581146223,0.0,0.21424745581146223,706
age_6-9,dep_hour_share_shop_9,0.007498660953401178,0.02517359219,-1.767493123659882,706
age_6-9,dep_hour_share_work_10,0.0,,,706
age_6-9,dep_hour_share_work_11,0.15625,,,706
age_6-9,dep_hour_share_work_12,0.46875,,,706
age_6-9,dep_hour_share_work_13,0.0,,,706
age_6-9,dep_hour_share_work_14,0.0,,,706
age_6-9,dep_hour_share_work_15,0.0,,,706
age_6-9,dep_hour_share_work_16,0.0,,,706
age_6-9,dep_hour_share_work_17,0.0,,,706
age_6-9,dep_hour_share_work_18,0.0,,,706
age_6-9,dep_hour_share_work_19,0.0,,,706
age_6-9,dep_hour_share_work_20,0.0,,,706
age_6-9,dep_hour_share_work_21,0.0,,,706
age_6-9,dep_hour_share_work_22,0.0,,,706
age_6-9,dep_hour_share_work_23,0.0,,,706
age_6-9,dep_hour_share_work_4,0.0,,,706
age_6-9,dep_hour_share_work_5,0.0,,,706
age_6-9,dep_hour_share_work_6,0.03125,,,706
age_6-9,dep_hour_share_work_7,0.03125,,,706
age_6-9,dep_hour_share_work_8,0.0,,,706
age_6-9,dep_hour_share_work_9,0.3125,,,706
age_6-9,mean_work_activity_h,2.854166666666667,,,706
age_6-9,mobility_rate,0.9823972323972324,0.9594813278,2.2915904597232473,706
age_6-9,n_persons_unweighted,39312.0,706.0,38606.0,706
age_6-9,n_persons_weighted,39312.0,28815.5809,10496.4191,706
age_6-9,n_work_activities_measured,32.0,0.0,32.0,706
age_6-9,nonhome_acts_per_mobile,2.098058001035733,1.741619641,0.3564383600357328,706
age_6-9,participation_education,0.9502442002442002,0.9373912158,1.2852984444200244,706
age_6-9,participation_escort,0.053444240944240946,0.06409444435,-1.0650203405759056,706
age_6-9,participation_home,0.9823972323972324,0.9594813278,2.2915904597232473,706
age_6-9,participation_leisure,0.35922873422873425,0.388149802,-2.892106777126574,706
age_6-9,participation_other,0.16442816442816444,0.06093596664,10.349219778816444,706
age_6-9,participation_shop,0.06132987382987383,0.05313031927,0.8199554559873833,706
age_6-9,participation_work,0.00030525030525030525,0.0,0.030525030525030524,706
age_6-9,purpose_share_education,0.3525693457890281,0.337628268,1.494107778902809,706
age_6-9,purpose_share_escort,0.019379511243129994,0.02588004279,-0.6500531546870004,706
age_6-9,purpose_share_home,0.41863618752421544,0.4480455796,-2.9409392075784577,706
age_6-9,purpose_share_leisure,0.12596323561065909,0.1487619505,-2.2798714889340905,706
age_6-9,purpose_share_other,0.05643089815891056,0.02157326712,3.4857631038910557,706
age_6-9,purpose_share_shop,0.02679122361416046,0.01811089207,0.8680331544160462,706
age_6-9,purpose_share_work,0.00022959805989639388,0.0,0.022959805989639388,706
age_6-9,share_mobile_first_from_home,1.0,0.995279573,0.47204269999999715,706
age_6-9,share_mobile_last_to_home,1.0,0.9994727443,0.052725570000000666,706
age_6-9,share_mobile_odd_trip_count,0.25235629207664423,0.1899499537,6.240633837664422,706
age_6-9,share_trips_0,0.0176027676027676,0.04051867223,-2.2915904627232395,706
age_6-9,share_trips_1,0.0,0.0,0.0,706
age_6-9,share_trips_2,0.3717439967439967,0.4375820244,-6.5838027656003275,706
age_6-9,share_trips_3,0.09182946682946683,0.1329237479,-4.109428107053318,706
age_6-9,share_trips_4,0.2762260887260887,0.2857796976,-0.9553608873911268,706
age_6-9,share_trips_5,0.13316544566544566,0.04001094336,9.315450230544567,706
age_6-9,share_trips_6,0.06015974765974766,0.0458142383,1.4345509359747661,706
age_6-9,share_trips_7,0.01951058201058201,0.007784566773,1.1726015237582008,706
age_6-9,share_trips_8plus,0.02976190476190476,0.009586109528,2.017579523390476,706
age_6-9,share_trips_followed_by_same_purpose,0.1259417107925438,0.02780519414,9.81365166525438,706
age_6-9,share_trips_home_based,0.8158121313874898,0.8946428729,-7.883074151251024,706
age_6-9,share_trips_unknown_purpose,0.0,0.0001330690646,-0.01330690646,706
age_6-9,share_work_activities_lt_2h,0.625,,,706
age_6-9,tours_per_mobile,1.5107975142413257,1.413408148,0.09738936624132566,706
age_6-9,trips_per_mobile_person,3.6088555152770585,3.155027789,0.4538277262770585,706
age_6-9,trips_per_person,3.54532967032967,3.027190252,0.5181394183296701,706
age_6-9,trips_per_person_education,1.2499745624745624,1.021928997,0.22804556547456234,706
age_6-9,trips_per_person_escort,0.0687067562067562,0.07833338812,-0.009626631913243797,706
age_6-9,trips_per_person_home,1.4842032967032968,1.356138727,0.12806456970329672,706
age_6-9,trips_per_person_leisure,0.4465811965811966,0.4502708013,-0.0036896047188034187,706
age_6-9,trips_per_person_other,0.20006613756613756,0.06529769369,0.13476844387613757,706
age_6-9,trips_per_person_shop,0.09498371998371999,0.05481782042,0.040165899563719985,706
age_6-9,trips_per_person_work,0.000814000814000814,0.0,0.000814000814000814,706
age_65-74,dep_hour_share_all_10,0.09409436645847505,0.1108105452,-1.6716178741524952,2722
age_65-74,dep_hour_share_all_11,0.07904582276915466,0.1009700694,-2.1924246630845343,2722
age_65-74,dep_hour_share_all_12,0.07057695875332386,0.08779096375,-1.7214004996676149,2722
age_65-74,dep_hour_share_all_13,0.06696864757899944,0.0771028323,-1.0134184721000556,2722
age_65-74,dep_hour_share_all_14,0.07197452229299363,0.08236054864,-1.0386026347006374,2722
age_65-74,dep_hour_share_all_15,0.08419392740090285,0.07808910197,0.6104825430902849,2722
age_65-74,dep_hour_share_all_16,0.08462989301836621,0.07385285111,1.0777041908366203,2722
age_65-74,dep_hour_share_all_17,0.06744790056273577,0.06362260605,0.38252945127357635,2722
age_65-74,dep_hour_share_all_18,0.05422979407581473,0.04933658805,0.4893206025814729,2722
age_65-74,dep_hour_share_all_19,0.03685919238142354,0.0297690224,0.7090169981423536,2722
age_65-74,dep_hour_share_all_20,0.021176797971677694,0.01412671421,0.7050083761677693,2722
age_65-74,dep_hour_share_all_21,0.01766433739410055,0.0158298169,0.18345204941005477,2722
age_65-74,dep_hour_share_all_22,0.013700451425391133,0.008624455007,0.5075996418391133,2722
age_65-74,dep_hour_share_all_23,0.006638426813431452,0.002520268684,0.4118158129431452,2722
age_65-74,dep_hour_share_all_4,0.0027951270793395585,0.0008479624069,0.19471646724395583,2722
age_65-74,dep_hour_share_all_5,0.004019541153917507,0.001426861863,0.25926792909175067,2722
age_65-74,dep_hour_share_all_6,0.01571640591181745,0.007144691404,0.8571714507817451,2722
age_65-74,dep_hour_share_all_7,0.035928514006554946,0.02979899475,0.6129519256554947,2722
age_65-74,dep_hour_share_all_8,0.06472079648753942,0.06937082876,-0.465003227246058,2722
age_65-74,dep_hour_share_all_9,0.09142910147795437,0.09543137519,-0.40022737120456314,2722
age_65-74,dep_hour_share_education_10,0.10993657505285412,0.01526790929,9.466866576285412,2722
age_65-74,dep_hour_share_education_11,0.08329809725158563,0.02232554812,6.097254913158563,2722
age_65-74,dep_hour_share_education_12,0.0012684989429175475,0.02182966921,-2.0561170267082454,2722
age_65-74,dep_hour_share_education_13,0.02156448202959831,0.0,2.156448202959831,2722
age_65-74,dep_hour_share_education_14,0.010570824524312896,0.1356294567,-12.505863217568711,2722
age_65-74,dep_hour_share_education_15,0.10486257928118393,0.1743245121,-6.946193281881606,2722
age_65-74,dep_hour_share_education_16,0.09006342494714588,0.0535491089,3.6514316047145874,2722
age_65-74,dep_hour_share_education_17,0.004651162790697674,0.1903135114,-18.56623486093023,2722
age_65-74,dep_hour_share_education_18,0.0,0.1246903067,-12.46903067,2722
age_65-74,dep_hour_share_education_19,0.0,0.009728485365,-0.9728485364999999,2722
age_65-74,dep_hour_share_education_20,0.0,0.0,0.0,2722
age_65-74,dep_hour_share_education_21,0.0,0.0,0.0,2722
age_65-74,dep_hour_share_education_22,0.0,0.0,0.0,2722
age_65-74,dep_hour_share_education_23,0.0,0.0,0.0,2722
age_65-74,dep_hour_share_education_4,0.0,0.0,0.0,2722
age_65-74,dep_hour_share_education_5,0.0,0.0,0.0,2722
age_65-74,dep_hour_share_education_6,0.042283298097251586,0.0,4.2283298097251585,2722
age_65-74,dep_hour_share_education_7,0.23636363636363636,0.06322906052,17.313457584363633,2722
age_65-74,dep_hour_share_education_8,0.08118393234672304,0.1891124316,-10.792849925327696,2722
age_65-74,dep_hour_share_education_9,0.21395348837209302,0.0,21.3953488372093,2722
age_65-74,dep_hour_share_escort_10,0.03397538790797218,0.02651622536,0.745916254797218,2722
age_65-74,dep_hour_share_escort_11,0.04779739611200285,0.09153890488,-4.374150876799714,2722
age_65-74,dep_hour_share_escort_12,0.05609060103442126,0.141575657,-8.548505596557874,2722
age_65-74,dep_hour_share_escort_13,0.0650971999286606,0.1286656259,-6.35684259713394,2722
age_65-74,dep_hour_share_escort_14,0.16497235598359195,0.1357603198,2.9212036183591943,2722
age_65-74,dep_hour_share_escort_15,0.22248974496165508,0.05633190058,16.61578443816551,2722
age_65-74,dep_hour_share_escort_16,0.03442125914036026,0.03503812347,-0.06168643296397408,2722
age_65-74,dep_hour_share_escort_17,0.06063848760477974,0.02991063074,3.0727856864779737,2722
age_65-74,dep_hour_share_escort_18,0.03593722133047976,0.03914182637,-0.3204605039520241,2722
age_65-74,dep_hour_share_escort_19,0.026217228464419477,0.02602994906,0.01872794044194756,2722
age_65-74,dep_hour_share_escort_20,0.012306046013911182,0.005195545715,0.7110500298911182,2722
age_65-74,dep_hour_share_escort_21,0.01631888710540396,0.0,1.631888710540396,2722
age_65-74,dep_hour_share_escort_22,0.007044765471731764,0.008081906015,-0.10371405432682357,2722
age_65-74,dep_hour_share_escort_23,0.006153023006955591,0.0,0.6153023006955591,2722
age_65-74,dep_hour_share_escort_4,0.0,0.003419951605,-0.3419951605,2722
age_65-74,dep_hour_share_escort_5,8.917424647761727e-05,0.0,0.008917424647761726,2722
age_65-74,dep_hour_share_escort_6,0.012038523274478331,0.006909895881,0.5128627393478332,2722
age_65-74,dep_hour_share_escort_7,0.08801498127340825,0.107646759,-1.9631777726591748,2722
age_65-74,dep_hour_share_escort_8,0.054217941858391294,0.1116502506,-5.74323087416087,2722
age_65-74,dep_hour_share_escort_9,0.028535758872837526,0.04658652802,-1.805076914716247,2722
age_65-74,dep_hour_share_home_10,0.06340215333648841,0.09317196225,-2.9769808913511593,2722
age_65-74,dep_hour_share_home_11,0.07927117841930904,0.1002026003,-2.0931421880690957,2722
age_65-74,dep_hour_share_home_12,0.08281323946994794,0.1018567884,-1.9043548930052057,2722
age_65-74,dep_hour_share_home_13,0.06562056318031236,0.07583051245,-1.0209949269687644,2722
age_65-74,dep_hour_share_home_14,0.0682900496923805,0.07995625316,-1.1666203467619498,2722
age_65-74,dep_hour_share_home_15,0.08028425224798864,0.08047897324,-0.01947209920113574,2722
age_65-74,dep_hour_share_home_16,0.09851958116422149,0.08794147735,1.0578103814221487,2722
age_65-74,dep_hour_share_home_17,0.10542623047799338,0.07288430151,3.2541928967993377,2722
age_65-74,dep_hour_share_home_18,0.07803626360624705,0.06140209029,1.6634173316247045,2722
age_65-74,dep_hour_share_home_19,0.04977372219592996,0.03671343006,1.3060292135929956,2722
age_65-74,dep_hour_share_home_20,0.03661115712257454,0.02564003487,1.0971122252574537,2722
age_65-74,dep_hour_share_home_21,0.03439274727875059,0.03241848579,0.19742614887505935,2722
age_65-74,dep_hour_share_home_22,0.026909311405584477,0.01766250244,0.9246808965584479,2722
age_65-74,dep_hour_share_home_23,0.012933329389493611,0.005627739679,0.7305589710493612,2722
age_65-74,dep_hour_share_home_4,5.915759583530525e-05,0.0004939175948,-0.043475999896469476,2722
age_65-74,dep_hour_share_home_5,0.00041410317084713676,0.0001997118877,0.021439128314713677,2722
age_65-74,dep_hour_share_home_6,0.0015454921911973497,0.004816026727,-0.32705345358026505,2722
age_65-74,dep_hour_share_home_7,0.01131389020350213,0.01504409389,-0.37302036864978705,2722
age_65-74,dep_hour_share_home_8,0.025430371509701847,0.04499854426,-1.9568172750298156,2722
age_65-74,dep_hour_share_home_9,0.05746420965451964,0.06112449648,-0.36602868254803567,2722
age_65-74,dep_hour_share_leisure_10,0.10275661316748055,0.07963283128,2.3123781887480557,2722
age_65-74,dep_hour_share_leisure_11,0.07299537118042852,0.06882876956,0.416660162042852,2722
age_65-74,dep_hour_share_leisure_12,0.03658517187077481,0.08417370009,-4.758852821922519,2722
age_65-74,dep_hour_share_leisure_13,0.08545023621295751,0.06888803747,1.6562198742957515,2722
age_65-74,dep_hour_share_leisure_14,0.08355735123355655,0.07989133438,0.3666016853556553,2722
age_65-74,dep_hour_share_leisure_15,0.093069495919958,0.08893338973,0.41361061899579943,2722
age_65-74,dep_hour_share_leisure_16,0.09718930440453656,0.08305374968,1.4135554724536563,2722
age_65-74,dep_hour_share_leisure_17,0.0499785260947715,0.09243936509,-4.2460838995228505,2722
age_65-74,dep_hour_share_leisure_18,0.06744396901395008,0.08480404761,-1.736007859604992,2722
age_65-74,dep_hour_share_leisure_19,0.06108133042772838,0.05312572113,0.7955609297728379,2722
age_65-74,dep_hour_share_leisure_20,0.016988245025211957,0.01135173756,0.5636507465211956,2722
age_65-74,dep_hour_share_leisure_21,0.0052650834300984614,0.005136477281,0.012860614909846173,2722
age_65-74,dep_hour_share_leisure_22,0.006155852832169501,0.003953798833,0.22020539991695004,2722
age_65-74,dep_hour_share_leisure_23,0.001622472839486535,0.0005950169203,0.10274559191865351,2722
age_65-74,dep_hour_share_leisure_4,0.0007317034374154962,0.0009499591907,-0.021825575328450378,2722
age_65-74,dep_hour_share_leisure_5,0.0015111266642276553,0.001154741347,0.03563853172276552,2722
age_65-74,dep_hour_share_leisure_6,0.013854645521497766,0.007152571114,0.6702074407497766,2722
age_65-74,dep_hour_share_leisure_7,0.03308572064835287,0.02113571431,1.195000633835287,2722
age_65-74,dep_hour_share_leisure_8,0.05998377527160514,0.08109519698,-2.111142170839487,2722
age_65-74,dep_hour_share_leisure_9,0.10348831660489605,0.08206895309,2.1419363514896053,2722
age_65-74,dep_hour_share_other_10,0.12798002843633238,0.1796732605,-5.1693232063667605,2722
age_65-74,dep_hour_share_other_11,0.07677809741097114,0.1211780025,-4.439990508902887,2722
age_65-74,dep_hour_share_other_12,0.09117812386337334,0.05810881301,3.306931085337334,2722
age_65-74,dep_hour_share_other_13,0.06832986145554343,0.07278338269,-0.4453521234456567,2722
age_65-74,dep_hour_share_other_14,0.06345269979830043,0.09234189024,-2.8889190441699575,2722
age_65-74,dep_hour_share_other_15,0.08978937274741262,0.07009777953,1.9691593217412624,2722
age_65-74,dep_hour_share_other_16,0.0819032503389214,0.05290096307,2.90022872689214,2722
age_65-74,dep_hour_share_other_17,0.04025724961148034,0.03281025241,0.7446997201480343,2722
age_65-74,dep_hour_share_other_18,0.02769235856231194,0.009213382853,1.847897570931194,2722
age_65-74,dep_hour_share_other_19,0.01342459412095361,0.005383154553,0.8041439567953609,2722
age_65-74,dep_hour_share_other_20,0.009721257811725028,0.002164639023,0.7556618788725028,2722
age_65-74,dep_hour_share_other_21,0.008084515425057039,0.0005696483306,0.7514867094457038,2722
age_65-74,dep_hour_share_other_22,0.004992890916906392,0.0003688176139,0.4624073303006392,2722
age_65-74,dep_hour_share_other_23,0.0034884105412822802,0.0,0.348841054128228,2722
age_65-74,dep_hour_share_other_4,0.0007770393148827828,0.0,0.07770393148827828,2722
age_65-74,dep_hour_share_other_5,0.0009423668286876302,0.0,0.09423668286876302,2722
age_65-74,dep_hour_share_other_6,0.009671659557583574,0.001688546887,0.7983112670583573,2722
age_65-74,dep_hour_share_other_7,0.05063981747842476,0.04600457289,0.4635244588424764,2722
age_65-74,dep_hour_share_other_8,0.07869589657110736,0.106821007,-2.812511042889264,2722
age_65-74,dep_hour_share_other_9,0.13313824686704362,0.1472505132,-1.411226633295637,2722
age_65-74,dep_hour_share_shop_10,0.17113317216192583,0.16272336,0.8409812161925823,2722
age_65-74,dep_hour_share_shop_11,0.11568334962193302,0.1342749817,-1.8591632078066966,2722
age_65-74,dep_hour_share_shop_12,0.07545908132297721,0.08038347883,-0.4924397507022782,2722
age_65-74,dep_hour_share_shop_13,0.052980813744148966,0.08934954527,-3.6368731525851032,2722
age_65-74,dep_hour_share_shop_14,0.07185844349570496,0.0791550925,-0.7296649004295039,2722
age_65-74,dep_hour_share_shop_15,0.057404454503369166,0.07319409014,-1.5789635636630834,2722
age_65-74,dep_hour_share_shop_16,0.05863895890129109,0.05350510651,0.5133852391291092,2722
age_65-74,dep_hour_share_shop_17,0.030682578056684326,0.03620373575,-0.5521157693315675,2722
age_65-74,dep_hour_share_shop_18,0.016074276014608303,0.009277681942,0.6796594072608303,2722
age_65-74,dep_hour_share_shop_19,0.0051694871662980296,0.005995348713,-0.08258615467019709,2722
age_65-74,dep_hour_share_shop_20,0.0019289131217529963,0.0,0.19289131217529965,2722
age_65-74,dep_hour_share_shop_21,0.0006944087238310786,0.002183770179,-0.14893614551689216,2722
age_65-74,dep_hour_share_shop_22,0.0005143768324674657,0.0,0.05143768324674657,2722
age_65-74,dep_hour_share_shop_23,0.0003343449411038527,0.0,0.03343449411038527,2722
age_65-74,dep_hour_share_shop_4,0.00010287536649349314,0.0,0.010287536649349314,2722
age_65-74,dep_hour_share_shop_5,0.0009258782984414382,0.001077890615,-0.015201231655856167,2722
age_65-74,dep_hour_share_shop_6,0.008718687310323542,0.00725155989,0.14671274203235418,2722
age_65-74,dep_hour_share_shop_7,0.02834216346895736,0.03980447332,-1.146230985104264,2722
age_65-74,dep_hour_share_shop_8,0.1602798209968623,0.06286044798,9.74193730168623,2722
age_65-74,dep_hour_share_shop_9,0.14204516228589065,0.1627594367,-2.071427441410936,2722
age_65-74,dep_hour_share_work_10,0.029254889283982545,0.07525156395,-4.599667466601746,2722
age_65-74,dep_hour_share_work_11,0.03079036689833522,0.07742704047,-4.663667357166478,2722
age_65-74,dep_hour_share_work_12,0.019880394375303055,0.02367990888,-0.3799514504696944,2722
age_65-74,dep_hour_share_work_13,0.03547761435267496,0.05724041023,-2.176279587732503,2722
age_65-74,dep_hour_share_work_14,0.022870534992726683,0.05392362555,-3.1053090557273317,2722
age_65-74,dep_hour_share_work_15,0.00937449490867949,0.01540678937,-0.603229446132051,2722
age_65-74,dep_hour_share_work_16,0.008485534184580572,0.04289739038,-3.441185619541942,2722
age_65-74,dep_hour_share_work_17,0.007758202683045095,0.007523610125,0.0234592558045095,2722
age_65-74,dep_hour_share_work_18,0.0034750282851139487,0.009924118752,-0.644909046688605,2722
age_65-74,dep_hour_share_work_19,0.0034750282851139487,0.0,0.34750282851139486,2722
age_65-74,dep_hour_share_work_20,0.0023436237271698725,0.01563034611,-1.3286722382830125,2722
age_65-74,dep_hour_share_work_21,0.0025860675610150314,0.02102059769,-1.843453012898497,2722
age_65-74,dep_hour_share_work_22,0.0003232584451268789,0.0,0.03232584451268789,2722
age_65-74,dep_hour_share_work_23,0.00024244383384515922,0.0,0.02424438338451592,2722
age_65-74,dep_hour_share_work_4,0.06457087441409406,0.01534094525,4.922992916409406,2722
age_65-74,dep_hour_share_work_5,0.08525941490221432,0.04015674082,4.5102674082214325,2722
age_65-74,dep_hour_share_work_6,0.22983675448521093,0.08163405011,14.820270437521094,2722
age_65-74,dep_hour_share_work_7,0.18579279133667367,0.1315797217,5.421306963667366,2722
age_65-74,dep_hour_share_work_8,0.1559721997737191,0.2020674161,-4.609521632628091,2722
age_65-74,dep_hour_share_work_9,0.07200581865201229,0.1254917876,-5.34859689479877,2722
age_65-74,mean_work_activity_h,5.7033955605840205,4.508049344,1.1953462165840207,2722
age_65-74,mobility_rate,0.8251831145394714,0.7677188754,5.74642391394714,2722
age_65-74,n_persons_unweighted,113044.0,2722.0,110322.0,2722
age_65-74,n_persons_weighted,113044.0,104701.8215,8342.178499999995,2722
age_65-74,n_work_activities_measured,12374.0,195.0,12179.0,2722
age_65-74,nonhome_acts_per_mobile,2.0174095752663965,2.40781451,-0.3904049347336036,2722
age_65-74,participation_education,0.016515693004493827,0.01328280801,0.32328849944938276,2722
age_65-74,participation_escort,0.07642157036198294,0.05540560553,2.101596483198294,2722
age_65-74,participation_home,0.8251831145394714,0.7595744755,6.5608639039471335,2722
age_65-74,participation_leisure,0.4416687307597042,0.4663659495,-2.469721874029579,2722
age_65-74,participation_other,0.3567725841265348,0.2865291122,7.0243471926534795,2722
age_65-74,participation_shop,0.29745939634124763,0.4461536635,-14.869426715875239,2722
age_65-74,participation_work,0.09260111107179506,0.05486659912,3.773451195179506,2722
age_65-74,purpose_share_education,0.0073124729453960795,0.004136457692,0.31760152533960795,2722
age_65-74,purpose_share_escort,0.034673180384639166,0.02596832393,0.8704856454639167,2722
age_65-74,purpose_share_home,0.4181312225589017,0.4264175128,-0.8286290241098282,2722
age_65-74,purpose_share_leisure,0.19438191824871684,0.2199712748,-2.5589356551283164,2722
age_65-74,purpose_share_other,0.18701997402758025,0.1178365822,6.918339182758025,2722
age_65-74,purpose_share_shop,0.12022138395893885,0.1836120308,-6.3390646841061145,2722
age_65-74,purpose_share_work,0.0382598478758271,0.02205781785,1.6202030025827097,2722
age_65-74,share_mobile_first_from_home,1.0,0.9858700503,1.4129949700000033,2722
age_65-74,share_mobile_last_to_home,1.0,0.9857838199,1.421618010000003,2722
age_65-74,share_mobile_odd_trip_count,0.3374498831500182,0.2617860696,7.566381355001822,2722
age_65-74,share_trips_0,0.17481688546052865,0.2322811246,-5.746423913947135,2722
age_65-74,share_trips_1,0.002344219949754078,0.005603553251,-0.3259333301245922,2722
age_65-74,share_trips_2,0.3196542939032589,0.2322006465,8.74536474032589,2722
age_65-74,share_trips_3,0.1642369342910725,0.07505438776,8.918254653107251,2722
age_65-74,share_trips_4,0.15411698099854923,0.1933910899,-3.9274108901450777,2722
age_65-74,share_trips_5,0.0772531049856693,0.05876575092,1.8487354065669301,2722
age_65-74,share_trips_6,0.06396624323272354,0.08893308525,-2.4966842017276463,2722
age_65-74,share_trips_7,0.026511800714765933,0.0455699629,-1.9058162185234064,2722
age_65-74,share_trips_8plus,0.01709953646367786,0.06820039893,-5.110086246632214,2722
age_65-74,share_trips_followed_by_same_purpose,0.10887081813122255,0.05751895492,5.135186321122256,2722
age_65-74,share_trips_home_based,0.8048636447962402,0.8527795904,-4.791594560375978,2722
age_65-74,share_trips_unknown_purpose,0.0,8.908877103e-05,-0.008908877103,2722
age_65-74,share_work_activities_lt_2h,0.15427509293680297,0.3046651366,-15.039004366319702,2722
age_65-74,tours_per_mobile,1.4497116271091959,1.789759687,-0.3400480598908042,2722
age_65-74,trips_per_mobile_person,3.4671212023755924,4.197574196,-0.7304529936244073,2722
age_65-74,trips_per_person,2.861009872262128,3.222556941,-0.3615470687378721,2722
age_65-74,trips_per_person_education,0.020921057287427904,0.0133287829,0.0075922743874279035,2722
age_65-74,trips_per_person_escort,0.09920031138317822,0.08367694721,0.01552336417317822,2722
age_65-74,trips_per_person_home,1.1962775556420508,1.374032294,-0.1777547383579492,2722
age_65-74,trips_per_person_leisure,0.5561285870988287,0.7088068062,-0.1526782191011713,2722
age_65-74,trips_per_person_other,0.5350659920031138,0.3797012658,0.15536472620311376,2722
age_65-74,trips_per_person_shop,0.3439545663635399,0.5916475104,-0.24769294403646008,2722
age_65-74,trips_per_person_work,0.10946180248398854,0.07107624138,0.03838556110398854,2722
age_75+,dep_hour_share_all_10,0.11662960719671871,0.1402526586,-2.3623051403281288,1757
age_75+,dep_hour_share_all_11,0.08439396587818748,0.139188472,-5.479450612181252,1757
age_75+,dep_hour_share_all_12,0.07347937610009715,0.08437790956,-1.0898533459902855,1757
age_75+,dep_hour_share_all_13,0.06692655720911704,0.057911365,0.9015192209117041,1757
age_75+,dep_hour_share_all_14,0.08434925061280239,0.06875053446,1.5598716152802394,1757
age_75+,dep_hour_share_all_15,0.06640216909687359,0.08634828577,-1.9946116673126415,1757
age_75+,dep_hour_share_all_16,0.06509323132832794,0.07733575853,-1.224252720167207,1757
age_75+,dep_hour_share_all_17,0.05877618383665107,0.06071213824,-0.19359544033489273,1757
age_75+,dep_hour_share_all_18,0.05273149296141073,0.04213526123,1.0596231731410728,1757
age_75+,dep_hour_share_all_19,0.03419091792309787,0.01603520517,1.815571275309787,1757
age_75+,dep_hour_share_all_20,0.01881293165474937,0.01106124017,0.775169148474937,1757
age_75+,dep_hour_share_all_21,0.011357677407815415,0.01232677845,-0.09691010421845857,1757
age_75+,dep_hour_share_all_22,0.009178824476323268,0.005184793679,0.39940307973232675,1757
age_75+,dep_hour_share_all_23,0.0024634046203064214,0.002788430283,-0.032502566269357845,1757
age_75+,dep_hour_share_all_4,0.0009674757419685286,0.0009924730995,-0.002499735753147146,1757
age_75+,dep_hour_share_all_5,0.0038658379437481964,0.0001878658087,0.36779721350481964,1757
age_75+,dep_hour_share_all_6,0.01583733399457726,0.002586154909,1.3251179085577258,1757
age_75+,dep_hour_share_all_7,0.04757297734562055,0.02107308044,2.649989690562055,1757
age_75+,dep_hour_share_all_8,0.07494278478542771,0.06562999095,0.9312793835427713,1757
age_75+,dep_hour_share_all_9,0.10848736387250459,0.1020002288,0.6487135072504591,1757
age_75+,dep_hour_share_education_10,0.017702312138728325,0.0,1.7702312138728324,1757
age_75+,dep_hour_share_education_11,0.0025289017341040463,0.2528978271,-25.0368925365896,1757
age_75+,dep_hour_share_education_12,0.12030346820809248,0.0,12.030346820809248,1757
age_75+,dep_hour_share_education_13,0.10404624277456648,0.03752681402,6.6519428754566485,1757
age_75+,dep_hour_share_education_14,0.07008670520231214,0.1904885103,-12.040180509768787,1757
age_75+,dep_hour_share_education_15,0.018063583815028903,0.09714150777,-7.907792395497109,1757
age_75+,dep_hour_share_education_16,0.06213872832369942,0.1357520537,-7.36133253763006,1757
age_75+,dep_hour_share_education_17,0.07622832369942197,0.0,7.622832369942197,1757
age_75+,dep_hour_share_education_18,0.0050578034682080926,0.0,0.5057803468208093,1757
age_75+,dep_hour_share_education_19,0.0,0.0,0.0,1757
age_75+,dep_hour_share_education_20,0.000361271676300578,0.0,0.0361271676300578,1757
age_75+,dep_hour_share_education_21,0.0,0.0,0.0,1757
age_75+,dep_hour_share_education_22,0.0,0.0,0.0,1757
age_75+,dep_hour_share_education_23,0.0,0.0,0.0,1757
age_75+,dep_hour_share_education_4,0.0,0.0,0.0,1757
age_75+,dep_hour_share_education_5,0.0,0.0,0.0,1757
age_75+,dep_hour_share_education_6,0.14342485549132947,0.0,14.342485549132947,1757
age_75+,dep_hour_share_education_7,0.2875722543352601,0.0,28.757225433526013,1757
age_75+,dep_hour_share_education_8,0.085621387283237,0.1728129148,-8.7191527516763,1757
age_75+,dep_hour_share_education_9,0.006864161849710983,0.1133803723,-10.651621045028904,1757
age_75+,dep_hour_share_escort_10,0.07317073170731707,0.08295596132,-0.9785229612682924,1757
age_75+,dep_hour_share_escort_11,0.06387921022067364,0.1464836642,-8.260445397932637,1757
age_75+,dep_hour_share_escort_12,0.12576738012278083,0.08061840341,4.514897671278082,1757
age_75+,dep_hour_share_escort_13,0.070681931309109,0.09138832238,-2.0706391070890993,1757
age_75+,dep_hour_share_escort_14,0.077982412477186,0.0731167491,0.4865663377185997,1757
age_75+,dep_hour_share_escort_15,0.043636966981914715,0.07856438134,-3.492741435808529,1757
age_75+,dep_hour_share_escort_16,0.0155964824954372,0.09433086214,-7.87343796445628,1757
age_75+,dep_hour_share_escort_17,0.11614401858304298,0.03916106827,7.698295031304298,1757
age_75+,dep_hour_share_escort_18,0.08760577401692385,0.04059220942,4.701356459692385,1757
age_75+,dep_hour_share_escort_19,0.016923842707814832,0.005843814637,1.1080028070814831,1757
age_75+,dep_hour_share_escort_20,0.0004977600796416127,0.02386732631,-2.3369566230358387,1757
age_75+,dep_hour_share_escort_21,0.0003318400530944085,0.003627052286,-0.32952122329055916,1757
age_75+,dep_hour_share_escort_22,0.0,0.008344154487,-0.8344154487000001,1757
age_75+,dep_hour_share_escort_23,0.0,0.0,0.0,1757
age_75+,dep_hour_share_escort_4,0.0,0.0,0.0,1757
age_75+,dep_hour_share_escort_5,0.01758752281400365,0.0,1.758752281400365,1757
age_75+,dep_hour_share_escort_6,0.024888003982080638,0.0,2.4888003982080638,1757
age_75+,dep_hour_share_escort_7,0.07200929152148665,0.05330566248,1.8703629041486647,1757
age_75+,dep_hour_share_escort_8,0.043968807035009126,0.07561813287,-3.1649325834990867,1757
age_75+,dep_hour_share_escort_9,0.14916210386593662,0.06283893447,8.632316939593663,1757
age_75+,dep_hour_share_home_10,0.09178298292388165,0.1072685476,-1.5485564676118349,1757
age_75+,dep_hour_share_home_11,0.09592516398055297,0.1537783162,-5.785315221944702,1757
age_75+,dep_hour_share_home_12,0.08343404337758425,0.111457598,-2.802355462241575,1757
age_75+,dep_hour_share_home_13,0.05704954934177145,0.05902988695,-0.19803376082285495,1757
age_75+,dep_hour_share_home_14,0.09920016236611714,0.0554112846,4.378887776611714,1757
age_75+,dep_hour_share_home_15,0.0775482716311337,0.08534048539,-0.7792213758866295,1757
age_75+,dep_hour_share_home_16,0.07723460981392474,0.1042695572,-2.703494738607526,1757
age_75+,dep_hour_share_home_17,0.08337869129219444,0.07229917472,1.107951657219444,1757
age_75+,dep_hour_share_home_18,0.06904250117623181,0.05317439514,1.5868106036231815,1757
age_75+,dep_hour_share_home_19,0.05674511287212746,0.02232961792,3.4415494952127466,1757
age_75+,dep_hour_share_home_20,0.03538843325922304,0.02070951551,1.4678917749223044,1757
age_75+,dep_hour_share_home_21,0.023653791156581824,0.02696688922,-0.3313098063418177,1757
age_75+,dep_hour_share_home_22,0.018275413526204598,0.009924744398,0.8350669128204598,1757
age_75+,dep_hour_share_home_23,0.005138518593688017,0.005270412678,-0.01318940843119832,1757
age_75+,dep_hour_share_home_4,0.00011992951834460363,0.001157582957,-0.10376534386553962,1757
age_75+,dep_hour_share_home_5,0.0010609149699714936,0.0,0.10609149699714936,1757
age_75+,dep_hour_share_home_6,0.0037731671540725295,0.0004001626772,0.3373004476872529,1757
age_75+,dep_hour_share_home_7,0.011900698358810668,0.008660138639,0.32405597198106684,1757
age_75+,dep_hour_share_home_8,0.03220568834930856,0.04031015037,-0.8104462020691441,1757
age_75+,dep_hour_share_home_9,0.07123813389669456,0.06096797535,1.0270158546694559,1757
age_75+,dep_hour_share_leisure_10,0.11795281887245102,0.1087361696,0.9216649272451014,1757
age_75+,dep_hour_share_leisure_11,0.0623985699837712,0.09637348618,-3.3974916196228797,1757
age_75+,dep_hour_share_leisure_12,0.04334736693557871,0.0689004136,-2.555304666442129,1757
age_75+,dep_hour_share_leisure_13,0.056495049039207844,0.07426174988,-1.7766700840792162,1757
age_75+,dep_hour_share_leisure_14,0.0895171343227415,0.09584862902,-0.6331494697258508,1757
age_75+,dep_hour_share_leisure_15,0.08062657290025166,0.1154246229,-3.4798049999748337,1757
age_75+,dep_hour_share_leisure_16,0.0739939318390291,0.05235435328,2.1639578559029093,1757
age_75+,dep_hour_share_leisure_17,0.06399793023966883,0.08548245401,-2.1484523770331165,1757
age_75+,dep_hour_share_leisure_18,0.061222569795611165,0.07529126466,-1.406869486438883,1757
age_75+,dep_hour_share_leisure_19,0.037232165957146554,0.02724206847,0.9990097487146555,1757
age_75+,dep_hour_share_leisure_20,0.011901121904179504,0.007190845342,0.47102765621795045,1757
age_75+,dep_hour_share_leisure_21,0.0033163205306112847,0.002202242151,0.11140783796112848,1757
age_75+,dep_hour_share_leisure_22,0.005362560858009738,0.003726288702,0.16362721560097376,1757
age_75+,dep_hour_share_leisure_23,0.00030576004892160784,0.002647351203,-0.2341591154078392,1757
age_75+,dep_hour_share_leisure_4,0.0009643201542912247,0.002482956162,-0.15186360077087754,1757
age_75+,dep_hour_share_leisure_5,0.005762400921984148,0.0,0.5762400921984148,1757
age_75+,dep_hour_share_leisure_6,0.014676482348237176,0.003994981942,1.0681500406237177,1757
age_75+,dep_hour_share_leisure_7,0.04177152668344427,0.02685075774,1.492076894344427,1757
age_75+,dep_hour_share_leisure_8,0.10134769621563139,0.08000139048,2.1346305735631383,1757
age_75+,dep_hour_share_leisure_9,0.12656114024978243,0.07098797462,5.557316562978243,1757
age_75+,dep_hour_share_other_10,0.12055019776898805,0.2016516118,-8.110141403101194,1757
age_75+,dep_hour_share_other_11,0.09159592906981912,0.1370475612,-4.545163213018089,1757
age_75+,dep_hour_share_other_12,0.05961957246344607,0.0384005106,2.121906186344607,1757
age_75+,dep_hour_share_other_13,0.07868539176036621,0.03175840438,4.69269873803662,1757
age_75+,dep_hour_share_other_14,0.0652859872894538,0.08103297054,-1.57469832505462,1757
age_75+,dep_hour_share_other_15,0.06235278432069686,0.07709632233,-1.4743538009303134,1757
age_75+,dep_hour_share_other_16,0.06115283765165993,0.04479360352,1.6359234131659925,1757
age_75+,dep_hour_share_other_17,0.020554642015910403,0.03314536162,-1.2590719604089597,1757
age_75+,dep_hour_share_other_18,0.04217590329318697,0.007321502186,3.485440110718697,1757
age_75+,dep_hour_share_other_19,0.010043998044531354,0.004783734651,0.5260263393531355,1757
age_75+,dep_hour_share_other_20,0.0037109461801697703,0.001527661785,0.21832843951697703,1757
age_75+,dep_hour_share_other_21,0.0012443891382605218,0.0004788788905,0.07655102477605218,1757
age_75+,dep_hour_share_other_22,0.0008666281498600062,0.0,0.08666281498600062,1757
age_75+,dep_hour_share_other_23,0.0005777520999066708,0.0,0.05777520999066708,1757
age_75+,dep_hour_share_other_4,0.0002666548153415404,0.0,0.02666548153415404,1757
age_75+,dep_hour_share_other_5,0.0007555219768010311,0.00121498969,-0.045946771319896884,1757
age_75+,dep_hour_share_other_6,0.03282076352162126,0.002476732209,3.0344031312621262,1757
age_75+,dep_hour_share_other_7,0.11610595084662904,0.04703117968,6.907477116662905,1757
age_75+,dep_hour_share_other_8,0.10146215723745611,0.1042349238,-0.27727665625438963,1757
age_75+,dep_hour_share_other_9,0.12857206346384606,0.175755808,-4.718374453615396,1757
age_75+,dep_hour_share_shop_10,0.2052828784778507,0.2087992818,-0.3516403322149281,1757
age_75+,dep_hour_share_shop_11,0.08277749727618187,0.1533425538,-7.056505652381813,1757
age_75+,dep_hour_share_shop_12,0.08740134463607133,0.07528007254,1.212127209607132,1757
age_75+,dep_hour_share_shop_13,0.0914937152879275,0.05509187559,3.6401839697927505,1757
age_75+,dep_hour_share_shop_14,0.06343174510377082,0.06113938107,0.22923640337708245,1757
age_75+,dep_hour_share_shop_15,0.033987935478727645,0.06822457185,-3.4236636371272353,1757
age_75+,dep_hour_share_shop_16,0.03741596024554224,0.06710347312,-2.968751287445777,1757
age_75+,dep_hour_share_shop_17,0.02088703462570753,0.03537323174,-1.4486197114292467,1757
age_75+,dep_hour_share_shop_18,0.010895272514682044,0.0108462037,0.004906881468204512,1757
age_75+,dep_hour_share_shop_19,0.0030825649065929685,0.001063710266,0.20188546405929686,1757
age_75+,dep_hour_share_shop_20,0.0030294172357896417,0.0,0.30294172357896415,1757
age_75+,dep_hour_share_shop_21,0.0006909197204432516,0.0008895349251,-0.019861520465674833,1757
age_75+,dep_hour_share_shop_22,0.0002391645186149717,0.0,0.02391645186149717,1757
age_75+,dep_hour_share_shop_23,0.00026573835401663524,0.0,0.026573835401663526,1757
age_75+,dep_hour_share_shop_4,0.0,0.0,0.0,1757
age_75+,dep_hour_share_shop_5,0.0017538731365097924,0.0,0.17538731365097923,1757
age_75+,dep_hour_share_shop_6,0.00656373734421089,0.003147675821,0.341606152321089,1757
age_75+,dep_hour_share_shop_7,0.03619356381706572,0.02041468547,1.577887834706572,1757
age_75+,dep_hour_share_shop_8,0.13560628205468894,0.0646015702,7.100471185468894,1757
age_75+,dep_hour_share_shop_9,0.177460072812309,0.1746821781,0.27778947123089925,1757
age_75+,dep_hour_share_work_10,0.023776988248155235,0.07434471358,-5.056772533184477,1757
age_75+,dep_hour_share_work_11,0.02213719595517901,0.01929711201,0.28400839451790116,1757
age_75+,dep_hour_share_work_12,0.03443563815250068,0.09843333039,-6.399769223749932,1757
age_75+,dep_hour_share_work_13,0.04919376878928669,0.02364396595,2.554980283928669,1757
age_75+,dep_hour_share_work_14,0.05520634053019951,0.01643313137,3.877320916019951,1757
age_75+,dep_hour_share_work_15,0.02814976769609183,0.03231314461,-0.4163376913908168,1757
age_75+,dep_hour_share_work_16,0.018857611369226566,0.0,1.8857611369226566,1757
age_75+,dep_hour_share_work_17,0.0213172998086909,0.0,2.13172998086909,1757
age_75+,dep_hour_share_work_18,0.0095654550423613,0.03378738214,-2.42219270976387,1757
age_75+,dep_hour_share_work_19,0.0019130910084722602,0.0,0.19130910084722602,1757
age_75+,dep_hour_share_work_20,0.00027329871549603714,0.0,0.027329871549603715,1757
age_75+,dep_hour_share_work_21,0.001366493577480186,0.0,0.1366493577480186,1757
age_75+,dep_hour_share_work_22,0.00027329871549603714,0.0,0.027329871549603715,1757
age_75+,dep_hour_share_work_23,0.0,0.0,0.0,1757
age_75+,dep_hour_share_work_4,0.04700737906531839,0.0,4.700737906531839,1757
age_75+,dep_hour_share_work_5,0.1052200054659743,0.002988362444,10.22316430219743,1757
age_75+,dep_hour_share_work_6,0.161792839573654,0.1164616422,4.5331197373654,1757
age_75+,dep_hour_share_work_7,0.2241049467067505,0.01476200325,20.93429434567505,1757
age_75+,dep_hour_share_work_8,0.12708390270565728,0.4807737085,-35.36898057943427,1757
age_75+,dep_hour_share_work_9,0.055479639245695545,0.04028559832,1.5194040925695547,1757
age_75+,mean_work_activity_h,5.060189487109412,4.157264988,0.9029244991094121,1757
age_75+,mobility_rate,0.7383773184083667,0.7161184435,2.2258874908366755,1757
age_75+,n_persons_unweighted,110151.0,1757.0,108394.0,1757
age_75+,n_persons_weighted,110151.0,74247.32901,35903.67099,1757
age_75+,n_work_activities_measured,3659.0,21.0,3638.0,1757
age_75+,nonhome_acts_per_mobile,1.691859392866364,2.178282042,-0.4864226491336361,1757
age_75+,participation_education,0.018274913527793667,0.005425378628,1.2849534899793666,1757
age_75+,participation_escort,0.03678586667392943,0.04312282707,-0.6336960396070574,1757
age_75+,participation_home,0.7383773184083667,0.7090660818,2.9311236608366764,1757
age_75+,participation_leisure,0.3120171401076704,0.3928226251,-8.08054849923296,1757
age_75+,participation_other,0.32870332543508457,0.3145649768,1.4138348635084563,1757
age_75+,participation_shop,0.3044094016395675,0.3890343395,-8.462493786043252,1757
age_75+,participation_work,0.026463672594892466,0.01256186084,1.3901811754892466,1757
age_75+,purpose_share_education,0.011251986780541543,0.002305597265,0.8946389515541543,1757
age_75+,purpose_share_escort,0.024499900406908914,0.02217510901,0.2324791396908915,1757
age_75+,purpose_share_home,0.44063642017715376,0.4299173366,1.0719083577153787,1757
age_75+,purpose_share_leisure,0.17283263076166358,0.1993583812,-2.652575043833641,1757
age_75+,purpose_share_other,0.18293421571457028,0.1410283854,4.1905830314570265,1757
age_75+,purpose_share_shop,0.1529709228824273,0.1997667241,-4.679580121757268,1757
age_75+,purpose_share_work,0.014873923276734648,0.005448466475,0.9425456801734647,1757
age_75+,share_mobile_first_from_home,1.0,0.9846670343,1.5332965699999979,1757
age_75+,share_mobile_last_to_home,1.0,0.979422835,2.0577164999999953,1757
age_75+,share_mobile_odd_trip_count,0.28164459690408566,0.2527318391,2.8912757804085643,1757
age_75+,share_trips_0,0.2616226815916333,0.2838815565,-2.22588749083667,1757
age_75+,share_trips_1,0.0008715308984938857,0.007999159324,-0.7127628425506114,1757
age_75+,share_trips_2,0.3770551334077766,0.2597294843,11.73256491077766,1757
age_75+,share_trips_3,0.15891821227224445,0.07853855337,8.037965890224445,1757
age_75+,share_trips_4,0.10521919909941807,0.1787453697,-7.352617060058192,1757
age_75+,share_trips_5,0.03546949187932928,0.05599159257,-2.0522100690670717,1757
age_75+,share_trips_6,0.03922796887908417,0.06113342987,-2.190546099091583,1757
age_75+,share_trips_7,0.01012246824813211,0.02487302184,-1.475055359186789,1757
age_75+,share_trips_8plus,0.011493313723888118,0.04910783257,-3.761451884611189,1757
age_75+,share_trips_followed_by_same_purpose,0.08909719879187483,0.0518164098,3.7280788991874836,1757
age_75+,share_trips_home_based,0.8463095678472852,0.8612071433,-1.4897575452714862,1757
age_75+,share_trips_unknown_purpose,0.0,0.0,0.0,1757
age_75+,share_work_activities_lt_2h,0.23339710303361574,0.3424019536,-10.900485056638423,1757
age_75+,tours_per_mobile,1.3327554621125497,1.642711266,-0.30995580388745037,1757
age_75+,trips_per_mobile_person,3.024614854978914,3.820993308,-0.7963784530210858,1757
age_75+,trips_per_person,2.233307005837441,2.736283781,-0.5029767751625589,1757
age_75+,trips_per_person_education,0.025129140906573703,0.0063087684,0.0188203725065737,1757
age_75+,trips_per_person_escort,0.05471579922106926,0.06067739112,-0.005961591898930738,1757
age_75+,trips_per_person_home,0.984076404208768,1.176375835,-0.19229943079123202,1757
age_75+,trips_per_person_leisure,0.38598832511733894,0.545501105,-0.1595127798826611,1757
age_75+,trips_per_person_other,0.40854826556272755,0.3858936835,0.02265458206272758,1757
age_75+,trips_per_person_shop,0.3416310337627439,0.5466184471,-0.20498741333725606,1757
age_75+,trips_per_person_work,0.03321803705822008,0.01490855045,0.01830948660822008,1757
all,dep_hour_share_all_10,0.04530829526337307,0.05208275243,-0.6774457166626925,18223
all,dep_hour_share_all_11,0.048804086706439834,0.05638717976,-0.7583093053560169,18223
all,dep_hour_share_all_12,0.06024672958743149,0.06122048412,-0.09737545325685104,18223
all,dep_hour_share_all_13,0.06579957360006315,0.07229829733,-0.6498723729936845,18223
all,dep_hour_share_all_14,0.07295702305145949,0.07193688752,0.1020135531459479,18223
all,dep_hour_share_all_15,0.08769334589414211,0.09129177653,-0.359843063585788,18223
all,dep_hour_share_all_16,0.08907618159194429,0.09313951947,-0.40633378780557117,18223
all,dep_hour_share_all_17,0.0780245537805444,0.08325053706,-0.5225983279455602,18223
all,dep_hour_share_all_18,0.0635763473049294,0.06232227312,0.1254074184929406,18223
all,dep_hour_share_all_19,0.040667410199380825,0.03832407875,0.23433314493808283,18223
all,dep_hour_share_all_20,0.029124940218925435,0.02323517727,0.5889762948925434,18223
all,dep_hour_share_all_21,0.019215948746002694,0.01689596206,0.23199866860026952,18223
all,dep_hour_share_all_22,0.014550798017833114,0.01114277512,0.34080228978331134,18223
all,dep_hour_share_all_23,0.007363861177056723,0.003609894486,0.37539666910567226,18223
all,dep_hour_share_all_4,0.004417886681805574,0.002569121759,0.1848764922805574,18223
all,dep_hour_share_all_5,0.01641863983887599,0.01238511537,0.40335244688759886,18223
all,dep_hour_share_all_6,0.04850614120957886,0.03307486761,1.5431273599578854,18223
all,dep_hour_share_all_7,0.09002776422006316,0.102717226,-1.2689461779936837,18223
all,dep_hour_share_all_8,0.05792889791803673,0.06368874809,-0.5759850171963267,18223
all,dep_hour_share_all_9,0.04877244919491748,0.04633409046,0.24383587349174826,18223
all,dep_hour_share_education_10,0.01901660344337644,0.01127198533,0.774461811337644,18223
all,dep_hour_share_education_11,0.02938642586185899,0.01820934422,1.1177081641858992,18223
all,dep_hour_share_education_12,0.02651318667935643,0.02153748165,0.4975705029356431,18223
all,dep_hour_share_education_13,0.031637205064478736,0.02866261207,0.2974592994478737,18223
all,dep_hour_share_education_14,0.024546573989291883,0.01802018268,0.6526391309291883,18223
all,dep_hour_share_education_15,0.0339421112218709,0.01783646586,1.61056453618709,18223
all,dep_hour_share_education_16,0.01835354824741431,0.01602070108,0.2332847167414307,18223
all,dep_hour_share_education_17,0.008475379001447896,0.01398119051,-0.5505811508552104,18223
all,dep_hour_share_education_18,0.00579609474021317,0.005305116992,0.04909777482131703,18223
all,dep_hour_share_education_19,0.005205208817280932,0.001884147068,0.33210617492809325,18223
all,dep_hour_share_education_20,0.0005142060703379778,0.0004658888282,0.004831724213797778,18223
all,dep_hour_share_education_21,0.00031574056950577577,0.0004652239367,-0.014948336719422426,18223
all,dep_hour_share_education_22,0.00014433854605978323,0.0,0.014433854605978323,18223
all,dep_hour_share_education_23,9.021159128736451e-05,0.0,0.009021159128736451,18223
all,dep_hour_share_education_4,0.0005502907068529236,0.0,0.05502907068529236,18223
all,dep_hour_share_education_5,0.003518252060207216,0.001188721285,0.23295307752072159,18223
all,dep_hour_share_education_6,0.1706893518748224,0.06624452555,10.44448263248224,18223
all,dep_hour_share_education_7,0.46271780461071443,0.617002642,-15.428483738928556,18223
all,dep_hour_share_education_8,0.12071664088118682,0.1259639598,-0.524731891881318,18223
all,dep_hour_share_education_9,0.03648607809617458,0.03593981114,0.05462669561745806,18223
all,dep_hour_share_escort_10,0.01705412265724914,0.01565574758,0.1398375077249138,18223
all,dep_hour_share_escort_11,0.03328377878329514,0.03004725867,0.3236520113295137,18223
all,dep_hour_share_escort_12,0.060108154428423974,0.0528680563,0.7240098128423973,18223
all,dep_hour_share_escort_13,0.07002122839021287,0.08932804703,-1.9306818639787129,18223
all,dep_hour_share_escort_14,0.13610838813547219,0.115349183,2.075920513547219,18223
all,dep_hour_share_escort_15,0.12194963613110965,0.1244621437,-0.25125075688903487,18223
all,dep_hour_share_escort_16,0.0791358032706003,0.05920440843,1.9931394840600296,18223
all,dep_hour_share_escort_17,0.056602548705198034,0.05249078204,0.4111766665198031,18223
all,dep_hour_share_escort_18,0.0433591493063445,0.03538729115,0.7971858156344498,18223
all,dep_hour_share_escort_19,0.019008173254825077,0.01797240353,0.10357697248250773,18223
all,dep_hour_share_escort_20,0.008095352475671745,0.005678119723,0.24172327526717452,18223
all,dep_hour_share_escort_21,0.006887866059893923,0.004239624988,0.2648241071893922,18223
all,dep_hour_share_escort_22,0.0025967449801673603,0.01415427905,-1.155753406983264,18223
all,dep_hour_share_escort_23,0.0017787703114146417,0.0,0.17787703114146416,18223
all,dep_hour_share_escort_4,0.0012983724900836801,0.0006932826375,0.060508985258368016,18223
all,dep_hour_share_escort_5,0.002330578619700206,0.001337280905,0.09932977147002059,18223
all,dep_hour_share_escort_6,0.044553651997221486,0.01618361979,2.8370032207221487,18223
all,dep_hour_share_escort_7,0.17900661520783698,0.2309359067,-5.192929149216302,18223
all,dep_hour_share_escort_8,0.08430981764358376,0.1134596022,-2.914978455641623,18223
all,dep_hour_share_escort_9,0.0278371061873941,0.0168111617,1.10259444873941,18223
all,dep_hour_share_home_10,0.03263559344556625,0.04046123877,-0.782564532443375,18223
all,dep_hour_share_home_11,0.04857208666404836,0.0585540642,-0.998197753595164,18223
all,dep_hour_share_home_12,0.07397583281410107,0.06647582231,0.7500010504101068,18223
all,dep_hour_share_home_13,0.08131029615433454,0.09330815006,-1.199785390566546,18223
all,dep_hour_share_home_14,0.0842905909207686,0.08069255332,0.35980376007686,18223
all,dep_hour_share_home_15,0.10571519691945157,0.1093322941,-0.3617097180548437,18223
all,dep_hour_share_home_16,0.10981836221839647,0.116839246,-0.7020883781603524,18223
all,dep_hour_share_home_17,0.10303684432776894,0.1064625149,-0.342567057223106,18223
all,dep_hour_share_home_18,0.08894670166931942,0.08747836701,0.14683346593194202,18223
all,dep_hour_share_home_19,0.05986797227742654,0.05159458958,0.8273382697426536,18223
all,dep_hour_share_home_20,0.05270109053540475,0.04105673517,1.164435536540475,18223
all,dep_hour_share_home_21,0.03637923346552839,0.0308444887,0.5534744765528392,18223
all,dep_hour_share_home_22,0.02911785637297315,0.02079915672,0.831869965297315,18223
all,dep_hour_share_home_23,0.0154219365050304,0.00713848223,0.8283454275030401,18223
all,dep_hour_share_home_4,5.38918796011115e-05,0.0007880555536,-0.07341636739988885,18223
all,dep_hour_share_home_5,0.000715359333335302,0.002243374312,-0.15280149786646977,18223
all,dep_hour_share_home_6,0.002005073219131765,0.005951955834,-0.3946882614868235,18223
all,dep_hour_share_home_7,0.009739665309280329,0.01771765154,-0.7977986230719671,18223
all,dep_hour_share_home_8,0.018882090473392177,0.03211590665,-1.323381617660782,18223
all,dep_hour_share_home_9,0.028018609678095684,0.02755384938,0.04647602980956851,18223
all,dep_hour_share_leisure_10,0.04689287233295756,0.05123809208,-0.4345219747042439,18223
all,dep_hour_share_leisure_11,0.03726323352699974,0.04645842328,-0.9195189753000259,18223
all,dep_hour_share_leisure_12,0.04506976532917095,0.06364873778,-1.8578972450829054,18223
all,dep_hour_share_leisure_13,0.05521763726984048,0.05387841209,0.13392251798404822,18223
all,dep_hour_share_leisure_14,0.07830069083986803,0.07686726499,0.14334258498680252,18223
all,dep_hour_share_leisure_15,0.10419170083701877,0.1102737997,-0.6082098862981222,18223
all,dep_hour_share_leisure_16,0.13822578447282682,0.1294178436,0.8807940872826825,18223
all,dep_hour_share_leisure_17,0.12588935825807598,0.1191116262,0.6777732058075983,18223
all,dep_hour_share_leisure_18,0.10075195421379285,0.1016873967,-0.09354424862071525,18223
all,dep_hour_share_leisure_19,0.06422580924891295,0.07607784797,-1.1852038721087046,18223
all,dep_hour_share_leisure_20,0.028191056658779613,0.0244133345,0.37777221587796117,18223
all,dep_hour_share_leisure_21,0.013988165289529213,0.01228588096,0.1702284329529213,18223
all,dep_hour_share_leisure_22,0.009968245316287386,0.006821451648,0.31467936682873854,18223
all,dep_hour_share_leisure_23,0.0024796732860110087,0.001633402206,0.08462710800110086,18223
all,dep_hour_share_leisure_4,0.0003675119441381845,0.002422411664,-0.20548997198618157,18223
all,dep_hour_share_leisure_5,0.003749447699746871,0.003823253606,-0.00738059062531291,18223
all,dep_hour_share_leisure_6,0.017202862463816592,0.01165320072,0.5549661743816593,18223
all,dep_hour_share_leisure_7,0.026727202903757293,0.02062581758,0.6101385323757292,18223
all,dep_hour_share_leisure_8,0.042759395298324725,0.04255933534,0.020005995832472756,18223
all,dep_hour_share_leisure_9,0.05461268783370291,0.04425437079,1.0358317043702916,18223
all,dep_hour_share_other_10,0.08442504475561852,0.1301118092,-4.568676444438149,18223
all,dep_hour_share_other_11,0.08297964661021089,0.09145098908,-0.8471342469789117,18223
all,dep_hour_share_other_12,0.07081014135016854,0.05132191486,1.9488226490168543,18223
all,dep_hour_share_other_13,0.07663483725621478,0.06001855461,1.6616282646214786,18223
all,dep_hour_share_other_14,0.0854221683271025,0.09755224515,-1.2130076822897489,18223
all,dep_hour_share_other_15,0.0904336481791719,0.1054314224,-1.4997774220828097,18223
all,dep_hour_share_other_16,0.08755147255323979,0.08905000017,-0.14985276167602118,18223
all,dep_hour_share_other_17,0.05879006094810072,0.05648435509,0.23057058581007206,18223
all,dep_hour_share_other_18,0.042994129327214574,0.01983289418,2.316123514721457,18223
all,dep_hour_share_other_19,0.02883612403412634,0.007601686856,2.1234437178126337,18223
all,dep_hour_share_other_20,0.0141263961885167,0.003986890487,1.0139505701516698,18223
all,dep_hour_share_other_21,0.008982732808239057,0.004324751579,0.46579812292390577,18223
all,dep_hour_share_other_22,0.004905158318510579,0.002829444726,0.20757135925105785,18223
all,dep_hour_share_other_23,0.003514357717362881,0.002102075094,0.14122826233628807,18223
all,dep_hour_share_other_4,0.0014310303706023832,0.0,0.14310303706023833,18223
all,dep_hour_share_other_5,0.0025574639153335766,0.001597040282,0.09604236333335765,18223
all,dep_hour_share_other_6,0.016169493765822513,0.01265661625,0.35128775158225123,18223
all,dep_hour_share_other_7,0.06112338757647248,0.05086334049,1.0260047086472484,18223
all,dep_hour_share_other_8,0.08197390237384375,0.096064651,-1.409074862615625,18223
all,dep_hour_share_other_9,0.08928709974971337,0.1148234528,-2.5536353050286635,18223
all,dep_hour_share_shop_10,0.12015530829856282,0.113573183,0.6582125298562822,18223
all,dep_hour_share_shop_11,0.08997836501313553,0.1045408637,-1.4562498686864476,18223
all,dep_hour_share_shop_12,0.07982151135836811,0.08070060705,-0.0879095691631887,18223
all,dep_hour_share_shop_13,0.0619456034615979,0.06772682363,-0.5781220168402101,18223
all,dep_hour_share_shop_14,0.07758847164271365,0.07479634652,0.2792125122713651,18223
all,dep_hour_share_shop_15,0.09837351259465307,0.09546457991,0.29089326846530733,18223
all,dep_hour_share_shop_16,0.08482846546128883,0.1031216009,-1.8293135438711166,18223
all,dep_hour_share_shop_17,0.07321897697419255,0.09223050614,-1.901152916580745,18223
all,dep_hour_share_shop_18,0.04938958429918096,0.04335069655,0.603888774918096,18223
all,dep_hour_share_shop_19,0.017265492195951165,0.02151343125,-0.4247939054048834,18223
all,dep_hour_share_shop_20,0.00456266419409674,0.006442516701,-0.187985250690326,18223
all,dep_hour_share_shop_21,0.002495750270437336,0.005893960561,-0.33982102905626643,18223
all,dep_hour_share_shop_22,0.0021828156390047908,0.0006416588402,0.15411567988047906,18223
all,dep_hour_share_shop_23,0.0004095193942203678,0.0005087035568,-0.00991841625796322,18223
all,dep_hour_share_shop_4,0.0001081749343223613,0.0,0.01081749343223613,18223
all,dep_hour_share_shop_5,0.0008344923504867872,0.0003825330999,0.04519592505867872,18223
all,dep_hour_share_shop_6,0.010060268891979602,0.007791666165,0.22686027269796022,18223
all,dep_hour_share_shop_7,0.036810384793694945,0.02966680839,0.7143576403694945,18223
all,dep_hour_share_shop_8,0.0769162416937104,0.05374159274,2.3174648953710406,18223
all,dep_hour_share_shop_9,0.11087158089939732,0.09791192129,1.2959659609397323,18223
all,dep_hour_share_work_10,0.030551934141970674,0.0303903156,0.016161854197067546,18223
all,dep_hour_share_work_11,0.025882997885503956,0.03001389447,-0.4130896584496044,18223
all,dep_hour_share_work_12,0.03148019329902844,0.05146979714,-1.9989603840971566,18223
all,dep_hour_share_work_13,0.03877036757219921,0.0513865555,-1.2616187927800788,18223
all,dep_hour_share_work_14,0.02119563464825197,0.02808671787,-0.6891083221748029,18223
all,dep_hour_share_work_15,0.019788273990777296,0.01634328475,0.34449892407772964,18223
all,dep_hour_share_work_16,0.01292422364826579,0.01024163755,0.268258609826579,18223
all,dep_hour_share_work_17,0.00798579279781456,0.009852105267,-0.18663124691854407,18223
all,dep_hour_share_work_18,0.004581408097736706,0.004006507796,0.05749003017367065,18223
all,dep_hour_share_work_19,0.0037084298830347396,0.001186497274,0.25219326090347394,18223
all,dep_hour_share_work_20,0.005346127800325237,0.005229557461,0.011657033932523705,18223
all,dep_hour_share_work_21,0.0036946096474457903,0.005844712427,-0.21501027795542094,18223
all,dep_hour_share_work_22,0.0009167422940669728,0.0005113971661,0.040534512796697286,18223
all,dep_hour_share_work_23,0.000598876875521138,0.001162207318,-0.056333044247886196,18223
all,dep_hour_share_work_4,0.03059800159393384,0.01450336362,1.6094637973933839,18223
all,dep_hour_share_work_5,0.11153621132061564,0.08463918182,2.6897029500615637,18223
all,dep_hour_share_work_6,0.21636500163539454,0.1774689088,3.889609283539455,18223
all,dep_hour_share_work_7,0.24415979877736982,0.2873963517,-4.323655292263018,18223
all,dep_hour_share_work_8,0.12466313175751936,0.1391245841,-1.446145234248064,18223
all,dep_hour_share_work_9,0.05121318634744994,0.04672684261,0.4486343737449938,18223
all,mean_work_activity_h,5.795693596535536,6.290371181,-0.49467758446446464,18223
all,mobility_rate,0.8872197919772333,0.8437201354,4.349965657723331,18223
all,n_persons_unweighted,1002871.0,18223.0,984648.0,18223
all,n_persons_weighted,1002871.0,787251.0,215620.0,18223
all,n_work_activities_measured,433583.0,6787.0,426796.0,18223
all,nonhome_acts_per_mobile,2.1365874436790757,2.181590299,-0.04500285532092407,18223
all,participation_education,0.1754103967509281,0.1760996645,-0.0689267749071909,18223
all,participation_escort,0.10097011480040803,0.0991716453,0.17984695004080314,18223
all,participation_home,0.8872197919772333,0.8345502806,5.26695113772333,18223
all,participation_leisure,0.37668154727776554,0.3831627093,-0.6481162022234477,18223
all,participation_other,0.2533217133609407,0.1711559913,8.216572206094073,18223
all,participation_shop,0.21746067041523784,0.279384675,-6.192400458476219,18223
all,participation_work,0.34910272607344317,0.3315582716,1.754445447344316,18223
all,purpose_share_education,0.06809774700987122,0.06103073209,0.7067014919871217,18223
all,purpose_share_escort,0.047314666382440994,0.0501628758,-0.28482094175590056,18223
all,purpose_share_home,0.4160682927938042,0.4226397423,-0.6571449506195814,18223
all,purpose_share_leisure,0.14876940830788765,0.164692032,-1.5922623692112337,18223
all,purpose_share_other,0.10689209366300645,0.06709773398,3.9794359683006446,18223
all,purpose_share_shop,0.07950537361597405,0.1104526704,-3.094729678402594,18223
all,purpose_share_work,0.13335241822701543,0.1239242133,0.9428204927015432,18223
all,share_mobile_first_from_home,1.0,0.9781395677,2.186043230000001,18223
all,share_mobile_last_to_home,1.0,0.9776106086,2.238939139999996,18223
all,share_mobile_odd_trip_count,0.2863345122936679,0.2325256214,5.380889089366791,18223
all,share_trips_0,0.11278020802276664,0.1562798646,-4.349965657723337,18223
all,share_trips_1,0.0008146611079590495,0.005847443426,-0.503278231804095,18223
all,share_trips_2,0.3391921792533636,0.3142358594,2.4956319853363604,18223
all,share_trips_3,0.12393817350387039,0.08457489727,3.9363276233870383,18223
all,share_trips_4,0.19680098437386265,0.2217298615,-2.492887712613734,18223
all,share_trips_5,0.08967155297141906,0.06356429858,2.610725439141906,18223
all,share_trips_6,0.06865090325674987,0.07639621825,-0.7745314993250124,18223
all,share_trips_7,0.029783491595628948,0.02958426773,0.019922386562894884,18223
all,share_trips_8plus,0.03836784591437981,0.04778728929,-0.9419443375620187,18223
all,share_trips_followed_by_same_purpose,0.10244994131702354,0.0453464843,5.710345701702353,18223
all,share_trips_home_based,0.8085801545569228,0.8448585244,-3.6278369843077196,18223
all,share_trips_unknown_purpose,0.0,0.0006637068375,-0.06637068375,18223
all,share_work_activities_lt_2h,0.19317178025891238,0.1095768815,8.359489875891239,18223
all,tours_per_mobile,1.5223805782862254,1.595134658,-0.07275407971377468,18223
all,trips_per_mobile_person,3.658968021965301,3.776724957,-0.11775693503469897,18223
all,trips_per_person,3.2463088472994035,3.186498892,0.05980995529940358,18223
all,trips_per_person_education,0.2210663185993014,0.1943452862,0.026721032399301403,18223
all,trips_per_person_escort,0.15359802008433787,0.1597378586,-0.006139838515662133,18223
all,trips_per_person_home,1.3506861799772851,1.345847229,0.004838950977285039,18223
all,trips_per_person_leisure,0.48295144639739307,0.5244426702,-0.04149122380260695,18223
all,trips_per_person_other,0.3470047493645743,0.2136649499,0.1333397994645743,18223
all,trips_per_person_shop,0.25809899777738116,0.3517237155,-0.09362471772261882,18223
all,trips_per_person_work,0.4329031350991304,0.394622281,0.0382808540991304,18223
group_adult_18_64_not_employed,dep_hour_share_all_10,0.07130734685891865,0.07749087943,-0.6183532571081354,2458
group_adult_18_64_not_employed,dep_hour_share_all_11,0.07936991823679027,0.09340376641,-1.403384817320974,2458
group_adult_18_64_not_employed,dep_hour_share_all_12,0.0756548564252597,0.07388465493,0.17702014952596934,2458
group_adult_18_64_not_employed,dep_hour_share_all_13,0.06796083373904023,0.07969863507,-1.1737801330959765,2458
group_adult_18_64_not_employed,dep_hour_share_all_14,0.0740532621109195,0.07648248919,-0.24292270790804982,2458
group_adult_18_64_not_employed,dep_hour_share_all_15,0.08241840741465367,0.0808592829,0.15591245146536759,2458
group_adult_18_64_not_employed,dep_hour_share_all_16,0.07742707513388328,0.06897072023,0.8456354903883273,2458
group_adult_18_64_not_employed,dep_hour_share_all_17,0.07729512560230412,0.06398917418,1.3305951422304119,2458
group_adult_18_64_not_employed,dep_hour_share_all_18,0.0572547217457378,0.05683478658,0.04199351657378017,2458
group_adult_18_64_not_employed,dep_hour_share_all_19,0.0354853240270997,0.04282340685,-0.7338082822900299,2458
group_adult_18_64_not_employed,dep_hour_share_all_20,0.026910879466377893,0.02757417458,-0.0663295113622106,2458
group_adult_18_64_not_employed,dep_hour_share_all_21,0.018864233031972738,0.0187906744,0.0073558631972739374,2458
group_adult_18_64_not_employed,dep_hour_share_all_22,0.018409234647217002,0.01039494172,0.8014292927217002,2458
group_adult_18_64_not_employed,dep_hour_share_all_23,0.008954368211992848,0.006846699206,0.2107669005992847,2458
group_adult_18_64_not_employed,dep_hour_share_all_4,0.0012580705338496047,0.0007159546023,0.05421159315496047,2458
group_adult_18_64_not_employed,dep_hour_share_all_5,0.0031872636852139174,0.001760554318,0.14267093672139175,2458
group_adult_18_64_not_employed,dep_hour_share_all_6,0.02173299784785764,0.01423013081,0.7502867037857639,2458
group_adult_18_64_not_employed,dep_hour_share_all_7,0.057620995445466165,0.06504609551,-0.7425100064533834,2458
group_adult_18_64_not_employed,dep_hour_share_all_8,0.06553569234829217,0.07575824832,-1.0222555971707834,2458
group_adult_18_64_not_employed,dep_hour_share_all_9,0.0682315577779699,0.06261902963,0.5612528147969892,2458
group_adult_18_64_not_employed,dep_hour_share_education_10,0.03875765987534699,0.04171194676,-0.2954286884653011,2458
group_adult_18_64_not_employed,dep_hour_share_education_11,0.09092337505892212,0.06752154523,2.3401829828922125,2458
group_adult_18_64_not_employed,dep_hour_share_education_12,0.09448488975017022,0.04650903906,4.797585069017022,2458
group_adult_18_64_not_employed,dep_hour_share_education_13,0.06117425234379092,0.0918277138,-3.0653461456209086,2458
group_adult_18_64_not_employed,dep_hour_share_education_14,0.022364217252396165,0.05329711678,-3.0932899527603834,2458
group_adult_18_64_not_employed,dep_hour_share_education_15,0.019483580369769025,0.03223307661,-1.2749496240230977,2458
group_adult_18_64_not_employed,dep_hour_share_education_16,0.0038757659875346987,0.03316195321,-2.92861872224653,2458
group_adult_18_64_not_employed,dep_hour_share_education_17,0.005761273765254282,0.01451799987,-0.8756726104745718,2458
group_adult_18_64_not_employed,dep_hour_share_education_18,0.01623631697480752,0.006455578938,0.9780738036807519,2458
group_adult_18_64_not_employed,dep_hour_share_education_19,0.0030901377468182055,0.0004042972006,0.26858405462182056,2458
group_adult_18_64_not_employed,dep_hour_share_education_20,0.0001571256481432986,0.002898626742,-0.27415010938567014,2458
group_adult_18_64_not_employed,dep_hour_share_education_21,5.23752160477662e-05,0.0,0.00523752160477662,2458
group_adult_18_64_not_employed,dep_hour_share_education_22,5.23752160477662e-05,0.0,0.00523752160477662,2458
group_adult_18_64_not_employed,dep_hour_share_education_23,0.0,0.0,0.0,2458
group_adult_18_64_not_employed,dep_hour_share_education_4,0.00026187608023883096,0.0,0.026187608023883095,2458
group_adult_18_64_not_employed,dep_hour_share_education_5,0.003980516419630231,0.004200471299,-0.021995487936976935,2458
group_adult_18_64_not_employed,dep_hour_share_education_6,0.15220237783480856,0.03496706921,11.723530862480855,2458
group_adult_18_64_not_employed,dep_hour_share_education_7,0.2807311580160268,0.3548291092,-7.409795118397317,2458
group_adult_18_64_not_employed,dep_hour_share_education_8,0.13051903839103338,0.105880584,2.4638454391033378,2458
group_adult_18_64_not_employed,dep_hour_share_education_9,0.07589168805321322,0.1095838721,-3.369218404678677,2458
group_adult_18_64_not_employed,dep_hour_share_escort_10,0.03451597367153636,0.03256602831,0.1949945361536358,2458
group_adult_18_64_not_employed,dep_hour_share_escort_11,0.05317065339540857,0.02994127091,2.322938248540857,2458
group_adult_18_64_not_employed,dep_hour_share_escort_12,0.1086851822122331,0.08237514183,2.6310040382233097,2458
group_adult_18_64_not_employed,dep_hour_share_escort_13,0.07002729170011238,0.1218795239,-5.185223219988762,2458
group_adult_18_64_not_employed,dep_hour_share_escort_14,0.1370043345641355,0.1097958059,2.720852866413549,2458
group_adult_18_64_not_employed,dep_hour_share_escort_15,0.12506020227965967,0.1052953933,1.9764808979659667,2458
group_adult_18_64_not_employed,dep_hour_share_escort_16,0.05801894365066624,0.05488630946,0.3132634190666242,2458
group_adult_18_64_not_employed,dep_hour_share_escort_17,0.030341948948466847,0.02622364605,0.4118302898466847,2458
group_adult_18_64_not_employed,dep_hour_share_escort_18,0.019200513726119764,0.02439506307,-0.5194549343880237,2458
group_adult_18_64_not_employed,dep_hour_share_escort_19,0.01213677957938674,0.009488462721,0.26483168583867395,2458
group_adult_18_64_not_employed,dep_hour_share_escort_20,0.0016053941242575051,0.002935632825,-0.13302387007424948,2458
group_adult_18_64_not_employed,dep_hour_share_escort_21,0.012554182051693692,0.004073584622,0.8480597429693691,2458
group_adult_18_64_not_employed,dep_hour_share_escort_22,0.0016375020067426554,0.001313187094,0.032431491274265534,2458
group_adult_18_64_not_employed,dep_hour_share_escort_23,0.0007063734146733023,0.0,0.07063734146733022,2458
group_adult_18_64_not_employed,dep_hour_share_escort_4,9.632364745545032e-05,0.002527254833,-0.24309311855445498,2458
group_adult_18_64_not_employed,dep_hour_share_escort_5,0.00028897094236635096,0.002910451063,-0.26214801206336485,2458
group_adult_18_64_not_employed,dep_hour_share_escort_6,0.025911061165516135,0.01011858595,1.5792475215516133,2458
group_adult_18_64_not_employed,dep_hour_share_escort_7,0.17338256541981056,0.1922049728,-1.882240738018945,2458
group_adult_18_64_not_employed,dep_hour_share_escort_8,0.09436506662385616,0.1554195084,-6.105444177614383,2458
group_adult_18_64_not_employed,dep_hour_share_escort_9,0.034676513083962114,0.03165017702,0.30263360639621106,2458
group_adult_18_64_not_employed,dep_hour_share_home_10,0.04645869368024294,0.05875885036,-1.2300156679757062,2458
group_adult_18_64_not_employed,dep_hour_share_home_11,0.07895611608475923,0.09886921688,-1.9913100795240766,2458
group_adult_18_64_not_employed,dep_hour_share_home_12,0.0733389298612324,0.08167531352,-0.8336383658767599,2458
group_adult_18_64_not_employed,dep_hour_share_home_13,0.08163230811703129,0.08815433055,-0.6522022432968719,2458
group_adult_18_64_not_employed,dep_hour_share_home_14,0.08047168588829856,0.07535693733,0.5114748558298563,2458
group_adult_18_64_not_employed,dep_hour_share_home_15,0.07087119910305312,0.08284455605,-1.1973356946946887,2458
group_adult_18_64_not_employed,dep_hour_share_home_16,0.09223002856482863,0.07904487975,1.3185148814828629,2458
group_adult_18_64_not_employed,dep_hour_share_home_17,0.09419069135899849,0.07609807943,1.8092611928998483,2458
group_adult_18_64_not_employed,dep_hour_share_home_18,0.07351922069288021,0.06535722585,0.8161994842880202,2458
group_adult_18_64_not_employed,dep_hour_share_home_19,0.05120259618797573,0.05981198901,-0.8609392822024269,2458
group_adult_18_64_not_employed,dep_hour_share_home_20,0.05171529824047417,0.04948082623,0.22344720104741714,2458
group_adult_18_64_not_employed,dep_hour_share_home_21,0.03427779436703833,0.03149289842,0.2784895947038332,2458
group_adult_18_64_not_employed,dep_hour_share_home_22,0.037230056735271085,0.02045744262,1.6772614115271085,2458
group_adult_18_64_not_employed,dep_hour_share_home_23,0.021116563656748792,0.01406666096,0.7049902696748792,2458
group_adult_18_64_not_employed,dep_hour_share_home_4,3.380453093396285e-05,0.0007207696237,-0.06869650927660371,2458
group_adult_18_64_not_employed,dep_hour_share_home_5,0.0006253838222783127,0.001083878816,-0.04584949937216872,2458
group_adult_18_64_not_employed,dep_hour_share_home_6,0.001791640139500031,0.00448118994,-0.26895498004999685,2458
group_adult_18_64_not_employed,dep_hour_share_home_7,0.01179214720746404,0.01903584544,-0.7243698232535961,2458
group_adult_18_64_not_employed,dep_hour_share_home_8,0.03386650590734178,0.05152469849,-1.7658192582658216,2458
group_adult_18_64_not_employed,dep_hour_share_home_9,0.04219932278256362,0.03840941474,0.3789908042563621,2458
group_adult_18_64_not_employed,dep_hour_share_leisure_10,0.05083714656016082,0.07220772593,-2.1370579369839175,2458
group_adult_18_64_not_employed,dep_hour_share_leisure_11,0.05108842277885048,0.06435222932,-1.3263806541149517,2458
group_adult_18_64_not_employed,dep_hour_share_leisure_12,0.056510699076890526,0.0665997938,-1.0089094723109475,2458
group_adult_18_64_not_employed,dep_hour_share_leisure_13,0.04552067077525326,0.06675049416,-2.122982338474675,2458
group_adult_18_64_not_employed,dep_hour_share_leisure_14,0.05350860951675616,0.07659940437,-2.3090794853243843,2458
group_adult_18_64_not_employed,dep_hour_share_leisure_15,0.09067103975454281,0.08561827262,0.5052767134542807,2458
group_adult_18_64_not_employed,dep_hour_share_leisure_16,0.09798450022482609,0.08074362692,1.7240873304826085,2458
group_adult_18_64_not_employed,dep_hour_share_leisure_17,0.12171026529478668,0.08675544929,3.4954816004786684,2458
group_adult_18_64_not_employed,dep_hour_share_leisure_18,0.09244319834951199,0.09965420959,-0.7211011240488008,2458
group_adult_18_64_not_employed,dep_hour_share_leisure_19,0.05090327188086862,0.07285013599,-2.194686410913137,2458
group_adult_18_64_not_employed,dep_hour_share_leisure_20,0.026608829052820908,0.02791550979,-0.1306680737179093,2458
group_adult_18_64_not_employed,dep_hour_share_leisure_21,0.01981114608405851,0.02432616829,-0.451502220594149,2458
group_adult_18_64_not_employed,dep_hour_share_leisure_22,0.015235273891078371,0.008317417922,0.6917855969078371,2458
group_adult_18_64_not_employed,dep_hour_share_leisure_23,0.0010447800671833259,0.004043764719,-0.2998984651816674,2458
group_adult_18_64_not_employed,dep_hour_share_leisure_4,0.0002777263469727828,0.001102190702,-0.08244643550272172,2458
group_adult_18_64_not_employed,dep_hour_share_leisure_5,0.002605337635887534,0.0006184108952,0.19869267406875343,2458
group_adult_18_64_not_employed,dep_hour_share_leisure_6,0.03747983177718412,0.01134456071,2.6135271067184123,2458
group_adult_18_64_not_employed,dep_hour_share_leisure_7,0.05048006982833867,0.0275172567,2.2962813128338673,2458
group_adult_18_64_not_employed,dep_hour_share_leisure_8,0.05549236913799032,0.05853822623,-0.30458570920096767,2458
group_adult_18_64_not_employed,dep_hour_share_leisure_9,0.07445711111698891,0.06183067497,1.262643614698891,2458
group_adult_18_64_not_employed,dep_hour_share_other_10,0.11618057560881702,0.169113814,-5.293323839118298,2458
group_adult_18_64_not_employed,dep_hour_share_other_11,0.10278499695190425,0.1143691352,-1.1584138248095746,2458
group_adult_18_64_not_employed,dep_hour_share_other_12,0.07256072127570828,0.04959472062,2.2966000655708285,2458
group_adult_18_64_not_employed,dep_hour_share_other_13,0.06184425835017807,0.07178657393,-0.9942315579821926,2458
group_adult_18_64_not_employed,dep_hour_share_other_14,0.06272660185452562,0.08288238907,-2.0155787215474383,2458
group_adult_18_64_not_employed,dep_hour_share_other_15,0.07321846825167645,0.07550415151,-0.22856832583235537,2458
group_adult_18_64_not_employed,dep_hour_share_other_16,0.07179067603555042,0.05876633606,1.302433997555042,2458
group_adult_18_64_not_employed,dep_hour_share_other_17,0.04609041614528187,0.0424966405,0.35937756452818703,2458
group_adult_18_64_not_employed,dep_hour_share_other_18,0.02509064074181025,0.02198077364,0.310986710181025,2458
group_adult_18_64_not_employed,dep_hour_share_other_19,0.027256392979754226,0.002931821981,2.4324570998754225,2458
group_adult_18_64_not_employed,dep_hour_share_other_20,0.005855552347033721,0.004999646813,0.08559055340337214,2458
group_adult_18_64_not_employed,dep_hour_share_other_21,0.0041229505566785386,0.004451078693,-0.03281281363214615,2458
group_adult_18_64_not_employed,dep_hour_share_other_22,0.004090865338338627,0.0007994386029,0.32914267354386273,2458
group_adult_18_64_not_employed,dep_hour_share_other_23,0.0011069400327269228,0.0,0.11069400327269228,2458
group_adult_18_64_not_employed,dep_hour_share_other_4,0.005390316681105015,0.0,0.5390316681105015,2458
group_adult_18_64_not_employed,dep_hour_share_other_5,0.00676998106972118,0.003845782731,0.292419833872118,2458
group_adult_18_64_not_employed,dep_hour_share_other_6,0.016315333525844643,0.009534652237,0.6780681288844643,2458
group_adult_18_64_not_employed,dep_hour_share_other_7,0.06741104373215259,0.04545373943,2.195730430215259,2458
group_adult_18_64_not_employed,dep_hour_share_other_8,0.12814836204960375,0.1339107564,-0.5762394350396244,2458
group_adult_18_64_not_employed,dep_hour_share_other_9,0.09976898642795264,0.1075785486,-0.7809562172047368,2458
group_adult_18_64_not_employed,dep_hour_share_shop_10,0.15046375815870836,0.1202345015,3.022925665870836,2458
group_adult_18_64_not_employed,dep_hour_share_shop_11,0.10941257299896942,0.1652190213,-5.580644830103057,2458
group_adult_18_64_not_employed,dep_hour_share_shop_12,0.09320445957340495,0.0863704511,0.6834008473404957,2458
group_adult_18_64_not_employed,dep_hour_share_shop_13,0.06448892914025171,0.05878271788,0.5706211260251712,2458
group_adult_18_64_not_employed,dep_hour_share_shop_14,0.08263327191530558,0.07826749836,0.4365773555305569,2458
group_adult_18_64_not_employed,dep_hour_share_shop_15,0.11384716279941288,0.1005618988,1.328526399941289,2458
group_adult_18_64_not_employed,dep_hour_share_shop_16,0.05736860185503263,0.0588666186,-0.14980167449673634,2458
group_adult_18_64_not_employed,dep_hour_share_shop_17,0.060226101620811344,0.0587486294,0.1477472220811342,2458
group_adult_18_64_not_employed,dep_hour_share_shop_18,0.04003622622653883,0.04221981042,-0.2183584193461166,2458
group_adult_18_64_not_employed,dep_hour_share_shop_19,0.007057868273945223,0.01853843427,-1.148056599605478,2458
group_adult_18_64_not_employed,dep_hour_share_shop_20,0.0031541800693295026,0.002672043441,0.048213662832950276,2458
group_adult_18_64_not_employed,dep_hour_share_shop_21,0.0007651228881046813,0.00163816871,-0.08730458218953187,2458
group_adult_18_64_not_employed,dep_hour_share_shop_22,0.00031229505636925765,0.0,0.031229505636925767,2458
group_adult_18_64_not_employed,dep_hour_share_shop_23,0.0002029917866400175,0.001342087657,-0.11390958703599825,2458
group_adult_18_64_not_employed,dep_hour_share_shop_4,3.1229505636925764e-05,0.0,0.0031229505636925763,2458
group_adult_18_64_not_employed,dep_hour_share_shop_5,0.0006089753599200525,0.0,0.06089753599200525,2458
group_adult_18_64_not_employed,dep_hour_share_shop_6,0.006729958464757503,0.005357562722,0.13723957427575023,2458
group_adult_18_64_not_employed,dep_hour_share_shop_7,0.03469598076262453,0.02150480753,1.3191173232624527,2458
group_adult_18_64_not_employed,dep_hour_share_shop_8,0.05658786421410949,0.07514757999,-1.8559715775890515,2458
group_adult_18_64_not_employed,dep_hour_share_shop_9,0.11609568720527154,0.1045281684,1.1567518805271542,2458
group_adult_18_64_not_employed,dep_hour_share_work_10,0.05699481865284974,0.1156049399,-5.8610121247150255,2458
group_adult_18_64_not_employed,dep_hour_share_work_11,0.02082698364319821,0.04138451413,-2.055753048680179,2458
group_adult_18_64_not_employed,dep_hour_share_work_12,0.02885299197399167,0.06788198585,-3.9028993876008333,2458
group_adult_18_64_not_employed,dep_hour_share_work_13,0.06176978563446104,0.05454518513,0.7224600504461041,2458
group_adult_18_64_not_employed,dep_hour_share_work_14,0.033119983744793254,0.05586649894,-2.274651519520675,2458
group_adult_18_64_not_employed,dep_hour_share_work_15,0.06817027329066341,0.01400574415,5.416452914066341,2458
group_adult_18_64_not_employed,dep_hour_share_work_16,0.02285888448643706,0.04361929056,-2.076040607356294,2458
group_adult_18_64_not_employed,dep_hour_share_work_17,0.027430661383724474,0.02839936065,-0.09686992662755259,2458
group_adult_18_64_not_employed,dep_hour_share_work_18,0.00934674387889871,0.008185955305,0.11607885738987109,2458
group_adult_18_64_not_employed,dep_hour_share_work_19,0.007416438077821802,0.0,0.7416438077821802,2458
group_adult_18_64_not_employed,dep_hour_share_work_20,0.001828710758914965,0.004766420493,-0.29377097340850344,2458
group_adult_18_64_not_employed,dep_hour_share_work_21,0.0012191405059433099,0.0,0.12191405059433098,2458
group_adult_18_64_not_employed,dep_hour_share_work_22,0.0005079752108097125,0.0,0.05079752108097125,2458
group_adult_18_64_not_employed,dep_hour_share_work_23,0.0005079752108097125,0.0,0.05079752108097125,2458
group_adult_18_64_not_employed,dep_hour_share_work_4,0.01828710758914965,0.0009097479648,1.737735962434965,2458
group_adult_18_64_not_employed,dep_hour_share_work_5,0.05557248806258255,0.01088578717,4.4686700892582545,2458
group_adult_18_64_not_employed,dep_hour_share_work_6,0.12597785228080868,0.1458054349,-1.982758261919132,2458
group_adult_18_64_not_employed,dep_hour_share_work_7,0.22696332418977955,0.2187024695,0.8260854689779551,2458
group_adult_18_64_not_employed,dep_hour_share_work_8,0.15818348064614446,0.1299270716,2.825640904614446,2458
group_adult_18_64_not_employed,dep_hour_share_work_9,0.06999898404957838,0.05950959379,1.0489390259578382,2458
group_adult_18_64_not_employed,mean_work_activity_h,4.859067357512953,4.550975078,0.3080922795129535,2458
group_adult_18_64_not_employed,mobility_rate,0.7904522178050356,0.7725866508,1.786556700503561,2458
group_adult_18_64_not_employed,n_persons_unweighted,150171.0,2458.0,147713.0,2458
group_adult_18_64_not_employed,n_persons_weighted,150171.0,114171.9157,35999.0843,2458
group_adult_18_64_not_employed,n_work_activities_measured,9843.0,282.0,9561.0,2458
group_adult_18_64_not_employed,nonhome_acts_per_mobile,2.20778750326445,2.351816276,-0.14402877273555026,2458
group_adult_18_64_not_employed,participation_education,0.09820804283117246,0.1687395279,-7.053148506882753,2458
group_adult_18_64_not_employed,participation_escort,0.11341737086388184,0.1077951983,0.5622172563881839,2458
group_adult_18_64_not_employed,participation_home,0.7904522178050356,0.7616349267,2.8817291105035614,2458
group_adult_18_64_not_employed,participation_leisure,0.38653268607121216,0.4341548031,-4.7622117028787825,2458
group_adult_18_64_not_employed,participation_other,0.3023220195643633,0.1849410291,11.738099046436329,2458
group_adult_18_64_not_employed,participation_shop,0.3289183663956423,0.3284070753,0.05112910956422967,2458
group_adult_18_64_not_employed,participation_work,0.0537653741401469,0.09390505204,-4.013967789985311,2458
group_adult_18_64_not_employed,purpose_share_education,0.04343642080070616,0.06888109971,-2.5444678909293845,2458
group_adult_18_64_not_employed,purpose_share_escort,0.07085462346608669,0.0636393294,0.7215294066086688,2458
group_adult_18_64_not_employed,purpose_share_home,0.4037905915434,0.4195905085,-1.579991695659999,2458
group_adult_18_64_not_employed,purpose_share_leisure,0.1720212393246004,0.1988405727,-2.6819333375399603,2458
group_adult_18_64_not_employed,purpose_share_other,0.14180934657681965,0.07581979676,6.598954981681965,2458
group_adult_18_64_not_employed,purpose_share_shop,0.14569503278263363,0.1351689761,1.0526056682633622,2458
group_adult_18_64_not_employed,purpose_share_work,0.022392745505753455,0.03805971687,-1.5666971364246547,2458
group_adult_18_64_not_employed,share_mobile_first_from_home,1.0,0.969633563,3.036643699999997,2458
group_adult_18_64_not_employed,share_mobile_last_to_home,1.0,0.9743842709,2.5615729099999984,2458
group_adult_18_64_not_employed,share_mobile_odd_trip_count,0.30610852295224217,0.273401065,3.270745795224217,2458
group_adult_18_64_not_employed,share_trips_0,0.2095477821949644,0.2274133492,-1.786556700503561,2458
group_adult_18_64_not_employed,share_trips_1,0.0003729082179648534,0.00740360456,-0.7030696342035146,2458
group_adult_18_64_not_employed,share_trips_2,0.3145946953805995,0.253900627,6.069406838059948,2458
group_adult_18_64_not_employed,share_trips_3,0.10677161369372248,0.08350366776,2.3267945933722487,2458
group_adult_18_64_not_employed,share_trips_4,0.14619999866818495,0.1850429343,-3.884293563181504,2458
group_adult_18_64_not_employed,share_trips_5,0.09048351545904336,0.06478906281,2.5694452649043353,2458
group_adult_18_64_not_employed,share_trips_6,0.06271517137130338,0.08560119518,-2.288602380869663,2458
group_adult_18_64_not_employed,share_trips_7,0.028753887235218517,0.03301947805,-0.42655908147814847,2458
group_adult_18_64_not_employed,share_trips_8plus,0.040560427778998605,0.05932608114,-1.8765653361001395,2458
group_adult_18_64_not_employed,share_trips_followed_by_same_purpose,0.10587129915688799,0.05395199633,5.191930282688799,2458
group_adult_18_64_not_employed,share_trips_home_based,0.7892197232699824,0.8372229323,-4.800320903001765,2458
group_adult_18_64_not_employed,share_trips_unknown_purpose,0.0,0.0009352632633,-0.09352632632999999,2458
group_adult_18_64_not_employed,share_work_activities_lt_2h,0.1915066544752616,0.2523094996,-6.080284512473838,2458
group_adult_18_64_not_employed,tours_per_mobile,1.495252857973261,1.697440792,-0.20218793402673918,2458
group_adult_18_64_not_employed,trips_per_mobile_person,3.703040361237711,4.049257068,-0.3462167067622892,2458
group_adult_18_64_not_employed,trips_per_person,2.9270764661619086,3.128401956,-0.20132548983809118,2458
group_adult_18_64_not_employed,trips_per_person_education,0.12714172510005262,0.2152862293,-0.08814450419994738,2458
group_adult_18_64_not_employed,trips_per_person_escort,0.2073969008663457,0.1989032015,0.008493699366345725,2458
group_adult_18_64_not_employed,trips_per_person_home,1.1819259377642821,1.311420096,-0.12949415823571786,2458
group_adult_18_64_not_employed,trips_per_person_leisure,0.5035193213070434,0.6214714529,-0.1179521315929567,2458
group_adult_18_64_not_employed,trips_per_person_other,0.4150868010468066,0.2369729609,0.17811384014680662,2458
group_adult_18_64_not_employed,trips_per_person_shop,0.42646050169473465,0.422467401,0.00399310069473463,2458
group_adult_18_64_not_employed,trips_per_person_work,0.06554527838264379,0.1189547346,-0.05340945621735621,2458
group_child_0_5,dep_hour_share_all_10,0.025058780560184447,0.03927904023,-1.4220259669815554,1081
group_child_0_5,dep_hour_share_all_11,0.029110644417558836,0.04226813044,-1.3157486022441167,1081
group_child_0_5,dep_hour_share_all_12,0.05064259136667656,0.03748043204,1.3162159326676561,1081
group_child_0_5,dep_hour_share_all_13,0.06690711530120758,0.05527771632,1.1629398981207573,1081
group_child_0_5,dep_hour_share_all_14,0.08830780468874837,0.1203613924,-3.2053587711251637,1081
group_child_0_5,dep_hour_share_all_15,0.12481452735864132,0.1388659157,-1.4051388341358688,1081
group_child_0_5,dep_hour_share_all_16,0.11676216129842262,0.1040704872,1.2691674098422618,1081
group_child_0_5,dep_hour_share_all_17,0.0799358550003424,0.0875289599,-0.7593104899657588,1081
group_child_0_5,dep_hour_share_all_18,0.05960805350743032,0.04142940511,1.8178648397430324,1081
group_child_0_5,dep_hour_share_all_19,0.026605337046590728,0.008109154422,1.8496182624590727,1081
group_child_0_5,dep_hour_share_all_20,0.009815782865752049,0.004198027095,0.5617755770752049,1081
group_child_0_5,dep_hour_share_all_21,0.005204647659049924,0.001025825513,0.41788221460499236,1081
group_child_0_5,dep_hour_share_all_22,0.0034640582555299382,0.0,0.3464058255529938,1081
group_child_0_5,dep_hour_share_all_23,0.0011813180541922525,0.0,0.11813180541922524,1081
group_child_0_5,dep_hour_share_all_4,0.00027392882416052227,0.0,0.027392882416052228,1081
group_child_0_5,dep_hour_share_all_5,0.0018204853105668044,0.0,0.18204853105668045,1081
group_child_0_5,dep_hour_share_all_6,0.033345127491040245,0.004651560907,2.8693566584040244,1081
group_child_0_5,dep_hour_share_all_7,0.1419122514666606,0.1546271582,-1.2714906733339415,1081
group_child_0_5,dep_hour_share_all_8,0.09745588604560915,0.1249925596,-2.753667355439085,1081
group_child_0_5,dep_hour_share_all_9,0.0369404433081471,0.03583423487,0.11062084381470993,1081
group_child_0_5,dep_hour_share_education_10,0.021964998222257337,0.01012151758,1.1843480642257338,1081
group_child_0_5,dep_hour_share_education_11,0.016967566072768933,0.003528773684,1.3438792388768934,1081
group_child_0_5,dep_hour_share_education_12,0.021411922727452296,0.002992244809,1.8419677918452295,1081
group_child_0_5,dep_hour_share_education_13,0.040078220677122425,0.003951932875,3.6126287802122423,1081
group_child_0_5,dep_hour_share_education_14,0.0532927744637143,0.005629101725,4.766367273871429,1081
group_child_0_5,dep_hour_share_education_15,0.05354955951487378,0.01484007092,3.8709488594873775,1081
group_child_0_5,dep_hour_share_education_16,0.022893374945680084,0.003396129473,1.9497245472680083,1081
group_child_0_5,dep_hour_share_education_17,0.014320704776201952,0.0,1.4320704776201951,1081
group_child_0_5,dep_hour_share_education_18,0.007170228736222494,0.0,0.7170228736222495,1081
group_child_0_5,dep_hour_share_education_19,0.004128313514794769,0.0,0.4128313514794769,1081
group_child_0_5,dep_hour_share_education_20,0.00037530122861770634,0.0,0.03753012286177063,1081
group_child_0_5,dep_hour_share_education_21,1.9752696243037175e-05,0.0,0.0019752696243037176,1081
group_child_0_5,dep_hour_share_education_22,1.9752696243037175e-05,0.0,0.0019752696243037176,1081
group_child_0_5,dep_hour_share_education_23,1.9752696243037175e-05,0.0,0.0019752696243037176,1081
group_child_0_5,dep_hour_share_education_4,0.0008691186346936356,0.0,0.08691186346936357,1081
group_child_0_5,dep_hour_share_education_5,0.006202346620313673,0.0,0.6202346620313672,1081
group_child_0_5,dep_hour_share_education_6,0.08001817248054359,0.01423413437,6.5784038110543595,1081
group_child_0_5,dep_hour_share_education_7,0.3606644807016158,0.5557846062,-19.512012549838424,1081
group_child_0_5,dep_hour_share_education_8,0.2591356220124047,0.3598748049,-10.07391828875953,1081
group_child_0_5,dep_hour_share_education_9,0.036819025797021294,0.02564668343,1.1172342367021293,1081
group_child_0_5,dep_hour_share_escort_10,0.001430615164520744,0.007567602011,-0.6136986846479257,1081
group_child_0_5,dep_hour_share_escort_11,0.020147830233667143,0.0223770094,-0.22291791663328586,1081
group_child_0_5,dep_hour_share_escort_12,0.03457319980925131,0.03126627875,0.330692105925131,1081
group_child_0_5,dep_hour_share_escort_13,0.04148783977110158,0.1163807025,-7.489286272889842,1081
group_child_0_5,dep_hour_share_escort_14,0.030400572246065807,0.08807880457,-5.767823232393419,1081
group_child_0_5,dep_hour_share_escort_15,0.05329041487839771,0.1710638512,-11.77734363216023,1081
group_child_0_5,dep_hour_share_escort_16,0.10467334287076777,0.05859278952,4.608055335076776,1081
group_child_0_5,dep_hour_share_escort_17,0.0026227944682880307,0.04664377303,-4.402097856171197,1081
group_child_0_5,dep_hour_share_escort_18,0.003218884120171674,0.009686457866,-0.6467573745828326,1081
group_child_0_5,dep_hour_share_escort_19,0.0004768717215069146,0.004172965036,-0.36960933144930846,1081
group_child_0_5,dep_hour_share_escort_20,0.0005960896518836433,0.0,0.059608965188364324,1081
group_child_0_5,dep_hour_share_escort_21,0.0004768717215069146,0.0,0.04768717215069146,1081
group_child_0_5,dep_hour_share_escort_22,0.00011921793037672866,0.0,0.011921793037672865,1081
group_child_0_5,dep_hour_share_escort_23,0.00011921793037672866,0.0,0.011921793037672865,1081
group_child_0_5,dep_hour_share_escort_4,0.0,0.0,0.0,1081
group_child_0_5,dep_hour_share_escort_5,0.0,0.0,0.0,1081
group_child_0_5,dep_hour_share_escort_6,0.07939914163090128,0.01247177688,6.692736475090127,1081
group_child_0_5,dep_hour_share_escort_7,0.47365283738674296,0.2677369862,20.591585118674296,1081
group_child_0_5,dep_hour_share_escort_8,0.12792083929422984,0.163961003,-3.604016370577015,1081
group_child_0_5,dep_hour_share_escort_9,0.025393419170243205,0.0,2.5393419170243203,1081
group_child_0_5,dep_hour_share_home_10,0.0200878758753261,0.03036516751,-1.0277291634673897,1081
group_child_0_5,dep_hour_share_home_11,0.03056432788685981,0.06912766921,-3.8563341323140197,1081
group_child_0_5,dep_hour_share_home_12,0.0779211863243169,0.06231455668,1.5606629644316896,1081
group_child_0_5,dep_hour_share_home_13,0.09513936564602499,0.08337989217,1.175947347602499,1081
group_child_0_5,dep_hour_share_home_14,0.1185088562405602,0.1755057383,-5.699688205943978,1081
group_child_0_5,dep_hour_share_home_15,0.15407112453659205,0.1502221188,0.3849005736592054,1081
group_child_0_5,dep_hour_share_home_16,0.1430317176987505,0.1144395176,2.8592200098750506,1081
group_child_0_5,dep_hour_share_home_17,0.12227104215295895,0.1461544406,-2.388339844704104,1081
group_child_0_5,dep_hour_share_home_18,0.11098448441576274,0.08334545138,2.7639033035762735,1081
group_child_0_5,dep_hour_share_home_19,0.047892352052725524,0.0140982489,3.3794103152725525,1081
group_child_0_5,dep_hour_share_home_20,0.019621035287656186,0.009415860686,1.0205174601656186,1081
group_child_0_5,dep_hour_share_home_21,0.01228889194013456,0.002372423523,0.9916468417134561,1081
group_child_0_5,dep_hour_share_home_22,0.008210902100782645,0.0,0.8210902100782645,1081
group_child_0_5,dep_hour_share_home_23,0.002718659892901277,0.0,0.2718659892901277,1081
group_child_0_5,dep_hour_share_home_4,0.0,0.0,0.0,1081
group_child_0_5,dep_hour_share_home_5,1.3730605519703418e-05,0.0,0.0013730605519703418,1081
group_child_0_5,dep_hour_share_home_6,0.00010984484415762735,0.0005671905054,-0.045734566124237264,1081
group_child_0_5,dep_hour_share_home_7,0.0007826445146230949,0.006578514549,-0.5795870034376904,1081
group_child_0_5,dep_hour_share_home_8,0.012385006178772483,0.03081316199,-1.8428155811227518,1081
group_child_0_5,dep_hour_share_home_9,0.021584511876973776,0.02130004765,0.028446422697377474,1081
group_child_0_5,dep_hour_share_leisure_10,0.030463164438918246,0.08134889579,-5.088573135108175,1081
group_child_0_5,dep_hour_share_leisure_11,0.011190550202051602,0.02061085804,-0.9420307837948397,1081
group_child_0_5,dep_hour_share_leisure_12,0.03148452417958169,0.02430667608,0.7177848099581691,1081
group_child_0_5,dep_hour_share_leisure_13,0.07691282916648164,0.04430382513,3.2609004036481632,1081
group_child_0_5,dep_hour_share_leisure_14,0.11061770060837516,0.1588733201,-4.825561949162484,1081
group_child_0_5,dep_hour_share_leisure_15,0.24850126559793953,0.2605382913,-1.203702570206047,1081
group_child_0_5,dep_hour_share_leisure_16,0.22181269150495136,0.2068195166,1.499317490495136,1081
group_child_0_5,dep_hour_share_leisure_17,0.10120342821617301,0.05597247131,4.523095690617301,1081
group_child_0_5,dep_hour_share_leisure_18,0.05906123717749456,0.0167333378,4.232789937749456,1081
group_child_0_5,dep_hour_share_leisure_19,0.021581775389670946,0.00559432099,1.5987454399670948,1081
group_child_0_5,dep_hour_share_leisure_20,0.009947155735156978,0.0008138555409,0.9133300194256977,1081
group_child_0_5,dep_hour_share_leisure_21,0.00013322083573870952,0.0,0.013322083573870953,1081
group_child_0_5,dep_hour_share_leisure_22,4.440694524623651e-05,0.0,0.004440694524623651,1081
group_child_0_5,dep_hour_share_leisure_23,0.00022203472623118255,0.0,0.022203472623118257,1081
group_child_0_5,dep_hour_share_leisure_4,0.0,0.0,0.0,1081
group_child_0_5,dep_hour_share_leisure_5,4.440694524623651e-05,0.0,0.004440694524623651,1081
group_child_0_5,dep_hour_share_leisure_6,0.00026644167147741904,0.001575982468,-0.13095407965225808,1081
group_child_0_5,dep_hour_share_leisure_7,0.0015986500288645144,0.005751872642,-0.4153222613135486,1081
group_child_0_5,dep_hour_share_leisure_8,0.03774590345930103,0.03813793091,-0.03920274506989674,1081
group_child_0_5,dep_hour_share_leisure_9,0.036990985390115014,0.07861884525,-4.162785985988498,1081
group_child_0_5,dep_hour_share_other_10,0.035077770576798444,0.08878535176,-5.370758118320156,1081
group_child_0_5,dep_hour_share_other_11,0.08441348023331173,0.03749729285,4.691618738331173,1081
group_child_0_5,dep_hour_share_other_12,0.06659105638366818,0.01596237387,5.062868251366817,1081
group_child_0_5,dep_hour_share_other_13,0.04334089436163318,0.02291171688,2.042917748163318,1081
group_child_0_5,dep_hour_share_other_14,0.06845430978613092,0.2023591065,-13.390479671386906,1081
group_child_0_5,dep_hour_share_other_15,0.08749189889825017,0.1510125408,-6.352064190174985,1081
group_child_0_5,dep_hour_share_other_16,0.17960142579390798,0.1092854049,7.031602089390798,1081
group_child_0_5,dep_hour_share_other_17,0.12435191186001296,0.07842442186,4.592749000001296,1081
group_child_0_5,dep_hour_share_other_18,0.03272845106934543,0.0,3.2728451069345432,1081
group_child_0_5,dep_hour_share_other_19,0.038480233311730394,0.0,3.8480233311730396,1081
group_child_0_5,dep_hour_share_other_20,0.0034834737524303307,0.0,0.34834737524303305,1081
group_child_0_5,dep_hour_share_other_21,0.000729099157485418,0.0,0.0729099157485418,1081
group_child_0_5,dep_hour_share_other_22,0.0004860661049902787,0.0,0.04860661049902787,1081
group_child_0_5,dep_hour_share_other_23,0.00016202203499675956,0.0,0.016202203499675955,1081
group_child_0_5,dep_hour_share_other_4,0.0003240440699935191,0.0,0.03240440699935191,1081
group_child_0_5,dep_hour_share_other_5,0.00024303305249513934,0.0,0.024303305249513935,1081
group_child_0_5,dep_hour_share_other_6,0.027624756966947505,0.0,2.7624756966947506,1081
group_child_0_5,dep_hour_share_other_7,0.057355800388852886,0.03019949616,2.7156304228852886,1081
group_child_0_5,dep_hour_share_other_8,0.0508749189889825,0.1501003408,-9.92254218110175,1081
group_child_0_5,dep_hour_share_other_9,0.09769928710304601,0.1134619536,-1.5762666496953988,1081
group_child_0_5,dep_hour_share_shop_10,0.08509316770186336,0.0995957711,-1.4502603398136638,1081
group_child_0_5,dep_hour_share_shop_11,0.06869565217391305,0.07551405828,-0.6818406106086958,1081
group_child_0_5,dep_hour_share_shop_12,0.036521739130434785,0.04665381932,-1.0132080189565214,1081
group_child_0_5,dep_hour_share_shop_13,0.01875776397515528,0.03537792038,-1.6620156404844717,1081
group_child_0_5,dep_hour_share_shop_14,0.06881987577639752,0.05718852869,1.163134708639752,1081
group_child_0_5,dep_hour_share_shop_15,0.10049689440993789,0.1708411791,-7.03442846900621,1081
group_child_0_5,dep_hour_share_shop_16,0.09826086956521739,0.187467588,-8.92067184347826,1081
group_child_0_5,dep_hour_share_shop_17,0.06720496894409939,0.1315901505,-6.438518155590062,1081
group_child_0_5,dep_hour_share_shop_18,0.029565217391304348,0.03048643737,-0.09212199786956532,1081
group_child_0_5,dep_hour_share_shop_19,0.0,0.01229764952,-1.229764952,1081
group_child_0_5,dep_hour_share_shop_20,0.0,0.0,0.0,1081
group_child_0_5,dep_hour_share_shop_21,0.0,0.0,0.0,1081
group_child_0_5,dep_hour_share_shop_22,0.0,0.0,0.0,1081
group_child_0_5,dep_hour_share_shop_23,0.0,0.0,0.0,1081
group_child_0_5,dep_hour_share_shop_4,0.0,0.0,0.0,1081
group_child_0_5,dep_hour_share_shop_5,0.0,0.0,0.0,1081
group_child_0_5,dep_hour_share_shop_6,0.09465838509316771,0.0,9.465838509316772,1081
group_child_0_5,dep_hour_share_shop_7,0.18956521739130436,0.03201851834,15.754669905130436,1081
group_child_0_5,dep_hour_share_shop_8,0.0506832298136646,0.0674913207,-1.6808090886335398,1081
group_child_0_5,dep_hour_share_shop_9,0.09167701863354037,0.05347705871,3.8199959923540376,1081
group_child_0_5,dep_hour_share_work_10,0.0,,,1081
group_child_0_5,dep_hour_share_work_11,0.0,,,1081
group_child_0_5,dep_hour_share_work_12,0.0,,,1081
group_child_0_5,dep_hour_share_work_13,0.0,,,1081
group_child_0_5,dep_hour_share_work_14,0.0,,,1081
group_child_0_5,dep_hour_share_work_15,0.014861995753715499,,,1081
group_child_0_5,dep_hour_share_work_16,0.006369426751592357,,,1081
group_child_0_5,dep_hour_share_work_17,0.0,,,1081
group_child_0_5,dep_hour_share_work_18,0.0,,,1081
group_child_0_5,dep_hour_share_work_19,0.0,,,1081
group_child_0_5,dep_hour_share_work_20,0.0,,,1081
group_child_0_5,dep_hour_share_work_21,0.0,,,1081
group_child_0_5,dep_hour_share_work_22,0.0,,,1081
group_child_0_5,dep_hour_share_work_23,0.0,,,1081
group_child_0_5,dep_hour_share_work_4,0.0,,,1081
group_child_0_5,dep_hour_share_work_5,0.0,,,1081
group_child_0_5,dep_hour_share_work_6,0.01910828025477707,,,1081
group_child_0_5,dep_hour_share_work_7,0.6539278131634819,,,1081
group_child_0_5,dep_hour_share_work_8,0.2059447983014862,,,1081
group_child_0_5,dep_hour_share_work_9,0.09978768577494693,,,1081
group_child_0_5,mean_work_activity_h,4.475619249823072,,,1081
group_child_0_5,mobility_rate,0.9106995293356807,0.894369307,1.633022233568071,1081
group_child_0_5,n_persons_unweighted,55666.0,1081.0,54585.0,1081
group_child_0_5,n_persons_weighted,55666.0,41866.19746,13799.802539999997,1081
group_child_0_5,n_work_activities_measured,471.0,0.0,471.0,1081
group_child_0_5,nonhome_acts_per_mobile,2.0198836177137784,1.849759997,0.1701236207137784,1081
group_child_0_5,participation_education,0.6861998347285596,0.6558256021,3.037423262855965,1081
group_child_0_5,participation_escort,0.12707936621995472,0.131683716,-0.4604349780045286,1081
group_child_0_5,participation_home,0.9106995293356807,0.8872372133,2.346231603568061,1081
group_child_0_5,participation_leisure,0.3514533108180936,0.3698573999,-1.8404089081906383,1081
group_child_0_5,participation_other,0.17488233392016672,0.1063940398,6.848829412016672,1081
group_child_0_5,participation_shop,0.11908525850608989,0.1736667987,-5.458154019391012,1081
group_child_0_5,participation_work,0.008461179175798512,0.0,0.8461179175798512,1081
group_child_0_5,purpose_share_education,0.2889150135823042,0.2316162448,5.729876878230419,1081
group_child_0_5,purpose_share_escort,0.04786906202205127,0.06858371484,-2.0714652817948735,1081
group_child_0_5,purpose_share_home,0.41562992215855915,0.4336017334,-1.7971811241440871,1081
group_child_0_5,purpose_share_leisure,0.12851256648480835,0.1552869692,-2.677440271519166,1081
group_child_0_5,purpose_share_other,0.07044536261328098,0.0414726107,2.897275191328098,1081
group_child_0_5,purpose_share_shop,0.04594014655192093,0.06943872705,-2.349858049807907,1081
group_child_0_5,purpose_share_work,0.002687926587075125,0.0,0.26879265870751246,1081
group_child_0_5,share_mobile_first_from_home,1.0,0.981573838,1.8426162000000024,1081
group_child_0_5,share_mobile_last_to_home,1.0,0.9913895519,0.8610448100000001,1081
group_child_0_5,share_mobile_odd_trip_count,0.21509024558634973,0.2665506923,-5.146044671365027,1081
group_child_0_5,share_trips_0,0.08930047066431933,0.105630693,-1.6330222335680669,1081
group_child_0_5,share_trips_1,0.0,0.0007377866275,-0.07377866275,1081
group_child_0_5,share_trips_2,0.35903423993101713,0.384519259,-2.548501906898287,1081
group_child_0_5,share_trips_3,0.11225882944705924,0.160445454,-4.818662455294074,1081
group_child_0_5,share_trips_4,0.27535659109689936,0.20986863,6.5487961096899365,1081
group_child_0_5,share_trips_5,0.07367154097653864,0.05693658983,1.6734951146538632,1081
group_child_0_5,share_trips_6,0.05464736104624007,0.05262935205,0.20180089962400713,1081
group_child_0_5,share_trips_7,0.008856393489742391,0.0172978903,-0.8441496810257609,1081
group_child_0_5,share_trips_8plus,0.02687457334818381,0.01193434526,1.4940228088183811,1081
group_child_0_5,share_trips_followed_by_same_purpose,0.08498641769580204,0.019392394,6.559402369580203,1081
group_child_0_5,share_trips_home_based,0.8133859885406441,0.8641978859,-5.081189735935587,1081
group_child_0_5,share_trips_unknown_purpose,0.0,0.0,0.0,1081
group_child_0_5,share_work_activities_lt_2h,0.021231422505307854,,,1081
group_child_0_5,tours_per_mobile,1.436630831442943,1.416069201,0.020561630442943013,1081
group_child_0_5,trips_per_mobile_person,3.4565144491567215,3.265829198,0.1906852511567214,1081
group_child_0_5,trips_per_person,3.1478460819890057,2.920857397,0.22698868498900593,1081
group_child_0_5,trips_per_person_education,0.9094599935328567,0.6765180219,0.23294197163285668,1081
group_child_0_5,trips_per_person_escort,0.15068443933460282,0.2003232508,-0.04963881146539717,1081
group_child_0_5,trips_per_person_home,1.308339022024216,1.26648883,0.041850192024216026,1081
group_child_0_5,trips_per_person_leisure,0.40453777889555564,0.4535710926,-0.04903331370444436,1081
group_child_0_5,trips_per_person_other,0.22175115869651132,0.1211355817,0.10061557699651133,1081
group_child_0_5,trips_per_person_shop,0.144612510329465,0.2028206195,-0.05820810917053498,1081
group_child_0_5,trips_per_person_work,0.008461179175798512,0.0,0.008461179175798512,1081
group_employed,dep_hour_share_all_10,0.027973035162396125,0.02592923519,0.20437999723961242,8306
group_employed,dep_hour_share_all_11,0.03612181918547736,0.03096329512,0.5158524065477361,8306
group_employed,dep_hour_share_all_12,0.05242684686070118,0.05176068484,0.06661620207011817,8306
group_employed,dep_hour_share_all_13,0.05829872256721413,0.05697384996,0.1324872607214124,8306
group_employed,dep_hour_share_all_14,0.06756645094949601,0.06543240342,0.21340475294960165,8306
group_employed,dep_hour_share_all_15,0.08379516088124615,0.08720226044,-0.34070995587538455,8306
group_employed,dep_hour_share_all_16,0.09511199198491549,0.1065729949,-1.1461002915084506,8306
group_employed,dep_hour_share_all_17,0.08363793485333795,0.1001713914,-1.653345654666205,8306
group_employed,dep_hour_share_all_18,0.0683956174105447,0.07205410905,-0.3658491639455294,8306
group_employed,dep_hour_share_all_19,0.047439797924386906,0.04682607316,0.0613724764386904,8306
group_employed,dep_hour_share_all_20,0.03617346277128663,0.03089915527,0.5274307501286629,8306
group_employed,dep_hour_share_all_21,0.02418870795781752,0.02160270317,0.2586004787817519,8306
group_employed,dep_hour_share_all_22,0.0176489085415048,0.01633290756,0.13160009815048024,8306
group_employed,dep_hour_share_all_23,0.00963841456486836,0.00420055902,0.543785554486836,8306
group_employed,dep_hour_share_all_4,0.007333963002535126,0.00478671467,0.25472483325351264,8306
group_employed,dep_hour_share_all_5,0.028476847032846468,0.02437039015,0.41064568828464676,8306
group_employed,dep_hour_share_all_6,0.06314059564564237,0.0538363916,0.9304204045642368,8306
group_employed,dep_hour_share_all_7,0.08797255315559524,0.1070187117,-1.9046158544404765,8306
group_employed,dep_hour_share_all_8,0.054617682534254045,0.06174700577,-0.7129323235745957,8306
group_employed,dep_hour_share_all_9,0.03560251423928424,0.02828818893,0.7314325309284241,8306
group_employed,dep_hour_share_education_10,0.016678994082840237,0.002976115898,1.3702878184840237,8306
group_employed,dep_hour_share_education_11,0.07577662721893491,0.01330812501,6.246850220893491,8306
group_employed,dep_hour_share_education_12,0.0125,0.02065473438,-0.815473438,8306
group_employed,dep_hour_share_education_13,0.02503698224852071,0.0437653951,-1.872841285147929,8306
group_employed,dep_hour_share_education_14,0.01882396449704142,0.03487658391,-1.6052619412958582,8306
group_employed,dep_hour_share_education_15,0.027514792899408284,0.06818323563,-4.066844273059172,8306
group_employed,dep_hour_share_education_16,0.015791420118343197,0.05012441712,-3.4332997001656804,8306
group_employed,dep_hour_share_education_17,0.005214497041420118,0.1093696168,-10.415511975857989,8306
group_employed,dep_hour_share_education_18,0.014238165680473373,0.02728370963,-1.3045543949526628,8306
group_employed,dep_hour_share_education_19,0.010835798816568046,0.02723191191,-1.6396113093431954,8306
group_employed,dep_hour_share_education_20,0.0022928994082840235,0.0,0.22928994082840234,8306
group_employed,dep_hour_share_education_21,0.0016272189349112425,0.007321444745,-0.5694225810088758,8306
group_employed,dep_hour_share_education_22,0.0008875739644970414,0.0,0.08875739644970414,8306
group_employed,dep_hour_share_education_23,0.000591715976331361,0.0,0.0591715976331361,8306
group_employed,dep_hour_share_education_4,0.002477810650887574,0.0,0.24778106508875739,8306
group_employed,dep_hour_share_education_5,0.004659763313609467,0.004588499629,0.0071263684609467436,8306
group_employed,dep_hour_share_education_6,0.1915310650887574,0.1021727155,8.93583495887574,8306
group_employed,dep_hour_share_education_7,0.4555843195266272,0.3332397403,12.234457922662722,8306
group_employed,dep_hour_share_education_8,0.09034763313609467,0.1156759427,-2.532830956390533,8306
group_employed,dep_hour_share_education_9,0.02659023668639053,0.03922781172,-1.2637575033609467,8306
group_employed,dep_hour_share_escort_10,0.007428220779640215,0.00725036691,0.017785386964021526,8306
group_employed,dep_hour_share_escort_11,0.02668776711989579,0.0187161245,0.7971642619895789,8306
group_employed,dep_hour_share_escort_12,0.04544133320414689,0.0361150772,0.9326256004146889,8306
group_employed,dep_hour_share_escort_13,0.07227981784710784,0.07239290238,-0.011308453289216036,8306
group_employed,dep_hour_share_escort_14,0.14757398615551895,0.1229300282,2.464395795551895,8306
group_employed,dep_hour_share_escort_15,0.12135990267954225,0.1365416272,-1.518172452045774,8306
group_employed,dep_hour_share_escort_16,0.08760994305030735,0.05783566196,2.9774281090307353,8306
group_employed,dep_hour_share_escort_17,0.06461475524550808,0.06333451698,0.12802382655080768,8306
group_employed,dep_hour_share_escort_18,0.05102864709491974,0.03552491299,1.5503734104919744,8306
group_employed,dep_hour_share_escort_19,0.021757151008192574,0.02226492744,-0.05077764318074246,8306
group_employed,dep_hour_share_escort_20,0.011260752080440094,0.005169133446,0.6091618634440095,8306
group_employed,dep_hour_share_escort_21,0.005059802560044784,0.005481068222,-0.0421265661955216,8306
group_employed,dep_hour_share_escort_22,0.0028421018635145174,0.021192553,-1.8350451136485484,8306
group_employed,dep_hour_share_escort_23,0.0019377967251235344,0.0,0.19377967251235345,8306
group_employed,dep_hour_share_escort_4,0.0019700933372089266,0.0,0.19700933372089266,8306
group_employed,dep_hour_share_escort_5,0.0025621978921077843,0.001320586759,0.12416111331077845,8306
group_employed,dep_hour_share_escort_6,0.052169794055270266,0.02043478332,3.173501073527027,8306
group_employed,dep_hour_share_escort_7,0.17210864580305527,0.2588951481,-8.678650229694476,8306
group_employed,dep_hour_share_escort_8,0.08400348803410522,0.1017999596,-1.7796471565894785,8306
group_employed,dep_hour_share_escort_9,0.01851672426229155,0.009016611331,0.9500112931291551,8306
group_employed,dep_hour_share_home_10,0.01960877118738446,0.01905256636,0.05562048273844607,8306
group_employed,dep_hour_share_home_11,0.03201772946967504,0.02850675805,0.3510971419675036,8306
group_employed,dep_hour_share_home_12,0.060431376261220124,0.04234042931,1.8090946951220128,8306
group_employed,dep_hour_share_home_13,0.06728873866850792,0.06193296773,0.5355770938507913,8306
group_employed,dep_hour_share_home_14,0.07667271755351138,0.07640111117,0.0271606383511383,8306
group_employed,dep_hour_share_home_15,0.11181565583446555,0.1098719387,0.19437171344655474,8306
group_employed,dep_hour_share_home_16,0.1253967414303851,0.1468395251,-2.1442783669614913,8306
group_employed,dep_hour_share_home_17,0.10858464930841705,0.1333138252,-2.4729175891582966,8306
group_employed,dep_hour_share_home_18,0.09161525268948928,0.1023734337,-1.0758181010510723,8306
group_employed,dep_hour_share_home_19,0.06703677305833351,0.05973276769,0.7304005368333512,8306
group_employed,dep_hour_share_home_20,0.06536489074993874,0.05430222211,1.1062668639938746,8306
group_employed,dep_hour_share_home_21,0.04562387241909259,0.03902908085,0.6594791569092588,8306
group_employed,dep_hour_share_home_22,0.03549234915473194,0.03032830419,0.5164044964731943,8306
group_employed,dep_hour_share_home_23,0.020018041294518566,0.008209490497,1.1808550797518567,8306
group_employed,dep_hour_share_home_4,6.960375971668486e-05,0.001224523004,-0.1154919244283315,8306
group_employed,dep_hour_share_home_5,0.0009619239592845848,0.004278843255,-0.33169192957154153,8306
group_employed,dep_hour_share_home_6,0.002480677996302648,0.01000630805,-0.7525630053697351,8306
group_employed,dep_hour_share_home_7,0.01137464641290064,0.02422738691,-1.285274049709936,8306
group_employed,dep_hour_share_home_8,0.016448760496246967,0.02847279619,-1.2024035693753032,8306
group_employed,dep_hour_share_home_9,0.018208343541884758,0.01566725415,0.2541089391884757,8306
group_employed,dep_hour_share_leisure_10,0.028485629217604953,0.02213746453,0.6348164687604952,8306
group_employed,dep_hour_share_leisure_11,0.02802494518713156,0.02734417788,0.06807673071315586,8306
group_employed,dep_hour_share_leisure_12,0.04838461997833079,0.06674787503,-1.8363255051669212,8306
group_employed,dep_hour_share_leisure_13,0.0489818029807963,0.04144754179,0.7534261190796303,8306
group_employed,dep_hour_share_leisure_14,0.06582236365032376,0.05650339878,0.9318964870323764,8306
group_employed,dep_hour_share_leisure_15,0.08121688833530973,0.08961219304,-0.8395304704690271,8306
group_employed,dep_hour_share_leisure_16,0.14891184725765033,0.1436094926,0.5302354657650332,8306
group_employed,dep_hour_share_leisure_17,0.14895023759352313,0.14551962,0.3430617593523144,8306
group_employed,dep_hour_share_leisure_18,0.1292176049549127,0.1329554848,-0.3737879845087305,8306
group_employed,dep_hour_share_leisure_19,0.08829350691452605,0.1164675945,-2.8174087585473946,8306
group_employed,dep_hour_share_leisure_20,0.03531484341008557,0.0383967652,-0.30819217899144336,8306
group_employed,dep_hour_share_leisure_21,0.018896576435158723,0.01538400377,0.35125726651587236,8306
group_employed,dep_hour_share_leisure_22,0.012566436609024288,0.01033552949,0.22309071190242877,8306
group_employed,dep_hour_share_leisure_23,0.004222936946006125,0.001370411711,0.28525252350061253,8306
group_employed,dep_hour_share_leisure_4,0.00038816895160258323,0.004763313359,-0.4375144407397416,8306
group_employed,dep_hour_share_leisure_5,0.005515411587056485,0.008402270469,-0.28868588819435154,8306
group_employed,dep_hour_share_leisure_6,0.017019715570267113,0.01886081721,-0.1841101639732886,8306
group_employed,dep_hour_share_leisure_7,0.021234121330523728,0.02033590724,0.08982140905237287,8306
group_employed,dep_hour_share_leisure_8,0.03084450207734373,0.01965494076,1.1189561317343732,8306
group_employed,dep_hour_share_leisure_9,0.03377922997517425,0.01907205298,1.4707176995174247,8306
group_employed,dep_hour_share_other_10,0.05265452301749115,0.06606253844,-1.340801542250885,8306
group_employed,dep_hour_share_other_11,0.06807329112565726,0.05236923621,1.5704054915657253,8306
group_employed,dep_hour_share_other_12,0.07229852988518082,0.05616173158,1.613679830518082,8306
group_employed,dep_hour_share_other_13,0.07950155596094001,0.05812354465,2.137801131094001,8306
group_employed,dep_hour_share_other_14,0.10531575276317201,0.09931085311,0.6004899653172011,8306
group_employed,dep_hour_share_other_15,0.09985647601674,0.1416014315,-4.174495548326002,8306
group_employed,dep_hour_share_other_16,0.09173462817898916,0.1372915667,-4.5556938521010855,8306
group_employed,dep_hour_share_other_17,0.0778114604571306,0.08135348469,-0.3542024232869409,8306
group_employed,dep_hour_share_other_18,0.05598106019959223,0.03233041899,2.3650641209592234,8306
group_employed,dep_hour_share_other_19,0.04204447902135422,0.01338285507,2.8661623951354223,8306
group_employed,dep_hour_share_other_20,0.02480148084558429,0.006549134225,1.8252346620584292,8306
group_employed,dep_hour_share_other_21,0.015519369031011912,0.008244270645,0.7275098386011912,8306
group_employed,dep_hour_share_other_22,0.007578602854383517,0.007337073398,0.024152945638351766,8306
group_employed,dep_hour_share_other_23,0.006136656293593733,0.005710446521,0.04262097725937332,8306
group_employed,dep_hour_share_other_4,0.0006639660907822728,0.0,0.06639660907822728,8306
group_employed,dep_hour_share_other_5,0.0025083163429552528,0.002096256019,0.0412060323955253,8306
group_employed,dep_hour_share_other_6,0.013822566799012769,0.02156099102,-0.7738424220987231,8306
group_employed,dep_hour_share_other_7,0.0479262796437386,0.05888461311,-1.0958333466261398,8306
group_employed,dep_hour_share_other_8,0.06689961369245627,0.07129094536,-0.4391331667543727,8306
group_employed,dep_hour_share_other_9,0.06110500053653826,0.08033860873,-1.923360819346174,8306
group_employed,dep_hour_share_shop_10,0.06123182579247585,0.05591371675,0.531810904247585,8306
group_employed,dep_hour_share_shop_11,0.07579957053531731,0.05266544438,2.3134126155317314,8306
group_employed,dep_hour_share_shop_12,0.07698201734885965,0.08580806404,-0.8826046691140357,8306
group_employed,dep_hour_share_shop_13,0.06247103005306821,0.06384179061,-0.1370760556931791,8306
group_employed,dep_hour_share_shop_14,0.08144693651679548,0.07465576374,0.6791172776795473,8306
group_employed,dep_hour_share_shop_15,0.11287164303349635,0.1037784547,0.9093188333496358,8306
group_employed,dep_hour_share_shop_16,0.1250366558512198,0.1473812806,-2.2344624748780184,8306
group_employed,dep_hour_share_shop_17,0.11339191963145498,0.1536418149,-4.024989526854503,8306
group_employed,dep_hour_share_shop_18,0.07348197478077437,0.07146873711,0.20132376707743677,8306
group_employed,dep_hour_share_shop_19,0.03518015759651131,0.03788572205,-0.27055644534886913,8306
group_employed,dep_hour_share_shop_20,0.006612242581328692,0.01477091343,-0.8158670848671307,8306
group_employed,dep_hour_share_shop_21,0.005060872361961159,0.01267547584,-0.7614603478038842,8306
group_employed,dep_hour_share_shop_22,0.0047770851267110006,0.001585724788,0.31913603387110007,8306
group_employed,dep_hour_share_shop_23,0.0005864936195169941,0.0006793367892,-0.009284316968300583,8306
group_employed,dep_hour_share_shop_4,0.00021757021369178813,0.0,0.021757021369178814,8306
group_employed,dep_hour_share_shop_5,0.0007094680881253961,0.0003496419423,0.03598261458253961,8306
group_employed,dep_hour_share_shop_6,0.007756851096837664,0.01342551514,-0.5668664043162336,8306
group_employed,dep_hour_share_shop_7,0.031169298004975737,0.03181382153,-0.06445235250242647,8306
group_employed,dep_hour_share_shop_8,0.042776195926707214,0.03678463044,0.5991565486707213,8306
group_employed,dep_hour_share_shop_9,0.07966853650922781,0.04087415121,3.879438529922781,8306
group_employed,dep_hour_share_work_10,0.030155449899080405,0.02586985517,0.4285594729080404,8306
group_employed,dep_hour_share_work_11,0.02574533578045291,0.02843642149,-0.2691085709547091,8306
group_employed,dep_hour_share_work_12,0.03163431940691071,0.05059221051,-1.8957891103089293,8306
group_employed,dep_hour_share_work_13,0.038366306824476976,0.05123948207,-1.2873175245523025,8306
group_employed,dep_hour_share_work_14,0.020978751487299545,0.02640883501,-0.5430083522700455,8306
group_employed,dep_hour_share_work_15,0.018859199098226802,0.01643616099,0.24230381082268015,8306
group_employed,dep_hour_share_work_16,0.012772711726423592,0.007989147693,0.47835640334235924,8306
group_employed,dep_hour_share_work_17,0.007476239336002042,0.009139958774,-0.16637194379979575,8306
group_employed,dep_hour_share_work_18,0.004453468599313073,0.00349254232,0.09609262793130727,8306
group_employed,dep_hour_share_work_19,0.0036538192888901735,0.001259650516,0.2394168772890173,8306
group_employed,dep_hour_share_work_20,0.005542147780973164,0.005292720038,0.024942774297316388,8306
group_employed,dep_hour_share_work_21,0.003822420047111869,0.00620506695,-0.23826469028881309,8306
group_employed,dep_hour_share_work_22,0.0009441642460414951,0.0005429272514,0.0401236994641495,8306
group_employed,dep_hour_share_work_23,0.0006117798941187238,0.001233862967,-0.06220830728812762,8306
group_employed,dep_hour_share_work_4,0.029548487169482298,0.01525278437,1.42957027994823,8306
group_employed,dep_hour_share_work_5,0.11279390725031432,0.0893056299,2.348827735031432,8306
group_employed,dep_hour_share_work_6,0.22004325813739517,0.1800168007,4.002645743739516,8306
group_employed,dep_hour_share_work_7,0.2442663699293322,0.2929843229,-4.871795297066778,8306
group_employed,dep_hour_share_work_8,0.12378426810410856,0.1393403832,-1.5556115095891443,8306
group_employed,dep_hour_share_work_9,0.0507584625537716,0.04454627175,0.6212190803771604,8306
group_employed,mean_work_activity_h,5.82614782085079,6.413291728,-0.5871439071492102,8306
group_employed,mobility_rate,0.9467644080738331,0.8843540212,6.241038687383316,8306
group_employed,n_persons_unweighted,481952.0,8306.0,473646.0,8306
group_employed,n_persons_weighted,481952.0,368677.1635,113274.83649999998,8306
group_employed,n_work_activities_measured,414619.0,6381.0,408238.0,8306
group_employed,nonhome_acts_per_mobile,2.2449555660263645,2.230386497,0.014569069026364456,8306
group_employed,participation_education,0.047191421552353764,0.02445410636,2.2737315192353766,8306
group_employed,participation_escort,0.12562869331385698,0.1295177499,-0.3889056586143025,8306
group_employed,participation_home,0.9467644080738331,0.8740086919,7.275571617383314,8306
group_employed,participation_leisure,0.3723275346922515,0.3440728261,2.825470859225149,8306
group_employed,participation_other,0.22516142686408605,0.1370291684,8.813225846408605,8306
group_employed,participation_shop,0.19041315317707988,0.2560610329,-6.56478797229201,8306
group_employed,participation_work,0.6936001925502955,0.6693693964,2.423079615029544,8306
group_employed,purpose_share_education,0.015516028447582333,0.007854271761,0.7661756686582333,8306
group_employed,purpose_share_escort,0.053301344913737995,0.06256987029,-0.9268525376262,8306
group_employed,purpose_share_home,0.41220303503615624,0.4130741417,-0.08711066638437681,8306
group_employed,purpose_share_leisure,0.13452235995120254,0.1393625909,-0.4840230948797458,8306
group_employed,purpose_share_other,0.08555850242782236,0.0500511201,3.5507382327822357,8306
group_employed,purpose_share_shop,0.060659982073937545,0.09055202884,-2.989204676606246,8306
group_employed,purpose_share_work,0.23823874714956098,0.2365359764,0.1702770749560989,8306
group_employed,share_mobile_first_from_home,1.0,0.9720015975,2.7998402499999964,8306
group_employed,share_mobile_last_to_home,1.0,0.9703182882,2.968171180000001,8306
group_employed,share_mobile_odd_trip_count,0.2928412540133028,0.2325930236,6.024823041330279,8306
group_employed,share_trips_0,0.05323559192616692,0.1156459788,-6.241038687383307,8306
group_employed,share_trips_1,0.0008299581701082265,0.006717092602,-0.5887134431891774,8306
group_employed,share_trips_2,0.333105786468362,0.3303942433,0.2711543168361974,8306
group_employed,share_trips_3,0.12530915941836532,0.08197741347,4.333174594836533,8306
group_employed,share_trips_4,0.2190612343137906,0.2274963493,-0.8435114986209413,8306
group_employed,share_trips_5,0.09853470885067393,0.07370601306,2.4828695790673927,8306
group_employed,share_trips_6,0.08040842241551026,0.08066941283,-0.02609904144897368,8306
group_employed,share_trips_7,0.04036916539406414,0.03092519294,0.9443972454064142,8306
group_employed,share_trips_8plus,0.04914597304295863,0.05246830365,-0.3322330607041367,8306
group_employed,share_trips_followed_by_same_purpose,0.10303124895995557,0.04597792575,5.705332320995557,8306
group_employed,share_trips_home_based,0.8015250924707095,0.8258944571,-2.4369364629290513,8306
group_employed,share_trips_unknown_purpose,0.0,0.000843737046,-0.0843737046,8306
group_employed,share_work_activities_lt_2h,0.19341130049515337,0.09869562417,9.471567632515338,8306
group_employed,tours_per_mobile,1.5743148620957932,1.567474532,0.006840330095793101,8306
group_employed,trips_per_mobile_person,3.8192704281221577,3.797861029,0.02140939912215778,8306
group_employed,trips_per_person,3.61594930615497,3.358653673,0.25729563315496984,8306
group_employed,trips_per_person_education,0.056105172299316115,0.0263575211,0.029747651199316116,8306
group_employed,trips_per_person_escort,0.19273496115795763,0.2099732129,-0.017238251742042382,8306
group_employed,trips_per_person_home,1.4905052785339619,1.386202405,0.10430287353396195,8306
group_employed,trips_per_person_leisure,0.48642603412787994,0.4676757491,0.018750285027879954,8306
group_employed,trips_per_person_other,0.3093752074895425,0.1679625425,0.1414126649895425,8306
group_employed,trips_per_person_shop,0.21934342009162738,0.3038762961,-0.08453287600837261,8306
group_employed,trips_per_person_work,0.8614592324546843,0.7937721256,0.06768710685468426,8306
group_school_age_6_17_not_employed,dep_hour_share_all_10,0.013743485680025827,0.004852529859,0.8890955821025827,2039
group_school_age_6_17_not_employed,dep_hour_share_all_11,0.029784786672128614,0.0116889465,1.8095840172128612,2039
group_school_age_6_17_not_employed,dep_hour_share_all_12,0.066373494008589,0.04704768664,1.9325807368588994,2039
group_school_age_6_17_not_employed,dep_hour_share_all_13,0.09594938837961971,0.1459580498,-5.000866142038028,2039
group_school_age_6_17_not_employed,dep_hour_share_all_14,0.08169587993847172,0.06265069258,1.9045187358471716,2039
group_school_age_6_17_not_employed,dep_hour_share_all_15,0.11256039564744405,0.1208105689,-0.8250173252555948,2039
group_school_age_6_17_not_employed,dep_hour_share_all_16,0.0838282091418867,0.09315958288,-0.9331373738113297,2039
group_school_age_6_17_not_employed,dep_hour_share_all_17,0.0737389822875606,0.0706701085,0.30688737875606,2039
group_school_age_6_17_not_employed,dep_hour_share_all_18,0.06638163266967073,0.06628889492,0.009273774967073767,2039
group_school_age_6_17_not_employed,dep_hour_share_all_19,0.031255171440895686,0.03485212832,-0.35969568791043155,2039
group_school_age_6_17_not_employed,dep_hour_share_all_20,0.0233660959656657,0.01218693355,1.11791624156657,2039
group_school_age_6_17_not_employed,dep_hour_share_all_21,0.010496159908412933,0.005751210037,0.47449498714129335,2039
group_school_age_6_17_not_employed,dep_hour_share_all_22,0.0057024885312700925,0.0005689665699,0.5133521961370092,2039
group_school_age_6_17_not_employed,dep_hour_share_all_23,0.001665712634728752,0.0,0.1665712634728752,2039
group_school_age_6_17_not_employed,dep_hour_share_all_4,5.425774054491049e-05,0.0,0.005425774054491048,2039
group_school_age_6_17_not_employed,dep_hour_share_all_5,0.0007921630119556931,0.000127114887,0.0665048124955693,2039
group_school_age_6_17_not_employed,dep_hour_share_all_6,0.06983785074238154,0.0318838463,3.795400444238154,2039
group_school_age_6_17_not_employed,dep_hour_share_all_7,0.18411821676509926,0.2589932479,-7.487503113490074,2039
group_school_age_6_17_not_employed,dep_hour_share_all_8,0.028813573116374714,0.02246919302,0.6344380096374714,2039
group_school_age_6_17_not_employed,dep_hour_share_all_9,0.01552313956989889,0.009455215519,0.606792405089889,2039
group_school_age_6_17_not_employed,dep_hour_share_education_10,0.013380493176282158,0.00408476501,0.9295728166282158,2039
group_school_age_6_17_not_employed,dep_hour_share_education_11,0.01390603623744536,0.008428312366,0.547772387144536,2039
group_school_age_6_17_not_employed,dep_hour_share_education_12,0.019344989822816912,0.02072226174,-0.13772719171830894,2039
group_school_age_6_17_not_employed,dep_hour_share_education_13,0.023449230871900963,0.01774976563,0.5699465241900962,2039
group_school_age_6_17_not_employed,dep_hour_share_education_14,0.013255363876005205,0.007555601704,0.5699762172005205,2039
group_school_age_6_17_not_employed,dep_hour_share_education_15,0.02837098334946111,0.006367729584,2.2003253765461106,2039
group_school_age_6_17_not_employed,dep_hour_share_education_16,0.01688411358403684,0.01031621312,0.6567900464036838,2039
group_school_age_6_17_not_employed,dep_hour_share_education_17,0.005680870232573659,0.005115461704,0.05654085285736596,2039
group_school_age_6_17_not_employed,dep_hour_share_education_18,0.0017768360639327306,0.002411390218,-0.06345541540672692,2039
group_school_age_6_17_not_employed,dep_hour_share_education_19,0.004946778337615536,0.0,0.4946778337615536,2039
group_school_age_6_17_not_employed,dep_hour_share_education_20,0.00024191664720210883,0.0,0.024191664720210882,2039
group_school_age_6_17_not_employed,dep_hour_share_education_21,0.00020020688044312455,0.0,0.020020688044312455,2039
group_school_age_6_17_not_employed,dep_hour_share_education_22,5.005172011078114e-05,0.0,0.005005172011078114,2039
group_school_age_6_17_not_employed,dep_hour_share_education_23,2.502586005539057e-05,0.0,0.002502586005539057,2039
group_school_age_6_17_not_employed,dep_hour_share_education_4,5.005172011078114e-05,0.0,0.005005172011078114,2039
group_school_age_6_17_not_employed,dep_hour_share_education_5,0.0022022756848743704,0.0003835214219,0.18187542629743703,2039
group_school_age_6_17_not_employed,dep_hour_share_education_6,0.21039240548566854,0.08895276388,12.143964160566854,2039
group_school_age_6_17_not_employed,dep_hour_share_education_7,0.5449047348927225,0.7528988287,-20.799409380727752,2039
group_school_age_6_17_not_employed,dep_hour_share_education_8,0.06916313523974774,0.05646682635,1.2696308889747736,2039
group_school_age_6_17_not_employed,dep_hour_share_education_9,0.029472121191898296,0.01854655854,1.0925562651898295,2039
group_school_age_6_17_not_employed,dep_hour_share_escort_10,0.0050053628888094386,0.0,0.5005362888809438,2039
group_school_age_6_17_not_employed,dep_hour_share_escort_11,0.01269217018233822,0.0,1.269217018233822,2039
group_school_age_6_17_not_employed,dep_hour_share_escort_12,0.021272792277440115,0.02795913792,-0.6686345642559883,2039
group_school_age_6_17_not_employed,dep_hour_share_escort_13,0.07651054701465856,0.08220767149,-0.5697124475341431,2039
group_school_age_6_17_not_employed,dep_hour_share_escort_14,0.12352520557740436,0.07240303599,5.112216958740436,2039
group_school_age_6_17_not_employed,dep_hour_share_escort_15,0.10743653914908831,0.1032585777,0.4177961449088302,2039
group_school_age_6_17_not_employed,dep_hour_share_escort_16,0.15874150875938506,0.12591905,3.2822458759385054,2039
group_school_age_6_17_not_employed,dep_hour_share_escort_17,0.08973900607794065,0.06362312336,2.6115882717940644,2039
group_school_age_6_17_not_employed,dep_hour_share_escort_18,0.07937075437969253,0.1265584136,-4.718765922030747,2039
group_school_age_6_17_not_employed,dep_hour_share_escort_19,0.04719342152306042,0.007267419708,3.9926001815060417,2039
group_school_age_6_17_not_employed,dep_hour_share_escort_20,0.0033964962459778333,0.02209321154,-1.8696715294022166,2039
group_school_age_6_17_not_employed,dep_hour_share_escort_21,0.001966392563460851,0.0,0.1966392563460851,2039
group_school_age_6_17_not_employed,dep_hour_share_escort_22,0.000893814801573114,0.0,0.0893814801573114,2039
group_school_age_6_17_not_employed,dep_hour_share_escort_23,0.0003575259206292456,0.0,0.03575259206292456,2039
group_school_age_6_17_not_employed,dep_hour_share_escort_4,0.0025026814444047193,0.0,0.2502681444404719,2039
group_school_age_6_17_not_employed,dep_hour_share_escort_5,0.000893814801573114,0.0,0.0893814801573114,2039
group_school_age_6_17_not_employed,dep_hour_share_escort_6,0.04915981408652127,0.01359617894,3.556363514652127,2039
group_school_age_6_17_not_employed,dep_hour_share_escort_7,0.1449767608151591,0.2971169262,-15.214016538484094,2039
group_school_age_6_17_not_employed,dep_hour_share_escort_8,0.05756167322130854,0.04864146745,0.8920205771308538,2039
group_school_age_6_17_not_employed,dep_hour_share_escort_9,0.0101894887379335,0.00935578603,0.08337027079335005,2039
group_school_age_6_17_not_employed,dep_hour_share_home_10,0.013878554763856485,0.002365747199,1.1512807564856484,2039
group_school_age_6_17_not_employed,dep_hour_share_home_11,0.037587489753452295,0.01155157767,2.6035912083452297,2039
group_school_age_6_17_not_employed,dep_hour_share_home_12,0.11857620278706098,0.07669321947,4.188298331706097,2039
group_school_age_6_17_not_employed,dep_hour_share_home_13,0.1662021565041932,0.2799588785,-11.37567219958068,2039
group_school_age_6_17_not_employed,dep_hour_share_home_14,0.1065704016646699,0.08111673494,2.545366672466989,2039
group_school_age_6_17_not_employed,dep_hour_share_home_15,0.1372785169304496,0.1705628224,-3.3284305469550413,2039
group_school_age_6_17_not_employed,dep_hour_share_home_16,0.07678920486789835,0.08199135047,-0.5202145602101651,2039
group_school_age_6_17_not_employed,dep_hour_share_home_17,0.09049120373289615,0.07958448163,1.0906722102896158,2039
group_school_age_6_17_not_employed,dep_hour_share_home_18,0.10943312945330727,0.1105098613,-0.10767318466927273,2039
group_school_age_6_17_not_employed,dep_hour_share_home_19,0.054423355823191875,0.06291849348,-0.8495137656808128,2039
group_school_age_6_17_not_employed,dep_hour_share_home_20,0.03883599218109591,0.02314635867,1.568963351109591,2039
group_school_age_6_17_not_employed,dep_hour_share_home_21,0.02123084683775774,0.009675159595,1.155568724275774,2039
group_school_age_6_17_not_employed,dep_hour_share_home_22,0.012226495995964436,0.001259461757,1.0967034238964435,2039
group_school_age_6_17_not_employed,dep_hour_share_home_23,0.003600479223154045,0.0,0.3600479223154045,2039
group_school_age_6_17_not_employed,dep_hour_share_home_4,0.0,0.0,0.0,2039
group_school_age_6_17_not_employed,dep_hour_share_home_5,6.305567816381865e-06,0.0,0.0006305567816381865,2039
group_school_age_6_17_not_employed,dep_hour_share_home_6,7.566681379658239e-05,0.0,0.0075666813796582385,2039
group_school_age_6_17_not_employed,dep_hour_share_home_7,0.0005864178069235135,0.002685606568,-0.20991887610764867,2039
group_school_age_6_17_not_employed,dep_hour_share_home_8,0.0009584463080900436,0.002041453591,-0.10830072829099567,2039
group_school_age_6_17_not_employed,dep_hour_share_home_9,0.004313008386405196,0.002643654981,0.16693534054051962,2039
group_school_age_6_17_not_employed,dep_hour_share_leisure_10,0.004335661744270071,0.01007066789,-0.5735006145729928,2039
group_school_age_6_17_not_employed,dep_hour_share_leisure_11,0.005521483759796928,0.013950877,-0.8429393240203074,2039
group_school_age_6_17_not_employed,dep_hour_share_leisure_12,0.0267180522873395,0.01751160838,0.9206443907339497,2039
group_school_age_6_17_not_employed,dep_hour_share_leisure_13,0.048766930388542,0.04175505295,0.7011877438541994,2039
group_school_age_6_17_not_employed,dep_hour_share_leisure_14,0.1385929480647014,0.1012187429,3.7374205164701397,2039
group_school_age_6_17_not_employed,dep_hour_share_leisure_15,0.19721702395731042,0.210475159,-1.3258135042689578,2039
group_school_age_6_17_not_employed,dep_hour_share_leisure_16,0.2293639176594838,0.2863656329,-5.70017152405162,2039
group_school_age_6_17_not_employed,dep_hour_share_leisure_17,0.17174037909247558,0.1771457575,-0.5405378407524419,2039
group_school_age_6_17_not_employed,dep_hour_share_leisure_18,0.07287246854792388,0.07217873783,0.06937307179238766,2039
group_school_age_6_17_not_employed,dep_hour_share_leisure_19,0.029256452539326676,0.03472016856,-0.5463716020673325,2039
group_school_age_6_17_not_employed,dep_hour_share_leisure_20,0.039428582016268,0.009631846735,2.9796735281268,2039
group_school_age_6_17_not_employed,dep_hour_share_leisure_21,0.007448444535028071,0.006517156929,0.09312876060280709,2039
group_school_age_6_17_not_employed,dep_hour_share_leisure_22,0.0024087009690389283,0.0,0.24087009690389283,2039
group_school_age_6_17_not_employed,dep_hour_share_leisure_23,0.0002223416279112857,0.0,0.022234162791128567,2039
group_school_age_6_17_not_employed,dep_hour_share_leisure_4,0.0,0.0,0.0,2039
group_school_age_6_17_not_employed,dep_hour_share_leisure_5,0.0,0.0,0.0,2039
group_school_age_6_17_not_employed,dep_hour_share_leisure_6,0.0005743825387708214,0.0008331053387,-0.025872279992917864,2039
group_school_age_6_17_not_employed,dep_hour_share_leisure_7,0.007281688314094606,0.008579893927,-0.12982056129053932,2039
group_school_age_6_17_not_employed,dep_hour_share_leisure_8,0.010635341201756498,0.002718094349,0.7917246852756499,2039
group_school_age_6_17_not_employed,dep_hour_share_leisure_9,0.0063552648644642495,0.006327497793,0.002776707146424917,2039
group_school_age_6_17_not_employed,dep_hour_share_other_10,0.038423045124233064,0.00869146934,2.973157578423306,2039
group_school_age_6_17_not_employed,dep_hour_share_other_11,0.12053435446673338,0.03675929078,8.377506368673338,2039
group_school_age_6_17_not_employed,dep_hour_share_other_12,0.061529089247639356,0.05742986744,0.40992218076393583,2039
group_school_age_6_17_not_employed,dep_hour_share_other_13,0.13267481832818415,0.1074905899,2.5184228428184143,2039
group_school_age_6_17_not_employed,dep_hour_share_other_14,0.11539967799486532,0.1578693725,-4.246969450513467,2039
group_school_age_6_17_not_employed,dep_hour_share_other_15,0.12871502545581132,0.1724000135,-4.368498804418869,2039
group_school_age_6_17_not_employed,dep_hour_share_other_16,0.11265828292937644,0.1364216281,-2.3763345170623564,2039
group_school_age_6_17_not_employed,dep_hour_share_other_17,0.05874417997476176,0.1022874004,-4.354322042523825,2039
group_school_age_6_17_not_employed,dep_hour_share_other_18,0.05204299203690005,0.02318103046,2.8861961576900046,2039
group_school_age_6_17_not_employed,dep_hour_share_other_19,0.01714459771115269,0.002782435136,1.436216257515269,2039
group_school_age_6_17_not_employed,dep_hour_share_other_20,0.0067447021452504245,0.0,0.6744702145250424,2039
group_school_age_6_17_not_employed,dep_hour_share_other_21,0.002306252991601758,0.008538957137,-0.6232704145398241,2039
group_school_age_6_17_not_employed,dep_hour_share_other_22,0.00047865628127583654,0.0,0.04786562812758365,2039
group_school_age_6_17_not_employed,dep_hour_share_other_23,0.0006962273182193986,0.0,0.06962273182193987,2039
group_school_age_6_17_not_employed,dep_hour_share_other_4,0.0,0.0,0.0,2039
group_school_age_6_17_not_employed,dep_hour_share_other_5,0.0,0.0,0.0,2039
group_school_age_6_17_not_employed,dep_hour_share_other_6,0.0064401026935294375,0.05645224043,-5.0012137736470565,2039
group_school_age_6_17_not_employed,dep_hour_share_other_7,0.05004133849701928,0.05998543478,-0.9944096282980721,2039
group_school_age_6_17_not_employed,dep_hour_share_other_8,0.04899699751969018,0.03519382514,1.3803172379690178,2039
group_school_age_6_17_not_employed,dep_hour_share_other_9,0.043470693181323704,0.03451644511,0.8954248071323702,2039
group_school_age_6_17_not_employed,dep_hour_share_shop_10,0.014047287899860919,0.02183297751,-0.7785689610139082,2039
group_school_age_6_17_not_employed,dep_hour_share_shop_11,0.02600834492350487,0.02490489922,0.11034457035048705,2039
group_school_age_6_17_not_employed,dep_hour_share_shop_12,0.04812239221140473,0.03117801132,1.6944380891404727,2039
group_school_age_6_17_not_employed,dep_hour_share_shop_13,0.011682892906815021,0.1173670595,-10.568416659318498,2039
group_school_age_6_17_not_employed,dep_hour_share_shop_14,0.11112656467315717,0.1249227788,-1.379621412684283,2039
group_school_age_6_17_not_employed,dep_hour_share_shop_15,0.28929068150208626,0.185199729,10.409095250208624,2039
group_school_age_6_17_not_employed,dep_hour_share_shop_16,0.11460361613351877,0.2139386303,-9.933501416648122,2039
group_school_age_6_17_not_employed,dep_hour_share_shop_17,0.14172461752433935,0.1164125599,2.531205762433934,2039
group_school_age_6_17_not_employed,dep_hour_share_shop_18,0.18456189151599445,0.0914343131,9.312757841599446,2039
group_school_age_6_17_not_employed,dep_hour_share_shop_19,0.008066759388038943,0.03923174546,-3.1164986071961063,2039
group_school_age_6_17_not_employed,dep_hour_share_shop_20,0.017107093184979136,0.0,1.7107093184979136,2039
group_school_age_6_17_not_employed,dep_hour_share_shop_21,0.0016689847009735744,0.00779101139,-0.6122026689026425,2039
group_school_age_6_17_not_employed,dep_hour_share_shop_22,0.00152990264255911,0.0,0.152990264255911,2039
group_school_age_6_17_not_employed,dep_hour_share_shop_23,0.0013908205841446453,0.0,0.13908205841446453,2039
group_school_age_6_17_not_employed,dep_hour_share_shop_4,0.0,0.0,0.0,2039
group_school_age_6_17_not_employed,dep_hour_share_shop_5,0.0,0.0,0.0,2039
group_school_age_6_17_not_employed,dep_hour_share_shop_6,0.0006954102920723226,0.001267157411,-0.05717471189276773,2039
group_school_age_6_17_not_employed,dep_hour_share_shop_7,0.00737134909596662,0.01321060733,-0.583925823403338,2039
group_school_age_6_17_not_employed,dep_hour_share_shop_8,0.005146036161335188,0.006089160854,-0.09431246926648118,2039
group_school_age_6_17_not_employed,dep_hour_share_shop_9,0.009874826147426982,0.005219358949,0.46554671984269824,2039
group_school_age_6_17_not_employed,dep_hour_share_work_10,0.03667481662591687,0.07259115337,-3.591633674408312,2039
group_school_age_6_17_not_employed,dep_hour_share_work_11,0.061124694376528114,0.0,6.112469437652812,2039
group_school_age_6_17_not_employed,dep_hour_share_work_12,0.05134474327628362,0.0944943088,-4.314956552371638,2039
group_school_age_6_17_not_employed,dep_hour_share_work_13,0.014669926650366748,0.0,1.466992665036675,2039
group_school_age_6_17_not_employed,dep_hour_share_work_14,0.004889975550122249,0.07057305695,-6.568308139987776,2039
group_school_age_6_17_not_employed,dep_hour_share_work_15,0.08801955990220049,0.0,8.80195599022005,2039
group_school_age_6_17_not_employed,dep_hour_share_work_16,0.044009779951100246,0.0,4.400977995110025,2039
group_school_age_6_17_not_employed,dep_hour_share_work_17,0.022004889975550123,0.0,2.2004889975550124,2039
group_school_age_6_17_not_employed,dep_hour_share_work_18,0.0024449877750611247,0.0,0.24449877750611246,2039
group_school_age_6_17_not_employed,dep_hour_share_work_19,0.004889975550122249,0.0,0.4889975550122249,2039
group_school_age_6_17_not_employed,dep_hour_share_work_20,0.0,0.0,0.0,2039
group_school_age_6_17_not_employed,dep_hour_share_work_21,0.0,0.0,0.0,2039
group_school_age_6_17_not_employed,dep_hour_share_work_22,0.0,0.0,0.0,2039
group_school_age_6_17_not_employed,dep_hour_share_work_23,0.0,0.0,0.0,2039
group_school_age_6_17_not_employed,dep_hour_share_work_4,0.0,0.0,0.0,2039
group_school_age_6_17_not_employed,dep_hour_share_work_5,0.05378973105134474,0.0,5.378973105134474,2039
group_school_age_6_17_not_employed,dep_hour_share_work_6,0.12469437652811736,0.2881153767,-16.34210001718826,2039
group_school_age_6_17_not_employed,dep_hour_share_work_7,0.11491442542787286,0.1723300192,-5.741559377212713,2039
group_school_age_6_17_not_employed,dep_hour_share_work_8,0.29095354523227385,0.301896085,-1.0942539767726134,2039
group_school_age_6_17_not_employed,dep_hour_share_work_9,0.08557457212713937,0.0,8.557457212713937,2039
group_school_age_6_17_not_employed,mean_work_activity_h,4.676813365933171,5.907507402,-1.2306940360668293,2039
group_school_age_6_17_not_employed,mobility_rate,0.9684315163681285,0.9367116051,3.1719911268128564,2039
group_school_age_6_17_not_employed,n_persons_unweighted,103616.0,2039.0,101577.0,2039
group_school_age_6_17_not_employed,n_persons_weighted,103616.0,89789.72359,13826.276410000006,2039
group_school_age_6_17_not_employed,n_work_activities_measured,409.0,10.0,399.0,2039
group_school_age_6_17_not_employed,nonhome_acts_per_mobile,2.092989187303802,1.741985937,0.3510032503038021,2039
group_school_age_6_17_not_employed,participation_education,0.9304644070413836,0.9042394712,2.6224935841383523,2039
group_school_age_6_17_not_employed,participation_escort,0.044790379864113654,0.04049675403,0.4293625834113656,2039
group_school_age_6_17_not_employed,participation_home,0.9684315163681285,0.9309919452,3.743957116812857,2039
group_school_age_6_17_not_employed,participation_leisure,0.4130539684990735,0.3735023671,3.955160139907349,2039
group_school_age_6_17_not_employed,participation_other,0.1643665071031501,0.06818021605,9.618629105315009,2039
group_school_age_6_17_not_employed,participation_shop,0.04976065472513898,0.07397364543,-2.421299070486102,2039
group_school_age_6_17_not_employed,participation_work,0.0033682056825200743,0.005583494362,-0.22152886794799256,2039
group_school_age_6_17_not_employed,purpose_share_education,0.3252100452780845,0.3295319444,-0.43218991219154956,2039
group_school_age_6_17_not_employed,purpose_share_escort,0.015175890030411464,0.01580758614,-0.06316961095885354,2039
group_school_age_6_17_not_employed,purpose_share_home,0.4302367536508677,0.4560375202,-2.580076654913227,2039
group_school_age_6_17_not_employed,purpose_share_leisure,0.1464172257474682,0.1422250527,0.41921730474682173,2039
group_school_age_6_17_not_employed,purpose_share_other,0.0623448567731294,0.02619794688,3.6146909893129395,2039
group_school_age_6_17_not_employed,purpose_share_shop,0.019505657725895322,0.02833535593,-0.8829698204104678,2039
group_school_age_6_17_not_employed,purpose_share_work,0.0011095707941434195,0.001864593728,-0.07550229338565806,2039
group_school_age_6_17_not_employed,share_mobile_first_from_home,1.0,0.996796643,0.3203356999999962,2039
group_school_age_6_17_not_employed,share_mobile_last_to_home,1.0,0.9931863101,0.6813689899999975,2039
group_school_age_6_17_not_employed,share_mobile_odd_trip_count,0.22381782849170362,0.1291488306,9.466899789170363,2039
group_school_age_6_17_not_employed,share_trips_0,0.03156848363187153,0.06328839487,-3.1719911238128473,2039
group_school_age_6_17_not_employed,share_trips_1,9.651019147621989e-05,0.001312846878,-0.12163366865237803,2039
group_school_age_6_17_not_employed,share_trips_2,0.37816553428042,0.4390186621,-6.085312781958002,2039
group_school_age_6_17_not_employed,share_trips_3,0.07089638665843113,0.07261831676,-0.1721930101568861,2039
group_school_age_6_17_not_employed,share_trips_4,0.261870753551575,0.3166755863,-5.480483274842496,2039
group_school_age_6_17_not_employed,share_trips_5,0.12323386349598518,0.03707943508,8.615442841598519,2039
group_school_age_6_17_not_employed,share_trips_6,0.07353111488573193,0.05328088329,2.025023159573193,2039
group_school_age_6_17_not_employed,share_trips_7,0.017284975293390983,0.009326168373,0.7958806920390983,2039
group_school_age_6_17_not_employed,share_trips_8plus,0.04335237801111797,0.007399706353,3.595267165811797,2039
group_school_age_6_17_not_employed,share_trips_followed_by_same_purpose,0.10871080895578265,0.0224786539,8.623215505578266,2039
group_school_age_6_17_not_employed,share_trips_home_based,0.8384068842221203,0.9123354716,-7.392858737787966,2039
group_school_age_6_17_not_employed,share_trips_unknown_purpose,0.0,0.000951513076,-0.0951513076,2039
group_school_age_6_17_not_employed,share_work_activities_lt_2h,0.25183374083129584,0.0944943088,15.733943203129586,2039
group_school_age_6_17_not_employed,tours_per_mobile,1.5804474562758484,1.457862408,0.12258504827584837,2039
group_school_age_6_17_not_employed,trips_per_mobile_person,3.67343664357965,3.199848344,0.4735882995796503,2039
group_school_age_6_17_not_employed,trips_per_person,3.557471819024089,2.997335079,0.5601367400240891,2039
group_school_age_6_17_not_employed,trips_per_person_education,1.1569255713403335,0.9867778301,0.1701477412403335,2039
group_school_age_6_17_not_employed,trips_per_person_escort,0.05398780111179741,0.04733554915,0.0066522519617974035,2039
group_school_age_6_17_not_employed,trips_per_person_home,1.5305551266213713,1.365596636,0.16495849062137125,2039
group_school_age_6_17_not_employed,trips_per_person_leisure,0.5208751544163064,0.4258905133,0.09498464111630639,2039
group_school_age_6_17_not_employed,trips_per_person_other,0.22179007103150092,0.07844930853,0.1433407625015009,2039
group_school_age_6_17_not_employed,trips_per_person_shop,0.0693908276714021,0.08484974377,-0.015458916098597897,2039
group_school_age_6_17_not_employed,trips_per_person_work,0.003947266831377394,0.005583494362,-0.0016362275306226063,2039
group_senior_65plus_not_employed,dep_hour_share_all_10,0.10945319670490299,0.123969224,-1.4516027295097018,4339
group_senior_65plus_not_employed,dep_hour_share_all_11,0.08492693299893865,0.1176306263,-3.270369330106135,4339
group_senior_65plus_not_employed,dep_hour_share_all_12,0.07210574224666393,0.08783974196,-1.5733999713336069,4339
group_senior_65plus_not_employed,dep_hour_share_all_13,0.06733721865710822,0.06971876615,-0.23815474928917807,4339
group_senior_65plus_not_employed,dep_hour_share_all_14,0.07862492776394958,0.07765345569,0.09714720739495836,4339
group_senior_65plus_not_employed,dep_hour_share_all_15,0.07530679075529637,0.08177841478,-0.6471624024703637,4339
group_senior_65plus_not_employed,dep_hour_share_all_16,0.07337294198075972,0.075231048,-0.18581060192402743,4339
group_senior_65plus_not_employed,dep_hour_share_all_17,0.06250637376915436,0.06176249265,0.07438811191543548,4339
group_senior_65plus_not_employed,dep_hour_share_all_18,0.052323451315734806,0.04587436006,0.6449091255734806,4339
group_senior_65plus_not_employed,dep_hour_share_all_19,0.0338857896108507,0.02398184197,0.9903947640850702,4339
group_senior_65plus_not_employed,dep_hour_share_all_20,0.018163825696771,0.01225640014,0.5907425556771,4339
group_senior_65plus_not_employed,dep_hour_share_all_21,0.013848547913747324,0.01389848055,-0.004993263625267634,4339
group_senior_65plus_not_employed,dep_hour_share_all_22,0.010979879663238365,0.007401073552,0.3578806111238365,4339
group_senior_65plus_not_employed,dep_hour_share_all_23,0.004570228549197944,0.002702357254,0.1867871295197944,4339
group_senior_65plus_not_employed,dep_hour_share_all_4,0.0018526422341996623,0.0005019455823,0.13506966518996621,4339
group_senior_65plus_not_employed,dep_hour_share_all_5,0.0034257828877045744,0.0004406899397,0.29850929480045746,4339
group_senior_65plus_not_employed,dep_hour_share_all_6,0.012734318639356089,0.004025912121,0.8708406518356089,4339
group_senior_65plus_not_employed,dep_hour_share_all_7,0.041024411063730136,0.02579421847,1.5230192593730134,4339
group_senior_65plus_not_employed,dep_hour_share_all_8,0.06969976242365641,0.06683868198,0.2861080443656419,4339
group_senior_65plus_not_employed,dep_hour_share_all_9,0.10302466034892373,0.09938054822,0.3644112128923724,4339
group_senior_65plus_not_employed,dep_hour_share_education_10,0.06099486774575602,0.01199914598,4.899572176575602,4339
group_senior_65plus_not_employed,dep_hour_share_education_11,0.040268456375838924,0.08425665059,-4.398819421416107,4339
group_senior_65plus_not_employed,dep_hour_share_education_12,0.06573233320173708,0.01715607438,4.857625882173708,4339
group_senior_65plus_not_employed,dep_hour_share_education_13,0.06494275562574023,0.00989904158,5.504371404574022,4339
group_senior_65plus_not_employed,dep_hour_share_education_14,0.04322937228582708,0.1568402122,-11.361083991417292,4339
group_senior_65plus_not_employed,dep_hour_share_education_15,0.05862613501776549,0.1626272836,-10.400114858223452,4339
group_senior_65plus_not_employed,dep_hour_share_education_16,0.07599684168969602,0.07789404902,-0.18972073303039766,4339
group_senior_65plus_not_employed,dep_hour_share_education_17,0.043821555467824715,0.1495685861,-10.57470306321753,4339
group_senior_65plus_not_employed,dep_hour_share_education_18,0.0027635215159889457,0.09799489661,-9.523137509401106,4339
group_senior_65plus_not_employed,dep_hour_share_education_19,0.0,0.00764567786,-0.764567786,4339
group_senior_65plus_not_employed,dep_hour_share_education_20,0.00019739439399921041,0.0,0.01973943939992104,4339
group_senior_65plus_not_employed,dep_hour_share_education_21,0.0,0.0,0.0,4339
group_senior_65plus_not_employed,dep_hour_share_education_22,0.0,0.0,0.0,4339
group_senior_65plus_not_employed,dep_hour_share_education_23,0.0,0.0,0.0,4339
group_senior_65plus_not_employed,dep_hour_share_education_4,0.0,0.0,0.0,4339
group_senior_65plus_not_employed,dep_hour_share_education_5,0.0,0.0,0.0,4339
group_senior_65plus_not_employed,dep_hour_share_education_6,0.09573628108961706,0.0,9.573628108961705,4339
group_senior_65plus_not_employed,dep_hour_share_education_7,0.26174496644295303,0.0,26.174496644295303,4339
group_senior_65plus_not_employed,dep_hour_share_education_8,0.08251085669166995,0.1942102471,-11.169939040833006,4339
group_senior_65plus_not_employed,dep_hour_share_education_9,0.10343466245558626,0.02990813501,7.352652744558625,4339
group_senior_65plus_not_employed,dep_hour_share_escort_10,0.05130125444673282,0.04663537097,0.4665883476732823,4339
group_senior_65plus_not_employed,dep_hour_share_escort_11,0.04693253448168258,0.112495649,-6.556311451831743,4339
group_senior_65plus_not_employed,dep_hour_share_escort_12,0.07763839480746428,0.1233954962,-4.575710139253572,4339
group_senior_65plus_not_employed,dep_hour_share_escort_13,0.06958746801472883,0.1184254991,-4.8838031085271165,4339
group_senior_65plus_not_employed,dep_hour_share_escort_14,0.12762903326468203,0.1115064822,1.6122551064682022,4339
group_senior_65plus_not_employed,dep_hour_share_escort_15,0.16033202271734381,0.06272580147,9.760622124734383,4339
group_senior_65plus_not_employed,dep_hour_share_escort_16,0.029894526617986646,0.0534444049,-2.3549878282013355,4339
group_senior_65plus_not_employed,dep_hour_share_escort_17,0.07788803594832429,0.03374122629,4.414680965832429,4339
group_senior_65plus_not_employed,dep_hour_share_escort_18,0.054296948137052985,0.04046083234,1.3836115797052981,4339
group_senior_65plus_not_employed,dep_hour_share_escort_19,0.016289084441115896,0.01957471194,-0.32856274988841033,4339
group_senior_65plus_not_employed,dep_hour_share_escort_20,0.007926106222305437,0.01177691654,-0.3850810317694563,4339
group_senior_65plus_not_employed,dep_hour_share_escort_21,0.011545902764775635,0.001257406891,1.0288495873775636,4339
group_senior_65plus_not_employed,dep_hour_share_escort_22,0.004930412531985271,0.008341346795,-0.3410934263014728,4339
group_senior_65plus_not_employed,dep_hour_share_escort_23,0.004306309679835237,0.0,0.4306309679835237,4339
group_senior_65plus_not_employed,dep_hour_share_escort_4,0.0,0.002305654933,-0.2305654933,4339
group_senior_65plus_not_employed,dep_hour_share_escort_5,0.006677900518005367,0.0,0.6677900518005367,4339
group_senior_65plus_not_employed,dep_hour_share_escort_6,0.016788366722835922,0.004658497359,1.2129869363835921,4339
group_senior_65plus_not_employed,dep_hour_share_escort_7,0.08756163015664982,0.08640632856,0.11553015966498242,4339
group_senior_65plus_not_employed,dep_hour_share_escort_8,0.05304874243275292,0.09850497542,-4.545623298724708,4339
group_senior_65plus_not_employed,dep_hour_share_escort_9,0.07601572739187418,0.05070407615,2.531165124187418,4339
group_senior_65plus_not_employed,dep_hour_share_home_10,0.0801184332669016,0.1002612359,-2.0142802633098396,4339
group_senior_65plus_not_employed,dep_hour_share_home_11,0.09059792961755557,0.1233054618,-3.270753218244443,4339
group_senior_65plus_not_employed,dep_hour_share_home_12,0.08489623890787985,0.1068339671,-2.1937728192120143,4339
group_senior_65plus_not_employed,dep_hour_share_home_13,0.06171112313628185,0.06903153087,-0.732040773371815,4339
group_senior_65plus_not_employed,dep_hour_share_home_14,0.08483904602267478,0.07123050455,1.3608541472674776,4339
group_senior_65plus_not_employed,dep_hour_share_home_15,0.07612812966067022,0.08267943615,-0.6551306489329778,4339
group_senior_65plus_not_employed,dep_hour_share_home_16,0.08672201178173435,0.0931523054,-0.643029361826565,4339
group_senior_65plus_not_employed,dep_hour_share_home_17,0.09500178177834677,0.07063709017,2.436469160834677,4339
group_senior_65plus_not_employed,dep_hour_share_home_18,0.0712051420803252,0.05668713935,1.4518002730325206,4339
group_senior_65plus_not_employed,dep_hour_share_home_19,0.0516143791712311,0.03030490685,2.13094723212311,4339
group_senior_65plus_not_employed,dep_hour_share_home_20,0.03372180500745707,0.02250499527,1.121680973745707,4339
group_senior_65plus_not_employed,dep_hour_share_home_21,0.02709182977637582,0.03004900153,-0.2957171753624182,4339
group_senior_65plus_not_employed,dep_hour_share_home_22,0.021121772451507034,0.01488090604,0.6240866411507034,4339
group_senior_65plus_not_employed,dep_hour_share_home_23,0.008768109247209646,0.005661182032,0.31069272152096467,4339
group_senior_65plus_not_employed,dep_hour_share_home_4,7.479069603741295e-05,0.000453971782,-0.0379181085962587,4339
group_senior_65plus_not_employed,dep_hour_share_home_5,0.0007259096968337138,0.0001286825985,0.059722709833371385,4339
group_senior_65plus_not_employed,dep_hour_share_home_6,0.002622073814017536,0.002206542813,0.041553100101753615,4339
group_senior_65plus_not_employed,dep_hour_share_home_7,0.012226079075762975,0.01282550121,-0.05994221342370248,4339
group_senior_65plus_not_employed,dep_hour_share_home_8,0.029458735333324534,0.04417268038,-1.4713945046675467,4339
group_senior_65plus_not_employed,dep_hour_share_home_9,0.06655052111517328,0.06249350161,0.4057019505173273,4339
group_senior_65plus_not_employed,dep_hour_share_leisure_10,0.11523517382413088,0.09162066961,2.361450421413089,4339
group_senior_65plus_not_employed,dep_hour_share_leisure_11,0.07223926380368098,0.07996216928,-0.7722905476319014,4339
group_senior_65plus_not_employed,dep_hour_share_leisure_12,0.04153374233128834,0.07939738058,-3.7863638248711653,4339
group_senior_65plus_not_employed,dep_hour_share_leisure_13,0.07622699386503068,0.07059226913,0.5634724735030683,4339
group_senior_65plus_not_employed,dep_hour_share_leisure_14,0.08666666666666667,0.08614243829,0.052422837666667166,4339
group_senior_65plus_not_employed,dep_hour_share_leisure_15,0.08515337423312884,0.09801726609,-1.286389185687116,4339
group_senior_65plus_not_employed,dep_hour_share_leisure_16,0.07418200408997955,0.07179394305,0.23880610399795443,4339
group_senior_65plus_not_employed,dep_hour_share_leisure_17,0.054222903885480574,0.08989302708,-3.567012319451942,4339
group_senior_65plus_not_employed,dep_hour_share_leisure_18,0.06392638036809815,0.07937463061,-1.5448250241901842,4339
group_senior_65plus_not_employed,dep_hour_share_leisure_19,0.04595092024539877,0.04209959088,0.38513293653987674,4339
group_senior_65plus_not_employed,dep_hour_share_leisure_20,0.010337423312883436,0.009755469299,0.05819540138834369,4339
group_senior_65plus_not_employed,dep_hour_share_leisure_21,0.0045194274028629855,0.003971118392,0.054830901086298525,4339
group_senior_65plus_not_employed,dep_hour_share_leisure_22,0.006124744376278119,0.003958117353,0.2166627023278119,4339
group_senior_65plus_not_employed,dep_hour_share_leisure_23,0.0011758691206543968,0.001348461563,-0.017259244234560312,4339
group_senior_65plus_not_employed,dep_hour_share_leisure_4,0.0006748466257668712,0.0008958020999,-0.02209554741331288,4339
group_senior_65plus_not_employed,dep_hour_share_leisure_5,0.0033231083844580778,0.0007633670105,0.2559741373958078,4339
group_senior_65plus_not_employed,dep_hour_share_leisure_6,0.015040899795501023,0.00616967497,0.8871224825501022,4339
group_senior_65plus_not_employed,dep_hour_share_leisure_7,0.038047034764826175,0.02334015425,1.4706880514826173,4339
group_senior_65plus_not_employed,dep_hour_share_leisure_8,0.08035787321063395,0.08196618227,-0.1608309059366042,4339
group_senior_65plus_not_employed,dep_hour_share_leisure_9,0.11989775051124744,0.07893826818,4.095948233124743,4339
group_senior_65plus_not_employed,dep_hour_share_other_10,0.12812382702147415,0.1893583864,-6.123455937852585,4339
group_senior_65plus_not_employed,dep_hour_share_other_11,0.0840395898773188,0.1280928911,-4.405330122268119,4339
group_senior_65plus_not_employed,dep_hour_share_other_12,0.07016140184515696,0.04958492373,2.0576478115156958,4339
group_senior_65plus_not_employed,dep_hour_share_other_13,0.07285801774037416,0.05484277999,1.8015237750374162,4339
group_senior_65plus_not_employed,dep_hour_share_other_14,0.0653608328888362,0.08758521163,-2.22243787411638,4339
group_senior_65plus_not_employed,dep_hour_share_other_15,0.07882415693711847,0.07364563755,0.5178519387118469,4339
group_senior_65plus_not_employed,dep_hour_share_other_16,0.07417175368932614,0.05024453699,2.3927216699326146,4339
group_senior_65plus_not_employed,dep_hour_share_other_17,0.030611035381971196,0.03270927158,-0.20982361980288017,4339
group_senior_65plus_not_employed,dep_hour_share_other_18,0.03408799067543808,0.008584095873,2.550389480243808,4339
group_senior_65plus_not_employed,dep_hour_share_other_19,0.011833501254469666,0.005231311399,0.6602189855469666,4339
group_senior_65plus_not_employed,dep_hour_share_other_20,0.0064699026057409275,0.001934678521,0.4535224084740927,4339
group_senior_65plus_not_employed,dep_hour_share_other_21,0.004869712953634011,0.0005419180645,0.4327794889134011,4339
group_senior_65plus_not_employed,dep_hour_share_other_22,0.0030127027400778366,0.0,0.30127027400778367,4339
group_senior_65plus_not_employed,dep_hour_share_other_23,0.0021829747723186945,0.0,0.21829747723186946,4339
group_senior_65plus_not_employed,dep_hour_share_other_4,0.0005827851202117782,0.0,0.05827851202117782,4339
group_senior_65plus_not_employed,dep_hour_share_other_5,0.0008988719650724036,0.0005182940076,0.03805779574724036,4339
group_senior_65plus_not_employed,dep_hour_share_other_6,0.020348090637902765,0.002057351153,1.8290739484902765,4339
group_senior_65plus_not_employed,dep_hour_share_other_7,0.07966376261877951,0.04624792396,3.3415838658779515,4339
group_senior_65plus_not_employed,dep_hour_share_other_8,0.08702265947569095,0.1059706263,-1.8947966824309048,4339
group_senior_65plus_not_employed,dep_hour_share_other_9,0.13371461308994645,0.158098286,-2.4383672910053553,4339
group_senior_65plus_not_employed,dep_hour_share_shop_10,0.19237592254045635,0.1827957764,0.9580146140456353,4339
group_senior_65plus_not_employed,dep_hour_share_shop_11,0.10197034328661385,0.1417410105,-3.977066721338614,4339
group_senior_65plus_not_employed,dep_hour_share_shop_12,0.0800866680208545,0.07891649724,0.11701707808545042,4339
group_senior_65plus_not_employed,dep_hour_share_shop_13,0.06858961337937572,0.07532128749,-0.6731674110624281,4339
group_senior_65plus_not_employed,dep_hour_share_shop_14,0.0653801882321078,0.07097441111,-0.5594222877892199,4339
group_senior_65plus_not_employed,dep_hour_share_shop_15,0.04537883404428194,0.07057611148,-2.5197277435718055,4339
group_senior_65plus_not_employed,dep_hour_share_shop_16,0.046719479991874875,0.0594904772,-1.2770997208125128,4339
group_senior_65plus_not_employed,dep_hour_share_shop_17,0.020962827544180378,0.03467602334,-1.3713195795819624,4339
group_senior_65plus_not_employed,dep_hour_share_shop_18,0.012011646015302323,0.00998674224,0.20249037753023222,4339
group_senior_65plus_not_employed,dep_hour_share_shop_19,0.0032500507820434695,0.004123654261,-0.08736034789565308,4339
group_senior_65plus_not_employed,dep_hour_share_shop_20,0.0021260748865867696,0.0,0.21260748865867696,4339
group_senior_65plus_not_employed,dep_hour_share_shop_21,0.0006770939129257228,0.0007303560459,-0.005326213297427719,4339
group_senior_65plus_not_employed,dep_hour_share_shop_22,0.0003927144694969192,0.0,0.039271446949691924,4339
group_senior_65plus_not_employed,dep_hour_share_shop_23,0.0002843794434288036,0.0,0.028437944342880356,4339
group_senior_65plus_not_employed,dep_hour_share_shop_4,4.0625634775543366e-05,0.0,0.004062563477554336,4339
group_senior_65plus_not_employed,dep_hour_share_shop_5,0.0013812715823684745,0.0006641441515,0.07171274308684746,4339
group_senior_65plus_not_employed,dep_hour_share_shop_6,0.007935540659489471,0.003832019375,0.4103521284489471,4339
group_senior_65plus_not_employed,dep_hour_share_shop_7,0.03293384792470716,0.03223980374,0.06940441847071571,4339
group_senior_65plus_not_employed,dep_hour_share_shop_8,0.15326697812986662,0.06482276785,8.84442102798666,4339
group_senior_65plus_not_employed,dep_hour_share_shop_9,0.16293587920644592,0.1691089176,-0.617303839355407,4339
group_senior_65plus_not_employed,dep_hour_share_work_10,0.02038587550054605,0.06664970941,-4.626383390945395,4339
group_senior_65plus_not_employed,dep_hour_share_work_11,0.03858755005460503,0.1116948473,-7.310729724539497,4339
group_senior_65plus_not_employed,dep_hour_share_work_12,0.02766654532216964,0.05452728097,-2.6860735647830363,4339
group_senior_65plus_not_employed,dep_hour_share_work_13,0.03506855964082029,0.05795050438,-2.2881944739179705,4339
group_senior_65plus_not_employed,dep_hour_share_work_14,0.01990049751243781,0.05140635717,-3.150585965756219,4339
group_senior_65plus_not_employed,dep_hour_share_work_15,0.005703191360271811,0.01959160178,-1.3888410419728188,4339
group_senior_65plus_not_employed,dep_hour_share_work_16,0.007523358815677709,0.06361350919,-5.609015037432229,4339
group_senior_65plus_not_employed,dep_hour_share_work_17,0.010192937750273025,0.0,1.0192937750273026,4339
group_senior_65plus_not_employed,dep_hour_share_work_18,0.005703191360271811,0.0282476518,-2.254446043972819,4339
group_senior_65plus_not_employed,dep_hour_share_work_19,0.002184200946487077,0.0,0.2184200946487077,4339
group_senior_65plus_not_employed,dep_hour_share_work_20,0.00024268899405411964,0.002804761883,-0.2562072888945881,4339
group_senior_65plus_not_employed,dep_hour_share_work_21,0.0006067224851352991,0.0,0.06067224851352991,4339
group_senior_65plus_not_employed,dep_hour_share_work_22,0.00012134449702705982,0.0,0.012134449702705982,4339
group_senior_65plus_not_employed,dep_hour_share_work_23,0.00012134449702705982,0.0,0.012134449702705982,4339
group_senior_65plus_not_employed,dep_hour_share_work_4,0.10144399951462202,0.007607627774,9.383637174062203,4339
group_senior_65plus_not_employed,dep_hour_share_work_5,0.12425676495570925,0.003425336628,12.083142832770925,4339
group_senior_65plus_not_employed,dep_hour_share_work_6,0.15483557820652832,0.08348231066,7.135326754652832,4339
group_senior_65plus_not_employed,dep_hour_share_work_7,0.24232496056303846,0.1242190286,11.810593196303845,4339
group_senior_65plus_not_employed,dep_hour_share_work_8,0.11600533915786919,0.1341059355,-1.8100596342130806,4339
group_senior_65plus_not_employed,dep_hour_share_work_9,0.047203009343526274,0.170423871,-12.322086165647372,4339
group_senior_65plus_not_employed,mean_work_activity_h,5.513165877927436,3.30246543,2.2107004479274366,4339
group_senior_65plus_not_employed,mobility_rate,0.7742568545298062,0.7434022921,3.085456242980622,4339
group_senior_65plus_not_employed,n_persons_unweighted,211466.0,4339.0,207127.0,4339
group_senior_65plus_not_employed,n_persons_weighted,211466.0,172745.9997,38720.000300000014,4339
group_senior_65plus_not_employed,n_work_activities_measured,8241.0,114.0,8127.0,4339
group_senior_65plus_not_employed,nonhome_acts_per_mobile,1.8458122873773124,2.325446883,-0.47963459562268773,4339
group_senior_65plus_not_employed,participation_education,0.018031267437791418,0.00987180536,0.8159462077791418,4339
group_senior_65plus_not_employed,participation_escort,0.05658592870721534,0.05132545591,0.5260472797215344,4339
group_senior_65plus_not_employed,participation_home,0.7742568545298062,0.7356316286,3.8625225929806217,4339
group_senior_65plus_not_employed,participation_leisure,0.3684280215259191,0.4411329338,-7.270491227408094,4339
group_senior_65plus_not_employed,participation_other,0.34693993360634806,0.3040992676,4.284066600634806,4339
group_senior_65plus_not_employed,participation_shop,0.30802114760765326,0.4291520673,-12.113091969234674,4339
group_senior_65plus_not_employed,participation_work,0.03276649674179301,0.01745748322,1.530901352179301,4339
group_senior_65plus_not_employed,purpose_share_education,0.009567263566213546,0.003403748817,0.6163514749213546,4339
group_senior_65plus_not_employed,purpose_share_escort,0.030259823158594486,0.0249097433,0.5350079858594488,4339
group_senior_65plus_not_employed,purpose_share_home,0.4292634377939016,0.4276283164,0.16351213939015952,4339
group_senior_65plus_not_employed,purpose_share_leisure,0.1846976661618012,0.2151874717,-3.04898055381988,4339
group_senior_65plus_not_employed,purpose_share_other,0.19119041234037248,0.1286440155,6.25463968403725,4339
group_senior_65plus_not_employed,purpose_share_shop,0.1394580690973232,0.1926772718,-5.32192027026768,4339
group_senior_65plus_not_employed,purpose_share_work,0.015563327881793494,0.007549432521,0.8013895360793494,4339
group_senior_65plus_not_employed,share_mobile_first_from_home,1.0,0.9863450136,1.3654986399999958,4339
group_senior_65plus_not_employed,share_mobile_last_to_home,1.0,0.9841222301,1.5877769900000005,4339
group_senior_65plus_not_employed,share_mobile_odd_trip_count,0.3142387726059525,0.2620630164,5.21757562059525,4339
group_senior_65plus_not_employed,share_trips_0,0.22574314547019378,0.2565977079,-3.0854562429806247,4339
group_senior_65plus_not_employed,share_trips_1,0.001659841298364749,0.006558269621,-0.4898428322635251,4339
group_senior_65plus_not_employed,share_trips_2,0.3462116841478063,0.2377342317,10.84774524478063,4339
group_senior_65plus_not_employed,share_trips_3,0.16206860677366575,0.0786535077,8.341509907366575,4339
group_senior_65plus_not_employed,share_trips_4,0.12943924791692282,0.1871940612,-5.775481328307719,4339
group_senior_65plus_not_employed,share_trips_5,0.056661590988622286,0.05648276457,0.017882641862228266,4339
group_senior_65plus_not_employed,share_trips_6,0.047364588160744514,0.07896744276,-3.160285459925549,4339
group_senior_65plus_not_employed,share_trips_7,0.01802180965261555,0.03795945443,-1.9937644777384447,4339
group_senior_65plus_not_employed,share_trips_8plus,0.012829485591064284,0.05985256017,-4.702307457893571,4339
group_senior_65plus_not_employed,share_trips_followed_by_same_purpose,0.09911730379177888,0.05583601869,4.328128510177888,4339
group_senior_65plus_not_employed,share_trips_home_based,0.8255173612029144,0.8557544834,-3.023712219708563,4339
group_senior_65plus_not_employed,share_trips_unknown_purpose,0.0,5.761510002e-05,-0.005761510002,4339
group_senior_65plus_not_employed,share_work_activities_lt_2h,0.1900254823443757,0.4198636205,-22.983813815562428,4339
group_senior_65plus_not_employed,tours_per_mobile,1.3882757483402453,1.737204808,-0.34892905965975474,4339
group_senior_65plus_not_employed,trips_per_mobile_person,3.2340880357175577,4.062651691,-0.8285636552824425,4339
group_senior_65plus_not_employed,trips_per_person,2.5040148298071556,3.020184579,-0.5161697491928443,4339
group_senior_65plus_not_employed,trips_per_person_education,0.023956569850472415,0.01027935741,0.013677212440472415,4339
group_senior_65plus_not_employed,trips_per_person_escort,0.0757710459364626,0.07522768809,0.0005433578464626027,4339
group_senior_65plus_not_employed,trips_per_person_home,1.0748820141299311,1.291442036,-0.21656002187006895,4339
group_senior_65plus_not_employed,trips_per_person_leisure,0.4624856950999215,0.6498684392,-0.18738274410007855,4339
group_senior_65plus_not_employed,trips_per_person_other,0.4787436278172378,0.3885062866,0.09023734121723781,4339
group_senior_65plus_not_employed,trips_per_person_shop,0.3492050731559683,0.5818873975,-0.23268232434403163,4339
group_senior_65plus_not_employed,trips_per_person_work,0.0389708038171621,0.02279936601,0.0161714378071621,4339
kreis_03101,dep_hour_share_all_10,0.0465666494627692,0.04768783712,-0.11211876572308002,4519
kreis_03101,dep_hour_share_all_11,0.04890794350865669,0.05982544237,-1.0917498861343313,4519
kreis_03101,dep_hour_share_all_12,0.061102378829822175,0.0566705804,0.44317984298221785,4519
kreis_03101,dep_hour_share_all_13,0.06304954722469854,0.07240278203,-0.9353234805301467,4519
kreis_03101,dep_hour_share_all_14,0.068757331206306,0.07081130982,-0.20539786136939964,4519
kreis_03101,dep_hour_share_all_15,0.08792403697273964,0.09227897368,-0.4354936707260365,4519
kreis_03101,dep_hour_share_all_16,0.08833927649791207,0.0956105496,-0.727127310208793,4519
kreis_03101,dep_hour_share_all_17,0.08303031013935157,0.09057934006,-0.7549029920648431,4519
kreis_03101,dep_hour_share_all_18,0.06838197344343827,0.06391969238,0.4462281063438267,4519
kreis_03101,dep_hour_share_all_19,0.04585229672031155,0.0429888639,0.28634328203115467,4519
kreis_03101,dep_hour_share_all_20,0.03324027588795571,0.02757435138,0.5665924507955709,4519
kreis_03101,dep_hour_share_all_21,0.021103317224229343,0.02015657983,0.09467373942293432,4519
kreis_03101,dep_hour_share_all_22,0.01647468681086661,0.01470191907,0.17727677408666093,4519
kreis_03101,dep_hour_share_all_23,0.008381035049031108,0.006778047623,0.16029874260311072,4519
kreis_03101,dep_hour_share_all_4,0.004460892413081218,0.001778546951,0.2682345462081218,4519
kreis_03101,dep_hour_share_all_5,0.013481208651996434,0.007976812978,0.5504395673996434,4519
kreis_03101,dep_hour_share_all_6,0.04445291606062028,0.02687070239,1.7582213670620281,4519
kreis_03101,dep_hour_share_all_7,0.08197461643128608,0.09452740564,-1.255278920871393,4519
kreis_03101,dep_hour_share_all_8,0.05632829728334819,0.0597203073,-0.3392010016651806,4519
kreis_03101,dep_hour_share_all_9,0.04701707877821048,0.04474744367,0.22696351082104813,4519
kreis_03101,dep_hour_share_education_10,0.024140098787606645,0.02053195257,0.3608146217606644,4519
kreis_03101,dep_hour_share_education_11,0.0407723394701392,0.03082812426,0.9944215210139205,4519
kreis_03101,dep_hour_share_education_12,0.035132465199820384,0.03279441828,0.2338046919820383,4519
kreis_03101,dep_hour_share_education_13,0.041095644364616074,0.04742332445,-0.6327680085383924,4519
kreis_03101,dep_hour_share_education_14,0.023709025594970814,0.02829449134,-0.45854657450291847,4519
kreis_03101,dep_hour_share_education_15,0.033066906151773684,0.02188450235,1.1182403801773684,4519
kreis_03101,dep_hour_share_education_16,0.02279299506061967,0.02514131497,-0.23483199093803295,4519
kreis_03101,dep_hour_share_education_17,0.00926807364167041,0.008888763946,0.03793096956704097,4519
kreis_03101,dep_hour_share_education_18,0.006088908845981141,0.003465831918,0.26230769279811406,4519
kreis_03101,dep_hour_share_education_19,0.0010417602155365962,0.005285766938,-0.4244006722463403,4519
kreis_03101,dep_hour_share_education_20,0.0006286484059272564,0.0009515474552,-0.03228990492727436,4519
kreis_03101,dep_hour_share_education_21,0.0005208801077682981,0.0,0.05208801077682981,4519
kreis_03101,dep_hour_share_education_22,0.00023349797934440951,0.0,0.02334979793444095,4519
kreis_03101,dep_hour_share_education_23,0.00010776829815895825,0.0,0.010776829815895825,4519
kreis_03101,dep_hour_share_education_4,0.00046699595868881903,0.0,0.0466995958688819,4519
kreis_03101,dep_hour_share_education_5,0.0026044005388414907,0.0,0.2604400538841491,4519
kreis_03101,dep_hour_share_education_6,0.15371351594072744,0.03835223238,11.536128356072744,4519
kreis_03101,dep_hour_share_education_7,0.42751683879658736,0.5734807602,-14.596392140341269,4519
kreis_03101,dep_hour_share_education_8,0.13099236641221373,0.1071521884,2.3840178012213733,4519
kreis_03101,dep_hour_share_education_9,0.044095195330040415,0.05552478052,-1.1429585189959581,4519
kreis_03101,dep_hour_share_escort_10,0.017779208700007154,0.01426058452,0.3518624180007155,4519
kreis_03101,dep_hour_share_escort_11,0.03162338126922802,0.01673303493,1.489034633922802,4519
kreis_03101,dep_hour_share_escort_12,0.06299635114831509,0.04311350857,1.9882842578315088,4519
kreis_03101,dep_hour_share_escort_13,0.06331830864992488,0.06740651589,-0.4088207240075123,4519
kreis_03101,dep_hour_share_escort_14,0.14291335765901123,0.149648673,-0.6735315340988784,4519
kreis_03101,dep_hour_share_escort_15,0.13811976819059885,0.1296761603,0.8443607890598837,4519
kreis_03101,dep_hour_share_escort_16,0.06771839450525864,0.05898405193,0.8734342575258638,4519
kreis_03101,dep_hour_share_escort_17,0.04575373828432425,0.05730475698,-1.1551018695675757,4519
kreis_03101,dep_hour_share_escort_18,0.03952922658653502,0.04755531218,-0.8026085593464981,4519
kreis_03101,dep_hour_share_escort_19,0.013164484510266868,0.006061524081,0.7102960429266868,4519
kreis_03101,dep_hour_share_escort_20,0.01334334978893897,0.003375638135,0.996771165393897,4519
kreis_03101,dep_hour_share_escort_21,0.00812048365171353,0.005019465352,0.310101829971353,4519
kreis_03101,dep_hour_share_escort_22,0.0042927666881305004,0.04399348222,-3.97007155318695,4519
kreis_03101,dep_hour_share_escort_23,0.0018244258424554626,0.0,0.18244258424554627,4519
kreis_03101,dep_hour_share_escort_4,0.0015382413965800959,0.0,0.1538241396580096,4519
kreis_03101,dep_hour_share_escort_5,0.003183801960363454,0.0,0.31838019603634543,4519
kreis_03101,dep_hour_share_escort_6,0.046469199399012666,0.009420544121,3.704865527801267,4519
kreis_03101,dep_hour_share_escort_7,0.17382127781355083,0.2091592327,-3.533795488644917,4519
kreis_03101,dep_hour_share_escort_8,0.09894827216140803,0.1103325865,-1.1384314338591968,4519
kreis_03101,dep_hour_share_escort_9,0.022930528725763753,0.02210900321,0.08215255157637547,4519
kreis_03101,dep_hour_share_home_10,0.03233931747332949,0.03475853875,-0.2419221276670505,4519
kreis_03101,dep_hour_share_home_11,0.046652465089364985,0.06199770507,-1.5345239980635015,4519
kreis_03101,dep_hour_share_home_12,0.07154871887968277,0.04503452745,2.651419142968277,4519
kreis_03101,dep_hour_share_home_13,0.07391722428186065,0.09082291551,-1.6905691228139355,4519
kreis_03101,dep_hour_share_home_14,0.07807558226939693,0.07274032995,0.5335252319396924,4519
kreis_03101,dep_hour_share_home_15,0.10222299123794829,0.1123338805,-1.0110889262051712,4519
kreis_03101,dep_hour_share_home_16,0.10469928490992589,0.122242975,-1.7543690090074116,4519
kreis_03101,dep_hour_share_home_17,0.10869879702617836,0.1193938817,-1.069508467382163,4519
kreis_03101,dep_hour_share_home_18,0.0934269011156086,0.08822572569,0.5201175425608593,4519
kreis_03101,dep_hour_share_home_19,0.06644012219785955,0.05534110244,1.1099019757859554,4519
kreis_03101,dep_hour_share_home_20,0.05762984940844096,0.04714811709,1.0481732318440962,4519
kreis_03101,dep_hour_share_home_21,0.04083757158701208,0.03676528799,0.4072283597012082,4519
kreis_03101,dep_hour_share_home_22,0.03407527592378802,0.02422624834,0.9849027583788021,4519
kreis_03101,dep_hour_share_home_23,0.017881506653089126,0.01383220433,0.4049302323089126,4519
kreis_03101,dep_hour_share_home_4,6.52402685629838e-05,0.001314338049,-0.12490977804370162,4519
kreis_03101,dep_hour_share_home_5,0.0005758162834037266,0.0008203007169,-0.024448443349627338,4519
kreis_03101,dep_hour_share_home_6,0.0018862947214949666,0.004059743068,-0.21734483465050336,4519
kreis_03101,dep_hour_share_home_7,0.00841599464462491,0.01706015141,-0.8644156765375088,4519
kreis_03101,dep_hour_share_home_8,0.01768011278056861,0.02381268918,-0.6132576399431388,4519
kreis_03101,dep_hour_share_home_9,0.02462111004898693,0.02437431795,0.02467920989869324,4519
kreis_03101,dep_hour_share_leisure_10,0.050701039929573935,0.05049671566,0.020432426957393834,4519
kreis_03101,dep_hour_share_leisure_11,0.0404949864372571,0.05309479879,-1.2599812352742898,4519
kreis_03101,dep_hour_share_leisure_12,0.046177739924563956,0.07241167753,-2.623393760543604,4519
kreis_03101,dep_hour_share_leisure_13,0.055417582181633396,0.05821315957,-0.27955773883666035,4519
kreis_03101,dep_hour_share_leisure_14,0.0729310554605249,0.06831086682,0.4620188640524908,4519
kreis_03101,dep_hour_share_leisure_15,0.09969868523700803,0.1002183477,-0.05196624629919683,4519
kreis_03101,dep_hour_share_leisure_16,0.1271247700775116,0.1261105894,0.10141806775116058,4519
kreis_03101,dep_hour_share_leisure_17,0.12524960456910558,0.1180175561,0.7232048469105579,4519
kreis_03101,dep_hour_share_leisure_18,0.10392854331131327,0.1004245207,0.35040226113132594,4519
kreis_03101,dep_hour_share_leisure_19,0.07333185419514604,0.09438887854,-2.105702434485396,4519
kreis_03101,dep_hour_share_leisure_20,0.03817607947266338,0.03233891003,0.5837169442663381,4519
kreis_03101,dep_hour_share_leisure_21,0.013813242103907072,0.01484423459,-0.10309924860929277,4519
kreis_03101,dep_hour_share_leisure_22,0.0065845506402044075,0.0118752588,-0.5290708159795593,4519
kreis_03101,dep_hour_share_leisure_23,0.002855690984175607,0.002511792798,0.034389818617560707,4519
kreis_03101,dep_hour_share_leisure_4,0.00040079873462113785,0.003523407115,-0.31226083803788623,4519
kreis_03101,dep_hour_share_leisure_5,0.004644971049448544,0.003262851437,0.13821196124485435,4519
kreis_03101,dep_hour_share_leisure_6,0.01614646330902298,0.008722591137,0.742387217202298,4519
kreis_03101,dep_hour_share_leisure_7,0.025865832623585574,0.01670159881,0.9164233813585575,4519
kreis_03101,dep_hour_share_leisure_8,0.035649616020497994,0.0310501451,0.4599470920497995,4519
kreis_03101,dep_hour_share_leisure_9,0.05718539088612306,0.033145983,2.403940788612306,4519
kreis_03101,dep_hour_share_other_10,0.07853779754119801,0.1097865958,-3.124879825880199,4519
kreis_03101,dep_hour_share_other_11,0.07738250937309268,0.07884335742,-0.1460848046907312,4519
kreis_03101,dep_hour_share_other_12,0.08436873310663527,0.04660928546,3.7759447646635276,4519
kreis_03101,dep_hour_share_other_13,0.07314281977504578,0.0674063884,0.5736431375045772,4519
kreis_03101,dep_hour_share_other_14,0.08866291742959281,0.1276187168,-3.895579937040719,4519
kreis_03101,dep_hour_share_other_15,0.10574156421658383,0.1215248284,-1.5783264183416177,4519
kreis_03101,dep_hour_share_other_16,0.10131659255384079,0.08850395204,1.281264051384079,4519
kreis_03101,dep_hour_share_other_17,0.06278882204202633,0.0612286676,0.15601544420263333,4519
kreis_03101,dep_hour_share_other_18,0.04637501089894498,0.01906266383,2.731234706894498,4519
kreis_03101,dep_hour_share_other_19,0.025590722818031215,0.008143389339,1.7447333479031213,4519
kreis_03101,dep_hour_share_other_20,0.013907053797192431,0.006035542698,0.787151109919243,4519
kreis_03101,dep_hour_share_other_21,0.008915336995378848,0.01073811873,-0.1822781734621151,4519
kreis_03101,dep_hour_share_other_22,0.005296887261313105,0.002364734062,0.2932153199313105,4519
kreis_03101,dep_hour_share_other_23,0.0031824919347807133,0.006819974246,-0.36374823112192867,4519
kreis_03101,dep_hour_share_other_4,0.0006430377539454181,0.0,0.06430377539454181,4519
kreis_03101,dep_hour_share_other_5,0.0026484436306565525,0.0,0.26484436306565523,4519
kreis_03101,dep_hour_share_other_6,0.013438399162961025,0.01169958313,0.17388160329610253,4519
kreis_03101,dep_hour_share_other_7,0.050124247972796236,0.04960291759,0.052133038279623956,4519
kreis_03101,dep_hour_share_other_8,0.0731101229400994,0.08067309692,-0.7562973979900606,4519
kreis_03101,dep_hour_share_other_9,0.07914813846019705,0.09899760006,-1.9849461599802942,4519
kreis_03101,dep_hour_share_shop_10,0.11941334962917696,0.09419011631,2.522323331917696,4519
kreis_03101,dep_hour_share_shop_11,0.08984472653537402,0.1044476569,-1.4602930364625983,4519
kreis_03101,dep_hour_share_shop_12,0.07784505985944835,0.08265072538,-0.4805665520551644,4519
kreis_03101,dep_hour_share_shop_13,0.06809533068525875,0.07090172509,-0.2806394404741258,4519
kreis_03101,dep_hour_share_shop_14,0.06865087080914418,0.075349347,-0.6698476190855812,4519
kreis_03101,dep_hour_share_shop_15,0.09542790478042276,0.1029787233,-0.7550818519577243,4519
kreis_03101,dep_hour_share_shop_16,0.08691425238187828,0.09980711195,-1.2892859568121722,4519
kreis_03101,dep_hour_share_shop_17,0.0912196883419905,0.1030396687,-1.1819980358009505,4519
kreis_03101,dep_hour_share_shop_18,0.06334546262603817,0.05472815649,0.8617306136038172,4519
kreis_03101,dep_hour_share_shop_19,0.027096469542512706,0.02009529869,0.7001170852512707,4519
kreis_03101,dep_hour_share_shop_20,0.006263714896808422,0.01066398826,-0.4400273363191578,4519
kreis_03101,dep_hour_share_shop_21,0.0051387461459403904,0.007219031324,-0.208028517805961,4519
kreis_03101,dep_hour_share_shop_22,0.00524985417071748,0.001594011209,0.36558429617174804,4519
kreis_03101,dep_hour_share_shop_23,0.00048609760839976666,0.001428227147,-0.09421295386002335,4519
kreis_03101,dep_hour_share_shop_4,6.944251548568096e-05,0.0,0.006944251548568096,4519
kreis_03101,dep_hour_share_shop_5,0.00038887808671981335,0.0005067921782,-0.01179140914801867,4519
kreis_03101,dep_hour_share_shop_6,0.004902641593289075,0.00837450019,-0.3471858596710925,4519
kreis_03101,dep_hour_share_shop_7,0.024221549401405515,0.02719511611,-0.29735667085944856,4519
kreis_03101,dep_hour_share_shop_8,0.06908141440515542,0.04254401445,2.653739995515542,4519
kreis_03101,dep_hour_share_shop_9,0.09351129135301797,0.09228578924,0.12255021130179733,4519
kreis_03101,dep_hour_share_work_10,0.03161960787788045,0.03514968477,-0.3530076892119552,4519
kreis_03101,dep_hour_share_work_11,0.025400228575478634,0.03869775956,-1.3297530984521369,4519
kreis_03101,dep_hour_share_work_12,0.029697093193234873,0.0689206516,-3.922355840676512,4519
kreis_03101,dep_hour_share_work_13,0.03789214426833698,0.05130043392,-1.340828965166302,4519
kreis_03101,dep_hour_share_work_14,0.022228522321547227,0.03559415257,-1.3365630248452776,4519
kreis_03101,dep_hour_share_work_15,0.024044722830083368,0.01882791838,0.5216804450083369,4519
kreis_03101,dep_hour_share_work_16,0.017027987206860808,0.01534365213,0.16843350768608079,4519
kreis_03101,dep_hour_share_work_17,0.007441992327660291,0.01283202216,-0.5390029832339709,4519
kreis_03101,dep_hour_share_work_18,0.005129658997280129,0.002466888062,0.2662770935280129,4519
kreis_03101,dep_hour_share_work_19,0.006166222214347098,0.001465515567,0.4700706647347098,4519
kreis_03101,dep_hour_share_work_20,0.004890452101033905,0.005188446893,-0.029799479196609448,4519
kreis_03101,dep_hour_share_work_21,0.0019490932286729333,0.005495518164,-0.35464249353270666,4519
kreis_03101,dep_hour_share_work_22,0.001018844187715397,0.0,0.1018844187715397,4519
kreis_03101,dep_hour_share_work_23,0.0005138518511955915,0.0004100550272,0.01037968239955915,4519
kreis_03101,dep_hour_share_work_4,0.031814517200747745,0.004734940982,2.7079576218747743,4519
kreis_03101,dep_hour_share_work_5,0.0898000407537675,0.05358261365,3.6217427103767506,4519
kreis_03101,dep_hour_share_work_6,0.20849095886527336,0.1467060386,6.178492026527335,4519
kreis_03101,dep_hour_share_work_7,0.2507242653247455,0.2640257821,-1.3301516775254485,4519
kreis_03101,dep_hour_share_work_8,0.13347744810539278,0.1802284275,-4.6750979394607235,4519
kreis_03101,dep_hour_share_work_9,0.056009851780319475,0.05651873313,-0.050888134968052334,4519
kreis_03101,mean_work_activity_h,5.713557480845631,5.906851596,-0.19329411515436945,4519
kreis_03101,mobility_rate,0.9006593719363714,0.8532543912,4.740498073637134,4519
kreis_03101,n_persons_unweighted,252968.0,4519.0,248449.0,4519
kreis_03101,n_persons_weighted,252968.0,252816.0,152.0,4519
kreis_03101,n_work_activities_measured,112768.0,1988.0,110780.0,4519
kreis_03101,nonhome_acts_per_mobile,2.194440786874885,2.258748975,-0.06430818812511507,4519
kreis_03101,participation_education,0.17438964612124855,0.1758203279,-0.14306817787514414,4519
kreis_03101,participation_escort,0.07433351253913538,0.07505334494,-0.07198324008646229,4519
kreis_03101,participation_home,0.9006593719363714,0.8410964282,5.956294373637139,4519
kreis_03101,participation_leisure,0.41287435564972647,0.417759712,-0.488535635027354,4519
kreis_03101,participation_other,0.265784605167452,0.1661717134,9.9612891767452,4519
kreis_03101,participation_shop,0.2354447993422093,0.3051895512,-6.974475185779072,4519
kreis_03101,participation_work,0.35942095442901867,0.3444301713,1.4990783129018692,4519
kreis_03101,purpose_share_education,0.06530638577394078,0.06254172817,0.2764657603940776,4519
kreis_03101,purpose_share_escort,0.03278984657251443,0.03652324792,-0.3733401347485572,4519
kreis_03101,purpose_share_home,0.4135304743583728,0.4143342663,-0.08037919416271633,4519
kreis_03101,purpose_share_leisure,0.16389175620513302,0.1750090584,-1.1117302194866978,4519
kreis_03101,purpose_share_other,0.10762445455825083,0.06245350583,4.517094872825083,4519
kreis_03101,purpose_share_shop,0.08445784263125791,0.1187333581,-3.4275515468742093,4519
kreis_03101,purpose_share_work,0.13239923990053018,0.1304048353,0.19944046005301863,4519
kreis_03101,share_mobile_first_from_home,1.0,0.9765953407,2.340465930000002,4519
kreis_03101,share_mobile_last_to_home,1.0,0.972429834,2.757016599999995,4519
kreis_03101,share_mobile_odd_trip_count,0.3047779562671723,0.2506396326,5.41383236671723,4519
kreis_03101,share_trips_0,0.0993406280636286,0.1467456088,-4.7404980736371405,4519
kreis_03101,share_trips_1,0.000640397204389488,0.006412655869,-0.5772258664610512,4519
kreis_03101,share_trips_2,0.31555769899750163,0.2915493441,2.400835489750164,4519
kreis_03101,share_trips_3,0.1277197115840739,0.08743882215,4.028088943407389,4519
kreis_03101,share_trips_4,0.20704199740678664,0.23078466,-2.3742662593213364,4519
kreis_03101,share_trips_5,0.10121042977767938,0.07522695049,2.5983479287679385,4519
kreis_03101,share_trips_6,0.07905743018879859,0.08162127706,-0.2563846871201411,4519
kreis_03101,share_trips_7,0.03505581733658012,0.03220095058,0.2854866756580122,4519
kreis_03101,share_trips_8plus,0.03437588944056165,0.04801973094,-1.364384149943835,4519
kreis_03101,share_trips_followed_by_same_purpose,0.11029887861868343,0.05303718818,5.726169043868342,4519
kreis_03101,share_trips_home_based,0.8036761600900859,0.8289227483,-2.52465882099141,4519
kreis_03101,share_trips_unknown_purpose,0.0,0.0009975171235,-0.09975171235,4519
kreis_03101,share_work_activities_lt_2h,0.20547495743473326,0.1202949916,8.517996583473327,4519
kreis_03101,tours_per_mobile,1.547340654324564,1.595251636,-0.04791098167543595,4519
kreis_03101,trips_per_mobile_person,3.7417814411994486,3.85400061,-0.11221916880055138,4519
kreis_03101,trips_per_person,3.370070522753866,3.288442944,0.08162757875386628,4519
kreis_03101,trips_per_person_education,0.22008712564435026,0.2054597505,0.014627375144350252,4519
kreis_03101,trips_per_person_escort,0.11050409537965276,0.1199848105,-0.009480715120347233,4519
kreis_03101,trips_per_person_home,1.3936268618955758,1.361155463,0.03247139889557582,4519
kreis_03101,trips_per_person_leisure,0.5523267765092819,0.5749332249,-0.022606448390718126,4519
kreis_03101,trips_per_person_other,0.3627020018342241,0.2051699257,0.15753207613422407,4519
kreis_03101,trips_per_person_shop,0.28462888586698715,0.3900583952,-0.10542950933301287,4519
kreis_03101,trips_per_person_work,0.44619477562379434,0.4284010964,0.017793679223794323,4519
kreis_03102,dep_hour_share_all_10,0.04475437266169918,0.05599799838,-1.1243625718300816,1794
kreis_03102,dep_hour_share_all_11,0.049655012502271716,0.05435093842,-0.4695925917728286,1794
kreis_03102,dep_hour_share_all_12,0.060390045810328946,0.06319435206,-0.2804306249671054,1794
kreis_03102,dep_hour_share_all_13,0.06618370505918995,0.06619872613,-0.0015021070810042336,1794
kreis_03102,dep_hour_share_all_14,0.07456868729280383,0.06538420907,0.9184478222803827,1794
kreis_03102,dep_hour_share_all_15,0.0885436576821603,0.08964608147,-0.11024237878397014,1794
kreis_03102,dep_hour_share_all_16,0.08891339905120604,0.08734953676,0.15638622912060446,1794
kreis_03102,dep_hour_share_all_17,0.07605705297328462,0.07466723082,0.138982215328462,1794
kreis_03102,dep_hour_share_all_18,0.05758251812672729,0.0545953237,0.2987194426727291,1794
kreis_03102,dep_hour_share_all_19,0.034179142826704104,0.04411365433,-0.9934511503295897,1794
kreis_03102,dep_hour_share_all_20,0.02799067499733661,0.01856791988,0.9422755117336611,1794
kreis_03102,dep_hour_share_all_21,0.018038992047427163,0.02047187277,-0.24328807225728366,1794
kreis_03102,dep_hour_share_all_22,0.013285622074186413,0.01109499983,0.2190622244186412,1794
kreis_03102,dep_hour_share_all_23,0.006940484173189364,0.002286324245,0.46541599281893636,1794
kreis_03102,dep_hour_share_all_4,0.0055461205356863085,0.004248621672,0.12974988636863086,1794
kreis_03102,dep_hour_share_all_5,0.018703273151136485,0.02066589265,-0.19626194988635154,1794
kreis_03102,dep_hour_share_all_6,0.05013755632289075,0.03642322146,1.3714334862890747,1794
kreis_03102,dep_hour_share_all_7,0.09647429670804845,0.1066172801,-1.0142983391951548,1794
kreis_03102,dep_hour_share_all_8,0.06065011812923401,0.07298458603,-1.2334467900765997,1794
kreis_03102,dep_hour_share_all_9,0.04765903578971116,0.04805610009,-0.0397064300288838,1794
kreis_03102,dep_hour_share_education_10,0.018819896511433818,0.005463369422,1.3356527089433818,1794
kreis_03102,dep_hour_share_education_11,0.024244700383909197,0.008815438064,1.5429262319909198,1794
kreis_03102,dep_hour_share_education_12,0.02028042063094642,0.02082189191,-0.054147127905358056,1794
kreis_03102,dep_hour_share_education_13,0.029669504256384576,0.02006965188,0.9599852376384576,1794
kreis_03102,dep_hour_share_education_14,0.02416124186279419,0.01377510542,1.0386136442794192,1794
kreis_03102,dep_hour_share_education_15,0.03171423802370222,0.007347558802,2.4366679221702223,1794
kreis_03102,dep_hour_share_education_16,0.01911200133533634,0.01565707294,0.34549283953363397,1794
kreis_03102,dep_hour_share_education_17,0.007803371724253046,0.0292680655,-2.1464693775746952,1794
kreis_03102,dep_hour_share_education_18,0.004673677182440327,0.008138399725,-0.34647225425596734,1794
kreis_03102,dep_hour_share_education_19,0.0013353363378400935,0.0,0.13353363378400934,1794
kreis_03102,dep_hour_share_education_20,0.0004172926055750292,0.0,0.041729260557502916,1794
kreis_03102,dep_hour_share_education_21,0.00016691704223001168,0.0,0.016691704223001168,1794
kreis_03102,dep_hour_share_education_22,0.00012518778167250875,0.0,0.012518778167250874,1794
kreis_03102,dep_hour_share_education_23,8.345852111500584e-05,0.0,0.008345852111500584,1794
kreis_03102,dep_hour_share_education_4,0.0008763144717075614,0.0,0.08763144717075613,1794
kreis_03102,dep_hour_share_education_5,0.004840594224670339,0.0,0.4840594224670339,1794
kreis_03102,dep_hour_share_education_6,0.1729677850108496,0.06901546842,10.395231659084962,1794
kreis_03102,dep_hour_share_education_7,0.47892672341846104,0.6150964299,-13.616970648153897,1794
kreis_03102,dep_hour_share_education_8,0.12235019195459856,0.1660756636,-4.372547164540144,1794
kreis_03102,dep_hour_share_education_9,0.035553329994992486,0.02045588436,1.5097445634992486,1794
kreis_03102,dep_hour_share_escort_10,0.021215164448907857,0.01862516033,0.2590004118907856,1794
kreis_03102,dep_hour_share_escort_11,0.032324880743158424,0.02053651758,1.1788363163158424,1794
kreis_03102,dep_hour_share_escort_12,0.06264122520713031,0.0642005887,-0.15593634928696976,1794
kreis_03102,dep_hour_share_escort_13,0.06791363293999497,0.0757287673,-0.7815134360005027,1794
kreis_03102,dep_hour_share_escort_14,0.12434094903339192,0.06950923725,5.483171178339193,1794
kreis_03102,dep_hour_share_escort_15,0.13212402711523977,0.1136989828,1.8425044315239767,1794
kreis_03102,dep_hour_share_escort_16,0.06672106452422796,0.06200208645,0.4718978074227963,1794
kreis_03102,dep_hour_share_escort_17,0.05416771277931207,0.05272871415,0.14389986293120716,1794
kreis_03102,dep_hour_share_escort_18,0.03860155661561637,0.02508727222,1.3514284395616372,1794
kreis_03102,dep_hour_share_escort_19,0.018076826512678886,0.03263084378,-1.4554017267321115,1794
kreis_03102,dep_hour_share_escort_20,0.012553351744915892,0.004882833198,0.7670518546915892,1794
kreis_03102,dep_hour_share_escort_21,0.0043309063519959825,0.0,0.43309063519959823,1794
kreis_03102,dep_hour_share_escort_22,0.0019457695204619634,0.0,0.19457695204619635,1794
kreis_03102,dep_hour_share_escort_23,0.0021340697966357016,0.0,0.21340697966357017,1794
kreis_03102,dep_hour_share_escort_4,0.0023851368315340195,0.0,0.23851368315340196,1794
kreis_03102,dep_hour_share_escort_5,0.002447903590258599,0.002065175858,0.0382727732258599,1794
kreis_03102,dep_hour_share_escort_6,0.039417524479035904,0.008083858796,3.13336656830359,1794
kreis_03102,dep_hour_share_escort_7,0.18993221190057746,0.2779537572,-8.802154529942252,1794
kreis_03102,dep_hour_share_escort_8,0.09452673863921666,0.1447613543,-5.023461566078334,1794
kreis_03102,dep_hour_share_escort_9,0.02473010293748431,0.01123233948,1.3497763457484309,1794
kreis_03102,dep_hour_share_home_10,0.030545088429733712,0.04550045972,-1.4955371290266286,1794
kreis_03102,dep_hour_share_home_11,0.049297078006203775,0.06218986094,-1.2892782933796227,1794
kreis_03102,dep_hour_share_home_12,0.0761998534191103,0.07852345259,-0.23235991708897008,1794
kreis_03102,dep_hour_share_home_13,0.08535745748784045,0.09039482876,-0.5037371272159558,1794
kreis_03102,dep_hour_share_home_14,0.08879988747325639,0.0770255852,1.177430227325639,1794
kreis_03102,dep_hour_share_home_15,0.11026880566187194,0.1092339116,0.10348940618719465,1794
kreis_03102,dep_hour_share_home_16,0.11528068759762805,0.1190348678,-0.37541802023719484,1794
kreis_03102,dep_hour_share_home_17,0.10370227792625056,0.08377673445,1.9925543476250556,1794
kreis_03102,dep_hour_share_home_18,0.07960526802833898,0.08003307081,-0.04278027816610186,1794
kreis_03102,dep_hour_share_home_19,0.05182152666217547,0.05596458716,-0.41430604978245356,1794
kreis_03102,dep_hour_share_home_20,0.04845312742913406,0.03341743577,1.5035691659134063,1794
kreis_03102,dep_hour_share_home_21,0.03395050303896238,0.03619514563,-0.22446425910376197,1794
kreis_03102,dep_hour_share_home_22,0.02568126799872667,0.02168557803,0.3995689968726672,1794
kreis_03102,dep_hour_share_home_23,0.01375491379118886,0.004497603958,0.925730983318886,1794
kreis_03102,dep_hour_share_home_4,2.9612300949814552e-05,0.000740800273,-0.07111879720501854,1794
kreis_03102,dep_hour_share_home_5,0.0009920120818187874,0.003578231944,-0.25862198621812127,1794
kreis_03102,dep_hour_share_home_6,0.002006233389349936,0.005518117656,-0.35118842666500644,1794
kreis_03102,dep_hour_share_home_7,0.01106759747999319,0.02080562375,-0.9738026270006809,1794
kreis_03102,dep_hour_share_home_8,0.020995121373418517,0.04005671538,-1.9061594006581486,1794
kreis_03102,dep_hour_share_home_9,0.030426639225934454,0.02873681964,0.16898195859344523,1794
kreis_03102,dep_hour_share_leisure_10,0.050149683228516394,0.05721627985,-0.706659662148361,1794
kreis_03102,dep_hour_share_leisure_11,0.033371237613422755,0.0392547623,-0.5883524686577247,1794
kreis_03102,dep_hour_share_leisure_12,0.04982478939917848,0.07502043453,-2.519564513082152,1794
kreis_03102,dep_hour_share_leisure_13,0.06251885544545265,0.04863800139,1.3880854055452647,1794
kreis_03102,dep_hour_share_leisure_14,0.08489011626557749,0.08592498985,-0.10348735844225021,1794
kreis_03102,dep_hour_share_leisure_15,0.10387319857974983,0.096035257,0.7837941579749832,1794
kreis_03102,dep_hour_share_leisure_16,0.13292798960339747,0.1114906753,2.1437314303397472,1794
kreis_03102,dep_hour_share_leisure_17,0.12719593418579286,0.1178850653,0.9310868885792869,1794
kreis_03102,dep_hour_share_leisure_18,0.09890696433129888,0.08600026419,1.2906700141298884,1794
kreis_03102,dep_hour_share_leisure_19,0.05263280035274187,0.09524265053,-4.260985017725813,1794
kreis_03102,dep_hour_share_leisure_20,0.02678053421828224,0.01372419589,1.305633832828224,1794
kreis_03102,dep_hour_share_leisure_21,0.014643429022301641,0.01882117763,-0.41777486076983605,1794
kreis_03102,dep_hour_share_leisure_22,0.010721496368151121,0.01131361043,-0.059211406184887794,1794
kreis_03102,dep_hour_share_leisure_23,0.001995776380218607,0.002251885305,-0.02561089247813931,1794
kreis_03102,dep_hour_share_leisure_4,0.0003016871272423476,0.002680584327,-0.23788971997576527,1794
kreis_03102,dep_hour_share_leisure_5,0.005151887865215474,0.002492599846,0.2659288019215474,1794
kreis_03102,dep_hour_share_leisure_6,0.018588568378547724,0.01326065175,0.5327916628547724,1794
kreis_03102,dep_hour_share_leisure_7,0.029379684852985543,0.02586163569,0.35180491629855437,1794
kreis_03102,dep_hour_share_leisure_8,0.043814253556427096,0.04689578518,-0.30815316235729073,1794
kreis_03102,dep_hour_share_leisure_9,0.04910538163421596,0.04998949377,-0.08841121357840362,1794
kreis_03102,dep_hour_share_other_10,0.08418450909740627,0.1490332128,-6.484870370259374,1794
kreis_03102,dep_hour_share_other_11,0.09052738155504601,0.06521807797,2.5309303585046017,1794
kreis_03102,dep_hour_share_other_12,0.06271403472201542,0.03565917878,2.705485594201542,1794
kreis_03102,dep_hour_share_other_13,0.06527500670021738,0.02538823107,3.9886775630217377,1794
kreis_03102,dep_hour_share_other_14,0.08469074774426015,0.07498158342,0.9709164324260153,1794
kreis_03102,dep_hour_share_other_15,0.08754950716178792,0.1195323042,-3.198279703821208,1794
kreis_03102,dep_hour_share_other_16,0.08933623179774278,0.0967057086,-0.7369476802257219,1794
kreis_03102,dep_hour_share_other_17,0.04898603376909562,0.09062683153,-4.164079776090437,1794
kreis_03102,dep_hour_share_other_18,0.04073732169977071,0.0180191687,2.2718152999770704,1794
kreis_03102,dep_hour_share_other_19,0.02605640094100831,0.001435302409,2.462109853200831,1794
kreis_03102,dep_hour_share_other_20,0.01253685119561657,0.0,1.253685119561657,1794
kreis_03102,dep_hour_share_other_21,0.006283314969774575,0.0,0.6283314969774575,1794
kreis_03102,dep_hour_share_other_22,0.004943271492808434,0.0,0.49432714928084337,1794
kreis_03102,dep_hour_share_other_23,0.005985527530448766,0.0,0.5985527530448765,1794
kreis_03102,dep_hour_share_other_4,0.0038712367112355203,0.0,0.387123671123552,1794
kreis_03102,dep_hour_share_other_5,0.0036925642476400345,0.003051138735,0.06414255126400344,1794
kreis_03102,dep_hour_share_other_6,0.019237068580447277,0.01267362443,0.6563444150447276,1794
kreis_03102,dep_hour_share_other_7,0.07155832166999196,0.04841632628,2.3141995389991963,1794
kreis_03102,dep_hour_share_other_8,0.09508352937673088,0.1178466867,-2.2763157323269114,1794
kreis_03102,dep_hour_share_other_9,0.09073583276257408,0.1389144219,-4.817858913742593,1794
kreis_03102,dep_hour_share_shop_10,0.12975736427817902,0.1415361828,-1.177881852182097,1794
kreis_03102,dep_hour_share_shop_11,0.10021910249127647,0.1278791152,-2.7660012708723536,1794
kreis_03102,dep_hour_share_shop_12,0.07668587194676621,0.06074797599,1.5937895956766208,1794
kreis_03102,dep_hour_share_shop_13,0.05574941166923639,0.05290030681,0.2849104859236389,1794
kreis_03102,dep_hour_share_shop_14,0.07912034407206038,0.05309710309,2.6023240982060383,1794
kreis_03102,dep_hour_share_shop_15,0.09287511157997241,0.09884998315,-0.5974871570027587,1794
kreis_03102,dep_hour_share_shop_16,0.08110849630771727,0.07077933091,1.0329165397717277,1794
kreis_03102,dep_hour_share_shop_17,0.07210094944412887,0.0802868732,-0.8185923755871127,1794
kreis_03102,dep_hour_share_shop_18,0.04714761015986367,0.03013849475,1.7009115409863669,1794
kreis_03102,dep_hour_share_shop_19,0.010914550028402175,0.02756928234,-1.6654732311597826,1794
kreis_03102,dep_hour_share_shop_20,0.004503773431794206,0.00764840668,-0.31446332482057937,1794
kreis_03102,dep_hour_share_shop_21,0.002475046660715735,0.01330831612,-1.0833269459284265,1794
kreis_03102,dep_hour_share_shop_22,0.0020693013065000406,0.0,0.20693013065000407,1794
kreis_03102,dep_hour_share_shop_23,0.0003651708187941248,0.0,0.03651708187941248,1794
kreis_03102,dep_hour_share_shop_4,0.0004057453542156942,0.0,0.04057453542156942,1794
kreis_03102,dep_hour_share_shop_5,0.0011766615272255133,0.0,0.11766615272255133,1794
kreis_03102,dep_hour_share_shop_6,0.009372717682382537,0.01139650326,-0.20237855776174626,1794
kreis_03102,dep_hour_share_shop_7,0.04053396088614785,0.03371704054,0.681692034614785,1794
kreis_03102,dep_hour_share_shop_8,0.08394871378722714,0.06660087224,1.734784154722714,1794
kreis_03102,dep_hour_share_shop_9,0.10731964619005112,0.1235442129,-1.6224566709948887,1794
kreis_03102,dep_hour_share_work_10,0.02758524119582721,0.01228181889,1.5303422305827208,1794
kreis_03102,dep_hour_share_work_11,0.026698406030479124,0.01691956326,0.9778842770479125,1794
kreis_03102,dep_hour_share_work_12,0.03157599943989358,0.03380337557,-0.22273761301064218,1794
kreis_03102,dep_hour_share_work_13,0.035916824196597356,0.05840194655,-2.2485122353402645,1794
kreis_03102,dep_hour_share_work_14,0.018460174099745617,0.03017141703,-1.1711242930254384,1794
kreis_03102,dep_hour_share_work_15,0.018506849634763938,0.02302332758,-0.4516477945236061,1794
kreis_03102,dep_hour_share_work_16,0.012975798735093,0.004292362918,0.8683435817093,1794
kreis_03102,dep_hour_share_work_17,0.007281383462857943,0.00800506722,-0.07236837571420575,1794
kreis_03102,dep_hour_share_work_18,0.0024504655884618077,0.003809781501,-0.13593159125381923,1794
kreis_03102,dep_hour_share_work_19,0.004107447081612173,0.003189842786,0.0917604295612173,1794
kreis_03102,dep_hour_share_work_20,0.011482181614506756,0.008183139739,0.32990418755067547,1794
kreis_03102,dep_hour_share_work_21,0.0045508646642862145,0.004693160007,-0.014229534271378505,1794
kreis_03102,dep_hour_share_work_22,0.0013535905155312843,0.0,0.13535905155312844,1794
kreis_03102,dep_hour_share_work_23,0.0005834441877290019,0.0,0.05834441877290018,1794
kreis_03102,dep_hour_share_work_4,0.03626689070923476,0.02932437751,0.6942513199234758,1794
kreis_03102,dep_hour_share_work_5,0.1238068566360942,0.1539003873,-3.00935306639058,1794
kreis_03102,dep_hour_share_work_6,0.2165511447174963,0.2068248526,0.9726292117496316,1794
kreis_03102,dep_hour_share_work_7,0.23624822049522742,0.2462323274,-0.9984106904772583,1794
kreis_03102,dep_hour_share_work_8,0.11510186935517748,0.1193508457,-0.42489763448225193,1794
kreis_03102,dep_hour_share_work_9,0.04774907232374151,0.03168121451,1.606785781374151,1794
kreis_03102,mean_work_activity_h,6.050107910293704,7.072122757,-1.0220148467062957,1794
kreis_03102,mobility_rate,0.8802321558980667,0.8518945471,2.8337608798066682,1794
kreis_03102,n_persons_unweighted,104068.0,1794.0,102274.0,1794
kreis_03102,n_persons_weighted,104068.0,104215.0,-147.0,1794
kreis_03102,n_work_activities_measured,42628.0,574.0,42054.0,1794
kreis_03102,nonhome_acts_per_mobile,2.009333653552247,2.028576664,-0.019243010447753228,1794
kreis_03102,participation_education,0.19028904178037437,0.1930437614,-0.2754719619625645,1794
kreis_03102,participation_escort,0.09887765691663143,0.1004531557,-0.1575498783368573,1794
kreis_03102,participation_home,0.8802321558980667,0.8392071382,4.102501769806666,1794
kreis_03102,participation_leisure,0.3362128608217704,0.3421771265,-0.5964265678229608,1794
kreis_03102,participation_other,0.23645116654495138,0.1616519367,7.479922984495138,1794
kreis_03102,participation_shop,0.20169504554714227,0.261744458,-6.004941245285774,1794
kreis_03102,participation_work,0.34319867778760044,0.3302091275,1.298955028760046,1794
kreis_03102,purpose_share_education,0.07508883193061396,0.06829222748,0.6796604450613961,1794
kreis_03102,purpose_share_escort,0.04992135162404196,0.05432030239,-0.43989507659580385,1794
kreis_03102,purpose_share_home,0.42325673211297793,0.4340319776,-1.0775245487022078,1794
kreis_03102,purpose_share_leisure,0.1350214011317846,0.1552222015,-2.0200800368215392,1794
kreis_03102,purpose_share_other,0.10522275350784291,0.06476168425,4.04610692578429,1794
kreis_03102,purpose_share_shop,0.07722581170764112,0.1045181978,-2.7292386092358885,1794
kreis_03102,purpose_share_work,0.13426311798509755,0.118853409,1.5409708985097552,1794
kreis_03102,share_mobile_first_from_home,1.0,0.9772171382,2.27828618,1794
kreis_03102,share_mobile_last_to_home,1.0,0.971298838,2.8701161999999947,1794
kreis_03102,share_mobile_odd_trip_count,0.2595738177372167,0.2177658142,4.180800353721673,1794
kreis_03102,share_trips_0,0.11976784410193335,0.1481054529,-2.8337608798066642,1794
kreis_03102,share_trips_1,0.0006630280201406773,0.005918851816,-0.5255823795859322,1794
kreis_03102,share_trips_2,0.3702290809855095,0.3510270143,1.92020666855095,1794
kreis_03102,share_trips_3,0.12592727831802283,0.1006662674,2.5261010918022837,1794
kreis_03102,share_trips_4,0.1986777876004151,0.2131422171,-1.4464429499584903,1794
kreis_03102,share_trips_5,0.06956989660606526,0.04508730437,2.4482592236065264,1794
kreis_03102,share_trips_6,0.057798746973132954,0.07288561167,-1.5086864696867048,1794
kreis_03102,share_trips_7,0.026722911942191643,0.02427825241,0.2444659532191643,1794
kreis_03102,share_trips_8plus,0.03064342545258869,0.03888902797,-0.8245602517411306,1794
kreis_03102,share_trips_followed_by_same_purpose,0.09652129772953733,0.03392662003,6.2594677699537336,1794
kreis_03102,share_trips_home_based,0.8213585175251142,0.869356787,-4.799826947488572,1794
kreis_03102,share_trips_unknown_purpose,0.0,0.0004134294961,-0.04134294961,1794
kreis_03102,share_work_activities_lt_2h,0.17713709299052266,0.06516546791,11.197162508052266,1794
kreis_03102,tours_per_mobile,1.474597179162482,1.554547509,-0.07995032983751815,1794
kreis_03102,trips_per_mobile_person,3.4839308327147287,3.583124174,-0.09919334128527124,1794
kreis_03102,trips_per_person,3.0666679478802323,3.052443945,0.014224002880232511,1794
kreis_03102,trips_per_person_education,0.23027251412537955,0.2083720135,0.021900500625379543,1794
kreis_03102,trips_per_person_escort,0.15309220894030826,0.1657411275,-0.012648918559691746,1794
kreis_03102,trips_per_person_home,1.297987854095399,1.324310546,-0.026322691904600903,1794
kreis_03102,trips_per_person_leisure,0.41406580312872354,0.4736111832,-0.059545380071276466,1794
kreis_03102,trips_per_person_other,0.3226832455702041,0.1975996837,0.1250835618702041,1794
kreis_03102,trips_per_person_shop,0.23682592151285697,0.3189040412,-0.08207811968714301,1794
kreis_03102,trips_per_person_work,0.41174040050736055,0.3626433793,0.049097021207360536,1794
kreis_03151,dep_hour_share_all_10,0.040824579250966074,0.05327547111,-1.2450891859033926,3574
kreis_03151,dep_hour_share_all_11,0.045272795521681654,0.05378061782,-0.8507822298318347,3574
kreis_03151,dep_hour_share_all_12,0.05892027846232798,0.06318425229,-0.4263973827672025,3574
kreis_03151,dep_hour_share_all_13,0.06618467079028827,0.06681356015,-0.06288893597117401,3574
kreis_03151,dep_hour_share_all_14,0.07335476746147025,0.07630277758,-0.29480101185297425,3574
kreis_03151,dep_hour_share_all_15,0.0887430932964855,0.08661967614,0.21234171564854937,3574
kreis_03151,dep_hour_share_all_16,0.09066708737036613,0.09032553549,0.03415518803661366,3574
kreis_03151,dep_hour_share_all_17,0.07622897161519393,0.08789306024,-1.166408862480607,3574
kreis_03151,dep_hour_share_all_18,0.06283717497465804,0.06343424151,-0.05970665353419585,3574
kreis_03151,dep_hour_share_all_19,0.04160251841938719,0.03569009255,0.5912425869387193,3574
kreis_03151,dep_hour_share_all_20,0.027586919741702437,0.0220156406,0.5571279141702437,3574
kreis_03151,dep_hour_share_all_21,0.017620594171440383,0.01401562092,0.3604973251440383,3574
kreis_03151,dep_hour_share_all_22,0.01429123213595983,0.009160260505,0.513097163095983,3574
kreis_03151,dep_hour_share_all_23,0.007520078628070729,0.001397038088,0.6123040540070729,3574
kreis_03151,dep_hour_share_all_4,0.004328533321727714,0.002267490539,0.20610427827277136,3574
kreis_03151,dep_hour_share_all_5,0.01692244363567785,0.009547669686,0.737477394967785,3574
kreis_03151,dep_hour_share_all_6,0.051467294820811055,0.03465618137,1.6811113450811057,3574
kreis_03151,dep_hour_share_all_7,0.09950005168127343,0.107848736,-0.8348684318726568,3574
kreis_03151,dep_hour_share_all_8,0.0571885024580339,0.07190555352,-1.47170510619661,3574
kreis_03151,dep_hour_share_all_9,0.04685043439470349,0.04831656661,-0.14661322152965117,3574
kreis_03151,dep_hour_share_education_10,0.015921720222275913,0.01203153858,0.3890181642275913,3574
kreis_03151,dep_hour_share_education_11,0.02604493839091568,0.009096817215,1.6948121175915678,3574
kreis_03151,dep_hour_share_education_12,0.02672143029717323,0.01586000299,1.086142730717323,3574
kreis_03151,dep_hour_share_education_13,0.028122734960135298,0.01389920682,1.4223528140135298,3574
kreis_03151,dep_hour_share_education_14,0.023580575018120317,0.01103366649,1.2546908528120317,3574
kreis_03151,dep_hour_share_education_15,0.032906499154385115,0.03138602005,0.15204791043851168,3574
kreis_03151,dep_hour_share_education_16,0.016066682773616815,0.00656040349,0.9506279283616815,3574
kreis_03151,dep_hour_share_education_17,0.007852138197632278,0.01918744175,-1.1335303552367721,3574
kreis_03151,dep_hour_share_education_18,0.003261657405170331,0.01088533825,-0.7623680844829669,3574
kreis_03151,dep_hour_share_education_19,0.00724812756704518,0.0,0.724812756704518,3574
kreis_03151,dep_hour_share_education_20,0.0005798502053636144,0.0,0.05798502053636144,3574
kreis_03151,dep_hour_share_education_21,0.0003140855279052911,0.0,0.031408552790529114,3574
kreis_03151,dep_hour_share_education_22,0.0001449625513409036,0.0,0.01449625513409036,3574
kreis_03151,dep_hour_share_education_23,7.24812756704518e-05,0.0,0.00724812756704518,3574
kreis_03151,dep_hour_share_education_4,0.0007006523314810341,0.0,0.07006523314810341,3574
kreis_03151,dep_hour_share_education_5,0.004083111862768785,0.001631845133,0.2451266729768785,3574
kreis_03151,dep_hour_share_education_6,0.17221551099299348,0.09518298409,7.7032526902993474,3574
kreis_03151,dep_hour_share_education_7,0.4883788354675042,0.5934328793,-10.505404383249578,3574
kreis_03151,dep_hour_share_education_8,0.11510026576467745,0.1648780037,-4.977773793532254,3574
kreis_03151,dep_hour_share_education_9,0.02892002899251027,0.01493385218,1.398617681251027,3574
kreis_03151,dep_hour_share_escort_10,0.011452176249328318,0.006751716853,0.4700459396328318,3574
kreis_03151,dep_hour_share_escort_11,0.02878156904889844,0.06136858157,-3.2587012521101557,3574
kreis_03151,dep_hour_share_escort_12,0.059779688339602365,0.04996301876,0.9816669579602366,3574
kreis_03151,dep_hour_share_escort_13,0.07475819451907577,0.1096775581,-3.491936358092423,3574
kreis_03151,dep_hour_share_escort_14,0.12620902740462117,0.09279235286,3.3416674544621174,3574
kreis_03151,dep_hour_share_escort_15,0.11337990327780763,0.1053799514,0.7999951877807623,3574
kreis_03151,dep_hour_share_escort_16,0.08013164965072542,0.06455789437,1.5573755280725423,3574
kreis_03151,dep_hour_share_escort_17,0.06397770016120366,0.02937674321,3.460095695120366,3574
kreis_03151,dep_hour_share_escort_18,0.0524247716281569,0.02991605405,2.2508717578156903,3574
kreis_03151,dep_hour_share_escort_19,0.02653143471252015,0.02766531207,-0.11338773574798497,3574
kreis_03151,dep_hour_share_escort_20,0.005574959699086513,0.009548458349,-0.3973498649913487,3574
kreis_03151,dep_hour_share_escort_21,0.007757925846319183,0.004706234511,0.30516913353191827,3574
kreis_03151,dep_hour_share_escort_22,0.0017799570123589467,0.005124866326,-0.33449093136410535,3574
kreis_03151,dep_hour_share_escort_23,0.0018807092960773778,0.0,0.18807092960773777,3574
kreis_03151,dep_hour_share_escort_4,0.0005037614185921548,0.0,0.050376141859215476,3574
kreis_03151,dep_hour_share_escort_5,0.0016456206340677054,0.0005417023648,0.11039182692677055,3574
kreis_03151,dep_hour_share_escort_6,0.04758866200967222,0.01546537353,3.212328847967222,3574
kreis_03151,dep_hour_share_escort_7,0.19263836646963997,0.2216046364,-2.8966269930360027,3574
kreis_03151,dep_hour_share_escort_8,0.07512761955937668,0.1450352227,-6.990760314062332,3574
kreis_03151,dep_hour_share_escort_9,0.02122514777001612,0.0198520364,0.13731113700161218,3574
kreis_03151,dep_hour_share_home_10,0.02990770938866144,0.04084502196,-1.0937312571338558,3574
kreis_03151,dep_hour_share_home_11,0.04352144195406287,0.06061309749,-1.7091655535937125,3574
kreis_03151,dep_hour_share_home_12,0.07415776143223926,0.06997066698,0.4187094452239262,3574
kreis_03151,dep_hour_share_home_13,0.082879397682326,0.0853597357,-0.24803380176739998,3574
kreis_03151,dep_hour_share_home_14,0.088799354659635,0.0949945457,-0.6195191040365006,3574
kreis_03151,dep_hour_share_home_15,0.11047550482270488,0.0966377123,1.3837792522704881,3574
kreis_03151,dep_hour_share_home_16,0.11140795225869128,0.09912547335,1.2282478908691274,3574
kreis_03151,dep_hour_share_home_17,0.1003877246547776,0.117556205,-1.7168480345222392,3574
kreis_03151,dep_hour_share_home_18,0.09074665186316008,0.08895521924,0.17914326231600886,3574
kreis_03151,dep_hour_share_home_19,0.059958538616334746,0.05168985603,0.8268682586334744,3574
kreis_03151,dep_hour_share_home_20,0.05075549927138991,0.04145329759,0.9302201681389912,3574
kreis_03151,dep_hour_share_home_21,0.03186801748664215,0.02711545077,0.4752566716642148,3574
kreis_03151,dep_hour_share_home_22,0.028250988827978628,0.01784287486,1.0408113967978627,3574
kreis_03151,dep_hour_share_home_23,0.015786551939490665,0.003038706035,1.2747845904490664,3574
kreis_03151,dep_hour_share_home_4,5.6380542641038094e-05,0.0003981406923,-0.034176014965896194,3574
kreis_03151,dep_hour_share_home_5,0.0005247727430435084,0.001682486915,-0.11577141719564916,3574
kreis_03151,dep_hour_share_home_6,0.0018605579071542572,0.006112698831,-0.42521409238457425,3574
kreis_03151,dep_hour_share_home_7,0.010582194157240996,0.02255023855,-1.1968044392759005,3574
kreis_03151,dep_hour_share_home_8,0.01913468877940462,0.03620096444,-1.7066275660595376,3574
kreis_03151,dep_hour_share_home_9,0.029482686836444384,0.03585285143,-0.6370164593555615,3574
kreis_03151,dep_hour_share_leisure_10,0.04135975250441956,0.05570669057,-1.4346938065580441,3574
kreis_03151,dep_hour_share_leisure_11,0.03443576900412493,0.03804554098,-0.3609771975875073,3574
kreis_03151,dep_hour_share_leisure_12,0.039984777057552545,0.04699122706,-0.7006450002447456,3574
kreis_03151,dep_hour_share_leisure_13,0.05437291298369672,0.03195226994,2.2420643043696717,3574
kreis_03151,dep_hour_share_leisure_14,0.07453103516008643,0.08200482232,-0.7473787159913579,3574
kreis_03151,dep_hour_share_leisure_15,0.10906501669613043,0.1303417906,-2.1276773903869577,3574
kreis_03151,dep_hour_share_leisure_16,0.16043017088980555,0.1547659692,0.5664201689805554,3574
kreis_03151,dep_hour_share_leisure_17,0.12709929286977018,0.1219572218,0.5142071069770173,3574
kreis_03151,dep_hour_share_leisure_18,0.0945663916715773,0.1133825256,-1.8816133928422714,3574
kreis_03151,dep_hour_share_leisure_19,0.06439059123944216,0.05896213968,0.542845155944216,3574
kreis_03151,dep_hour_share_leisure_20,0.02156992732272638,0.01869717184,0.28727554827263807,3574
kreis_03151,dep_hour_share_leisure_21,0.014756432920840699,0.005146799563,0.9609633357840698,3574
kreis_03151,dep_hour_share_leisure_22,0.011810056963268513,0.003231748698,0.8578308265268514,3574
kreis_03151,dep_hour_share_leisure_23,0.0023079945000982127,0.0006512571564,0.16567373436982127,3574
kreis_03151,dep_hour_share_leisure_4,0.00017187193085837753,0.003016775514,-0.28449035831416225,3574
kreis_03151,dep_hour_share_leisure_5,0.0026640149283048515,0.003321333035,-0.06573181066951485,3574
kreis_03151,dep_hour_share_leisure_6,0.0184639560007857,0.008843545751,0.9620410249785702,3574
kreis_03151,dep_hour_share_leisure_7,0.026762914947947358,0.01727750194,0.948541300794736,3574
kreis_03151,dep_hour_share_leisure_8,0.04692103712433707,0.05617735909,-0.9256321965662929,3574
kreis_03151,dep_hour_share_leisure_9,0.05110734629738755,0.04850358488,0.2603761417387551,3574
kreis_03151,dep_hour_share_other_10,0.08602286250045076,0.1237126258,-3.7689763299549246,3574
kreis_03151,dep_hour_share_other_11,0.09231545923334895,0.0903879872,0.1927472033348948,3574
kreis_03151,dep_hour_share_other_12,0.06512567163102664,0.07820017067,-1.3074499038973355,3574
kreis_03151,dep_hour_share_other_13,0.08266921495798925,0.0630453521,1.9623862857989254,3574
kreis_03151,dep_hour_share_other_14,0.08003678194078828,0.08562378072,-0.5586998779211718,3574
kreis_03151,dep_hour_share_other_15,0.07969420504128953,0.1008998158,-2.1205610758710467,3574
kreis_03151,dep_hour_share_other_16,0.07352782085031193,0.09468582851,-2.1158007659688076,3574
kreis_03151,dep_hour_share_other_17,0.05544336662940392,0.03513973227,2.0303634359403917,3574
kreis_03151,dep_hour_share_other_18,0.04253362662724027,0.02164090522,2.0892721407240273,3574
kreis_03151,dep_hour_share_other_19,0.036186938804947534,0.01225358956,2.3933349244947535,3574
kreis_03151,dep_hour_share_other_20,0.01929248855071941,0.005215719467,1.4076769083719411,3574
kreis_03151,dep_hour_share_other_21,0.01148534131477408,0.003600892744,0.788444857077408,3574
kreis_03151,dep_hour_share_other_22,0.004760015866719556,0.01051023822,-0.5750222353280445,3574
kreis_03151,dep_hour_share_other_23,0.0033356171793299918,0.0,0.33356171793299916,3574
kreis_03151,dep_hour_share_other_4,0.0007753056146550791,0.0,0.07753056146550791,3574
kreis_03151,dep_hour_share_other_5,0.002956979553568209,0.0006855590116,0.22714205419682088,3574
kreis_03151,dep_hour_share_other_6,0.017489452237568065,0.01884942288,-0.1359970642431936,3574
kreis_03151,dep_hour_share_other_7,0.06640582741336411,0.03849861215,2.790721526336411,3574
kreis_03151,dep_hour_share_other_8,0.08003678194078828,0.109142914,-2.9106132059211713,3574
kreis_03151,dep_hour_share_other_9,0.08912408495907108,0.1079068537,-1.8782768740928921,3574
kreis_03151,dep_hour_share_shop_10,0.11085653859710962,0.1223811126,-1.1524574002890378,3574
kreis_03151,dep_hour_share_shop_11,0.08542726219849942,0.09411248034,-0.8685218141500584,3574
kreis_03151,dep_hour_share_shop_12,0.08494888967218893,0.1020627898,-1.7113900127811068,3574
kreis_03151,dep_hour_share_shop_13,0.059116773251422526,0.07210519603,-1.2988422778577473,3574
kreis_03151,dep_hour_share_shop_14,0.08134850697416789,0.07698168234,0.436682463416789,3574
kreis_03151,dep_hour_share_shop_15,0.10755828591570572,0.07081403551,3.6744250405705725,3574
kreis_03151,dep_hour_share_shop_16,0.08376554710710508,0.1143379935,-3.0572446392894914,3574
kreis_03151,dep_hour_share_shop_17,0.0656629236114608,0.1143724742,-4.870955058853921,3574
kreis_03151,dep_hour_share_shop_18,0.04194571730701445,0.02866793894,1.327777836701445,3574
kreis_03151,dep_hour_share_shop_19,0.015182033335011834,0.01471347049,0.04685628450118336,3574
kreis_03151,dep_hour_share_shop_20,0.0042549977340248755,0.002839077483,0.14159202510248756,3574
kreis_03151,dep_hour_share_shop_21,0.0010826325595447907,0.004475480917,-0.33928483574552093,3574
kreis_03151,dep_hour_share_shop_22,0.0006042600332343018,0.0005915770036,0.0012683029634301835,3574
kreis_03151,dep_hour_share_shop_23,0.0005287275290800141,0.0,0.052872752908001405,3574
kreis_03151,dep_hour_share_shop_4,2.5177501384762575e-05,0.0,0.0025177501384762574,3574
kreis_03151,dep_hour_share_shop_5,0.0007301475401581147,0.001394360309,-0.06642127688418852,3574
kreis_03151,dep_hour_share_shop_6,0.01455259580039277,0.005051757983,0.950083781739277,3574
kreis_03151,dep_hour_share_shop_7,0.04768618762274032,0.0227578817,2.492830592274032,3574
kreis_03151,dep_hour_share_shop_8,0.0806687144367793,0.06498539394,1.5683320496779298,3574
kreis_03151,dep_hour_share_shop_9,0.11231683367742586,0.08735529681,2.496153686742586,3574
kreis_03151,dep_hour_share_work_10,0.028380246035112685,0.04095154438,-1.2571298344887318,3574
kreis_03151,dep_hour_share_work_11,0.022961452674502936,0.01603574633,0.6925706344502937,3574
kreis_03151,dep_hour_share_work_12,0.03098017214247595,0.0507651394,-1.9784967257524049,3574
kreis_03151,dep_hour_share_work_13,0.03607055378426087,0.05127197728,-1.5201423495739128,3574
kreis_03151,dep_hour_share_work_14,0.02055310006978749,0.02269270829,-0.2139608220212509,3574
kreis_03151,dep_hour_share_work_15,0.0157500786819743,0.01672250101,-0.09724223280257009,3574
kreis_03151,dep_hour_share_work_16,0.010769167613130995,0.006487427178,0.42817404351309957,3574
kreis_03151,dep_hour_share_work_17,0.008538704689445668,0.008516547155,0.0022157534445668356,3574
kreis_03151,dep_hour_share_work_18,0.004159881771781223,0.003206143128,0.09537386437812227,3574
kreis_03151,dep_hour_share_work_19,0.0023536173182446395,0.001482325267,0.08712920512446394,3574
kreis_03151,dep_hour_share_work_20,0.004433558204135251,0.001322132511,0.3111425693135251,3574
kreis_03151,dep_hour_share_work_21,0.0033251686531014383,0.005578870895,-0.22537022418985617,3574
kreis_03151,dep_hour_share_work_22,0.0007936616538266807,0.0,0.07936616538266807,3574
kreis_03151,dep_hour_share_work_23,0.0007389263673558751,0.0,0.0738926367355875,3574
kreis_03151,dep_hour_share_work_4,0.031089642715417563,0.01329083293,1.7798809785417564,3574
kreis_03151,dep_hour_share_work_5,0.11744824094473104,0.06582489289,5.162334805473104,3574
kreis_03151,dep_hour_share_work_6,0.22381258637912396,0.1816646257,4.214796067912396,3574
kreis_03151,dep_hour_share_work_7,0.25620219214822315,0.3321687438,-7.596655165177685,3574
kreis_03151,dep_hour_share_work_8,0.11848821138767635,0.1202209262,-0.1732714812323649,3574
kreis_03151,dep_hour_share_work_9,0.04983647833166847,0.05773481954,-0.7898341208331536,3574
kreis_03151,mean_work_activity_h,6.014681604850344,6.28423715,-0.26955554514965563,3574
kreis_03151,mobility_rate,0.8773471373705152,0.8358940444,4.145309297051513,3574
kreis_03151,n_persons_unweighted,173669.0,3574.0,170095.0,3574
kreis_03151,n_persons_weighted,173669.0,107068.0,66601.0,3574
kreis_03151,n_work_activities_measured,73012.0,1236.0,71776.0,3574
kreis_03151,nonhome_acts_per_mobile,2.105960569148378,2.139120026,-0.03315945685162225,3574
kreis_03151,participation_education,0.19166345173865226,0.1826494134,0.9014038338652275,3574
kreis_03151,participation_escort,0.11289291698576027,0.1150801247,-0.21872077142397195,3574
kreis_03151,participation_home,0.8773471373705152,0.831216451,4.613068637051521,3574
kreis_03151,participation_leisure,0.3768893700084644,0.3821445253,-0.5255155291535585,3574
kreis_03151,participation_other,0.22949979558815908,0.1633809278,6.611886778815909,3574
kreis_03151,participation_shop,0.19709332120297807,0.2605779723,-6.348465109702195,3574
kreis_03151,participation_work,0.3491642146842557,0.3239381085,2.522610618425569,3574
kreis_03151,purpose_share_education,0.07505571603950988,0.06233506775,1.2720648289509875,3574
kreis_03151,purpose_share_escort,0.05399514377367592,0.05977979352,-0.5784649746324082,3574
kreis_03151,purpose_share_home,0.41812144917917443,0.4268124939,-0.8691044720825547,3574
kreis_03151,purpose_share_leisure,0.14771051958720263,0.1617405157,-1.4029996112797372,3574
kreis_03151,purpose_share_other,0.10057357146613426,0.06494569828,3.562787318613425,3574
kreis_03151,purpose_share_shop,0.07202374799848402,0.1036245534,-3.1600805401515983,3574
kreis_03151,purpose_share_work,0.13251985195581886,0.1207618773,1.1757974655818861,3574
kreis_03151,share_mobile_first_from_home,1.0,0.9778671254,2.213287460000002,3574
kreis_03151,share_mobile_last_to_home,1.0,0.9850407459,1.4959254099999986,3574
kreis_03151,share_mobile_odd_trip_count,0.2636445972907697,0.2196672558,4.397734149076974,3574
kreis_03151,share_trips_0,0.12265286262948483,0.1641059556,-4.145309297051517,3574
kreis_03151,share_trips_1,0.0006852115230697476,0.004752026205,-0.4066814681930252,3574
kreis_03151,share_trips_2,0.35411616350644043,0.3298549021,2.4261261406440413,3574
kreis_03151,share_trips_3,0.11460882483344753,0.07512812162,3.948070321344753,3574
kreis_03151,share_trips_4,0.19683996568184306,0.222638183,-2.579821731815693,3574
kreis_03151,share_trips_5,0.07950181091616812,0.05928519041,2.0216620506168117,3574
kreis_03151,share_trips_6,0.06387438172615723,0.06692578753,-0.3051405803842777,3574
kreis_03151,share_trips_7,0.027276025082196592,0.02800039044,-0.07243653578034095,3574
kreis_03151,share_trips_8plus,0.0404447541011925,0.04930944301,-0.8864688908807504,3574
kreis_03151,share_trips_followed_by_same_purpose,0.09026089069501339,0.04155748233,4.870340836501339,3574
kreis_03151,share_trips_home_based,0.814901252500195,0.8513942199,-3.649296739980501,3574
kreis_03151,share_trips_unknown_purpose,0.0,0.0003608672198,-0.03608672198,3574
kreis_03151,share_work_activities_lt_2h,0.17199912343176463,0.1076775839,6.432153953176463,3574
kreis_03151,tours_per_mobile,1.5132836291084741,1.591849944,-0.07856631489152588,3574
kreis_03151,trips_per_mobile_person,3.619244198256852,3.73096997,-0.1117257717431479,3574
kreis_03151,trips_per_person,3.1753335367854945,3.118695578,0.05663795878549438,3574
kreis_03151,trips_per_person_education,0.23832693226770466,0.1943339461,0.04399298616770467,3574
kreis_03151,trips_per_person_escort,0.1714525908481076,0.1863676994,-0.014915108551892403,3574
kreis_03151,trips_per_person_home,1.3276750600279843,1.330617888,-0.002942827972015616,3574
kreis_03151,trips_per_person_leisure,0.4690301665812551,0.5042374028,-0.03520723621874483,3574
kreis_03151,trips_per_person_other,0.31935463439070877,0.2024727699,0.11688186449070878,3574
kreis_03151,trips_per_person_shop,0.22869942246457342,0.3230568139,-0.0943573914354266,3574
kreis_03151,trips_per_person_work,0.4207947302051604,0.3764836232,0.04431110700516039,3574
kreis_03153,dep_hour_share_all_10,0.04846979846126075,0.05240737785,-0.3937579388739246,2258
kreis_03153,dep_hour_share_all_11,0.053731467071272805,0.06342503556,-0.969356848872719,2258
kreis_03153,dep_hour_share_all_12,0.06225454084196455,0.06509816517,-0.2843624328035449,2258
kreis_03153,dep_hour_share_all_13,0.06806506222770804,0.08363069951,-1.5565637282291962,2258
kreis_03153,dep_hour_share_all_14,0.07775414322862036,0.07815669826,-0.040255503137964777,2258
kreis_03153,dep_hour_share_all_15,0.08432574046337811,0.09058075282,-0.625501235662189,2258
kreis_03153,dep_hour_share_all_16,0.08851653632429637,0.08266902457,0.5847511754296375,2258
kreis_03153,dep_hour_share_all_17,0.07461470535143654,0.07316620234,0.1448503011436536,2258
kreis_03153,dep_hour_share_all_18,0.06171544544891278,0.05813579809,0.357964735891278,2258
kreis_03153,dep_hour_share_all_19,0.03654139813536417,0.03465676472,0.18846334153641703,2258
kreis_03153,dep_hour_share_all_20,0.026664487517868207,0.02049735222,0.6167135297868207,2258
kreis_03153,dep_hour_share_all_21,0.018941519126909397,0.01381516028,0.5126358846909396,2258
kreis_03153,dep_hour_share_all_22,0.013538368468042133,0.009684183882,0.3854184586042133,2258
kreis_03153,dep_hour_share_all_23,0.007066784405751001,0.001554154463,0.5512629942751002,2258
kreis_03153,dep_hour_share_all_4,0.0046640289208822626,0.002316186677,0.23478422438822627,2258
kreis_03153,dep_hour_share_all_5,0.01724861323198665,0.01754223423,-0.029362099801334696,2258
kreis_03153,dep_hour_share_all_6,0.048016080166656094,0.03561214906,1.2403931106656094,2258
kreis_03153,dep_hour_share_all_7,0.08580642328501803,0.1024405401,-1.6634116814981974,2258
kreis_03153,dep_hour_share_all_8,0.058715050274914256,0.0641592531,-0.5444202825085738,2258
kreis_03153,dep_hour_share_all_9,0.05205807594170939,0.0486711927,0.3386883241709396,2258
kreis_03153,dep_hour_share_education_10,0.019308089957142227,0.001404834904,1.7903255053142226,2258
kreis_03153,dep_hour_share_education_11,0.02465426589493218,0.01986929254,0.4784973354932179,2258
kreis_03153,dep_hour_share_education_12,0.01617107763000928,0.02122449286,-0.505341522999072,2258
kreis_03153,dep_hour_share_education_13,0.01992665576812619,0.02026308408,-0.03364283118738112,2258
kreis_03153,dep_hour_share_education_14,0.027791278222065126,0.005568766728,2.2222511494065125,2258
kreis_03153,dep_hour_share_education_15,0.04082534352494146,0.01293126717,2.789407635494146,2258
kreis_03153,dep_hour_share_education_16,0.015287412185746476,0.007478930673,0.7808481512746476,2258
kreis_03153,dep_hour_share_education_17,0.006539124287544736,0.009788265114,-0.3249140826455264,2258
kreis_03153,dep_hour_share_education_18,0.009852869703530243,0.002165938638,0.7686931065530243,2258
kreis_03153,dep_hour_share_education_19,0.007997172270578359,0.0,0.7997172270578359,2258
kreis_03153,dep_hour_share_education_20,0.0005301992665576813,0.0,0.05301992665576813,2258
kreis_03153,dep_hour_share_education_21,0.00022091636106570052,0.0,0.022091636106570053,2258
kreis_03153,dep_hour_share_education_22,0.00017673308885256042,0.0,0.01767330888525604,2258
kreis_03153,dep_hour_share_education_23,0.00013254981663942032,0.0,0.013254981663942032,2258
kreis_03153,dep_hour_share_education_4,0.00035346617770512083,0.0,0.03534661777051208,2258
kreis_03153,dep_hour_share_education_5,0.002474263243935846,0.009747126451,-0.7272863207064153,2258
kreis_03153,dep_hour_share_education_6,0.17293332744223036,0.05344687683,11.948645061223036,2258
kreis_03153,dep_hour_share_education_7,0.47377722794150134,0.6515028391,-17.77256111584986,2258
kreis_03153,dep_hour_share_education_8,0.12380152874121858,0.1431430873,-1.9341558558781418,2258
kreis_03153,dep_hour_share_education_9,0.03698139884239827,0.04146519763,-0.4483798787601731,2258
kreis_03153,dep_hour_share_escort_10,0.02172401807438304,0.02300717273,-0.12831546556169615,2258
kreis_03153,dep_hour_share_escort_11,0.04301355578727842,0.03402464192,0.8988913867278416,2258
kreis_03153,dep_hour_share_escort_12,0.0585245046923879,0.06737372291,-0.88492182176121,2258
kreis_03153,dep_hour_share_escort_13,0.0681265206812652,0.09148280048,-2.3356279798734794,2258
kreis_03153,dep_hour_share_escort_14,0.13968543621828294,0.1197980689,1.9887367318282945,2258
kreis_03153,dep_hour_share_escort_15,0.11335592631213069,0.1255578193,-1.220189298786932,2258
kreis_03153,dep_hour_share_escort_16,0.08789537712895377,0.06627425959,2.162111753895378,2258
kreis_03153,dep_hour_share_escort_17,0.057829336114007646,0.05926481512,-0.14354790059923558,2258
kreis_03153,dep_hour_share_escort_18,0.043795620437956206,0.03847381402,0.532180641795621,2258
kreis_03153,dep_hour_share_escort_19,0.020550921098366353,0.02083021503,-0.02792939316336486,2258
kreis_03153,dep_hour_share_escort_20,0.006169621133124783,0.005588668526,0.05809526071247828,2258
kreis_03153,dep_hour_share_escort_21,0.005039972193256865,0.009504298913,-0.4464326719743135,2258
kreis_03153,dep_hour_share_escort_22,0.0026068821689259644,0.007078376325,-0.4471494156074035,2258
kreis_03153,dep_hour_share_escort_23,0.0016075773375043448,0.0,0.16075773375043448,2258
kreis_03153,dep_hour_share_escort_4,0.0020420576989920057,0.003014229552,-0.09721718530079945,2258
kreis_03153,dep_hour_share_escort_5,0.002911018421967327,0.006069739354,-0.31587209320326726,2258
kreis_03153,dep_hour_share_escort_6,0.04779283976364268,0.01820250643,2.959033333364268,2258
kreis_03153,dep_hour_share_escort_7,0.16753562738964198,0.2125039425,-4.496831511035801,2258
kreis_03153,dep_hour_share_escort_8,0.07194994786235662,0.083059687,-1.1109739137643375,2258
kreis_03153,dep_hour_share_escort_9,0.03484532499131039,0.008891221396,2.595410359531039,2258
kreis_03153,dep_hour_share_home_10,0.035519302688536175,0.04697630147,-1.1456998781463827,2258
kreis_03153,dep_hour_share_home_11,0.05567301746223387,0.05563228183,0.00407356322338695,2258
kreis_03153,dep_hour_share_home_12,0.07732854324332283,0.07429116762,0.3037375623322833,2258
kreis_03153,dep_hour_share_home_13,0.08547954886775229,0.1166993292,-3.1219780332247704,2258
kreis_03153,dep_hour_share_home_14,0.08669866603845815,0.09251609461,-0.5817428571541855,2258
kreis_03153,dep_hour_share_home_15,0.10186401248564446,0.09748987173,0.4374140755644462,2258
kreis_03153,dep_hour_share_home_16,0.11231190553314291,0.1155813595,-0.3269453966857086,2258
kreis_03153,dep_hour_share_home_17,0.10075090550369563,0.09717924799,0.35716575136956336,2258
kreis_03153,dep_hour_share_home_18,0.08353602874054006,0.07562310874,0.7912920000540058,2258
kreis_03153,dep_hour_share_home_19,0.05451868429576843,0.04678991945,0.7728764845768427,2258
kreis_03153,dep_hour_share_home_20,0.05092611678789128,0.03563306282,1.5293053967891281,2258
kreis_03153,dep_hour_share_home_21,0.03576665979563591,0.02619473525,0.957192454563591,2258
kreis_03153,dep_hour_share_home_22,0.025948938425748698,0.01954933901,0.6399599415748698,2258
kreis_03153,dep_hour_share_home_23,0.01432904384699196,0.00351613514,1.0812908706991962,2258
kreis_03153,dep_hour_share_home_4,5.889454930946141e-05,0.0004532785685,-0.03943840191905386,2258
kreis_03153,dep_hour_share_home_5,0.0008480815100562443,0.001566574905,-0.07184933949437557,2258
kreis_03153,dep_hour_share_home_6,0.002461792161135487,0.009642484395,-0.7180692233864513,2258
kreis_03153,dep_hour_share_home_7,0.00959981153744221,0.01614052634,-0.6540714802557789,2258
kreis_03153,dep_hour_share_home_8,0.019982920580700256,0.03842244978,-1.8439529199299742,2258
kreis_03153,dep_hour_share_home_9,0.027480196707794693,0.02769443898,-0.02142422722053068,2258
kreis_03153,dep_hour_share_leisure_10,0.05153566768926972,0.03417401908,1.7361648609269718,2258
kreis_03153,dep_hour_share_leisure_11,0.04444797066187101,0.05916144904,-1.4713478378128988,2258
kreis_03153,dep_hour_share_leisure_12,0.04566451567403646,0.08092315418,-3.5258638505963535,2258
kreis_03153,dep_hour_share_leisure_13,0.05053069572269826,0.06058897899,-1.0058283267301737,2258
kreis_03153,dep_hour_share_leisure_14,0.07847596882823794,0.09461195817,-1.6135989341762054,2258
kreis_03153,dep_hour_share_leisure_15,0.09947459360344159,0.1225532912,-2.307869759655841,2258
kreis_03153,dep_hour_share_leisure_16,0.12771959519023943,0.09253483615,3.5184759040239433,2258
kreis_03153,dep_hour_share_leisure_17,0.11513099897739694,0.09274307075,2.2387928227396934,2258
kreis_03153,dep_hour_share_leisure_18,0.10206636341196798,0.1140735686,-1.2007205188032013,2258
kreis_03153,dep_hour_share_leisure_19,0.05814732536408195,0.05972580881,-0.1578483445918051,2258
kreis_03153,dep_hour_share_leisure_20,0.021792023696181106,0.02933975379,-0.7547730093818893,2258
kreis_03153,dep_hour_share_leisure_21,0.013822772312140767,0.01128810366,0.2534668652140767,2258
kreis_03153,dep_hour_share_leisure_22,0.013769879050742269,0.001770099209,1.1999779841742269,2258
kreis_03153,dep_hour_share_leisure_23,0.0036496350364963502,0.0005879270829,0.30617079535963504,2258
kreis_03153,dep_hour_share_leisure_4,0.000722874572446137,0.0,0.0722874572446137,2258
kreis_03153,dep_hour_share_leisure_5,0.003949363517754505,0.005110367107,-0.11610035892454951,2258
kreis_03153,dep_hour_share_leisure_6,0.016026658203744843,0.01739545402,-0.1368795816255156,2258
kreis_03153,dep_hour_share_leisure_7,0.03138333509644205,0.02188765176,0.9495683336442046,2258
kreis_03153,dep_hour_share_leisure_8,0.05345745618674848,0.05173752422,0.17199319667484808,2258
kreis_03153,dep_hour_share_leisure_9,0.06310166084840792,0.04720474733,1.589691351840792,2258
kreis_03153,dep_hour_share_other_10,0.08833622844553658,0.1315819366,-4.324570815446342,2258
kreis_03153,dep_hour_share_other_11,0.08011693428801424,0.1243874101,-4.427047581198576,2258
kreis_03153,dep_hour_share_other_12,0.0665593356776681,0.04761661363,1.8942722047668101,2258
kreis_03153,dep_hour_share_other_13,0.07808329449646231,0.04756339058,3.051990391646231,2258
kreis_03153,dep_hour_share_other_14,0.09244587552429775,0.05589018401,3.6555691514297752,2258
kreis_03153,dep_hour_share_other_15,0.08278608651442614,0.1165910289,-3.380494238557387,2258
kreis_03153,dep_hour_share_other_16,0.08325212896665678,0.07428514028,0.8966988686656783,2258
kreis_03153,dep_hour_share_other_17,0.05522603058933186,0.0408020817,1.4423948889331863,2258
kreis_03153,dep_hour_share_other_18,0.043426683048764986,0.02317033488,2.0256348168764986,2258
kreis_03153,dep_hour_share_other_19,0.02546286489005635,0.005202427901,2.026043698905635,2258
kreis_03153,dep_hour_share_other_20,0.012117103757996866,0.004642196308,0.7474907449996866,2258
kreis_03153,dep_hour_share_other_21,0.009342032792441638,0.0007686538478,0.8573378944641639,2258
kreis_03153,dep_hour_share_other_22,0.004978180739736474,0.004482402718,0.04957780217364743,2258
kreis_03153,dep_hour_share_other_23,0.003855442104817184,0.0,0.38554421048171844,2258
kreis_03153,dep_hour_share_other_4,0.0017370673219505996,0.0,0.17370673219505994,2258
kreis_03153,dep_hour_share_other_5,0.0009956361479472949,0.001831961841,-0.08363256930527051,2258
kreis_03153,dep_hour_share_other_6,0.014150743549548787,0.01387558487,0.027515867954878634,2258
kreis_03153,dep_hour_share_other_7,0.06520357581663348,0.06244021599,0.27633598266334836,2258
kreis_03153,dep_hour_share_other_8,0.08810320721942126,0.09131337718,-0.32101699605787404,2258
kreis_03153,dep_hour_share_other_9,0.09784773122060755,0.1518387067,-5.399097547939244,2258
kreis_03153,dep_hour_share_shop_10,0.11673523787448571,0.1114345698,0.5300668074485717,2258
kreis_03153,dep_hour_share_shop_11,0.08848583183635626,0.1205447312,-3.205889936364374,2258
kreis_03153,dep_hour_share_shop_12,0.08442950686677869,0.06155905795,2.2870448916778687,2258
kreis_03153,dep_hour_share_shop_13,0.06324969577562728,0.07150650735,-0.8256811574372719,2258
kreis_03153,dep_hour_share_shop_14,0.0946572405400707,0.07546879174,1.91884488000707,2258
kreis_03153,dep_hour_share_shop_15,0.08947093932896795,0.1028407695,-1.3369830171032049,2258
kreis_03153,dep_hour_share_shop_16,0.08692124934809063,0.08042503588,0.6496213468090637,2258
kreis_03153,dep_hour_share_shop_17,0.06649475575128933,0.08674251959,-2.024776383871067,2258
kreis_03153,dep_hour_share_shop_18,0.04977690212667323,0.04028822953,0.9488672596673235,2258
kreis_03153,dep_hour_share_shop_19,0.012024106159819204,0.03724363878,-2.521953262018079,2258
kreis_03153,dep_hour_share_shop_20,0.0032160862258793534,0.0,0.3216086225879353,2258
kreis_03153,dep_hour_share_shop_21,0.0005794749956539375,0.004366195127,-0.3786720131346062,2258
kreis_03153,dep_hour_share_shop_22,0.00043460624674045313,0.0,0.043460624674045316,2258
kreis_03153,dep_hour_share_shop_23,8.692124934809063e-05,0.0,0.008692124934809062,2258
kreis_03153,dep_hour_share_shop_4,2.8973749782696876e-05,0.0,0.0028973749782696878,2258
kreis_03153,dep_hour_share_shop_5,0.001187923741090572,0.0002299281066,0.0957995634490572,2258
kreis_03153,dep_hour_share_shop_6,0.012603581155473142,0.005074628411,0.7528952744473142,2258
kreis_03153,dep_hour_share_shop_7,0.03610129222924031,0.03182600542,0.42752868092403096,2258
kreis_03153,dep_hour_share_shop_8,0.07040621197195342,0.06811076243,0.22954495419534177,2258
kreis_03153,dep_hour_share_shop_9,0.12215332908385003,0.1023386292,1.9814699883850027,2258
kreis_03153,dep_hour_share_work_10,0.03174942922374429,0.02437427258,0.7375156643744292,2258
kreis_03153,dep_hour_share_work_11,0.029769549086757992,0.03661008216,-0.6840533073242009,2258
kreis_03153,dep_hour_share_work_12,0.036244292237442924,0.04602808941,-0.9783797172557076,2258
kreis_03153,dep_hour_share_work_13,0.046999857305936074,0.05766791802,-1.0668060714063925,2258
kreis_03153,dep_hour_share_work_14,0.021903538812785388,0.03265190864,-1.074836982721461,2258
kreis_03153,dep_hour_share_work_15,0.019656107305936074,0.01129233743,0.8363769875936073,2258
kreis_03153,dep_hour_share_work_16,0.01202197488584475,0.006334458875,0.568751601084475,2258
kreis_03153,dep_hour_share_work_17,0.010166952054794521,0.01017416613,-0.0007214075205479176,2258
kreis_03153,dep_hour_share_work_18,0.005850456621004566,0.001251459409,0.4598997212004565,2258
kreis_03153,dep_hour_share_work_19,0.002746860730593607,0.000786676141,0.19601845895936074,2258
kreis_03153,dep_hour_share_work_20,0.0037635559360730594,0.00324327462,0.052028131607305926,2258
kreis_03153,dep_hour_share_work_21,0.005814783105022831,0.0002235143361,0.5591268768922831,2258
kreis_03153,dep_hour_share_work_22,0.0008740011415525114,0.003094140279,-0.22201391374474885,2258
kreis_03153,dep_hour_share_work_23,0.0005707762557077625,0.0,0.05707762557077625,2258
kreis_03153,dep_hour_share_work_4,0.03073273401826484,0.01567304025,1.505969376826484,2258
kreis_03153,dep_hour_share_work_5,0.11579623287671233,0.1217105363,-0.5914303423287679,2258
kreis_03153,dep_hour_share_work_6,0.2183219178082192,0.1891580527,2.9163865108219196,2258
kreis_03153,dep_hour_share_work_7,0.2294342180365297,0.3056586603,-7.622444226347031,2258
kreis_03153,dep_hour_share_work_8,0.1176869292237443,0.1036869266,1.400000262374429,2258
kreis_03153,dep_hour_share_work_9,0.0467679794520548,0.02845216693,1.8315812522054795,2258
kreis_03153,mean_work_activity_h,5.652161579721275,6.466280458,-0.814118878278725,2258
kreis_03153,mobility_rate,0.8785984536930416,0.8323700116,4.622844209304155,2258
kreis_03153,n_persons_unweighted,127659.0,2258.0,125401.0,2258
kreis_03153,n_persons_weighted,127659.0,95795.0,31864.0,2258
kreis_03153,n_work_activities_measured,55993.0,826.0,55167.0,2258
kreis_03153,nonhome_acts_per_mobile,2.141127486381184,2.220014823,-0.07888733661881586,2258
kreis_03153,participation_education,0.13967679521224513,0.145628591,-0.5951795787754871,2258
kreis_03153,participation_escort,0.1186598673027362,0.120012767,-0.1352899697263807,2258
kreis_03153,participation_home,0.8785984536930416,0.8247719592,5.3826494493041555,2258
kreis_03153,participation_leisure,0.3416602041375853,0.3479370237,-0.6276819562414715,2258
kreis_03153,participation_other,0.2741365669478846,0.1980244057,7.611216124788458,2258
kreis_03153,participation_shop,0.2278805254623646,0.2808092782,-5.292875273763542,2258
kreis_03153,participation_work,0.3440572149241338,0.3284658498,1.5591365124133838,2258
kreis_03153,purpose_share_education,0.05520971054724281,0.05007344776,0.5136262787242808,2258
kreis_03153,purpose_share_escort,0.05614397993882121,0.06229541015,-0.6151430211178789,2258
kreis_03153,purpose_share_home,0.41418869802364217,0.4189974931,-0.48087950763578413,2258
kreis_03153,purpose_share_leisure,0.13835480770638084,0.1540440778,-1.5689270093619174,2258
kreis_03153,purpose_share_other,0.11515175169412557,0.08123393901,3.3917812684125566,2258
kreis_03153,purpose_share_shop,0.08419157645153263,0.1102021466,-2.6010570148467362,2258
kreis_03153,purpose_share_work,0.1367594756382548,0.1231534856,1.36059900382548,2258
kreis_03153,share_mobile_first_from_home,1.0,0.9822715632,1.7728436800000025,2258
kreis_03153,share_mobile_last_to_home,1.0,0.9834002883,1.6599711699999964,2258
kreis_03153,share_mobile_odd_trip_count,0.29466570376512335,0.2276124655,6.705323826512336,2258
kreis_03153,share_trips_0,0.12140154630695837,0.1676299884,-4.622844209304164,2258
kreis_03153,share_trips_1,0.001135838444606334,0.002313128098,-0.11772896533936658,2258
kreis_03153,share_trips_2,0.35037091000242837,0.3282780951,2.2092814902428373,2258
kreis_03153,share_trips_3,0.12431555942001739,0.08590477545,3.841078397001739,2258
kreis_03153,share_trips_4,0.1700859320533609,0.194497228,-2.44112959466391,2258
kreis_03153,share_trips_5,0.09107857652026101,0.05496935306,3.610922346026101,2258
kreis_03153,share_trips_6,0.06853414173697114,0.07146337992,-0.29292381830288566,2258
kreis_03153,share_trips_7,0.029359465450927862,0.03608694801,-0.6727482559072139,2258
kreis_03153,share_trips_8plus,0.04371803006446862,0.058857104,-1.5139073935531377,2258
kreis_03153,share_trips_followed_by_same_purpose,0.10651646802261762,0.04814703654,5.836943148261762,2258
kreis_03153,share_trips_home_based,0.8021129612192825,0.8371207738,-3.50078125807175,2258
kreis_03153,share_trips_unknown_purpose,0.0,0.0006905355139,-0.06905355139,2258
kreis_03153,share_work_activities_lt_2h,0.2045077063204329,0.1135096853,9.099802102043292,2258
kreis_03153,tours_per_mobile,1.5138506254402153,1.599090611,-0.08523998555978474,2258
kreis_03153,trips_per_mobile_person,3.6549781118213995,3.819105434,-0.16412732217860038,2258
kreis_03153,trips_per_person,3.2112581173281947,3.178908834,0.032349283328194645,2258
kreis_03153,trips_per_person_education,0.17729263115017352,0.1590690068,0.018223624350173523,2258
kreis_03153,trips_per_person_escort,0.18029281131765093,0.1978946819,-0.017601870582349077,2258
kreis_03153,trips_per_person_home,1.3300668186340172,1.33103507,-0.0009682513659827752,2258
kreis_03153,trips_per_person_leisure,0.4442929993184969,0.48935393,-0.045060930681503075,2258
kreis_03153,trips_per_person_other,0.3697819973523214,0.2580569657,0.11172503165232145,2258
kreis_03153,trips_per_person_shop,0.27036088329064145,0.3500806672,-0.07971978390935852,2258
kreis_03153,trips_per_person_work,0.4391699762648932,0.3912233631,0.04794661316489318,2258
kreis_03154,dep_hour_share_all_10,0.048383081608086125,0.06207068411,-1.3687602501913878,1761
kreis_03154,dep_hour_share_all_11,0.05257755513345587,0.05855026925,-0.5972714116544132,1761
kreis_03154,dep_hour_share_all_12,0.05921027952926412,0.06244773228,-0.3237452750735878,1761
kreis_03154,dep_hour_share_all_13,0.06592484731093326,0.07161385978,-0.5689012469066737,1761
kreis_03154,dep_hour_share_all_14,0.07349536050306402,0.07427548446,-0.07801239569359825,1761
kreis_03154,dep_hour_share_all_15,0.08622200700442978,0.09545626666,-0.9234259655570218,1761
kreis_03154,dep_hour_share_all_16,0.08831583362603711,0.1002803984,-1.1964564773962891,1761
kreis_03154,dep_hour_share_all_17,0.07650651507452863,0.0682875799,0.8218935174528624,1761
kreis_03154,dep_hour_share_all_18,0.0637730482910078,0.06295902495,0.08140233410078024,1761
kreis_03154,dep_hour_share_all_19,0.0393905395866227,0.0319258347,0.7464704886622695,1761
kreis_03154,dep_hour_share_all_20,0.028935047042896164,0.02363699647,0.5298050572896164,1761
kreis_03154,dep_hour_share_all_21,0.02015393376823999,0.01439045814,0.5763475628239991,1761
kreis_03154,dep_hour_share_all_22,0.014213468011171623,0.005699764231,0.8513703780171623,1761
kreis_03154,dep_hour_share_all_23,0.006550881009947381,0.002423430965,0.4127450044947381,1761
kreis_03154,dep_hour_share_all_4,0.003931892662399444,0.003195060167,0.07368324953994435,1761
kreis_03154,dep_hour_share_all_5,0.017470152740218865,0.01307586481,0.4394287930218864,1761
kreis_03154,dep_hour_share_all_6,0.047196352513103466,0.03685247029,1.0343882223103464,1761
kreis_03154,dep_hour_share_all_7,0.08551610780137975,0.1043748671,-1.8858759298620256,1761
kreis_03154,dep_hour_share_all_8,0.05875673076595179,0.06215595232,-0.33992215540482107,1761
kreis_03154,dep_hour_share_all_9,0.053143638552326906,0.04393311096,0.9210527592326906,1761
kreis_03154,dep_hour_share_education_10,0.014874077412811989,0.003979768808,1.0894308604811989,1761
kreis_03154,dep_hour_share_education_11,0.016958701898698518,0.006089696943,1.0869004955698518,1761
kreis_03154,dep_hour_share_education_12,0.020846244858865288,0.01314888278,0.7697362078865289,1761
kreis_03154,dep_hour_share_education_13,0.030762296467406615,0.002655089981,2.8107206486406615,1761
kreis_03154,dep_hour_share_education_14,0.026818412304918587,0.03264672969,-0.5828317385081414,1761
kreis_03154,dep_hour_share_education_15,0.031213026085976675,0.005156528215,2.6056497870976676,1761
kreis_03154,dep_hour_share_education_16,0.016395289875485945,0.01384157015,0.2553719725485945,1761
kreis_03154,dep_hour_share_education_17,0.010085075215505099,0.01182236213,-0.1737286914494901,1761
kreis_03154,dep_hour_share_education_18,0.0075497211110485095,0.006968813771,0.05809073400485096,1761
kreis_03154,dep_hour_share_education_19,0.007098991492478449,0.001437982093,0.5661009399478449,1761
kreis_03154,dep_hour_share_education_20,0.00028170601160628766,0.0,0.028170601160628767,1761
kreis_03154,dep_hour_share_education_21,0.00022536480928503014,0.0,0.022536480928503015,1761
kreis_03154,dep_hour_share_education_22,0.00011268240464251507,0.0,0.011268240464251508,1761
kreis_03154,dep_hour_share_education_23,0.0,0.0,0.0,1761
kreis_03154,dep_hour_share_education_4,0.00039438841624880275,0.0,0.039438841624880275,1761
kreis_03154,dep_hour_share_education_5,0.0034368133415967096,0.0,0.34368133415967095,1761
kreis_03154,dep_hour_share_education_6,0.17826356414445885,0.1040818782,7.418168594445884,1761
kreis_03154,dep_hour_share_education_7,0.4701673333708941,0.6825804706,-21.241313722910593,1761
kreis_03154,dep_hour_share_education_8,0.12659868161586568,0.09882488457,2.777379704586569,1761
kreis_03154,dep_hour_share_education_9,0.03774860555524255,0.01676534205,2.098326350524255,1761
kreis_03154,dep_hour_share_escort_10,0.02145114652679712,0.0008394805377,2.061166598909712,1761
kreis_03154,dep_hour_share_escort_11,0.032143097303476566,0.03305299812,-0.09099008165234374,1761
kreis_03154,dep_hour_share_escort_12,0.06287405016475019,0.02678571647,3.6088333694750188,1761
kreis_03154,dep_hour_share_escort_13,0.0674467083585502,0.08540865615,-1.79619477914498,1761
kreis_03154,dep_hour_share_escort_14,0.13294331248739158,0.159562714,-2.6619401512608416,1761
kreis_03154,dep_hour_share_escort_15,0.11862013314504741,0.1445334976,-2.59133644549526,1761
kreis_03154,dep_hour_share_escort_16,0.0757850850648914,0.05945111565,1.6333969414891403,1761
kreis_03154,dep_hour_share_escort_17,0.06011700625378253,0.07232574487,-1.220873861621747,1761
kreis_03154,dep_hour_share_escort_18,0.04370923273485307,0.04177022239,0.19390103448530677,1761
kreis_03154,dep_hour_share_escort_19,0.018694102615829468,0.02122784937,-0.25337467541705316,1761
kreis_03154,dep_hour_share_escort_20,0.006253782529755901,0.01315893533,-0.6905152800244099,1761
kreis_03154,dep_hour_share_escort_21,0.006993477237576491,0.0,0.6993477237576491,1761
kreis_03154,dep_hour_share_escort_22,0.0021518391500235357,0.0,0.21518391500235357,1761
kreis_03154,dep_hour_share_escort_23,0.0018156142828323583,0.0,0.18156142828323585,1761
kreis_03154,dep_hour_share_escort_4,0.0008741846546970614,0.0,0.08741846546970614,1761
kreis_03154,dep_hour_share_escort_5,0.0016811243359558872,0.0007529550837,0.09281692522558872,1761
kreis_03154,dep_hour_share_escort_6,0.04270055813327954,0.01834383594,2.435672219327954,1761
kreis_03154,dep_hour_share_escort_7,0.1757783605675476,0.1984839152,-2.270555463245241,1761
kreis_03154,dep_hour_share_escort_8,0.08654428081500908,0.1134303427,-2.688606188499093,1761
kreis_03154,dep_hour_share_escort_9,0.03698473539102952,0.01087202053,2.611271486102952,1761
kreis_03154,dep_hour_share_home_10,0.03530070667303606,0.04492175025,-0.9621043576963945,1761
kreis_03154,dep_hour_share_home_11,0.053741743126822276,0.06234447055,-0.8602727423177726,1761
kreis_03154,dep_hour_share_home_12,0.07030490717709655,0.07492357487,-0.461866769290345,1761
kreis_03154,dep_hour_share_home_13,0.0802790452501359,0.09078154704,-1.050250178986409,1761
kreis_03154,dep_hour_share_home_14,0.08450425815803779,0.07089193347,1.361232468803779,1761
kreis_03154,dep_hour_share_home_15,0.10287116806958012,0.1238723366,-2.1001168530419876,1761
kreis_03154,dep_hour_share_home_16,0.10905661620570939,0.1228347913,-1.3778175094290606,1761
kreis_03154,dep_hour_share_home_17,0.10192399558535259,0.0814453777,2.0478617885352586,1761
kreis_03154,dep_hour_share_home_18,0.09073088770652478,0.08995911956,0.07717681465247844,1761
kreis_03154,dep_hour_share_home_19,0.05784341179765101,0.0485103465,0.933306529765101,1761
kreis_03154,dep_hour_share_home_20,0.05311578565898496,0.04397725021,0.9138535448984964,1761
kreis_03154,dep_hour_share_home_21,0.03812575156077553,0.02563765668,1.248809488077553,1761
kreis_03154,dep_hour_share_home_22,0.02890935147511819,0.01282509798,1.608425349511819,1761
kreis_03154,dep_hour_share_home_23,0.013886372247022584,0.005606254156,0.8280118091022585,1761
kreis_03154,dep_hour_share_home_4,7.41265422438928e-05,0.0006030866858,-0.05289601435561072,1761
kreis_03154,dep_hour_share_home_5,0.0007824468347966462,0.00266922052,-0.18867736852033537,1761
kreis_03154,dep_hour_share_home_6,0.002223796267316784,0.008493714497,-0.6269918229683216,1761
kreis_03154,dep_hour_share_home_7,0.009422307147445928,0.02114835001,-1.1726042862554071,1761
kreis_03154,dep_hour_share_home_8,0.019404681502956826,0.04138234612,-2.197766461704318,1761
kreis_03154,dep_hour_share_home_9,0.03026010180045135,0.02587608931,0.43840124904513494,1761
kreis_03154,dep_hour_share_leisure_10,0.045752523534081886,0.07536460558,-2.9612082045918107,1761
kreis_03154,dep_hour_share_leisure_11,0.04044459566746059,0.04516560624,-0.47210105725394164,1761
kreis_03154,dep_hour_share_leisure_12,0.049971645684473175,0.04981854766,0.015309802447317777,1761
kreis_03154,dep_hour_share_leisure_13,0.05761596915050471,0.03621516808,2.140080107050471,1761
kreis_03154,dep_hour_share_leisure_14,0.07766814109107406,0.09255633098,-1.4888189888925942,1761
kreis_03154,dep_hour_share_leisure_15,0.10443461494839515,0.1058846696,-0.14500546516048457,1761
kreis_03154,dep_hour_share_leisure_16,0.13791539072246797,0.1550299239,-1.7114533177532032,1761
kreis_03154,dep_hour_share_leisure_17,0.11697856413746172,0.1215240792,-0.454551506253828,1761
kreis_03154,dep_hour_share_leisure_18,0.0992627877963026,0.0980332311,0.12295566963025917,1761
kreis_03154,dep_hour_share_leisure_19,0.06274242939775433,0.0421005409,2.0641888497754337,1761
kreis_03154,dep_hour_share_leisure_20,0.028853351480095272,0.008369642156,2.0483709324095276,1761
kreis_03154,dep_hour_share_leisure_21,0.015016445503005557,0.005249754289,0.9766691214005557,1761
kreis_03154,dep_hour_share_leisure_22,0.010275603946920722,0.0008060443813,0.9469559565620721,1761
kreis_03154,dep_hour_share_leisure_23,0.0024724963139389814,0.0002329302224,0.22395660915389815,1761
kreis_03154,dep_hour_share_leisure_4,0.00043098559600771236,0.001727608706,-0.12966231099922876,1761
kreis_03154,dep_hour_share_leisure_5,0.003606668935011909,0.003396528557,0.021014037801190884,1761
kreis_03154,dep_hour_share_leisure_6,0.01674038788703641,0.01623190741,0.0508480477036409,1761
kreis_03154,dep_hour_share_leisure_7,0.025201315640240446,0.02907391021,-0.38725945697595554,1761
kreis_03154,dep_hour_share_leisure_8,0.04139730066916185,0.05683768705,-1.5440386380838154,1761
kreis_03154,dep_hour_share_leisure_9,0.05933991153453556,0.05593859604,0.34013154945355534,1761
kreis_03154,dep_hour_share_other_10,0.08943508304036853,0.1168359878,-2.7400904759631475,1761
kreis_03154,dep_hour_share_other_11,0.08755606740210935,0.1256523253,-3.8096257897890657,1761
kreis_03154,dep_hour_share_other_12,0.0700690992847618,0.04594481099,2.412428829476179,1761
kreis_03154,dep_hour_share_other_13,0.07728209479936962,0.1219334212,-4.465132640063038,1761
kreis_03154,dep_hour_share_other_14,0.08752576069826645,0.1058910885,-1.8365327801733542,1761
kreis_03154,dep_hour_share_other_15,0.08225239422960359,0.08328690462,-0.1034510390396412,1761
kreis_03154,dep_hour_share_other_16,0.0788580433991999,0.05241096696,2.6447076439199897,1761
kreis_03154,dep_hour_share_other_17,0.059492059643593165,0.02649349131,3.299856833359317,1761
kreis_03154,dep_hour_share_other_18,0.04230815856467451,0.02205314131,2.0255017254674508,1761
kreis_03154,dep_hour_share_other_19,0.02621529882409989,0.02202918232,0.41861165040998904,1761
kreis_03154,dep_hour_share_other_20,0.01245605527942781,0.003557888283,0.8898166996427809,1761
kreis_03154,dep_hour_share_other_21,0.008788944114438113,0.0,0.8788944114438113,1761
kreis_03154,dep_hour_share_other_22,0.004212631834161717,0.001193481369,0.3019150465161717,1761
kreis_03154,dep_hour_share_other_23,0.001848708934416293,0.0,0.1848708934416293,1761
kreis_03154,dep_hour_share_other_4,0.0015153351921445024,0.0,0.15153351921445024,1761
kreis_03154,dep_hour_share_other_5,0.0026063765304885442,0.009020004278,-0.6413627747511456,1761
kreis_03154,dep_hour_share_other_6,0.015426112256031034,0.01720896226,-0.1782850003968965,1761
kreis_03154,dep_hour_share_other_7,0.062310583100981934,0.04298486993,1.932571317098193,1761
kreis_03154,dep_hour_share_other_8,0.08604073220996485,0.07866410799,0.737662421996485,1761
kreis_03154,dep_hour_share_other_9,0.09761789307794884,0.1248393656,-2.7221472522051164,1761
kreis_03154,dep_hour_share_shop_10,0.12569003872456125,0.1601016876,-3.4411648875438736,1761
kreis_03154,dep_hour_share_shop_11,0.09598747631210348,0.08107734514,1.4910131172103478,1761
kreis_03154,dep_hour_share_shop_12,0.07522452006261844,0.07510487905,0.011964101261843774,1761
kreis_03154,dep_hour_share_shop_13,0.058663590673148226,0.06445719671,-0.5793606036851772,1761
kreis_03154,dep_hour_share_shop_14,0.07254675784790311,0.09063636929,-1.8089611442096891,1761
kreis_03154,dep_hour_share_shop_15,0.09763532998269754,0.09567766789,0.1957662092697543,1761
kreis_03154,dep_hour_share_shop_16,0.08655351404795254,0.122642756,-3.608924195204746,1761
kreis_03154,dep_hour_share_shop_17,0.06480184559611106,0.06407174735,0.07300982461110606,1761
kreis_03154,dep_hour_share_shop_18,0.03979566614484634,0.03957267966,0.02229864848463381,1761
kreis_03154,dep_hour_share_shop_19,0.01540743182005438,0.01306296914,0.23444626800543794,1761
kreis_03154,dep_hour_share_shop_20,0.004119634176485128,0.0008375024452,0.32821317312851284,1761
kreis_03154,dep_hour_share_shop_21,0.0014006756200049435,0.008402424389,-0.7001748768995055,1761
kreis_03154,dep_hour_share_shop_22,0.0007003378100024718,0.0,0.07003378100024718,1761
kreis_03154,dep_hour_share_shop_23,0.00041196341764851283,0.0,0.041196341764851284,1761
kreis_03154,dep_hour_share_shop_4,0.00016478536705940512,0.0,0.016478536705940513,1761
kreis_03154,dep_hour_share_shop_5,0.0011946939111806873,0.0,0.11946939111806873,1761
kreis_03154,dep_hour_share_shop_6,0.010216692757683117,0.01202395152,-0.18072587623168823,1761
kreis_03154,dep_hour_share_shop_7,0.03798302710719288,0.03905452015,-0.10714930428071187,1761
kreis_03154,dep_hour_share_shop_8,0.0817747384032298,0.05067274122,3.11019971832298,1761
kreis_03154,dep_hour_share_shop_9,0.12742028507868502,0.0826035624,4.481672267868503,1761
kreis_03154,dep_hour_share_work_10,0.03434247371479896,0.02821033718,0.6132136534798962,1761
kreis_03154,dep_hour_share_work_11,0.029376023669889575,0.03649074971,-0.7114726040110424,1761
kreis_03154,dep_hour_share_work_12,0.031198816505521212,0.0691151671,-3.791635059447879,1761
kreis_03154,dep_hour_share_work_13,0.04020711153378771,0.0547943844,-1.4587272866212289,1761
kreis_03154,dep_hour_share_work_14,0.020235642204258466,0.01071592853,0.9519713674258465,1761
kreis_03154,dep_hour_share_work_15,0.020816822528662758,0.00778838231,1.3028440218662758,1761
kreis_03154,dep_hour_share_work_16,0.01204628308765256,0.007751212765,0.429507032265256,1761
kreis_03154,dep_hour_share_work_17,0.007766682517039151,0.001631617885,0.6135064632039151,1761
kreis_03154,dep_hour_share_work_18,0.004306017858086332,0.0004865293025,0.38194885555863317,1761
kreis_03154,dep_hour_share_work_19,0.003143657209277751,0.0,0.3143657209277751,1761
kreis_03154,dep_hour_share_work_20,0.004094679558302954,0.0211683322,-1.7073652641697048,1761
kreis_03154,dep_hour_share_work_21,0.004940032757436466,0.01350213162,-0.8562098862563533,1761
kreis_03154,dep_hour_share_work_22,0.0003962593120938342,0.0002381207411,0.015813857099383422,1761
kreis_03154,dep_hour_share_work_23,0.0007396840492418238,0.0,0.07396840492418238,1761
kreis_03154,dep_hour_share_work_4,0.027764569134041316,0.02197396525,0.5790603884041314,1761
kreis_03154,dep_hour_share_work_5,0.1233158979236012,0.08869688724,3.461901068360121,1761
kreis_03154,dep_hour_share_work_6,0.21862947112590478,0.1780825382,4.0546932925904775,1761
kreis_03154,dep_hour_share_work_7,0.23471759919691446,0.3047986337,-7.008103450308553,1761
kreis_03154,dep_hour_share_work_8,0.12392349553547842,0.1070376473,1.6885848235478425,1761
kreis_03154,dep_hour_share_work_9,0.04649442595234321,0.0328678353,1.362659065234321,1761
kreis_03154,mean_work_activity_h,5.664951401556207,6.355170737,-0.6902193354437927,1761
kreis_03154,mobility_rate,0.886013908819958,0.8422844969,4.372941191995805,1761
kreis_03154,n_persons_unweighted,90590.0,1761.0,88829.0,1761
kreis_03154,n_persons_weighted,90590.0,55924.0,34666.0,1761
kreis_03154,n_work_activities_measured,37827.0,607.0,37220.0,1761
kreis_03154,nonhome_acts_per_mobile,2.140797867038772,2.168146457,-0.027348589961228242,1761
kreis_03154,participation_education,0.15361518931449386,0.1566083895,-0.29932001855061396,1761
kreis_03154,participation_escort,0.10597196158516392,0.1066033005,-0.06313389148360771,1761
kreis_03154,participation_home,0.886013908819958,0.8384272405,4.758666831995805,1761
kreis_03154,participation_leisure,0.3797328623468374,0.3832723827,-0.35395203531626285,1761
kreis_03154,participation_other,0.26703830444861465,0.1766926064,9.034569804861464,1761
kreis_03154,participation_shop,0.22511314714648417,0.2917111385,-6.6597991353515855,1761
kreis_03154,participation_work,0.3283585384700298,0.3214259891,0.693254937002985,1761
kreis_03154,purpose_share_education,0.06052659398519317,0.05299640443,0.7530189555193169,1761
kreis_03154,purpose_share_escort,0.05071220796404347,0.04975880244,0.09534055240434727,1761
kreis_03154,purpose_share_home,0.4140388687880018,0.4269593928,-1.2920524011998225,1761
kreis_03154,purpose_share_leisure,0.15033606940319122,0.1623001646,-1.196409519680877,1761
kreis_03154,purpose_share_other,0.11252101499439032,0.06896078783,4.356022716439033,1761
kreis_03154,purpose_share_shop,0.08277776451611803,0.1179408427,-3.516307818388198,1761
kreis_03154,purpose_share_work,0.12908748034906203,0.1210836052,0.8003875149062034,1761
kreis_03154,share_mobile_first_from_home,1.0,0.971415874,2.8584126000000043,1761
kreis_03154,share_mobile_last_to_home,1.0,0.9801030915,1.9896908500000032,1761
kreis_03154,share_mobile_odd_trip_count,0.29957390610983753,0.2300324463,6.954145980983753,1761
kreis_03154,share_trips_0,0.11398609118004195,0.1577155031,-4.372941191995803,1761
kreis_03154,share_trips_1,0.0009824483938624573,0.006616003335,-0.5633554941137542,1761
kreis_03154,share_trips_2,0.33238768075946573,0.3086377183,2.3749962459465754,1761
kreis_03154,share_trips_3,0.1320013246495198,0.08493575231,4.70655723395198,1761
kreis_03154,share_trips_4,0.19785848327629982,0.2289717101,-3.1113226823700186,1761
kreis_03154,share_trips_5,0.09356441108290098,0.05452956044,3.903485064290098,1761
kreis_03154,share_trips_6,0.062346837399271444,0.07674607943,-1.4399242030728558,1761
kreis_03154,share_trips_7,0.0266585715862678,0.03869570917,-1.20371375837322,1761
kreis_03154,share_trips_8plus,0.04021415167237002,0.04315196375,-0.2937812077629984,1761
kreis_03154,share_trips_followed_by_same_purpose,0.1080093983488097,0.04074375061,6.726564773880969,1761
kreis_03154,share_trips_home_based,0.8039578097345887,0.8514306391,-4.747282936541131,1761
kreis_03154,share_trips_unknown_purpose,0.0,0.0002245328896,-0.02245328896,1761
kreis_03154,share_work_activities_lt_2h,0.20355830491447907,0.1041750996,9.938320531447907,1761
kreis_03154,tours_per_mobile,1.5126831456194558,1.614803253,-0.10212010738054422,1761
kreis_03154,trips_per_mobile_person,3.653481012658228,3.78294971,-0.12946869734177202,1761
kreis_03154,trips_per_person,3.237034992824815,3.186319893,0.05071509982481537,1761
kreis_03154,trips_per_person_education,0.19592670272657026,0.1688255823,0.027101120426570258,1761
kreis_03154,trips_per_person_escort,0.164157191743018,0.158511863,0.0056453287430179855,1761
kreis_03154,trips_per_person_home,1.3402583066563638,1.360123746,-0.01986543934363616,1761
kreis_03154,trips_per_person_leisure,0.48664311734187,0.5170241282,-0.030381010858129998,1761
kreis_03154,trips_per_person_other,0.36423446296500717,0.2196817933,0.14455266966500716,1761
kreis_03154,trips_per_person_shop,0.26795452036648637,0.3757128743,-0.10775835393351363,1761
kreis_03154,trips_per_person_work,0.4178606910254995,0.3857244727,0.03213621832549951,1761
kreis_03157,dep_hour_share_all_10,0.04410116710246996,0.05040664724,-0.6305480137530038,2446
kreis_03157,dep_hour_share_all_11,0.04567051449083902,0.04791158955,-0.22410750591609838,2446
kreis_03157,dep_hour_share_all_12,0.05933681975965525,0.06730605092,-0.7969231160344752,2446
kreis_03157,dep_hour_share_all_13,0.06850918831257573,0.07105049827,-0.25413099574242703,2446
kreis_03157,dep_hour_share_all_14,0.07495512896436739,0.07151439576,0.34407332043673855,2446
kreis_03157,dep_hour_share_all_15,0.08911342122286099,0.09135650668,-0.2243085457139013,2446
kreis_03157,dep_hour_share_all_16,0.0886965989121621,0.09790233586,-0.9205736947837897,2446
kreis_03157,dep_hour_share_all_17,0.07662241820716297,0.09156566576,-1.4943247552837033,2446
kreis_03157,dep_hour_share_all_18,0.06056678723384871,0.06794690332,-0.7380116086151294,2446
kreis_03157,dep_hour_share_all_19,0.03937262547945954,0.03182552229,0.7547103189459545,2446
kreis_03157,dep_hour_share_all_20,0.02801592580107326,0.02120330303,0.6812622771073261,2446
kreis_03157,dep_hour_share_all_21,0.01765686640731056,0.0145336647,0.312320170731056,2446
kreis_03157,dep_hour_share_all_22,0.013896354740841298,0.01135253815,0.2543816590841297,2446
kreis_03157,dep_hour_share_all_23,0.006669156971182318,0.0009784164261,0.5690740545082318,2446
kreis_03157,dep_hour_share_all_4,0.0040725589701072346,0.002440058689,0.16325002811072345,2446
kreis_03157,dep_hour_share_all_5,0.018233128946145646,0.01403795215,0.4195176796145646,2446
kreis_03157,dep_hour_share_all_6,0.05111425942291748,0.03448410281,1.6630156612917482,2446
kreis_03157,dep_hour_share_all_7,0.09624267713809347,0.113090005,-1.6847327861906527,2446
kreis_03157,dep_hour_share_all_8,0.05847584252771982,0.05639258685,0.2083255677719817,2446
kreis_03157,dep_hour_share_all_9,0.04757696407583888,0.04168325467,0.5893709405838881,2446
kreis_03157,dep_hour_share_education_10,0.01718723234168903,0.009375466,0.781176634168903,2446
kreis_03157,dep_hour_share_education_11,0.02489579169759607,0.01515107299,0.9744718707596072,2446
kreis_03157,dep_hour_share_education_12,0.028750071375549593,0.01130645617,1.7443615205549594,2446
kreis_03157,dep_hour_share_education_13,0.0346314166619083,0.01753060144,1.7100815221908297,2446
kreis_03157,dep_hour_share_education_14,0.026180551590247243,0.01131181449,1.4868737100247242,2446
kreis_03157,dep_hour_share_education_15,0.0342317135841946,0.008302381617,2.5929331967194598,2446
kreis_03157,dep_hour_share_education_16,0.018614743333523667,0.01153476899,0.7079974343523667,2446
kreis_03157,dep_hour_share_education_17,0.008679266830354594,0.01531026961,-0.6631002779645406,2446
kreis_03157,dep_hour_share_education_18,0.006709301661622795,0.006235166339,0.04741353226227944,2446
kreis_03157,dep_hour_share_education_19,0.008108262433620738,0.0,0.8108262433620738,2446
kreis_03157,dep_hour_share_education_20,0.0004568035173870839,0.001051387468,-0.059458395061291615,2446
kreis_03157,dep_hour_share_education_21,0.0003711528578770057,0.003428040294,-0.3056887436122994,2446
kreis_03157,dep_hour_share_education_22,8.565065951007823e-05,0.0,0.008565065951007823,2446
kreis_03157,dep_hour_share_education_23,5.710043967338549e-05,0.0,0.005710043967338548,2446
kreis_03157,dep_hour_share_education_4,0.0006281048364072403,0.0,0.06281048364072403,2446
kreis_03157,dep_hour_share_education_5,0.004682236053217609,0.0,0.46822360532176094,2446
kreis_03157,dep_hour_share_education_6,0.1837206646491178,0.08624550358,9.74751610691178,2446
kreis_03157,dep_hour_share_education_7,0.46048649574601724,0.6836874772,-22.320098145398276,2446
kreis_03157,dep_hour_share_education_8,0.10746302746531149,0.1016171904,0.5845837065311486,2446
kreis_03157,dep_hour_share_education_9,0.03308970479072689,0.01791240341,1.517730138072689,2446
kreis_03157,dep_hour_share_escort_10,0.013618418134232356,0.01643404262,-0.2815624485767642,2446
kreis_03157,dep_hour_share_escort_11,0.03167280308743291,0.0275608171,0.41119859874329084,2446
kreis_03157,dep_hour_share_escort_12,0.0616599387836579,0.05907865898,0.2581279803657903,2446
kreis_03157,dep_hour_share_escort_13,0.07434680388590693,0.1144842184,-4.013741451409307,2446
kreis_03157,dep_hour_share_escort_14,0.1414629818568957,0.1086685359,3.279444595689571,2446
kreis_03157,dep_hour_share_escort_15,0.11160892516523976,0.1051370628,0.6471862365239764,2446
kreis_03157,dep_hour_share_escort_16,0.07718582265004657,0.05356769621,2.361812644004657,2446
kreis_03157,dep_hour_share_escort_17,0.05766756864658652,0.06544904216,-0.7781473513413475,2446
kreis_03157,dep_hour_share_escort_18,0.044093510180543846,0.02445403048,1.9639479700543847,2446
kreis_03157,dep_hour_share_escort_19,0.015392804861819634,0.01603934988,-0.0646545018180367,2446
kreis_03157,dep_hour_share_escort_20,0.006698309896641973,0.004554857828,0.21434520686419728,2446
kreis_03157,dep_hour_share_escort_21,0.005988555205607062,0.005955909995,0.003264521060706259,2446
kreis_03157,dep_hour_share_escort_22,0.003060817105088054,0.01087793846,-0.7817121354911947,2446
kreis_03157,dep_hour_share_escort_23,0.002040544736725369,0.0,0.2040544736725369,2446
kreis_03157,dep_hour_share_escort_4,0.0005766756864658653,0.001677280153,-0.11006044665341347,2446
kreis_03157,dep_hour_share_escort_5,0.0026615800913809165,0.0,0.2661580091380916,2446
kreis_03157,dep_hour_share_escort_6,0.04156500909373198,0.02231280512,1.9252203973731978,2446
kreis_03157,dep_hour_share_escort_7,0.1825400346005412,0.2606590118,-7.811897719945882,2446
kreis_03157,dep_hour_share_escort_8,0.08836445903384643,0.09204885515,-0.36843961161535654,2446
kreis_03157,dep_hour_share_escort_9,0.03238255777846782,0.01103988698,2.1342670798467815,2446
kreis_03157,dep_hour_share_home_10,0.03382242678648635,0.03864134031,-0.48189135235136504,2446
kreis_03157,dep_hour_share_home_11,0.04812307422873374,0.04567262629,0.2450447938733745,2446
kreis_03157,dep_hour_share_home_12,0.07543276834921382,0.08891004988,-1.3477281530786174,2446
kreis_03157,dep_hour_share_home_13,0.08640042907415212,0.09304391983,-0.6643490755847886,2446
kreis_03157,dep_hour_share_home_14,0.08727609060907733,0.07927661311,0.7999477499077325,2446
kreis_03157,dep_hour_share_home_15,0.10886114744498383,0.113888281,-0.5027133555016161,2446
kreis_03157,dep_hour_share_home_16,0.10878452706067787,0.1149899722,-0.6205445139322128,2446
kreis_03157,dep_hour_share_home_17,0.09939852998319824,0.120698359,-2.129982901680176,2446
kreis_03157,dep_hour_share_home_18,0.08612678484448798,0.09434014163,-0.8213356785512022,2446
kreis_03157,dep_hour_share_home_19,0.05826980226467964,0.04379358737,1.4476214894679644,2446
kreis_03157,dep_hour_share_home_20,0.0523755055577143,0.03840670697,1.3968798587714297,2446
kreis_03157,dep_hour_share_home_21,0.033417433326583444,0.0246708772,0.8746556126583445,2446
kreis_03157,dep_hour_share_home_22,0.0274300975815323,0.02339576701,0.40343305715322997,2446
kreis_03157,dep_hour_share_home_23,0.014147406673635473,0.002119216066,1.2028190607635474,2446
kreis_03157,dep_hour_share_home_4,3.831019215297807e-05,0.0003567160325,-0.0318405840347022,2446
kreis_03157,dep_hour_share_home_5,0.0008592428811453653,0.003148970236,-0.22897273548546346,2446
kreis_03157,dep_hour_share_home_6,0.0022712471062122713,0.004829271289,-0.2558024182787728,2446
kreis_03157,dep_hour_share_home_7,0.011263196492975552,0.01461149749,-0.33483009970244476,2446
kreis_03157,dep_hour_share_home_8,0.019658601459071032,0.02807630003,-0.8417698570928969,2446
kreis_03157,dep_hour_share_home_9,0.027807726618468795,0.02642496843,0.1382758188468794,2446
kreis_03157,dep_hour_share_leisure_10,0.04100678733031674,0.04986634595,-0.885955861968326,2446
kreis_03157,dep_hour_share_leisure_11,0.03420374560080443,0.04112018317,-0.691643756919557,2446
kreis_03157,dep_hour_share_leisure_12,0.04559451985922574,0.04638918938,-0.07946695207742618,2446
kreis_03157,dep_hour_share_leisure_13,0.05929487179487179,0.06298794176,-0.3693069965128207,2446
kreis_03157,dep_hour_share_leisure_14,0.08765397184514831,0.07585839861,1.1795573235148307,2446
kreis_03157,dep_hour_share_leisure_15,0.11026269482151835,0.1178422143,-0.757951947848165,2446
kreis_03157,dep_hour_share_leisure_16,0.1446864002011061,0.1507206765,-0.6034276298893915,2446
kreis_03157,dep_hour_share_leisure_17,0.12998051784816492,0.1236744464,0.6306071448164918,2446
kreis_03157,dep_hour_share_leisure_18,0.09703368526897939,0.1100027136,-1.2969028331020607,2446
kreis_03157,dep_hour_share_leisure_19,0.06138448969331322,0.06592465554,-0.4540165846686782,2446
kreis_03157,dep_hour_share_leisure_20,0.024007038712921067,0.01873725732,0.5269781392921068,2446
kreis_03157,dep_hour_share_leisure_21,0.01299333836098542,0.01198286858,0.10104697809854205,2446
kreis_03157,dep_hour_share_leisure_22,0.010683760683760684,0.004309228184,0.6374532499760683,2446
kreis_03157,dep_hour_share_leisure_23,0.0016968325791855204,0.0004180202683,0.12788123108855204,2446
kreis_03157,dep_hour_share_leisure_4,0.0002828054298642534,0.0,0.028280542986425343,2446
kreis_03157,dep_hour_share_leisure_5,0.002765208647561589,0.00504694818,-0.22817395324384113,2446
kreis_03157,dep_hour_share_leisure_6,0.017125439919557568,0.0113036418,0.5821798119557569,2446
kreis_03157,dep_hour_share_leisure_7,0.02584527400703871,0.02065448715,0.5190786857038711,2446
kreis_03157,dep_hour_share_leisure_8,0.04205945198592258,0.03447851003,0.7580941955922578,2446
kreis_03157,dep_hour_share_leisure_9,0.04774698340874811,0.04677948641,0.09674969987481102,2446
kreis_03157,dep_hour_share_other_10,0.08393006194262619,0.1521518314,-6.822176945737381,2446
kreis_03157,dep_hour_share_other_11,0.07483635724640865,0.1007628704,-2.5926513153591344,2446
kreis_03157,dep_hour_share_other_12,0.06475420638755876,0.06561377344,-0.08595670524412374,2446
kreis_03157,dep_hour_share_other_13,0.08048148310855335,0.04204706984,3.8434413268553356,2446
kreis_03157,dep_hour_share_other_14,0.07643983657690111,0.1123311418,-3.58913052230989,2446
kreis_03157,dep_hour_share_other_15,0.09045380661599965,0.07287010809,1.7583698525999656,2446
kreis_03157,dep_hour_share_other_16,0.08447919869964415,0.1080794917,-2.3600293000355848,2446
kreis_03157,dep_hour_share_other_17,0.0638536221060493,0.0736993369,-0.9845714793950702,2446
kreis_03157,dep_hour_share_other_18,0.04133901506831261,0.01983697873,2.150203633831261,2446
kreis_03157,dep_hour_share_other_19,0.03402451346483328,0.006493111688,2.753140177683328,2446
kreis_03157,dep_hour_share_other_20,0.013882177217414225,0.003512883071,1.0369294146414223,2446
kreis_03157,dep_hour_share_other_21,0.00918156657734042,0.001318428024,0.7863138553340421,2446
kreis_03157,dep_hour_share_other_22,0.005337609278214647,0.0,0.5337609278214647,2446
kreis_03157,dep_hour_share_other_23,0.0029433730176163073,0.0,0.29433730176163075,2446
kreis_03157,dep_hour_share_other_4,0.001515617449369591,0.0,0.1515617449369591,2446
kreis_03157,dep_hour_share_other_5,0.003800026358564337,0.0,0.3800026358564337,2446
kreis_03157,dep_hour_share_other_6,0.017792030927382154,0.006424926355,1.1367104572382154,2446
kreis_03157,dep_hour_share_other_7,0.06348020911127707,0.04588633064,1.7593878471277067,2446
kreis_03157,dep_hour_share_other_8,0.08810350129596274,0.101739951,-1.3636449704037255,2446
kreis_03157,dep_hour_share_other_9,0.09047577208628037,0.08723176686,0.32440052262803637,2446
kreis_03157,dep_hour_share_shop_10,0.13037050725307217,0.09878747672,3.158303053307217,2446
kreis_03157,dep_hour_share_shop_11,0.08423419261449383,0.08513403848,-0.08998458655061631,2446
kreis_03157,dep_hour_share_shop_12,0.07117558286365457,0.1066141196,-3.5438536736345436,2446
kreis_03157,dep_hour_share_shop_13,0.05854815362345622,0.05232446615,0.6223687473456224,2446
kreis_03157,dep_hour_share_shop_14,0.07819766546552095,0.08709761272,-0.889994725447904,2446
kreis_03157,dep_hour_share_shop_15,0.10280575317995627,0.1078695233,-0.5063770120043734,2446
kreis_03157,dep_hour_share_shop_16,0.09113308078474854,0.1170282527,-2.5895171915251467,2446
kreis_03157,dep_hour_share_shop_17,0.07012843019495518,0.08633566781,-1.620723761504482,2446
kreis_03157,dep_hour_share_shop_18,0.04133173180572238,0.04407355299,-0.27418211842776197,2446
kreis_03157,dep_hour_share_shop_19,0.01204225569004281,0.007665948329,0.43763073610428094,2446
kreis_03157,dep_hour_share_shop_20,0.0032338538298068925,0.006720398303,-0.3486544473193107,2446
kreis_03157,dep_hour_share_shop_21,0.0015399303951461395,0.0,0.15399303951461393,2446
kreis_03157,dep_hour_share_shop_22,0.0010471526686993747,0.0,0.10471526686993747,2446
kreis_03157,dep_hour_share_shop_23,0.00036958329483507344,0.0,0.03695832948350734,2446
kreis_03157,dep_hour_share_shop_4,0.00015399303951461394,0.0,0.015399303951461394,2446
kreis_03157,dep_hour_share_shop_5,0.0012935415319227572,0.0,0.12935415319227572,2446
kreis_03157,dep_hour_share_shop_6,0.011949859866334041,0.004202694124,0.7747165742334041,2446
kreis_03157,dep_hour_share_shop_7,0.04299485663248021,0.02758049166,1.541436497248021,2446
kreis_03157,dep_hour_share_shop_8,0.07656533924666604,0.05805903282,1.8506306426666044,2446
kreis_03157,dep_hour_share_shop_9,0.11786627244448551,0.1105067242,0.7359548244485509,2446
kreis_03157,dep_hour_share_work_10,0.02817616671044567,0.03349005889,-0.531389217955433,2446
kreis_03157,dep_hour_share_work_11,0.02369319674284213,0.03219821615,-0.8505019407157869,2446
kreis_03157,dep_hour_share_work_12,0.029944838455476755,0.02400403544,0.5940803015476753,2446
kreis_03157,dep_hour_share_work_13,0.03612643376236757,0.04438396933,-0.825753556763243,2446
kreis_03157,dep_hour_share_work_14,0.022012083004990808,0.01752233201,0.44897509949908093,2446
kreis_03157,dep_hour_share_work_15,0.018282111899133174,0.01002949914,0.8252612759133174,2446
kreis_03157,dep_hour_share_work_16,0.011522633744855968,0.01039100778,0.11316259648559684,2446
kreis_03157,dep_hour_share_work_17,0.007302337798791699,0.0112437194,-0.39413816012083003,2446
kreis_03157,dep_hour_share_work_18,0.003940110323089046,0.01378795032,-0.9847839996910954,2446
kreis_03157,dep_hour_share_work_19,0.0028193678311881623,0.0,0.2819367831188162,2446
kreis_03157,dep_hour_share_work_20,0.005218457227913493,0.002694522053,0.25239351749134925,2446
kreis_03157,dep_hour_share_work_21,0.0035548550914981177,0.01089474319,-0.7339888098501883,2446
kreis_03157,dep_hour_share_work_22,0.0010506960861570791,0.0,0.10506960861570791,2446
kreis_03157,dep_hour_share_work_23,0.000717975658874004,0.0,0.0717975658874004,2446
kreis_03157,dep_hour_share_work_4,0.02896418877506348,0.01818388768,1.078030109506348,2446
kreis_03157,dep_hour_share_work_5,0.1266614131862359,0.09817122256,2.8490190626235896,2446
kreis_03157,dep_hour_share_work_6,0.216548463356974,0.1898237086,2.6724754756974,2446
kreis_03157,dep_hour_share_work_7,0.24553016373347342,0.3243751272,-7.884496346652659,2446
kreis_03157,dep_hour_share_work_8,0.12522546186848788,0.119425894,0.579956786848787,2446
kreis_03157,dep_hour_share_work_9,0.05136152701164522,0.03607658411,1.528494290164522,2446
kreis_03157,mean_work_activity_h,5.745951755154489,6.415477383,-0.6695256278455108,2446
kreis_03157,mobility_rate,0.8775614866696461,0.8212402024,5.632128426964611,2446
kreis_03157,n_persons_unweighted,136493.0,2446.0,134047.0,2446
kreis_03157,n_persons_weighted,136493.0,104172.0,32321.0,2446
kreis_03157,n_work_activities_measured,57070.0,871.0,56199.0,2446
kreis_03157,nonhome_acts_per_mobile,2.1398802815137627,2.155588382,-0.015708100486237164,2446
kreis_03157,participation_education,0.19820796670891547,0.1901311055,0.8076861208915459,2446
kreis_03157,participation_escort,0.10482588850710294,0.1063565594,-0.15306708928970597,2446
kreis_03157,participation_home,0.8775614866696461,0.8137540321,6.380745456964609,2446
kreis_03157,participation_leisure,0.36816540042346496,0.3722657309,-0.4100330476535019,2446
kreis_03157,participation_other,0.2442616104855194,0.1664957087,7.77659017855194,2446
kreis_03157,participation_shop,0.20294081015143633,0.2322507851,-2.930997494856366,2446
kreis_03157,participation_work,0.3345592814283516,0.3164269236,1.8132357828351597,2446
kreis_03157,purpose_share_education,0.07977933472425952,0.06415113977,1.5628194954259516,2446
kreis_03157,purpose_share_escort,0.05134658661248736,0.05521754869,-0.3870962077512641,2446
kreis_03157,purpose_share_home,0.4161822720688053,0.430629673,-1.4447400931194676,2446
kreis_03157,purpose_share_leisure,0.1449721662916025,0.1663083762,-2.133620990839749,2446
kreis_03157,purpose_share_other,0.10369536894468791,0.07017784179,3.3517527154687907,2446
kreis_03157,purpose_share_shop,0.073955210962199,0.09305182129,-1.909661032780101,2446
kreis_03157,purpose_share_work,0.13006906039595842,0.1204635993,0.9605461095958417,2446
kreis_03157,share_mobile_first_from_home,1.0,0.9810117436,1.8988256400000014,2446
kreis_03157,share_mobile_last_to_home,1.0,0.9814461412,1.8553858800000045,2446
kreis_03157,share_mobile_odd_trip_count,0.2816640368672828,0.2207371556,6.092688126728279,2446
kreis_03157,share_trips_0,0.12243851333035394,0.1787597976,-5.632128426964606,2446
kreis_03157,share_trips_1,0.0009744089440484128,0.008836270712,-0.7861861767951589,2446
kreis_03157,share_trips_2,0.3476295487680687,0.3141973457,3.3432203068068658,2446
kreis_03157,share_trips_3,0.11541983837999019,0.06668096858,4.8738869799990185,2446
kreis_03157,share_trips_4,0.1819140908324969,0.2130226015,-3.1108510667503086,2446
kreis_03157,share_trips_5,0.09236371095953638,0.06327543051,2.908828044953639,2446
kreis_03157,share_trips_6,0.06928560438996871,0.08170331607,-1.2417711680031294,2446
kreis_03157,share_trips_7,0.028155290014872558,0.02678843864,0.1366851374872559,2446
kreis_03157,share_trips_8plus,0.04181899438066421,0.04673583062,-0.4916836239335795,2446
kreis_03157,share_trips_followed_by_same_purpose,0.09960231051667745,0.04319098711,5.6411323406677445,2446
kreis_03157,share_trips_home_based,0.8103982361355333,0.8605857712,-5.0187535064466715,2446
kreis_03157,share_trips_unknown_purpose,0.0,0.0006487918246,-0.06487918245999999,2446
kreis_03157,share_work_activities_lt_2h,0.19150166462239354,0.1186540761,7.284758852239354,2446
kreis_03157,tours_per_mobile,1.5254422654678121,1.628471052,-0.10302878653218794,2446
kreis_03157,trips_per_mobile_person,3.665322546981575,3.784059434,-0.11873688701842511,2446
kreis_03157,trips_per_person,3.2165459034529245,3.107621736,0.10892416745292444,2446
kreis_03157,trips_per_person_education,0.2566138922875166,0.1992281348,0.057385757487516564,2446
kreis_03157,trips_per_person_escort,0.16515865282468697,0.1714839249,-0.0063252720753130265,2446
kreis_03157,trips_per_person_home,1.338669382312646,1.337365896,0.001303486312645985,2446
kreis_03157,trips_per_person_leisure,0.4663096275999502,0.5164882138,-0.05017858620004978,2446
kreis_03157,trips_per_person_other,0.33354091418607545,0.217944694,0.11559622018607546,2446
kreis_03157,trips_per_person_shop,0.237880330859458,0.2889822513,-0.05110192044054199,2446
kreis_03157,trips_per_person_work,0.41837310338259104,0.3741124209,0.04426068248259102,2446
kreis_03158,dep_hour_share_all_10,0.045074753065067835,0.05515405448,-1.0079301414932165,1871
kreis_03158,dep_hour_share_all_11,0.0483851544384232,0.05128257631,-0.2897421871576801,1871
kreis_03158,dep_hour_share_all_12,0.05982807435591939,0.05721300189,0.26150724659193963,1871
kreis_03158,dep_hour_share_all_13,0.06542654726674098,0.07577047958,-1.0343932313259017,1871
kreis_03158,dep_hour_share_all_14,0.07255979604647886,0.06910079288,0.34590031664788606,1871
kreis_03158,dep_hour_share_all_15,0.08805616408521978,0.0945681824,-0.6512018314780224,1871
kreis_03158,dep_hour_share_all_16,0.09015719282063107,0.09813400199,-0.7976809169368924,1871
kreis_03158,dep_hour_share_all_17,0.07753564702717244,0.07468157096,0.2854076067172445,1871
kreis_03158,dep_hour_share_all_18,0.0642171746287969,0.06272519837,0.14919762587969065,1871
kreis_03158,dep_hour_share_all_19,0.04007584201288802,0.0362048663,0.38709757128880184,1871
kreis_03158,dep_hour_share_all_20,0.027210884353741496,0.02188639743,0.5324486923741496,1871
kreis_03158,dep_hour_share_all_21,0.01964718090626081,0.01357014316,0.607703774626081,1871
kreis_03158,dep_hour_share_all_22,0.0138027338995862,0.006890193345,0.69125405545862,1871
kreis_03158,dep_hour_share_all_23,0.006971828279334333,0.004613050967,0.2358777312334333,1871
kreis_03158,dep_hour_share_all_4,0.004022701359263103,0.003629293392,0.039340796726310266,1871
kreis_03158,dep_hour_share_all_5,0.016552006866776842,0.01126620152,0.5285805346776843,1871
kreis_03158,dep_hour_share_all_6,0.0504067540387153,0.0406541143,0.9752639738715297,1871
kreis_03158,dep_hour_share_all_7,0.08979591836734693,0.1039640148,-1.416809643265307,1871
kreis_03158,dep_hour_share_all_8,0.05818312258990225,0.06412901048,-0.594588789009775,1871
kreis_03158,dep_hour_share_all_9,0.05084233316678837,0.05243075416,-0.1588420993211631,1871
kreis_03158,dep_hour_share_education_10,0.01816814439518683,0.002660874358,1.5507270037186829,1871
kreis_03158,dep_hour_share_education_11,0.03384262191260291,0.00987711508,2.3965506832602914,1871
kreis_03158,dep_hour_share_education_12,0.023234642178594046,0.00972202424,1.3512617938594045,1871
kreis_03158,dep_hour_share_education_13,0.02537207093096897,0.03807245213,-1.2700381199031028,1871
kreis_03158,dep_hour_share_education_14,0.021572197593413552,0.009916532512,1.1655665081413553,1871
kreis_03158,dep_hour_share_education_15,0.03503008233058898,0.02757460069,0.7455481640588978,1871
kreis_03158,dep_hour_share_education_16,0.015357821405953135,0.01405167733,0.13061440759531348,1871
kreis_03158,dep_hour_share_education_17,0.00870804306523116,0.004867861149,0.38401819162311596,1871
kreis_03158,dep_hour_share_education_18,0.004235275490816973,0.0,0.4235275490816973,1871
kreis_03158,dep_hour_share_education_19,0.006847688410386321,0.0,0.6847688410386321,1871
kreis_03158,dep_hour_share_education_20,0.00047498416719442683,0.0,0.04749841671944268,1871
kreis_03158,dep_hour_share_education_21,7.916402786573781e-05,0.0,0.007916402786573781,1871
kreis_03158,dep_hour_share_education_22,3.9582013932868905e-05,0.0,0.003958201393286891,1871
kreis_03158,dep_hour_share_education_23,0.00015832805573147562,0.0,0.015832805573147563,1871
kreis_03158,dep_hour_share_education_4,0.0003562381253958201,0.0,0.035623812539582016,1871
kreis_03158,dep_hour_share_education_5,0.0027311589613679545,0.0,0.27311589613679543,1871
kreis_03158,dep_hour_share_education_6,0.17803989867004433,0.08214585943,9.589403924004433,1871
kreis_03158,dep_hour_share_education_7,0.4708280557314756,0.6373170409,-16.648898516852434,1871
kreis_03158,dep_hour_share_education_8,0.11720234325522483,0.110496553,0.670579025522483,1871
kreis_03158,dep_hour_share_education_9,0.03637587080430652,0.05329740919,-1.6921538385693478,1871
kreis_03158,dep_hour_share_escort_10,0.016293176918834914,0.02741296507,-1.1119788151165086,1871
kreis_03158,dep_hour_share_escort_11,0.034541535067930014,0.02080495752,1.3736577547930013,1871
kreis_03158,dep_hour_share_escort_12,0.05253922895673535,0.05321798475,-0.06787557932646515,1871
kreis_03158,dep_hour_share_escort_13,0.07324409685667017,0.09225923392,-1.9015137063329828,1871
kreis_03158,dep_hour_share_escort_14,0.14292876121722564,0.102593244,4.0335517217225645,1871
kreis_03158,dep_hour_share_escort_15,0.12803930415601344,0.1687602819,-4.072097774398656,1871
kreis_03158,dep_hour_share_escort_16,0.0981601243294731,0.04451623652,5.36438878094731,1871
kreis_03158,dep_hour_share_escort_17,0.05750238131047275,0.03453654203,2.296583928047275,1871
kreis_03158,dep_hour_share_escort_18,0.03739910763523337,0.03517520488,0.22239027552333687,1871
kreis_03158,dep_hour_share_escort_19,0.019251015190254173,0.007376827986,1.1874187204254174,1871
kreis_03158,dep_hour_share_escort_20,0.0061162079510703364,0.002614832101,0.3501375850070336,1871
kreis_03158,dep_hour_share_escort_21,0.00897378051837369,0.0,0.897378051837369,1871
kreis_03158,dep_hour_share_escort_22,0.0017546498220283751,0.001096139809,0.06585100130283753,1871
kreis_03158,dep_hour_share_escort_23,0.0011530555973329323,0.0,0.11530555973329323,1871
kreis_03158,dep_hour_share_escort_4,0.001554118413796561,0.0,0.1554118413796561,1871
kreis_03158,dep_hour_share_escort_5,0.0015039855617386072,0.0,0.15039855617386072,1871
kreis_03158,dep_hour_share_escort_6,0.04246252569308668,0.03150092254,1.0961603153086683,1871
kreis_03158,dep_hour_share_escort_7,0.16884744573118765,0.2425382786,-7.369083286881234,1871
kreis_03158,dep_hour_share_escort_8,0.07735499072542237,0.1043624275,-2.700743677457762,1871
kreis_03158,dep_hour_share_escort_9,0.02702160725923698,0.03123392086,-0.42123136007630213,1871
kreis_03158,dep_hour_share_home_10,0.032547802854011994,0.04367232834,-1.1124525485988004,1871
kreis_03158,dep_hour_share_home_11,0.04852312882453613,0.05756872897,-0.9045600145463863,1871
kreis_03158,dep_hour_share_home_12,0.07473620704514954,0.07114544741,0.3590759635149529,1871
kreis_03158,dep_hour_share_home_13,0.08244991935384577,0.08939421248,-0.6944293126154231,1871
kreis_03158,dep_hour_share_home_14,0.08159420825176375,0.08751906609,-0.592485783823625,1871
kreis_03158,dep_hour_share_home_15,0.10536327706571122,0.1153993244,-1.0036047334288782,1871
kreis_03158,dep_hour_share_home_16,0.11325551902879868,0.1205004999,-0.7244980871201318,1871
kreis_03158,dep_hour_share_home_17,0.10126940740467132,0.0867880434,1.4481364004671315,1871
kreis_03158,dep_hour_share_home_18,0.09193045962151714,0.09740646199,-0.5476002368482863,1871
kreis_03158,dep_hour_share_home_19,0.061069454191753164,0.05202318318,0.9046271011753162,1871
kreis_03158,dep_hour_share_home_20,0.050209926248784155,0.03821740242,1.1992523828784156,1871
kreis_03158,dep_hour_share_home_21,0.03779288097612628,0.02671837785,1.1074503126126278,1871
kreis_03158,dep_hour_share_home_22,0.02781368891515532,0.01568993182,1.212375709515532,1871
kreis_03158,dep_hour_share_home_23,0.014676368829953582,0.00638792609,0.8288442739953581,1871
kreis_03158,dep_hour_share_home_4,4.309336485305162e-05,0.0007734310221,-0.07303376572469483,1871
kreis_03158,dep_hour_share_home_5,0.0007079624225858482,0.00563800055,-0.49300381274141514,1871
kreis_03158,dep_hour_share_home_6,0.001526736354793829,0.007895271508,-0.6368535153206172,1871
kreis_03158,dep_hour_share_home_7,0.008981888474371761,0.01212239825,-0.31405097756282385,1871
kreis_03158,dep_hour_share_home_8,0.01696031716716532,0.03462856587,-1.7668248702834684,1871
kreis_03158,dep_hour_share_home_9,0.03043622797621246,0.02767257553,0.2763652446212461,1871
kreis_03158,dep_hour_share_leisure_10,0.045811683057947826,0.04393411535,0.1877567707947829,1871
kreis_03158,dep_hour_share_leisure_11,0.029953792768658193,0.03413978358,-0.41859908113418065,1871
kreis_03158,dep_hour_share_leisure_12,0.040957226846940795,0.0515817975,-1.0624570653059204,1871
kreis_03158,dep_hour_share_leisure_13,0.04850860317517395,0.06887164928,-2.0363046104826052,1871
kreis_03158,dep_hour_share_leisure_14,0.08182455635664071,0.05625050905,2.557404730664071,1871
kreis_03158,dep_hour_share_leisure_15,0.10625865261870944,0.1167850565,-1.0526403881290558,1871
kreis_03158,dep_hour_share_leisure_16,0.14126467574030457,0.1247820193,1.6482656440304568,1871
kreis_03158,dep_hour_share_leisure_17,0.13806433053452957,0.1476739585,-0.9609627965470435,1871
kreis_03158,dep_hour_share_leisure_18,0.10735540013304806,0.0844457048,2.290969533304807,1871
kreis_03158,dep_hour_share_leisure_19,0.060716661572484225,0.06485958293,-0.4142921357515782,1871
kreis_03158,dep_hour_share_leisure_20,0.024685808806343155,0.0308634367,-0.6177627893656844,1871
kreis_03158,dep_hour_share_leisure_21,0.013286826444200723,0.01105487573,0.22319507142007228,1871
kreis_03158,dep_hour_share_leisure_22,0.010248296445459286,0.0005575326329,0.9690763812559287,1871
kreis_03158,dep_hour_share_leisure_23,0.0018698646146101154,0.003073118089,-0.12032534743898848,1871
kreis_03158,dep_hour_share_leisure_4,0.00030565094661896114,0.004135896466,-0.38302455193810386,1871
kreis_03158,dep_hour_share_leisure_5,0.003038529998741437,0.005569946358,-0.2531416359258563,1871
kreis_03158,dep_hour_share_leisure_6,0.018590769341412107,0.01499059211,0.3600177231412108,1871
kreis_03158,dep_hour_share_leisure_7,0.024254301587586975,0.02605144068,-0.17971390924130248,1871
kreis_03158,dep_hour_share_leisure_8,0.04467897660871285,0.05167739811,-0.6998421501287149,1871
kreis_03158,dep_hour_share_leisure_9,0.0530034700372175,0.05842583073,-0.5422360692782506,1871
kreis_03158,dep_hour_share_other_10,0.08761271035247602,0.1599726669,-7.235995654752399,1871
kreis_03158,dep_hour_share_other_11,0.08532233955349824,0.07557085747,0.9751482083498242,1871
kreis_03158,dep_hour_share_other_12,0.06704759149428613,0.03858206384,2.846552765428613,1871
kreis_03158,dep_hour_share_other_13,0.07910217464680071,0.07530674409,0.3795430556800705,1871
kreis_03158,dep_hour_share_other_14,0.08623848787308935,0.08053868999,0.5699797883089358,1871
kreis_03158,dep_hour_share_other_15,0.08845653117315204,0.0852189803,0.32375508731520425,1871
kreis_03158,dep_hour_share_other_16,0.08958966198948841,0.09817349272,-0.8583830730511597,1871
kreis_03158,dep_hour_share_other_17,0.06029702492887796,0.04801915574,1.227786918887796,1871
kreis_03158,dep_hour_share_other_18,0.03982834273590819,0.01484022095,2.498812178590819,1871
kreis_03158,dep_hour_share_other_19,0.028665798736679685,0.0009990018478,2.766679688887969,1871
kreis_03158,dep_hour_share_other_20,0.012874294806885577,0.000445981966,1.2428312840885576,1871
kreis_03158,dep_hour_share_other_21,0.007497950720864072,0.003042066317,0.44558844038640727,1871
kreis_03158,dep_hour_share_other_22,0.004194994937075076,0.0,0.4194994937075076,1871
kreis_03158,dep_hour_share_other_23,0.004050339939244901,0.0,0.4050339939244901,1871
kreis_03158,dep_hour_share_other_4,0.0015670958098268962,0.0,0.1567095809826896,1871
kreis_03158,dep_hour_share_other_5,0.001277785814166546,0.002421446838,-0.1143661023833454,1871
kreis_03158,dep_hour_share_other_6,0.019070350547278077,0.01059897521,0.8471375337278076,1871
kreis_03158,dep_hour_share_other_7,0.061767684073484735,0.07230242952,-1.0534745446515268,1871
kreis_03158,dep_hour_share_other_8,0.07661893051738271,0.1147094796,-3.809054908261729,1871
kreis_03158,dep_hour_share_other_9,0.09308549110371764,0.1192577466,-2.6172255496282366,1871
kreis_03158,dep_hour_share_shop_10,0.11496940769452542,0.1219647016,-0.6995293905474584,1871
kreis_03158,dep_hour_share_shop_11,0.09094403690296954,0.1097824358,-1.8838398897030455,1871
kreis_03158,dep_hour_share_shop_12,0.08780472178620623,0.06949173784,1.831298394620623,1871
kreis_03158,dep_hour_share_shop_13,0.06089630649966365,0.08454214989,-2.364584339033635,1871
kreis_03158,dep_hour_share_shop_14,0.07662491591120223,0.06957981999,0.7045095921202227,1871
kreis_03158,dep_hour_share_shop_15,0.10362943268091104,0.07121066525,3.2418767430911046,1871
kreis_03158,dep_hour_share_shop_16,0.07409424352115834,0.1397555875,-6.5661343978841655,1871
kreis_03158,dep_hour_share_shop_17,0.059390716596726144,0.07355867656,-1.416795996327385,1871
kreis_03158,dep_hour_share_shop_18,0.043854310151520005,0.04277831041,0.10759997415200062,1871
kreis_03158,dep_hour_share_shop_19,0.014927763718486722,0.03085819852,-1.593043480151328,1871
kreis_03158,dep_hour_share_shop_20,0.004292532914757985,0.006191894785,-0.1899361870242015,1871
kreis_03158,dep_hour_share_shop_21,0.0021783002851010667,0.0,0.21783002851010666,1871
kreis_03158,dep_hour_share_shop_22,0.0014735560752154274,0.0,0.14735560752154275,1871
kreis_03158,dep_hour_share_shop_23,0.0005125412435531922,0.0,0.05125412435531922,1871
kreis_03158,dep_hour_share_shop_4,6.406765544414902e-05,0.0,0.006406765544414902,1871
kreis_03158,dep_hour_share_shop_5,0.0005766088989973412,0.0,0.05766088989973413,1871
kreis_03158,dep_hour_share_shop_6,0.011884550084889643,0.008862747522,0.30218025628896433,1871
kreis_03158,dep_hour_share_shop_7,0.042508889387192876,0.03514281976,0.7366069627192877,1871
kreis_03158,dep_hour_share_shop_8,0.08844539834064773,0.0437058696,4.473952874064772,1871
kreis_03158,dep_hour_share_shop_9,0.1192619406092834,0.0925743851,2.6687555509283394,1871
kreis_03158,dep_hour_share_work_10,0.03221530871470123,0.02641494861,0.5800360104701228,1871
kreis_03158,dep_hour_share_work_11,0.02602996944147859,0.01660022885,0.942974059147859,1871
kreis_03158,dep_hour_share_work_12,0.03267552741062553,0.04021213059,-0.7536603179374469,1871
kreis_03158,dep_hour_share_work_13,0.0397628953278598,0.04043885205,-0.06759567221402002,1871
kreis_03158,dep_hour_share_work_14,0.021151651264680976,0.025826721,-0.4675069735319025,1871
kreis_03158,dep_hour_share_work_15,0.018390339089135156,0.01949787229,-0.1107533200864843,1871
kreis_03158,dep_hour_share_work_16,0.010272081293030448,0.01095984865,-0.06877673569695517,1871
kreis_03158,dep_hour_share_work_17,0.007547586613158573,0.006489062176,0.10585244371585731,1871
kreis_03158,dep_hour_share_work_18,0.005246493133537057,0.004155481623,0.10910115105370573,1871
kreis_03158,dep_hour_share_work_19,0.002429954714480321,0.0,0.2429954714480321,1871
kreis_03158,dep_hour_share_work_20,0.005320128124884946,0.0006980929976,0.4622035127284946,1871
kreis_03158,dep_hour_share_work_21,0.00423401200250359,0.003611585871,0.062242613150358984,1871
kreis_03158,dep_hour_share_work_22,0.0007915761569898016,0.001434930602,-0.06433544450101984,1871
kreis_03158,dep_hour_share_work_23,0.0004049924524133868,0.012066013,-1.1661020547586614,1871
kreis_03158,dep_hour_share_work_4,0.026490188137402892,0.02201327391,0.4476914227402894,1871
kreis_03158,dep_hour_share_work_5,0.11056293950885461,0.06533262306,4.523031644885461,1871
kreis_03158,dep_hour_share_work_6,0.21876955929457678,0.2199542112,-0.11846519054232174,1871
kreis_03158,dep_hour_share_work_7,0.24089687419461728,0.2789355718,-3.8038697605382725,1871
kreis_03158,dep_hour_share_work_8,0.1293214535547292,0.1334530624,-0.4131608845270779,1871
kreis_03158,dep_hour_share_work_9,0.053551047457751924,0.0644253084,-1.0874260942248082,1871
kreis_03158,mean_work_activity_h,5.763447852384022,6.272497235,-0.5090493826159781,1871
kreis_03158,mobility_rate,0.9005910205750102,0.859850828,4.074019257501016,1871
kreis_03158,n_persons_unweighted,117424.0,1871.0,115553.0,1871
kreis_03158,n_persons_weighted,117424.0,67261.0,50163.0,1871
kreis_03158,n_work_activities_measured,54285.0,685.0,53600.0,1871
kreis_03158,nonhome_acts_per_mobile,2.1545611861826366,2.19084171,-0.03628052381736335,1871
kreis_03158,participation_education,0.16954796293772995,0.1783423675,-0.8794404562270042,1871
kreis_03158,participation_escort,0.11500204387518735,0.1155273422,-0.05252983248126425,1871
kreis_03158,participation_home,0.9005910205750102,0.8509482999,4.964272067501019,1871
kreis_03158,participation_leisure,0.37988826815642457,0.3852013769,-0.5313108743575434,1871
kreis_03158,participation_other,0.2539770404687287,0.1813403823,7.263665816872872,1871
kreis_03158,participation_shop,0.22245878185038834,0.3003820177,-7.792323584961166,1871
kreis_03158,participation_work,0.3704097969750647,0.3336604347,3.6749362275064703,1871
kreis_03158,purpose_share_education,0.06473218289198919,0.05991894387,0.4813239021989192,1871
kreis_03158,purpose_share_escort,0.05110880510396249,0.05721124417,-0.610243906603751,1871
kreis_03158,purpose_share_home,0.4162035435643184,0.4209777963,-0.47742527356816056,1871
kreis_03158,purpose_share_leisure,0.1425086795546844,0.1581563002,-1.5647620645315579,1871
kreis_03158,purpose_share_other,0.10627618278949998,0.06567131097,4.060487181949998,1871
kreis_03158,purpose_share_shop,0.07998513906504222,0.1180479127,-3.8062773634957776,1871
kreis_03158,purpose_share_work,0.13918546703050336,0.1200164918,1.9168975230503358,1871
kreis_03158,share_mobile_first_from_home,1.0,0.981267738,1.8732262,1871
kreis_03158,share_mobile_last_to_home,1.0,0.9794394822,2.056051780000001,1871
kreis_03158,share_mobile_odd_trip_count,0.28887670092954204,0.2337599305,5.511677042954205,1871
kreis_03158,share_trips_0,0.09940897942498977,0.140149172,-4.074019257501021,1871
kreis_03158,share_trips_1,0.0008516146613980107,0.005121677129,-0.4270062467601989,1871
kreis_03158,share_trips_2,0.32381795884997955,0.3023557305,2.1462228349979573,1871
kreis_03158,share_trips_3,0.13109756097560976,0.0894352087,4.166235227560976,1871
kreis_03158,share_trips_4,0.21854987055457148,0.2458050449,-2.7255174345428514,1871
kreis_03158,share_trips_5,0.09000715356315574,0.07536807732,1.4639076243155733,1871
kreis_03158,share_trips_6,0.0671668483444611,0.07578641606,-0.86195677155389,1871
kreis_03158,share_trips_7,0.02961064177680883,0.01798444424,1.1626197536808829,1871
kreis_03158,share_trips_8plus,0.039489371849025755,0.04799422912,-0.8504857270974248,1871
kreis_03158,share_trips_followed_by_same_purpose,0.10213049438231037,0.04154866765,6.058182673231037,1871
kreis_03158,share_trips_home_based,0.8081325185441408,0.8419643411,-3.383182255585915,1871
kreis_03158,share_trips_unknown_purpose,0.0,0.0005637387882,-0.05637387882,1871
kreis_03158,share_work_activities_lt_2h,0.1915077829971447,0.1171743165,7.433346649714469,1871
kreis_03158,tours_per_mobile,1.536042212366786,1.59130017,-0.05525795763321395,1871
kreis_03158,trips_per_mobile_person,3.6906033985494227,3.782141881,-0.09153848245057716,1871
kreis_03158,trips_per_person,3.323724281237226,3.252077828,0.07164645323722585,1871
kreis_03158,trips_per_person_education,0.2151519280555934,0.1947512181,0.0204007099555934,1871
kreis_03158,trips_per_person_escort,0.16987157650906118,0.185950532,-0.016078955490938823,1871
kreis_03158,trips_per_person_home,1.3833458236817004,1.368280769,0.015065054681700385,1871
kreis_03158,trips_per_person_leisure,0.47365955852295955,0.5140466457,-0.04038708717704048,1871
kreis_03158,trips_per_person_other,0.35323272925466687,0.2134478176,0.13978491165466686,1871
kreis_03158,trips_per_person_shop,0.265848548848617,0.3836845796,-0.11783603075138305,1871
kreis_03158,trips_per_person_work,0.46261411636462735,0.3900829432,0.07253117316462737,1871
sex_female,dep_hour_share_all_10,0.04917163049699745,0.05564390134,-0.6472270843002552,9081
sex_female,dep_hour_share_all_11,0.05122769914337547,0.06150041106,-1.027271191662453,9081
sex_female,dep_hour_share_all_12,0.06257094073477625,0.06404882651,-0.14778857752237584,9081
sex_female,dep_hour_share_all_13,0.06896955247916646,0.07936019488,-1.0390642400833539,9081
sex_female,dep_hour_share_all_14,0.07782986835339885,0.07819771704,-0.03678486866011549,9081
sex_female,dep_hour_share_all_15,0.09050279397355426,0.09580112016,-0.529832618644574,9081
sex_female,dep_hour_share_all_16,0.08912824144588131,0.0890369148,0.009132664588130945,9081
sex_female,dep_hour_share_all_17,0.07611698309063922,0.07761570694,-0.14987238493607835,9081
sex_female,dep_hour_share_all_18,0.06131341010293076,0.05914231058,0.2171099522930757,9081
sex_female,dep_hour_share_all_19,0.039834738404524686,0.03458839858,0.5246339824524687,9081
sex_female,dep_hour_share_all_20,0.02719394833089184,0.02032991122,0.6864037110891841,9081
sex_female,dep_hour_share_all_21,0.017010011738569447,0.01418941975,0.28205919885694475,9081
sex_female,dep_hour_share_all_22,0.012966996187390254,0.008862348845,0.41046473423902546,9081
sex_female,dep_hour_share_all_23,0.005339957702344803,0.002854619479,0.24853382233448032,9081
sex_female,dep_hour_share_all_4,0.003233563577450305,0.002381063838,0.08524997394503053,9081
sex_female,dep_hour_share_all_5,0.010548341563267009,0.007581775505,0.2966566058267009,9081
sex_female,dep_hour_share_all_6,0.042708747659562084,0.02739186806,1.5316879599562083,9081
sex_female,dep_hour_share_all_7,0.0918494552721699,0.1021297677,-1.0280312427830105,9081
sex_female,dep_hour_share_all_8,0.06157837677897535,0.06774667538,-0.6168298601024649,9081
sex_female,dep_hour_share_all_9,0.052231177058372706,0.0500818887,0.21492883583727057,9081
sex_female,dep_hour_share_education_10,0.015336196089936789,0.008213915878,0.7122280211936789,9081
sex_female,dep_hour_share_education_11,0.027338436508148187,0.02787163858,-0.05332020718518127,9081
sex_female,dep_hour_share_education_12,0.02675166030992452,0.02119910342,0.5552556889924519,9081
sex_female,dep_hour_share_education_13,0.0365490447105682,0.0328745111,0.36745336105681936,9081
sex_female,dep_hour_share_education_14,0.02807635203015674,0.01569082492,1.2385527110156742,9081
sex_female,dep_hour_share_education_15,0.03670018403435308,0.02240920996,1.429097407435308,9081
sex_female,dep_hour_share_education_16,0.015105041830030495,0.02274942859,-0.7644386759969504,9081
sex_female,dep_hour_share_education_17,0.00734359302625379,0.01516501824,-0.782142521374621,9081
sex_female,dep_hour_share_education_18,0.007245796993216511,0.005676726778,0.1569070215216511,9081
sex_female,dep_hour_share_education_19,0.005183189750975738,0.0007242699645,0.44589197864757374,9081
sex_female,dep_hour_share_education_20,0.0008801642973355026,0.0002856230944,0.05945412029355026,9081
sex_female,dep_hour_share_education_21,0.0005601045528498654,0.0,0.056010455284986535,9081
sex_female,dep_hour_share_education_22,0.00025782590528009675,0.0,0.025782590528009675,9081
sex_female,dep_hour_share_education_23,0.00016892042070075302,0.0,0.016892042070075303,9081
sex_female,dep_hour_share_education_4,5.334329074760622e-05,0.0,0.005334329074760622,9081
sex_female,dep_hour_share_education_5,0.0014936121409329741,0.0,0.14936121409329742,9081
sex_female,dep_hour_share_education_6,0.1678535548858009,0.07116294589,9.66906089958009,9081
sex_female,dep_hour_share_education_7,0.45126645862783277,0.594652672,-14.338621337216729,9081
sex_female,dep_hour_share_education_8,0.13270921683158635,0.1222619995,1.0447217331586351,9081
sex_female,dep_hour_share_education_9,0.038833915664257326,0.03906211208,-0.022819641574267635,9081
sex_female,dep_hour_share_escort_10,0.018040226921093347,0.01053875373,0.7501473191093347,9081
sex_female,dep_hour_share_escort_11,0.034130995358432184,0.03089559536,0.3235399998432184,9081
sex_female,dep_hour_share_escort_12,0.06254770500257865,0.05254428009,1.0003424912578656,9081
sex_female,dep_hour_share_escort_13,0.07626611655492523,0.108682214,-3.2416097445074774,9081
sex_female,dep_hour_share_escort_14,0.1571841155234657,0.1333373884,2.3846727123465694,9081
sex_female,dep_hour_share_escort_15,0.1408457968024755,0.1274622677,1.3383529102475507,9081
sex_female,dep_hour_share_escort_16,0.08799381124290871,0.0594227688,2.8571042442908716,9081
sex_female,dep_hour_share_escort_17,0.051779267663744195,0.04881485254,0.29644151237441935,9081
sex_female,dep_hour_share_escort_18,0.030448684889118102,0.02443591942,0.6012765469118102,9081
sex_female,dep_hour_share_escort_19,0.013965961835997937,0.0104643206,0.35016412359979365,9081
sex_female,dep_hour_share_escort_20,0.0026508509541000517,0.006126904052,-0.34760530978999477,9081
sex_female,dep_hour_share_escort_21,0.005817431665807117,0.003275618222,0.2541813443807117,9081
sex_female,dep_hour_share_escort_22,0.0010624033006704488,0.01838105251,-1.7318649209329549,9081
sex_female,dep_hour_share_escort_23,0.0008973697782362042,0.0,0.08973697782362042,9081
sex_female,dep_hour_share_escort_4,0.0017225373904074266,0.0,0.17225373904074265,9081
sex_female,dep_hour_share_escort_5,0.0008457968024755028,0.001275581831,-0.04297850285244971,9081
sex_female,dep_hour_share_escort_6,0.04516761217122228,0.01181001373,3.3357598441222285,9081
sex_female,dep_hour_share_escort_7,0.16385765858690046,0.2281949606,-6.433730201309953,9081
sex_female,dep_hour_share_escort_8,0.07696750902527076,0.1081020967,-3.1134587674729235,9081
sex_female,dep_hour_share_escort_9,0.025446106240330068,0.01605629947,0.9389806770330068,9081
sex_female,dep_hour_share_home_10,0.03818005337799556,0.04346140692,-0.5281353542004443,9081
sex_female,dep_hour_share_home_11,0.05229023223673712,0.06333577174,-1.1045539503262882,9081
sex_female,dep_hour_share_home_12,0.08051791003040759,0.07737263605,0.31452739804075924,9081
sex_female,dep_hour_share_home_13,0.08573712435199025,0.102654936,-1.6917811648009748,9081
sex_female,dep_hour_share_home_14,0.08557608267586848,0.0830329687,0.2543113975868483,9081
sex_female,dep_hour_share_home_15,0.1025659795067147,0.1051328312,-0.2566851693285299,9081
sex_female,dep_hour_share_home_16,0.10583805356246148,0.1089339521,-0.30958985375385134,9081
sex_female,dep_hour_share_home_17,0.10207260637168712,0.1036690702,-0.1596463828312883,9081
sex_female,dep_hour_share_home_18,0.08613094445086984,0.08693458957,-0.08036451191301558,9081
sex_female,dep_hour_share_home_19,0.06053263802369655,0.04783156201,1.2701076013696548,9081
sex_female,dep_hour_share_home_20,0.05200035721971794,0.03854229042,1.3458066799717943,9081
sex_female,dep_hour_share_home_21,0.03349227658761472,0.02753753849,0.5954738097614722,9081
sex_female,dep_hour_share_home_22,0.025325999593003762,0.01598826247,0.9337737123003762,9081
sex_female,dep_hour_share_home_23,0.011365150288484203,0.004993073923,0.6372076365484203,9081
sex_female,dep_hour_share_home_4,3.952841141170597e-05,0.001321228949,-0.1281700537588294,9081
sex_female,dep_hour_share_home_5,0.0005943901864130602,0.001950612328,-0.135622214158694,9081
sex_female,dep_hour_share_home_6,0.0016894735840410626,0.003638594392,-0.19491208079589373,9081
sex_female,dep_hour_share_home_7,0.01091569761058073,0.01810501158,-0.718931396941927,9081
sex_female,dep_hour_share_home_8,0.02105400313006458,0.03431543392,-1.326143078993542,9081
sex_female,dep_hour_share_home_9,0.03004598471860895,0.02927977372,0.07662109986089523,9081
sex_female,dep_hour_share_leisure_10,0.047736909374936604,0.05462172484,-0.6884815465063393,9081
sex_female,dep_hour_share_leisure_11,0.039650240408999615,0.04628751124,-0.6637270831000387,9081
sex_female,dep_hour_share_leisure_12,0.040348136576657,0.05635633875,-1.6008202173342998,9081
sex_female,dep_hour_share_leisure_13,0.05500801363332049,0.05718385016,-0.2175836526679513,9081
sex_female,dep_hour_share_leisure_14,0.08256273964821165,0.08216268994,0.040004970821164165,9081
sex_female,dep_hour_share_leisure_15,0.11369215475441764,0.1272720321,-1.3579877345582345,9081
sex_female,dep_hour_share_leisure_16,0.13699864072548742,0.1253701822,1.1628458525487413,9081
sex_female,dep_hour_share_leisure_17,0.12286218579456695,0.1043263832,1.8535802594566955,9081
sex_female,dep_hour_share_leisure_18,0.10503743076829442,0.09469715799,1.0340272778294413,9081
sex_female,dep_hour_share_leisure_19,0.056290194964598,0.07038338344,-1.4093188475402,9081
sex_female,dep_hour_share_leisure_20,0.020040169604998884,0.01967476721,0.03654023949988851,9081
sex_female,dep_hour_share_leisure_21,0.011125763323933375,0.01002472552,0.11010378039333757,9081
sex_female,dep_hour_share_leisure_22,0.011385445618875657,0.003390172062,0.7995273556875657,9081
sex_female,dep_hour_share_leisure_23,0.002418291371649997,0.001180154656,0.12381367156499971,9081
sex_female,dep_hour_share_leisure_4,0.00015012882676350653,0.003847666622,-0.36975377952364935,9081
sex_female,dep_hour_share_leisure_5,0.002195126899433974,0.003703411029,-0.15082841295660263,9081
sex_female,dep_hour_share_leisure_6,0.017155261609624474,0.01338753767,0.37677239396244744,9081
sex_female,dep_hour_share_leisure_7,0.023026515996835122,0.02613416417,-0.3107648173164879,9081
sex_female,dep_hour_share_leisure_8,0.05091801748797955,0.05113362981,-0.021561232202044894,9081
sex_female,dep_hour_share_leisure_9,0.05813637378020328,0.04835303897,0.9783334810203284,9081
sex_female,dep_hour_share_other_10,0.08911030410616384,0.1348110701,-4.570076599383617,9081
sex_female,dep_hour_share_other_11,0.0770737832235578,0.09772038499,-2.06466017664422,9081
sex_female,dep_hour_share_other_12,0.06667171796439918,0.05525924419,1.1412473774399177,9081
sex_female,dep_hour_share_other_13,0.08373608412575567,0.05908030142,2.465578270575567,9081
sex_female,dep_hour_share_other_14,0.09485254720708336,0.1076915263,-1.2838979092916647,9081
sex_female,dep_hour_share_other_15,0.08946209091253497,0.1050887751,-1.5626684187465032,9081
sex_female,dep_hour_share_other_16,0.09056074816935558,0.08102901566,0.9531732509355586,9081
sex_female,dep_hour_share_other_17,0.05537124332281581,0.04118342128,1.418782204281581,9081
sex_female,dep_hour_share_other_18,0.036526294710750064,0.01589284632,2.063344839075006,9081
sex_female,dep_hour_share_other_19,0.02921995334765737,0.006578379822,2.264157352565737,9081
sex_female,dep_hour_share_other_20,0.014688452192173015,0.001954714752,1.2733737440173014,9081
sex_female,dep_hour_share_other_21,0.0060399088601566266,0.004889097142,0.11508117181566269,9081
sex_female,dep_hour_share_other_22,0.0033013838751752168,0.0004631535536,0.2838230321575217,9081
sex_female,dep_hour_share_other_23,0.0014937409008989506,0.003863407744,-0.23696668431010492,9081
sex_female,dep_hour_share_other_4,0.00040590785350514964,0.0,0.04059078535051496,9081
sex_female,dep_hour_share_other_5,0.002164841885360798,0.0002735779155,0.1891263969860798,9081
sex_female,dep_hour_share_other_6,0.01353567388821839,0.008011336304,0.552433758421839,9081
sex_female,dep_hour_share_other_7,0.06068593015137657,0.04816898193,1.251694822137657,9081
sex_female,dep_hour_share_other_8,0.08462366929875359,0.1128097471,-2.8186077801246405,9081
sex_female,dep_hour_share_other_9,0.09438169409701738,0.1124933919,-1.811169780298262,9081
sex_female,dep_hour_share_shop_10,0.1263853459581766,0.1198761026,0.6509243358176597,9081
sex_female,dep_hour_share_shop_11,0.09194805943476443,0.1169865793,-2.503851986523557,9081
sex_female,dep_hour_share_shop_12,0.08026719702537939,0.08148095497,-0.12137579446206137,9081
sex_female,dep_hour_share_shop_13,0.06492570654445357,0.07697954792,-1.2053841375546437,9081
sex_female,dep_hour_share_shop_14,0.07691642526698085,0.08357843987,-0.6662014603019142,9081
sex_female,dep_hour_share_shop_15,0.10177698992606685,0.1067689247,-0.4991934773933157,9081
sex_female,dep_hour_share_shop_16,0.09097525473071325,0.09405065551,-0.3075400779286752,9081
sex_female,dep_hour_share_shop_17,0.06009771282805136,0.07863250604,-1.8534793211948632,9081
sex_female,dep_hour_share_shop_18,0.03832850533961693,0.03048188095,0.7846624389616929,9081
sex_female,dep_hour_share_shop_19,0.017445631025984693,0.01367381603,0.37718149959846925,9081
sex_female,dep_hour_share_shop_20,0.003992102266995258,0.002363004895,0.16290973719952584,9081
sex_female,dep_hour_share_shop_21,0.0035597446207502846,0.003738169523,-0.017842490224971544,9081
sex_female,dep_hour_share_shop_22,0.003487685013042789,0.0,0.3487685013042789,9081
sex_female,dep_hour_share_shop_23,0.00032426823468373035,0.0005031517551,-0.017888352041626962,9081
sex_female,dep_hour_share_shop_4,2.8823843082998256e-05,0.0,0.0028823843082998258,9081
sex_female,dep_hour_share_shop_5,0.0008358914494069494,5.093025792e-05,0.07849611914869493,9081
sex_female,dep_hour_share_shop_6,0.008157147592488506,0.002861893683,0.5295253909488506,9081
sex_female,dep_hour_share_shop_7,0.03088474786343263,0.02719172955,0.369301831343263,9081
sex_female,dep_hour_share_shop_8,0.07589317883753441,0.05326576952,2.262740931753441,9081
sex_female,dep_hour_share_shop_9,0.1214852926340669,0.1075159429,1.3969349734066911,9081
sex_female,dep_hour_share_work_10,0.03091839684766198,0.03373468881,-0.2816291962338024,9081
sex_female,dep_hour_share_work_11,0.030056429420393826,0.03023797949,-0.018155006960617406,9081
sex_female,dep_hour_share_work_12,0.030639997430159223,0.04202972644,-1.1389729009840774,9081
sex_female,dep_hour_share_work_13,0.03020633679904916,0.05076409518,-2.055775838095084,9081
sex_female,dep_hour_share_work_14,0.015868766797657162,0.03357446312,-1.770569632234284,9081
sex_female,dep_hour_share_work_15,0.014712338448030325,0.01710203597,-0.23896975219696737,9081
sex_female,dep_hour_share_work_16,0.0072330310201197115,0.009453428221,-0.2220397200880288,9081
sex_female,dep_hour_share_work_17,0.005990941311261257,0.007894201755,-0.19032604437387432,9081
sex_female,dep_hour_share_work_18,0.003040978252722425,0.005078452465,-0.2037474212277575,9081
sex_female,dep_hour_share_work_19,0.0038601150003747683,0.0009776666542,0.2882448346174768,9081
sex_female,dep_hour_share_work_20,0.004111745243117645,0.00161763673,0.2494108513117645,9081
sex_female,dep_hour_share_work_21,0.001060059320491268,0.0005407050794,0.0519354241091268,9081
sex_female,dep_hour_share_work_22,0.00029446092235868555,0.0007736066358,-0.04791457134413145,9081
sex_female,dep_hour_share_work_23,0.0001124305339914981,0.002223033248,-0.2110602714008502,9081
sex_female,dep_hour_share_work_4,0.026860189954064095,0.01076494928,1.6095240674064093,9081
sex_female,dep_hour_share_work_5,0.08396954738679316,0.05501916658,2.8950380806793157,9081
sex_female,dep_hour_share_work_6,0.2043237571072159,0.1623264436,4.1997313507215885,9081
sex_female,dep_hour_share_work_7,0.3009390626505766,0.3213769541,-2.0437891449423375,9081
sex_female,dep_hour_share_work_8,0.1395851848679209,0.156185806,-1.6600621132079108,9081
sex_female,dep_hour_share_work_9,0.0543896092771252,0.05463405374,-0.024444446287479743,9081
sex_female,mean_work_activity_h,5.826324296169812,5.932515233,-0.10619093683018832,9081
sex_female,mobility_rate,0.8716481463893374,0.84224619,2.9401956389337403,9081
sex_female,n_persons_unweighted,505392.0,9081.0,496311.0,9081
sex_female,n_persons_weighted,505392.0,395486.7894,109905.21059999999,9081
sex_female,n_work_activities_measured,186231.0,3205.0,183026.0,9081
sex_female,nonhome_acts_per_mobile,2.1933220437479,2.269292474,-0.0759704302520996,9081
sex_female,participation_education,0.17471190679710008,0.1721849735,0.2526933297100076,9081
sex_female,participation_escort,0.12120492607718365,0.1117313844,0.9473541677183659,9081
sex_female,participation_home,0.8716481463893374,0.834559381,3.7088765389337364,9081
sex_female,participation_leisure,0.37709342451008326,0.392055681,-1.4962256489916725,9081
sex_female,participation_other,0.2600713901288505,0.1847525414,7.53188487288505,9081
sex_female,participation_shop,0.23627995694431253,0.3006409647,-6.4361007755687485,9081
sex_female,participation_work,0.3191680913033843,0.3096539045,0.9514186803384284,9081
sex_female,purpose_share_education,0.06819951202475771,0.05882261065,0.9376901374757711,9081
sex_female,purpose_share_escort,0.05878379689364468,0.05769020517,0.10935917236446768,9081
sex_female,purpose_share_home,0.4141562539411519,0.4194158484,-0.5259594458848105,9081
sex_female,purpose_share_leisure,0.14943332298528314,0.1676425636,-1.8209240614716848,9081
sex_female,purpose_share_other,0.11203239748154328,0.0703652878,4.166710968154328,9081
sex_female,purpose_share_shop,0.08414298741741771,0.1163822848,-3.2239297382582284,9081
sex_female,purpose_share_work,0.11325172925620156,0.1096811996,0.3570529656201554,9081
sex_female,share_mobile_first_from_home,1.0,0.9872184025,1.2781597499999964,9081
sex_female,share_mobile_last_to_home,1.0,0.9845448816,1.5455118400000023,9081
sex_female,share_mobile_odd_trip_count,0.30538631266400923,0.2421011955,6.328511716400922,9081
sex_female,share_trips_0,0.12835185361066262,0.15775381,-2.9401956389337376,9081
sex_female,share_trips_1,0.0005520467280843385,0.004967868856,-0.44158221279156623,9081
sex_female,share_trips_2,0.3170707094690854,0.2942299513,2.2840758169085373,9081
sex_female,share_trips_3,0.13410580302022984,0.08520329084,4.890251218022984,9081
sex_female,share_trips_4,0.18276901890018046,0.2225492322,-3.978021329981954,9081
sex_female,share_trips_5,0.08659021116282015,0.06516403908,2.1426172082820147,9081
sex_female,share_trips_6,0.0732856871497768,0.08185637828,-0.8570691130223198,9081
sex_female,share_trips_7,0.03319205685883433,0.03198292832,0.12091285388343281,9081
sex_female,share_trips_8plus,0.04408261310032608,0.05629250109,-1.2209887989673922,9081
sex_female,share_trips_followed_by_same_purpose,0.0920155899843809,0.04767013261,4.434545737438091,9081
sex_female,share_trips_home_based,0.8073364846379961,0.8387695823,-3.143309766200386,9081
sex_female,share_trips_unknown_purpose,0.0,0.0008899970183,-0.08899970183,9081
sex_female,share_work_activities_lt_2h,0.14828358329171834,0.09601990244,5.226368085171834,9081
sex_female,tours_per_mobile,1.5505466217504609,1.636832751,-0.08628612924953916,9081
sex_female,trips_per_mobile_person,3.743868665498361,3.906125225,-0.16225655950163898,9081
sex_female,trips_per_person,3.2633361826067686,3.289919088,-0.026582905393231382,9081
sex_female,trips_per_person_education,0.22255793522651723,0.1933493959,0.029208539326517236,9081
sex_female,trips_per_person_escort,0.19183129135403806,0.1896271892,0.0022041021540380734,9081
sex_female,trips_per_person_home,1.3515310887390382,1.378616148,-0.02708505926096194,9081
sex_female,trips_per_person_leisure,0.48765116978503814,0.5510396096,-0.06338843981496184,9081
sex_female,trips_per_person_other,0.3655993763257036,0.2312900726,0.1343093037257036,9081
sex_female,trips_per_person_shop,0.27458685535188526,0.3825475307,-0.10796067534811477,9081
sex_female,trips_per_person_work,0.36957846582454806,0.3605211236,0.00905734222454807,9081
sex_male,dep_hour_share_all_10,0.041341787202783926,0.04834357506,-0.7001787857216071,9108
sex_male,dep_hour_share_all_11,0.046315750156409034,0.05095485764,-0.46391074835909624,9108
sex_male,dep_hour_share_all_12,0.05786044890171287,0.05823432245,-0.03738735482871278,9108
sex_male,dep_hour_share_all_13,0.06254493841686043,0.06452828574,-0.1983347323139567,9108
sex_male,dep_hour_share_all_14,0.06795404531348728,0.06525967651,0.2694368803487279,9108
sex_male,dep_hour_share_all_15,0.08480886971516437,0.08636645508,-0.15575853648356341,9108
sex_male,dep_hour_share_all_16,0.08902273144646454,0.09754007778,-0.8517346333535458,9108
sex_male,dep_hour_share_all_17,0.07998306736015787,0.08951151184,-0.9528444479842135,9108
sex_male,dep_hour_share_all_18,0.06589971768558205,0.06563028858,0.02694291055820447,9108
sex_male,dep_hour_share_all_19,0.04152231902463014,0.04220360217,-0.06812831453698598,9108
sex_male,dep_hour_share_all_20,0.031107500474674185,0.02641174534,0.46957551346741844,9108
sex_male,dep_hour_share_all_21,0.02148079670560551,0.01988387121,0.15969254956055107,9108
sex_male,dep_hour_share_all_22,0.016176896284468348,0.01358920796,0.25876883244683474,9108
sex_male,dep_hour_share_all_23,0.009441814282557201,0.004442027203,0.49997870795572014,9108
sex_male,dep_hour_share_all_4,0.005633837888649218,0.002759885741,0.28739521476492175,9108
sex_male,dep_hour_share_all_5,0.02244570816719737,0.01756621655,0.4879491617197369,9108
sex_male,dep_hour_share_all_6,0.05445835784519708,0.03923958085,1.521877699519708,9108
sex_male,dep_hour_share_all_7,0.0881574237486499,0.1033327831,-1.5175359351350102,9108
sex_male,dep_hour_share_all_8,0.054181957400715276,0.05924486777,-0.5062910369284724,9108
sex_male,dep_hour_share_all_9,0.04522135380190679,0.04227111085,0.29502429519067885,9108
sex_male,dep_hour_share_education_10,0.022806760542747797,0.0144589015,0.8347859042747797,9108
sex_male,dep_hour_share_education_11,0.031495486257347424,0.007503867829,2.3991618428347428,9108
sex_male,dep_hour_share_education_12,0.026267601765212138,0.02208028019,0.4187321575212139,9108
sex_male,dep_hour_share_education_13,0.026578894361941732,0.02356660909,0.3012285271941733,9108
sex_male,dep_hour_share_education_14,0.020911537968541137,0.02053610308,0.03754348885411374,9108
sex_male,dep_hour_share_education_15,0.031101792679130578,0.01296201604,1.8139776639130578,9108
sex_male,dep_hour_share_education_16,0.021698925124974823,0.008798193379,1.2900731745974823,9108
sex_male,dep_hour_share_education_17,0.0096409148340078,0.01248523901,-0.2844324175992199,9108
sex_male,dep_hour_share_education_18,0.004303162366556188,0.004980407948,-0.06772455814438114,9108
sex_male,dep_hour_share_education_19,0.005227884492135284,0.003070483552,0.21574009401352842,9108
sex_male,dep_hour_share_education_20,0.00013733496914541027,0.0006518887577,-0.05145537885545898,9108
sex_male,dep_hour_share_education_21,6.408965226785812e-05,0.0009383380266,-0.08742483743321419,9108
sex_male,dep_hour_share_education_22,2.7466993829082053e-05,0.0,0.002746699382908205,9108
sex_male,dep_hour_share_education_23,9.155664609694018e-06,0.0,0.0009155664609694018,9108
sex_male,dep_hour_share_education_4,0.001062057094724506,0.0,0.10620570947245059,9108
sex_male,dep_hour_share_education_5,0.0056032667411327385,0.002397603169,0.32056635721327387,9108
sex_male,dep_hour_share_education_6,0.17360971232901795,0.06190964,11.170007232901796,9108
sex_male,dep_hour_share_education_7,0.47451062972661184,0.6408135672,-16.63029374733882,9108
sex_male,dep_hour_share_education_8,0.1083664463203384,0.1298972859,-2.1530839579661594,9108
sex_male,dep_hour_share_education_9,0.03406822801267144,0.0329495753,0.11186527126714405,9108
sex_male,dep_hour_share_escort_10,0.015379495174201684,0.02326614789,-0.7886652715798317,9108
sex_male,dep_hour_share_escort_11,0.0318450139256249,0.02886709894,0.29779149856249026,9108
sex_male,dep_hour_share_escort_12,0.05596524724552891,0.05347921156,0.2486035685528909,9108
sex_male,dep_hour_share_escort_13,0.05941599957960378,0.06091410776,-0.14981081803962237,9108
sex_male,dep_hour_share_escort_14,0.10031704881851145,0.08791399022,1.2403058598511443,9108
sex_male,dep_hour_share_escort_15,0.0898596927604267,0.1203340072,-3.0474314439573296,9108
sex_male,dep_hour_share_escort_16,0.06409290756538037,0.05902922971,0.5063677855380373,9108
sex_male,dep_hour_share_escort_17,0.06479356793778136,0.0580609601,0.6732607837781359,9108
sex_male,dep_hour_share_escort_18,0.06528403019846205,0.05167974161,1.3604288588462041,9108
sex_male,dep_hour_share_escort_19,0.027570985653978874,0.02912653228,-0.15555466260211254,9108
sex_male,dep_hour_share_escort_20,0.017341344216924452,0.005028268545,1.2313075671924454,9108
sex_male,dep_hour_share_escort_21,0.008705705127082275,0.005676595916,0.3029109211082274,9108
sex_male,dep_hour_share_escort_22,0.0052024032650773355,0.007935557272,-0.27331540069226645,9108
sex_male,dep_hour_share_escort_23,0.0032755872409746187,0.0,0.3275587240974619,9108
sex_male,dep_hour_share_escort_4,0.0005780448072308151,0.001720820398,-0.11427755907691849,9108
sex_male,dep_hour_share_escort_5,0.004852073078876842,0.001431914086,0.34201589928768417,9108
sex_male,dep_hour_share_escort_6,0.04351100912610135,0.02269539586,2.081561326610135,9108
sex_male,dep_hour_share_escort_7,0.20473296081556866,0.234177484,-2.9444523184431333,9108
sex_male,dep_hour_share_escort_8,0.09677871393788645,0.1216702233,-2.4891509362113555,9108
sex_male,dep_hour_share_escort_9,0.031897563453554975,0.0179700834,1.3927480053554975,9108
sex_male,dep_hour_share_home_10,0.026995834766668007,0.03743581122,-1.043997645333199,9108
sex_male,dep_hour_share_home_11,0.04479003322358085,0.05358675722,-0.8796723996419155,9108
sex_male,dep_hour_share_home_12,0.06732130970304284,0.05507148966,1.2249820043042843,9108
sex_male,dep_hour_share_home_13,0.07680737917919439,0.0832573536,-0.644997442080561,9108
sex_male,dep_hour_share_home_14,0.08298300400142365,0.07822242687,0.47605771314236517,9108
sex_male,dep_hour_share_home_15,0.10891854340435228,0.1137515748,-0.48330313956477244,9108
sex_male,dep_hour_share_home_16,0.11386708482809664,0.1251375858,-1.1270500971903366,9108
sex_male,dep_hour_share_home_17,0.10401765570482092,0.1095121989,-0.5494543195179071,9108
sex_male,dep_hour_share_home_18,0.09181085641188305,0.0879490827,0.38617737118830514,9108
sex_male,dep_hour_share_home_19,0.059191882188080316,0.05532071646,0.3871165728080314,9108
sex_male,dep_hour_share_home_20,0.053413868127253315,0.04375319559,0.9660672537253313,9108
sex_male,dep_hour_share_home_21,0.03931581165461177,0.03449138369,0.4824427964611765,9108
sex_male,dep_hour_share_home_22,0.032974887976518624,0.02584664579,0.7128242186518623,9108
sex_male,dep_hour_share_home_23,0.01954845117950413,0.009451181261,1.009726991850413,9108
sex_male,dep_hour_share_home_4,6.85022285561964e-05,0.0002239065549,-0.015540432634380359,9108
sex_male,dep_hour_share_home_5,0.0008384077103725777,0.002539370106,-0.17009623956274222,9108
sex_male,dep_hour_share_home_6,0.0023260974131473645,0.008438483909,-0.6112386495852636,9108
sex_male,dep_hour_share_home_7,0.008543419244063016,0.01737871523,-0.8835295985936985,9108
sex_male,dep_hour_share_home_8,0.016672846759025542,0.02970342999,-1.3030583230974457,9108
sex_male,dep_hour_share_home_9,0.02595638790727181,0.02576093963,0.019544827727181052,9108
sex_male,dep_hour_share_leisure_10,0.046018420820319234,0.0476208566,-0.16024357796807637,9108
sex_male,dep_hour_share_leisure_11,0.03479021199497232,0.04681338628,-1.202317428502768,9108
sex_male,dep_hour_share_leisure_12,0.04996153571293451,0.07180140224,-2.1839866527065497,9108
sex_male,dep_hour_share_leisure_13,0.05543481459372885,0.05005836285,0.5376451743728847,9108
sex_male,dep_hour_share_leisure_14,0.07388506114350332,0.07105050767,0.28345534735033234,9108
sex_male,dep_hour_share_leisure_15,0.09434890261178815,0.09058404604,0.37648565717881416,9108
sex_male,dep_hour_share_leisure_16,0.13949714775751104,0.1339227708,0.5574376957511035,9108
sex_male,dep_hour_share_leisure_17,0.12902561343181312,0.1361222554,-0.7096641968186879,9108
sex_male,dep_hour_share_leisure_18,0.09631205256365524,0.1089172928,-1.2605240236344752,9108
sex_male,dep_hour_share_leisure_19,0.07244737959417025,0.08238699501,-0.9939615415829759,9108
sex_male,dep_hour_share_leisure_20,0.036635657024671794,0.0298167936,0.6818863424671796,9108
sex_male,dep_hour_share_leisure_21,0.016953712539357582,0.01486654496,0.2087167579357582,9108
sex_male,dep_hour_share_leisure_22,0.008499976879390289,0.01069606242,-0.21960855406097102,9108
sex_male,dep_hour_share_leisure_23,0.002543267068264651,0.002147782611,0.039548445726465084,9108
sex_male,dep_hour_share_leisure_4,0.0005927283580583733,0.0008314681938,-0.02387398357416267,9108
sex_male,dep_hour_share_leisure_5,0.005359777705846992,0.003971170718,0.13886069878469923,9108
sex_male,dep_hour_share_leisure_6,0.017252178591996906,0.009747817472,0.7504361119996906,9108
sex_male,dep_hour_share_leisure_7,0.030561242291378535,0.01451667347,1.6044568821378538,9108
sex_male,dep_hour_share_leisure_8,0.03430678106464102,0.03308655077,0.12202302946410226,9108
sex_male,dep_hour_share_leisure_9,0.050962027551359285,0.03981018078,1.1151846771359282,9108
sex_male,dep_hour_share_other_10,0.07912148502113582,0.1248488067,-4.572732167886418,9108
sex_male,dep_hour_share_other_11,0.08966489003246952,0.08420165709,0.5463232942469518,9108
sex_male,dep_hour_share_other_12,0.07549470072903265,0.04675220962,2.874249110903265,9108
sex_male,dep_hour_share_other_13,0.06859645898425534,0.06130791317,0.7288545814255344,9108
sex_male,dep_hour_share_other_14,0.07474728910126816,0.08568848383,-1.094119472873184,9108
sex_male,dep_hour_share_other_15,0.09153341910188079,0.1061339514,-1.4600532298119209,9108
sex_male,dep_hour_share_other_16,0.08414507137168413,0.09841154706,-1.4266475688315863,9108
sex_male,dep_hour_share_other_17,0.0626600502358635,0.07495270296,-1.2292652724136501,9108
sex_male,dep_hour_share_other_18,0.050315505728113705,0.02460323149,2.571227423811371,9108
sex_male,dep_hour_share_other_19,0.028401641855051153,0.008847434274,1.9554207581051155,9108
sex_male,dep_hour_share_other_20,0.013490167248667525,0.006429992228,0.7060175020667525,9108
sex_male,dep_hour_share_other_21,0.012313912883661092,0.003661357578,0.8652555305661093,9108
sex_male,dep_hour_share_other_22,0.006720578325062795,0.00566919437,0.10513839550627949,9108
sex_male,dep_hour_share_other_23,0.005801629602401519,0.0,0.5801629602401519,9108
sex_male,dep_hour_share_other_4,0.002591435397904797,0.0,0.25914353979047966,9108
sex_male,dep_hour_share_other_5,0.0030018991606935,0.003185347439,-0.018344827830649994,9108
sex_male,dep_hour_share_other_6,0.019150891380260982,0.01825104606,0.08998453202609807,9108
sex_male,dep_hour_share_other_7,0.06161857501684739,0.05422895338,0.7389621636847393,9108
sex_male,dep_hour_share_other_8,0.07897445322551001,0.07400193217,0.4972521055510007,9108
sex_male,dep_hour_share_other_9,0.08352018624027446,0.1179305069,-3.441032065972553,9108
sex_male,dep_hour_share_shop_10,0.11295454166874885,0.1058640198,0.7090521868748854,9108
sex_male,dep_hour_share_shop_11,0.08770176402978362,0.08977354814,-0.20717841102163848,9108
sex_male,dep_hour_share_shop_12,0.0793063814901804,0.07957753168,-0.02711501898195884,9108
sex_male,dep_hour_share_shop_13,0.058501157696600206,0.05634335872,0.2157798976600206,9108
sex_male,dep_hour_share_shop_14,0.07836523245548281,0.06437859708,1.398663537548281,9108
sex_male,dep_hour_share_shop_15,0.09443972481801675,0.08182579393,1.2613930888016753,9108
sex_male,dep_hour_share_shop_16,0.07772391851148534,0.1141000252,-3.6376106688514653,9108
sex_male,dep_hour_share_shop_17,0.08838472173637832,0.1088744128,-2.048969106362168,9108
sex_male,dep_hour_share_shop_18,0.06217413755767661,0.05866082733,0.35133102276766126,9108
sex_male,dep_hour_share_shop_19,0.01705728515982876,0.03049092249,-1.343363733017124,9108
sex_male,dep_hour_share_shop_20,0.005222127829693669,0.0113834525,-0.6161324670306332,9108
sex_male,dep_hour_share_shop_21,0.0012659703829560407,0.00851110749,-0.7245137107043959,9108
sex_male,dep_hour_share_shop_22,0.0006746289540752586,0.001417892457,-0.07432635029247413,9108
sex_male,dep_hour_share_shop_23,0.0005080539036863059,0.0005166611297,-0.0008607226013694191,9108
sex_male,dep_hour_share_shop_4,0.00019989006046674328,0.0,0.019989006046674328,9108
sex_male,dep_hour_share_shop_5,0.0008328752519447637,0.0007838084917,0.004906676024476369,9108
sex_male,dep_hour_share_shop_6,0.012259923708626922,0.01376241825,-0.15024945413730784,9108
sex_male,dep_hour_share_shop_7,0.04365932070694451,0.03272807267,1.0931248036944514,9108
sex_male,dep_hour_share_shop_8,0.07809871237486049,0.05444862939,2.3650082984860488,9108
sex_male,dep_hour_share_shop_9,0.09860410107774058,0.0865589205,1.204518057774058,9108
sex_male,dep_hour_share_work_10,0.030275221940136803,0.02724383376,0.3031388180136804,9108
sex_male,dep_hour_share_work_11,0.022731682864119272,0.02989184421,-0.7160161345880729,9108
sex_male,dep_hour_share_work_12,0.03211461651655051,0.05930075687,-2.718614035344949,9108
sex_male,dep_hour_share_work_13,0.04523697870344917,0.05171918606,-0.6482207356550828,9108
sex_male,dep_hour_share_work_14,0.025217897511359777,0.02355686001,0.16610375013597772,9108
sex_male,dep_hour_share_work_15,0.02362106046150612,0.01577958027,0.7841480191506122,9108
sex_male,dep_hour_share_work_16,0.01722158438576349,0.01096399505,0.6257589335763489,9108
sex_male,dep_hour_share_work_17,0.009492084539383256,0.01156810964,-0.2076025100616743,9108
sex_male,dep_hour_share_work_18,0.005744570754030498,0.003114235959,0.2630334795030498,9108
sex_male,dep_hour_share_work_19,0.003593894018531395,0.001370208538,0.2223685480531395,9108
sex_male,dep_hour_share_work_20,0.006278197312462605,0.008330178763,-0.2051981450537395,9108
sex_male,dep_hour_share_work_21,0.005683931372390485,0.01031335315,-0.4629421777609514,9108
sex_male,dep_hour_share_work_22,0.0013866205268349477,0.0002907829154,0.10958376114349477,9108
sex_male,dep_hour_share_work_23,0.0009661874807975291,0.000265107831,0.07010796497975293,9108
sex_male,dep_hour_share_work_4,0.033420384534532104,0.01759090689,1.5829477644532104,9108
sex_male,dep_hour_share_work_5,0.13235151436749082,0.1098712613,2.2480253067490823,9108
sex_male,dep_hour_share_work_6,0.2254572209375657,0.1903818965,3.5075324437565696,9108
sex_male,dep_hour_share_work_7,0.2012863634158568,0.2591743915,-5.78880280841432,9108
sex_male,dep_hour_share_work_8,0.11339564366682298,0.1251315612,-1.1735917533177016,9108
sex_male,dep_hour_share_work_9,0.04881470222020989,0.03908736603,0.9727336190209892,9108
sex_male,mean_work_activity_h,5.772631782506983,6.601615795,-0.8289840124930166,9108
sex_male,mobility_rate,0.9030391232594742,0.8450434006,5.7995722659474165,9108
sex_male,n_persons_unweighted,497479.0,9108.0,488371.0,9108
sex_male,n_persons_weighted,497479.0,390275.5205,107203.47950000002,9108
sex_male,n_work_activities_measured,247352.0,3566.0,243786.0,9108
sex_male,nonhome_acts_per_mobile,2.0809539603288196,2.092983074,-0.012029113671180536,9108
sex_male,participation_education,0.17611999702500006,0.1794297743,-0.3309777274999953,9108
sex_male,participation_escort,0.08041344458761074,0.08649845022,-0.6085005632389257,9108
sex_male,participation_home,0.9030391232594742,0.8343357191,6.8703404159474175,9108
sex_male,participation_leisure,0.3762631186442041,0.3739004314,0.23626872442040758,9108
sex_male,participation_other,0.2464646748907994,0.157487502,8.89771728907994,9108
sex_male,participation_shop,0.19834204056854662,0.2584351105,-6.009306993145339,9108
sex_male,participation_work,0.3795135071028124,0.3532285264,2.6284980702812377,9108
sex_male,purpose_share_education,0.06799326429547456,0.06308262542,0.4910638875474563,9108
sex_male,purpose_share_escort,0.03553924543923703,0.0421139333,-0.6574687860762971,9108
sex_male,purpose_share_home,0.4180313938612955,0.4261234955,-0.8092101638704496,9108
sex_male,purpose_share_leisure,0.1480877633663582,0.1616213085,-1.35335451336418,9108
sex_male,purpose_share_other,0.10161451475847644,0.06366749713,3.7947017628476436,9108
sex_male,purpose_share_shop,0.0747439093854759,0.1042435209,-2.94996115145241,9108
sex_male,purpose_share_work,0.15398990889368233,0.1391476193,1.4842289593682334,9108
sex_male,share_mobile_first_from_home,1.0,0.9692147464,3.078525359999995,9108
sex_male,share_mobile_last_to_home,1.0,0.9705553993,2.944460069999999,9108
sex_male,share_mobile_odd_trip_count,0.2676524731604054,0.2220121475,4.564032566040541,9108
sex_male,share_trips_0,0.09696087674052573,0.1549565994,-5.799572265947428,9108
sex_male,share_trips_1,0.001081452684434921,0.00676106761,-0.5679614925565079,9108
sex_male,share_trips_2,0.3616655175394338,0.33490715,2.6758367539433836,9108
sex_male,share_trips_3,0.11360881564849974,0.08369665326,2.9912162388499737,9108
sex_male,share_trips_4,0.21105614508351106,0.2208545976,-0.9798452516488948,9108
sex_male,share_trips_5,0.092801907216184,0.06125010788,3.1551799336184003,9108
sex_male,share_trips_6,0.06394239756854059,0.07099178493,-0.7049387361459408,9108
sex_male,share_trips_7,0.026320709014852887,0.02726642631,-0.09457172951471138,9108
sex_male,share_trips_8plus,0.032562178504017256,0.03931561299,-0.6753434485982743,9108
sex_male,share_trips_followed_by_same_purpose,0.11316294864492192,0.04278463245,7.037831619492192,9108
sex_male,share_trips_home_based,0.8098570374728035,0.8515199607,-4.166292322719656,9108
sex_male,share_trips_unknown_purpose,0.0,0.0004216156738,-0.04216156738,9108
sex_male,share_work_activities_lt_2h,0.22696804553834213,0.1213007249,10.566732063834213,9108
sex_male,tours_per_mobile,1.49476118715261,1.552972152,-0.05821096484738986,9108
sex_male,trips_per_mobile_person,3.57571514748143,3.645955225,-0.07024007751856987,9108
sex_male,trips_per_person,3.229010671807252,3.080990402,0.14802026980725236,9108
sex_male,trips_per_person_education,0.21955097602109838,0.1942750195,0.025275956521098375,9108
sex_male,trips_per_person_escort,0.1147566027912736,0.1296979185,-0.014941315708726408,9108
sex_male,trips_per_person_home,1.349827831928584,1.312328868,0.03749896392858387,9108
sex_male,trips_per_person_leisure,0.4781769682740377,0.497743755,-0.019566786725962293,9108
sex_male,trips_per_person_other,0.3281143525656359,0.1960762439,0.13203810866563592,9108
sex_male,trips_per_person_shop,0.24134888105829594,0.3210378755,-0.07968899444170408,9108
sex_male,trips_per_person_work,0.4972350591683267,0.4285317276,0.0687033315683267,9108
