segment,metric,model,srv,delta_pp,n_srv
age_0-5,dep_hour_share_all_10,0.025067936333949898,0.03927904023,-1.4211103896050101,1050
age_0-5,dep_hour_share_all_11,0.02908131807905734,0.04226813044,-1.3186812360942664,1050
age_0-5,dep_hour_share_all_12,0.05066109474549565,0.03748043204,1.3180662705495652,1050
age_0-5,dep_hour_share_all_13,0.06686305405220251,0.05527771632,1.1585337732202508,1050
age_0-5,dep_hour_share_all_14,0.0883457788129981,0.1203613924,-3.2015613587001903,1050
age_0-5,dep_hour_share_all_15,0.12486584001278801,0.1388659157,-1.4000075687211997,1050
age_0-5,dep_hour_share_all_16,0.11677056929506063,0.1040704872,1.2700082095060627,1050
age_0-5,dep_hour_share_all_17,0.07993651663583841,0.0875289599,-0.7592443264161586,1050
age_0-5,dep_hour_share_all_18,0.059635541549633485,0.04142940511,1.8206136439633487,1050
age_0-5,dep_hour_share_all_19,0.026557968532346828,0.008109154422,1.844881411034683,1050
age_0-5,dep_hour_share_all_20,0.009813660341165993,0.004198027095,0.5615633246165993,1050
age_0-5,dep_hour_share_all_21,0.0051551688703158184,0.001025825513,0.41293433573158184,1050
age_0-5,dep_hour_share_all_22,0.003442488182503254,0.0,0.3442488182503254,1050
age_0-5,dep_hour_share_all_23,0.0011817496745906693,0.0,0.11817496745906693,1050
age_0-5,dep_hour_share_all_4,0.0002740289100500103,0.0,0.02740289100500103,1050
age_0-5,dep_hour_share_all_5,0.00182115046470736,0.0,0.182115046470736,1050
age_0-5,dep_hour_share_all_6,0.03335731086296271,0.004651560907,2.8705749955962707,1050
age_0-5,dep_hour_share_all_7,0.14190130392089698,0.1546271582,-1.2725854279103026,1050
age_0-5,dep_hour_share_all_8,0.09748007581466511,0.1249925596,-2.7512483785334885,1050
age_0-5,dep_hour_share_all_9,0.03695394030736909,0.03583423487,0.1119705437369091,1050
age_0-5,dep_hour_share_education_10,0.021964998222257337,0.01012151758,1.1843480642257338,1050
age_0-5,dep_hour_share_education_11,0.016967566072768933,0.003528773684,1.3438792388768934,1050
age_0-5,dep_hour_share_education_12,0.021411922727452296,0.002992244809,1.8419677918452295,1050
age_0-5,dep_hour_share_education_13,0.040078220677122425,0.003951932875,3.6126287802122423,1050
age_0-5,dep_hour_share_education_14,0.0532927744637143,0.005629101725,4.766367273871429,1050
age_0-5,dep_hour_share_education_15,0.05354955951487378,0.01484007092,3.8709488594873775,1050
age_0-5,dep_hour_share_education_16,0.022893374945680084,0.003396129473,1.9497245472680083,1050
age_0-5,dep_hour_share_education_17,0.014320704776201952,0.0,1.4320704776201951,1050
age_0-5,dep_hour_share_education_18,0.007170228736222494,0.0,0.7170228736222495,1050
age_0-5,dep_hour_share_education_19,0.004128313514794769,0.0,0.4128313514794769,1050
age_0-5,dep_hour_share_education_20,0.00037530122861770634,0.0,0.03753012286177063,1050
age_0-5,dep_hour_share_education_21,1.9752696243037175e-05,0.0,0.0019752696243037176,1050
age_0-5,dep_hour_share_education_22,1.9752696243037175e-05,0.0,0.0019752696243037176,1050
age_0-5,dep_hour_share_education_23,1.9752696243037175e-05,0.0,0.0019752696243037176,1050
age_0-5,dep_hour_share_education_4,0.0008691186346936356,0.0,0.08691186346936357,1050
age_0-5,dep_hour_share_education_5,0.006202346620313673,0.0,0.6202346620313672,1050
age_0-5,dep_hour_share_education_6,0.08001817248054359,0.01423413437,6.5784038110543595,1050
age_0-5,dep_hour_share_education_7,0.3606644807016158,0.5557846062,-19.512012549838424,1050
age_0-5,dep_hour_share_education_8,0.2591356220124047,0.3598748049,-10.07391828875953,1050
age_0-5,dep_hour_share_education_9,0.036819025797021294,0.02564668343,1.1172342367021293,1050
age_0-5,dep_hour_share_escort_10,0.001430615164520744,0.007567602011,-0.6136986846479257,1050
age_0-5,dep_hour_share_escort_11,0.020147830233667143,0.0223770094,-0.22291791663328586,1050
age_0-5,dep_hour_share_escort_12,0.03457319980925131,0.03126627875,0.330692105925131,1050
age_0-5,dep_hour_share_escort_13,0.04148783977110158,0.1163807025,-7.489286272889842,1050
age_0-5,dep_hour_share_escort_14,0.030400572246065807,0.08807880457,-5.767823232393419,1050
age_0-5,dep_hour_share_escort_15,0.05329041487839771,0.1710638512,-11.77734363216023,1050
age_0-5,dep_hour_share_escort_16,0.10467334287076777,0.05859278952,4.608055335076776,1050
age_0-5,dep_hour_share_escort_17,0.0026227944682880307,0.04664377303,-4.402097856171197,1050
age_0-5,dep_hour_share_escort_18,0.003218884120171674,0.009686457866,-0.6467573745828326,1050
age_0-5,dep_hour_share_escort_19,0.0004768717215069146,0.004172965036,-0.36960933144930846,1050
age_0-5,dep_hour_share_escort_20,0.0005960896518836433,0.0,0.059608965188364324,1050
age_0-5,dep_hour_share_escort_21,0.0004768717215069146,0.0,0.04768717215069146,1050
age_0-5,dep_hour_share_escort_22,0.00011921793037672866,0.0,0.011921793037672865,1050
age_0-5,dep_hour_share_escort_23,0.00011921793037672866,0.0,0.011921793037672865,1050
age_0-5,dep_hour_share_escort_4,0.0,0.0,0.0,1050
age_0-5,dep_hour_share_escort_5,0.0,0.0,0.0,1050
age_0-5,dep_hour_share_escort_6,0.07939914163090128,0.01247177688,6.692736475090127,1050
age_0-5,dep_hour_share_escort_7,0.47365283738674296,0.2677369862,20.591585118674296,1050
age_0-5,dep_hour_share_escort_8,0.12792083929422984,0.163961003,-3.604016370577015,1050
age_0-5,dep_hour_share_escort_9,0.025393419170243205,0.0,2.5393419170243203,1050
age_0-5,dep_hour_share_home_10,0.020093393764592776,0.03036516751,-1.0271773745407224,1050
age_0-5,dep_hour_share_home_11,0.03057272352698805,0.06912766921,-3.855494568301196,1050
age_0-5,dep_hour_share_home_12,0.07797005905782173,0.06231455668,1.5655502377821726,1050
age_0-5,dep_hour_share_home_13,0.09517923362175525,0.08337989217,1.179934145175525,1050
age_0-5,dep_hour_share_home_14,0.11855514352424118,0.1755057383,-5.695059477575882,1050
age_0-5,dep_hour_share_home_15,0.15411344595522594,0.1502221188,0.3891327155225943,1050
age_0-5,dep_hour_share_home_16,0.14298860046696882,0.1144395176,2.854908286696882,1050
age_0-5,dep_hour_share_home_17,0.12222222222222222,0.1461544406,-2.3932218377777774,1050
age_0-5,dep_hour_share_home_18,0.11100123609394313,0.08334545138,2.765578471394313,1050
age_0-5,dep_hour_share_home_19,0.047905507485235546,0.0140982489,3.380725858523555,1050
age_0-5,dep_hour_share_home_20,0.01965389369592089,0.009415860686,1.0238033009920888,1050
age_0-5,dep_hour_share_home_21,0.012168658151352835,0.002372423523,0.9796234628352836,1050
age_0-5,dep_hour_share_home_22,0.008158220024721878,0.0,0.8158220024721878,1050
age_0-5,dep_hour_share_home_23,0.002719406674907293,0.0,0.2719406674907293,1050
age_0-5,dep_hour_share_home_4,0.0,0.0,0.0,1050
age_0-5,dep_hour_share_home_5,1.3734377145996429e-05,0.0,0.0013734377145996428,1050
age_0-5,dep_hour_share_home_6,0.00010987501716797143,0.0005671905054,-0.045731548823202864,1050
age_0-5,dep_hour_share_home_7,0.0007828594973217965,0.006578514549,-0.5795655051678203,1050
age_0-5,dep_hour_share_home_8,0.012388408185688779,0.03081316199,-1.8424753804311225,1050
age_0-5,dep_hour_share_home_9,0.021590440873506388,0.02130004765,0.02903932235063869,1050
age_0-5,dep_hour_share_leisure_10,0.030495665703489664,0.08134889579,-5.085323008651034,1050
age_0-5,dep_hour_share_leisure_11,0.011246943765281174,0.02061085804,-0.9363914274718825,1050
age_0-5,dep_hour_share_leisure_12,0.03151811513669704,0.02430667608,0.7211439056697043,1050
age_0-5,dep_hour_share_leisure_13,0.07641698155145588,0.04430382513,3.2113156421455873,1050
age_0-5,dep_hour_share_leisure_14,0.11073571904867749,0.1588733201,-4.813760105132251,1050
age_0-5,dep_hour_share_leisure_15,0.24872193820849078,0.2605382913,-1.1816353091509217,1050
age_0-5,dep_hour_share_leisure_16,0.22200488997555012,0.2068195166,1.5185373375550122,1050
age_0-5,dep_hour_share_leisure_17,0.10135585685707935,0.05597247131,4.538338554707934,1050
age_0-5,dep_hour_share_leisure_18,0.05916870415647922,0.0167333378,4.2435366356479225,1050
age_0-5,dep_hour_share_leisure_19,0.02116025783507446,0.00559432099,1.556593684507446,1050
age_0-5,dep_hour_share_leisure_20,0.009824405423427428,0.0008138555409,0.9010549882527428,1050
age_0-5,dep_hour_share_leisure_21,0.00013336296954878863,0.0,0.013336296954878863,1050
age_0-5,dep_hour_share_leisure_22,4.445432318292954e-05,0.0,0.004445432318292954,1050
age_0-5,dep_hour_share_leisure_23,0.0002222716159146477,0.0,0.02222716159146477,1050
age_0-5,dep_hour_share_leisure_4,0.0,0.0,0.0,1050
age_0-5,dep_hour_share_leisure_5,4.445432318292954e-05,0.0,0.004445432318292954,1050
age_0-5,dep_hour_share_leisure_6,0.00026672593909757725,0.001575982468,-0.13092565289024227,1050
age_0-5,dep_hour_share_leisure_7,0.0016003556345854635,0.005751872642,-0.41515170074145363,1050
age_0-5,dep_hour_share_leisure_8,0.03783062902867304,0.03813793091,-0.030730188132695874,1050
age_0-5,dep_hour_share_leisure_9,0.03703045121138031,0.07861884525,-4.158839403861969,1050
age_0-5,dep_hour_share_other_10,0.03510905700154058,0.08878535176,-5.367629475845943,1050
age_0-5,dep_hour_share_other_11,0.08375902051406794,0.03749729285,4.626172766406794,1050
age_0-5,dep_hour_share_other_12,0.06640720019459985,0.01596237387,5.044482632459984,1050
age_0-5,dep_hour_share_other_13,0.04337955079867024,0.02291171688,2.0467833918670237,1050
age_0-5,dep_hour_share_other_14,0.06851536528014271,0.2023591065,-13.38437412198573,1050
age_0-5,dep_hour_share_other_15,0.08765101759507014,0.1510125408,-6.336152320492987,1050
age_0-5,dep_hour_share_other_16,0.1797616151787886,0.1092854049,7.047621027878861,1050
age_0-5,dep_hour_share_other_17,0.12446282331954918,0.07842442186,4.603840145954918,1050
age_0-5,dep_hour_share_other_18,0.03275764209843509,0.0,3.275764209843509,1050
age_0-5,dep_hour_share_other_19,0.0385145544474175,0.0,3.8514554447417497,1050
age_0-5,dep_hour_share_other_20,0.0034865807183977944,0.0,0.3486580718397794,1050
age_0-5,dep_hour_share_other_21,0.0007297494526879105,0.0,0.07297494526879104,1050
age_0-5,dep_hour_share_other_22,0.00048649963512527365,0.0,0.048649963512527365,1050
age_0-5,dep_hour_share_other_23,0.0001621665450417579,0.0,0.01621665450417579,1050
age_0-5,dep_hour_share_other_4,0.0003243330900835158,0.0,0.03243330900835158,1050
age_0-5,dep_hour_share_other_5,0.00024324981756263683,0.0,0.024324981756263683,1050
age_0-5,dep_hour_share_other_6,0.027649395929619718,0.0,2.764939592961972,1050
age_0-5,dep_hour_share_other_7,0.05740695694478229,0.03019949616,2.720746078478229,1050
age_0-5,dep_hour_share_other_8,0.05092029514311198,0.1501003408,-9.918004565688804,1050
age_0-5,dep_hour_share_other_9,0.09778642666018,0.1134619536,-1.5675526939819995,1050
age_0-5,dep_hour_share_shop_10,0.08502979145978153,0.0995957711,-1.4565979640218467,1050
age_0-5,dep_hour_share_shop_11,0.06876861966236346,0.07551405828,-0.6745438617636546,1050
age_0-5,dep_hour_share_shop_12,0.036618669314796425,0.04665381932,-1.0035150005203572,1050
age_0-5,dep_hour_share_shop_13,0.01874379344587885,0.03537792038,-1.6634126934121147,1050
age_0-5,dep_hour_share_shop_14,0.06876861966236346,0.05718852869,1.1580090972363462,1050
age_0-5,dep_hour_share_shop_15,0.10054617676266137,0.1708411791,-7.029500233733862,1050
age_0-5,dep_hour_share_shop_16,0.09831181727904667,0.187467588,-8.915577072095331,1050
age_0-5,dep_hour_share_shop_17,0.06715491559086395,0.1315901505,-6.443523490913606,1050
age_0-5,dep_hour_share_shop_18,0.029667328699106255,0.03048643737,-0.08191086708937458,1050
age_0-5,dep_hour_share_shop_19,0.0,0.01229764952,-1.229764952,1050
age_0-5,dep_hour_share_shop_20,0.0,0.0,0.0,1050
age_0-5,dep_hour_share_shop_21,0.0,0.0,0.0,1050
age_0-5,dep_hour_share_shop_22,0.0,0.0,0.0,1050
age_0-5,dep_hour_share_shop_23,0.0,0.0,0.0,1050
age_0-5,dep_hour_share_shop_4,0.0,0.0,0.0,1050
age_0-5,dep_hour_share_shop_5,0.0,0.0,0.0,1050
age_0-5,dep_hour_share_shop_6,0.09458788480635551,0.0,9.458788480635551,1050
age_0-5,dep_hour_share_shop_7,0.1894240317775571,0.03201851834,15.74055134375571,1050
age_0-5,dep_hour_share_shop_8,0.0506454816285998,0.0674913207,-1.6845839071400193,1050
age_0-5,dep_hour_share_shop_9,0.09173286991062563,0.05347705871,3.8255811200625627,1050
age_0-5,dep_hour_share_work_10,0.0,,,1050
age_0-5,dep_hour_share_work_11,0.0,,,1050
age_0-5,dep_hour_share_work_12,0.0,,,1050
age_0-5,dep_hour_share_work_13,0.0,,,1050
age_0-5,dep_hour_share_work_14,0.0,,,1050
age_0-5,dep_hour_share_work_15,0.015350877192982455,,,1050
age_0-5,dep_hour_share_work_16,0.006578947368421052,,,1050
age_0-5,dep_hour_share_work_17,0.0,,,1050
age_0-5,dep_hour_share_work_18,0.0,,,1050
age_0-5,dep_hour_share_work_19,0.0,,,1050
age_0-5,dep_hour_share_work_20,0.0,,,1050
age_0-5,dep_hour_share_work_21,0.0,,,1050
age_0-5,dep_hour_share_work_22,0.0,,,1050
age_0-5,dep_hour_share_work_23,0.0,,,1050
age_0-5,dep_hour_share_work_4,0.0,,,1050
age_0-5,dep_hour_share_work_5,0.0,,,1050
age_0-5,dep_hour_share_work_6,0.019736842105263157,,,1050
age_0-5,dep_hour_share_work_7,0.6513157894736842,,,1050
age_0-5,dep_hour_share_work_8,0.20614035087719298,,,1050
age_0-5,dep_hour_share_work_9,0.10087719298245613,,,1050
age_0-5,mean_work_activity_h,4.474086257309942,,,1050
age_0-5,mobility_rate,0.9105558150397011,0.9252705324,-1.4714717360298946,1050
age_0-5,n_persons_unweighted,55666.0,1050.0,54616.0,1050
age_0-5,n_persons_weighted,55666.0,40467.99363,15198.006370000003,1050
age_0-5,n_work_activities_measured,456.0,0.0,456.0,1050
age_0-5,nonhome_acts_per_mobile,2.019334346084795,1.849759997,0.16957434908479474,1050
age_0-5,participation_education,0.6861998347285596,0.6784849381,0.771489662855962,1050
age_0-5,participation_escort,0.12707936621995472,0.1362335011,-0.9154134880045267,1050
age_0-5,participation_home,0.9105558150397011,0.9178920187,-0.7336203660298968,1050
age_0-5,participation_leisure,0.3512557036611217,0.3826362898,-3.1380586138878286,1050
age_0-5,participation_other,0.17468472676319477,0.110070045,6.461468176319476,1050
age_0-5,participation_shop,0.11917507994107714,0.1796671353,-6.049205535892287,1050
age_0-5,participation_work,0.008191714870836777,0.0,0.8191714870836777,1050
age_0-5,purpose_share_education,0.28902057500399625,0.2316162448,5.740433020399624,1050
age_0-5,purpose_share_escort,0.047886552031239295,0.06858371484,-2.069716280876071,1050
age_0-5,purpose_share_home,0.41566760293210936,0.4336017334,-1.7934130467890663,1050
age_0-5,purpose_share_leisure,0.1284225069078121,0.1552869692,-2.6864462292187916,1050
age_0-5,purpose_share_other,0.07040830307597451,0.0414726107,2.893569237597451,1050
age_0-5,purpose_share_shop,0.04599118540339339,0.06943872705,-2.3447541646606602,1050
age_0-5,purpose_share_work,0.0026032746454750975,0.0,0.26032746454750977,1050
age_0-5,share_mobile_first_from_home,1.0,0.981573838,1.8426162000000024,1050
age_0-5,share_mobile_last_to_home,1.0,0.9913895519,0.8610448100000001,1050
age_0-5,share_mobile_odd_trip_count,0.2150847357310553,0.2665506923,-5.146595656894471,1050
age_0-5,share_trips_0,0.08944418496029892,0.07472946762,1.4714717340298917,1050
age_0-5,share_trips_1,0.0,0.0007632777872,-0.07632777872,1050
age_0-5,share_trips_2,0.3591060970790069,0.3978047286,-3.8698631520993065,1050
age_0-5,share_trips_3,0.11222290087306434,0.1659889818,-5.376608092693565,1050
age_0-5,share_trips_4,0.2754104839578917,0.2171197709,5.829071305789169,1050
age_0-5,share_trips_5,0.07367154097653864,0.05890379776,1.4767743216538634,1050
age_0-5,share_trips_6,0.05441382531527324,0.05444774123,-0.003391591472676203,1050
age_0-5,share_trips_7,0.008856393489742391,0.01789554722,-0.9039153730257607,1050
age_0-5,share_trips_8plus,0.02687457334818381,0.0123466871,1.452788624818381,1050
age_0-5,share_trips_followed_by_same_purpose,0.08502317827864173,0.019392394,6.563078427864172,1050
age_0-5,share_trips_home_based,0.8134548194834555,0.8641978859,-5.074306641654447,1050
age_0-5,share_trips_unknown_purpose,0.0,0.0,0.0,1050
age_0-5,share_work_activities_lt_2h,0.021929824561403508,,,1050
age_0-5,tours_per_mobile,1.436462998401957,1.416069201,0.020393797401957015,1050
age_0-5,trips_per_mobile_person,3.455797344486752,3.265829198,0.18996814648675198,1050
age_0-5,trips_per_person,3.146696367621169,3.021775521,0.12492084662116909,1050
age_0-5,trips_per_person_education,0.9094599935328567,0.6998922988,0.20956769473285664,1050
age_0-5,trips_per_person_escort,0.15068443933460282,0.2072445907,-0.05656015136539719,1050
age_0-5,trips_per_person_home,1.307979736284267,1.310247104,-0.002267367715733215,1050
age_0-5,trips_per_person_leisure,0.40410663600761687,0.4692423622,-0.06513572619238311,1050
age_0-5,trips_per_person_other,0.2215535515395394,0.1253209198,0.09623263173953939,1050
age_0-5,trips_per_person_shop,0.14472029605144973,0.2098282456,-0.06510794954855026,1050
age_0-5,trips_per_person_work,0.008191714870836777,0.0,0.008191714870836777,1050
age_10-17,dep_hour_share_all_10,0.01492420722857883,0.00442174633,1.050246089857883,1323
age_10-17,dep_hour_share_all_11,0.0243967618992801,0.01246946098,1.1927300919280102,1323
age_10-17,dep_hour_share_all_12,0.06486890954614787,0.03513628026,2.9732629286147865,1323
age_10-17,dep_hour_share_all_13,0.09879989639393329,0.1750913411,-7.62914447060667,1323
age_10-17,dep_hour_share_all_14,0.07778677707016844,0.06215947784,1.5627299230168443,1323
age_10-17,dep_hour_share_all_15,0.10637300650826999,0.1061258385,0.024716800826998786,1323
age_10-17,dep_hour_share_all_16,0.07488005130967114,0.08023796321,-0.535791190032886,1323
age_10-17,dep_hour_share_all_17,0.07899140316327412,0.0691471243,0.9844278863274116,1323
age_10-17,dep_hour_share_all_18,0.07672604829193887,0.06126578846,1.546025983193887,1323
age_10-17,dep_hour_share_all_19,0.03325672514379453,0.04549539783,-1.2238672686205467,1323
age_10-17,dep_hour_share_all_20,0.03225766664336901,0.01792879994,1.4328866703369008,1323
age_10-17,dep_hour_share_all_21,0.013834698987374038,0.008667625887,0.5167073100374039,1323
age_10-17,dep_hour_share_all_22,0.0075443306513614744,0.0009978874137,0.6546443237661475,1323
age_10-17,dep_hour_share_all_23,0.0021379029638735514,0.0,0.21379029638735514,1323
age_10-17,dep_hour_share_all_4,6.989298151125072e-05,0.0,0.006989298151125072,1323
age_10-17,dep_hour_share_all_5,0.0011717352782768503,0.0007003765575,0.04713587207768503,1323
age_10-17,dep_hour_share_all_6,0.07036578697441506,0.04466560956,2.5700177414415064,1323
age_10-17,dep_hour_share_all_7,0.17066221544305984,0.24253221,-7.186999455694015,1323
age_10-17,dep_hour_share_all_8,0.02669500758544417,0.01949799485,0.719701273544417,1323
age_10-17,dep_hour_share_all_9,0.01830373845224048,0.01260818799,0.5695550462240481,1323
age_10-17,dep_hour_share_education_10,0.016187898132062003,0.004015895715,1.2172002417062002,1323
age_10-17,dep_hour_share_education_11,0.015110500585834916,0.007404057313,0.7706443272834915,1323
age_10-17,dep_hour_share_education_12,0.02183076778042638,0.01370027149,0.813049629042638,1323
age_10-17,dep_hour_share_education_13,0.016874739067781773,0.01918172748,-0.23069884122182277,1323
age_10-17,dep_hour_share_education_14,0.009386826121503508,0.008485964429,0.0900861692503507,1323
age_10-17,dep_hour_share_education_15,0.01960863534133301,0.008147977648,1.146065769333301,1323
age_10-17,dep_hour_share_education_16,0.011056792318155496,0.01067460563,0.03821866881554958,1323
age_10-17,dep_hour_share_education_17,0.004134513083646452,0.003872329163,0.026218392064645192,1323
age_10-17,dep_hour_share_education_18,0.0042287853689413225,0.003580728232,0.06480571369413225,1323
age_10-17,dep_hour_share_education_19,0.003272595046664781,0.0,0.32725950466647813,1323
age_10-17,dep_hour_share_education_20,0.00035015420252380375,0.0,0.03501542025238037,1323
age_10-17,dep_hour_share_education_21,0.0002828168558846107,0.0,0.028281685588461072,1323
age_10-17,dep_hour_share_education_22,4.040240798351582e-05,0.0,0.0040402407983515815,1323
age_10-17,dep_hour_share_education_23,2.6934938655677213e-05,0.0,0.002693493865567721,1323
age_10-17,dep_hour_share_education_4,4.040240798351582e-05,0.0,0.0040402407983515815,1323
age_10-17,dep_hour_share_education_5,0.0021143926844706612,0.001317372414,0.07970202704706614,1323
age_10-17,dep_hour_share_education_6,0.22613227748373804,0.1267340089,9.939826858373804,1323
age_10-17,dep_hour_share_education_7,0.5398165730677549,0.7195300297,-17.971345663224515,1323
age_10-17,dep_hour_share_education_8,0.06595019729842565,0.04666598543,1.9284211868425647,1323
age_10-17,dep_hour_share_education_9,0.04009265618897553,0.02668904647,1.3403609718975524,1323
age_10-17,dep_hour_share_escort_10,0.0035169988276670576,0.0,0.3516998827667058,1323
age_10-17,dep_hour_share_escort_11,0.01406799531066823,0.0,1.406799531066823,1323
age_10-17,dep_hour_share_escort_12,0.025205158264947247,0.03546087084,-1.0255712575052751,1323
age_10-17,dep_hour_share_escort_13,0.08264947245017586,0.04120335327,4.144611918017586,1323
age_10-17,dep_hour_share_escort_14,0.16735052754982416,0.01437659832,15.297392922982416,1323
age_10-17,dep_hour_share_escort_15,0.04630715123094959,0.1124452474,-6.613809616905042,1323
age_10-17,dep_hour_share_escort_16,0.14712778429073858,0.1604631846,-1.3335400309261418,1323
age_10-17,dep_hour_share_escort_17,0.21072684642438452,0.05605201649,15.467482993438452,1323
age_10-17,dep_hour_share_escort_18,0.11957796014067995,0.1499496799,-3.0371719759320044,1323
age_10-17,dep_hour_share_escort_19,0.021395076201641265,0.01535698273,0.6038093471641266,1323
age_10-17,dep_hour_share_escort_20,0.0014654161781946073,0.04668576768,-4.522035150180539,1323
age_10-17,dep_hour_share_escort_21,0.003223915592028136,0.0,0.3223915592028136,1323
age_10-17,dep_hour_share_escort_22,0.0014654161781946073,0.0,0.14654161781946073,1323
age_10-17,dep_hour_share_escort_23,0.0005861664712778429,0.0,0.058616647127784284,1323
age_10-17,dep_hour_share_escort_4,0.0035169988276670576,0.0,0.3516998827667058,1323
age_10-17,dep_hour_share_escort_5,0.0005861664712778429,0.0,0.058616647127784284,1323
age_10-17,dep_hour_share_escort_6,0.009378663540445486,0.007374775111,0.2003888429445486,1323
age_10-17,dep_hour_share_escort_7,0.08997655334114889,0.3168269311,-22.685037775885107,1323
age_10-17,dep_hour_share_escort_8,0.041617819460726846,0.04380459248,-0.21867730192731555,1323
age_10-17,dep_hour_share_escort_9,0.0020515826494724504,0.0,0.20515826494724504,1323
age_10-17,dep_hour_share_home_10,0.013229961471632546,0.00178743111,1.1442530361632546,1323
age_10-17,dep_hour_share_home_11,0.024797914935408324,0.0135107027,1.1287212235408324,1323
age_10-17,dep_hour_share_home_12,0.11067462415955277,0.05783137855,5.284324560955278,1323
age_10-17,dep_hour_share_home_13,0.1718950668580494,0.3374361694,-16.55411025419506,1323
age_10-17,dep_hour_share_home_14,0.10634018282088087,0.08450475411,2.183542871088087,1323
age_10-17,dep_hour_share_home_15,0.137266752285261,0.1440732202,-0.680646791473899,1323
age_10-17,dep_hour_share_home_16,0.060427211603837724,0.06445284741,-0.40256358061622755,1323
age_10-17,dep_hour_share_home_17,0.086301654453426,0.06355814714,2.2743507313426004,1323
age_10-17,dep_hour_share_home_18,0.1158872856387399,0.09341187214,2.24754134987399,1323
age_10-17,dep_hour_share_home_19,0.05723540077056735,0.07886809866,-2.1632697889432646,1323
age_10-17,dep_hour_share_home_20,0.053004834932386495,0.03446409868,1.8540736252386496,1323
age_10-17,dep_hour_share_home_21,0.027007630127672433,0.01458825569,1.2419374437672432,1323
age_10-17,dep_hour_share_home_22,0.015892951575130317,0.002185776683,1.3707174892130316,1323
age_10-17,dep_hour_share_home_23,0.00458940847624084,0.0,0.458940847624084,1323
age_10-17,dep_hour_share_home_4,0.0,0.0,0.0,1323
age_10-17,dep_hour_share_home_5,0.0,0.0,0.0,1323
age_10-17,dep_hour_share_home_6,0.0001133187278084158,0.0,0.01133187278084158,1323
age_10-17,dep_hour_share_home_7,0.0007649014127068067,0.002429963828,-0.1665062415293193,1323
age_10-17,dep_hour_share_home_8,0.0009915388683236384,0.001794973979,-0.08034351106763617,1323
age_10-17,dep_hour_share_home_9,0.004136133565007177,0.003238518905,0.08976146600071766,1323
age_10-17,dep_hour_share_leisure_10,0.003743371113652906,0.007081944441,-0.3338573327347094,1323
age_10-17,dep_hour_share_leisure_11,0.0036653842154518042,0.01273546789,-0.9070083674548195,1323
age_10-17,dep_hour_share_leisure_12,0.03486014349589269,0.01316997792,2.169016557589269,1323
age_10-17,dep_hour_share_leisure_13,0.05820422169075595,0.04503274812,1.3171473570755952,1323
age_10-17,dep_hour_share_leisure_14,0.11430279713008215,0.08878091719,2.552187994008215,1323
age_10-17,dep_hour_share_leisure_15,0.17692627638556724,0.1822424086,-0.531613221443275,1323
age_10-17,dep_hour_share_leisure_16,0.210824581470313,0.2529597759,-4.213519442968702,1323
age_10-17,dep_hour_share_leisure_17,0.18521888322761776,0.2199202591,-3.4701375872382227,1323
age_10-17,dep_hour_share_leisure_18,0.09095871893521888,0.08414899795,0.6809720985218883,1323
age_10-17,dep_hour_share_leisure_19,0.03558802121243631,0.05331590717,-1.7727885957563694,1323
age_10-17,dep_hour_share_leisure_20,0.0527711344494125,0.0120195797,4.0751554749412495,1323
age_10-17,dep_hour_share_leisure_21,0.010294270562545492,0.009688232857,0.060603770554549206,1323
age_10-17,dep_hour_share_leisure_22,0.0033274409899136945,0.0,0.3327440989913695,1323
age_10-17,dep_hour_share_leisure_23,0.00031194759280440883,0.0,0.031194759280440885,1323
age_10-17,dep_hour_share_leisure_4,0.0,0.0,0.0,1323
age_10-17,dep_hour_share_leisure_5,0.0,0.0,0.0,1323
age_10-17,dep_hour_share_leisure_6,0.0005199126546740147,0.0,0.051991265467401473,1323
age_10-17,dep_hour_share_leisure_7,0.0023136113132993658,0.008011786758,-0.5698175444700634,1323
age_10-17,dep_hour_share_leisure_8,0.006758864510762192,0.002734710159,0.40241543517621925,1323
age_10-17,dep_hour_share_leisure_9,0.007642716023708017,0.008157286237,-0.051457021329198195,1323
age_10-17,dep_hour_share_other_10,0.039456859282713266,0.0,3.9456859282713266,1323
age_10-17,dep_hour_share_other_11,0.10412226755160446,0.03846662925,6.565563830160445,1323
age_10-17,dep_hour_share_other_12,0.055653656457407295,0.01789075402,3.7762902437407293,1323
age_10-17,dep_hour_share_other_13,0.12080618644583815,0.1113795422,0.9426644245838154,1323
age_10-17,dep_hour_share_other_14,0.10911526517688608,0.1453220215,-3.620675632311393,1323
age_10-17,dep_hour_share_other_15,0.1520428667113195,0.1647685613,-1.2725694588680503,1323
age_10-17,dep_hour_share_other_16,0.11581318882055654,0.1518817946,-3.6068605779443472,1323
age_10-17,dep_hour_share_other_17,0.05808926505510564,0.1120897459,-5.400048084489435,1323
age_10-17,dep_hour_share_other_18,0.06697923643670463,0.02913503778,3.784419865670463,1323
age_10-17,dep_hour_share_other_19,0.01893685684710467,0.0009727619991,1.796409484800467,1323
age_10-17,dep_hour_share_other_20,0.009559763745966024,0.0,0.9559763745966023,1323
age_10-17,dep_hour_share_other_21,0.003957863971259819,0.01165126497,-0.7693400998740181,1323
age_10-17,dep_hour_share_other_22,0.0003653412896547525,0.0,0.03653412896547525,1323
age_10-17,dep_hour_share_other_23,0.00048712171953966995,0.0,0.048712171953966994,1323
age_10-17,dep_hour_share_other_4,0.0,0.0,0.0,1323
age_10-17,dep_hour_share_other_5,0.0,0.0,0.0,1323
age_10-17,dep_hour_share_other_6,0.007976618157462095,0.07230259777,-6.432597961253792,1323
age_10-17,dep_hour_share_other_7,0.04225780917006637,0.0540212516,-1.176344242993363,1323
age_10-17,dep_hour_share_other_8,0.05126956098155026,0.04302092197,0.8248639011550263,1323
age_10-17,dep_hour_share_other_9,0.03982220057236802,0.04709711518,-0.7274914607631979,1323
age_10-17,dep_hour_share_shop_10,0.053771661569826705,0.0275011603,2.6270501269826703,1323
age_10-17,dep_hour_share_shop_11,0.06804281345565749,0.03137060099,3.6672212465657497,1323
age_10-17,dep_hour_share_shop_12,0.022935779816513763,0.0392723112,-1.6336531383486237,1323
age_10-17,dep_hour_share_shop_13,0.0163098878695209,0.1435856966,-12.727580873047911,1323
age_10-17,dep_hour_share_shop_14,0.05071355759429154,0.1201428232,-6.942926560570846,1323
age_10-17,dep_hour_share_shop_15,0.09072375127421,0.1826829485,-9.195919722579001,1323
age_10-17,dep_hour_share_shop_16,0.11748216106014271,0.1789527893,-6.147062823985729,1323
age_10-17,dep_hour_share_shop_17,0.24464831804281345,0.1029522183,14.169609974281345,1323
age_10-17,dep_hour_share_shop_18,0.27217125382262997,0.0975049076,17.466634622262998,1323
age_10-17,dep_hour_share_shop_19,0.00764525993883792,0.04884875696,-4.120349702116209,1323
age_10-17,dep_hour_share_shop_20,0.00382262996941896,0.0,0.382262996941896,1323
age_10-17,dep_hour_share_shop_21,0.0030581039755351682,0.009813679928,-0.6755575952464833,1323
age_10-17,dep_hour_share_shop_22,0.0025484199796126403,0.0,0.254841997961264,1323
age_10-17,dep_hour_share_shop_23,0.0025484199796126403,0.0,0.254841997961264,1323
age_10-17,dep_hour_share_shop_4,0.0,0.0,0.0,1323
age_10-17,dep_hour_share_shop_5,0.0,0.0,0.0,1323
age_10-17,dep_hour_share_shop_6,0.0012742099898063201,0.001596131314,-0.03219213241936799,1323
age_10-17,dep_hour_share_shop_7,0.013506625891946993,0.008105973574,0.5400652317946995,1323
age_10-17,dep_hour_share_shop_8,0.007390417940876657,0.007670002347,-0.027958440612334354,1323
age_10-17,dep_hour_share_shop_9,0.010958205912334353,0.0,1.0958205912334353,1323
age_10-17,dep_hour_share_work_10,0.01406799531066823,0.0738349554,-5.976696008933177,1323
age_10-17,dep_hour_share_work_11,0.023446658851113716,0.0,2.3446658851113718,1323
age_10-17,dep_hour_share_work_12,0.007033997655334115,0.04706689957,-4.003290191466589,1323
age_10-17,dep_hour_share_work_13,0.007033997655334115,0.0,0.7033997655334115,1323
age_10-17,dep_hour_share_work_14,0.0035169988276670576,0.03515190519,-3.163490636233294,1323
age_10-17,dep_hour_share_work_15,0.07502930832356389,0.05540401136,1.962529696356389,1323
age_10-17,dep_hour_share_work_16,0.021101992966002344,0.0,2.1101992966002343,1323
age_10-17,dep_hour_share_work_17,0.010550996483001172,0.0,1.0550996483001172,1323
age_10-17,dep_hour_share_work_18,0.0011723329425556857,0.0,0.11723329425556857,1323
age_10-17,dep_hour_share_work_19,0.0023446658851113715,0.0,0.23446658851113714,1323
age_10-17,dep_hour_share_work_20,0.0,0.0,0.0,1323
age_10-17,dep_hour_share_work_21,0.0,0.0,0.0,1323
age_10-17,dep_hour_share_work_22,0.0,0.0,0.0,1323
age_10-17,dep_hour_share_work_23,0.0,0.0,0.0,1323
age_10-17,dep_hour_share_work_4,0.0023446658851113715,0.0,0.23446658851113714,1323
age_10-17,dep_hour_share_work_5,0.1477139507620164,0.04977079272,9.794315804201641,1323
age_10-17,dep_hour_share_work_6,0.14536928487690504,0.2484128487,-10.304356382309496,1323
age_10-17,dep_hour_share_work_7,0.23798358733880423,0.2703012379,-3.231765056119576,1323
age_10-17,dep_hour_share_work_8,0.2555685814771395,0.2200573492,3.551123227713951,1323
age_10-17,dep_hour_share_work_9,0.04572098475967175,0.0,4.572098475967175,1323
age_10-17,mean_work_activity_h,6.0587924970691684,6.158400091,-0.0996075939308314,1323
age_10-17,mobility_rate,0.9583558680367766,0.9469060089,1.1449859136776652,1323
age_10-17,n_persons_unweighted,68413.0,1323.0,67090.0,1323
age_10-17,n_persons_weighted,68413.0,60603.27088,7809.729120000004,1323
age_10-17,n_work_activities_measured,853.0,21.0,832.0,1323
age_10-17,nonhome_acts_per_mobile,2.0946403514123606,1.740651841,0.35398851041236057,1323
age_10-17,participation_education,0.9071960007600894,0.9026383171,0.4557683660089462,1323
age_10-17,participation_escort,0.04466987268501601,0.02982682889,1.4843043795016009,1323
age_10-17,participation_home,0.9583558680367766,0.9384317685,1.9924099536776652,1323
age_10-17,participation_leisure,0.44912516626956867,0.3763842778,7.274088846956866,1323
age_10-17,participation_other,0.16504173183459284,0.07204194449,9.299978734459284,1323
age_10-17,participation_shop,0.04696475815999883,0.08449123452,-3.752647636000117,1323
age_10-17,participation_work,0.011664449739084677,0.01476801923,-0.3103569490915323,1323
age_10-17,purpose_share_education,0.3052802091855823,0.3233577547,-1.8077545514417703,1323
age_10-17,purpose_share_escort,0.01402793252449338,0.01089583979,0.3132092734493379,1323
age_10-17,purpose_share_home,0.43537571588914153,0.4602123588,-2.483664291085846,1323
age_10-17,purpose_share_leisure,0.15815548310439956,0.1393511378,1.8804345304399561,1323
age_10-17,purpose_share_other,0.06752073149172179,0.02796532155,3.9555409941721784,1323
age_10-17,purpose_share_shop,0.016132944673538107,0.03276509472,-1.663215004646189,1323
age_10-17,purpose_share_work,0.003506983131123345,0.005452492618,-0.1945509486876655,1323
age_10-17,share_mobile_first_from_home,1.0,0.9975792783,0.24207216999999615,1323
age_10-17,share_mobile_last_to_home,1.0,0.9902675592,0.973244080000002,1323
age_10-17,share_mobile_odd_trip_count,0.2277621865657983,0.09777002982,12.999215674579828,1323
age_10-17,share_trips_0,0.04164413196322336,0.05309399108,-1.1449859116776637,1323
age_10-17,share_trips_1,0.00014617104936196336,0.001945112147,-0.17989410976380366,1323
age_10-17,share_trips_2,0.372692324558198,0.4496037773,-7.6911452741802,1323
age_10-17,share_trips_3,0.06915352345314486,0.04438875229,2.4764771163144865,1323
age_10-17,share_trips_4,0.24606434449592915,0.3404569001,-9.439255560407087,1323
age_10-17,share_trips_5,0.12801660503120751,0.03591247831,9.210412672120752,1323
age_10-17,share_trips_6,0.07881542981597064,0.05807734689,2.0738082925970645,1323
age_10-17,share_trips_7,0.014967915454665049,0.01011624056,0.4851674894665049,1323
age_10-17,share_trips_8plus,0.048499554178299445,0.006405401355,4.209415282329944,1323
age_10-17,share_trips_followed_by_same_purpose,0.09541214246656443,0.02021044301,7.520169945656444,1323
age_10-17,share_trips_home_based,0.8492696183432075,0.9214773335,-7.2207715156792585,1323
age_10-17,share_trips_unknown_purpose,0.0,0.001322599525,-0.1322599525,1323
age_10-17,share_work_activities_lt_2h,0.12192262602579132,0.1578749223,-3.595229627420868,1323
age_10-17,tours_per_mobile,1.6151546580440486,1.480413484,0.1347411740440485,1323
age_10-17,trips_per_mobile_person,3.709795009456409,3.221065325,0.4887296844564091,1323
age_10-17,trips_per_person,3.555303816526099,3.050046111,0.5052577055260992,1323
age_10-17,trips_per_person_education,1.0853638928273865,0.9849516403,0.1004122525273865,1323
age_10-17,trips_per_person_escort,0.0498735620423019,0.03318886009,0.0166847019523019,1323
age_10-17,trips_per_person_home,1.5478929443234473,1.401812423,0.1460805213234473,1323
age_10-17,trips_per_person_leisure,0.5622907926856007,0.424465255,0.13782553768560069,1323
age_10-17,trips_per_person_other,0.24005671436715245,0.08518270843,0.15487400593715245,1323
age_10-17,trips_per_person_shop,0.05735751976963443,0.09980287569,-0.04244535592036557,1323
age_10-17,trips_per_person_work,0.012468390510575475,0.01660835861,-0.004139968099424523,1323
age_18-24,dep_hour_share_all_10,0.030215265696758243,0.02518440939,0.5030856306758245,795
age_18-24,dep_hour_share_all_11,0.044359094216692124,0.05090803158,-0.6548937363307874,795
age_18-24,dep_hour_share_all_12,0.04620959852730699,0.05836505411,-1.2155455582693016,795
age_18-24,dep_hour_share_all_13,0.058127039048532364,0.0792229709,-2.109593185146763,795
age_18-24,dep_hour_share_all_14,0.06296533677732746,0.05888386204,0.40814747373274646,795
age_18-24,dep_hour_share_all_15,0.09821166106856986,0.09764625903,0.056540203856986215,795
age_18-24,dep_hour_share_all_16,0.0881929150743816,0.09096595024,-0.2773035165618401,795
age_18-24,dep_hour_share_all_17,0.0814414657536227,0.07436101291,0.70804528436227,795
age_18-24,dep_hour_share_all_18,0.09083373893432155,0.0671115381,2.372220083432154,795
age_18-24,dep_hour_share_all_19,0.04509640452795274,0.05334741515,-0.8251010622047263,795
age_18-24,dep_hour_share_all_20,0.029906848311655767,0.03905792369,-0.9151075378344236,795
age_18-24,dep_hour_share_all_21,0.030248998848253827,0.03349708147,-0.32480826217461745,795
age_18-24,dep_hour_share_all_22,0.032489843911889006,0.02222615009,1.0263693821889006,795
age_18-24,dep_hour_share_all_23,0.011748774763747465,0.01050622403,0.12425507337474641,795
age_18-24,dep_hour_share_all_4,0.0026022716868021453,0.0007791789303,0.18230927565021454,795
age_18-24,dep_hour_share_all_5,0.019777264819696307,0.00986631329,0.9910951529696307,795
age_18-24,dep_hour_share_all_6,0.05849810371498378,0.04215588232,1.6342221394983785,795
age_18-24,dep_hour_share_all_7,0.08457382982106973,0.1076210018,-2.3047171978930274,795
age_18-24,dep_hour_share_all_8,0.038248574774349314,0.03860352794,-0.035495316565068574,795
age_18-24,dep_hour_share_all_9,0.03556919874127155,0.03518651183,0.03826869112715445,795
age_18-24,dep_hour_share_education_10,0.03253710803106262,0.03490101284,-0.23639048089373824,795
age_18-24,dep_hour_share_education_11,0.142976506438612,0.06986012065,7.311638578861201,795
age_18-24,dep_hour_share_education_12,0.022068219797503195,0.04841063952,-2.6342419722496806,795
age_18-24,dep_hour_share_education_13,0.03504374324191487,0.08040129635,-4.535755310808512,795
age_18-24,dep_hour_share_education_14,0.008011402732723877,0.03089837697,-2.288697423727612,795
age_18-24,dep_hour_share_education_15,0.004964120711687801,0.02820735963,-2.32432389183122,795
age_18-24,dep_hour_share_education_16,0.0030472820210360758,0.02570737329,-2.266009126896392,795
age_18-24,dep_hour_share_education_17,0.0038336773813034504,0.02053196086,-1.669828347869655,795
age_18-24,dep_hour_share_education_18,0.00437432419148727,0.005045877116,-0.067155292451273,795
age_18-24,dep_hour_share_education_19,0.002948982601002654,0.0004466295588,0.2502353042202654,795
age_18-24,dep_hour_share_education_20,0.0001474491300501327,0.002221431637,-0.20739825069498674,795
age_18-24,dep_hour_share_education_21,4.91497100167109e-05,0.0,0.00491497100167109,795
age_18-24,dep_hour_share_education_22,4.91497100167109e-05,0.0,0.00491497100167109,795
age_18-24,dep_hour_share_education_23,0.0,0.0,0.0,795
age_18-24,dep_hour_share_education_4,0.0007372456502506635,0.0,0.07372456502506636,795
age_18-24,dep_hour_share_education_5,0.004521773321537403,0.004640286008,-0.011851268646259714,795
age_18-24,dep_hour_share_education_6,0.21738916740391231,0.068343697,14.90454704039123,795
age_18-24,dep_hour_share_education_7,0.37864936596874077,0.3998014518,-2.1152085831259217,795
age_18-24,dep_hour_share_education_8,0.08719158556964514,0.08356063542,0.36309501496451374,795
age_18-24,dep_hour_share_education_9,0.05145974638749631,0.09702185135,-4.556210496250368,795
age_18-24,dep_hour_share_escort_10,0.027595029239766082,0.01375894695,1.3836082289766083,795
age_18-24,dep_hour_share_escort_11,0.028143274853801168,0.09245729675,-6.431402189619884,795
age_18-24,dep_hour_share_escort_12,0.054276315789473686,0.0,5.427631578947369,795
age_18-24,dep_hour_share_escort_13,0.03654970760233918,0.05387730056,-1.7327592957660822,795
age_18-24,dep_hour_share_escort_14,0.06469298245614036,0.002560722335,6.213226012114036,795
age_18-24,dep_hour_share_escort_15,0.023391812865497075,0.1685697225,-14.517790963450292,795
age_18-24,dep_hour_share_escort_16,0.2138157894736842,0.1200561636,9.37596258736842,795
age_18-24,dep_hour_share_escort_17,0.06816520467836257,0.03481375873,3.335144594836257,795
age_18-24,dep_hour_share_escort_18,0.1876827485380117,0.05679474115,13.08880073880117,795
age_18-24,dep_hour_share_escort_19,0.05025584795321637,0.02043029322,2.9825554733216375,795
age_18-24,dep_hour_share_escort_20,0.00712719298245614,0.02878126346,-2.1654070477543863,795
age_18-24,dep_hour_share_escort_21,0.04367690058479532,0.0503793547,-0.6702454115204676,795
age_18-24,dep_hour_share_escort_22,0.0,0.005435604866,-0.5435604866,795
age_18-24,dep_hour_share_escort_23,0.0,0.0,0.0,795
age_18-24,dep_hour_share_escort_4,0.0,0.0,0.0,795
age_18-24,dep_hour_share_escort_5,0.0003654970760233918,0.0,0.03654970760233918,795
age_18-24,dep_hour_share_escort_6,0.01206140350877193,0.08831266671,-7.625126320122807,795
age_18-24,dep_hour_share_escort_7,0.08790204678362573,0.2202617057,-13.235965891637427,795
age_18-24,dep_hour_share_escort_8,0.04148391812865497,0.0435104588,-0.20265406713450285,795
age_18-24,dep_hour_share_escort_9,0.03490497076023392,0.0,3.490497076023392,795
age_18-24,dep_hour_share_home_10,0.02023937159486248,0.01166516689,0.8574204704862481,795
age_18-24,dep_hour_share_home_11,0.023160405225039933,0.04631435463,-2.3153949404960064,795
age_18-24,dep_hour_share_home_12,0.040489683390587054,0.05628787982,-1.5798196429412943,795
age_18-24,dep_hour_share_home_13,0.08186552305100321,0.09039552002,-0.8529996968996784,795
age_18-24,dep_hour_share_home_14,0.09325427214843665,0.08169424827,1.1560023878436645,795
age_18-24,dep_hour_share_home_15,0.1492899809640505,0.1234329542,2.5857026764050497,795
age_18-24,dep_hour_share_home_16,0.11485022865019802,0.1213479746,-0.6497745949801986,795
age_18-24,dep_hour_share_home_17,0.08694177625101197,0.09271122846,-0.576945220898803,795
age_18-24,dep_hour_share_home_18,0.10586832374242391,0.08376426422,2.210405952242392,795
age_18-24,dep_hour_share_home_19,0.05792836356475505,0.06886305667,-1.0934693105244955,795
age_18-24,dep_hour_share_home_20,0.04750235214318535,0.05846138833,-1.0959036186814652,795
age_18-24,dep_hour_share_home_21,0.04839944861387655,0.05890813052,-1.0508681906123445,795
age_18-24,dep_hour_share_home_22,0.05388048924578255,0.04590416275,0.7976326495782553,795
age_18-24,dep_hour_share_home_23,0.025600070017285516,0.02555811974,0.00419502772855164,795
age_18-24,dep_hour_share_home_4,0.00013128241034505392,0.0,0.013128241034505392,795
age_18-24,dep_hour_share_home_5,0.0005579502439664793,0.0003030322736,0.025491797036647928,795
age_18-24,dep_hour_share_home_6,0.0017613723387961402,0.0002400066681,0.152136567069614,795
age_18-24,dep_hour_share_home_7,0.004715226571559854,0.006598089243,-0.18828626714401464,795
age_18-24,dep_hour_share_home_8,0.007789423013806533,0.006845390063,0.09440329508065334,795
age_18-24,dep_hour_share_home_9,0.015983633459510316,0.01014019989,0.5843433569510316,795
age_18-24,dep_hour_share_leisure_10,0.02666421478484737,0.0354571134,-0.8792898615152627,795
age_18-24,dep_hour_share_leisure_11,0.05115238445506927,0.05252686808,-0.1374483624930728,795
age_18-24,dep_hour_share_leisure_12,0.060776020595807285,0.05265061882,0.8125401775807284,795
age_18-24,dep_hour_share_leisure_13,0.031751869559887215,0.06150753248,-2.975566292011279,795
age_18-24,dep_hour_share_leisure_14,0.047811695476278046,0.04834662628,-0.0534930803721953,795
age_18-24,dep_hour_share_leisure_15,0.07711168321686895,0.1010176195,-2.390593628313105,795
age_18-24,dep_hour_share_leisure_16,0.14622410199828367,0.1084790178,3.774508419828368,795
age_18-24,dep_hour_share_leisure_17,0.13375015324261372,0.1137904161,1.9959737142613718,795
age_18-24,dep_hour_share_leisure_18,0.15483633688856197,0.1352658494,1.9570487488561965,795
age_18-24,dep_hour_share_leisure_19,0.08694985901679539,0.1165758567,-2.9625997683204606,795
age_18-24,dep_hour_share_leisure_20,0.02730783376241265,0.05583868812,-2.853085435758735,795
age_18-24,dep_hour_share_leisure_21,0.017193821257815375,0.03859737112,-2.1403549862184628,795
age_18-24,dep_hour_share_leisure_22,0.04042540149564791,0.01820037088,2.222503061564791,795
age_18-24,dep_hour_share_leisure_23,0.001930856932695844,0.0,0.1930856932695844,795
age_18-24,dep_hour_share_leisure_4,0.0007662130685300968,0.001289111248,-0.052289817946990315,795
age_18-24,dep_hour_share_leisure_5,0.0003984307956356504,0.0,0.03984307956356504,795
age_18-24,dep_hour_share_leisure_6,0.002421233296555106,0.006702918364,-0.42816850674448936,795
age_18-24,dep_hour_share_leisure_7,0.016979281598626945,0.008876328858,0.8102952740626945,795
age_18-24,dep_hour_share_leisure_8,0.03785092558538678,0.01015999501,2.769093057538678,795
age_18-24,dep_hour_share_leisure_9,0.03518450410690205,0.03382672897,0.13577751369020508,795
age_18-24,dep_hour_share_other_10,0.04314813462802074,0.117216012,-7.406787737197925,795
age_18-24,dep_hour_share_other_11,0.06475870628604805,0.07209096089,-0.7332254603951954,795
age_18-24,dep_hour_share_other_12,0.1044754325764766,0.05781988174,4.665555083647659,795
age_18-24,dep_hour_share_other_13,0.06344454990143827,0.118511811,-5.506726109856172,795
age_18-24,dep_hour_share_other_14,0.061181280572388114,0.1039058685,-4.272458792761189,795
age_18-24,dep_hour_share_other_15,0.09710155508505512,0.1426642749,-4.556271981494488,795
age_18-24,dep_hour_share_other_16,0.04124990873913996,0.1481865664,-10.693665766086005,795
age_18-24,dep_hour_share_other_17,0.12783821274731694,0.04089013149,8.694808125731694,795
age_18-24,dep_hour_share_other_18,0.06483171497408191,0.02609496754,3.8736747434081913,795
age_18-24,dep_hour_share_other_19,0.013579615974300942,0.008629403325,0.4950212649300942,795
age_18-24,dep_hour_share_other_20,0.028108344893042272,0.0,2.810834489304227,795
age_18-24,dep_hour_share_other_21,0.04088486529897058,0.0,4.088486529897057,795
age_18-24,dep_hour_share_other_22,0.00569467766664233,0.0,0.569467766664233,795
age_18-24,dep_hour_share_other_23,0.002263269329050157,0.0,0.2263269329050157,795
age_18-24,dep_hour_share_other_4,0.0004380521282032562,0.0,0.04380521282032562,795
age_18-24,dep_hour_share_other_5,0.0013141563846097686,0.0,0.13141563846097687,795
age_18-24,dep_hour_share_other_6,0.04307512593998686,0.008060061011,3.501506492898686,795
age_18-24,dep_hour_share_other_7,0.06264145433306563,0.02260816915,4.003328518306564,795
age_18-24,dep_hour_share_other_8,0.05950208074760897,0.07815482528,-1.865274453239104,795
age_18-24,dep_hour_share_other_9,0.07315470540994379,0.05516706685,1.7987638559943786,795
age_18-24,dep_hour_share_shop_10,0.06886945254292193,0.01897096944,4.989848310292193,795
age_18-24,dep_hour_share_shop_11,0.036734693877551024,0.06281294543,-2.607825155244898,795
age_18-24,dep_hour_share_shop_12,0.05435698088759313,0.09938698379,-4.503000290240687,795
age_18-24,dep_hour_share_shop_13,0.047165532879818596,0.1007398641,-5.357433122018141,795
age_18-24,dep_hour_share_shop_14,0.08059604794298672,0.06651575496,1.4080292982986715,795
age_18-24,dep_hour_share_shop_15,0.1442824748947198,0.1866778874,-4.23954125052802,795
age_18-24,dep_hour_share_shop_16,0.06167800453514739,0.09368439708,-3.20063925448526,795
age_18-24,dep_hour_share_shop_17,0.14752186588921282,0.1038333869,4.368847898921281,795
age_18-24,dep_hour_share_shop_18,0.13035309361839975,0.05401011441,7.634297920839975,795
age_18-24,dep_hour_share_shop_19,0.03323615160349854,0.04229752422,-0.906137261650146,795
age_18-24,dep_hour_share_shop_20,0.004729510851959832,0.03410551903,-2.937600817804017,795
age_18-24,dep_hour_share_shop_21,0.023388402980239715,0.01732718335,0.6061219630239714,795
age_18-24,dep_hour_share_shop_22,0.02662779397473275,0.0,2.662779397473275,795
age_18-24,dep_hour_share_shop_23,6.47878198898607e-05,0.0,0.00647878198898607,795
age_18-24,dep_hour_share_shop_4,0.0001295756397797214,0.0,0.01295756397797214,795
age_18-24,dep_hour_share_shop_5,0.00019436345966958212,0.002847337897,-0.26529744373304176,795
age_18-24,dep_hour_share_shop_6,0.001554907677356657,0.0,0.1554907677356657,795
age_18-24,dep_hour_share_shop_7,0.02364755425979916,0.003504804092,2.0142750167799157,795
age_18-24,dep_hour_share_shop_8,0.04671201814058957,0.05225400101,-0.5541982869410433,795
age_18-24,dep_hour_share_shop_9,0.06731454486556528,0.06103132682,0.6283218045565274,795
age_18-24,dep_hour_share_work_10,0.03796403407298349,0.02259725549,1.536677858298349,795
age_18-24,dep_hour_share_work_11,0.031619167805938236,0.02100725469,1.0611913115938236,795
age_18-24,dep_hour_share_work_12,0.03116345917902338,0.0673294876,-3.6166028420976617,795
age_18-24,dep_hour_share_work_13,0.036211308584849444,0.04425739801,-0.8046089425150553,795
age_18-24,dep_hour_share_work_14,0.013425877239106812,0.02296553244,-0.9539655200893187,795
age_18-24,dep_hour_share_work_15,0.01514354821747818,0.01421659067,0.092695754747818,795
age_18-24,dep_hour_share_work_16,0.009920426262838714,0.02749113726,-1.7570710997161287,795
age_18-24,dep_hour_share_work_17,0.0038559960738949067,0.01921930609,-1.5363310016105092,795
age_18-24,dep_hour_share_work_18,0.0036456690153188207,0.008101323702,-0.44556546866811797,795
age_18-24,dep_hour_share_work_19,0.006730465874434746,0.0,0.6730465874434746,795
age_18-24,dep_hour_share_work_20,0.016580783117748098,0.01068788997,0.5892893147748098,795
age_18-24,dep_hour_share_work_21,0.004592140778911207,0.002276105451,0.2316035327911207,795
age_18-24,dep_hour_share_work_22,0.00028043607810144774,0.0,0.028043607810144772,795
age_18-24,dep_hour_share_work_23,0.0001051635292880429,0.0,0.01051635292880429,795
age_18-24,dep_hour_share_work_4,0.016826164686086865,0.004549769724,1.2276394962086865,795
age_18-24,dep_hour_share_work_5,0.1375889508185228,0.07302180838,6.4567142438522795,795
age_18-24,dep_hour_share_work_6,0.23823044834717985,0.2369148277,0.13156206471798548,795
age_18-24,dep_hour_share_work_7,0.25088512637150767,0.293810017,-4.2924890628492305,795
age_18-24,dep_hour_share_work_8,0.08598871244785641,0.1096593637,-2.3670651252143586,795
age_18-24,dep_hour_share_work_9,0.05233638307568269,0.02189493214,3.044145093568269,795
age_18-24,mean_work_activity_h,6.496658603846782,6.812952307,-0.31629370315321736,795
age_18-24,mobility_rate,0.8956491701863745,0.8422874648,5.336170538637441,795
age_18-24,n_persons_unweighted,63689.0,795.0,62894.0,795
age_18-24,n_persons_weighted,63689.0,46656.78931,17032.21069,795
age_18-24,n_work_activities_measured,28526.0,309.0,28217.0,795
age_18-24,nonhome_acts_per_mobile,2.0353943516294724,2.084417489,-0.049023137370527436,795
age_18-24,participation_education,0.25525600967199985,0.3733286283,-11.807261862800017,795
age_18-24,participation_escort,0.06804942768766976,0.03142013102,3.6629296667669764,795
age_18-24,participation_home,0.8956491701863745,0.8287033025,6.6945867686374445,795
age_18-24,participation_leisure,0.3809763067405674,0.4125430028,-3.1566696059432573,795
age_18-24,participation_other,0.18714377679034055,0.08926440302,9.787937377034057,795
age_18-24,participation_shop,0.2255177503179513,0.1988439763,2.667377401795129,795
age_18-24,participation_work,0.3888269559892603,0.320543904,6.828305198926032,795
age_18-24,purpose_share_education,0.09804781433273417,0.159334404,-6.128658966726584,795
age_18-24,purpose_share_escort,0.02636968642626174,0.01309209486,1.3277591566261742,795
age_18-24,purpose_share_home,0.4404874922293276,0.4153081079,2.517938432932759,795
age_18-24,purpose_share_leisure,0.1572350381425563,0.1797186293,-2.2483591157443694,795
age_18-24,purpose_share_other,0.0660061394335722,0.03396281963,3.2043319803572197,795
age_18-24,purpose_share_shop,0.07438159904776133,0.07914112503,-0.4759525982238666,795
age_18-24,purpose_share_work,0.13747223038778666,0.1194428193,1.8029411087786662,795
age_18-24,share_mobile_first_from_home,1.0,0.9406851375,5.931486249999995,795
age_18-24,share_mobile_last_to_home,1.0,0.9660975119,3.390248809999996,795
age_18-24,share_mobile_odd_trip_count,0.34628262889399225,0.2136054659,13.267716299399224,795
age_18-24,share_trips_0,0.10435082981362559,0.1577125352,-5.336170538637441,795
age_18-24,share_trips_1,0.002119675297147074,0.006717326583,-0.4597651285852926,795
age_18-24,share_trips_2,0.3125814504859552,0.3363317866,-2.375033611404481,795
age_18-24,share_trips_3,0.13842264755295264,0.07961623732,5.880641023295263,795
age_18-24,share_trips_4,0.1894361663709589,0.2347681378,-4.533197142904111,795
age_18-24,share_trips_5,0.12705490744084535,0.06097389183,6.608101561084536,795
age_18-24,share_trips_6,0.0797939989637143,0.07762937783,0.2164621133714295,795
age_18-24,share_trips_7,0.034731272276217244,0.02046270949,1.4268562786217243,795
age_18-24,share_trips_8plus,0.011509051798583744,0.02578799736,-1.4278945561416254,795
age_18-24,share_trips_followed_by_same_purpose,0.09450101440405569,0.04177658799,5.2724426414055685,795
age_18-24,share_trips_home_based,0.843921527051578,0.8218979499,2.202357715157799,795
age_18-24,share_trips_unknown_purpose,0.0,0.001902570424,-0.1902570424,795
age_18-24,share_work_activities_lt_2h,0.14435953165533197,0.0748682609,6.949127075533197,795
age_18-24,tours_per_mobile,1.602405203092404,1.475755717,0.12664948609240412,795
age_18-24,trips_per_mobile_person,3.6377995547218767,3.560173206,0.07762634872187668,795
age_18-24,trips_per_person,3.258192152491011,2.998689264,0.25950288849101133,795
age_18-24,trips_per_person_education,0.31945861922781016,0.4768853292,-0.15742670997218983,795
age_18-24,trips_per_person_escort,0.08591750537769474,0.03918443106,0.046733074317694745,795
age_18-24,trips_per_person_home,1.4351928904520403,1.243010541,0.19218234945204027,795
age_18-24,trips_per_person_leisure,0.5123019673727017,0.5378949904,-0.025593023027298267,795
age_18-24,trips_per_person_other,0.2150606855186924,0.1016501773,0.11341050821869239,795
age_18-24,trips_per_person_shop,0.2423495423071488,0.2368681246,0.0054814177071488,795
age_18-24,trips_per_person_work,0.44791094223492284,0.3574904525,0.09042048973492284,795
age_25-44,dep_hour_share_all_10,0.03376487731368021,0.02935278429,0.4412093023680213,3832
age_25-44,dep_hour_share_all_11,0.04162605152194767,0.03903459805,0.2591453471947669,3832
age_25-44,dep_hour_share_all_12,0.05863738909437724,0.05083562843,0.7801760664377239,3832
age_25-44,dep_hour_share_all_13,0.05755087634666174,0.05847497675,-0.09241004033382558,3832
age_25-44,dep_hour_share_all_14,0.06935646801481286,0.07454956686,-0.5193098845187136,3832
age_25-44,dep_hour_share_all_15,0.08473139789490922,0.08547313505,-0.07417371550907798,3832
age_25-44,dep_hour_share_all_16,0.09516612470112601,0.1027285578,-0.7562433098873986,3832
age_25-44,dep_hour_share_all_17,0.08131695966736335,0.09686879024,-1.555183057263665,3832
age_25-44,dep_hour_share_all_18,0.06346694932225724,0.06613640102,-0.26694516977427557,3832
age_25-44,dep_hour_share_all_19,0.04551514755883157,0.04156726866,0.3947878898831574,3832
age_25-44,dep_hour_share_all_20,0.03125328470949061,0.03107559391,0.01776907994906103,3832
age_25-44,dep_hour_share_all_21,0.02124674571729204,0.01904776471,0.21989810072920377,3832
age_25-44,dep_hour_share_all_22,0.01749705966636756,0.01723390815,0.02631515163675595,3832
age_25-44,dep_hour_share_all_23,0.009342681916201322,0.003892511866,0.5450170050201322,3832
age_25-44,dep_hour_share_all_4,0.005095103058278906,0.003105880327,0.1989222731278906,3832
age_25-44,dep_hour_share_all_5,0.0255319431428543,0.02100437761,0.45275655328542996,3832
age_25-44,dep_hour_share_all_6,0.05886752621405629,0.03752643822,2.134108799405629,3832
age_25-44,dep_hour_share_all_7,0.0844459393522304,0.110174645,-2.5728705647769607,3832
age_25-44,dep_hour_share_all_8,0.06060572532470909,0.07897970077,-1.8373975445290902,3832
age_25-44,dep_hour_share_all_9,0.04044659878359255,0.03065365709,0.9792941693592551,3832
age_25-44,dep_hour_share_education_10,0.03378025422253178,0.02641891161,0.7361342612531778,3832
age_25-44,dep_hour_share_education_11,0.04466306808288351,0.02744738155,1.7215686532883512,3832
age_25-44,dep_hour_share_education_12,0.09115444889430611,0.0269026847,6.425176419430612,3832
age_25-44,dep_hour_share_education_13,0.05389169423646178,0.08153439236,-2.764269812353822,3832
age_25-44,dep_hour_share_education_14,0.03726275465784433,0.1084028729,-7.114011824215567,3832
age_25-44,dep_hour_share_education_15,0.042573567821695975,0.06961964452,-2.704607669830402,3832
age_25-44,dep_hour_share_education_16,0.020633815079226885,0.06204862759,-4.141481251077312,3832
age_25-44,dep_hour_share_education_17,0.003917812989726624,0.0367147792,-3.279696621027337,3832
age_25-44,dep_hour_share_education_18,0.02211387776423472,0.01074641341,1.136746435423472,3832
age_25-44,dep_hour_share_education_19,0.0,0.01173627202,-1.173627202,3832
age_25-44,dep_hour_share_education_20,0.0,0.0,0.0,3832
age_25-44,dep_hour_share_education_21,0.0,0.008324041908,-0.8324041908,3832
age_25-44,dep_hour_share_education_22,0.0,0.0,0.0,3832
age_25-44,dep_hour_share_education_23,0.0,0.0,0.0,3832
age_25-44,dep_hour_share_education_4,0.0034825004353125546,0.0,0.34825004353125544,3832
age_25-44,dep_hour_share_education_5,0.008183876022984503,0.0,0.8183876022984503,3832
age_25-44,dep_hour_share_education_6,0.07261013407626676,0.02785585686,4.4754277216266765,3832
age_25-44,dep_hour_share_education_7,0.42834755354344417,0.2431989634,18.514859014344417,3832
age_25-44,dep_hour_share_education_8,0.11518370189796273,0.1696731779,-5.448947600203727,3832
age_25-44,dep_hour_share_education_9,0.022026815253351907,0.08937598006,-6.734916480664809,3832
age_25-44,dep_hour_share_escort_10,0.009937309259287099,0.007296551807,0.2640757452287099,3832
age_25-44,dep_hour_share_escort_11,0.02367815746350557,0.02120520619,0.24729512735055698,3832
age_25-44,dep_hour_share_escort_12,0.07083903363050047,0.04721467212,2.3624361510500465,3832
age_25-44,dep_hour_share_escort_13,0.08139272667137724,0.09357296788,-1.2180241208622753,3832
age_25-44,dep_hour_share_escort_14,0.16827277237397958,0.130670501,3.760227137397959,3832
age_25-44,dep_hour_share_escort_15,0.12667438399206218,0.1267819293,-0.010754530793782857,3832
age_25-44,dep_hour_share_escort_16,0.06544191710389825,0.05071967507,1.4722242033898256,3832
age_25-44,dep_hour_share_escort_17,0.035058706796758723,0.05279784819,-1.773914139324128,3832
age_25-44,dep_hour_share_escort_18,0.035990799344528465,0.01817284159,1.7817957754528466,3832
age_25-44,dep_hour_share_escort_19,0.01595080956747899,0.007804126756,0.814668281147899,3832
age_25-44,dep_hour_share_escort_20,0.004359787723439121,0.0003713339033,0.3988453820139121,3832
age_25-44,dep_hour_share_escort_21,0.005276846520438384,0.002670445741,0.2606400779438384,3832
age_25-44,dep_hour_share_escort_22,0.0016386788339822903,0.02141109736,-1.9772418526017708,3832
age_25-44,dep_hour_share_escort_23,0.0009020250462287836,0.0,0.09020250462287836,3832
age_25-44,dep_hour_share_escort_4,0.0024655351263586753,0.0,0.24655351263586753,3832
age_25-44,dep_hour_share_escort_5,0.0027211088894568305,0.0005714581752,0.21496507142568308,3832
age_25-44,dep_hour_share_escort_6,0.05389599651216982,0.01192044468,4.1975551832169815,3832
age_25-44,dep_hour_share_escort_7,0.17369995640212277,0.2583130331,-8.461307669787722,3832
age_25-44,dep_hour_share_escort_8,0.09874167506051085,0.1347702211,-3.6028546039489155,3832
age_25-44,dep_hour_share_escort_9,0.019198099733902612,0.009764125762,0.9433973971902612,3832
age_25-44,dep_hour_share_home_10,0.020097001010771463,0.0257201201,-0.5623119089228537,3832
age_25-44,dep_hour_share_home_11,0.04418200496297051,0.0382674508,0.5914554162970515,3832
age_25-44,dep_hour_share_home_12,0.06971018125032706,0.0410214586,2.868872265032706,3832
age_25-44,dep_hour_share_home_13,0.059048883331634945,0.06200003835,-0.29511550183650564,3832
age_25-44,dep_hour_share_home_14,0.07101289215591769,0.08132017858,-1.030728642408231,3832
age_25-44,dep_hour_share_home_15,0.1055746662663975,0.1010822646,0.44924016663974997,3832
age_25-44,dep_hour_share_home_16,0.1230331957178543,0.1384557829,-1.5422587182145688,3832
age_25-44,dep_hour_share_home_17,0.1109259713183269,0.1331026752,-2.217670388167309,3832
age_25-44,dep_hour_share_home_18,0.08574206324069306,0.09261052467,-0.6868461429306943,3832
age_25-44,dep_hour_share_home_19,0.06424871037128638,0.05089554471,1.335316566128638,3832
age_25-44,dep_hour_share_home_20,0.05830250985295616,0.05684347064,0.1459039212956162,3832
age_25-44,dep_hour_share_home_21,0.04009760692282058,0.03274124022,0.7356366702820576,3832
age_25-44,dep_hour_share_home_22,0.03770976262018403,0.02815653928,0.9553223340184029,3832
age_25-44,dep_hour_share_home_23,0.019890440084937854,0.00754118837,1.2349251714937854,3832
age_25-44,dep_hour_share_home_4,3.855803948894073e-05,0.0002017456656,-0.01631876261110593,3832
age_25-44,dep_hour_share_home_5,0.000928147093412359,0.005221632523,-0.429348542958764,3832
age_25-44,dep_hour_share_home_6,0.002464960381614425,0.006611835438,-0.41468750563855744,3832
age_25-44,dep_hour_share_home_7,0.01568210548928775,0.03017629035,-1.449418486071225,3832
age_25-44,dep_hour_share_home_8,0.023726965014087456,0.04812328746,-2.439632244591254,3832
age_25-44,dep_hour_share_home_9,0.022534419935608074,0.01763454772,0.48998722156080726,3832
age_25-44,dep_hour_share_leisure_10,0.03886529748843671,0.02700385503,1.1861442458436708,3832
age_25-44,dep_hour_share_leisure_11,0.03530553933098647,0.037845402,-0.2539862669013529,3832
age_25-44,dep_hour_share_leisure_12,0.057303423997979386,0.0632204461,-0.5917022102020608,3832
age_25-44,dep_hour_share_leisure_13,0.05474608110881336,0.03932223107,1.5423850038813365,3832
age_25-44,dep_hour_share_leisure_14,0.06589893759767629,0.0600168606,0.5882076997676289,3832
age_25-44,dep_hour_share_leisure_15,0.07970385337900769,0.08739013564,-0.7686282260992314,3832
age_25-44,dep_hour_share_leisure_16,0.13834909309043839,0.1438486555,-0.549956240956162,3832
age_25-44,dep_hour_share_leisure_17,0.13519187964702353,0.1477244444,-1.2532564752976456,3832
age_25-44,dep_hour_share_leisure_18,0.11401487047531848,0.117110796,-0.309592552468152,3832
age_25-44,dep_hour_share_leisure_19,0.08746270541619966,0.1128861458,-2.542344038380034,3832
age_25-44,dep_hour_share_leisure_20,0.03185628364405576,0.03746674649,-0.5610462845944242,3832
age_25-44,dep_hour_share_leisure_21,0.020214059071463526,0.01625238859,0.39616704814635256,3832
age_25-44,dep_hour_share_leisure_22,0.009771575607368936,0.01404944481,-0.4277869202631065,3832
age_25-44,dep_hour_share_leisure_23,0.0022100494103903896,0.002662663419,-0.045261400860961046,3832
age_25-44,dep_hour_share_leisure_4,4.735820165122263e-05,0.002551764697,-0.25044064953487777,3832
age_25-44,dep_hour_share_leisure_5,0.0061092080130077196,0.008189518441,-0.20803104279922807,3832
age_25-44,dep_hour_share_leisure_6,0.017775111686425562,0.01320803356,0.45670781264255617,3832
age_25-44,dep_hour_share_leisure_7,0.02049820828137086,0.01732781009,0.3170398191370861,3832
age_25-44,dep_hour_share_leisure_8,0.03727879773312075,0.02546712609,1.1811671643120747,3832
age_25-44,dep_hour_share_leisure_9,0.04293020979683331,0.02589343178,1.7036778016833312,3832
age_25-44,dep_hour_share_other_10,0.0724206227164807,0.05412017233,1.8300450386480698,3832
age_25-44,dep_hour_share_other_11,0.0660605986049773,0.0789802017,-1.29196030950227,3832
age_25-44,dep_hour_share_other_12,0.055862416809162374,0.05983446371,-0.3972046900837627,3832
age_25-44,dep_hour_share_other_13,0.07724292339676955,0.04273636165,3.4506561746769555,3832
age_25-44,dep_hour_share_other_14,0.10424534684889715,0.1265055826,-2.226023575110285,3832
age_25-44,dep_hour_share_other_15,0.10276913235493117,0.1352309765,-3.246184414506882,3832
age_25-44,dep_hour_share_other_16,0.09431780437697597,0.1316381246,-3.732032022302402,3832
age_25-44,dep_hour_share_other_17,0.07651711793723628,0.04966564691,2.6851471027236284,3832
age_25-44,dep_hour_share_other_18,0.055640984635067475,0.03138908936,2.4251895275067477,3832
age_25-44,dep_hour_share_other_19,0.04741108883120718,0.006066265421,4.134482341020718,3832
age_25-44,dep_hour_share_other_20,0.023262680067413794,0.004669368886,1.8593311181413794,3832
age_25-44,dep_hour_share_other_21,0.00916483165003875,0.01009070344,-0.09258717899612492,3832
age_25-44,dep_hour_share_other_22,0.006027875850361058,0.009226448133,-0.3198572282638942,3832
age_25-44,dep_hour_share_other_23,0.008598949427351794,0.0,0.8598949427351794,3832
age_25-44,dep_hour_share_other_4,0.00014762144939659732,0.0,0.014762144939659732,3832
age_25-44,dep_hour_share_other_5,0.0020667002915523624,0.002621566313,-0.05548660214476377,3832
age_25-44,dep_hour_share_other_6,0.013298232233143475,0.01949225706,-0.6194024826856526,3832
age_25-44,dep_hour_share_other_7,0.052811573521632696,0.04723864121,0.5572932311632695,3832
age_25-44,dep_hour_share_other_8,0.05763387420192154,0.09630056464,-3.8666690438078466,3832
age_25-44,dep_hour_share_other_9,0.06866857754431718,0.09419356547,-2.552498792568282,3832
age_25-44,dep_hour_share_shop_10,0.08958233476025983,0.06803486304,2.1547471720259823,3832
age_25-44,dep_hour_share_shop_11,0.08464043105300563,0.06635659884,1.8283832213005626,3832
age_25-44,dep_hour_share_shop_12,0.0638315455431962,0.07726087357,-1.34293280268038,3832
age_25-44,dep_hour_share_shop_13,0.050245442374758274,0.04675210802,0.3493334354758272,3832
age_25-44,dep_hour_share_shop_14,0.08563211741566534,0.08259293623,0.3039181185665346,3832
age_25-44,dep_hour_share_shop_15,0.10206105482372775,0.0909313898,1.1129665023727753,3832
age_25-44,dep_hour_share_shop_16,0.13992694577128406,0.1393931915,0.05337542712840482,3832
age_25-44,dep_hour_share_shop_17,0.09882154603903939,0.1325312315,-3.370968546096062,3832
age_25-44,dep_hour_share_shop_18,0.062029981984364414,0.0866208823,-2.4590900315635578,3832
age_25-44,dep_hour_share_shop_19,0.023800472703832867,0.03743184982,-1.3631377116167136,3832
age_25-44,dep_hour_share_shop_20,0.006098871130357173,0.01958655162,-1.3487680489642828,3832
age_25-44,dep_hour_share_shop_21,0.002082541361585376,0.01126433868,-0.9181797318414623,3832
age_25-44,dep_hour_share_shop_22,0.0008925177263937325,0.002536911833,-0.16443941066062673,3832
age_25-44,dep_hour_share_shop_23,0.0007437647719947771,0.0,0.07437647719947771,3832
age_25-44,dep_hour_share_shop_4,0.00029750590879791083,0.0,0.029750590879791084,3832
age_25-44,dep_hour_share_shop_5,0.00023139348462059733,0.0001243325662,0.010706091842059732,3832
age_25-44,dep_hour_share_shop_6,0.008016131431499264,0.003842382528,0.4173748903499265,3832
age_25-44,dep_hour_share_shop_7,0.03406442655736079,0.03503773812,-0.09733115626392105,3832
age_25-44,dep_hour_share_shop_8,0.04550187594003603,0.04984367514,-0.43417991999639693,3832
age_25-44,dep_hour_share_shop_9,0.09551592483017371,0.04985814484,4.565777999017371,3832
age_25-44,dep_hour_share_work_10,0.030582141882603702,0.02775671931,0.2825422572603702,3832
age_25-44,dep_hour_share_work_11,0.023312447549567267,0.03089445661,-0.7582009060432733,3832
age_25-44,dep_hour_share_work_12,0.03225025871256391,0.05180966087,-1.9559402157436097,3832
age_25-44,dep_hour_share_work_13,0.04266569188234628,0.05380842665,-1.114273476765372,3832
age_25-44,dep_hour_share_work_14,0.016866514614042042,0.0228067842,-0.5940269585957957,3832
age_25-44,dep_hour_share_work_15,0.02422888210429849,0.01733496191,0.6893920194298492,3832
age_25-44,dep_hour_share_work_16,0.015903743480700814,0.008581947131,0.7321796349700813,3832
age_25-44,dep_hour_share_work_17,0.007799990732684278,0.008768448911,-0.09684581783157209,3832
age_25-44,dep_hour_share_work_18,0.0044328660203572035,0.003612725887,0.08201401333572034,3832
age_25-44,dep_hour_share_work_19,0.0019203937579480104,0.00134504902,0.05753447379480104,3832
age_25-44,dep_hour_share_work_20,0.0025330662973469735,0.003590311475,-0.10572451776530264,3832
age_25-44,dep_hour_share_work_21,0.0044328660203572035,0.008217950353,-0.37850843326427974,3832
age_25-44,dep_hour_share_work_22,0.0011893055176568107,0.0003123685422,0.08769369754568107,3832
age_25-44,dep_hour_share_work_23,0.0007104942053534194,0.002312288664,-0.16017944586465804,3832
age_25-44,dep_hour_share_work_4,0.02240116150357049,0.01340819879,0.8992962713570489,3832
age_25-44,dep_hour_share_work_5,0.11073412586044452,0.08837114296,2.236298290044453,3832
age_25-44,dep_hour_share_work_6,0.22691022545319747,0.1519441065,7.496611895319746,3832
age_25-44,dep_hour_share_work_7,0.23273318883185484,0.3004886393,-6.775545046814519,3832
age_25-44,dep_hour_share_work_8,0.13442241454762627,0.1545272577,-2.0104843152373735,3832
age_25-44,dep_hour_share_work_9,0.05171162172876626,0.0457817992,0.5929822528766261,3832
age_25-44,mean_work_activity_h,5.644223065461613,6.30967192,-0.6654488545383872,3832
age_25-44,mobility_rate,0.9267177336153567,0.920754859,0.5962874615356717,3832
age_25-44,n_persons_unweighted,251043.0,3832.0,247211.0,3832
age_25-44,n_persons_weighted,251043.0,190642.5959,60400.404100000014,3832
age_25-44,n_work_activities_measured,193961.0,2600.0,191361.0,3832
age_25-44,nonhome_acts_per_mobile,2.3242179104734233,2.338478239,-0.014260328526576771,3832
age_25-44,participation_education,0.038527264253534255,0.04002740729,-0.15001430364657425,3832
age_25-44,participation_escort,0.16674035922132863,0.2243003071,-5.755994787867139,3832
age_25-44,participation_home,0.9267177336153567,0.9084621916,1.825554201535673,3832
age_25-44,participation_leisure,0.3715060766482236,0.3689855911,0.25204855482235944,3832
age_25-44,participation_other,0.22925952924399406,0.1328135838,9.644594544399407,3832
age_25-44,participation_shop,0.20809980760268162,0.2654436735,-5.734386589731836,3832
age_25-44,participation_work,0.6001481817855905,0.5987647004,0.13834813855905237,3832
age_25-44,purpose_share_education,0.012708437291507387,0.01234228039,0.036615690150738726,3832
age_25-44,purpose_share_escort,0.0735963018735153,0.1066532473,-3.30569454264847,3832
age_25-44,purpose_share_home,0.4017320031112768,0.4085153751,-0.6783371988723197,3832
age_25-44,purpose_share_leisure,0.14017784731065966,0.1418072416,-0.16293942893403357,3832
age_25-44,purpose_share_other,0.08994046308456764,0.04337982444,4.6560638644567645,3832
age_25-44,purpose_share_shop,0.06694224111510286,0.08947511376,-2.2532872644897144,3832
age_25-44,purpose_share_work,0.2149027062133703,0.1978269174,1.7075788813370296,3832
age_25-44,share_mobile_first_from_home,1.0,0.9727469658,2.7253034200000026,3832
age_25-44,share_mobile_last_to_home,1.0,0.9661972261,3.380277389999997,3832
age_25-44,share_mobile_odd_trip_count,0.28948273342331265,0.2489258215,4.055691192331265,3832
age_25-44,share_trips_0,0.07328226638464327,0.07924514101,-0.5962874625356731,3832
age_25-44,share_trips_1,0.00031867050664627177,0.006506699484,-0.6188028977353728,3832
age_25-44,share_trips_2,0.31640794604908323,0.3151561223,0.1251823749083225,3832
age_25-44,share_trips_3,0.12692646279721004,0.09505400644,3.1872456357210033,3832
age_25-44,share_trips_4,0.2229299363057325,0.2380122236,-1.50822872942675,3832
age_25-44,share_trips_5,0.08653099269846201,0.07517083441,1.1360158288462014,3832
age_25-44,share_trips_6,0.07420242747258438,0.08962748114,-1.5425053667415631,3832
age_25-44,share_trips_7,0.04026800189608951,0.03344520847,0.6822793426089512,3832
age_25-44,share_trips_8plus,0.059133295889548805,0.06778228307,-0.86489871804512,3832
age_25-44,share_trips_followed_by_same_purpose,0.11054879958044232,0.05382549989,5.672329969044232,3832
age_25-44,share_trips_home_based,0.7831721082662376,0.8176476408,-3.4475532533762343,3832
age_25-44,share_trips_unknown_purpose,0.0,0.001274407943,-0.12744079430000002,3832
age_25-44,share_work_activities_lt_2h,0.2187140713854847,0.1059530374,11.27610339854847,3832
age_25-44,tours_per_mobile,1.5606930701580943,1.611618956,-0.050925885841905716,3832
age_25-44,trips_per_mobile_person,3.8849109806315174,3.950097195,-0.06518621436848271,3832
age_25-44,trips_per_person,3.6002158992682527,3.637071186,-0.036855286731747317,3832
age_25-44,trips_per_person_education,0.045753117991738465,0.04483254452,0.0009205734717384617,3832
age_25-44,trips_per_person_escort,0.2649625761323757,0.387411103,-0.12244852686762425,3832
age_25-44,trips_per_person_home,1.446321944846102,1.483905985,-0.037584040153898046,3832
age_25-44,trips_per_person_leisure,0.5046705146130345,0.5151057397,-0.010435225086965483,3832
age_25-44,trips_per_person_other,0.3238050851846098,0.1575744392,0.16623064598460982,3832
age_25-44,trips_per_person_shop,0.24100652079524226,0.3250126309,-0.08400611010475773,3832
age_25-44,trips_per_person_work,0.7736961397051502,0.7185936311,0.0551025086051502,3832
age_45-64,dep_hour_share_all_10,0.041614655477885516,0.04680343587,-0.5188780392114484,5383
age_45-64,dep_hour_share_all_11,0.04901265985890539,0.04934325941,-0.03305995510946083,5383
age_45-64,dep_hour_share_all_12,0.05801025996198821,0.06233942474,-0.43291647780117903,5383
age_45-64,dep_hour_share_all_13,0.06285837386850497,0.06205620181,0.08021720585049685,5383
age_45-64,dep_hour_share_all_14,0.06976411751441548,0.06321266472,0.6551452794415478,5383
age_45-64,dep_hour_share_all_15,0.07899023129207873,0.0843216828,-0.5331451507921275,5383
age_45-64,dep_hour_share_all_16,0.08874685919530974,0.09614078578,-0.7393926584690264,5383
age_45-64,dep_hour_share_all_17,0.0841936990625906,0.09083277066,-0.6639071597409409,5383
age_45-64,dep_hour_share_all_18,0.06391638211513062,0.07157503018,-0.7658648064869378,5383
age_45-64,dep_hour_share_all_19,0.044480639757755375,0.04848706328,-0.40064235222446243,5383
age_45-64,dep_hour_share_all_20,0.03743295589988081,0.02725067037,1.0182285529880812,5383
age_45-64,dep_hour_share_all_21,0.023233901362626035,0.02017086581,0.3063035552626034,5383
age_45-64,dep_hour_share_all_22,0.01518055600296363,0.01174013787,0.344041813296363,5383
age_45-64,dep_hour_share_all_23,0.009342887285378345,0.00469285664,0.4650030645378346,5383
age_45-64,dep_hour_share_all_4,0.00773926489063557,0.00499284714,0.27464177506355697,5383
age_45-64,dep_hour_share_all_5,0.02196952614115904,0.01948566076,0.248386538115904,5383
age_45-64,dep_hour_share_all_6,0.0484207389749702,0.05240261375,-0.39818747750298006,5383
age_45-64,dep_hour_share_all_7,0.07840636375350321,0.0849579084,-0.6551544646496793,5383
age_45-64,dep_hour_share_all_8,0.057254252166349905,0.05597711829,0.1277133876349902,5383
age_45-64,dep_hour_share_all_9,0.045664481525625744,0.0407157239,0.4948757625625744,5383
age_45-64,dep_hour_share_education_10,0.012845092024539878,0.0180264043,-0.5181312275460123,5383
age_45-64,dep_hour_share_education_11,0.031729294478527605,0.0,3.1729294478527605,5383
age_45-64,dep_hour_share_education_12,0.06125383435582822,0.01280254679,4.845128756582822,5383
age_45-64,dep_hour_share_education_13,0.047354294478527605,0.06836111697,-2.1006822491472392,5383
age_45-64,dep_hour_share_education_14,0.03067484662576687,0.01214647967,1.8528366955766873,5383
age_45-64,dep_hour_share_education_15,0.04965490797546012,0.08074472984,-3.108982186453988,5383
age_45-64,dep_hour_share_education_16,0.014474693251533742,0.0695055698,-5.503087654846626,5383
age_45-64,dep_hour_share_education_17,0.009394171779141104,0.2210425892,-21.16484174208589,5383
age_45-64,dep_hour_share_education_18,0.012845092024539878,0.07639481756,-6.354972553546013,5383
age_45-64,dep_hour_share_education_19,0.0071894171779141106,0.05714022957,-4.995081239208589,5383
age_45-64,dep_hour_share_education_20,0.005751533742331288,0.007588080157,-0.18365464146687122,5383
age_45-64,dep_hour_share_education_21,0.004026073619631902,0.0,0.4026073619631902,5383
age_45-64,dep_hour_share_education_22,0.0021088957055214724,0.0,0.21088957055214724,5383
age_45-64,dep_hour_share_education_23,0.0015337423312883436,0.0,0.15337423312883436,5383
age_45-64,dep_hour_share_education_4,0.0015337423312883436,0.0,0.15337423312883436,5383
age_45-64,dep_hour_share_education_5,0.0010544478527607362,0.0,0.10544478527607362,5383
age_45-64,dep_hour_share_education_6,0.1804064417177914,0.01219940897,16.82070327477914,5383
age_45-64,dep_hour_share_education_7,0.29514953987730064,0.1660867436,12.906279627730063,5383
age_45-64,dep_hour_share_education_8,0.14695168711656442,0.1450687591,0.18829280165644224,5383
age_45-64,dep_hour_share_education_9,0.08176763803680982,0.05289252447,2.887511356680982,5383
age_45-64,dep_hour_share_escort_10,0.019362885822328695,0.03040798242,-1.1045096597671304,5383
age_45-64,dep_hour_share_escort_11,0.044586113365934786,0.01626646173,2.8319651635934786,5383
age_45-64,dep_hour_share_escort_12,0.04999109069670752,0.04870046625,0.12906244467075223,5383
age_45-64,dep_hour_share_escort_13,0.06664158862776931,0.05631628287,1.0325305757769312,5383
age_45-64,dep_hour_share_escort_14,0.11776119107485794,0.09469003003,2.3071161044857944,5383
age_45-64,dep_hour_share_escort_15,0.12888792096458057,0.1349615955,-0.6073674535419432,5383
age_45-64,dep_hour_share_escort_16,0.08754875368746164,0.07123830026,1.6310453427461638,5383
age_45-64,dep_hour_share_escort_17,0.07592706250371221,0.06292308799,1.3003974513712213,5383
age_45-64,dep_hour_share_escort_18,0.03496406581005365,0.07691119255,-4.194712673994634,5383
age_45-64,dep_hour_share_escort_19,0.018432358589558297,0.05486997196,-3.64376133704417,5383
age_45-64,dep_hour_share_escort_20,0.014967629531370647,0.0160042763,-0.10366467686293515,5383
age_45-64,dep_hour_share_escort_21,0.005424775782533806,0.009413006713,-0.3988230930466195,5383
age_45-64,dep_hour_share_escort_22,0.004197271773347324,0.003357792542,0.08394792313473243,5383
age_45-64,dep_hour_share_escort_23,0.003009364667682987,0.0,0.3009364667682987,5383
age_45-64,dep_hour_share_escort_4,0.0003959690352214457,0.002366420474,-0.1970451438778554,5383
age_45-64,dep_hour_share_escort_5,0.000970124136292542,0.005212890202,-0.4242766065707458,5383
age_45-64,dep_hour_share_escort_6,0.03809222118830308,0.03188321977,0.6209001418303078,5383
age_45-64,dep_hour_share_escort_7,0.18153200419727178,0.2017532159,-2.022121170272823,5383
age_45-64,dep_hour_share_escort_8,0.07992634975944882,0.0553452899,2.458105985944882,5383
age_45-64,dep_hour_share_escort_9,0.02696549129858045,0.02737851659,-0.04130252914195491,5383
age_45-64,dep_hour_share_home_10,0.030867341344009903,0.03274615955,-0.18788182059900974,5383
age_45-64,dep_hour_share_home_11,0.043799604745972526,0.04995478944,-0.6155184694027476,5383
age_45-64,dep_hour_share_home_12,0.06255833164785839,0.05941128641,0.3147045237858387,5383
age_45-64,dep_hour_share_home_13,0.07685765737665369,0.06880440994,0.8053247436653685,5383
age_45-64,dep_hour_share_home_14,0.0787340174330907,0.07011377843,0.8620239003090711,5383
age_45-64,dep_hour_share_home_15,0.08850571071401592,0.1030260406,-1.4520329885984076,5383
age_45-64,dep_hour_share_home_16,0.11495020335356715,0.1276099237,-1.265972034643284,5383
age_45-64,dep_hour_share_home_17,0.10634087857513604,0.1138892697,-0.7548391124863968,5383
age_45-64,dep_hour_share_home_18,0.08506977866261828,0.09739026656,-1.2320487897381716,5383
age_45-64,dep_hour_share_home_19,0.06558974971306313,0.0660255061,-0.04357563869368808,5383
age_45-64,dep_hour_share_home_20,0.0690939130392403,0.04802909426,2.1064818779240295,5383
age_45-64,dep_hour_share_home_21,0.04458670123717922,0.03746494482,0.7121756417179221,5383
age_45-64,dep_hour_share_home_22,0.030209396908635885,0.02501954222,0.5189854688635885,5383
age_45-64,dep_hour_share_home_23,0.01964817030526185,0.008649559118,1.099861118726185,5383
age_45-64,dep_hour_share_home_4,7.066810602165368e-05,0.001948822672,-0.1878154565978346,5383
age_45-64,dep_hour_share_home_5,0.0009503641844291357,0.002759668717,-0.18093045325708645,5383
age_45-64,dep_hour_share_home_6,0.0025489254792637845,0.01180691711,-0.9257991630736216,5383
age_45-64,dep_hour_share_home_7,0.010614836890700809,0.02017840632,-0.9563569429299192,5383
age_45-64,dep_hour_share_home_8,0.020754491689187048,0.02617171359,-0.5417221900812952,5383
age_45-64,dep_hour_share_home_9,0.025408839361647687,0.02576795501,-0.035911564835231294,5383
age_45-64,dep_hour_share_leisure_10,0.032365264100268576,0.045839606,-1.3474341899731421,5383
age_45-64,dep_hour_share_leisure_11,0.029801253357206806,0.03595036312,-0.6149109762793197,5383
age_45-64,dep_hour_share_leisure_12,0.04244225604297225,0.07327390558,-3.083164953702776,5383
age_45-64,dep_hour_share_leisure_13,0.04300089525514772,0.05364096284,-1.064006758485228,5383
age_45-64,dep_hour_share_leisure_14,0.06322649955237243,0.06770694977,-0.44804502176275657,5383
age_45-64,dep_hour_share_leisure_15,0.0874341987466428,0.08657870366,0.0855495086642788,5383
age_45-64,dep_hour_share_leisure_16,0.1270259623992838,0.1145215037,1.2504458699283794,5383
age_45-64,dep_hour_share_leisure_17,0.1509686660698299,0.1135313025,3.743736356982989,5383
age_45-64,dep_hour_share_leisure_18,0.12070904207699194,0.1250131417,-0.43040996230080536,5383
age_45-64,dep_hour_share_leisure_19,0.06728737690241719,0.09221849853,-2.4931121627582806,5383
age_45-64,dep_hour_share_leisure_20,0.03409847806624888,0.02974502018,0.43534578862488815,5383
age_45-64,dep_hour_share_leisure_21,0.019473589973142344,0.01528108855,0.41925014231423435,5383
age_45-64,dep_hour_share_leisure_22,0.010571172784243509,0.004577632951,0.5993539833243509,5383
age_45-64,dep_hour_share_leisure_23,0.004948970456580126,0.002233280054,0.2715690402580126,5383
age_45-64,dep_hour_share_leisure_4,0.00040823634735899733,0.004664541801,-0.4256305453641003,5383
age_45-64,dep_hour_share_leisure_5,0.004741271262309758,0.005880865137,-0.11395938746902416,5383
age_45-64,dep_hour_share_leisure_6,0.03112623097582811,0.02213485708,0.899137389582811,5383
age_45-64,dep_hour_share_leisure_7,0.03941271262309758,0.02987178994,0.9540922683097582,5383
age_45-64,dep_hour_share_leisure_8,0.037572068039391227,0.04036823063,-0.2796162590608775,5383
age_45-64,dep_hour_share_leisure_9,0.048544315129812,0.03567584755,1.2868467579811997,5383
age_45-64,dep_hour_share_other_10,0.07502787371169065,0.1185990949,-4.357122118830935,5383
age_45-64,dep_hour_share_other_11,0.08873358170396758,0.06569822999,2.303535171396759,5383
age_45-64,dep_hour_share_other_12,0.07299739845357554,0.05037139347,2.2626004983575547,5383
age_45-64,dep_hour_share_other_13,0.0734325002946002,0.06753736176,0.5895138534600206,5383
age_45-64,dep_hour_share_other_14,0.0902473735258659,0.07529869747,1.4948676055865904,5383
age_45-64,dep_hour_share_other_15,0.0841015600213925,0.1137791554,-2.9677595378607493,5383
age_45-64,dep_hour_share_other_16,0.08596887208912336,0.1024444725,-1.6475600410876632,5383
age_45-64,dep_hour_share_other_17,0.05736999066343966,0.08398206746,-2.661207679656034,5383
age_45-64,dep_hour_share_other_18,0.03980275383206882,0.02892033184,1.0882421992068818,5383
age_45-64,dep_hour_share_other_19,0.03389262049148379,0.01294729499,2.094532550148379,5383
age_45-64,dep_hour_share_other_20,0.0142677145369338,0.007570874662,0.66968398749338,5383
age_45-64,dep_hour_share_other_21,0.010351797967711818,0.006193968075,0.4157829892711818,5383
age_45-64,dep_hour_share_other_22,0.006970694078082651,0.003477762087,0.34929319910826506,5383
age_45-64,dep_hour_share_other_23,0.0019851521496750332,0.006684960276,-0.4699808126324967,5383
age_45-64,dep_hour_share_other_4,0.003698365648709651,0.0,0.3698365648709651,5383
age_45-64,dep_hour_share_other_5,0.005447837634496324,0.002931527197,0.2516310437496324,5383
age_45-64,dep_hour_share_other_6,0.012699534984907404,0.01832017096,-0.5620635975092596,5383
age_45-64,dep_hour_share_other_7,0.05458715180521941,0.06194564389,-0.7358492084780587,5383
age_45-64,dep_hour_share_other_8,0.10735231465114803,0.08794837845,1.9403936201148024,5383
age_45-64,dep_hour_share_other_9,0.07518197228038688,0.08534861464,-1.016664235961312,5383
age_45-64,dep_hour_share_shop_10,0.10285269652700911,0.08757092542,1.528177110700911,5383
age_45-64,dep_hour_share_shop_11,0.10080331408155885,0.102975855,-0.2172540918441157,5383
age_45-64,dep_hour_share_shop_12,0.10052933247120453,0.09148993228,0.9039400191204527,5383
age_45-64,dep_hour_share_shop_13,0.07161879294661742,0.06784995004,0.37688429066174284,5383
age_45-64,dep_hour_share_shop_14,0.0781724330662926,0.07087680628,0.7295626786292599,5383
age_45-64,dep_hour_share_shop_15,0.11745043672668691,0.1006418467,1.6808590026686914,5383
age_45-64,dep_hour_share_shop_16,0.07984920052166099,0.1129633966,-3.3114196078339013,5383
age_45-64,dep_hour_share_shop_17,0.07719705853343124,0.123117931,-4.592087246656876,5383
age_45-64,dep_hour_share_shop_18,0.049667386325029865,0.04776828768,0.18990986450298647,5383
age_45-64,dep_hour_share_shop_19,0.023924074216138614,0.02682088651,-0.2896812293861385,5383
age_45-64,dep_hour_share_shop_20,0.004800157813407564,0.00226830754,0.2531850273407564,5383
age_45-64,dep_hour_share_shop_21,0.001052089383760562,0.006008597661,-0.4956508277239438,5383
age_45-64,dep_hour_share_shop_22,0.0006137188071936612,0.0002402680333,0.03734507738936612,5383
age_45-64,dep_hour_share_shop_23,0.00028494087476848553,0.001653779421,-0.13688385462315145,5383
age_45-64,dep_hour_share_shop_4,7.671485089920765e-05,0.0,0.007671485089920765,5383
age_45-64,dep_hour_share_shop_5,0.0010082523261038718,0.0,0.10082523261038719,5383
age_45-64,dep_hour_share_shop_6,0.007748199940819972,0.01564947456,-0.790127461918003,5383
age_45-64,dep_hour_share_shop_7,0.03353534910736791,0.02745746482,0.6077884287367913,5383
age_45-64,dep_hour_share_shop_8,0.05155237980426754,0.0479062183,0.36461615042675394,5383
age_45-64,dep_hour_share_shop_9,0.0967155084550725,0.06674007218,2.99754362750725,5383
age_45-64,dep_hour_share_work_10,0.029738769868693848,0.03085346619,-0.11146963213061536,5383
age_45-64,dep_hour_share_work_11,0.027549412577747064,0.02813170863,-0.05822960522529341,5383
age_45-64,dep_hour_share_work_12,0.03117069799585349,0.05048566749,-1.9314969494146506,5383
age_45-64,dep_hour_share_work_13,0.03539460953697305,0.05025438512,-1.4859775583026953,5383
age_45-64,dep_hour_share_work_14,0.026576364892881826,0.03233467608,-0.5758311187118174,5383
age_45-64,dep_hour_share_work_15,0.016121630960608153,0.01533741007,0.07842208906081535,5383
age_45-64,dep_hour_share_work_16,0.010548721492743607,0.008334280192,0.22144413007436065,5383
age_45-64,dep_hour_share_work_17,0.00891223220456116,0.01006612954,-0.1153897335438839,5383
age_45-64,dep_hour_share_work_18,0.005008984105044921,0.003416207431,0.15927766740449206,5383
age_45-64,dep_hour_share_work_19,0.0052356599861783,0.00125172506,0.39839349261782997,5383
age_45-64,dep_hour_share_work_20,0.006866620594333103,0.005688787766,0.11778328283331028,5383
age_45-64,dep_hour_share_work_21,0.002819626814098134,0.003364510853,-0.054488403890186596,5383
age_45-64,dep_hour_share_work_22,0.0008182446440912233,0.000788094727,0.0030149917091223315,5383
age_45-64,dep_hour_share_work_23,0.0006302695231513476,0.0003012099019,0.03290596212513476,5383
age_45-64,dep_hour_share_work_4,0.039535590877677954,0.01682920113,2.2706389747677953,5383
age_45-64,dep_hour_share_work_5,0.11067864547339323,0.08520683255,2.5471812923393236,5383
age_45-64,dep_hour_share_work_6,0.20342225293711128,0.1989858948,0.4436358137111268,5383
age_45-64,dep_hour_share_work_7,0.2581782999308915,0.2848097505,-2.663145056910854,5383
age_45-64,dep_hour_share_work_8,0.11607463718037318,0.1219647874,-0.5890150219626813,5383
age_45-64,dep_hour_share_work_9,0.04877954388389772,0.04684778783,0.19317560538977194,5383
age_45-64,mean_work_activity_h,5.8769753028314735,6.316484025,-0.43950872216852677,5383
age_45-64,mobility_rate,0.8805450451496089,0.9089081498,-2.8363104650391158,5383
age_45-64,n_persons_unweighted,301553.0,5383.0,296170.0,5383
age_45-64,n_persons_weighted,301553.0,212586.6756,88966.32440000001,5383
age_45-64,n_work_activities_measured,180601.0,3639.0,176962.0,5383
age_45-64,nonhome_acts_per_mobile,2.195626875957986,2.223968816,-0.02834194004201418,5383
age_45-64,participation_education,0.027401484979423185,0.01232724429,1.5074240689423184,5383
age_45-64,participation_escort,0.09995257881699071,0.07373642117,2.6216157646990714,5383
age_45-64,participation_home,0.8805450451496089,0.8992501358,-1.8705090650391165,5383
age_45-64,participation_leisure,0.36624739266397616,0.3975341295,-3.1286736836023845,5383
age_45-64,participation_other,0.26593003551614475,0.1943963913,7.153364421614475,5383
age_45-64,participation_shop,0.23980195852801994,0.3315158387,-9.171388017198007,5383
age_45-64,participation_work,0.4958133396119422,0.5842620903,-8.84487506880578,5383
age_45-64,purpose_share_education,0.010501562348999774,0.003888154201,0.6613408147999774,5383
age_45-64,purpose_share_escort,0.050845802596398544,0.03264918142,1.8196621176398544,5383
age_45-64,purpose_share_home,0.4131054102374126,0.4192834901,-0.6178079862587393,5383
age_45-64,purpose_share_leisure,0.1405560432303579,0.1583307923,-1.7774749069642104,5383
age_45-64,purpose_share_other,0.11105462584157459,0.07152975971,3.952486613157459,5383
age_45-64,purpose_share_shop,0.09185545050413942,0.1151502296,-2.3294779095860587,5383
age_45-64,purpose_share_work,0.18208110524111715,0.1991683927,-1.7087287458882856,5383
age_45-64,share_mobile_first_from_home,1.0,0.9767372463,2.326275369999997,5383
age_45-64,share_mobile_last_to_home,1.0,0.9768489272,2.315107279999995,5383
age_45-64,share_mobile_odd_trip_count,0.2866030708278883,0.2434248115,4.317825932788827,5383
age_45-64,share_trips_0,0.11945495485039115,0.09109185022,2.8363104630391143,5383
age_45-64,share_trips_1,0.000766034494765431,0.008091550341,-0.7325515846234569,5383
age_45-64,share_trips_2,0.3384446515206282,0.3389539897,-0.0509338179371821,5383
age_45-64,share_trips_3,0.10820983376056613,0.08381740427,2.439242949056612,5383
age_45-64,share_trips_4,0.18502883406896964,0.2207055121,-3.567667803103036,5383
age_45-64,share_trips_5,0.09473956485261298,0.07922542859,1.5514136262612985,5383
age_45-64,share_trips_6,0.07388750899510202,0.08721414052,-1.3326631524897978,5383
age_45-64,share_trips_7,0.03577812192218283,0.03659605719,-0.081793526781717,5383
age_45-64,share_trips_8plus,0.04369049553478161,0.05430406703,-1.061357149521839,5383
age_45-64,share_trips_followed_by_same_purpose,0.0995202219501981,0.04341822701,5.6101994940198106,5383
age_45-64,share_trips_home_based,0.8063865042038463,0.838278266,-3.1891761796153717,5383
age_45-64,share_trips_unknown_purpose,0.0,0.0003095111312,-0.030951113120000002,5383
age_45-64,share_work_activities_lt_2h,0.17638329798838323,0.1051738015,7.120949648838323,5383
age_45-64,tours_per_mobile,1.5454655012032494,1.604873481,-0.05940797979675061,5383
age_45-64,trips_per_mobile_person,3.741092377161235,3.828842297,-0.08774991983876479,5383
age_45-64,trips_per_person,3.2942003561562974,3.480065968,-0.18586561184370254,5383
age_45-64,trips_per_person_education,0.03459425043027262,0.01352684511,0.021067405320272625,5383
age_45-64,trips_per_person_escort,0.16749626102210888,0.1135861381,0.05391012292210888,5383
age_45-64,trips_per_person_home,1.360851989534178,1.458682586,-0.09783059646582193,5383
age_45-64,trips_per_person_leisure,0.4630197676693649,0.5508310608,-0.08781129313063507,5383
age_45-64,trips_per_person_other,0.36583618800011936,0.2488512364,0.11698495160011935,5383
age_45-64,trips_per_person_shop,0.30259025776563325,0.4006063647,-0.09801610693436674,5383
age_45-64,trips_per_person_work,0.5998116417346204,0.6929046173,-0.09309297556537954,5383
age_6-9,dep_hour_share_all_10,0.013553460473259001,0.006042133365,0.7511327108259002,697
age_6-9,dep_hour_share_all_11,0.03934019257537274,0.009631192766,2.970899980937274,697
age_6-9,dep_hour_share_all_12,0.066741286036133,0.07077051279,-0.40292267538670073,697
age_6-9,dep_hour_share_all_13,0.09019616284242399,0.07981330157,1.0382861272423993,697
age_6-9,dep_hour_share_all_14,0.08876117496807152,0.06541848585,2.3342689118071522,697
age_6-9,dep_hour_share_all_15,0.12239729074289322,0.1517689726,-2.9371681857106773,697
age_6-9,dep_hour_share_all_16,0.096474234792716,0.1184534808,-2.1979246007284,697
age_6-9,dep_hour_share_all_17,0.06679151061173533,0.07794169231,-1.1150181698264676,697
age_6-9,dep_hour_share_all_18,0.04802904415457689,0.07533580769,-2.7306763535423113,697
age_6-9,dep_hour_share_all_19,0.028821731456369192,0.01254073155,1.6280999906369193,697
age_6-9,dep_hour_share_all_20,0.009427870334495674,0.003323237522,0.6104632812495674,697
age_6-9,dep_hour_share_all_21,0.005912150042332143,0.0,0.5912150042332143,697
age_6-9,dep_hour_share_all_22,0.0025471034769756194,0.0,0.25471034769756196,697
age_6-9,dep_hour_share_all_23,0.0010403662089055348,0.0,0.10403662089055349,697
age_6-9,dep_hour_share_all_4,3.587469685881154e-05,0.0,0.003587469685881154,697
age_6-9,dep_hour_share_all_5,0.0008107681490091409,0.0,0.08107681490091409,697
age_6-9,dep_hour_share_all_6,0.06903726663509693,0.005521091681,6.351617495409694,697
age_6-9,dep_hour_share_all_7,0.20394765164234363,0.2921771555,-8.822950385765637,697
age_6-9,dep_hour_share_all_8,0.03408813695524273,0.02883290132,0.525523563524273,697
age_6-9,dep_hour_share_all_9,0.01099918205691162,0.002429302601,0.856987945591162,697
age_6-9,dep_hour_share_education_10,0.008180874661674028,0.0041498133,0.40310613616740276,697
age_6-9,dep_hour_share_education_11,0.01109098679256802,0.01034856432,0.07424224725680206,697
age_6-9,dep_hour_share_education_12,0.014184252833798,0.03456182759,-2.0377574756201997,697
age_6-9,dep_hour_share_education_13,0.0317059769226073,0.01452733622,1.7178640702607302,697
age_6-9,dep_hour_share_education_14,0.01815258755774436,0.005534368212,1.261821934574436,697
age_6-9,dep_hour_share_education_15,0.039561244632572906,0.002647424605,3.691382002757291,697
age_6-9,dep_hour_share_education_16,0.025417692667738457,0.009402735046,1.6014957621738455,697
age_6-9,dep_hour_share_education_17,0.008221575530637579,0.0079930632,0.022851233063757824,697
age_6-9,dep_hour_share_education_18,0.0022792486619589328,0.0,0.22792486619589328,697
age_6-9,dep_hour_share_education_19,0.011497995482203545,0.0,1.1497995482203545,697
age_6-9,dep_hour_share_education_20,6.105130344532855e-05,0.0,0.006105130344532856,697
age_6-9,dep_hour_share_education_21,6.105130344532855e-05,0.0,0.006105130344532856,697
age_6-9,dep_hour_share_education_22,6.105130344532855e-05,0.0,0.006105130344532856,697
age_6-9,dep_hour_share_education_23,2.0350434481776186e-05,0.0,0.0020350434481776185,697
age_6-9,dep_hour_share_education_4,6.105130344532855e-05,0.0,0.006105130344532856,697
age_6-9,dep_hour_share_education_5,0.002218197358513604,0.0,0.22181973585136042,697
age_6-9,dep_hour_share_education_6,0.1900527076253078,0.01282725711,17.72254505153078,697
age_6-9,dep_hour_share_education_7,0.5507641588147907,0.8210027227,-27.02385638852093,697
age_6-9,dep_hour_share_education_8,0.07446223976881906,0.07528160241,-0.08193626411809318,697
age_6-9,dep_hour_share_education_9,0.011559046785648874,0.001723285314,0.9835761471648875,697
age_6-9,dep_hour_share_escort_10,0.005923731951129212,0.0,0.5923731951129212,697
age_6-9,dep_hour_share_escort_11,0.008515364679748241,0.0,0.8515364679748241,697
age_6-9,dep_hour_share_escort_12,0.012217697149203998,0.02104749244,-0.8829795290796002,697
age_6-9,dep_hour_share_escort_13,0.05368382080710848,0.1180780176,-6.439419679289152,697
age_6-9,dep_hour_share_escort_14,0.08182154757497223,0.1235209801,-4.169943252502777,697
age_6-9,dep_hour_share_escort_15,0.1677156608663458,0.09423406151,7.3481599356345795,697
age_6-9,dep_hour_share_escort_16,0.14476119955572012,0.09411512493,5.064607462572011,697
age_6-9,dep_hour_share_escort_17,0.012587930396149574,0.07797335793,-6.538542753385043,697
age_6-9,dep_hour_share_escort_18,0.0136986301369863,0.1046873353,-9.09887051630137,697
age_6-9,dep_hour_share_escort_19,0.07034431691965938,0.0,7.034431691965938,697
age_6-9,dep_hour_share_escort_20,0.004813032210292484,0.0,0.4813032210292484,697
age_6-9,dep_hour_share_escort_21,0.0,0.0,0.0,697
age_6-9,dep_hour_share_escort_22,0.00037023324694557573,0.0,0.037023324694557574,697
age_6-9,dep_hour_share_escort_23,0.0,0.0,0.0,697
age_6-9,dep_hour_share_escort_4,0.0007404664938911515,0.0,0.07404664938911515,697
age_6-9,dep_hour_share_escort_5,0.0011106997408367272,0.0,0.11106997408367272,697
age_6-9,dep_hour_share_escort_6,0.0899666790077749,0.01902950721,7.09371717977749,697
age_6-9,dep_hour_share_escort_7,0.20177711958533875,0.2771411129,-7.536399331466123,697
age_6-9,dep_hour_share_escort_8,0.10847834135505369,0.05255649314,5.592184821505368,697
age_6-9,dep_hour_share_escort_9,0.018511662347278787,0.0176165169,0.08951454472787869,697
age_6-9,dep_hour_share_home_10,0.017053147548288686,0.003546510286,1.3506637262288685,697
age_6-9,dep_hour_share_home_11,0.05770648019606835,0.006827028133,5.087945206306835,697
age_6-9,dep_hour_share_home_12,0.12411949200473033,0.1152211857,0.8898306304730319,697
age_6-9,dep_hour_share_home_13,0.14986203232385556,0.1452726888,0.4589343523855566,697
age_6-9,dep_hour_share_home_14,0.11311635559668877,0.07939900259,3.3717353006688766,697
age_6-9,dep_hour_share_home_15,0.14381202118360842,0.2295890798,-8.57770586163916,697
age_6-9,dep_hour_share_home_16,0.1063636519444016,0.1194057891,-1.3042137155598406,697
age_6-9,dep_hour_share_home_17,0.09342382641781069,0.1158204572,-2.2396630782189315,697
age_6-9,dep_hour_share_home_18,0.09726292697139527,0.1445112672,-4.724834022860472,697
age_6-9,dep_hour_share_home_19,0.04761170240115173,0.02755063919,2.006106321115173,697
age_6-9,dep_hour_share_home_20,0.018372838363583388,0.005961987331,1.2410851032583388,697
age_6-9,dep_hour_share_home_21,0.013779628772687541,0.0,1.3779628772687542,697
age_6-9,dep_hour_share_home_22,0.005895761564433476,0.0,0.5895761564433476,697
age_6-9,dep_hour_share_home_23,0.0023308824789620717,0.0,0.23308824789620716,697
age_6-9,dep_hour_share_home_4,0.0,0.0,0.0,697
age_6-9,dep_hour_share_home_5,1.713884175707406e-05,0.0,0.0017138841757074058,697
age_6-9,dep_hour_share_home_6,1.713884175707406e-05,0.0,0.0017138841757074058,697
age_6-9,dep_hour_share_home_7,0.00027422146811318494,0.003146833533,-0.28726120648868153,697
age_6-9,dep_hour_share_home_8,0.0009254974548819991,0.002506437791,-0.15809403361180008,697
age_6-9,dep_hour_share_home_9,0.006204260716060808,0.001241093512,0.4963167204060808,697
age_6-9,dep_hour_share_leisure_10,0.005126452494873548,0.01564049153,-1.0514039035126452,697
age_6-9,dep_hour_share_leisure_11,0.008942811574390521,0.01586788215,-0.6925070575609477,697
age_6-9,dep_hour_share_leisure_12,0.023524720893141945,0.02550094039,-0.1976219496858056,697
age_6-9,dep_hour_share_leisure_13,0.05775803144224197,0.03378208418,2.397594726224197,697
age_6-9,dep_hour_share_leisure_14,0.1803941672362725,0.122303543,5.80906242362725,697
age_6-9,dep_hour_share_leisure_15,0.2224310776942356,0.2590167226,-3.6585644905764436,697
age_6-9,dep_hour_share_leisure_16,0.24612668033720667,0.3432535177,-9.712683736279335,697
age_6-9,dep_hour_share_leisure_17,0.1607427660059239,0.113918991,4.682377500592391,697
age_6-9,dep_hour_share_leisure_18,0.029049897470950103,0.04831007319,-1.9260175719049895,697
age_6-9,dep_hour_share_leisure_19,0.021246297562087037,0.0009239125357,2.0322385026387035,697
age_6-9,dep_hour_share_leisure_20,0.005582137161084529,0.004557757144,0.10243800170845292,697
age_6-9,dep_hour_share_leisure_21,0.0003417634996582365,0.0,0.03417634996582365,697
age_6-9,dep_hour_share_leisure_22,0.0001139211665527455,0.0,0.011392116655274549,697
age_6-9,dep_hour_share_leisure_23,0.0,0.0,0.0,697
age_6-9,dep_hour_share_leisure_4,0.0,0.0,0.0,697
age_6-9,dep_hour_share_leisure_5,0.0,0.0,0.0,697
age_6-9,dep_hour_share_leisure_6,0.0006265664160401002,0.002455406234,-0.18288398179599,697
age_6-9,dep_hour_share_leisure_7,0.017316017316017316,0.009403228975,0.7912788341017316,697
age_6-9,dep_hour_share_leisure_8,0.017885623148781043,0.002589162095,1.5296461053781043,697
age_6-9,dep_hour_share_leisure_9,0.0027910685805422647,0.00247628716,0.03147814205422647,697
age_6-9,dep_hour_share_other_10,0.04767959313413859,0.03253746663,1.514212650413859,697
age_6-9,dep_hour_share_other_11,0.16808645899554991,0.03207502087,13.60114381255499,697
age_6-9,dep_hour_share_other_12,0.07908455181182454,0.1659097521,-8.682520028817546,697
age_6-9,dep_hour_share_other_13,0.13808010171646534,0.09682082355,4.125927816646533,697
age_6-9,dep_hour_share_other_14,0.11328671328671329,0.192294403,-7.900768971328671,697
age_6-9,dep_hour_share_other_15,0.08137317228226319,0.1933377376,-11.19645653177368,697
age_6-9,dep_hour_share_other_16,0.11125238397965671,0.09400496928,1.7247414699656711,697
age_6-9,dep_hour_share_other_17,0.05136681500317864,0.07539359292,-2.402677791682136,697
age_6-9,dep_hour_share_other_18,0.01284170375079466,0.006845559776,0.5996143974794661,697
age_6-9,dep_hour_share_other_19,0.010553083280356007,0.00774747143,0.28056118503560074,697
age_6-9,dep_hour_share_other_20,0.0025429116338207248,0.0,0.25429116338207247,697
age_6-9,dep_hour_share_other_21,0.0013986013986013986,0.0,0.13986013986013987,697
age_6-9,dep_hour_share_other_22,0.0006357279084551812,0.0,0.06357279084551812,697
age_6-9,dep_hour_share_other_23,0.00101716465352829,0.0,0.101716465352829,697
age_6-9,dep_hour_share_other_4,0.0,0.0,0.0,697
age_6-9,dep_hour_share_other_5,0.0,0.0,0.0,697
age_6-9,dep_hour_share_other_6,0.0034329307056579785,0.01296505047,-0.9532119764342021,697
age_6-9,dep_hour_share_other_7,0.06293706293706294,0.07634882402,-1.3411761082937055,697
age_6-9,dep_hour_share_other_8,0.05378258105530833,0.01371932841,4.006325264530833,697
age_6-9,dep_hour_share_other_9,0.059249841068022883,0.0,5.924984106802288,697
age_6-9,dep_hour_share_shop_10,0.0029459025174076057,0.0,0.2945902517407606,697
age_6-9,dep_hour_share_shop_11,0.01713979646491698,0.0,1.7139796464916979,697
age_6-9,dep_hour_share_shop_12,0.07498660953401179,0.0,7.4986609534011786,697
age_6-9,dep_hour_share_shop_13,0.006427423674343867,0.01627989073,-0.9852467055656132,697
age_6-9,dep_hour_share_shop_14,0.16068559185859668,0.142485743,1.8199848858596686,697
age_6-9,dep_hour_share_shop_15,0.46223888591322976,0.1937399981,26.849888781322974,697
age_6-9,dep_hour_share_shop_16,0.10819496518478842,0.3466340862,-23.84391210152116,697
age_6-9,dep_hour_share_shop_17,0.05195500803427959,0.1731845625,-12.12295544657204,697
age_6-9,dep_hour_share_shop_18,0.0693626138189609,0.06764836851,0.17142453089609017,697
age_6-9,dep_hour_share_shop_19,0.007498660953401178,0.002175522493,0.5323138460401179,697
age_6-9,dep_hour_share_shop_20,0.0289234065345474,0.0,2.89234065345474,697
age_6-9,dep_hour_share_shop_21,0.0,0.0,0.0,697
age_6-9,dep_hour_share_shop_22,0.0,0.0,0.0,697
age_6-9,dep_hour_share_shop_23,0.0,0.0,0.0,697
age_6-9,dep_hour_share_shop_4,0.0,0.0,0.0,697
age_6-9,dep_hour_share_shop_5,0.0,0.0,0.0,697
age_6-9,dep_hour_share_shop_6,0.0,0.0,0.0,697
age_6-9,dep_hour_share_shop_7,0.0,0.03267823619,-3.267823619,697
age_6-9,dep_hour_share_shop_8,0.0021424745581146223,0.0,0.21424745581146223,697
age_6-9,dep_hour_share_shop_9,0.007498660953401178,0.02517359219,-1.767493123659882,697
age_6-9,dep_hour_share_work_10,0.0,,,697
age_6-9,dep_hour_share_work_11,0.15625,,,697
age_6-9,dep_hour_share_work_12,0.46875,,,697
age_6-9,dep_hour_share_work_13,0.0,,,697
age_6-9,dep_hour_share_work_14,0.0,,,697
age_6-9,dep_hour_share_work_15,0.0,,,697
age_6-9,dep_hour_share_work_16,0.0,,,697
age_6-9,dep_hour_share_work_17,0.0,,,697
age_6-9,dep_hour_share_work_18,0.0,,,697
age_6-9,dep_hour_share_work_19,0.0,,,697
age_6-9,dep_hour_share_work_20,0.0,,,697
age_6-9,dep_hour_share_work_21,0.0,,,697
age_6-9,dep_hour_share_work_22,0.0,,,697
age_6-9,dep_hour_share_work_23,0.0,,,697
age_6-9,dep_hour_share_work_4,0.0,,,697
age_6-9,dep_hour_share_work_5,0.0,,,697
age_6-9,dep_hour_share_work_6,0.03125,,,697
age_6-9,dep_hour_share_work_7,0.03125,,,697
age_6-9,dep_hour_share_work_8,0.0,,,697
age_6-9,dep_hour_share_work_9,0.3125,,,697
age_6-9,mean_work_activity_h,2.854166666666667,,,697
age_6-9,mobility_rate,0.9823972323972324,0.9700433733,1.2353859097232411,697
age_6-9,n_persons_unweighted,39312.0,697.0,38615.0,697
age_6-9,n_persons_weighted,39312.0,28501.83052,10810.16948,697
age_6-9,n_work_activities_measured,32.0,0.0,32.0,697
age_6-9,nonhome_acts_per_mobile,2.098058001035733,1.741619641,0.3564383600357328,697
age_6-9,participation_education,0.9502442002442002,0.9477100917,0.253410854420022,697
age_6-9,participation_escort,0.053444240944240946,0.06480000101,-1.135576006575905,697
age_6-9,participation_home,0.9823972323972324,0.9700433733,1.2353859097232411,697
age_6-9,participation_leisure,0.35922873422873425,0.3924225854,-3.3193851171265774,697
age_6-9,participation_other,0.16442816442816444,0.06160675453,10.282140989816444,697
age_6-9,participation_shop,0.06132987382987383,0.05371518198,0.7614691849873831,697
age_6-9,participation_work,0.00030525030525030525,0.0,0.030525030525030524,697
age_6-9,purpose_share_education,0.3525693457890281,0.337628268,1.494107778902809,697
age_6-9,purpose_share_escort,0.019379511243129994,0.02588004279,-0.6500531546870004,697
age_6-9,purpose_share_home,0.41863618752421544,0.4480455796,-2.9409392075784577,697
age_6-9,purpose_share_leisure,0.12596323561065909,0.1487619505,-2.2798714889340905,697
age_6-9,purpose_share_other,0.05643089815891056,0.02157326712,3.4857631038910557,697
age_6-9,purpose_share_shop,0.02679122361416046,0.01811089207,0.8680331544160462,697
age_6-9,purpose_share_work,0.00022959805989639388,0.0,0.022959805989639388,697
age_6-9,share_mobile_first_from_home,1.0,0.995279573,0.47204269999999715,697
age_6-9,share_mobile_last_to_home,1.0,0.9994727443,0.052725570000000666,697
age_6-9,share_mobile_odd_trip_count,0.25235629207664423,0.1899499537,6.240633837664422,697
age_6-9,share_trips_0,0.0176027676027676,0.02995662672,-1.23538591172324,697
age_6-9,share_trips_1,0.0,0.0,0.0,697
age_6-9,share_trips_2,0.3717439967439967,0.4423989615,-7.06549647560033,697
age_6-9,share_trips_3,0.09182946682946683,0.1343869829,-4.255751607053318,697
age_6-9,share_trips_4,0.2762260887260887,0.2889255828,-1.26994940739113,697
age_6-9,share_trips_5,0.13316544566544566,0.04045138696,9.271405870544566,697
age_6-9,share_trips_6,0.06015974765974766,0.04631856502,1.3841182639747658,697
age_6-9,share_trips_7,0.01951058201058201,0.007870259893,1.164032211758201,697
age_6-9,share_trips_8plus,0.02976190476190476,0.009691634172,2.007027058990476,697
age_6-9,share_trips_followed_by_same_purpose,0.1259417107925438,0.02780519414,9.81365166525438,697
age_6-9,share_trips_home_based,0.8158121313874898,0.8946428729,-7.883074151251024,697
age_6-9,share_trips_unknown_purpose,0.0,0.0001330690646,-0.01330690646,697
age_6-9,share_work_activities_lt_2h,0.625,,,697
age_6-9,tours_per_mobile,1.5107975142413257,1.413408148,0.09738936624132566,697
age_6-9,trips_per_mobile_person,3.6088555152770585,3.155027789,0.4538277262770585,697
age_6-9,trips_per_person,3.54532967032967,3.0605138,0.48481587032967033,697
age_6-9,trips_per_person_education,1.2499745624745624,1.033178471,0.21679609147456236,697
age_6-9,trips_per_person_escort,0.0687067562067562,0.07919568819,-0.010488931983243799,697
age_6-9,trips_per_person_home,1.4842032967032968,1.371067208,0.11313608870329683,697
age_6-9,trips_per_person_leisure,0.4465811965811966,0.4552274175,-0.008646220918803404,697
age_6-9,trips_per_person_other,0.20006613756613756,0.06601649581,0.13404964175613754,697
age_6-9,trips_per_person_shop,0.09498371998371999,0.05542125927,0.03956246071371999,697
age_6-9,trips_per_person_work,0.000814000814000814,0.0,0.000814000814000814,697
age_65-74,dep_hour_share_all_10,0.09417585279055637,0.1108105452,-1.6634692409443623,2525
age_65-74,dep_hour_share_all_11,0.07910709635820304,0.1009700694,-2.1862973041796963,2525
age_65-74,dep_hour_share_all_12,0.07056369114784183,0.08779096375,-1.7227272602158172,2525
age_65-74,dep_hour_share_all_13,0.06704527136781281,0.0771028323,-1.0057560932187182,2525
age_65-74,dep_hour_share_all_14,0.07197725891849666,0.08236054864,-1.0383289721503348,2525
age_65-74,dep_hour_share_all_15,0.08420958002157551,0.07808910197,0.6120478051575506,2525
age_65-74,dep_hour_share_all_16,0.08476756729946557,0.07385285111,1.0914716189465559,2525
age_65-74,dep_hour_share_all_17,0.0674730616141952,0.06362260605,0.3850455564195193,2525
age_65-74,dep_hour_share_all_18,0.054196064329733284,0.04933658805,0.4859476279733287,2525
age_65-74,dep_hour_share_all_19,0.03687675920989002,0.0297690224,0.7107736809890016,2525
age_65-74,dep_hour_share_all_20,0.021219016206430494,0.01412671421,0.7092301996430495,2525
age_65-74,dep_hour_share_all_21,0.01768199685047181,0.0158298169,0.18521799504718078,2525
age_65-74,dep_hour_share_all_22,0.013729586965417189,0.008624455007,0.510513195841719,2525
age_65-74,dep_hour_share_all_23,0.006636948677570151,0.002520268684,0.41166799935701515,2525
age_65-74,dep_hour_share_all_4,0.002762037025555817,0.0008479624069,0.19140746186558172,2525
age_65-74,dep_hour_share_all_5,0.003961709673019455,0.001426861863,0.2534847810019455,2525
age_65-74,dep_hour_share_all_6,0.015546145547881508,0.007144691404,0.8401454143881508,2525
age_65-74,dep_hour_share_all_7,0.03578558408868278,0.02979899475,0.5986589338682781,2525
age_65-74,dep_hour_share_all_8,0.06465212593152876,0.06937082876,-0.4718702828471241,2525
age_65-74,dep_hour_share_all_9,0.09146341463414634,0.09543137519,-0.3967960555853661,2525
age_65-74,dep_hour_share_education_10,0.11035653650254669,0.01526790929,9.508862721254669,2525
age_65-74,dep_hour_share_education_11,0.08361629881154499,0.02232554812,6.129075069154499,2525
age_65-74,dep_hour_share_education_12,0.0008488964346349745,0.02182966921,-2.098077277536502,2525
age_65-74,dep_hour_share_education_13,0.021222410865874362,0.0,2.122241086587436,2525
age_65-74,dep_hour_share_education_14,0.010611205432937181,0.1356294567,-12.501825126706285,2525
age_65-74,dep_hour_share_education_15,0.1035653650254669,0.1743245121,-7.075914707453309,2525
age_65-74,dep_hour_share_education_16,0.0904074702886248,0.0535491089,3.685836138862479,2525
age_65-74,dep_hour_share_education_17,0.00466893039049236,0.1903135114,-18.564458100950766,2525
age_65-74,dep_hour_share_education_18,0.0,0.1246903067,-12.46903067,2525
age_65-74,dep_hour_share_education_19,0.0,0.009728485365,-0.9728485364999999,2525
age_65-74,dep_hour_share_education_20,0.0,0.0,0.0,2525
age_65-74,dep_hour_share_education_21,0.0,0.0,0.0,2525
age_65-74,dep_hour_share_education_22,0.0,0.0,0.0,2525
age_65-74,dep_hour_share_education_23,0.0,0.0,0.0,2525
age_65-74,dep_hour_share_education_4,0.0,0.0,0.0,2525
age_65-74,dep_hour_share_education_5,0.0,0.0,0.0,2525
age_65-74,dep_hour_share_education_6,0.042444821731748725,0.0,4.244482173174872,2525
age_65-74,dep_hour_share_education_7,0.23641765704584042,0.06322906052,17.318859652584038,2525
age_65-74,dep_hour_share_education_8,0.08106960950764007,0.1891124316,-10.804282209235993,2525
age_65-74,dep_hour_share_education_9,0.21477079796264856,0.0,21.477079796264857,2525
age_65-74,dep_hour_share_escort_10,0.03400391668150258,0.02651622536,0.7487691321502579,2525
age_65-74,dep_hour_share_escort_11,0.04789033291792772,0.09153890488,-4.364857196207227,2525
age_65-74,dep_hour_share_escort_12,0.055990742389175716,0.141575657,-8.558491461082427,2525
age_65-74,dep_hour_share_escort_13,0.06515933772476411,0.1286656259,-6.350628817523589,2525
age_65-74,dep_hour_share_escort_14,0.16512373152928608,0.1357603198,2.936341172928608,2525
age_65-74,dep_hour_share_escort_15,0.22280576820366743,0.05633190058,16.647386762366743,2525
age_65-74,dep_hour_share_escort_16,0.03471604059106285,0.03503812347,-0.032208287893715354,2525
age_65-74,dep_hour_share_escort_17,0.059996439380452196,0.02991063074,3.0085808640452196,2525
age_65-74,dep_hour_share_escort_18,0.03578422645540324,0.03914182637,-0.3357599914596762,2525
age_65-74,dep_hour_share_escort_19,0.026170553676339685,0.02602994906,0.014060461633968319,2525
age_65-74,dep_hour_share_escort_20,0.012195121951219513,0.005195545715,0.6999576236219512,2525
age_65-74,dep_hour_share_escort_21,0.016289834431191027,0.0,1.6289834431191026,2525
age_65-74,dep_hour_share_escort_22,0.007032223606907602,0.008081906015,-0.10496824080923972,2525
age_65-74,dep_hour_share_escort_23,0.006231084208652305,0.0,0.6231084208652306,2525
age_65-74,dep_hour_share_escort_4,0.0,0.003419951605,-0.3419951605,2525
age_65-74,dep_hour_share_escort_5,8.901548869503294e-05,0.0,0.008901548869503294,2525
age_65-74,dep_hour_share_escort_6,0.011928075485134413,0.006909895881,0.5018179604134414,2525
age_65-74,dep_hour_share_escort_7,0.0881253338080826,0.107646759,-1.9521425191917394,2525
age_65-74,dep_hour_share_escort_8,0.05447747908136016,0.1116502506,-5.717277151863985,2525
age_65-74,dep_hour_share_escort_9,0.028395940893715506,0.04658652802,-1.8190587126284492,2525
age_65-74,dep_hour_share_home_10,0.06341391072223046,0.09317196225,-2.9758051527769545,2525
age_65-74,dep_hour_share_home_11,0.07925997330565031,0.1002026003,-2.094262699434969,2525
age_65-74,dep_hour_share_home_12,0.08270799347471453,0.1018567884,-1.914879492528547,2525
age_65-74,dep_hour_share_home_13,0.06572742102921549,0.07583051245,-1.0103091420784513,2525
age_65-74,dep_hour_share_home_14,0.06827079934747145,0.07995625316,-1.1685453812528557,2525
age_65-74,dep_hour_share_home_15,0.08010529437935637,0.08047897324,-0.03736788606436281,2525
age_65-74,dep_hour_share_home_16,0.09846507489248109,0.08794147735,1.0523597542481085,2525
age_65-74,dep_hour_share_home_17,0.1054500963962628,0.07288430151,3.2565794886262793,2525
age_65-74,dep_hour_share_home_18,0.07795491620940234,0.06140209029,1.6552825919402339,2525
age_65-74,dep_hour_share_home_19,0.049755301794453505,0.03671343006,1.30418717344535,2525
age_65-74,dep_hour_share_home_20,0.036786296900489394,0.02564003487,1.1146262030489393,2525
age_65-74,dep_hour_share_home_21,0.03441346581640219,0.03241848579,0.19949800264021933,2525
age_65-74,dep_hour_share_home_22,0.0269687082900786,0.01766250244,0.9306205850078603,2525
age_65-74,dep_hour_share_home_23,0.012931929408275249,0.005627739679,0.7304189729275249,2525
age_65-74,dep_hour_share_home_4,5.932077710218004e-05,0.0004939175948,-0.043459681769781995,2525
age_65-74,dep_hour_share_home_5,0.00041524543971526026,0.0001997118877,0.021553355201526025,2525
age_65-74,dep_hour_share_home_6,0.001542340204656681,0.004816026727,-0.3273686522343319,2525
age_65-74,dep_hour_share_home_7,0.011330268426516387,0.01504409389,-0.3713825463483613,2525
age_65-74,dep_hour_share_home_8,0.025418952988284147,0.04499854426,-1.9579591271715855,2525
age_65-74,dep_hour_share_home_9,0.057533738691976866,0.06112449648,-0.3590757788023133,2525
age_65-74,dep_hour_share_leisure_10,0.10262119862577936,0.07963283128,2.298836734577936,2525
age_65-74,dep_hour_share_leisure_11,0.0730372820969589,0.06882876956,0.42085125369588916,2525
age_65-74,dep_hour_share_leisure_12,0.03655045171141367,0.08417370009,-4.762324837858633,2525
age_65-74,dep_hour_share_leisure_13,0.08530029265809899,0.06888803747,1.6412255188098994,2525
age_65-74,dep_hour_share_leisure_14,0.08355070619671714,0.07989133438,0.3659371816717147,2525
age_65-74,dep_hour_share_leisure_15,0.09299847308817916,0.08893338973,0.406508335817915,2525
age_65-74,dep_hour_share_leisure_16,0.09751558722483776,0.08305374968,1.4461837544837763,2525
age_65-74,dep_hour_share_leisure_17,0.05000636213258684,0.09243936509,-4.243300295741316,2525
age_65-74,dep_hour_share_leisure_18,0.06754994274080672,0.08480404761,-1.7254104869193279,2525
age_65-74,dep_hour_share_leisure_19,0.06101285150782542,0.05312572113,0.7887130377825423,2525
age_65-74,dep_hour_share_leisure_20,0.01695508334393689,0.01135173756,0.5603345783936888,2525
age_65-74,dep_hour_share_leisure_21,0.005296475378546889,0.005136477281,0.015999809754688957,2525
age_65-74,dep_hour_share_leisure_22,0.006155363277770709,0.003953798833,0.22015644447707086,2525
age_65-74,dep_hour_share_leisure_23,0.001622343809644993,0.0005950169203,0.10273268893449929,2525
age_65-74,dep_hour_share_leisure_4,0.0007316452474869576,0.0009499591907,-0.02183139432130423,2525
age_65-74,dep_hour_share_leisure_5,0.0015110064893752385,0.001154741347,0.035626514237523846,2525
age_65-74,dep_hour_share_leisure_6,0.013805827713449549,0.007152571114,0.6653256599449549,2525
age_65-74,dep_hour_share_leisure_7,0.033098994783051276,0.02113571431,1.1963280473051274,2525
age_65-74,dep_hour_share_leisure_8,0.05997900496246342,0.08109519698,-2.111619201753659,2525
age_65-74,dep_hour_share_leisure_9,0.10348008652500318,0.08206895309,2.1411133435003187,2525
age_65-74,dep_hour_share_other_10,0.12820640204017422,0.1796732605,-5.146685845982576,2525
age_65-74,dep_hour_share_other_11,0.07697020881977909,0.1211780025,-4.4207793680220915,2525
age_65-74,dep_hour_share_other_12,0.0911288853561197,0.05810881301,3.302007234611969,2525
age_65-74,dep_hour_share_other_13,0.06847500289797473,0.07278338269,-0.4308379792025266,2525
age_65-74,dep_hour_share_other_14,0.06342424694056668,0.09234189024,-2.891764329943332,2525
age_65-74,dep_hour_share_other_15,0.08972129763028466,0.07009777953,1.9623518100284663,2525
age_65-74,dep_hour_share_other_16,0.08198784506599102,0.05290096307,2.9086881995991023,2525
age_65-74,dep_hour_share_other_17,0.04022388924768576,0.03281025241,0.7413636837685762,2525
age_65-74,dep_hour_share_other_18,0.027489360292778247,0.009213382853,1.8275977439778248,2525
age_65-74,dep_hour_share_other_19,0.013363803467633762,0.005383154553,0.7980648914633761,2525
age_65-74,dep_hour_share_other_20,0.009588156391276269,0.002164639023,0.7423517368276269,2525
age_65-74,dep_hour_share_other_21,0.008081209531852882,0.0005696483306,0.7511561201252881,2525
age_65-74,dep_hour_share_other_22,0.005001076390613874,0.0003688176139,0.4632258776713874,2525
age_65-74,dep_hour_share_other_23,0.003477569675592429,0.0,0.3477569675592429,2525
age_65-74,dep_hour_share_other_4,0.0007783132131087817,0.0,0.07783132131087817,2525
age_65-74,dep_hour_share_other_5,0.0009439117690893735,0.0,0.09439117690893735,2525
age_65-74,dep_hour_share_other_6,0.009737195091658801,0.001688546887,0.80486482046588,2525
age_65-74,dep_hour_share_other_7,0.05052411942967857,0.04600457289,0.45195465396785717,2525
age_65-74,dep_hour_share_other_8,0.07857651481279083,0.106821007,-2.824449218720916,2525
age_65-74,dep_hour_share_other_9,0.1332405981419842,0.1472505132,-1.4009915058015798,2525
age_65-74,dep_hour_share_shop_10,0.17100830611772572,0.16272336,0.8284946117725706,2525
age_65-74,dep_hour_share_shop_11,0.1156170442564353,0.1342749817,-1.8657937443564685,2525
age_65-74,dep_hour_share_shop_12,0.07550081003934477,0.08038347883,-0.48826687906552285,2525
age_65-74,dep_hour_share_shop_13,0.052845423920590426,0.08934954527,-3.6504121349409573,2525
age_65-74,dep_hour_share_shop_14,0.0715920487566539,0.0791550925,-0.7563043743346098,2525
age_65-74,dep_hour_share_shop_15,0.0576027978501813,0.07319409014,-1.5591292289818703,2525
age_65-74,dep_hour_share_shop_16,0.05868285030987219,0.05350510651,0.5177743799872194,2525
age_65-74,dep_hour_share_shop_17,0.030704348496926992,0.03620373575,-0.5499387253073008,2525
age_65-74,dep_hour_share_shop_18,0.015943631547818037,0.009277681942,0.6665949605818037,2525
age_65-74,dep_hour_share_shop_19,0.00527168462468177,0.005995348713,-0.072366408831823,2525
age_65-74,dep_hour_share_shop_20,0.0019286651065908915,0.0,0.19286651065908914,2525
age_65-74,dep_hour_share_shop_21,0.0007457505078818114,0.002183770179,-0.14380196711181886,2525
age_65-74,dep_hour_share_shop_22,0.0005143106950909045,0.0,0.051431069509090446,2525
age_65-74,dep_hour_share_shop_23,0.0003343019518090879,0.0,0.03343019518090879,2525
age_65-74,dep_hour_share_shop_4,0.00010286213901818088,0.0,0.010286213901818088,2525
age_65-74,dep_hour_share_shop_5,0.0009257592511636279,0.001077890615,-0.015213136383637195,2525
age_65-74,dep_hour_share_shop_6,0.00871756628179083,0.00725155989,0.14660063917908295,2525
age_65-74,dep_hour_share_shop_7,0.028595674647054287,0.03980447332,-1.1208798672945712,2525
age_65-74,dep_hour_share_shop_8,0.1603106436598349,0.06286044798,9.74501956798349,2525
age_65-74,dep_hour_share_shop_9,0.14202689844935326,0.1627594367,-2.0732538250646746,2525
age_65-74,dep_hour_share_work_10,0.028519012675116744,0.07525156395,-4.673255127488326,2525
age_65-74,dep_hour_share_work_11,0.029936624416277518,0.07742704047,-4.7490416053722475,2525
age_65-74,dep_hour_share_work_12,0.020096731154102734,0.02367990888,-0.3583177725897266,2525
age_65-74,dep_hour_share_work_13,0.03577384923282188,0.05724041023,-2.1466560997178115,2525
age_65-74,dep_hour_share_work_14,0.022098065376917945,0.05392362555,-3.182556017308205,2525
age_65-74,dep_hour_share_work_15,0.009172781854569713,0.01540678937,-0.6234007515430287,2525
age_65-74,dep_hour_share_work_16,0.008255503669112742,0.04289739038,-3.4641886710887255,2525
age_65-74,dep_hour_share_work_17,0.007755170113408939,0.007523610125,0.0231559988408939,2525
age_65-74,dep_hour_share_work_18,0.003418945963975984,0.009924118752,-0.6505172788024016,2525
age_65-74,dep_hour_share_work_19,0.003669112741827885,0.0,0.3669112741827885,2525
age_65-74,dep_hour_share_work_20,0.0022515010006671113,0.01563034611,-1.3378845109332886,2525
age_65-74,dep_hour_share_work_21,0.0025016677785190127,0.02102059769,-1.8518929911480988,2525
age_65-74,dep_hour_share_work_22,0.000333555703802535,0.0,0.033355570380253496,2525
age_65-74,dep_hour_share_work_23,0.0001667778519012675,0.0,0.016677785190126748,2525
age_65-74,dep_hour_share_work_4,0.06554369579719813,0.01534094525,5.0202750547198125,2525
age_65-74,dep_hour_share_work_5,0.08614076050700467,0.04015674082,4.598401968700467,2525
age_65-74,dep_hour_share_work_6,0.23165443629086058,0.08163405011,15.002038618086058,2525
age_65-74,dep_hour_share_work_7,0.1855403602401601,0.1315797217,5.396063854016009,2525
age_65-74,dep_hour_share_work_8,0.1563542361574383,0.2020674161,-4.571317994256171,2525
age_65-74,dep_hour_share_work_9,0.07054703135423616,0.1254917876,-5.494475624576382,2525
age_65-74,mean_work_activity_h,5.731748943740271,4.508049344,1.2236995997402715,2525
age_65-74,mobility_rate,0.823617352535296,0.8156799725,0.7937380035295982,2525
age_65-74,n_persons_unweighted,113044.0,2525.0,110519.0,2525
age_65-74,n_persons_weighted,113044.0,98545.46806,14498.53194,2525
age_65-74,n_work_activities_measured,11992.0,195.0,11797.0,2525
age_65-74,nonhome_acts_per_mobile,2.0163041727082325,2.40781451,-0.39151033729176765,2525
age_65-74,participation_education,0.016436077987332365,0.01411261442,0.23234635673323648,2525
age_65-74,participation_escort,0.07642157036198294,0.05886691632,1.755465404198294,2525
age_65-74,participation_home,0.823617352535296,0.8070267739,1.6590578635296005,2525
age_65-74,participation_leisure,0.4416068079685786,0.4955008624,-5.3894054431421425,2525
age_65-74,participation_other,0.35625950957149427,0.30442922,5.183028957149427,2525
age_65-74,participation_shop,0.29740631966314,0.4740258701,-17.661955043686,2525
age_65-74,participation_work,0.08995612327943102,0.05829423699,3.166188628943102,2525
age_65-74,purpose_share_education,0.007303433481716617,0.004136457692,0.3166975789716617,2525
age_65-74,purpose_share_escort,0.034824605998983224,0.02596832393,0.8856282068983226,2525
age_65-74,purpose_share_home,0.41805646831252247,0.4264175128,-0.8361044487477542,2525
age_65-74,purpose_share_leisure,0.19489875630835618,0.2199712748,-2.5072518491643825,2525
age_65-74,purpose_share_other,0.18719543194415167,0.1178365822,6.935884974415167,2525
age_65-74,purpose_share_shop,0.12054695152950513,0.1836120308,-6.306507927049486,2525
age_65-74,purpose_share_work,0.03717435242476472,0.02205781785,1.5116534574764715,2525
age_65-74,share_mobile_first_from_home,1.0,0.9858700503,1.4129949700000033,2525
age_65-74,share_mobile_last_to_home,1.0,0.9857838199,1.421618010000003,2525
age_65-74,share_mobile_odd_trip_count,0.3373610439826003,0.2617860696,7.557497438260031,2525
age_65-74,share_trips_0,0.176382647464704,0.1843200275,-0.793738003529601,2525
age_65-74,share_trips_1,0.002344219949754078,0.005953619623,-0.36093996732459216,2525
age_65-74,share_trips_2,0.31930929549555925,0.2467067348,7.2602560695559255,2525
age_65-74,share_trips_3,0.16413962704787516,0.07974320145,8.439642559787517,2525
age_65-74,share_trips_4,0.1539135203991366,0.2054726592,-5.155913880086338,2525
age_65-74,share_trips_5,0.07696118325607727,0.06243697743,1.4524205826077274,2525
age_65-74,share_trips_6,0.063603552598988,0.0944889319,-3.0885379301011997,2525
age_65-74,share_trips_7,0.026308340115353313,0.04841681933,-2.210847921464669,2525
age_65-74,share_trips_8plus,0.01703761367255228,0.07246102878,-5.542341510744772,2525
age_65-74,share_trips_followed_by_same_purpose,0.10890981685617568,0.05751895492,5.139086193617568,2525
age_65-74,share_trips_home_based,0.8048098503354123,0.8527795904,-4.796974006458765,2525
age_65-74,share_trips_unknown_purpose,0.0,8.908877103e-05,-0.008908877103,2525
age_65-74,share_work_activities_lt_2h,0.15201801200800533,0.3046651366,-15.264712459199467,2525
age_65-74,tours_per_mobile,1.4484721550937114,1.789759687,-0.3412875319062887,2525
age_65-74,trips_per_mobile_person,3.464776327801944,4.197574196,-0.7327978681980558,2525
age_65-74,trips_per_person,2.853649906231202,3.423877205,-0.5702272987687982,2525
age_65-74,trips_per_person_education,0.020841442270266446,0.01416146146,0.006679980810266446,2525
age_65-74,trips_per_person_escort,0.09937723364353702,0.08890443127,0.010472802373537024,2525
age_65-74,trips_per_person_home,1.1929868015993772,1.459871132,-0.26688433040062276,2525
age_65-74,trips_per_person_leisure,0.5561728176639185,0.7530875359,-0.19691471823608153,2525
age_65-74,trips_per_person_other,0.5341902268143378,0.4034220442,0.1307681826143378,2525
age_65-74,trips_per_person_shop,0.34399879692862956,0.6286090397,-0.2846102427713705,2525
age_65-74,trips_per_person_work,0.10608258731113548,0.07551653146,0.03056605585113549,2525
age_75+,dep_hour_share_all_10,0.11668938022496593,0.1402526586,-2.3563278375034065,1662
age_75+,dep_hour_share_all_11,0.08443341537334988,0.139188472,-5.475505662665013,1662
age_75+,dep_hour_share_all_12,0.07349022638976466,0.08437790956,-1.088768317023535,1662
age_75+,dep_hour_share_all_13,0.06693244919960133,0.057911365,0.9021084199601327,1662
age_75+,dep_hour_share_all_14,0.08432357667351463,0.06875053446,1.5573042213514632,1662
age_75+,dep_hour_share_all_15,0.06643207290035189,0.08634828577,-1.991621286964812,1662
age_75+,dep_hour_share_all_16,0.06509773610235339,0.07733575853,-1.2238022427646613,1662
age_75+,dep_hour_share_all_17,0.05880845351178732,0.06071213824,-0.19036847282126804,1662
age_75+,dep_hour_share_all_18,0.05275105262087342,0.04213526123,1.0615791390873424,1662
age_75+,dep_hour_share_all_19,0.034184244248723634,0.01603520517,1.8149039078723634,1662
age_75+,dep_hour_share_all_20,0.018810894371783658,0.01106124017,0.7749654201783658,1662
age_75+,dep_hour_share_all_21,0.011358135182962798,0.01232677845,-0.0968643267037203,1662
age_75+,dep_hour_share_all_22,0.00915729308626406,0.005184793679,0.397249940726406,1662
age_75+,dep_hour_share_all_23,0.0024734047962898928,0.002788430283,-0.03150254867101071,1662
age_75+,dep_hour_share_all_4,0.0009478672985781991,0.0009924730995,-0.0044605800921800965,1662
age_75+,dep_hour_share_all_5,0.0038687630941968555,0.0001878658087,0.3680897285496856,1662
age_75+,dep_hour_share_all_6,0.015751683176372475,0.002586154909,1.3165528267372475,1662
age_75+,dep_hour_share_all_7,0.0474950674287574,0.02107308044,2.64219869887574,1662
age_75+,dep_hour_share_all_8,0.0749181294876228,0.06562999095,0.9288138537622809,1662
age_75+,dep_hour_share_all_9,0.10854911213717633,0.1020002288,0.6548883337176334,1662
age_75+,dep_hour_share_education_10,0.017702312138728325,0.0,1.7702312138728324,1662
age_75+,dep_hour_share_education_11,0.0025289017341040463,0.2528978271,-25.0368925365896,1662
age_75+,dep_hour_share_education_12,0.12030346820809248,0.0,12.030346820809248,1662
age_75+,dep_hour_share_education_13,0.10404624277456648,0.03752681402,6.6519428754566485,1662
age_75+,dep_hour_share_education_14,0.07008670520231214,0.1904885103,-12.040180509768787,1662
age_75+,dep_hour_share_education_15,0.018063583815028903,0.09714150777,-7.907792395497109,1662
age_75+,dep_hour_share_education_16,0.06213872832369942,0.1357520537,-7.36133253763006,1662
age_75+,dep_hour_share_education_17,0.07622832369942197,0.0,7.622832369942197,1662
age_75+,dep_hour_share_education_18,0.0050578034682080926,0.0,0.5057803468208093,1662
age_75+,dep_hour_share_education_19,0.0,0.0,0.0,1662
age_75+,dep_hour_share_education_20,0.000361271676300578,0.0,0.0361271676300578,1662
age_75+,dep_hour_share_education_21,0.0,0.0,0.0,1662
age_75+,dep_hour_share_education_22,0.0,0.0,0.0,1662
age_75+,dep_hour_share_education_23,0.0,0.0,0.0,1662
age_75+,dep_hour_share_education_4,0.0,0.0,0.0,1662
age_75+,dep_hour_share_education_5,0.0,0.0,0.0,1662
age_75+,dep_hour_share_education_6,0.14342485549132947,0.0,14.342485549132947,1662
age_75+,dep_hour_share_education_7,0.2875722543352601,0.0,28.757225433526013,1662
age_75+,dep_hour_share_education_8,0.085621387283237,0.1728129148,-8.7191527516763,1662
age_75+,dep_hour_share_education_9,0.006864161849710983,0.1133803723,-10.651621045028904,1662
age_75+,dep_hour_share_escort_10,0.07280265339966832,0.08295596132,-1.0153307920331671,1662
age_75+,dep_hour_share_escort_11,0.06417910447761194,0.1464836642,-8.230455972238806,1662
age_75+,dep_hour_share_escort_12,0.12553897180762852,0.08061840341,4.492056839762852,1662
age_75+,dep_hour_share_escort_13,0.07081260364842454,0.09138832238,-2.057571873157546,1662
age_75+,dep_hour_share_escort_14,0.0781094527363184,0.0731167491,0.4992703636318402,1662
age_75+,dep_hour_share_escort_15,0.04361525704809287,0.07856438134,-3.4949124291907134,1662
age_75+,dep_hour_share_escort_16,0.015754560530679935,0.09433086214,-7.857630160932007,1662
age_75+,dep_hour_share_escort_17,0.11608623548922056,0.03916106827,7.692516721922056,1662
age_75+,dep_hour_share_escort_18,0.08706467661691543,0.04059220942,4.647246719691543,1662
age_75+,dep_hour_share_escort_19,0.01691542288557214,0.005843814637,1.1071608248572138,1662
age_75+,dep_hour_share_escort_20,0.0004975124378109452,0.02386732631,-2.336981387218905,1662
age_75+,dep_hour_share_escort_21,0.0003316749585406302,0.003627052286,-0.329537732745937,1662
age_75+,dep_hour_share_escort_22,0.0,0.008344154487,-0.8344154487000001,1662
age_75+,dep_hour_share_escort_23,0.0,0.0,0.0,1662
age_75+,dep_hour_share_escort_4,0.0,0.0,0.0,1662
age_75+,dep_hour_share_escort_5,0.017744610281923714,0.0,1.7744610281923714,1662
age_75+,dep_hour_share_escort_6,0.024875621890547265,0.0,2.4875621890547266,1662
age_75+,dep_hour_share_escort_7,0.07213930348258707,0.05330566248,1.8833641002587067,1662
age_75+,dep_hour_share_escort_8,0.04411276948590381,0.07561813287,-3.150536338409618,1662
age_75+,dep_hour_share_escort_9,0.14925373134328357,0.06283893447,8.641479687328356,1662
age_75+,dep_hour_share_home_10,0.09183306100972057,0.1072685476,-1.5435486590279435,1662
age_75+,dep_hour_share_home_11,0.09598715001800105,0.1537783162,-5.779116618199893,1662
age_75+,dep_hour_share_home_12,0.08336795074173567,0.111457598,-2.8089647258264336,1662
age_75+,dep_hour_share_home_13,0.05705872035595927,0.05902988695,-0.19711665940407297,1662
age_75+,dep_hour_share_home_14,0.0991534889732015,0.0554112846,4.37422043732015,1662
age_75+,dep_hour_share_home_15,0.07751530089451383,0.08534048539,-0.7825184495486165,1662
age_75+,dep_hour_share_home_16,0.07720143639166598,0.1042695572,-2.7068120808334024,1662
age_75+,dep_hour_share_home_17,0.0833402568150138,0.07229917472,1.1041082095013797,1662
age_75+,dep_hour_share_home_18,0.06905942193543622,0.05317439514,1.5885026795436228,1662
age_75+,dep_hour_share_home_19,0.05677254977983328,0.02232961792,3.4442931859833283,1662
age_75+,dep_hour_share_home_20,0.03540206965945701,0.02070951551,1.4692554149457013,1662
age_75+,dep_hour_share_home_21,0.02362291949375502,0.02696688922,-0.3343969726244983,1662
age_75+,dep_hour_share_home_22,0.01822260378299039,0.009924744398,0.8297859384990391,1662
age_75+,dep_hour_share_home_23,0.00516030167917509,0.005270412678,-0.011011099882491,1662
age_75+,dep_hour_share_home_4,0.00012000701579476954,0.001157582957,-0.10375759412052304,1662
age_75+,dep_hour_share_home_5,0.0010708318332456359,0.0,0.10708318332456358,1662
age_75+,dep_hour_share_home_6,0.0037756053430815957,0.0004001626772,0.33754426658815956,1662
age_75+,dep_hour_share_home_7,0.011899157181496764,0.008660138639,0.32390185424967644,1662
age_75+,dep_hour_share_home_8,0.03226342463097843,0.04031015037,-0.8046725739021571,1662
age_75+,dep_hour_share_home_9,0.07127493607318582,0.06096797535,1.0306960723185814,1662
age_75+,dep_hour_share_leisure_10,0.1179335168325217,0.1087361696,0.9197347232521704,1662
age_75+,dep_hour_share_leisure_11,0.062319147434540194,0.09637348618,-3.40543387454598,1662
age_75+,dep_hour_share_leisure_12,0.04342814124732397,0.0689004136,-2.547227235267603,1662
age_75+,dep_hour_share_leisure_13,0.056508339802856,0.07426174988,-1.7753410077144003,1662
age_75+,dep_hour_share_leisure_14,0.08956171924624179,0.09584862902,-0.6286909773758218,1662
age_75+,dep_hour_share_leisure_15,0.08073964288234879,0.1154246229,-3.4684980017651204,1662
age_75+,dep_hour_share_leisure_16,0.07408191591973087,0.05235435328,2.172756263973087,1662
age_75+,dep_hour_share_leisure_17,0.06410708824428918,0.08548245401,-2.1375365765710823,1662
age_75+,dep_hour_share_leisure_18,0.061236972733902655,0.07529126466,-1.4054291926097342,1662
age_75+,dep_hour_share_leisure_19,0.03698214411743948,0.02724206847,0.9740075647439485,1662
age_75+,dep_hour_share_leisure_20,0.011786294022161055,0.007190845342,0.45954486801610556,1662
age_75+,dep_hour_share_leisure_21,0.0033406262497941517,0.002202242151,0.11383840987941518,1662
age_75+,dep_hour_share_leisure_22,0.005363822429246948,0.003726288702,0.16375337272469476,1662
age_75+,dep_hour_share_leisure_23,0.0003058319806149575,0.002647351203,-0.23415192223850426,1662
age_75+,dep_hour_share_leisure_4,0.0009645470157856353,0.002482956162,-0.15184091462143645,1662
age_75+,dep_hour_share_leisure_5,0.005787282094713812,0.0,0.5787282094713811,1662
age_75+,dep_hour_share_leisure_6,0.014656409532547581,0.003994981942,1.066142759054758,1662
age_75+,dep_hour_share_leisure_7,0.04178135365939727,0.02685075774,1.4930595919397271,1662
age_75+,dep_hour_share_leisure_8,0.10137153880537324,0.08000139048,2.1370148325373233,1662
age_75+,dep_hour_share_leisure_9,0.12656738890065167,0.07098797462,5.557941428065166,1662
age_75+,dep_hour_share_other_10,0.12055634553857092,0.2016516118,-8.109526626142907,1662
age_75+,dep_hour_share_other_11,0.09149484536082474,0.1370475612,-4.555271583917526,1662
age_75+,dep_hour_share_other_12,0.059633842872378245,0.0384005106,2.1233332272378247,1662
age_75+,dep_hour_share_other_13,0.0786526839672947,0.03175840438,4.68942795872947,1662
age_75+,dep_hour_share_other_14,0.06523284749377889,0.08103297054,-1.580012304622111,1662
age_75+,dep_hour_share_other_15,0.06241112691077142,0.07709632233,-1.4685195419228574,1662
age_75+,dep_hour_share_other_16,0.061122467116956986,0.04479360352,1.6328863596956982,1662
age_75+,dep_hour_share_other_17,0.020640774973338074,0.03314536162,-1.2504586646661926,1662
age_75+,dep_hour_share_other_18,0.042192499111269106,0.007321502186,3.4870996925269107,1662
age_75+,dep_hour_share_other_19,0.01008709562744401,0.004783734651,0.530336097644401,1662
age_75+,dep_hour_share_other_20,0.0037326697476004265,0.001527661785,0.22050079626004265,1662
age_75+,dep_hour_share_other_21,0.0012664415215072875,0.0004788788905,0.07875626310072875,1662
age_75+,dep_hour_share_other_22,0.0008665126199786705,0.0,0.08665126199786705,1662
age_75+,dep_hour_share_other_23,0.0005776750799857803,0.0,0.05776750799857803,1662
age_75+,dep_hour_share_other_4,0.0002666192676857448,0.0,0.026661926768574477,1662
age_75+,dep_hour_share_other_5,0.0007776395307500888,0.00121498969,-0.04373501592499111,1662
age_75+,dep_hour_share_other_6,0.0327941699253466,0.002476732209,3.0317437716346602,1662
age_75+,dep_hour_share_other_7,0.1160460362602204,0.04703117968,6.901485658022041,1662
age_75+,dep_hour_share_other_8,0.10149306789904017,0.1042349238,-0.2741855900959836,1662
age_75+,dep_hour_share_other_9,0.12855492356914328,0.175755808,-4.7200884430856735,1662
age_75+,dep_hour_share_shop_10,0.20522219565968072,0.2087992818,-0.35770861403192633,1662
age_75+,dep_hour_share_shop_11,0.08274231678486997,0.1533425538,-7.060023701513003,1662
age_75+,dep_hour_share_shop_12,0.08736419900656095,0.07528007254,1.2084126466560943,1662
age_75+,dep_hour_share_shop_13,0.09140170531516456,0.05509187559,3.630982972516456,1662
age_75+,dep_hour_share_shop_14,0.06340478656997901,0.06113938107,0.22654054999790146,1662
age_75+,dep_hour_share_shop_15,0.034026615666586976,0.06822457185,-3.4197956183413023,1662
age_75+,dep_hour_share_shop_16,0.037373495896087336,0.06710347312,-2.972997722391267,1662
age_75+,dep_hour_share_shop_17,0.0209578452466332,0.03537323174,-1.4415386493366797,1662
age_75+,dep_hour_share_shop_18,0.010917204558132122,0.0108462037,0.0071000858132122535,1662
age_75+,dep_hour_share_shop_19,0.003160942438972561,0.001063710266,0.20972321729725607,1662
age_75+,dep_hour_share_shop_20,0.0030546922729566767,0.0,0.30546922729566767,1662
age_75+,dep_hour_share_shop_21,0.0007171886206072197,0.0008895349251,-0.017234630449278025,1662
age_75+,dep_hour_share_shop_22,0.0002390628735357399,0.0,0.02390628735357399,1662
age_75+,dep_hour_share_shop_23,0.000265625415039711,0.0,0.0265625415039711,1662
age_75+,dep_hour_share_shop_4,0.0,0.0,0.0,1662
age_75+,dep_hour_share_shop_5,0.0017531277392620927,0.0,0.17531277392620925,1662
age_75+,dep_hour_share_shop_6,0.006560947751480862,0.003147675821,0.3413271930480862,1662
age_75+,dep_hour_share_shop_7,0.03617818152840864,0.02041468547,1.5763496058408641,1662
age_75+,dep_hour_share_shop_8,0.1356548994607804,0.0646015702,7.105332926078041,1662
age_75+,dep_hour_share_shop_9,0.17746433978803092,0.1746821781,0.2782161688030915,1662
age_75+,dep_hour_share_work_10,0.02352607709750567,0.07434471358,-5.081863648249433,1662
age_75+,dep_hour_share_work_11,0.02295918367346939,0.01929711201,0.366207166346939,1662
age_75+,dep_hour_share_work_12,0.035430839002267574,0.09843333039,-6.300249138773243,1662
age_75+,dep_hour_share_work_13,0.04931972789115646,0.02364396595,2.567576194115646,1662
age_75+,dep_hour_share_work_14,0.05442176870748299,0.01643313137,3.7988637337482993,1662
age_75+,dep_hour_share_work_15,0.027777777777777776,0.03231314461,-0.45353668322222207,1662
age_75+,dep_hour_share_work_16,0.018424036281179137,0.0,1.8424036281179137,1662
age_75+,dep_hour_share_work_17,0.020975056689342405,0.0,2.0975056689342404,1662
age_75+,dep_hour_share_work_18,0.00963718820861678,0.03378738214,-2.415019393138322,1662
age_75+,dep_hour_share_work_19,0.0017006802721088435,0.0,0.17006802721088435,1662
age_75+,dep_hour_share_work_20,0.0002834467120181406,0.0,0.02834467120181406,1662
age_75+,dep_hour_share_work_21,0.001417233560090703,0.0,0.1417233560090703,1662
age_75+,dep_hour_share_work_22,0.0002834467120181406,0.0,0.02834467120181406,1662
age_75+,dep_hour_share_work_23,0.0,0.0,0.0,1662
age_75+,dep_hour_share_work_4,0.04733560090702948,0.0,4.733560090702948,1662
age_75+,dep_hour_share_work_5,0.10799319727891156,0.002988362444,10.500483483491156,1662
age_75+,dep_hour_share_work_6,0.16156462585034015,0.1164616422,4.510298365034014,1662
age_75+,dep_hour_share_work_7,0.22505668934240364,0.01476200325,21.029468609240364,1662
age_75+,dep_hour_share_work_8,0.12301587301587301,0.4807737085,-35.7757835484127,1662
age_75+,dep_hour_share_work_9,0.05555555555555555,0.04028559832,1.5269957235555556,1662
age_75+,mean_work_activity_h,5.043390967498111,4.157264988,0.8861259794981118,1662
age_75+,mobility_rate,0.7379143176185419,0.7603079145,-2.2393596881458144,1662
age_75+,n_persons_unweighted,110151.0,1662.0,108489.0,1662
age_75+,n_persons_weighted,110151.0,69932.03763,40218.962369999994,1662
age_75+,n_work_activities_measured,3528.0,21.0,3507.0,1662
age_75+,nonhome_acts_per_mobile,1.69149381166802,2.178282042,-0.48678823033198015,1662
age_75+,participation_education,0.018274913527793667,0.005760162089,1.2514751438793665,1662
age_75+,participation_escort,0.03678586667392943,0.04578380436,-0.8997937686070573,1662
age_75+,participation_home,0.7379143176185419,0.7528203731,-1.490605548145818,1662
age_75+,participation_leisure,0.3119263556390773,0.4170625035,-10.513614786092273,1662
age_75+,participation_other,0.3286851685413659,0.3339758159,-0.5290647358634049,1662
age_75+,participation_shop,0.30451834300187924,0.4130404544,-10.852211139812074,1662
age_75+,participation_work,0.025492278780946155,0.01333701471,1.2155264070946157,1662
age_75+,purpose_share_education,0.011260500783109249,0.002305597265,0.8954903518109248,1662
age_75+,purpose_share_escort,0.024530642963204036,0.02217510901,0.23555339532040365,1662
age_75+,purpose_share_home,0.4406850680389724,0.4299173366,1.0767731438972417,1662
age_75+,purpose_share_leisure,0.1729227264406159,0.1993583812,-2.6435654759384084,1662
age_75+,purpose_share_other,0.18309704452535444,0.1410283854,4.206865912535443,1662
age_75+,purpose_share_shop,0.15315176047027235,0.1997667241,-4.661496362972764,1662
age_75+,purpose_share_work,0.014352256778471614,0.005448466475,0.8903790303471614,1662
age_75+,share_mobile_first_from_home,1.0,0.9846670343,1.5332965699999979,1662
age_75+,share_mobile_last_to_home,1.0,0.979422835,2.0577164999999953,1662
age_75+,share_mobile_odd_trip_count,0.2815014394330848,0.2527318391,2.876960033308479,1662
age_75+,share_trips_0,0.2620856823814582,0.2396920855,2.239359688145817,1662
age_75+,share_trips_1,0.0008715308984938857,0.008492762892,-0.7621231993506115,1662
age_75+,share_trips_2,0.3769734273860428,0.2757565935,10.12168338860428,1662
age_75+,share_trips_3,0.15877295712249548,0.08338492642,7.538803070249547,1662
age_75+,share_trips_4,0.10511933618396564,0.1897751978,-8.465586161603435,1662
age_75+,share_trips_5,0.035342393623298926,0.05944666187,-2.4104268246701075,1662
age_75+,share_trips_6,0.039200733538506234,0.06490578617,-2.570505263149376,1662
age_75+,share_trips_7,0.010158782035569355,0.02640785967,-1.6249077634430644,1662
age_75+,share_trips_8plus,0.011475156830169494,0.05213812617,-4.06629693398305,1662
age_75+,share_trips_followed_by_same_purpose,0.08908732176636902,0.0518164098,3.7270911966369025,1662
age_75+,share_trips_home_based,0.8464129528303805,0.8612071433,-1.4794190469619495,1662
age_75+,share_trips_unknown_purpose,0.0,0.0,0.0,1662
age_75+,share_work_activities_lt_2h,0.23526077097505668,0.3424019536,-10.71411826249433,1662
age_75+,tours_per_mobile,1.3327304938362736,1.642711266,-0.30998077216372644,1662
age_75+,trips_per_mobile_person,3.0242243055042937,3.820993308,-0.7967690024957061,1662
age_75+,trips_per_person,2.2316184147216096,2.905131453,-0.6735130382783905,1662
age_75+,trips_per_person_education,0.025129140906573703,0.006698063132,0.0184310777745737,1662
age_75+,trips_per_person_escort,0.05474303456164719,0.06442160667,-0.009678572108352816,1662
age_75+,trips_per_person_home,0.9834409129286161,1.248966377,-0.2655254640713838,1662
age_75+,trips_per_person_leisure,0.3858975406487458,0.5791623038,-0.19326476315125418,1662
age_75+,trips_per_person_other,0.4086027362438834,0.4097059982,-0.0011032619561165968,1662
age_75+,trips_per_person_shop,0.34177628891249284,0.5803485935,-0.23857230458750717,1662
age_75+,trips_per_person_work,0.0320287605196503,0.01582851133,0.0162002491896503,1662
all,dep_hour_share_all_10,0.04552958866136819,0.05208275243,-0.6553163768631804,17269
all,dep_hour_share_all_11,0.04899615149622423,0.05638717976,-0.7391028263775773,17269
all,dep_hour_share_all_12,0.060353477983921336,0.06122048412,-0.08670061360786657,17269
all,dep_hour_share_all_13,0.06589997851969101,0.07229829733,-0.6398318810308987,17269
all,dep_hour_share_all_14,0.07297300476095264,0.07193688752,0.10361172409526359,17269
all,dep_hour_share_all_15,0.08781763155760716,0.09129177653,-0.34741449723928314,17269
all,dep_hour_share_all_16,0.0891191401933723,0.09313951947,-0.40203792766276975,17269
all,dep_hour_share_all_17,0.07823815658092907,0.08325053706,-0.5012380479070933,17269
all,dep_hour_share_all_18,0.0637463763585367,0.06232227312,0.14241032385366933,17269
all,dep_hour_share_all_19,0.040774826315916536,0.03832407875,0.2450747565916539,17269
all,dep_hour_share_all_20,0.029090033446141066,0.02323517727,0.5854856176141066,17269
all,dep_hour_share_all_21,0.019235709558985115,0.01689596206,0.2339747498985117,17269
all,dep_hour_share_all_22,0.0145809204095744,0.01114277512,0.3438145289574399,17269
all,dep_hour_share_all_23,0.007361493791447866,0.003609894486,0.3751599305447866,17269
all,dep_hour_share_all_4,0.004341560436118366,0.002569121759,0.17724386771183656,17269
all,dep_hour_share_all_5,0.016079280292033156,0.01238511537,0.3694164922033156,17269
all,dep_hour_share_all_6,0.047947206724141454,0.03307486761,1.487233911414145,17269
all,dep_hour_share_all_7,0.08968802791573528,0.102717226,-1.3029198084264713,17269
all,dep_hour_share_all_8,0.05793462186299277,0.06368874809,-0.5754126227007224,17269
all,dep_hour_share_all_9,0.04888627383494085,0.04633409046,0.25521833749408485,17269
all,dep_hour_share_education_10,0.01901032492344381,0.01127198533,0.773833959344381,17269
all,dep_hour_share_education_11,0.02928104929405707,0.01820934422,1.107170507405707,17269
all,dep_hour_share_education_12,0.026521413150501792,0.02153748165,0.4983931500501793,17269
all,dep_hour_share_education_13,0.03163419238864349,0.02866261207,0.29715803186434914,17269
all,dep_hour_share_education_14,0.024466364958492543,0.01802018268,0.6446182278492543,17269
all,dep_hour_share_education_15,0.03393313641003406,0.01783646586,1.6096670550034058,17269
all,dep_hour_share_education_16,0.018355419455660642,0.01602070108,0.2334718375660641,17269
all,dep_hour_share_education_17,0.008486671544583255,0.01398119051,-0.5494518965416745,17269
all,dep_hour_share_education_18,0.005781234474223824,0.005305116992,0.04761174822238241,17269
all,dep_hour_share_education_19,0.005203111026801442,0.001884147068,0.3318963958801442,17269
all,dep_hour_share_education_20,0.0005058580164945846,0.0004658888282,0.0039969188294584675,17269
all,dep_hour_share_education_21,0.00030712808144314063,0.0004652239367,-0.01580958552568594,17269
all,dep_hour_share_education_22,0.00013549768298962088,0.0,0.013549768298962088,17269
all,dep_hour_share_education_23,9.033178865974725e-05,0.0,0.009033178865974725,17269
all,dep_hour_share_education_4,0.0005465073213914708,0.0,0.05465073213914708,17269
all,dep_hour_share_education_5,0.0035093899894311806,0.001188721285,0.23206687044311805,17269
all,dep_hour_share_education_6,0.17080386258728308,0.06624452555,10.455933703728308,17269
all,dep_hour_share_education_7,0.46277878648275117,0.617002642,-15.422385551724883,17269
all,dep_hour_share_education_8,0.12074198531205116,0.1259639598,-0.5221974487948838,17269
all,dep_hour_share_education_9,0.0365256587445688,0.03593981114,0.058584760456879825,17269
all,dep_hour_share_escort_10,0.017184937412081963,0.01565574758,0.15291898320819625,17269
all,dep_hour_share_escort_11,0.03335861483310969,0.03004725867,0.33113561631096866,17269
all,dep_hour_share_escort_12,0.060474643952211485,0.0528680563,0.7606587652211484,17269
all,dep_hour_share_escort_13,0.07074930475875615,0.08932804703,-1.8578742271243842,17269
all,dep_hour_share_escort_14,0.13527547111102467,0.115349183,1.9926288111024677,17269
all,dep_hour_share_escort_15,0.12244024814764395,0.1244621437,-0.20218955523560456,17269
all,dep_hour_share_escort_16,0.07909219968495362,0.05920440843,1.9887791254953622,17269
all,dep_hour_share_escort_17,0.056325885014553066,0.05249078204,0.3835102974553063,17269
all,dep_hour_share_escort_18,0.042693322442841124,0.03538729115,0.7306031292841124,17269
all,dep_hour_share_escort_19,0.01899353701146743,0.01797240353,0.10211334814674289,17269
all,dep_hour_share_escort_20,0.008090079928433908,0.005678119723,0.24119602054339082,17269
all,dep_hour_share_escort_21,0.0068973117338571146,0.004239624988,0.2657686745857114,17269
all,dep_hour_share_escort_22,0.0026383513869171478,0.01415427905,-1.1515927663082852,17269
all,dep_hour_share_escort_23,0.0018474942144260126,0.0,0.18474942144260126,17269
all,dep_hour_share_escort_4,0.001283522296338072,0.0006932826375,0.0590239658838072,17269
all,dep_hour_share_escort_5,0.002236440364831489,0.001337280905,0.08991594598314889,17269
all,dep_hour_share_escort_6,0.04408056371262065,0.01618361979,2.7896943922620654,17269
all,dep_hour_share_escort_7,0.1779687935538658,0.2309359067,-5.29671131461342,17269
all,dep_hour_share_escort_8,0.08568483693432644,0.1134596022,-2.777476526567356,17269
all,dep_hour_share_escort_9,0.027997640393354208,0.0168111617,1.1186478693354207,17269
all,dep_hour_share_home_10,0.03283983989342088,0.04046123877,-0.7621398876579116,17269
all,dep_hour_share_home_11,0.048649769831923775,0.0585540642,-0.9904294368076223,17269
all,dep_hour_share_home_12,0.07397792289666821,0.06647582231,0.7502100586668212,17269
all,dep_hour_share_home_13,0.0813208495402586,0.09330815006,-1.1987300519741395,17269
all,dep_hour_share_home_14,0.08405223685306118,0.08069255332,0.3359683533061181,17269
all,dep_hour_share_home_15,0.10530561205676289,0.1093322941,-0.4026682043237112,17269
all,dep_hour_share_home_16,0.10928522998965136,0.116839246,-0.7554016010348635,17269
all,dep_hour_share_home_17,0.10304035970452842,0.1064625149,-0.34221551954715795,17269
all,dep_hour_share_home_18,0.08902062591442743,0.08747836701,0.15422589044274265,17269
all,dep_hour_share_home_19,0.06001469031390881,0.05159458958,0.8420100733908809,17269
all,dep_hour_share_home_20,0.05261823621073166,0.04105673517,1.1561501040731663,17269
all,dep_hour_share_home_21,0.0364507131047116,0.0308444887,0.5606224404711604,17269
all,dep_hour_share_home_22,0.029176926096420797,0.02079915672,0.8377769376420797,17269
all,dep_hour_share_home_23,0.015424829604253648,0.00713848223,0.8286347374253649,17269
all,dep_hour_share_home_4,5.650120734158846e-05,0.0007880555536,-0.07315543462584115,17269
all,dep_hour_share_home_5,0.000707751965647266,0.002243374312,-0.15356223463527338,17269
all,dep_hour_share_home_6,0.0020370172120520048,0.005951955834,-0.39149386219479954,17269
all,dep_hour_share_home_7,0.010000713699461157,0.01771765154,-0.7716937840538843,17269
all,dep_hour_share_home_8,0.019201489252875615,0.03211590665,-1.2914417397124383,17269
all,dep_hour_share_home_9,0.02819261558957523,0.02755384938,0.06387662095752311,17269
all,dep_hour_share_leisure_10,0.04700887448352991,0.05123809208,-0.4229217596470089,17269
all,dep_hour_share_leisure_11,0.037475794509625245,0.04645842328,-0.8982628770374756,17269
all,dep_hour_share_leisure_12,0.04509935900754901,0.06364873778,-1.8549378772450997,17269
all,dep_hour_share_leisure_13,0.055324172353446756,0.05387841209,0.14457602634467548,17269
all,dep_hour_share_leisure_14,0.07839368741521606,0.07686726499,0.15264224252160563,17269
all,dep_hour_share_leisure_15,0.10439582060495604,0.1102737997,-0.587797909504395,17269
all,dep_hour_share_leisure_16,0.13822241091861778,0.1294178436,0.8804567318617784,17269
all,dep_hour_share_leisure_17,0.12564487568474356,0.1191116262,0.6533249484743555,17269
all,dep_hour_share_leisure_18,0.10053122637699469,0.1016873967,-0.1156170323005315,17269
all,dep_hour_share_leisure_19,0.06407646346135923,0.07607784797,-1.200138450864077,17269
all,dep_hour_share_leisure_20,0.028174673031718254,0.0244133345,0.37613385317182524,17269
all,dep_hour_share_leisure_21,0.013919580817860804,0.01228588096,0.1633699857860804,17269
all,dep_hour_share_leisure_22,0.009897586181901024,0.006821451648,0.3076134533901024,17269
all,dep_hour_share_leisure_23,0.0024148536279758517,0.001633402206,0.07814514219758517,17269
all,dep_hour_share_leisure_4,0.00036243514999637565,0.002422411664,-0.20599765140036247,17269
all,dep_hour_share_leisure_5,0.0037092648779629075,0.003823253606,-0.011398872803709261,17269
all,dep_hour_share_leisure_6,0.01699303088983007,0.01165320072,0.5339830169830071,17269
all,dep_hour_share_leisure_7,0.026799490519732006,0.02062581758,0.6173672939732006,17269
all,dep_hour_share_leisure_8,0.042889540121571104,0.04255933534,0.033020478157110705,17269
all,dep_hour_share_leisure_9,0.05473184976545268,0.04425437079,1.0477478975452683,17269
all,dep_hour_share_other_10,0.08458745656035771,0.1301118092,-4.55243526396423,17269
all,dep_hour_share_other_11,0.08314210773319206,0.09145098908,-0.8308881346807948,17269
all,dep_hour_share_other_12,0.07073283792226788,0.05132191486,1.9410923062267882,17269
all,dep_hour_share_other_13,0.07638179090812246,0.06001855461,1.636323629812246,17269
all,dep_hour_share_other_14,0.08511434667065913,0.09755224515,-1.243789847934086,17269
all,dep_hour_share_other_15,0.09042643548763248,0.1054314224,-1.5004986912367526,17269
all,dep_hour_share_other_16,0.08756165046167666,0.08905000017,-0.14883497083233443,17269
all,dep_hour_share_other_17,0.05917004730494269,0.05648435509,0.2685692214942692,17269
all,dep_hour_share_other_18,0.043089821807492205,0.01983289418,2.3256927627492203,17269
all,dep_hour_share_other_19,0.028529803841403197,0.007601686856,2.0928116985403196,17269
all,dep_hour_share_other_20,0.01386901454274288,0.003986890487,0.9882124055742881,17269
all,dep_hour_share_other_21,0.008859239723483464,0.004324751579,0.4534488144483464,17269
all,dep_hour_share_other_22,0.004880211677382018,0.002829444726,0.20507669513820181,17269
all,dep_hour_share_other_23,0.0034636546595224593,0.002102075094,0.1361579565522459,17269
all,dep_hour_share_other_4,0.0014079194750677326,0.0,0.14079194750677326,17269
all,dep_hour_share_other_5,0.002539437580797015,0.001597040282,0.09423972987970149,17269
all,dep_hour_share_other_6,0.01622418454398093,0.01265661625,0.35675682939809283,17269
all,dep_hour_share_other_7,0.06145323778291552,0.05086334049,1.058989729291552,17269
all,dep_hour_share_other_8,0.08219773638795236,0.096064651,-1.3866914612047643,17269
all,dep_hour_share_other_9,0.0893582593623766,0.1148234528,-2.546519343762341,17269
all,dep_hour_share_shop_10,0.12007339081766776,0.113573183,0.650020781766776,17269
all,dep_hour_share_shop_11,0.09012731610859066,0.1045408637,-1.4413547591409337,17269
all,dep_hour_share_shop_12,0.08003607867927365,0.08070060705,-0.066452837072635,17269
all,dep_hour_share_shop_13,0.0618194292938832,0.06772682363,-0.5907394336116805,17269
all,dep_hour_share_shop_14,0.0774072689287793,0.07479634652,0.26109224087793037,17269
all,dep_hour_share_shop_15,0.09841461957422533,0.09546457991,0.2950039664225329,17269
all,dep_hour_share_shop_16,0.08499304251964862,0.1031216009,-1.8128558380351378,17269
all,dep_hour_share_shop_17,0.07315183496316968,0.09223050614,-1.907867117683032,17269
all,dep_hour_share_shop_18,0.04970069343529929,0.04335069655,0.6349996885299289,17269
all,dep_hour_share_shop_19,0.017414900957087188,0.02151343125,-0.40985302929128115,17269
all,dep_hour_share_shop_20,0.004598489783489379,0.006442516701,-0.18440269175106208,17269
all,dep_hour_share_shop_21,0.00250931839819915,0.005893960561,-0.33846421628008505,17269
all,dep_hour_share_shop_22,0.0021585534608164728,0.0006416588402,0.15168946206164727,17269
all,dep_hour_share_shop_23,0.00040472877390308867,0.0005087035568,-0.01039747828969113,17269
all,dep_hour_share_shop_4,0.00011949135229519761,0.0,0.01194913522951976,17269
all,dep_hour_share_shop_5,0.0008133121075576353,0.0003825330999,0.043077900765763524,17269
all,dep_hour_share_shop_6,0.00990236400149557,0.007791666165,0.21106978364955697,17269
all,dep_hour_share_shop_7,0.03676864546915774,0.02966680839,0.7101837079157742,17269
all,dep_hour_share_shop_8,0.07695243087810726,0.05374159274,2.321083813810726,17269
all,dep_hour_share_shop_9,0.11046011879753154,0.09791192129,1.2548197507531542,17269
all,dep_hour_share_work_10,0.030533134836644518,0.0303903156,0.014281923664451884,17269
all,dep_hour_share_work_11,0.02586957245525501,0.03001389447,-0.4144322014744989,17269
all,dep_hour_share_work_12,0.03133932945535489,0.05146979714,-2.0130467684645112,17269
all,dep_hour_share_work_13,0.0388376528559266,0.0513865555,-1.2548902644073399,17269
all,dep_hour_share_work_14,0.021227413470822413,0.02808671787,-0.6859304399177587,17269
all,dep_hour_share_work_15,0.01981716742688362,0.01634328475,0.34738826768836195,17269
all,dep_hour_share_work_16,0.012996618263280808,0.01024163755,0.27549807132808085,17269
all,dep_hour_share_work_17,0.008116643757104738,0.009852105267,-0.1735461509895262,17269
all,dep_hour_share_work_18,0.004630268208345422,0.004006507796,0.06237604123454227,17269
all,dep_hour_share_work_19,0.0037194347600679203,0.001186497274,0.253293748606792,17269
all,dep_hour_share_work_20,0.005315176910966625,0.005229557461,0.008561944996662504,17269
all,dep_hour_share_work_21,0.0036552245691971823,0.005844712427,-0.21894878578028173,17269
all,dep_hour_share_work_22,0.0009322368452344147,0.0005113971661,0.042083967913441475,17269
all,dep_hour_share_work_23,0.000611185890880726,0.001162207318,-0.05510214271192739,17269
all,dep_hour_share_work_4,0.03076619404795312,0.01450336362,1.6262830427953123,17269
all,dep_hour_share_work_5,0.1117542699776929,0.08463918182,2.7115088157692897,17269
all,dep_hour_share_work_6,0.2167569572930886,0.1774689088,3.928804849308862,17269
all,dep_hour_share_work_7,0.24394878404923734,0.2873963517,-4.344756765076266,17269
all,dep_hour_share_work_8,0.12408738293530942,0.1391245841,-1.5037201164690581,17269
all,dep_hour_share_work_9,0.051123202709194425,0.04672684261,0.4396360099194425,17269
all,mean_work_activity_h,5.799033533436997,6.290371181,-0.4913376475630029,17269
all,mobility_rate,0.881945933225709,0.8879085523,-0.5962619074290965,17269
all,n_persons_unweighted,1002871.0,17269.0,985602.0,17269
all,n_persons_weighted,1002871.0,748071.993,254799.00699999998,17269
all,n_work_activities_measured,419949.0,6787.0,413162.0,17269
all,nonhome_acts_per_mobile,2.132062075031827,2.181590299,-0.04952822396817291,17269
all,participation_education,0.1751780637788908,0.1853225869,-1.0144523121109195,17269
all,participation_escort,0.10096612625153185,0.1043655927,-0.33994664484681414,17269
all,participation_home,0.881945933225709,0.8782584418,0.3687491425709011,17269
all,participation_leisure,0.3755737278274075,0.403230209,-2.765648117259251,17269
all,participation_other,0.2528959357684089,0.1801199973,7.27759384684089,17269
all,participation_shop,0.21771394326887505,0.2940169754,-7.6303032131124935,17269
all,participation_work,0.3382129905042623,0.348923076,-1.071008549573771,17269
all,purpose_share_education,0.06852837598340507,0.06103073209,0.749764389340507,17269
all,purpose_share_escort,0.047746641302981924,0.0501628758,-0.24162344970180757,17269
all,purpose_share_home,0.41632924423358936,0.4226397423,-0.6310498066410652,17269
all,purpose_share_leisure,0.1494475474996487,0.164692032,-1.5244484500351292,17269
all,purpose_share_other,0.10750089913973529,0.06709773398,4.040316515973529,17269
all,purpose_share_shop,0.08029828535135781,0.1104526704,-3.015438504864218,17269
all,purpose_share_work,0.13014900648928182,0.1239242133,0.6224793189281819,17269
all,share_mobile_first_from_home,1.0,0.9781395677,2.186043230000001,17269
all,share_mobile_last_to_home,1.0,0.9776106086,2.238939139999996,17269
all,share_mobile_odd_trip_count,0.286128089110187,0.2325256214,5.3602467710187005,17269
all,share_trips_0,0.118054066774291,0.1120914477,0.5962619074291007,17269
all,share_trips_1,0.0008146611079590495,0.006153693398,-0.5339032290040951,17269
all,share_trips_2,0.33814917372224346,0.3306934317,0.7455742022243472,17269
all,share_trips_3,0.12358817833998591,0.08900436466,3.4583813679985904,17269
all,share_trips_4,0.19526738733097276,0.2333425884,-3.8075201069027234,17269
all,share_trips_5,0.08881600923747919,0.06689337134,2.1922637897479196,17269
all,share_trips_6,0.06808951500242803,0.08039734114,-1.2307826137571962,17269
all,share_trips_7,0.029402585177954094,0.03113369378,-0.1731108602045905,17269
all,share_trips_8plus,0.037818423306686506,0.05029006785,-1.2471644543313496,17269
all,share_trips_followed_by_same_purpose,0.10247128788380577,0.0453464843,5.712480358380577,17269
all,share_trips_home_based,0.8092093574911494,0.8448585244,-3.564916690885056,17269
all,share_trips_unknown_purpose,0.0,0.0006637068375,-0.06637068375,17269
all,share_work_activities_lt_2h,0.1933139500272652,0.1095768815,8.37370685272652,17269
all,tours_per_mobile,1.52078853289737,1.595134658,-0.07434612510263006,17269
all,trips_per_mobile_person,3.6528506079291967,3.776724957,-0.12387434907080319,17269
all,trips_per_person,3.221616738344214,3.353386389,-0.13176965065578639,17269
all,trips_per_person_education,0.2207721631196834,0.2045237923,0.01624837081968339,17269
all,trips_per_person_escort,0.15382137882140376,0.1681038591,-0.014282480278596243,17269
all,trips_per_person_home,1.3412532618851278,1.416333704,-0.07508044211487208,17269
all,trips_per_person_leisure,0.48146272052936023,0.5519094692,-0.07044674867063971,17269
all,trips_per_person_other,0.34632669605562433,0.2248552907,0.12147140535562434,17269
all,trips_per_person_shop,0.2586903001482743,0.370144651,-0.11145435085172567,17269
all,trips_per_person_work,0.41929021778474,0.4152899564,0.004000261384740023,17269
group_adult_18_64_not_employed,dep_hour_share_all_10,0.07137130023188326,0.07749087943,-0.6119579198116745,2259
group_adult_18_64_not_employed,dep_hour_share_all_11,0.07938015644148022,0.09340376641,-1.4023609968519786,2259
group_adult_18_64_not_employed,dep_hour_share_all_12,0.07565362380242999,0.07388465493,0.1768968872429985,2259
group_adult_18_64_not_employed,dep_hour_share_all_13,0.06798644234580219,0.07969863507,-1.171219272419781,2259
group_adult_18_64_not_employed,dep_hour_share_all_14,0.07393386087915192,0.07648248919,-0.25486283108480806,2259
group_adult_18_64_not_employed,dep_hour_share_all_15,0.0824210617429057,0.0808592829,0.15617788429057033,2259
group_adult_18_64_not_employed,dep_hour_share_all_16,0.0774644999931665,0.06897072023,0.8493779763166496,2259
group_adult_18_64_not_employed,dep_hour_share_all_17,0.07738705371582683,0.06398917418,1.3397879535826829,2259
group_adult_18_64_not_employed,dep_hour_share_all_18,0.05728746691449475,0.05683478658,0.045268033449475525,2259
group_adult_18_64_not_employed,dep_hour_share_all_19,0.035445338873019996,0.04282340685,-0.7378067976980006,2259
group_adult_18_64_not_employed,dep_hour_share_all_20,0.026910303543850538,0.02757417458,-0.06638710361494618,2259
group_adult_18_64_not_employed,dep_hour_share_all_21,0.01888550251244835,0.0187906744,0.00948281124483509,2259
group_adult_18_64_not_employed,dep_hour_share_all_22,0.018411713521664458,0.01039494172,0.8016771801664457,2259
group_adult_18_64_not_employed,dep_hour_share_all_23,0.008958712022851208,0.006846699206,0.21120128168512073,2259
group_adult_18_64_not_employed,dep_hour_share_all_4,0.0012459739324941802,0.0007159546023,0.053001933019418024,2259
group_adult_18_64_not_employed,dep_hour_share_all_5,0.0031434077273162133,0.001760554318,0.13828534093162134,2259
group_adult_18_64_not_employed,dep_hour_share_all_6,0.02168951331848187,0.01423013081,0.745938250848187,2259
group_adult_18_64_not_employed,dep_hour_share_all_7,0.05756764021192946,0.06504609551,-0.7478455298070535,2259
group_adult_18_64_not_employed,dep_hour_share_all_8,0.06549449448081382,0.07575824832,-1.026375383918618,2259
group_adult_18_64_not_employed,dep_hour_share_all_9,0.06827117130660981,0.06261902963,0.565214167660981,2259
group_adult_18_64_not_employed,dep_hour_share_education_10,0.03871948024730169,0.04171194676,-0.29924665126983135,2259
group_adult_18_64_not_employed,dep_hour_share_education_11,0.09090432777952426,0.06752154523,2.3382782549524266,2259
group_adult_18_64_not_employed,dep_hour_share_education_12,0.09451954312061196,0.04650903906,4.801050406061196,2259
group_adult_18_64_not_employed,dep_hour_share_education_13,0.061196688672325264,0.0918277138,-3.0631025127674736,2259
group_adult_18_64_not_employed,dep_hour_share_education_14,0.022372419574557267,0.05329711678,-3.0924697205442735,2259
group_adult_18_64_not_employed,dep_hour_share_education_15,0.019490726186733733,0.03223307661,-1.2742350423266269,2259
group_adult_18_64_not_employed,dep_hour_share_education_16,0.0038771874672534844,0.03316195321,-2.9284765742746512,2259
group_adult_18_64_not_employed,dep_hour_share_education_17,0.005763386775647071,0.01451799987,-0.8754613094352928,2259
group_adult_18_64_not_employed,dep_hour_share_education_18,0.01624227182227811,0.006455578938,0.9786692884278109,2259
group_adult_18_64_not_employed,dep_hour_share_education_19,0.0030912710887561565,0.0004042972006,0.26869738881561567,2259
group_adult_18_64_not_employed,dep_hour_share_education_20,0.00015718327569946557,0.002898626742,-0.2741443466300535,2259
group_adult_18_64_not_employed,dep_hour_share_education_21,5.239442523315519e-05,0.0,0.005239442523315519,2259
group_adult_18_64_not_employed,dep_hour_share_education_22,5.239442523315519e-05,0.0,0.005239442523315519,2259
group_adult_18_64_not_employed,dep_hour_share_education_23,0.0,0.0,0.0,2259
group_adult_18_64_not_employed,dep_hour_share_education_4,0.000261972126165776,0.0,0.0261972126165776,2259
group_adult_18_64_not_employed,dep_hour_share_education_5,0.003981976317719795,0.004200471299,-0.021849498128020516,2259
group_adult_18_64_not_employed,dep_hour_share_education_6,0.15225819972754898,0.03496706921,11.729113051754897,2259
group_adult_18_64_not_employed,dep_hour_share_education_7,0.28057214712354606,0.3548291092,-7.425696207645394,2259
group_adult_18_64_not_employed,dep_hour_share_education_8,0.13056690768102275,0.105880584,2.468632368102275,2259
group_adult_18_64_not_employed,dep_hour_share_education_9,0.07591952216284187,0.1095838721,-3.3664349937158127,2259
group_adult_18_64_not_employed,dep_hour_share_escort_10,0.034479437542136185,0.03256602831,0.1913409232136183,2259
group_adult_18_64_not_employed,dep_hour_share_escort_11,0.05319592924331439,0.02994127091,2.3254658333314393,2259
group_adult_18_64_not_employed,dep_hour_share_escort_12,0.10870332915984461,0.08237514183,2.6328187329844615,2259
group_adult_18_64_not_employed,dep_hour_share_escort_13,0.07008250666153007,0.1218795239,-5.179701723846993,2259
group_adult_18_64_not_employed,dep_hour_share_escort_14,0.13685832610998747,0.1097958059,2.7062520209987464,2259
group_adult_18_64_not_employed,dep_hour_share_escort_15,0.12504414266910654,0.1052953933,1.9748749369106546,2259
group_adult_18_64_not_employed,dep_hour_share_escort_16,0.05813990818324826,0.05488630946,0.3253598723248263,2259
group_adult_18_64_not_employed,dep_hour_share_escort_17,0.030402260104658255,0.02622364605,0.4178614054658254,2259
group_adult_18_64_not_employed,dep_hour_share_escort_18,0.019198048091431507,0.02439506307,-0.5197014978568494,2259
group_adult_18_64_not_employed,dep_hour_share_escort_19,0.012135221034383126,0.009488462721,0.2646758313383126,2259
group_adult_18_64_not_employed,dep_hour_share_escort_20,0.0016051879675109955,0.002935632825,-0.13304448574890043,2259
group_adult_18_64_not_employed,dep_hour_share_escort_21,0.012552569905935985,0.004073584622,0.8478985283935986,2259
group_adult_18_64_not_employed,dep_hour_share_escort_22,0.0016372917268612155,0.001313187094,0.032410463286121544,2259
group_adult_18_64_not_employed,dep_hour_share_escort_23,0.000706282705704838,0.0,0.0706282705704838,2259
group_adult_18_64_not_employed,dep_hour_share_escort_4,9.631127805065973e-05,0.002527254833,-0.24309435549493405,2259
group_adult_18_64_not_employed,dep_hour_share_escort_5,0.0002889338341519792,0.002910451063,-0.26215172288480204,2259
group_adult_18_64_not_employed,dep_hour_share_escort_6,0.02590773379562747,0.01011858595,1.5789147845627467,2259
group_adult_18_64_not_employed,dep_hour_share_escort_7,0.1733281967318373,0.1922049728,-1.887677606816271,2259
group_adult_18_64_not_employed,dep_hour_share_escort_8,0.09438505248964654,0.1554195084,-6.103445591035345,2259
group_adult_18_64_not_employed,dep_hour_share_escort_9,0.034639956338887286,0.03165017702,0.29897793188872823,2259
group_adult_18_64_not_employed,dep_hour_share_home_10,0.04655164631807,0.05875885036,-1.220720404193,2259
group_adult_18_64_not_employed,dep_hour_share_home_11,0.07887996208616371,0.09886921688,-1.9989254793836286,2259
group_adult_18_64_not_employed,dep_hour_share_home_12,0.07325494798131389,0.08167531352,-0.8420365538686109,2259
group_adult_18_64_not_employed,dep_hour_share_home_13,0.08166708040892781,0.08815433055,-0.6487250141072196,2259
group_adult_18_64_not_employed,dep_hour_share_home_14,0.08024531154792264,0.07535693733,0.4888374217922639,2259
group_adult_18_64_not_employed,dep_hour_share_home_15,0.0707781363544041,0.08284455605,-1.206641969559591,2259
group_adult_18_64_not_employed,dep_hour_share_home_16,0.09226264358737109,0.07904487975,1.3217763837371082,2259
group_adult_18_64_not_employed,dep_hour_share_home_17,0.09426553226061249,0.07609807943,1.8167452830612483,2259
group_adult_18_64_not_employed,dep_hour_share_home_18,0.07357089661709282,0.06535722585,0.8213670767092812,2259
group_adult_18_64_not_employed,dep_hour_share_home_19,0.05117803705626142,0.05981198901,-0.8633951953738574,2259
group_adult_18_64_not_employed,dep_hour_share_home_20,0.05170837940917605,0.04948082623,0.2227553179176056,2259
group_adult_18_64_not_employed,dep_hour_share_home_21,0.03430863668163661,0.03149289842,0.28157382616366133,2259
group_adult_18_64_not_employed,dep_hour_share_home_22,0.03721987768274244,0.02045744262,1.6762435062742438,2259
group_adult_18_64_not_employed,dep_hour_share_home_23,0.021129065017715692,0.01406666096,0.7062404057715693,2259
group_adult_18_64_not_employed,dep_hour_share_home_4,3.3851639547742095e-05,0.0007207696237,-0.06869179841522578,2259
group_adult_18_64_not_employed,dep_hour_share_home_5,0.0006262553316332287,0.001083878816,-0.04576234843667712,2259
group_adult_18_64_not_employed,dep_hour_share_home_6,0.001794136896030331,0.00448118994,-0.2687053043969669,2259
group_adult_18_64_not_employed,dep_hour_share_home_7,0.011814222202161991,0.01903584544,-0.722162323783801,2259
group_adult_18_64_not_employed,dep_hour_share_home_8,0.0339249847667622,0.05152469849,-1.75997137232378,2259
group_adult_18_64_not_employed,dep_hour_share_home_9,0.04226941391528063,0.03840941474,0.3859999175280626,2259
group_adult_18_64_not_employed,dep_hour_share_leisure_10,0.05086920858360014,0.07220772593,-2.1338517346399852,2259
group_adult_18_64_not_employed,dep_hour_share_leisure_11,0.05110734792157278,0.06435222932,-1.3244881398427215,2259
group_adult_18_64_not_employed,dep_hour_share_leisure_12,0.05657132273172281,0.0665997938,-1.0028471068277194,2259
group_adult_18_64_not_employed,dep_hour_share_leisure_13,0.04555076336887783,0.06675049416,-2.1199730791122176,2259
group_adult_18_64_not_employed,dep_hour_share_leisure_14,0.05354166115418199,0.07659940437,-2.3057743215818007,2259
group_adult_18_64_not_employed,dep_hour_share_leisure_15,0.09078400762045881,0.08561827262,0.5165735000458804,2259
group_adult_18_64_not_employed,dep_hour_share_leisure_16,0.09792818775963803,0.08074362692,1.7184560839638028,2259
group_adult_18_64_not_employed,dep_hour_share_leisure_17,0.12178181144656418,0.08675544929,3.5026362156564184,2259
group_adult_18_64_not_employed,dep_hour_share_leisure_18,0.09225253353795676,0.09965420959,-0.740167605204324,2259
group_adult_18_64_not_employed,dep_hour_share_leisure_19,0.05086920858360014,0.07285013599,-2.1980927406399857,2259
group_adult_18_64_not_employed,dep_hour_share_leisure_20,0.02661868600005292,0.02791550979,-0.12968237899470825,2259
group_adult_18_64_not_employed,dep_hour_share_leisure_21,0.019831714867832667,0.02432616829,-0.44944534221673316,2259
group_adult_18_64_not_employed,dep_hour_share_leisure_22,0.015240917630248988,0.008317417922,0.6923499708248989,2259
group_adult_18_64_not_employed,dep_hour_share_leisure_23,0.0010451670944354775,0.004043764719,-0.2998597624564523,2259
group_adult_18_64_not_employed,dep_hour_share_leisure_4,0.00027782922763474715,0.001102190702,-0.08243614743652529,2259
group_adult_18_64_not_employed,dep_hour_share_leisure_5,0.002566612864816236,0.0006184108952,0.1948201969616236,2259
group_adult_18_64_not_employed,dep_hour_share_leisure_6,0.037414335988145954,0.01134456071,2.6069775278145952,2259
group_adult_18_64_not_employed,dep_hour_share_leisure_7,0.050511999576641174,0.0275172567,2.2994742876641174,2259
group_adult_18_64_not_employed,dep_hour_share_leisure_8,0.055446775857963114,0.05853822623,-0.3091450372036883,2259
group_adult_18_64_not_employed,dep_hour_share_leisure_9,0.07441854311645013,0.06183067497,1.2587868146450132,2259
group_adult_18_64_not_employed,dep_hour_share_other_10,0.11617271866626017,0.169113814,-5.294109533373984,2259
group_adult_18_64_not_employed,dep_hour_share_other_11,0.10283852954862727,0.1143691352,-1.1530605651372734,2259
group_adult_18_64_not_employed,dep_hour_share_other_12,0.07244748961024373,0.04959472062,2.2852768990243737,2259
group_adult_18_64_not_employed,dep_hour_share_other_13,0.06174483721378027,0.07178657393,-1.0041736716219731,2259
group_adult_18_64_not_employed,dep_hour_share_other_14,0.0626755026395597,0.08288238907,-2.0206886430440303,2259
group_adult_18_64_not_employed,dep_hour_share_other_15,0.07321769547985431,0.07550415151,-0.22864560301456976,2259
group_adult_18_64_not_employed,dep_hour_share_other_16,0.07158100800693186,0.05876633606,1.281467194693186,2259
group_adult_18_64_not_employed,dep_hour_share_other_17,0.04624444408786765,0.0424966405,0.37478035878676513,2259
group_adult_18_64_not_employed,dep_hour_share_other_18,0.02524028818536288,0.02198077364,0.32595145453628815,2259
group_adult_18_64_not_employed,dep_hour_share_other_19,0.02702138925883731,0.002931821981,2.408956727783731,2259
group_adult_18_64_not_employed,dep_hour_share_other_20,0.005856773800163669,0.004999646813,0.08571269871636691,2259
group_adult_18_64_not_employed,dep_hour_share_other_21,0.004123810593539898,0.004451078693,-0.032726809946010196,2259
group_adult_18_64_not_employed,dep_hour_share_other_22,0.004123810593539898,0.0007994386029,0.33243719906398983,2259
group_adult_18_64_not_employed,dep_hour_share_other_23,0.0011071709375651867,0.0,0.11071709375651867,2259
group_adult_18_64_not_employed,dep_hour_share_other_4,0.005391441087273952,0.0,0.5391441087273953,2259
group_adult_18_64_not_employed,dep_hour_share_other_5,0.006771393270326214,0.003845782731,0.29256105393262144,2259
group_adult_18_64_not_employed,dep_hour_share_other_6,0.016398966640458274,0.009534652237,0.6864314403458274,2259
group_adult_18_64_not_employed,dep_hour_share_other_7,0.06753742719147639,0.04545373943,2.2083687761476387,2259
group_adult_18_64_not_employed,dep_hour_share_other_8,0.12823927729015902,0.1339107564,-0.5671479109840977,2259
group_adult_18_64_not_employed,dep_hour_share_other_9,0.09978979798141878,0.1075785486,-0.7788750618581225,2259
group_adult_18_64_not_employed,dep_hour_share_shop_10,0.15047217669554358,0.1202345015,3.0237675195543585,2259
group_adult_18_64_not_employed,dep_hour_share_shop_11,0.10940451104347147,0.1652190213,-5.581451025652852,2259
group_adult_18_64_not_employed,dep_hour_share_shop_12,0.09318660735190822,0.0863704511,0.6816156251908221,2259
group_adult_18_64_not_employed,dep_hour_share_shop_13,0.06454382268009053,0.05878271788,0.5761104800090524,2259
group_adult_18_64_not_employed,dep_hour_share_shop_14,0.08238507765550612,0.07826749836,0.4117579295506116,2259
group_adult_18_64_not_employed,dep_hour_share_shop_15,0.11383750878014516,0.1005618988,1.3275609980145167,2259
group_adult_18_64_not_employed,dep_hour_share_shop_16,0.05755092484195739,0.0588666186,-0.13156937580426076,2259
group_adult_18_64_not_employed,dep_hour_share_shop_17,0.060204479825177556,0.0587486294,0.14558504251775545,2259
group_adult_18_64_not_employed,dep_hour_share_shop_18,0.04006868024662452,0.04221981042,-0.21511301733754748,2259
group_adult_18_64_not_employed,dep_hour_share_shop_19,0.0070865527198938575,0.01853843427,-1.1451881550106144,2259
group_adult_18_64_not_employed,dep_hour_share_shop_20,0.003153047685943963,0.002672043441,0.048100424494396325,2259
group_adult_18_64_not_employed,dep_hour_share_shop_21,0.0007804573480059315,0.00163816871,-0.08577113619940685,2259
group_adult_18_64_not_employed,dep_hour_share_shop_22,0.0003121829392023726,0.0,0.03121829392023726,2259
group_adult_18_64_not_employed,dep_hour_share_shop_23,0.0002029189104815422,0.001342087657,-0.11391687465184579,2259
group_adult_18_64_not_employed,dep_hour_share_shop_4,3.121829392023726e-05,0.0,0.003121829392023726,2259
group_adult_18_64_not_employed,dep_hour_share_shop_5,0.0006087567314446266,0.0,0.060875673144462655,2259
group_adult_18_64_not_employed,dep_hour_share_shop_6,0.006727542339811129,0.005357562722,0.1369979617811129,2259
group_adult_18_64_not_employed,dep_hour_share_shop_7,0.034714742839303835,0.02150480753,1.3209935309303835,2259
group_adult_18_64_not_employed,dep_hour_share_shop_8,0.056567548583469913,0.07514757999,-1.858003140653009,2259
group_adult_18_64_not_employed,dep_hour_share_shop_9,0.11608522594240225,0.1045281684,1.1557057542402258,2259
group_adult_18_64_not_employed,dep_hour_share_work_10,0.056885914461988915,0.1156049399,-5.871902543801108,2259
group_adult_18_64_not_employed,dep_hour_share_work_11,0.020391090661926174,0.04138451413,-2.099342346807383,2259
group_adult_18_64_not_employed,dep_hour_share_work_12,0.02907037540520757,0.06788198585,-3.8811610444792435,2259
group_adult_18_64_not_employed,dep_hour_share_work_13,0.06221896894280038,0.05454518513,0.7673783812800379,2259
group_adult_18_64_not_employed,dep_hour_share_work_14,0.03283488445048625,0.05586649894,-2.3031614489513754,2259
group_adult_18_64_not_employed,dep_hour_share_work_15,0.06838858098922933,0.01400574415,5.438283683922933,2259
group_adult_18_64_not_employed,dep_hour_share_work_16,0.02300533305448081,0.04361929056,-2.061395750551919,2259
group_adult_18_64_not_employed,dep_hour_share_work_17,0.027710969361079158,0.02839936065,-0.06883912889208421,2259
group_adult_18_64_not_employed,dep_hour_share_work_18,0.009306702917494511,0.008185955305,0.11207476124945118,2259
group_adult_18_64_not_employed,dep_hour_share_work_19,0.007319878699152986,0.0,0.7319878699152985,2259
group_adult_18_64_not_employed,dep_hour_share_work_20,0.0017776848269371536,0.004766420493,-0.2988735666062846,2259
group_adult_18_64_not_employed,dep_hour_share_work_21,0.001254836348426226,0.0,0.12548363484262262,2259
group_adult_18_64_not_employed,dep_hour_share_work_22,0.0005228484785109275,0.0,0.052284847851092754,2259
group_adult_18_64_not_employed,dep_hour_share_work_23,0.0005228484785109275,0.0,0.052284847851092754,2259
group_adult_18_64_not_employed,dep_hour_share_work_4,0.01819512705218028,0.0009097479648,1.728537908738028,2259
group_adult_18_64_not_employed,dep_hour_share_work_5,0.055317369026456134,0.01088578717,4.443158185645613,2259
group_adult_18_64_not_employed,dep_hour_share_work_6,0.12652933179964446,0.1458054349,-1.9276103100355546,2259
group_adult_18_64_not_employed,dep_hour_share_work_7,0.22733451845655128,0.2187024695,0.8632048956551286,2259
group_adult_18_64_not_employed,dep_hour_share_work_8,0.15695911324898046,0.1299270716,2.703204164898046,2259
group_adult_18_64_not_employed,dep_hour_share_work_9,0.07016626581616647,0.05950959379,1.0656672026166472,2259
group_adult_18_64_not_employed,mean_work_activity_h,4.862762731360451,4.550975078,0.3117876533604518,2259
group_adult_18_64_not_employed,mobility_rate,0.7896464696912187,0.8342842379,-4.463776820878129,2259
group_adult_18_64_not_employed,n_persons_unweighted,150171.0,2259.0,147912.0,2259
group_adult_18_64_not_employed,n_persons_weighted,150171.0,105728.5922,44442.4078,2259
group_adult_18_64_not_employed,n_work_activities_measured,9563.0,282.0,9281.0,2259
group_adult_18_64_not_employed,nonhome_acts_per_mobile,2.2075019817510246,2.351816276,-0.14431429424897546,2259
group_adult_18_64_not_employed,participation_education,0.09816808837924766,0.1822148083,-8.404671992075235,2259
group_adult_18_64_not_employed,participation_escort,0.11341737086388184,0.1164035578,-0.2986186936118157,2259
group_adult_18_64_not_employed,participation_home,0.7896464696912187,0.8224579259,-3.281145620878134,2259
group_adult_18_64_not_employed,participation_leisure,0.3862663230583801,0.468825741,-8.255941794161991,2259
group_adult_18_64_not_employed,participation_other,0.3023553149409673,0.1997101366,10.26451783409673,2259
group_adult_18_64_not_employed,participation_shop,0.3290315706760959,0.3546331616,-2.5601590923904127,2259
group_adult_18_64_not_employed,participation_work,0.05220715051507947,0.1014041657,-4.919701518492054,2259
group_adult_18_64_not_employed,purpose_share_education,0.0434746955677951,0.06888109971,-2.54064041422049,2259
group_adult_18_64_not_employed,purpose_share_escort,0.07095217920157444,0.0636393294,0.7312849801574441,2259
group_adult_18_64_not_employed,purpose_share_home,0.40373199943509774,0.4195905085,-1.585850906490227,2259
group_adult_18_64_not_employed,purpose_share_leisure,0.17217218585284297,0.1988405727,-2.6668386847157026,2259
group_adult_18_64_not_employed,purpose_share_other,0.1419567485319375,0.07581979676,6.613695177193748,2259
group_adult_18_64_not_employed,purpose_share_shop,0.14592928699312552,0.1351689761,1.0760310893125513,2259
group_adult_18_64_not_employed,purpose_share_work,0.021782904417626772,0.03805971687,-1.627681245237323,2259
group_adult_18_64_not_employed,share_mobile_first_from_home,1.0,0.969633563,3.036643699999997,2259
group_adult_18_64_not_employed,share_mobile_last_to_home,1.0,0.9743842709,2.5615729099999984,2259
group_adult_18_64_not_employed,share_mobile_odd_trip_count,0.30623534769189253,0.273401065,3.283428269189254,2259
group_adult_18_64_not_employed,share_trips_0,0.21035353030878132,0.1657157621,4.463776820878132,2259
group_adult_18_64_not_employed,share_trips_1,0.0003729082179648534,0.007994845086,-0.7621936868035145,2259
group_adult_18_64_not_employed,share_trips_2,0.314308355141805,0.2741767423,4.0131612841805,2259
group_adult_18_64_not_employed,share_trips_3,0.10677161369372248,0.09017214283,1.6599470863722487,2259
group_adult_18_64_not_employed,share_trips_4,0.1460202036345233,0.1998201797,-5.379997606547668,2259
group_adult_18_64_not_employed,share_trips_5,0.09047685638372256,0.06996301818,2.051383820372256,2259
group_adult_18_64_not_employed,share_trips_6,0.06256201263892495,0.09243717558,-2.987516294107505,2259
group_adult_18_64_not_employed,share_trips_7,0.028627364804123298,0.03565636302,-0.7028998215876701,2259
group_adult_18_64_not_employed,share_trips_8plus,0.0405071551764322,0.06406377115,-2.3556615973567805,2259
group_adult_18_64_not_employed,share_trips_followed_by_same_purpose,0.1059783970442856,0.05395199633,5.2026400714285606,2259
group_adult_18_64_not_employed,share_trips_home_based,0.7890955641505738,0.8372229323,-4.812736814942619,2259
group_adult_18_64_not_employed,share_trips_unknown_purpose,0.0,0.0009352632633,-0.09352632632999999,2259
group_adult_18_64_not_employed,share_work_activities_lt_2h,0.19355850674474537,0.2523094996,-5.875099285525462,2259
group_adult_18_64_not_employed,tours_per_mobile,1.4946956536405187,1.697440792,-0.20274513835948138,2259
group_adult_18_64_not_employed,trips_per_mobile_person,3.7021976353915433,4.049257068,-0.34705943260845684,2259
group_adult_18_64_not_employed,trips_per_person,2.92342729288611,3.378231347,-0.45480405411389,2259
group_adult_18_64_not_employed,trips_per_person_education,0.127095111572807,0.2324786579,-0.10538354632719299,2259
group_adult_18_64_not_employed,trips_per_person_escort,0.2074235371676289,0.2147873067,-0.007363769532371112,2259
group_adult_18_64_not_employed,trips_per_person_home,1.1802811461600442,1.416148097,-0.2358669508399558,2259
group_adult_18_64_not_employed,trips_per_person_leisure,0.5033328671980609,0.6711012117,-0.16776834450193912,2259
group_adult_18_64_not_employed,trips_per_person_other,0.4150002330676362,0.2558972587,0.1591029743676362,2259
group_adult_18_64_not_employed,trips_per_person_shop,0.4266136604271131,0.4562050009,-0.029591340472886918,2259
group_adult_18_64_not_employed,trips_per_person_work,0.06368073729281952,0.1284542776,-0.06477354030718048,2259
group_child_0_5,dep_hour_share_all_10,0.025067936333949898,0.03927904023,-1.4211103896050101,1050
group_child_0_5,dep_hour_share_all_11,0.02908131807905734,0.04226813044,-1.3186812360942664,1050
group_child_0_5,dep_hour_share_all_12,0.05066109474549565,0.03748043204,1.3180662705495652,1050
group_child_0_5,dep_hour_share_all_13,0.06686305405220251,0.05527771632,1.1585337732202508,1050
group_child_0_5,dep_hour_share_all_14,0.0883457788129981,0.1203613924,-3.2015613587001903,1050
group_child_0_5,dep_hour_share_all_15,0.12486584001278801,0.1388659157,-1.4000075687211997,1050
group_child_0_5,dep_hour_share_all_16,0.11677056929506063,0.1040704872,1.2700082095060627,1050
group_child_0_5,dep_hour_share_all_17,0.07993651663583841,0.0875289599,-0.7592443264161586,1050
group_child_0_5,dep_hour_share_all_18,0.059635541549633485,0.04142940511,1.8206136439633487,1050
group_child_0_5,dep_hour_share_all_19,0.026557968532346828,0.008109154422,1.844881411034683,1050
group_child_0_5,dep_hour_share_all_20,0.009813660341165993,0.004198027095,0.5615633246165993,1050
group_child_0_5,dep_hour_share_all_21,0.0051551688703158184,0.001025825513,0.41293433573158184,1050
group_child_0_5,dep_hour_share_all_22,0.003442488182503254,0.0,0.3442488182503254,1050
group_child_0_5,dep_hour_share_all_23,0.0011817496745906693,0.0,0.11817496745906693,1050
group_child_0_5,dep_hour_share_all_4,0.0002740289100500103,0.0,0.02740289100500103,1050
group_child_0_5,dep_hour_share_all_5,0.00182115046470736,0.0,0.182115046470736,1050
group_child_0_5,dep_hour_share_all_6,0.03335731086296271,0.004651560907,2.8705749955962707,1050
group_child_0_5,dep_hour_share_all_7,0.14190130392089698,0.1546271582,-1.2725854279103026,1050
group_child_0_5,dep_hour_share_all_8,0.09748007581466511,0.1249925596,-2.7512483785334885,1050
group_child_0_5,dep_hour_share_all_9,0.03695394030736909,0.03583423487,0.1119705437369091,1050
group_child_0_5,dep_hour_share_education_10,0.021964998222257337,0.01012151758,1.1843480642257338,1050
group_child_0_5,dep_hour_share_education_11,0.016967566072768933,0.003528773684,1.3438792388768934,1050
group_child_0_5,dep_hour_share_education_12,0.021411922727452296,0.002992244809,1.8419677918452295,1050
group_child_0_5,dep_hour_share_education_13,0.040078220677122425,0.003951932875,3.6126287802122423,1050
group_child_0_5,dep_hour_share_education_14,0.0532927744637143,0.005629101725,4.766367273871429,1050
group_child_0_5,dep_hour_share_education_15,0.05354955951487378,0.01484007092,3.8709488594873775,1050
group_child_0_5,dep_hour_share_education_16,0.022893374945680084,0.003396129473,1.9497245472680083,1050
group_child_0_5,dep_hour_share_education_17,0.014320704776201952,0.0,1.4320704776201951,1050
group_child_0_5,dep_hour_share_education_18,0.007170228736222494,0.0,0.7170228736222495,1050
group_child_0_5,dep_hour_share_education_19,0.004128313514794769,0.0,0.4128313514794769,1050
group_child_0_5,dep_hour_share_education_20,0.00037530122861770634,0.0,0.03753012286177063,1050
group_child_0_5,dep_hour_share_education_21,1.9752696243037175e-05,0.0,0.0019752696243037176,1050
group_child_0_5,dep_hour_share_education_22,1.9752696243037175e-05,0.0,0.0019752696243037176,1050
group_child_0_5,dep_hour_share_education_23,1.9752696243037175e-05,0.0,0.0019752696243037176,1050
group_child_0_5,dep_hour_share_education_4,0.0008691186346936356,0.0,0.08691186346936357,1050
group_child_0_5,dep_hour_share_education_5,0.006202346620313673,0.0,0.6202346620313672,1050
group_child_0_5,dep_hour_share_education_6,0.08001817248054359,0.01423413437,6.5784038110543595,1050
group_child_0_5,dep_hour_share_education_7,0.3606644807016158,0.5557846062,-19.512012549838424,1050
group_child_0_5,dep_hour_share_education_8,0.2591356220124047,0.3598748049,-10.07391828875953,1050
group_child_0_5,dep_hour_share_education_9,0.036819025797021294,0.02564668343,1.1172342367021293,1050
group_child_0_5,dep_hour_share_escort_10,0.001430615164520744,0.007567602011,-0.6136986846479257,1050
group_child_0_5,dep_hour_share_escort_11,0.020147830233667143,0.0223770094,-0.22291791663328586,1050
group_child_0_5,dep_hour_share_escort_12,0.03457319980925131,0.03126627875,0.330692105925131,1050
group_child_0_5,dep_hour_share_escort_13,0.04148783977110158,0.1163807025,-7.489286272889842,1050
group_child_0_5,dep_hour_share_escort_14,0.030400572246065807,0.08807880457,-5.767823232393419,1050
group_child_0_5,dep_hour_share_escort_15,0.05329041487839771,0.1710638512,-11.77734363216023,1050
group_child_0_5,dep_hour_share_escort_16,0.10467334287076777,0.05859278952,4.608055335076776,1050
group_child_0_5,dep_hour_share_escort_17,0.0026227944682880307,0.04664377303,-4.402097856171197,1050
group_child_0_5,dep_hour_share_escort_18,0.003218884120171674,0.009686457866,-0.6467573745828326,1050
group_child_0_5,dep_hour_share_escort_19,0.0004768717215069146,0.004172965036,-0.36960933144930846,1050
group_child_0_5,dep_hour_share_escort_20,0.0005960896518836433,0.0,0.059608965188364324,1050
group_child_0_5,dep_hour_share_escort_21,0.0004768717215069146,0.0,0.04768717215069146,1050
group_child_0_5,dep_hour_share_escort_22,0.00011921793037672866,0.0,0.011921793037672865,1050
group_child_0_5,dep_hour_share_escort_23,0.00011921793037672866,0.0,0.011921793037672865,1050
group_child_0_5,dep_hour_share_escort_4,0.0,0.0,0.0,1050
group_child_0_5,dep_hour_share_escort_5,0.0,0.0,0.0,1050
group_child_0_5,dep_hour_share_escort_6,0.07939914163090128,0.01247177688,6.692736475090127,1050
group_child_0_5,dep_hour_share_escort_7,0.47365283738674296,0.2677369862,20.591585118674296,1050
group_child_0_5,dep_hour_share_escort_8,0.12792083929422984,0.163961003,-3.604016370577015,1050
group_child_0_5,dep_hour_share_escort_9,0.025393419170243205,0.0,2.5393419170243203,1050
group_child_0_5,dep_hour_share_home_10,0.020093393764592776,0.03036516751,-1.0271773745407224,1050
group_child_0_5,dep_hour_share_home_11,0.03057272352698805,0.06912766921,-3.855494568301196,1050
group_child_0_5,dep_hour_share_home_12,0.07797005905782173,0.06231455668,1.5655502377821726,1050
group_child_0_5,dep_hour_share_home_13,0.09517923362175525,0.08337989217,1.179934145175525,1050
group_child_0_5,dep_hour_share_home_14,0.11855514352424118,0.1755057383,-5.695059477575882,1050
group_child_0_5,dep_hour_share_home_15,0.15411344595522594,0.1502221188,0.3891327155225943,1050
group_child_0_5,dep_hour_share_home_16,0.14298860046696882,0.1144395176,2.854908286696882,1050
group_child_0_5,dep_hour_share_home_17,0.12222222222222222,0.1461544406,-2.3932218377777774,1050
group_child_0_5,dep_hour_share_home_18,0.11100123609394313,0.08334545138,2.765578471394313,1050
group_child_0_5,dep_hour_share_home_19,0.047905507485235546,0.0140982489,3.380725858523555,1050
group_child_0_5,dep_hour_share_home_20,0.01965389369592089,0.009415860686,1.0238033009920888,1050
group_child_0_5,dep_hour_share_home_21,0.012168658151352835,0.002372423523,0.9796234628352836,1050
group_child_0_5,dep_hour_share_home_22,0.008158220024721878,0.0,0.8158220024721878,1050
group_child_0_5,dep_hour_share_home_23,0.002719406674907293,0.0,0.2719406674907293,1050
group_child_0_5,dep_hour_share_home_4,0.0,0.0,0.0,1050
group_child_0_5,dep_hour_share_home_5,1.3734377145996429e-05,0.0,0.0013734377145996428,1050
group_child_0_5,dep_hour_share_home_6,0.00010987501716797143,0.0005671905054,-0.045731548823202864,1050
group_child_0_5,dep_hour_share_home_7,0.0007828594973217965,0.006578514549,-0.5795655051678203,1050
group_child_0_5,dep_hour_share_home_8,0.012388408185688779,0.03081316199,-1.8424753804311225,1050
group_child_0_5,dep_hour_share_home_9,0.021590440873506388,0.02130004765,0.02903932235063869,1050
group_child_0_5,dep_hour_share_leisure_10,0.030495665703489664,0.08134889579,-5.085323008651034,1050
group_child_0_5,dep_hour_share_leisure_11,0.011246943765281174,0.02061085804,-0.9363914274718825,1050
group_child_0_5,dep_hour_share_leisure_12,0.03151811513669704,0.02430667608,0.7211439056697043,1050
group_child_0_5,dep_hour_share_leisure_13,0.07641698155145588,0.04430382513,3.2113156421455873,1050
group_child_0_5,dep_hour_share_leisure_14,0.11073571904867749,0.1588733201,-4.813760105132251,1050
group_child_0_5,dep_hour_share_leisure_15,0.24872193820849078,0.2605382913,-1.1816353091509217,1050
group_child_0_5,dep_hour_share_leisure_16,0.22200488997555012,0.2068195166,1.5185373375550122,1050
group_child_0_5,dep_hour_share_leisure_17,0.10135585685707935,0.05597247131,4.538338554707934,1050
group_child_0_5,dep_hour_share_leisure_18,0.05916870415647922,0.0167333378,4.2435366356479225,1050
group_child_0_5,dep_hour_share_leisure_19,0.02116025783507446,0.00559432099,1.556593684507446,1050
group_child_0_5,dep_hour_share_leisure_20,0.009824405423427428,0.0008138555409,0.9010549882527428,1050
group_child_0_5,dep_hour_share_leisure_21,0.00013336296954878863,0.0,0.013336296954878863,1050
group_child_0_5,dep_hour_share_leisure_22,4.445432318292954e-05,0.0,0.004445432318292954,1050
group_child_0_5,dep_hour_share_leisure_23,0.0002222716159146477,0.0,0.02222716159146477,1050
group_child_0_5,dep_hour_share_leisure_4,0.0,0.0,0.0,1050
group_child_0_5,dep_hour_share_leisure_5,4.445432318292954e-05,0.0,0.004445432318292954,1050
group_child_0_5,dep_hour_share_leisure_6,0.00026672593909757725,0.001575982468,-0.13092565289024227,1050
group_child_0_5,dep_hour_share_leisure_7,0.0016003556345854635,0.005751872642,-0.41515170074145363,1050
group_child_0_5,dep_hour_share_leisure_8,0.03783062902867304,0.03813793091,-0.030730188132695874,1050
group_child_0_5,dep_hour_share_leisure_9,0.03703045121138031,0.07861884525,-4.158839403861969,1050
group_child_0_5,dep_hour_share_other_10,0.03510905700154058,0.08878535176,-5.367629475845943,1050
group_child_0_5,dep_hour_share_other_11,0.08375902051406794,0.03749729285,4.626172766406794,1050
group_child_0_5,dep_hour_share_other_12,0.06640720019459985,0.01596237387,5.044482632459984,1050
group_child_0_5,dep_hour_share_other_13,0.04337955079867024,0.02291171688,2.0467833918670237,1050
group_child_0_5,dep_hour_share_other_14,0.06851536528014271,0.2023591065,-13.38437412198573,1050
group_child_0_5,dep_hour_share_other_15,0.08765101759507014,0.1510125408,-6.336152320492987,1050
group_child_0_5,dep_hour_share_other_16,0.1797616151787886,0.1092854049,7.047621027878861,1050
group_child_0_5,dep_hour_share_other_17,0.12446282331954918,0.07842442186,4.603840145954918,1050
group_child_0_5,dep_hour_share_other_18,0.03275764209843509,0.0,3.275764209843509,1050
group_child_0_5,dep_hour_share_other_19,0.0385145544474175,0.0,3.8514554447417497,1050
group_child_0_5,dep_hour_share_other_20,0.0034865807183977944,0.0,0.3486580718397794,1050
group_child_0_5,dep_hour_share_other_21,0.0007297494526879105,0.0,0.07297494526879104,1050
group_child_0_5,dep_hour_share_other_22,0.00048649963512527365,0.0,0.048649963512527365,1050
group_child_0_5,dep_hour_share_other_23,0.0001621665450417579,0.0,0.01621665450417579,1050
group_child_0_5,dep_hour_share_other_4,0.0003243330900835158,0.0,0.03243330900835158,1050
group_child_0_5,dep_hour_share_other_5,0.00024324981756263683,0.0,0.024324981756263683,1050
group_child_0_5,dep_hour_share_other_6,0.027649395929619718,0.0,2.764939592961972,1050
group_child_0_5,dep_hour_share_other_7,0.05740695694478229,0.03019949616,2.720746078478229,1050
group_child_0_5,dep_hour_share_other_8,0.05092029514311198,0.1501003408,-9.918004565688804,1050
group_child_0_5,dep_hour_share_other_9,0.09778642666018,0.1134619536,-1.5675526939819995,1050
group_child_0_5,dep_hour_share_shop_10,0.08502979145978153,0.0995957711,-1.4565979640218467,1050
group_child_0_5,dep_hour_share_shop_11,0.06876861966236346,0.07551405828,-0.6745438617636546,1050
group_child_0_5,dep_hour_share_shop_12,0.036618669314796425,0.04665381932,-1.0035150005203572,1050
group_child_0_5,dep_hour_share_shop_13,0.01874379344587885,0.03537792038,-1.6634126934121147,1050
group_child_0_5,dep_hour_share_shop_14,0.06876861966236346,0.05718852869,1.1580090972363462,1050
group_child_0_5,dep_hour_share_shop_15,0.10054617676266137,0.1708411791,-7.029500233733862,1050
group_child_0_5,dep_hour_share_shop_16,0.09831181727904667,0.187467588,-8.915577072095331,1050
group_child_0_5,dep_hour_share_shop_17,0.06715491559086395,0.1315901505,-6.443523490913606,1050
group_child_0_5,dep_hour_share_shop_18,0.029667328699106255,0.03048643737,-0.08191086708937458,1050
group_child_0_5,dep_hour_share_shop_19,0.0,0.01229764952,-1.229764952,1050
group_child_0_5,dep_hour_share_shop_20,0.0,0.0,0.0,1050
group_child_0_5,dep_hour_share_shop_21,0.0,0.0,0.0,1050
group_child_0_5,dep_hour_share_shop_22,0.0,0.0,0.0,1050
group_child_0_5,dep_hour_share_shop_23,0.0,0.0,0.0,1050
group_child_0_5,dep_hour_share_shop_4,0.0,0.0,0.0,1050
group_child_0_5,dep_hour_share_shop_5,0.0,0.0,0.0,1050
group_child_0_5,dep_hour_share_shop_6,0.09458788480635551,0.0,9.458788480635551,1050
group_child_0_5,dep_hour_share_shop_7,0.1894240317775571,0.03201851834,15.74055134375571,1050
group_child_0_5,dep_hour_share_shop_8,0.0506454816285998,0.0674913207,-1.6845839071400193,1050
group_child_0_5,dep_hour_share_shop_9,0.09173286991062563,0.05347705871,3.8255811200625627,1050
group_child_0_5,dep_hour_share_work_10,0.0,,,1050
group_child_0_5,dep_hour_share_work_11,0.0,,,1050
group_child_0_5,dep_hour_share_work_12,0.0,,,1050
group_child_0_5,dep_hour_share_work_13,0.0,,,1050
group_child_0_5,dep_hour_share_work_14,0.0,,,1050
group_child_0_5,dep_hour_share_work_15,0.015350877192982455,,,1050
group_child_0_5,dep_hour_share_work_16,0.006578947368421052,,,1050
group_child_0_5,dep_hour_share_work_17,0.0,,,1050
group_child_0_5,dep_hour_share_work_18,0.0,,,1050
group_child_0_5,dep_hour_share_work_19,0.0,,,1050
group_child_0_5,dep_hour_share_work_20,0.0,,,1050
group_child_0_5,dep_hour_share_work_21,0.0,,,1050
group_child_0_5,dep_hour_share_work_22,0.0,,,1050
group_child_0_5,dep_hour_share_work_23,0.0,,,1050
group_child_0_5,dep_hour_share_work_4,0.0,,,1050
group_child_0_5,dep_hour_share_work_5,0.0,,,1050
group_child_0_5,dep_hour_share_work_6,0.019736842105263157,,,1050
group_child_0_5,dep_hour_share_work_7,0.6513157894736842,,,1050
group_child_0_5,dep_hour_share_work_8,0.20614035087719298,,,1050
group_child_0_5,dep_hour_share_work_9,0.10087719298245613,,,1050
group_child_0_5,mean_work_activity_h,4.474086257309942,,,1050
group_child_0_5,mobility_rate,0.9105558150397011,0.9252705324,-1.4714717360298946,1050
group_child_0_5,n_persons_unweighted,55666.0,1050.0,54616.0,1050
group_child_0_5,n_persons_weighted,55666.0,40467.99363,15198.006370000003,1050
group_child_0_5,n_work_activities_measured,456.0,0.0,456.0,1050
group_child_0_5,nonhome_acts_per_mobile,2.019334346084795,1.849759997,0.16957434908479474,1050
group_child_0_5,participation_education,0.6861998347285596,0.6784849381,0.771489662855962,1050
group_child_0_5,participation_escort,0.12707936621995472,0.1362335011,-0.9154134880045267,1050
group_child_0_5,participation_home,0.9105558150397011,0.9178920187,-0.7336203660298968,1050
group_child_0_5,participation_leisure,0.3512557036611217,0.3826362898,-3.1380586138878286,1050
group_child_0_5,participation_other,0.17468472676319477,0.110070045,6.461468176319476,1050
group_child_0_5,participation_shop,0.11917507994107714,0.1796671353,-6.049205535892287,1050
group_child_0_5,participation_work,0.008191714870836777,0.0,0.8191714870836777,1050
group_child_0_5,purpose_share_education,0.28902057500399625,0.2316162448,5.740433020399624,1050
group_child_0_5,purpose_share_escort,0.047886552031239295,0.06858371484,-2.069716280876071,1050
group_child_0_5,purpose_share_home,0.41566760293210936,0.4336017334,-1.7934130467890663,1050
group_child_0_5,purpose_share_leisure,0.1284225069078121,0.1552869692,-2.6864462292187916,1050
group_child_0_5,purpose_share_other,0.07040830307597451,0.0414726107,2.893569237597451,1050
group_child_0_5,purpose_share_shop,0.04599118540339339,0.06943872705,-2.3447541646606602,1050
group_child_0_5,purpose_share_work,0.0026032746454750975,0.0,0.26032746454750977,1050
group_child_0_5,share_mobile_first_from_home,1.0,0.981573838,1.8426162000000024,1050
group_child_0_5,share_mobile_last_to_home,1.0,0.9913895519,0.8610448100000001,1050
group_child_0_5,share_mobile_odd_trip_count,0.2150847357310553,0.2665506923,-5.146595656894471,1050
group_child_0_5,share_trips_0,0.08944418496029892,0.07472946762,1.4714717340298917,1050
group_child_0_5,share_trips_1,0.0,0.0007632777872,-0.07632777872,1050
group_child_0_5,share_trips_2,0.3591060970790069,0.3978047286,-3.8698631520993065,1050
group_child_0_5,share_trips_3,0.11222290087306434,0.1659889818,-5.376608092693565,1050
group_child_0_5,share_trips_4,0.2754104839578917,0.2171197709,5.829071305789169,1050
group_child_0_5,share_trips_5,0.07367154097653864,0.05890379776,1.4767743216538634,1050
group_child_0_5,share_trips_6,0.05441382531527324,0.05444774123,-0.003391591472676203,1050
group_child_0_5,share_trips_7,0.008856393489742391,0.01789554722,-0.9039153730257607,1050
group_child_0_5,share_trips_8plus,0.02687457334818381,0.0123466871,1.452788624818381,1050
group_child_0_5,share_trips_followed_by_same_purpose,0.08502317827864173,0.019392394,6.563078427864172,1050
group_child_0_5,share_trips_home_based,0.8134548194834555,0.8641978859,-5.074306641654447,1050
group_child_0_5,share_trips_unknown_purpose,0.0,0.0,0.0,1050
group_child_0_5,share_work_activities_lt_2h,0.021929824561403508,,,1050
group_child_0_5,tours_per_mobile,1.436462998401957,1.416069201,0.020393797401957015,1050
group_child_0_5,trips_per_mobile_person,3.455797344486752,3.265829198,0.18996814648675198,1050
group_child_0_5,trips_per_person,3.146696367621169,3.021775521,0.12492084662116909,1050
group_child_0_5,trips_per_person_education,0.9094599935328567,0.6998922988,0.20956769473285664,1050
group_child_0_5,trips_per_person_escort,0.15068443933460282,0.2072445907,-0.05656015136539719,1050
group_child_0_5,trips_per_person_home,1.307979736284267,1.310247104,-0.002267367715733215,1050
group_child_0_5,trips_per_person_leisure,0.40410663600761687,0.4692423622,-0.06513572619238311,1050
group_child_0_5,trips_per_person_other,0.2215535515395394,0.1253209198,0.09623263173953939,1050
group_child_0_5,trips_per_person_shop,0.14472029605144973,0.2098282456,-0.06510794954855026,1050
group_child_0_5,trips_per_person_work,0.008191714870836777,0.0,0.008191714870836777,1050
group_employed,dep_hour_share_all_10,0.028140224128252782,0.02592923519,0.22109889382527814,7905
group_employed,dep_hour_share_all_11,0.03631948019463616,0.03096329512,0.5356185074636162,7905
group_employed,dep_hour_share_all_12,0.05253082272461543,0.05176068484,0.07701378846154266,7905
group_employed,dep_hour_share_all_13,0.05837281608744085,0.05697384996,0.1398966127440844,7905
group_employed,dep_hour_share_all_14,0.06754793918928745,0.06543240342,0.2115535769287455,7905
group_employed,dep_hour_share_all_15,0.08395124207072867,0.08720226044,-0.325101836927133,7905
group_employed,dep_hour_share_all_16,0.0952408375288304,0.1065729949,-1.133215737116959,7905
group_employed,dep_hour_share_all_17,0.0840815424305089,0.1001713914,-1.6089848969491103,7905
group_employed,dep_hour_share_all_18,0.06876834166615768,0.07205410905,-0.3285767383842314,7905
group_employed,dep_hour_share_all_19,0.04774402959679601,0.04682607316,0.09179564367960066,7905
group_employed,dep_hour_share_all_20,0.036199068701446395,0.03089915527,0.5299913431446396,7905
group_employed,dep_hour_share_all_21,0.0242899648363538,0.02160270317,0.26872616663537985,7905
group_employed,dep_hour_share_all_22,0.017748770435779083,0.01633290756,0.1415862875779085,7905
group_employed,dep_hour_share_all_23,0.009662586054953013,0.00420055902,0.5462027034953013,7905
group_employed,dep_hour_share_all_4,0.007240395438324012,0.00478671467,0.2453680768324012,7905
group_employed,dep_hour_share_all_5,0.028014577352750415,0.02437039015,0.3644187202750414,7905
group_employed,dep_hour_share_all_6,0.062306839896341414,0.0538363916,0.8470448296341415,7905
group_employed,dep_hour_share_all_7,0.08732509067218117,0.1070187117,-1.969362102781884,7905
group_employed,dep_hour_share_all_8,0.05460748470861291,0.06174700577,-0.7139521061387093,7905
group_employed,dep_hour_share_all_9,0.035633076513650996,0.02828818893,0.7344887583650996,7905
group_employed,dep_hour_share_education_10,0.01662619092097889,0.002976115898,1.365007502297889,7905
group_employed,dep_hour_share_education_11,0.07539697365963012,0.01330812501,6.208884864963013,7905
group_employed,dep_hour_share_education_12,0.01244162152064263,0.02065473438,-0.8213112859357372,7905
group_employed,dep_hour_share_education_13,0.024957967494862694,0.0437653951,-1.8807427605137306,7905
group_employed,dep_hour_share_education_14,0.01808331776573884,0.03487658391,-1.6793266144261163,7905
group_employed,dep_hour_share_education_15,0.02753596114328414,0.06818323563,-4.0647274486715865,7905
group_employed,dep_hour_share_education_16,0.015766859704838408,0.05012441712,-3.4357557415161595,7905
group_employed,dep_hour_share_education_17,0.005268073977209042,0.1093696168,-10.410154282279095,7905
group_employed,dep_hour_share_education_18,0.01430973286007846,0.02728370963,-1.297397676992154,7905
group_employed,dep_hour_share_education_19,0.010872407995516533,0.02723191191,-1.6359503914483466,7905
group_employed,dep_hour_share_education_20,0.0022417336073229962,0.0,0.22417336073229963,7905
group_employed,dep_hour_share_education_21,0.0015692135251260974,0.007321444745,-0.5752231219873902,7905
group_employed,dep_hour_share_education_22,0.0008219689893517654,0.0,0.08219689893517654,7905
group_employed,dep_hour_share_education_23,0.0005977956286194658,0.0,0.05977956286194658,7905
group_employed,dep_hour_share_education_4,0.002465906968055296,0.0,0.24659069680552959,7905
group_employed,dep_hour_share_education_5,0.004595553895012143,0.004588499629,0.000705426601214313,7905
group_employed,dep_hour_share_education_6,0.1925649168690454,0.1021727155,9.03922013690454,7905
group_employed,dep_hour_share_education_7,0.45593125350270874,0.3332397403,12.269151320270877,7905
group_employed,dep_hour_share_education_8,0.09019241546796189,0.1156759427,-2.548352723203812,7905
group_employed,dep_hour_share_education_9,0.026788716607509807,0.03922781172,-1.243909511249019,7905
group_employed,dep_hour_share_escort_10,0.007702223654527877,0.00725036691,0.04518567445278765,7905
group_employed,dep_hour_share_escort_11,0.02679127725856698,0.0187161245,0.8075152758566979,7905
group_employed,dep_hour_share_escort_12,0.04609517671071007,0.0361150772,0.9980099510710071,7905
group_employed,dep_hour_share_escort_13,0.0734557954667526,0.07239290238,0.10628930867526004,7905
group_employed,dep_hour_share_escort_14,0.14622408421957245,0.1229300282,2.329405601957245,7905
group_employed,dep_hour_share_escort_15,0.12216134923192609,0.1365416272,-1.4380277968073896,7905
group_employed,dep_hour_share_escort_16,0.08742077559351165,0.05783566196,2.958511363351165,7905
group_employed,dep_hour_share_escort_17,0.06411000107422923,0.06333451698,0.07754840942292285,7905
group_employed,dep_hour_share_escort_18,0.0499301750993662,0.03552491299,1.4405262109366206,7905
group_employed,dep_hour_share_escort_19,0.021742399828123322,0.02226492744,-0.05225276118766761,7905
group_employed,dep_hour_share_escort_20,0.011268664733054034,0.005169133446,0.6099531287054033,7905
group_employed,dep_hour_share_escort_21,0.005081104307659254,0.005481068222,-0.0399963914340746,7905
group_employed,dep_hour_share_escort_22,0.0029004189494038026,0.021192553,-1.8292134050596196,7905
group_employed,dep_hour_share_escort_23,0.0020517778493930605,0.0,0.20517778493930605,7905
group_employed,dep_hour_share_escort_4,0.0019443549253410678,0.0,0.19443549253410677,7905
group_employed,dep_hour_share_escort_5,0.002395531206359437,0.001320586759,0.10749444473594372,7905
group_employed,dep_hour_share_escort_6,0.051391126866473305,0.02043478332,3.0956343546473306,7905
group_employed,dep_hour_share_escort_7,0.17040498442367602,0.2588951481,-8.849016367632402,7905
group_employed,dep_hour_share_escort_8,0.08628209259856054,0.1017999596,-1.5517867001439465,7905
group_employed,dep_hour_share_escort_9,0.018820496293909122,0.009016611331,0.9803884962909121,7905
group_employed,dep_hour_share_home_10,0.019818323808771993,0.01905256636,0.07657574487719941,7905
group_employed,dep_hour_share_home_11,0.03198786569945616,0.02850675805,0.3481107649456156,7905
group_employed,dep_hour_share_home_12,0.06030922167371024,0.04234042931,1.796879236371024,7905
group_employed,dep_hour_share_home_13,0.06710657265215099,0.06193296773,0.5173604922150986,7905
group_employed,dep_hour_share_home_14,0.076177695328689,0.07640111117,-0.022341584131099768,7905
group_employed,dep_hour_share_home_15,0.11111737623943817,0.1098719387,0.12454375394381628,7905
group_employed,dep_hour_share_home_16,0.12457111280896088,0.1468395251,-2.2268412291039126,7905
group_employed,dep_hour_share_home_17,0.10865189161453297,0.1333138252,-2.466193358546705,7905
group_employed,dep_hour_share_home_18,0.09176987682444453,0.1023734337,-1.0603556875555475,7905
group_employed,dep_hour_share_home_19,0.06740682892722522,0.05973276769,0.7674061237225215,7905
group_employed,dep_hour_share_home_20,0.0653487342717869,0.05430222211,1.1046512161786906,7905
group_employed,dep_hour_share_home_21,0.04587859496979112,0.03902908085,0.6849514119791116,7905
group_employed,dep_hour_share_home_22,0.035692436079245105,0.03032830419,0.5364131889245106,7905
group_employed,dep_hour_share_home_23,0.020076290467638577,0.008209490497,1.1866799970638577,7905
group_employed,dep_hour_share_home_4,7.47116553001576e-05,0.001224523004,-0.11498113486998424,7905
group_employed,dep_hour_share_home_5,0.0009486970569246427,0.004278843255,-0.33301461980753577,7905
group_employed,dep_hour_share_home_6,0.00254583489569971,0.01000630805,-0.7460473154300289,7905
group_employed,dep_hour_share_home_7,0.011883382154345822,0.02422738691,-1.2344004755654177,7905
group_employed,dep_hour_share_home_8,0.017007473984837762,0.02847279619,-1.1465322205162238,7905
group_employed,dep_hour_share_home_9,0.018401621665816176,0.01566725415,0.2734367515816176,7905
group_employed,dep_hour_share_leisure_10,0.02861496201553715,0.02213746453,0.6477497485537147,7905
group_employed,dep_hour_share_leisure_11,0.02840036053049487,0.02734417788,0.1056182650494869,7905
group_employed,dep_hour_share_leisure_12,0.04844843126314434,0.06674787503,-1.829944376685566,7905
group_employed,dep_hour_share_leisure_13,0.049208120520194,0.04144754179,0.7760578730194,7905
group_employed,dep_hour_share_leisure_14,0.06590840808618395,0.05650339878,0.9405009306183952,7905
group_employed,dep_hour_share_leisure_15,0.08143697154384308,0.08961219304,-0.8175221496156917,7905
group_employed,dep_hour_share_leisure_16,0.1489076784411348,0.1436094926,0.5298185841134812,7905
group_employed,dep_hour_share_leisure_17,0.14854714794626378,0.14551962,0.30275279462637916,7905
group_employed,dep_hour_share_leisure_18,0.12897549251040819,0.1329554848,-0.39799922895918105,7905
group_employed,dep_hour_share_leisure_19,0.08819691832267479,0.1164675945,-2.8270676177325207,7905
group_employed,dep_hour_share_leisure_20,0.03534486458646294,0.0383967652,-0.30519006135370647,7905
group_employed,dep_hour_share_leisure_21,0.0187690458817975,0.01538400377,0.33850421117975016,7905
group_employed,dep_hour_share_leisure_22,0.0124340100433495,0.01033552949,0.20984805533494996,7905
group_employed,dep_hour_share_leisure_23,0.004098888364307481,0.001370411711,0.2728476653307481,7905
group_employed,dep_hour_share_leisure_4,0.00037769861367440663,0.004763313359,-0.43856147453255934,7905
group_employed,dep_hour_share_leisure_5,0.005450877720073823,0.008402270469,-0.2951392748926177,7905
group_employed,dep_hour_share_leisure_6,0.016623031031374736,0.01886081721,-0.22377861786252623,7905
group_employed,dep_hour_share_leisure_7,0.021339971672603975,0.02033590724,0.10040644326039759,7905
group_employed,dep_hour_share_leisure_8,0.031052834885617407,0.01965494076,1.1397894125617407,7905
group_employed,dep_hour_share_leisure_9,0.03391132666638053,0.01907205298,1.4839273686380532,7905
group_employed,dep_hour_share_other_10,0.0528591052333881,0.06606253844,-1.32034332066119,7905
group_employed,dep_hour_share_other_11,0.06838688824844452,0.05236923621,1.6017652038444519,7905
group_employed,dep_hour_share_other_12,0.07216446252053761,0.05616173158,1.6002730940537613,7905
group_employed,dep_hour_share_other_13,0.07893850836318582,0.05812354465,2.081496371318582,7905
group_employed,dep_hour_share_other_14,0.10473509844587497,0.09931085311,0.5424245335874975,7905
group_employed,dep_hour_share_other_15,0.09988687478115657,0.1416014315,-4.1714556718843445,7905
group_employed,dep_hour_share_other_16,0.09185363751447734,0.1372915667,-4.543792918552267,7905
group_employed,dep_hour_share_other_17,0.07867589624801358,0.08135348469,-0.2677588441986428,7905
group_employed,dep_hour_share_other_18,0.056212459934818326,0.03233041899,2.388204094481833,7905
group_employed,dep_hour_share_other_19,0.04147924690925742,0.01338285507,2.809639183925742,7905
group_employed,dep_hour_share_other_20,0.024254585611549546,0.006549134225,1.7705451386549547,7905
group_employed,dep_hour_share_other_21,0.015258437255905406,0.008244270645,0.7014166610905407,7905
group_employed,dep_hour_share_other_22,0.007514746680313518,0.007337073398,0.017767328231351864,7905
group_employed,dep_hour_share_other_23,0.006026611361004121,0.005710446521,0.03161648400041208,7905
group_employed,dep_hour_share_other_4,0.0006060279580897999,0.0,0.06060279580897999,7905
group_employed,dep_hour_share_other_5,0.0024577800522530774,0.002096256019,0.03615240332530776,7905
group_employed,dep_hour_share_other_6,0.013911708460150295,0.02156099102,-0.7649282559849705,7905
group_employed,dep_hour_share_other_7,0.048616909526759504,0.05888461311,-1.0267703583240493,7905
group_employed,dep_hour_share_other_8,0.06731623885581922,0.07129094536,-0.3974706504180775,7905
group_employed,dep_hour_share_other_9,0.061154954615239586,0.08033860873,-1.9183654114760411,7905
group_employed,dep_hour_share_shop_10,0.061353561781784985,0.05591371675,0.5439845031784983,7905
group_employed,dep_hour_share_shop_11,0.07627078764834876,0.05266544438,2.3605343268348755,7905
group_employed,dep_hour_share_shop_12,0.07753192851025383,0.08580806404,-0.8276135529746181,7905
group_employed,dep_hour_share_shop_13,0.06215353919418746,0.06384179061,-0.16882514158125458,7905
group_employed,dep_hour_share_shop_14,0.08112712111658024,0.07465576374,0.6471357376580236,7905
group_employed,dep_hour_share_shop_15,0.11281563814668762,0.1037784547,0.9037183446687622,7905
group_employed,dep_hour_share_shop_16,0.12516352479459403,0.1473812806,-2.221775580540597,7905
group_employed,dep_hour_share_shop_17,0.11298504512813756,0.1536418149,-4.065676977186245,7905
group_employed,dep_hour_share_shop_18,0.07415320038022456,0.07146873711,0.2684463270224563,7905
group_employed,dep_hour_share_shop_19,0.03540605912303653,0.03788572205,-0.24796629269634718,7905
group_employed,dep_hour_share_shop_20,0.006682164268303013,0.01477091343,-0.8088749161696986,7905
group_employed,dep_hour_share_shop_21,0.005053974946589743,0.01267547584,-0.7621500893410257,7905
group_employed,dep_hour_share_shop_22,0.004715160983689872,0.001585724788,0.3129436195689872,7905
group_employed,dep_hour_share_shop_23,0.0005741014371358926,0.0006793367892,-0.010523535206410733,7905
group_employed,dep_hour_share_shop_4,0.00024469897320546246,0.0,0.024469897320546247,7905
group_employed,dep_hour_share_shop_5,0.0006588049278608604,0.0003496419423,0.030916298556086044,7905
group_employed,dep_hour_share_shop_6,0.007388026691011077,0.01342551514,-0.6037488448988924,7905
group_employed,dep_hour_share_shop_7,0.03106735809812429,0.03181382153,-0.07464634318757116,7905
group_employed,dep_hour_share_shop_8,0.04307643078313083,0.03678463044,0.6291800343130829,7905
group_employed,dep_hour_share_shop_9,0.07881189237009778,0.04087415121,3.7937741160097778,7905
group_employed,dep_hour_share_work_10,0.030138894069956852,0.02586985517,0.4269038899956851,7905
group_employed,dep_hour_share_work_11,0.025754467116797852,0.02843642149,-0.26819543732021467,7905
group_employed,dep_hour_share_work_12,0.03147436614814538,0.05059221051,-1.9117844361854617,7905
group_employed,dep_hour_share_work_13,0.038412852364432176,0.05123948207,-1.2826629705567825,7905
group_employed,dep_hour_share_work_14,0.021029333134380324,0.02640883501,-0.5379501875619676,7905
group_employed,dep_hour_share_work_15,0.018878153716069185,0.01643616099,0.24419927260691843,7905
group_employed,dep_hour_share_work_16,0.0128449036943087,0.007989147693,0.4855756001308701,7905
group_employed,dep_hour_share_work_17,0.007609952624314545,0.009139958774,-0.15300061496854545,7905
group_employed,dep_hour_share_work_18,0.004503798759030601,0.00349254232,0.10112564390306013,7905
group_employed,dep_hour_share_work_19,0.0036632222926847465,0.001259650516,0.24035717766847461,7905
group_employed,dep_hour_share_work_20,0.005510998371072232,0.005292720038,0.02182783330722327,7905
group_employed,dep_hour_share_work_21,0.003780107185934022,0.00620506695,-0.2424959764065978,7905
group_employed,dep_hour_share_work_22,0.0009599482722174557,0.0005429272514,0.041702102081745566,7905
group_employed,dep_hour_share_work_23,0.0006242150682035786,0.001233862967,-0.06096478987964214,7905
group_employed,dep_hour_share_work_4,0.029701197448427648,0.01525278437,1.4448413078427649,7905
group_employed,dep_hour_share_work_5,0.11299536190795936,0.0893056299,2.368973200795936,7905
group_employed,dep_hour_share_work_6,0.2204498824933786,0.1800168007,4.04330817933786,7905
group_employed,dep_hour_share_work_7,0.24404570945399834,0.2929843229,-4.893861344600165,7905
group_employed,dep_hour_share_work_8,0.12324144191193842,0.1393403832,-1.609894128806158,7905
group_employed,dep_hour_share_work_9,0.05067581850511682,0.04454627175,0.6129546755116823,7905
group_employed,mean_work_activity_h,5.829714903542851,6.413291728,-0.5835768244571486,7905
group_employed,mobility_rate,0.9363380585618485,0.9291446422,0.7193416361848448,7905
group_employed,n_persons_unweighted,481952.0,7905.0,474047.0,7905
group_employed,n_persons_weighted,481952.0,350904.6032,131047.39679999999,7905
group_employed,n_work_activities_measured,401560.0,6381.0,395179.0,7905
group_employed,nonhome_acts_per_mobile,2.2374875351784964,2.230386497,0.007101038178496388,7905
group_employed,participation_education,0.04674739393134586,0.02569265403,2.105473990134586,7905
group_employed,participation_escort,0.1256203937321559,0.1360775441,-1.0457150367844115,7905
group_employed,participation_home,0.9363380585618485,0.9182753444,1.8062714161848459,7905
group_employed,participation_leisure,0.37013437022774054,0.3614993716,0.8634998627740531,7905
group_employed,participation_other,0.22437504149790852,0.1439693998,8.040564169790851,7905
group_employed,participation_shop,0.19087377996148994,0.2690299712,-7.815619123851006,7905
group_employed,participation_work,0.6719694077418498,0.7032715106,-3.130210285815027,7905
group_employed,purpose_share_education,0.01556914789963382,0.007854271761,0.771487613863382,7905
group_employed,purpose_share_escort,0.054150270053312625,0.06256987029,-0.841960023668737,7905
group_employed,purpose_share_home,0.41265309565151637,0.4130741417,-0.0421046048483642,7905
group_employed,purpose_share_leisure,0.13552982511248585,0.1393625909,-0.3832765787514153,7905
group_employed,purpose_share_other,0.08638681174215652,0.0500511201,3.6335691642156527,7905
group_employed,purpose_share_shop,0.0618071612845056,0.09055202884,-2.874486755549441,7905
group_employed,purpose_share_work,0.23390368825638921,0.2365359764,-0.26322881436107726,7905
group_employed,share_mobile_first_from_home,1.0,0.9720015975,2.7998402499999964,7905
group_employed,share_mobile_last_to_home,1.0,0.9703182882,2.968171180000001,7905
group_employed,share_mobile_odd_trip_count,0.29251445919294433,0.2325930236,5.9921435592944325,7905
group_employed,share_trips_0,0.06366194143815151,0.07085535776,-0.7193416321848487,7905
group_employed,share_trips_1,0.0008299581701082265,0.007057298834,-0.6227340663891774,7905
group_employed,share_trips_2,0.33107861363787267,0.3471279982,-1.6049384562127345,7905
group_employed,share_trips_3,0.12464311798685346,0.0861293924,3.8513725586853456,7905
group_employed,share_trips_4,0.21597378992098798,0.239018548,-2.304475807901202,7905
group_employed,share_trips_5,0.09680424606599827,0.07743906342,1.9365182645998278,7905
group_employed,share_trips_6,0.07935645043489808,0.08475514435,-0.5398693915101921,7905
group_employed,share_trips_7,0.039624277936392005,0.03249148717,0.7132790766392005,7905
group_employed,share_trips_8plus,0.0480276044087378,0.0551257099,-0.7098105491262198,7905
group_employed,share_trips_followed_by_same_purpose,0.10303791798639408,0.04597792575,5.705999223639409,7905
group_employed,share_trips_home_based,0.8026234581366467,0.8258944571,-2.3270998963353273,7905
group_employed,share_trips_unknown_purpose,0.0,0.000843737046,-0.0843737046,7905
group_employed,share_work_activities_lt_2h,0.1934779360494073,0.09869562417,9.47823118794073,7905
group_employed,tours_per_mobile,1.5719945930374277,1.567474532,0.004520061037427636,7905
group_employed,trips_per_mobile_person,3.809482128215924,3.797861029,0.011621099215924247,7905
group_employed,trips_per_person,3.566963100059757,3.528762227,0.038200873059756724,7905
group_employed,trips_per_person_education,0.05553457605736671,0.02769247262,0.027842103437366712,7905
group_employed,trips_per_person_escort,0.19315201513843702,0.2206079026,-0.027455887461562967,7905
group_employed,trips_per_person_home,1.4719183653143881,1.456410563,0.015507802314388197,7905
group_employed,trips_per_person_leisure,0.48342988513378926,0.4913625157,-0.007932630566210741,7905
group_employed,trips_per_person_other,0.3081385698160813,0.1764694825,0.1316690873160813,7905
group_employed,trips_per_person_shop,0.2204638636212735,0.3192669741,-0.0988031104787265,7905
group_employed,trips_per_person_work,0.8343258249784211,0.8339749693,0.00035085567842108034,7905
group_school_age_6_17_not_employed,dep_hour_share_all_10,0.013732969435868497,0.004852529859,0.8880439576868497,1998
group_school_age_6_17_not_employed,dep_hour_share_all_11,0.029782800961470637,0.0116889465,1.809385446147064,1998
group_school_age_6_17_not_employed,dep_hour_share_all_12,0.06637240166900885,0.04704768664,1.9324715029008843,1998
group_school_age_6_17_not_employed,dep_hour_share_all_13,0.0959490181822128,0.1459580498,-5.000903161778719,1998
group_school_age_6_17_not_employed,dep_hour_share_all_14,0.0816978746724109,0.06265069258,1.9047182092410895,1998
group_school_age_6_17_not_employed,dep_hour_share_all_15,0.112560431034015,0.1208105689,-0.8250137865984997,1998
group_school_age_6_17_not_employed,dep_hour_share_all_16,0.08384110775307785,0.09315958288,-0.9318475126922146,1998
group_school_age_6_17_not_employed,dep_hour_share_all_17,0.07373806978800983,0.0706701085,0.3067961288009832,1998
group_school_age_6_17_not_employed,dep_hour_share_all_18,0.06639410529514218,0.06628889492,0.010521037514218956,1998
group_school_age_6_17_not_employed,dep_hour_share_all_19,0.0312586475385375,0.03485212832,-0.3593480781462502,1998
group_school_age_6_17_not_employed,dep_hour_share_all_20,0.023369379439069783,0.01218693355,1.1182445889069783,1998
group_school_age_6_17_not_employed,dep_hour_share_all_21,0.010490990282201398,0.005751210037,0.4739780245201398,1998
group_school_age_6_17_not_employed,dep_hour_share_all_22,0.00570534071980076,0.0005689665699,0.513637414990076,1998
group_school_age_6_17_not_employed,dep_hour_share_all_23,0.0016657533057335555,0.0,0.16657533057335555,1998
group_school_age_6_17_not_employed,dep_hour_share_all_4,5.425906533334057e-05,0.0,0.005425906533334057,1998
group_school_age_6_17_not_employed,dep_hour_share_all_5,0.0007921823538667723,0.000127114887,0.06650674668667722,1998
group_school_age_6_17_not_employed,dep_hour_share_all_6,0.06983413003727598,0.0318838463,3.7950283737275985,1998
group_school_age_6_17_not_employed,dep_hour_share_all_7,0.18413356411522455,0.2589932479,-7.485968378477545,1998
group_school_age_6_17_not_employed,dep_hour_share_all_8,0.02881970255180384,0.02246919302,0.6350509531803841,1998
group_school_age_6_17_not_employed,dep_hour_share_all_9,0.01552080563860207,0.009455215519,0.6065590119602069,1998
group_school_age_6_17_not_employed,dep_hour_share_education_10,0.013381051296810739,0.00408476501,0.9296286286810739,1998
group_school_age_6_17_not_employed,dep_hour_share_education_11,0.013906616279166771,0.008428312366,0.5478303913166772,1998
group_school_age_6_17_not_employed,dep_hour_share_education_12,0.019337454430179108,0.02072226174,-0.1384807309820893,1998
group_school_age_6_17_not_employed,dep_hour_share_education_13,0.023450208974647745,0.01774976563,0.5700443344647744,1998
group_school_age_6_17_not_employed,dep_hour_share_education_14,0.01325591677720216,0.007555601704,0.570031507320216,1998
group_school_age_6_17_not_employed,dep_hour_share_education_15,0.02836382444461129,0.006367729584,2.1996094860611293,1998
group_school_age_6_17_not_employed,dep_hour_share_education_16,0.016884817845850955,0.01031621312,0.6568604725850955,1998
group_school_age_6_17_not_employed,dep_hour_share_education_17,0.0056811071902294966,0.005115461704,0.056564548622949684,1998
group_school_age_6_17_not_employed,dep_hour_share_education_18,0.0017518832745201092,0.002411390218,-0.06595069434798906,1998
group_school_age_6_17_not_employed,dep_hour_share_education_19,0.004946984675192499,0.0,0.4946984675192499,1998
group_school_age_6_17_not_employed,dep_hour_share_education_20,0.00024192673790991983,0.0,0.02419267379099198,1998
group_school_age_6_17_not_employed,dep_hour_share_education_21,0.00020021523137372674,0.0,0.020021523137372675,1998
group_school_age_6_17_not_employed,dep_hour_share_education_22,5.0053807843431686e-05,0.0,0.005005380784343169,1998
group_school_age_6_17_not_employed,dep_hour_share_education_23,2.5026903921715843e-05,0.0,0.0025026903921715844,1998
group_school_age_6_17_not_employed,dep_hour_share_education_4,5.0053807843431686e-05,0.0,0.005005380784343169,1998
group_school_age_6_17_not_employed,dep_hour_share_education_5,0.0022023675451109943,0.0003835214219,0.18188461232109943,1998
group_school_age_6_17_not_employed,dep_hour_share_education_6,0.2104011812698651,0.08895276388,12.14484173898651,1998
group_school_age_6_17_not_employed,dep_hour_share_education_7,0.5449274636901336,0.7528988287,-20.797136500986646,1998
group_school_age_6_17_not_employed,dep_hour_share_education_8,0.06916602013831535,0.05646682635,1.2699193788315355,1998
group_school_age_6_17_not_employed,dep_hour_share_education_9,0.029473350518474026,0.01854655854,1.0926791978474026,1998
group_school_age_6_17_not_employed,dep_hour_share_escort_10,0.005002680007146686,0.0,0.5002680007146686,1998
group_school_age_6_17_not_employed,dep_hour_share_escort_11,0.012685367160979096,0.0,1.2685367160979095,1998
group_school_age_6_17_not_employed,dep_hour_share_escort_12,0.021261390030373414,0.02795913792,-0.6697747889626584,1998
group_school_age_6_17_not_employed,dep_hour_share_escort_13,0.07629087010898696,0.08220767149,-0.5916801381013039,1998
group_school_age_6_17_not_employed,dep_hour_share_escort_14,0.1234589958906557,0.07240303599,5.10559599006557,1998
group_school_age_6_17_not_employed,dep_hour_share_escort_15,0.10737895301054136,0.1032585777,0.4120375310541352,1998
group_school_age_6_17_not_employed,dep_hour_share_escort_16,0.15901375737001966,0.12591905,3.3094707370019654,1998
group_school_age_6_17_not_employed,dep_hour_share_escort_17,0.08969090584241558,0.06362312336,2.606778248241558,1998
group_school_age_6_17_not_employed,dep_hour_share_escort_18,0.07950687868500983,0.1265584136,-4.705153491499018,1998
group_school_age_6_17_not_employed,dep_hour_share_escort_19,0.04698945863855637,0.007267419708,3.972203893055637,1998
group_school_age_6_17_not_employed,dep_hour_share_escort_20,0.0032160085760228694,0.02209321154,-1.8877202963977129,1998
group_school_age_6_17_not_employed,dep_hour_share_escort_21,0.001965338574236198,0.0,0.1965338574236198,1998
group_school_age_6_17_not_employed,dep_hour_share_escort_22,0.0010720028586742897,0.0,0.10720028586742897,1998
group_school_age_6_17_not_employed,dep_hour_share_escort_23,0.00035733428622476324,0.0,0.035733428622476325,1998
group_school_age_6_17_not_employed,dep_hour_share_escort_4,0.002501340003573343,0.0,0.2501340003573343,1998
group_school_age_6_17_not_employed,dep_hour_share_escort_5,0.0008933357155619082,0.0,0.08933357155619082,1998
group_school_age_6_17_not_employed,dep_hour_share_escort_6,0.049133464355904946,0.01359617894,3.5537285415904942,1998
group_school_age_6_17_not_employed,dep_hour_share_escort_7,0.14525638735036628,0.2971169262,-15.186053884963375,1998
group_school_age_6_17_not_employed,dep_hour_share_escort_8,0.05770948722529927,0.04864146745,0.9068019775299265,1998
group_school_age_6_17_not_employed,dep_hour_share_escort_9,0.010184027157405753,0.00935578603,0.0828241127405753,1998
group_school_age_6_17_not_employed,dep_hour_share_home_10,0.013878117216810114,0.002365747199,1.1512370017810114,1998
group_school_age_6_17_not_employed,dep_hour_share_home_11,0.03758630473848482,0.01155157767,2.6034727068484824,1998
group_school_age_6_17_not_employed,dep_hour_share_home_12,0.11857246445348214,0.07669321947,4.187924498348214,1998
group_school_age_6_17_not_employed,dep_hour_share_home_13,0.1661969166745484,0.2799588785,-11.376196182545161,1998
group_school_age_6_17_not_employed,dep_hour_share_home_14,0.10656704183612346,0.08111673494,2.545030689612346,1998
group_school_age_6_17_not_employed,dep_hour_share_home_15,0.13727418897190957,0.1705628224,-3.3288633428090435,1998
group_school_age_6_17_not_employed,dep_hour_share_home_16,0.07680570005359563,0.08199135047,-0.5185650416404369,1998
group_school_age_6_17_not_employed,dep_hour_share_home_17,0.09048204546171065,0.07958448163,1.0897563831710657,1998
group_school_age_6_17_not_employed,dep_hour_share_home_18,0.1094485954790504,0.1105098613,-0.10612658209495918,1998
group_school_age_6_17_not_employed,dep_hour_share_home_19,0.054427945395504274,0.06291849348,-0.849054808449573,1998
group_school_age_6_17_not_employed,dep_hour_share_home_20,0.0388410731738075,0.02314635867,1.56947145038075,1998
group_school_age_6_17_not_employed,dep_hour_share_home_21,0.02122387212711624,0.009675159595,1.1548712532116239,1998
group_school_age_6_17_not_employed,dep_hour_share_home_22,0.012232415902140673,0.001259461757,1.0972954145140674,1998
group_school_age_6_17_not_employed,dep_hour_share_home_23,0.00360036571140326,0.0,0.360036571140326,1998
group_school_age_6_17_not_employed,dep_hour_share_home_4,0.0,0.0,0.0,1998
group_school_age_6_17_not_employed,dep_hour_share_home_5,6.3053690217219965e-06,0.0,0.0006305369021721997,1998
group_school_age_6_17_not_employed,dep_hour_share_home_6,7.566442826066395e-05,0.0,0.0075664428260663955,1998
group_school_age_6_17_not_employed,dep_hour_share_home_7,0.0005990100570635896,0.002685606568,-0.20865965109364104,1998
group_school_age_6_17_not_employed,dep_hour_share_home_8,0.0009710268293451874,0.002041453591,-0.10704267616548127,1998
group_school_age_6_17_not_employed,dep_hour_share_home_9,0.004312872410857846,0.002643654981,0.16692174298578458,1998
group_school_age_6_17_not_employed,dep_hour_share_leisure_10,0.004335340435386753,0.01007066789,-0.5735327454613246,1998
group_school_age_6_17_not_employed,dep_hour_share_leisure_11,0.005521074571560908,0.013950877,-0.8429802428439094,1998
group_school_age_6_17_not_employed,dep_hour_share_leisure_12,0.026716072255673923,0.01751160838,0.9204463875673922,1998
group_school_age_6_17_not_employed,dep_hour_share_leisure_13,0.04876331635016211,0.04175505295,0.7008263400162106,1998
group_school_age_6_17_not_employed,dep_hour_share_leisure_14,0.13858267716535433,0.1012187429,3.7363934265354324,1998
group_school_age_6_17_not_employed,dep_hour_share_leisure_15,0.1972024085224641,0.210475159,-1.32727504775359,1998
group_school_age_6_17_not_employed,dep_hour_share_leisure_16,0.22934691987031033,0.2863656329,-5.701871302968967,1998
group_school_age_6_17_not_employed,dep_hour_share_leisure_17,0.1717276516905975,0.1771457575,-0.5418105809402496,1998
group_school_age_6_17_not_employed,dep_hour_share_leisure_18,0.07292264937471052,0.07217873783,0.07439115447105127,1998
group_school_age_6_17_not_employed,dep_hour_share_leisure_19,0.029272811486799444,0.03472016856,-0.5447357073200556,1998
group_school_age_6_17_not_employed,dep_hour_share_leisure_20,0.039425660027790646,0.009631846735,2.979381329279065,1998
group_school_age_6_17_not_employed,dep_hour_share_leisure_21,0.007447892542843909,0.006517156929,0.09307356138439091,1998
group_school_age_6_17_not_employed,dep_hour_share_leisure_22,0.0024085224641037517,0.0,0.24085224641037517,1998
group_school_age_6_17_not_employed,dep_hour_share_leisure_23,0.00022232515053265402,0.0,0.0222325150532654,1998
group_school_age_6_17_not_employed,dep_hour_share_leisure_4,0.0,0.0,0.0,1998
group_school_age_6_17_not_employed,dep_hour_share_leisure_5,0.0,0.0,0.0,1998
group_school_age_6_17_not_employed,dep_hour_share_leisure_6,0.0005743399722093562,0.0008331053387,-0.02587653664906438,1998
group_school_age_6_17_not_employed,dep_hour_share_leisure_7,0.007281148679944419,0.008579893927,-0.12987452470555805,1998
group_school_age_6_17_not_employed,dep_hour_share_leisure_8,0.01063455303381195,0.002718094349,0.791645868481195,1998
group_school_age_6_17_not_employed,dep_hour_share_leisure_9,0.0063547938860583604,0.006327497793,0.0027296093058360067,1998
group_school_age_6_17_not_employed,dep_hour_share_other_10,0.038391224862888484,0.00869146934,2.9699755522888482,1998
group_school_age_6_17_not_employed,dep_hour_share_other_11,0.12057108035170193,0.03675929078,8.381178957170194,1998
group_school_age_6_17_not_employed,dep_hour_share_other_12,0.061547836684948204,0.05742986744,0.41179692449482064,1998
group_school_age_6_17_not_employed,dep_hour_share_other_13,0.132715243318534,0.1074905899,2.5224653418533984,1998
group_school_age_6_17_not_employed,dep_hour_share_other_14,0.11543483938365108,0.1578693725,-4.243453311634891,1998
group_school_age_6_17_not_employed,dep_hour_share_other_15,0.1287542439279185,0.1724000135,-4.36457695720815,1998
group_school_age_6_17_not_employed,dep_hour_share_other_16,0.1126926090363019,0.1364216281,-2.372901906369809,1998
group_school_age_6_17_not_employed,dep_hour_share_other_17,0.058762078871768084,0.1022874004,-4.352532152823192,1998
group_school_age_6_17_not_employed,dep_hour_share_other_18,0.05205884913380343,0.02318103046,2.887781867380343,1998
group_school_age_6_17_not_employed,dep_hour_share_other_19,0.017149821537390093,0.002782435136,1.4367386401390094,1998
group_school_age_6_17_not_employed,dep_hour_share_other_20,0.0067902846696265345,0.0,0.6790284669626534,1998
group_school_age_6_17_not_employed,dep_hour_share_other_21,0.0022634282232088447,0.008538957137,-0.6275528913791154,1998
group_school_age_6_17_not_employed,dep_hour_share_other_22,0.0004788021241403326,0.0,0.04788021241403326,1998
group_school_age_6_17_not_employed,dep_hour_share_other_23,0.0006964394532950292,0.0,0.06964394532950292,1998
group_school_age_6_17_not_employed,dep_hour_share_other_4,0.0,0.0,0.0,1998
group_school_age_6_17_not_employed,dep_hour_share_other_5,0.0,0.0,0.0,1998
group_school_age_6_17_not_employed,dep_hour_share_other_6,0.006398537477148081,0.05645224043,-5.005370295285192,1998
group_school_age_6_17_not_employed,dep_hour_share_other_7,0.05005658570558022,0.05998543478,-0.9928849074419779,1998
group_school_age_6_17_not_employed,dep_hour_share_other_8,0.04896839905980674,0.03519382514,1.3774573919806736,1998
group_school_age_6_17_not_employed,dep_hour_share_other_9,0.04344041089927744,0.03451644511,0.8923965789277442,1998
group_school_age_6_17_not_employed,dep_hour_share_shop_10,0.014055107152797106,0.02183297751,-0.7777870357202895,1998
group_school_age_6_17_not_employed,dep_hour_share_shop_11,0.0260228221541887,0.02490489922,0.11179229341887024,1998
group_school_age_6_17_not_employed,dep_hour_share_shop_12,0.048149178959087116,0.03117801132,1.6971167639087115,1998
group_school_age_6_17_not_employed,dep_hour_share_shop_13,0.01168939604787086,0.1173670595,-10.567766345212913,1998
group_school_age_6_17_not_employed,dep_hour_share_shop_14,0.11118842193153354,0.1249227788,-1.3734356868466455,1998
group_school_age_6_17_not_employed,dep_hour_share_shop_15,0.28945171166156414,0.185199729,10.425198266156412,1998
group_school_age_6_17_not_employed,dep_hour_share_shop_16,0.11452824937378235,0.2139386303,-9.941038092621763,1998
group_school_age_6_17_not_employed,dep_hour_share_shop_17,0.14180350681881437,0.1164125599,2.539094691881437,1998
group_school_age_6_17_not_employed,dep_hour_share_shop_18,0.18466462566100753,0.0914343131,9.323031256100753,1998
group_school_age_6_17_not_employed,dep_hour_share_shop_19,0.008071249652101308,0.03923174546,-3.1160495807898694,1998
group_school_age_6_17_not_employed,dep_hour_share_shop_20,0.01711661564152519,0.0,1.7116615641525188,1998
group_school_age_6_17_not_employed,dep_hour_share_shop_21,0.0016699137211244085,0.00779101139,-0.6121097668875591,1998
group_school_age_6_17_not_employed,dep_hour_share_shop_22,0.0013915947676036739,0.0,0.13915947676036738,1998
group_school_age_6_17_not_employed,dep_hour_share_shop_23,0.0013915947676036739,0.0,0.13915947676036738,1998
group_school_age_6_17_not_employed,dep_hour_share_shop_4,0.0,0.0,0.0,1998
group_school_age_6_17_not_employed,dep_hour_share_shop_5,0.0,0.0,0.0,1998
group_school_age_6_17_not_employed,dep_hour_share_shop_6,0.0006957973838018369,0.001267157411,-0.0571360027198163,1998
group_school_age_6_17_not_employed,dep_hour_share_shop_7,0.007375452268299471,0.01321060733,-0.5835155061700529,1998
group_school_age_6_17_not_employed,dep_hour_share_shop_8,0.005148900640133593,0.006089160854,-0.09402602138664064,1998
group_school_age_6_17_not_employed,dep_hour_share_shop_9,0.009880322849986084,0.005219358949,0.4660963900986084,1998
group_school_age_6_17_not_employed,dep_hour_share_work_10,0.0297029702970297,0.07259115337,-4.28881830729703,1998
group_school_age_6_17_not_employed,dep_hour_share_work_11,0.0594059405940594,0.0,5.9405940594059405,1998
group_school_age_6_17_not_employed,dep_hour_share_work_12,0.05198019801980198,0.0944943088,-4.251411078019802,1998
group_school_age_6_17_not_employed,dep_hour_share_work_13,0.01485148514851485,0.0,1.4851485148514851,1998
group_school_age_6_17_not_employed,dep_hour_share_work_14,0.0049504950495049506,0.07057305695,-6.562256190049505,1998
group_school_age_6_17_not_employed,dep_hour_share_work_15,0.0891089108910891,0.0,8.91089108910891,1998
group_school_age_6_17_not_employed,dep_hour_share_work_16,0.04455445544554455,0.0,4.455445544554455,1998
group_school_age_6_17_not_employed,dep_hour_share_work_17,0.022277227722772276,0.0,2.2277227722772275,1998
group_school_age_6_17_not_employed,dep_hour_share_work_18,0.0024752475247524753,0.0,0.24752475247524752,1998
group_school_age_6_17_not_employed,dep_hour_share_work_19,0.0049504950495049506,0.0,0.49504950495049505,1998
group_school_age_6_17_not_employed,dep_hour_share_work_20,0.0,0.0,0.0,1998
group_school_age_6_17_not_employed,dep_hour_share_work_21,0.0,0.0,0.0,1998
group_school_age_6_17_not_employed,dep_hour_share_work_22,0.0,0.0,0.0,1998
group_school_age_6_17_not_employed,dep_hour_share_work_23,0.0,0.0,0.0,1998
group_school_age_6_17_not_employed,dep_hour_share_work_4,0.0,0.0,0.0,1998
group_school_age_6_17_not_employed,dep_hour_share_work_5,0.054455445544554455,0.0,5.445544554455446,1998
group_school_age_6_17_not_employed,dep_hour_share_work_6,0.12376237623762376,0.2881153767,-16.43530004623762,1998
group_school_age_6_17_not_employed,dep_hour_share_work_7,0.11633663366336634,0.1723300192,-5.599338553663364,1998
group_school_age_6_17_not_employed,dep_hour_share_work_8,0.29455445544554454,0.301896085,-0.7341629554455442,1998
group_school_age_6_17_not_employed,dep_hour_share_work_9,0.08663366336633663,0.0,8.663366336633663,1998
group_school_age_6_17_not_employed,mean_work_activity_h,4.65404290429043,5.907507402,-1.2534644977095706,1998
group_school_age_6_17_not_employed,mobility_rate,0.9684315163681285,0.9546151309,1.3816385468128467,1998
group_school_age_6_17_not_employed,n_persons_unweighted,103616.0,1998.0,101618.0,1998
group_school_age_6_17_not_employed,n_persons_weighted,103616.0,88105.74376,15510.256240000002,1998
group_school_age_6_17_not_employed,n_work_activities_measured,404.0,10.0,394.0,1998
group_school_age_6_17_not_employed,nonhome_acts_per_mobile,2.092849668643181,1.741985937,0.3508637316431811,1998
group_school_age_6_17_not_employed,participation_education,0.9304161519456454,0.9215223516,0.8893800345645464,1998
group_school_age_6_17_not_employed,participation_escort,0.044790379864113654,0.04127077527,0.35196045941136567,1998
group_school_age_6_17_not_employed,participation_home,0.9684315163681285,0.9487861501,1.9645366268128517,1998
group_school_age_6_17_not_employed,participation_leisure,0.413092572575664,0.3806411804,3.2451392175664004,1998
group_school_age_6_17_not_employed,participation_other,0.1643279030265596,0.06948335593,9.48445470965596,1998
group_school_age_6_17_not_employed,participation_shop,0.04972205064854849,0.0753875161,-2.5665465451451506,1998
group_school_age_6_17_not_employed,participation_work,0.003319950586781964,0.005690212624,-0.2370262037218036,1998
group_school_age_6_17_not_employed,purpose_share_education,0.3252044210286434,0.3295319444,-0.4327523371356612,1998
group_school_age_6_17_not_employed,purpose_share_escort,0.015184399433535358,0.01580758614,-0.06231867064646415,1998
group_school_age_6_17_not_employed,purpose_share_home,0.4302608233270574,0.4560375202,-2.5776696872942595,1998
group_school_age_6_17_not_employed,purpose_share_leisure,0.14643165256835286,0.1422250527,0.4206599868352867,1998
group_school_age_6_17_not_employed,purpose_share_other,0.062327388348408314,0.02619794688,3.612944146840831,1998
group_school_age_6_17_not_employed,purpose_share_shop,0.019495282174269265,0.02833535593,-0.8840073755730735,1998
group_school_age_6_17_not_employed,purpose_share_work,0.0010960331197334794,0.001864593728,-0.07685606082665207,1998
group_school_age_6_17_not_employed,share_mobile_first_from_home,1.0,0.996796643,0.3203356999999962,1998
group_school_age_6_17_not_employed,share_mobile_last_to_home,1.0,0.9931863101,0.6813689899999975,1998
group_school_age_6_17_not_employed,share_mobile_odd_trip_count,0.2238277941103194,0.1291488306,9.467896351031941,1998
group_school_age_6_17_not_employed,share_trips_0,0.03156848363187153,0.04538486914,-1.381638550812847,1998
group_school_age_6_17_not_employed,share_trips_1,9.651019147621989e-05,0.001337939541,-0.12414293495237802,1998
group_school_age_6_17_not_employed,share_trips_2,0.37816553428042,0.4474096992,-6.924416491958002,1998
group_school_age_6_17_not_employed,share_trips_3,0.07089638665843113,0.0740062828,-0.31098961415688686,1998
group_school_age_6_17_not_employed,share_trips_4,0.26188040457072265,0.3227282598,-6.084785522927732,1998
group_school_age_6_17_not_employed,share_trips_5,0.12323386349598518,0.03778814053,8.544572296598519,1998
group_school_age_6_17_not_employed,share_trips_6,0.0735600679431748,0.05429924973,1.9260818213174797,1998
group_school_age_6_17_not_employed,share_trips_7,0.017284975293390983,0.00950442099,0.7780554303390983,1998
group_school_age_6_17_not_employed,share_trips_8plus,0.04331377393452748,0.007541138179,3.5772635755527484,1998
group_school_age_6_17_not_employed,share_trips_followed_by_same_purpose,0.10871617625514783,0.0224786539,8.623752235514784,1998
group_school_age_6_17_not_employed,share_trips_home_based,0.8384544847830451,0.9123354716,-7.388098681695487,1998
group_school_age_6_17_not_employed,share_trips_unknown_purpose,0.0,0.000951513076,-0.0951513076,1998
group_school_age_6_17_not_employed,share_work_activities_lt_2h,0.2524752475247525,0.0944943088,15.798093872475249,1998
group_school_age_6_17_not_employed,tours_per_mobile,1.5804972843689271,1.457862408,0.12263487636892711,1998
group_school_age_6_17_not_employed,trips_per_mobile_person,3.6733469530121083,3.199848344,0.4734986090121085,1998
group_school_age_6_17_not_employed,trips_per_person,3.55738495985176,3.054623646,0.5027613138517601,1998
group_school_age_6_17_not_employed,trips_per_person_education,1.1568773162445953,1.00563828,0.15123903624459523,1998
group_school_age_6_17_not_employed,trips_per_person_escort,0.054016754169240275,0.04824028143,0.005776472739240278,1998
group_school_age_6_17_not_employed,trips_per_person_home,1.5306033817171094,1.391697513,0.13890586871710942,1998
group_school_age_6_17_not_employed,trips_per_person_leisure,0.5209137584928969,0.43403063,0.08688312849289692,1998
group_school_age_6_17_not_employed,trips_per_person_other,0.22172251389746758,0.0799487233,0.14177379059746759,1998
group_school_age_6_17_not_employed,trips_per_person_shop,0.06935222359481161,0.08647149113,-0.017119267535188387,1998
group_school_age_6_17_not_employed,trips_per_person_work,0.0038990117356392834,0.005690212624,-0.0017912008883607168,1998
group_senior_65plus_not_employed,dep_hour_share_all_10,0.10952756337184133,0.123969224,-1.4441660628158672,4057
group_senior_65plus_not_employed,dep_hour_share_all_11,0.08495957321718549,0.1176306263,-3.267105308281451,4057
group_senior_65plus_not_employed,dep_hour_share_all_12,0.07209332660341297,0.08783974196,-1.5746415356587025,4057
group_senior_65plus_not_employed,dep_hour_share_all_13,0.0673729302186657,0.06971876615,-0.23458359313343058,4057
group_senior_65plus_not_employed,dep_hour_share_all_14,0.07863609468014919,0.07765345569,0.09826389901491928,4057
group_senior_65plus_not_employed,dep_hour_share_all_15,0.07535242286584963,0.08177841478,-0.6425991914150373,4057
group_senior_65plus_not_employed,dep_hour_share_all_16,0.07341851597694435,0.075231048,-0.18125320230556463,4057
group_senior_65plus_not_employed,dep_hour_share_all_17,0.06252776564753744,0.06176249265,0.0765272997537439,4057
group_senior_65plus_not_employed,dep_hour_share_all_18,0.05230244564549577,0.04587436006,0.642808558549577,4057
group_senior_65plus_not_employed,dep_hour_share_all_19,0.033887795591902165,0.02398184197,0.9905953621902164,4057
group_senior_65plus_not_employed,dep_hour_share_all_20,0.018165113680831638,0.01225640014,0.5908713540831637,4057
group_senior_65plus_not_employed,dep_hour_share_all_21,0.013856830396554885,0.01389848055,-0.004165015344511497,4057
group_senior_65plus_not_employed,dep_hour_share_all_22,0.010979600401526709,0.007401073552,0.35785268495267086,4057
group_senior_65plus_not_employed,dep_hour_share_all_23,0.0045729430735697504,0.002702357254,0.18705858195697503,4057
group_senior_65plus_not_employed,dep_hour_share_all_4,0.0018242621190553158,0.0005019455823,0.13223165367553158,4057
group_senior_65plus_not_employed,dep_hour_share_all_5,0.0034008782924150396,0.0004406899397,0.29601883527150397,4057
group_senior_65plus_not_employed,dep_hour_share_all_6,0.01265262835527174,0.004025912121,0.8626716234271741,4057
group_senior_65plus_not_employed,dep_hour_share_all_7,0.04092396513296319,0.02579421847,1.5129746662963188,4057
group_senior_65plus_not_employed,dep_hour_share_all_8,0.0696660182501829,0.06683868198,0.28273362701829036,4057
group_senior_65plus_not_employed,dep_hour_share_all_9,0.10306986451309215,0.09938054822,0.3689316293092146,4057
group_senior_65plus_not_employed,dep_hour_share_education_10,0.06109134045077105,0.01199914598,4.909219447077105,4057
group_senior_65plus_not_employed,dep_hour_share_education_11,0.04033214709371293,0.08425665059,-4.392450349628707,4057
group_senior_65plus_not_employed,dep_hour_share_education_12,0.06583629893238434,0.01715607438,4.868022455238434,4057
group_senior_65plus_not_employed,dep_hour_share_education_13,0.06484776591538158,0.00989904158,5.494872433538157,4057
group_senior_65plus_not_employed,dep_hour_share_education_14,0.04329774614472123,0.1568402122,-11.354246605527877,4057
group_senior_65plus_not_employed,dep_hour_share_education_15,0.0579280347963622,0.1626272836,-10.46992488036378,4057
group_senior_65plus_not_employed,dep_hour_share_education_16,0.07611704230921312,0.07789404902,-0.17770067107868714,4057
group_senior_65plus_not_employed,dep_hour_share_education_17,0.04389086595492289,0.1495685861,-10.567772014507712,4057
group_senior_65plus_not_employed,dep_hour_share_education_18,0.00276789244760775,0.09799489661,-9.522700416239225,4057
group_senior_65plus_not_employed,dep_hour_share_education_19,0.0,0.00764567786,-0.764567786,4057
group_senior_65plus_not_employed,dep_hour_share_education_20,0.00019770660340055358,0.0,0.019770660340055358,4057
group_senior_65plus_not_employed,dep_hour_share_education_21,0.0,0.0,0.0,4057
group_senior_65plus_not_employed,dep_hour_share_education_22,0.0,0.0,0.0,4057
group_senior_65plus_not_employed,dep_hour_share_education_23,0.0,0.0,0.0,4057
group_senior_65plus_not_employed,dep_hour_share_education_4,0.0,0.0,0.0,4057
group_senior_65plus_not_employed,dep_hour_share_education_5,0.0,0.0,0.0,4057
group_senior_65plus_not_employed,dep_hour_share_education_6,0.09588770264926849,0.0,9.588770264926849,4057
group_senior_65plus_not_employed,dep_hour_share_education_7,0.26176354290233295,0.0,26.176354290233295,4057
group_senior_65plus_not_employed,dep_hour_share_education_8,0.08244365361803084,0.1942102471,-11.176659348196917,4057
group_senior_65plus_not_employed,dep_hour_share_education_9,0.10359826018189007,0.02990813501,7.369012517189007,4057
group_senior_65plus_not_employed,dep_hour_share_escort_10,0.05112538188166345,0.04663537097,0.4490010911663449,4057
group_senior_65plus_not_employed,dep_hour_share_escort_11,0.047072760147141346,0.112495649,-6.542288885285866,4057
group_senior_65plus_not_employed,dep_hour_share_escort_12,0.0774985971693996,0.1233954962,-4.58968990306004,4057
group_senior_65plus_not_employed,dep_hour_share_escort_13,0.06970509383378017,0.1184254991,-4.8720405266219835,4057
group_senior_65plus_not_employed,dep_hour_share_escort_14,0.12762641062410374,0.1115064822,1.6119928424103729,4057
group_senior_65plus_not_employed,dep_hour_share_escort_15,0.1604214726603903,0.06272580147,9.769567119039031,4057
group_senior_65plus_not_employed,dep_hour_share_escort_16,0.030176444915518425,0.0534444049,-2.326795998448157,4057
group_senior_65plus_not_employed,dep_hour_share_escort_17,0.07793503335619428,0.03374122629,4.419380706619428,4057
group_senior_65plus_not_employed,dep_hour_share_escort_18,0.05411808716254131,0.04046083234,1.3657254822541307,4057
group_senior_65plus_not_employed,dep_hour_share_escort_19,0.016272834964773365,0.01957471194,-0.3301876975226634,4057
group_senior_65plus_not_employed,dep_hour_share_escort_20,0.007855851362304383,0.01177691654,-0.3921065177695616,4057
group_senior_65plus_not_employed,dep_hour_share_escort_21,0.011534384936716753,0.001257406891,1.0276978045716751,4057
group_senior_65plus_not_employed,dep_hour_share_escort_22,0.004925494108111478,0.008341346795,-0.34158526868885214,4057
group_senior_65plus_not_employed,dep_hour_share_escort_23,0.004302013841261924,0.0,0.4302013841261924,4057
group_senior_65plus_not_employed,dep_hour_share_escort_4,0.0,0.002305654933,-0.2305654933,4057
group_senior_65plus_not_employed,dep_hour_share_escort_5,0.006733586881975185,0.0,0.6733586881975185,4057
group_senior_65plus_not_employed,dep_hour_share_escort_6,0.016709271151568054,0.004658497359,1.2050773792568052,4057
group_senior_65plus_not_employed,dep_hour_share_escort_7,0.08766132551904732,0.08640632856,0.1254996959047322,4057
group_senior_65plus_not_employed,dep_hour_share_escort_8,0.05299582268221211,0.09850497542,-4.550915273778789,4057
group_senior_65plus_not_employed,dep_hour_share_escort_9,0.0759398965022757,0.05070407615,2.52358203522757,4057
group_senior_65plus_not_employed,dep_hour_share_home_10,0.08015026798965917,0.1002612359,-2.0110967910340825,4057
group_senior_65plus_not_employed,dep_hour_share_home_11,0.09063203280175812,0.1233054618,-3.2673428998241882,4057
group_senior_65plus_not_employed,dep_hour_share_home_12,0.0848186170236192,0.1068339671,-2.2015350076380793,4057
group_senior_65plus_not_employed,dep_hour_share_home_13,0.06173230981982815,0.06903153087,-0.7299221050171847,4057
group_senior_65plus_not_employed,dep_hour_share_home_14,0.0848362334350681,0.07123050455,1.36057288850681,4057
group_senior_65plus_not_employed,dep_hour_share_home_15,0.07612051387072197,0.08267943615,-0.6558922279278026,4057
group_senior_65plus_not_employed,dep_hour_share_home_16,0.08669476484292767,0.0931523054,-0.645754055707233,4057
group_senior_65plus_not_employed,dep_hour_share_home_17,0.09497888232677562,0.07063709017,2.4341792156775623,4057
group_senior_65plus_not_employed,dep_hour_share_home_18,0.07117470635644166,0.05668713935,1.448756700644166,4057
group_senior_65plus_not_employed,dep_hour_share_home_19,0.051602873236707314,0.03030490685,2.129796638670731,4057
group_senior_65plus_not_employed,dep_hour_share_home_20,0.03374864023324129,0.02250499527,1.1243644963241288,4057
group_senior_65plus_not_employed,dep_hour_share_home_21,0.027089636705554896,0.03004900153,-0.2959364824445105,4057
group_senior_65plus_not_employed,dep_hour_share_home_22,0.021117673224375827,0.01488090604,0.6236767184375828,4057
group_senior_65plus_not_employed,dep_hour_share_home_23,0.008772972901555088,0.005661182032,0.31117908695550883,4057
group_senior_65plus_not_employed,dep_hour_share_home_4,7.486974865784965e-05,0.000453971782,-0.037910203334215034,4057
group_senior_65plus_not_employed,dep_hour_share_home_5,0.0007310810751295908,0.0001286825985,0.06023984766295908,4057
group_senior_65plus_not_employed,dep_hour_share_home_6,0.0026248453058869644,0.002206542813,0.04183024928869645,4057
group_senior_65plus_not_employed,dep_hour_share_home_7,0.012225789545540626,0.01282550121,-0.0599711664459374,4057
group_senior_65plus_not_employed,dep_hour_share_home_8,0.029481064559743857,0.04417268038,-1.4691615820256145,4057
group_senior_65plus_not_employed,dep_hour_share_home_9,0.06659003527686393,0.06249350161,0.40965336668639246,4057
group_senior_65plus_not_employed,dep_hour_share_leisure_10,0.11519545189623616,0.09162066961,2.3574782286236164,4057
group_senior_65plus_not_employed,dep_hour_share_leisure_11,0.07222977740058692,0.07996216928,-0.7732391879413075,4057
group_senior_65plus_not_employed,dep_hour_share_leisure_12,0.041523941962596754,0.07939738058,-3.7873438617403243,4057
group_senior_65plus_not_employed,dep_hour_share_leisure_13,0.07621754823668954,0.07059226913,0.5625279106689542,4057
group_senior_65plus_not_employed,dep_hour_share_leisure_14,0.08668800294481539,0.08614243829,0.05455646548153947,4057
group_senior_65plus_not_employed,dep_hour_share_leisure_15,0.08519514514463337,0.09801726609,-1.2822120945366624,4057
group_senior_65plus_not_employed,dep_hour_share_leisure_16,0.07434636345974907,0.07179394305,0.25524204097490677,4057
group_senior_65plus_not_employed,dep_hour_share_leisure_17,0.05422345831756971,0.08989302708,-3.5669568762430286,4057
group_senior_65plus_not_employed,dep_hour_share_leisure_18,0.06391680896532684,0.07937463061,-1.5457821644673158,4057
group_senior_65plus_not_employed,dep_hour_share_leisure_19,0.04590026482888373,0.04209959088,0.3800673948883726,4057
group_senior_65plus_not_employed,dep_hour_share_leisure_20,0.010306853853311383,0.009755469299,0.05513845543113835,4057
group_senior_65plus_not_employed,dep_hour_share_leisure_21,0.004539923721101443,0.003971118392,0.05688053291014426,4057
group_senior_65plus_not_employed,dep_hour_share_leisure_22,0.006124807002116586,0.003958117353,0.21666896491165863,4057
group_senior_65plus_not_employed,dep_hour_share_leisure_23,0.0011758811439789773,0.001348461563,-0.017258041902102263,4057
group_senior_65plus_not_employed,dep_hour_share_leisure_4,0.0006748535261096739,0.0008958020999,-0.022094857379032603,4057
group_senior_65plus_not_employed,dep_hour_share_leisure_5,0.003333367416844753,0.0007633670105,0.25700004063447535,4057
group_senior_65plus_not_employed,dep_hour_share_leisure_6,0.015000153375801389,0.00616967497,0.8830478405801389,4057
group_senior_65plus_not_employed,dep_hour_share_leisure_7,0.038047423797789345,0.02334015425,1.4707269547789343,4057
group_senior_65plus_not_employed,dep_hour_share_leisure_8,0.08034846982075482,0.08196618227,-0.1617712449245176,4057
group_senior_65plus_not_employed,dep_hour_share_leisure_9,0.11988875141872617,0.07893826818,4.095048323872616,4057
group_senior_65plus_not_employed,dep_hour_share_other_10,0.12822058605524533,0.1893583864,-6.113780034475466,4057
group_senior_65plus_not_employed,dep_hour_share_other_11,0.08409349211839699,0.1280928911,-4.399939898160301,4057
group_senior_65plus_not_employed,dep_hour_share_other_12,0.07018826901220537,0.04958492373,2.060334528220537,4057
group_senior_65plus_not_employed,dep_hour_share_other_13,0.07287641448831349,0.05484277999,1.8033634498313487,4057
group_senior_65plus_not_employed,dep_hour_share_other_14,0.06527647378564017,0.08758521163,-2.230873784435984,4057
group_senior_65plus_not_employed,dep_hour_share_other_15,0.07877649849285961,0.07364563755,0.5130860942859611,4057
group_senior_65plus_not_employed,dep_hour_share_other_16,0.07416118989968869,0.05024453699,2.3916652909688687,4057
group_senior_65plus_not_employed,dep_hour_share_other_17,0.030636952117408706,0.03270927158,-0.2072319462591291,4057
group_senior_65plus_not_employed,dep_hour_share_other_18,0.0340465484014429,0.008584095873,2.5462452528442903,4057
group_senior_65plus_not_employed,dep_hour_share_other_19,0.011819933784651876,0.005231311399,0.6588622385651876,4057
group_senior_65plus_not_employed,dep_hour_share_other_20,0.006433759944655828,0.001934678521,0.44990814236558274,4057
group_senior_65plus_not_employed,dep_hour_share_other_21,0.004872263675445966,0.0005419180645,0.4330345610945966,4057
group_senior_65plus_not_employed,dep_hour_share_other_22,0.003014280772841824,0.0,0.3014280772841824,4057
group_senior_65plus_not_employed,dep_hour_share_other_23,0.0021841181993378467,0.0,0.21841181993378467,4057
group_senior_65plus_not_employed,dep_hour_share_other_4,0.0005830903790087463,0.0,0.05830903790087463,4057
group_senior_65plus_not_employed,dep_hour_share_other_5,0.000909225675742452,0.0005182940076,0.03909316681424519,4057
group_senior_65plus_not_employed,dep_hour_share_other_6,0.020348865938627267,0.002057351153,1.8291514785627268,4057
group_senior_65plus_not_employed,dep_hour_share_other_7,0.07962642684192321,0.04624792396,3.337850288192321,4057
group_senior_65plus_not_employed,dep_hour_share_other_8,0.08703859267678016,0.1059706263,-1.8932033623219837,4057
group_senior_65plus_not_employed,dep_hour_share_other_9,0.1337253545485991,0.158098286,-2.4372931451400905,4057
group_senior_65plus_not_employed,dep_hour_share_shop_10,0.19230300651117457,0.1827957764,0.9507230111174575,4057
group_senior_65plus_not_employed,dep_hour_share_shop_11,0.10190462009123767,0.1417410105,-3.9836390408762314,4057
group_senior_65plus_not_employed,dep_hour_share_shop_12,0.08006984960675755,0.07891649724,0.11533523667575513,4057
group_senior_65plus_not_employed,dep_hour_share_shop_13,0.06855007918996114,0.07532128749,-0.6771208300038856,4057
group_senior_65plus_not_employed,dep_hour_share_shop_14,0.06539601748947518,0.07097441111,-0.5578393620524813,4057
group_senior_65plus_not_employed,dep_hour_share_shop_15,0.04551053835636836,0.07057611148,-2.5065573123631633,4057
group_senior_65plus_not_employed,dep_hour_share_shop_16,0.04668823521448973,0.0594904772,-1.280224198551027,4057
group_senior_65plus_not_employed,dep_hour_share_shop_17,0.02106317599122819,0.03467602334,-1.361284734877181,4057
group_senior_65plus_not_employed,dep_hour_share_shop_18,0.01193940952716148,0.00998674224,0.19526672871614786,4057
group_senior_65plus_not_employed,dep_hour_share_shop_19,0.0033029659009380964,0.004123654261,-0.08206883600619039,4057
group_senior_65plus_not_employed,dep_hour_share_shop_20,0.002138805788312374,0.0,0.21388057883123737,4057
group_senior_65plus_not_employed,dep_hour_share_shop_21,0.0007039107657736927,0.0007303560459,-0.002644528012630729,4057
group_senior_65plus_not_employed,dep_hour_share_shop_22,0.00039256561937379015,0.0,0.03925656193737902,4057
group_senior_65plus_not_employed,dep_hour_share_shop_23,0.0002842716554086067,0.0,0.028427165540860666,4057
group_senior_65plus_not_employed,dep_hour_share_shop_4,4.061023648694381e-05,0.0,0.004061023648694381,4057
group_senior_65plus_not_employed,dep_hour_share_shop_5,0.0013807480405560895,0.0006641441515,0.07166038890560895,4057
group_senior_65plus_not_employed,dep_hour_share_shop_6,0.007932532860449691,0.003832019375,0.4100513485449691,4057
group_senior_65plus_not_employed,dep_hour_share_shop_7,0.03296197528190273,0.03223980374,0.07221715419027247,4057
group_senior_65plus_not_employed,dep_hour_share_shop_8,0.15320888551974335,0.06482276785,8.838611766974335,4057
group_senior_65plus_not_employed,dep_hour_share_shop_9,0.16292826878561856,0.1691089176,-0.6180648814381434,4057
group_senior_65plus_not_employed,dep_hour_share_work_10,0.020587496861662065,0.06664970941,-4.606221254833793,4057
group_senior_65plus_not_employed,dep_hour_share_work_11,0.038036655787095155,0.1116948473,-7.365819151290484,4057
group_senior_65plus_not_employed,dep_hour_share_work_12,0.02799397439116244,0.05452728097,-2.653330657883756,4057
group_senior_65plus_not_employed,dep_hour_share_work_13,0.03565151895556114,0.05795050438,-2.2298985424438857,4057
group_senior_65plus_not_employed,dep_hour_share_work_14,0.019332161687170474,0.05140635717,-3.2074195482829526,4057
group_senior_65plus_not_employed,dep_hour_share_work_15,0.005649008285212151,0.01959160178,-1.3942593494787847,4057
group_senior_65plus_not_employed,dep_hour_share_work_16,0.0074064775295003766,0.06361350919,-5.620703166049963,4057
group_senior_65plus_not_employed,dep_hour_share_work_17,0.009917147878483554,0.0,0.9917147878483554,4057
group_senior_65plus_not_employed,dep_hour_share_work_18,0.005774541802661311,0.0282476518,-2.2473109997338687,4057
group_senior_65plus_not_employed,dep_hour_share_work_19,0.0023851368315340195,0.0,0.23851368315340196,4057
group_senior_65plus_not_employed,dep_hour_share_work_20,0.00025106703489831785,0.002804761883,-0.25536948481016825,4057
group_senior_65plus_not_employed,dep_hour_share_work_21,0.0006276675872457946,0.0,0.06276675872457946,4057
group_senior_65plus_not_employed,dep_hour_share_work_22,0.00012553351744915893,0.0,0.012553351744915892,4057
group_senior_65plus_not_employed,dep_hour_share_work_23,0.00012553351744915893,0.0,0.012553351744915892,4057
group_senior_65plus_not_employed,dep_hour_share_work_4,0.10293748430831032,0.007607627774,9.532985653431032,4057
group_senior_65plus_not_employed,dep_hour_share_work_5,0.12616118503640472,0.003425336628,12.273584840840472,4057
group_senior_65plus_not_employed,dep_hour_share_work_6,0.1546572934973638,0.08348231066,7.117498283736379,4057
group_senior_65plus_not_employed,dep_hour_share_work_7,0.24215415515942756,0.1242190286,11.793512655942756,4057
group_senior_65plus_not_employed,dep_hour_share_work_8,0.1139844338438363,0.1341059355,-2.012150165616369,4057
group_senior_65plus_not_employed,dep_hour_share_work_9,0.04619633442129049,0.170423871,-12.422753657870953,4057
group_senior_65plus_not_employed,mean_work_activity_h,5.510293748430831,3.30246543,2.207828318430831,4057
group_senior_65plus_not_employed,mobility_rate,0.7736184540304352,0.7885041275,-1.488567346956482,4057
group_senior_65plus_not_employed,n_persons_unweighted,211466.0,4057.0,207409.0,4057
group_senior_65plus_not_employed,n_persons_weighted,211466.0,162865.0602,48600.93979999999,4057
group_senior_65plus_not_employed,n_work_activities_measured,7966.0,114.0,7852.0,4057
group_senior_65plus_not_employed,nonhome_acts_per_mobile,1.8455444576206952,2.325446883,-0.47990242537930494,4057
group_senior_65plus_not_employed,participation_education,0.01799343629708795,0.01047072272,0.7522713577087949,4057
group_senior_65plus_not_employed,participation_escort,0.05658592870721534,0.05443934497,0.21465837372153448,4057
group_senior_65plus_not_employed,participation_home,0.7736184540304352,0.7802620218,-0.6643567769564873,4057
group_senior_65plus_not_employed,participation_leisure,0.36839491927780355,0.4678962424,-9.950132312219646,4057
group_senior_65plus_not_employed,participation_other,0.34676023568800657,0.322548814,2.421142168800655,4057
group_senior_65plus_not_employed,participation_shop,0.3080873521038843,0.4551885029,-14.710115079611569,4057
group_senior_65plus_not_employed,participation_work,0.03162210473551304,0.01851661976,1.310548497551304,4057
group_senior_65plus_not_employed,purpose_share_education,0.009561780101742785,0.003403748817,0.6158031284742784,4057
group_senior_65plus_not_employed,purpose_share_escort,0.030320559717645815,0.0249097433,0.5410816417645816,4057
group_senior_65plus_not_employed,purpose_share_home,0.4292422601189835,0.4276283164,0.16139437189834904,4057
group_senior_65plus_not_employed,purpose_share_leisure,0.18488187666475733,0.2151874717,-3.030559503524266,4057
group_senior_65plus_not_employed,purpose_share_other,0.19128286271151515,0.1286440155,6.263884721151516,4057
group_senior_65plus_not_employed,purpose_share_shop,0.13965151867458378,0.1926772718,-5.302575312541621,4057
group_senior_65plus_not_employed,purpose_share_work,0.015059142010771654,0.007549432521,0.7509709489771653,4057
group_senior_65plus_not_employed,share_mobile_first_from_home,1.0,0.9863450136,1.3654986399999958,4057
group_senior_65plus_not_employed,share_mobile_last_to_home,1.0,0.9841222301,1.5877769900000005,4057
group_senior_65plus_not_employed,share_mobile_odd_trip_count,0.3141618885778207,0.2620630164,5.209887217782066,4057
group_senior_65plus_not_employed,share_trips_0,0.22638154596956483,0.2114958725,1.4885673469564846,4057
group_senior_65plus_not_employed,share_trips_1,0.001659841298364749,0.006956156472,-0.5296315173635251,4057
group_senior_65plus_not_employed,share_trips_2,0.34606981737016823,0.2521574454,9.391237197016821,4057
group_senior_65plus_not_employed,share_trips_3,0.1619361977812036,0.08342537563,7.85108221512036,4057
group_senior_65plus_not_employed,share_trips_4,0.1293115678170486,0.1985510288,-6.923946098295139,4057
group_senior_65plus_not_employed,share_trips_5,0.05655282645909981,0.0599095449,-0.33567184409001927,4057
group_senior_65plus_not_employed,share_trips_6,0.04725582363122204,0.08375835697,-3.6502533338777963,4057
group_senior_65plus_not_employed,share_trips_7,0.018002894082263816,0.04026243505,-2.2259540967736187,4057
group_senior_65plus_not_employed,share_trips_8plus,0.012829485591064284,0.06348378426,-5.065429866893571,4057
group_senior_65plus_not_employed,share_trips_followed_by_same_purpose,0.09914533792329025,0.05583601869,4.330931923329024,4057
group_senior_65plus_not_employed,share_trips_home_based,0.825521143481524,0.8557544834,-3.02333399184761,4057
group_senior_65plus_not_employed,share_trips_unknown_purpose,0.0,5.761510002e-05,-0.005761510002,4057
group_senior_65plus_not_employed,share_work_activities_lt_2h,0.19156414762741653,0.4198636205,-22.829947287258346,4057
group_senior_65plus_not_employed,tours_per_mobile,1.3879543259532745,1.737204808,-0.3492504820467255,4057
group_senior_65plus_not_employed,trips_per_mobile_person,3.2334987835739697,4.062651691,-0.8291529074260304,4057
group_senior_65plus_not_employed,trips_per_person,2.501494330057787,3.203417627,-0.7019232969422129,4057
group_senior_65plus_not_employed,trips_per_person_education,0.023918738709768947,0.01090300074,0.013015737969768947,4057
group_senior_65plus_not_employed,trips_per_person_escort,0.07584670821786954,0.0797917133,-0.003945005082130457,4057
group_senior_65plus_not_employed,trips_per_person_home,1.073747079908827,1.369793161,-0.29604608109117314,4057
group_senior_65plus_not_employed,trips_per_person_leisure,0.4624809662073336,0.6892956238,-0.2268146575926664,4057
group_senior_65plus_not_employed,trips_per_person_other,0.47849299651007726,0.4120767636,0.06641623291007726,4057
group_senior_65plus_not_employed,trips_per_person_shop,0.34933748214843047,0.6171902071,-0.2678527249515696,4057
group_senior_65plus_not_employed,trips_per_person_work,0.03767035835548031,0.02418259185,0.013487766505480312,4057
kreis_03101,dep_hour_share_all_10,0.04677144793164427,0.04768783712,-0.09163891883557304,4292
kreis_03101,dep_hour_share_all_11,0.04901085824780604,0.05982544237,-1.0814584122193964,4292
kreis_03101,dep_hour_share_all_12,0.06119362812803241,0.0566705804,0.45230477280324144,4292
kreis_03101,dep_hour_share_all_13,0.06322645077665158,0.07240278203,-0.9176331253348422,4292
kreis_03101,dep_hour_share_all_14,0.06874647325338981,0.07081130982,-0.20648365666101898,4292
kreis_03101,dep_hour_share_all_15,0.08801697088176338,0.09227897368,-0.42620027982366165,4292
kreis_03101,dep_hour_share_all_16,0.08844313172737983,0.0956105496,-0.7167417872620165,4292
kreis_03101,dep_hour_share_all_17,0.08309664289137739,0.09057934006,-0.7482697168622612,4292
kreis_03101,dep_hour_share_all_18,0.06839940597191824,0.06391969238,0.4479713591918233,4292
kreis_03101,dep_hour_share_all_19,0.04585065718488298,0.0429888639,0.28617932848829797,4292
kreis_03101,dep_hour_share_all_20,0.03323582395425323,0.02757435138,0.5661472574253229,4292
kreis_03101,dep_hour_share_all_21,0.021132147638171735,0.02015657983,0.09755678081717345,4292
kreis_03101,dep_hour_share_all_22,0.01645736384692208,0.01470191907,0.17554447769220805,4292
kreis_03101,dep_hour_share_all_23,0.008362668782124383,0.006778047623,0.15846211591243825,4292
kreis_03101,dep_hour_share_all_4,0.0044009075691360386,0.001778546951,0.26223606181360387,4292
kreis_03101,dep_hour_share_all_5,0.01324522074187402,0.007976812978,0.526840776387402,4292
kreis_03101,dep_hour_share_all_6,0.044065739737314924,0.02687070239,1.7195037347314923,4292
kreis_03101,dep_hour_share_all_7,0.08186301939090873,0.09452740564,-1.2664386249091275,4292
kreis_03101,dep_hour_share_all_8,0.056259134126157774,0.0597203073,-0.34611731738422236,4292
kreis_03101,dep_hour_share_all_9,0.04714920823800788,0.04474744367,0.24017645680078845,4292
kreis_03101,dep_hour_share_education_10,0.024134520276953512,0.02053195257,0.36025677069535106,4292
kreis_03101,dep_hour_share_education_11,0.040553907022749754,0.03082812426,0.9725782762749755,4292
kreis_03101,dep_hour_share_education_12,0.03514072475496808,0.03279441828,0.23463064749680781,4292
kreis_03101,dep_hour_share_education_13,0.04111141084434853,0.04742332445,-0.6311913605651469,4292
kreis_03101,dep_hour_share_education_14,0.023684920420825466,0.02829449134,-0.4609570919174532,4292
kreis_03101,dep_hour_share_education_15,0.033108533405269314,0.02188450235,1.1224031055269312,4292
kreis_03101,dep_hour_share_education_16,0.022821688697059618,0.02514131497,-0.23196262729403805,4292
kreis_03101,dep_hour_share_education_17,0.00927974103048287,0.008888763946,0.039097708448287104,4292
kreis_03101,dep_hour_share_education_18,0.006060606060606061,0.003465831918,0.25947741426060605,4292
kreis_03101,dep_hour_share_education_19,0.0010430716662170668,0.005285766938,-0.42426952717829325,4292
kreis_03101,dep_hour_share_education_20,0.0006114558043341426,0.0009515474552,-0.034009165086585746,4292
kreis_03101,dep_hour_share_education_21,0.0005215358331085334,0.0,0.05215358331085334,4292
kreis_03101,dep_hour_share_education_22,0.0002158079309414621,0.0,0.02158079309414621,4292
kreis_03101,dep_hour_share_education_23,0.00010790396547073105,0.0,0.010790396547073105,4292
kreis_03101,dep_hour_share_education_4,0.000449599856128046,0.0,0.0449599856128046,4292
kreis_03101,dep_hour_share_education_5,0.002607679165542667,0.0,0.26076791655426673,4292
kreis_03101,dep_hour_share_education_6,0.15378113479003686,0.03835223238,11.542890241003686,4292
kreis_03101,dep_hour_share_education_7,0.42760543116626204,0.5734807602,-14.587532903373802,4292
kreis_03101,dep_hour_share_education_8,0.1309954140814675,0.1071521884,2.38432256814675,4292
kreis_03101,dep_hour_share_education_9,0.044150705871774124,0.05552478052,-1.1374074648225874,4292
kreis_03101,dep_hour_share_escort_10,0.01781197677318229,0.01426058452,0.355139225318229,4292
kreis_03101,dep_hour_share_escort_11,0.03166969470271811,0.01673303493,1.493665977271811,4292
kreis_03101,dep_hour_share_escort_12,0.0630543977770653,0.04311350857,1.9940889207065298,4292
kreis_03101,dep_hour_share_escort_13,0.06447935591891989,0.06740651589,-0.29271599710801177,4292
kreis_03101,dep_hour_share_escort_14,0.141783335114531,0.149648673,-0.7865337885469004,4292
kreis_03101,dep_hour_share_escort_15,0.13811406789925545,0.1296761603,0.8437907599255445,4292
kreis_03101,dep_hour_share_escort_16,0.06782800755227815,0.05898405193,0.8843955622278146,4292
kreis_03101,dep_hour_share_escort_17,0.046204267749634854,0.05730475698,-1.110048923036515,4292
kreis_03101,dep_hour_share_escort_18,0.03854511773716647,0.04755531218,-0.9010194442833532,4292
kreis_03101,dep_hour_share_escort_19,0.013180862812154893,0.006061524081,0.7119338731154894,4292
kreis_03101,dep_hour_share_escort_20,0.013608350254711268,0.003375638135,1.0232712119711267,4292
kreis_03101,dep_hour_share_escort_21,0.008086637455024758,0.005019465352,0.3067172103024758,4292
kreis_03101,dep_hour_share_escort_22,0.004168002564924655,0.04399348222,-3.9825479655075346,4292
kreis_03101,dep_hour_share_escort_23,0.0019236934915036871,0.0,0.1923693491503687,4292
kreis_03101,dep_hour_share_escort_4,0.0014962060489473123,0.0,0.14962060489473122,4292
kreis_03101,dep_hour_share_escort_5,0.0029567881443482596,0.0,0.29567881443482597,4292
kreis_03101,dep_hour_share_escort_6,0.04606177193544939,0.009420544121,3.6641227814449397,4292
kreis_03101,dep_hour_share_escort_7,0.1738805172598055,0.2091592327,-3.527871544019451,4292
kreis_03101,dep_hour_share_escort_8,0.0993552064408108,0.1103325865,-1.097738005918919,4292
kreis_03101,dep_hour_share_escort_9,0.023084321898044245,0.02210900321,0.09753186880442459,4292
kreis_03101,dep_hour_share_home_10,0.03250445266474859,0.03475853875,-0.22540860852514055,4292
kreis_03101,dep_hour_share_home_11,0.046698748687034754,0.06199770507,-1.5298956382965245,4292
kreis_03101,dep_hour_share_home_12,0.07150808329908206,0.04503452745,2.6473555849082064,4292
kreis_03101,dep_hour_share_home_13,0.0740483856236014,0.09082291551,-1.6774529886398604,4292
kreis_03101,dep_hour_share_home_14,0.07787025619947938,0.07274032995,0.5129926249479375,4292
kreis_03101,dep_hour_share_home_15,0.10203452527743527,0.1123338805,-1.0299355222564728,4292
kreis_03101,dep_hour_share_home_16,0.10443782253276705,0.122242975,-1.7805152467232952,4292
kreis_03101,dep_hour_share_home_17,0.10870210531122985,0.1193938817,-1.0691776388770142,4292
kreis_03101,dep_hour_share_home_18,0.09336039183449787,0.08822572569,0.5134666144497868,4292
kreis_03101,dep_hour_share_home_19,0.06644175001141708,0.05534110244,1.1100647571417086,4292
kreis_03101,dep_hour_share_home_20,0.05765629994976481,0.04714811709,1.0508182859764812,4292
kreis_03101,dep_hour_share_home_21,0.04092455587523405,0.03676528799,0.41592678852340537,4292
kreis_03101,dep_hour_share_home_22,0.034054322509932865,0.02422624834,0.9828074169932866,4292
kreis_03101,dep_hour_share_home_23,0.01787345298442709,0.01383220433,0.404124865442709,4292
kreis_03101,dep_hour_share_home_4,6.564826231903914e-05,0.001314338049,-0.1248689786680961,4292
kreis_03101,dep_hour_share_home_5,0.0005680001826734256,0.0008203007169,-0.025230053422657446,4292
kreis_03101,dep_hour_share_home_6,0.0018809654290542082,0.004059743068,-0.2178777638945792,4292
kreis_03101,dep_hour_share_home_7,0.008588505274695164,0.01706015141,-0.8471646135304834,4292
kreis_03101,dep_hour_share_home_8,0.017862035895328126,0.02381268918,-0.5950653284671873,4292
kreis_03101,dep_hour_share_home_9,0.024746540622003012,0.02437431795,0.03722226720030142,4292
kreis_03101,dep_hour_share_leisure_10,0.050771771124991025,0.05049671566,0.027505546499102806,4292
kreis_03101,dep_hour_share_leisure_11,0.0406274678727834,0.05309479879,-1.24673309172166,4292
kreis_03101,dep_hour_share_leisure_12,0.046241654102950676,0.07241167753,-2.617002342704932,4292
kreis_03101,dep_hour_share_leisure_13,0.05548136980400603,0.05821315957,-0.2731789765993968,4292
kreis_03101,dep_hour_share_leisure_14,0.07293416612822169,0.06831086682,0.46232993082216955,4292
kreis_03101,dep_hour_share_leisure_15,0.09984923540814129,0.1002183477,-0.036911229185870864,4292
kreis_03101,dep_hour_share_leisure_16,0.12751094838107546,0.1261105894,0.14003589810754613,4292
kreis_03101,dep_hour_share_leisure_17,0.12482590279273459,0.1180175561,0.6808346692734585,4292
kreis_03101,dep_hour_share_leisure_18,0.10367578433484098,0.1004245207,0.32512636348409757,4292
kreis_03101,dep_hour_share_leisure_19,0.0731926197142652,0.09438887854,-2.1196258825734797,4292
kreis_03101,dep_hour_share_leisure_20,0.03797831861583746,0.03233891003,0.563940858583746,4292
kreis_03101,dep_hour_share_leisure_21,0.013798549788211645,0.01484423459,-0.10456848017883544,4292
kreis_03101,dep_hour_share_leisure_22,0.006518773781319549,0.0118752588,-0.535648501868045,4292
kreis_03101,dep_hour_share_leisure_23,0.0027568382511307344,0.002511792798,0.024504545313073448,4292
kreis_03101,dep_hour_share_leisure_4,0.0004020389116232321,0.003523407115,-0.3121368203376768,4292
kreis_03101,dep_hour_share_leisure_5,0.004630626749946155,0.003262851437,0.1367775312946155,4292
kreis_03101,dep_hour_share_leisure_6,0.01615334912771915,0.008722591137,0.7430757990719149,4292
kreis_03101,dep_hour_share_leisure_7,0.025931509799698473,0.01670159881,0.9229910989698473,4292
kreis_03101,dep_hour_share_leisure_8,0.03579582166702563,0.0310501451,0.47456765670256285,4292
kreis_03101,dep_hour_share_leisure_9,0.057333620503984495,0.033145983,2.41876375039845,4292
kreis_03101,dep_hour_share_other_10,0.0790195799761673,0.1097865958,-3.076701582383269,4292
kreis_03101,dep_hour_share_other_11,0.07751090509560407,0.07884335742,-0.13324523243959246,4292
kreis_03101,dep_hour_share_other_12,0.08442019875151688,0.04660928546,3.781091329151688,4292
kreis_03101,dep_hour_share_other_13,0.0729958128805851,0.0674063884,0.5589424480585095,4292
kreis_03101,dep_hour_share_other_14,0.08854172360638891,0.1276187168,-3.907699319361109,4292
kreis_03101,dep_hour_share_other_15,0.10564003891943895,0.1215248284,-1.588478948056106,4292
kreis_03101,dep_hour_share_other_16,0.10125613582446896,0.08850395204,1.2752183784468962,4292
kreis_03101,dep_hour_share_other_17,0.06268653453006964,0.0612286676,0.14578669300696415,4292
kreis_03101,dep_hour_share_other_18,0.046331624230630475,0.01906266383,2.7268960400630475,4292
kreis_03101,dep_hour_share_other_19,0.025363229876135606,0.008143389339,1.7219840537135607,4292
kreis_03101,dep_hour_share_other_20,0.013840452165167102,0.006035542698,0.7804909467167102,4292
kreis_03101,dep_hour_share_other_21,0.008735008909927736,0.01073811873,-0.2003109820072263,4292
kreis_03101,dep_hour_share_other_22,0.005258497228629839,0.002364734062,0.2893763166629839,4292
kreis_03101,dep_hour_share_other_23,0.003126674027833958,0.006819974246,-0.36933002181660424,4292
kreis_03101,dep_hour_share_other_4,0.0006122158935618939,0.0,0.06122158935618939,4292
kreis_03101,dep_hour_share_other_5,0.0026456472543210418,0.0,0.2645647254321042,4292
kreis_03101,dep_hour_share_other_6,0.013523411791715408,0.01169958313,0.18238286617154076,4292
kreis_03101,dep_hour_share_other_7,0.05038755452547802,0.04960291759,0.07846369354780267,4292
kreis_03101,dep_hour_share_other_8,0.07318166413398783,0.08067309692,-0.7491432786012178,4292
kreis_03101,dep_hour_share_other_9,0.07929289064293601,0.09899760006,-1.9704709417063981,4292
kreis_03101,dep_hour_share_shop_10,0.11949711745502535,0.09419011631,2.530700114502535,4292
kreis_03101,dep_hour_share_shop_11,0.09004653747308466,0.1044476569,-1.440111942691534,4292
kreis_03101,dep_hour_share_shop_12,0.07798846982010141,0.08265072538,-0.466225555989859,4292
kreis_03101,dep_hour_share_shop_13,0.06812530388275335,0.07090172509,-0.27764212072466515,4292
kreis_03101,dep_hour_share_shop_14,0.06870875876918803,0.075349347,-0.664058823081197,4292
kreis_03101,dep_hour_share_shop_15,0.09522817253594498,0.1029787233,-0.7750550764055022,4292
kreis_03101,dep_hour_share_shop_16,0.08672640133361117,0.09980711195,-1.3080710616388824,4292
kreis_03101,dep_hour_share_shop_17,0.09088004445370564,0.1030396687,-1.2159624246294367,4292
kreis_03101,dep_hour_share_shop_18,0.06334653052719316,0.05472815649,0.8618374037193164,4292
kreis_03101,dep_hour_share_shop_19,0.026936167257067444,0.02009529869,0.6840868567067445,4292
kreis_03101,dep_hour_share_shop_20,0.006209627005626172,0.01066398826,-0.4454361254373828,4292
kreis_03101,dep_hour_share_shop_21,0.005126067930818921,0.007219031324,-0.20929633931810795,4292
kreis_03101,dep_hour_share_shop_22,0.005237202194901715,0.001594011209,0.36431909859017153,4292
kreis_03101,dep_hour_share_shop_23,0.0004723206223518789,0.001428227147,-0.09559065246481213,4292
kreis_03101,dep_hour_share_shop_4,6.94589150517469e-05,0.0,0.0069458915051746895,4292
kreis_03101,dep_hour_share_shop_5,0.00040286170730013195,0.0005067921782,-0.01039304708998681,4292
kreis_03101,dep_hour_share_shop_6,0.004889907619642981,0.00837450019,-0.3484592570357019,4292
kreis_03101,dep_hour_share_shop_7,0.0245606723622977,0.02719511611,-0.26344437477022997,4292
kreis_03101,dep_hour_share_shop_8,0.0691255122594985,0.04254401445,2.6581497809498504,4292
kreis_03101,dep_hour_share_shop_9,0.09357505035771341,0.09228578924,0.12892611177134083,4292
kreis_03101,dep_hour_share_work_10,0.03161596751386824,0.03514968477,-0.35337172561317604,4292
kreis_03101,dep_hour_share_work_11,0.02520757042891846,0.03869775956,-1.3490189131081545,4292
kreis_03101,dep_hour_share_work_12,0.029757804285558898,0.0689206516,-3.91628473144411,4292
kreis_03101,dep_hour_share_work_13,0.038169391972734855,0.05130043392,-1.3131041947265145,4292
kreis_03101,dep_hour_share_work_14,0.022225445052753708,0.03559415257,-1.3368707517246294,4292
kreis_03101,dep_hour_share_work_15,0.02417425038976107,0.01882791838,0.5346332009761069,4292
kreis_03101,dep_hour_share_work_16,0.01714042275479497,0.01534365213,0.17967706247949689,4292
kreis_03101,dep_hour_share_work_17,0.0075323592328051915,0.01283202216,-0.5299662927194808,4292
kreis_03101,dep_hour_share_work_18,0.0052028570392661615,0.002466888062,0.2735968977266161,4292
kreis_03101,dep_hour_share_work_19,0.006163663391465139,0.001465515567,0.4698147824465138,4292
kreis_03101,dep_hour_share_work_20,0.004849352815343896,0.005188446893,-0.03390940776561036,4292
kreis_03101,dep_hour_share_work_21,0.0019669337587469634,0.005495518164,-0.35285844052530363,4292
kreis_03101,dep_hour_share_work_22,0.0010423842500271927,0.0,0.10423842500271926,4292
kreis_03101,dep_hour_share_work_23,0.0005257242304484972,0.0004100550272,0.011566920324849718,4292
kreis_03101,dep_hour_share_work_4,0.0319150864725717,0.004734940982,2.7180145490571697,4292
kreis_03101,dep_hour_share_work_5,0.08952721076103115,0.05358261365,3.594459711103115,4292
kreis_03101,dep_hour_share_work_6,0.2083499510532613,0.1467060386,6.1643912453261285,4292
kreis_03101,dep_hour_share_work_7,0.2509879989848084,0.2640257821,-1.3037783115191603,4292
kreis_03101,dep_hour_share_work_8,0.13297197345999057,0.1802284275,-4.725645404000945,4292
kreis_03101,dep_hour_share_work_9,0.05612559370581197,0.05651873313,-0.03931394241880257,4292
kreis_03101,mean_work_activity_h,5.710521381479465,5.906851596,-0.19633021452053523,4292
kreis_03101,mobility_rate,0.8958010499351696,0.9003394392,-0.45383892648304114,4292
kreis_03101,n_persons_unweighted,252968.0,4292.0,248676.0,4292
kreis_03101,n_persons_weighted,252968.0,239594.4827,13373.517300000007,4292
kreis_03101,n_work_activities_measured,110220.0,1988.0,108232.0,4292
kreis_03101,nonhome_acts_per_mobile,2.192084162588423,2.258748975,-0.06666481241157696,4292
kreis_03101,participation_education,0.17415246197147466,0.1855226027,-1.1370140728525353,4292
kreis_03101,participation_escort,0.07433351253913538,0.07919500584,-0.48614933008646194,4292
kreis_03101,participation_home,0.8958010499351696,0.8875105646,0.8290485335169628,4292
kreis_03101,participation_leisure,0.41143939154359443,0.4408129026,-2.9373511056405563,4292
kreis_03101,participation_other,0.26506909964896747,0.1753415497,8.972754994896748,4292
kreis_03101,participation_shop,0.23529458271401915,0.3220307943,-8.673621158598083,4292
kreis_03101,participation_work,0.35116299294772463,0.3634368255,-1.2273832552275377,4292
kreis_03101,purpose_share_education,0.06564175573546391,0.06254172817,0.3100027565463903,4292
kreis_03101,purpose_share_escort,0.033137842374790165,0.03652324792,-0.33854055452098364,4292
kreis_03101,purpose_share_home,0.41359087142219675,0.4143342663,-0.07433948778032273,4292
kreis_03101,purpose_share_leisure,0.16443197835433446,0.1750090584,-1.0577080045665543,4292
kreis_03101,purpose_share_other,0.10798160307308009,0.06245350583,4.552809724308009,4292
kreis_03101,purpose_share_shop,0.0849783614174511,0.1187333581,-3.37549966825489,4292
kreis_03101,purpose_share_work,0.13023758762268356,0.1304048353,-0.016724767731643442,4292
kreis_03101,share_mobile_first_from_home,1.0,0.9765953407,2.340465930000002,4292
kreis_03101,share_mobile_last_to_home,1.0,0.972429834,2.757016599999995,4292
kreis_03101,share_mobile_odd_trip_count,0.30439214682558946,0.2506396326,5.3752514225589465,4292
kreis_03101,share_trips_0,0.10419895006483033,0.09966056079,0.4538389274830329,4292
kreis_03101,share_trips_1,0.000640397204389488,0.006766524789,-0.6126127584610512,4292
kreis_03101,share_trips_2,0.31462082160589483,0.3076378812,0.6982940405894811,4292
kreis_03101,share_trips_3,0.1272809209069922,0.09226394954,3.5016971366992196,4292
kreis_03101,share_trips_4,0.20559517409316594,0.2435200258,-3.792485170683407,4292
kreis_03101,share_trips_5,0.100178678726163,0.07937819145,2.0800487276163,4292
kreis_03101,share_trips_6,0.07875304386325543,0.08612537547,-0.7372331606744567,4292
kreis_03101,share_trips_7,0.03481468011764334,0.03397789227,0.0836787847643343,4292
kreis_03101,share_trips_8plus,0.03391733341766547,0.05066959874,-1.675226532233453,4292
kreis_03101,share_trips_followed_by_same_purpose,0.1103201754696623,0.05303718818,5.72829872896623,4292
kreis_03101,share_trips_home_based,0.8038940004580344,0.8289227483,-2.5028747841965626,4292
kreis_03101,share_trips_unknown_purpose,0.0,0.0009975171235,-0.09975171235,4292
kreis_03101,share_work_activities_lt_2h,0.20635093449464706,0.1202949916,8.605594289464706,4292
kreis_03101,tours_per_mobile,1.5460639250868236,1.595251636,-0.04918771091317642,4292
kreis_03101,trips_per_mobile_person,3.738148087675247,3.85400061,-0.11585252232475307,4292
kreis_03101,trips_per_person,3.348636981752633,3.469908748,-0.12127176624736702,4292
kreis_03101,trips_per_person_education,0.21981041080294741,0.2167976144,0.0030127964029474097,4292
kreis_03101,trips_per_person_escort,0.11096660447171183,0.1266059198,-0.01563931532828816,4292
kreis_03101,trips_per_person_home,1.384965687359666,1.436267963,-0.05130227564033385,4292
kreis_03101,trips_per_person_leisure,0.5506230037000728,0.606659705,-0.056036701299927216,4292
kreis_03101,trips_per_person_other,0.36159118939944973,0.2164917963,0.14509939309944972,4292
kreis_03101,trips_per_person_shop,0.28456168369121787,0.411582947,-0.1270212633087821,4292
kreis_03101,trips_per_person_work,0.4361184023275671,0.4520415094,-0.015923107072432885,4292
kreis_03102,dep_hour_share_all_10,0.04491198209698517,0.05599799838,-1.1086016283014823,1732
kreis_03102,dep_hour_share_all_11,0.04984791893212299,0.05435093842,-0.45030194878770136,1732
kreis_03102,dep_hour_share_all_12,0.06054875262004949,0.06319435206,-0.2645599439950512,1732
kreis_03102,dep_hour_share_all_13,0.06616550832899942,0.06619872613,-0.0033217801000573477,1732
kreis_03102,dep_hour_share_all_14,0.07459694577088553,0.06538420907,0.9212736700885529,1732
kreis_03102,dep_hour_share_all_15,0.08863568310402975,0.08964608147,-0.10103983659702498,1732
kreis_03102,dep_hour_share_all_16,0.08886892660709501,0.08734953676,0.1519389847095015,1732
kreis_03102,dep_hour_share_all_17,0.07619497896080564,0.07466723082,0.15277481408056404,1732
kreis_03102,dep_hour_share_all_18,0.057712007312499015,0.0545953237,0.3116683612499019,1732
kreis_03102,dep_hour_share_all_19,0.034233211983672955,0.04411365433,-0.9880442346327046,1732
kreis_03102,dep_hour_share_all_20,0.027888358312451737,0.01856791988,0.9320438432451738,1732
kreis_03102,dep_hour_share_all_21,0.017972357492947535,0.02047187277,-0.2499515277052465,1732
kreis_03102,dep_hour_share_all_22,0.013313791310103542,0.01109499983,0.22187914801035413,1732
kreis_03102,dep_hour_share_all_23,0.006953177942729264,0.002286324245,0.46668536977292635,1732
kreis_03102,dep_hour_share_all_4,0.005484374261264243,0.004248621672,0.12357525892642429,1732
kreis_03102,dep_hour_share_all_5,0.01842623674215561,0.02066589265,-0.223965590784439,1732
kreis_03102,dep_hour_share_all_6,0.04984161505366177,0.03642322146,1.3418393593661766,1732
kreis_03102,dep_hour_share_all_7,0.09644934045671599,0.1066172801,-1.016793964328401,1732
kreis_03102,dep_hour_share_all_8,0.060690589885427006,0.07298458603,-1.2293996144573,1732
kreis_03102,dep_hour_share_all_9,0.047755031282996865,0.04805610009,-0.030106880700313254,1732
kreis_03102,dep_hour_share_education_10,0.01876070697363473,0.005463369422,1.3297337551634731,1732
kreis_03102,dep_hour_share_education_11,0.024067187565286426,0.008815438064,1.5251749501286427,1732
kreis_03102,dep_hour_share_education_12,0.02030668950821042,0.02082189191,-0.05152024017895801,1732
kreis_03102,dep_hour_share_education_13,0.02970793465090043,0.02006965188,0.9638282770900428,1732
kreis_03102,dep_hour_share_education_14,0.024025404253541136,0.01377510542,1.0250298833541136,1732
kreis_03102,dep_hour_share_education_15,0.031588183679438435,0.007347558802,2.4240624877438437,1732
kreis_03102,dep_hour_share_education_16,0.019094973467597042,0.01565707294,0.3437900527597043,1732
kreis_03102,dep_hour_share_education_17,0.00781347929636903,0.0292680655,-2.145458620363097,1732
kreis_03102,dep_hour_share_education_18,0.004637947603727072,0.008138399725,-0.35004521212729284,1732
kreis_03102,dep_hour_share_education_19,0.0013370659758492457,0.0,0.13370659758492456,1732
kreis_03102,dep_hour_share_education_20,0.0004178331174528893,0.0,0.04178331174528893,1732
kreis_03102,dep_hour_share_education_21,0.00016713324698115572,0.0,0.01671332469811557,1732
kreis_03102,dep_hour_share_education_22,0.0001253499352358668,0.0,0.01253499352358668,1732
kreis_03102,dep_hour_share_education_23,8.356662349057786e-05,0.0,0.008356662349057785,1732
kreis_03102,dep_hour_share_education_4,0.0008774495466510676,0.0,0.08774495466510676,1732
kreis_03102,dep_hour_share_education_5,0.004846864162453516,0.0,0.48468641624535164,1732
kreis_03102,dep_hour_share_education_6,0.17310826056073203,0.06901546842,10.409279214073203,1732
kreis_03102,dep_hour_share_education_7,0.47921280240671876,0.6150964299,-13.588362749328125,1732
kreis_03102,dep_hour_share_education_8,0.122341536790206,0.1660756636,-4.373412680979401,1732
kreis_03102,dep_hour_share_education_9,0.03559938160698617,0.02045588436,1.514349724698617,1732
kreis_03102,dep_hour_share_escort_10,0.021350078492935635,0.01862516033,0.27249181629356334,1732
kreis_03102,dep_hour_share_escort_11,0.03271585557299843,0.02053651758,1.217933799299843,1732
kreis_03102,dep_hour_share_escort_12,0.06235478806907378,0.0642005887,-0.18458006309262226,1732
kreis_03102,dep_hour_share_escort_13,0.06750392464678179,0.0757287673,-0.8224842653218212,1732
kreis_03102,dep_hour_share_escort_14,0.12439560439560439,0.06950923725,5.48863671456044,1732
kreis_03102,dep_hour_share_escort_15,0.13230769230769232,0.1136989828,1.860870950769232,1732
kreis_03102,dep_hour_share_escort_16,0.06668759811616955,0.06200208645,0.4685511666169546,1732
kreis_03102,dep_hour_share_escort_17,0.05350078492935636,0.05272871415,0.07720707793563569,1732
kreis_03102,dep_hour_share_escort_18,0.03849293563579278,0.02508727222,1.3405663415792777,1732
kreis_03102,dep_hour_share_escort_19,0.01802197802197802,0.03263084378,-1.460886575802198,1732
kreis_03102,dep_hour_share_escort_20,0.012307692307692308,0.004882833198,0.7424859109692308,1732
kreis_03102,dep_hour_share_escort_21,0.004207221350078493,0.0,0.4207221350078493,1732
kreis_03102,dep_hour_share_escort_22,0.0019466248037676608,0.0,0.1946624803767661,1732
kreis_03102,dep_hour_share_escort_23,0.002197802197802198,0.0,0.21978021978021978,1732
kreis_03102,dep_hour_share_escort_4,0.0023861852433281006,0.0,0.23861852433281006,1732
kreis_03102,dep_hour_share_escort_5,0.0023861852433281006,0.002065175858,0.03210093853281007,1732
kreis_03102,dep_hour_share_escort_6,0.03949764521193093,0.008083858796,3.141378641593093,1732
kreis_03102,dep_hour_share_escort_7,0.1898901098901099,0.2779537572,-8.806364730989008,1732
kreis_03102,dep_hour_share_escort_8,0.09532182103610674,0.1447613543,-4.943953326389326,1732
kreis_03102,dep_hour_share_escort_9,0.02499215070643642,0.01123233948,1.375981122643642,1732
kreis_03102,dep_hour_share_home_10,0.030715301087352917,0.04550045972,-1.478515863264708,1732
kreis_03102,dep_hour_share_home_11,0.04942580918854149,0.06218986094,-1.2764051751458512,1732
kreis_03102,dep_hour_share_home_12,0.07635286500003721,0.07852345259,-0.21705875899627886,1732
kreis_03102,dep_hour_share_home_13,0.0852392399693368,0.09039482876,-0.5155588790663204,1732
kreis_03102,dep_hour_share_home_14,0.08883397959259617,0.0770255852,1.1808394392596178,1732
kreis_03102,dep_hour_share_home_15,0.10998563592655716,0.1092339116,0.07517243265571655,1732
kreis_03102,dep_hour_share_home_16,0.114867932392102,0.1190348678,-0.41669354078980037,1732
kreis_03102,dep_hour_share_home_17,0.10374879989282763,0.08377673445,1.9972065442827633,1732
kreis_03102,dep_hour_share_home_18,0.07979131159619836,0.08003307081,-0.024175921380163723,1732
kreis_03102,dep_hour_share_home_19,0.051866957421313906,0.05596458716,-0.4097629738686097,1732
kreis_03102,dep_hour_share_home_20,0.04839874072475309,0.03341743577,1.4981304954753096,1732
kreis_03102,dep_hour_share_home_21,0.033818834054017845,0.03619514563,-0.23763115759821568,1732
kreis_03102,dep_hour_share_home_22,0.0256990391700096,0.02168557803,0.40134611400096004,1732
kreis_03102,dep_hour_share_home_23,0.01381332658544391,0.004497603958,0.931572262744391,1732
kreis_03102,dep_hour_share_home_4,2.9770100399663597e-05,0.000740800273,-0.07110301726003365,1732
kreis_03102,dep_hour_share_home_5,0.0009824133131888988,0.003578231944,-0.2595818630811101,1732
kreis_03102,dep_hour_share_home_6,0.002016924302077209,0.005518117656,-0.35011933539227913,1732
kreis_03102,dep_hour_share_home_7,0.011238212900873009,0.02080562375,-0.9567410849126989,1732
kreis_03102,dep_hour_share_home_8,0.0212037540096604,0.04005671538,-1.8852961370339605,1732
kreis_03102,dep_hour_share_home_9,0.03058133563555443,0.02873681964,0.18445159955544285,1732
kreis_03102,dep_hour_share_leisure_10,0.050317685665743475,0.05721627985,-0.6898594184256528,1732
kreis_03102,dep_hour_share_leisure_11,0.03353736588544697,0.0392547623,-0.5717396414553031,1732
kreis_03102,dep_hour_share_leisure_12,0.04989875951311472,0.07502043453,-2.512167501688528,1732
kreis_03102,dep_hour_share_leisure_13,0.06267600716829194,0.04863800139,1.4038005778291944,1732
kreis_03102,dep_hour_share_leisure_14,0.08499546163334652,0.08592498985,-0.09295282166534719,1732
kreis_03102,dep_hour_share_leisure_15,0.10407987525310122,0.096035257,0.8044618253101223,1732
kreis_03102,dep_hour_share_leisure_16,0.13300905345963182,0.1114906753,2.151837815963183,1732
kreis_03102,dep_hour_share_leisure_17,0.12721390834826726,0.1178850653,0.9328843048267268,1732
kreis_03102,dep_hour_share_leisure_18,0.09816836176600648,0.08600026419,1.216809757600648,1732
kreis_03102,dep_hour_share_leisure_19,0.05255195847976354,0.09524265053,-4.269069205023646,1732
kreis_03102,dep_hour_share_leisure_20,0.026764726417948657,0.01372419589,1.3040530527948657,1732
kreis_03102,dep_hour_share_leisure_21,0.014662415342006655,0.01882117763,-0.4158762287993346,1732
kreis_03102,dep_hour_share_leisure_22,0.010822258942909675,0.01131361043,-0.04913514870903239,1732
kreis_03102,dep_hour_share_leisure_23,0.0019549887122675544,0.002251885305,-0.029689659273244566,1732
kreis_03102,dep_hour_share_leisure_4,0.00030255777689855006,0.002680584327,-0.23780265501014503,1732
kreis_03102,dep_hour_share_leisure_5,0.004817650755230759,0.002492599846,0.23250509092307586,1732
kreis_03102,dep_hour_share_leisure_6,0.018362929690227382,0.01326065175,0.5102277940227382,1732
kreis_03102,dep_hour_share_leisure_7,0.029464472734889568,0.02586163569,0.36028370448895686,1732
kreis_03102,dep_hour_share_leisure_8,0.04391742500058184,0.04689578518,-0.297836017941816,1732
kreis_03102,dep_hour_share_leisure_9,0.04922382293387949,0.04998949377,-0.07656708361205092,1732
kreis_03102,dep_hour_share_other_10,0.08392819808249455,0.1490332128,-6.510501471750546,1732
kreis_03102,dep_hour_share_other_11,0.09055882440787312,0.06521807797,2.5340746437873123,1732
kreis_03102,dep_hour_share_other_12,0.06281174397419433,0.03565917878,2.7152565194194325,1732
kreis_03102,dep_hour_share_other_13,0.06508168812162121,0.02538823107,3.969345705162121,1732
kreis_03102,dep_hour_share_other_14,0.08404766882709597,0.07498158342,0.906608540709597,1732
kreis_03102,dep_hour_share_other_15,0.08778112959589021,0.1195323042,-3.1751174604109784,1732
kreis_03102,dep_hour_share_other_16,0.08945372002031003,0.0967057086,-0.7251988579689963,1732
kreis_03102,dep_hour_share_other_17,0.04898300528658045,0.09062683153,-4.164382624341954,1732
kreis_03102,dep_hour_share_other_18,0.041127803829037364,0.0180191687,2.3108635129037363,1732
kreis_03102,dep_hour_share_other_19,0.02598488695080792,0.001435302409,2.454958454180792,1732
kreis_03102,dep_hour_share_other_20,0.012275619007795465,0.0,1.2275619007795466,1732
kreis_03102,dep_hour_share_other_21,0.0062423464054239715,0.0,0.6242346405423972,1732
kreis_03102,dep_hour_share_other_22,0.004898300528658045,0.0,0.4898300528658045,1732
kreis_03102,dep_hour_share_other_23,0.005824198799319016,0.0,0.5824198799319016,1732
kreis_03102,dep_hour_share_other_4,0.0038827991995460114,0.0,0.38827991995460115,1732
kreis_03102,dep_hour_share_other_5,0.0037035930826438876,0.003051138735,0.06524543476438874,1732
kreis_03102,dep_hour_share_other_6,0.019264657566978285,0.01267362443,0.6591033136978284,1732
kreis_03102,dep_hour_share_other_7,0.07180191750545085,0.04841632628,2.3385591225450857,1732
kreis_03102,dep_hour_share_other_8,0.09548699262268152,0.1178466867,-2.2359694077318473,1732
kreis_03102,dep_hour_share_other_9,0.09088736895552701,0.1389144219,-4.802705294447299,1732
kreis_03102,dep_hour_share_shop_10,0.13001500953308182,0.1415361828,-1.1521173266918177,1732
kreis_03102,dep_hour_share_shop_11,0.10036104012007627,0.1278791152,-2.751807507992374,1732
kreis_03102,dep_hour_share_shop_12,0.0768731491623058,0.06074797599,1.6125173172305793,1732
kreis_03102,dep_hour_share_shop_13,0.05569753762524847,0.05290030681,0.27972308152484704,1732
kreis_03102,dep_hour_share_shop_14,0.07837410247048801,0.05309710309,2.527699938048801,1732
kreis_03102,dep_hour_share_shop_15,0.09297797249604478,0.09884998315,-0.587201065395522,1732
kreis_03102,dep_hour_share_shop_16,0.08064581558557463,0.07077933091,0.9866484675574633,1732
kreis_03102,dep_hour_share_shop_17,0.07232972293213256,0.0802868732,-0.7957150267867432,1732
kreis_03102,dep_hour_share_shop_18,0.04734087866617987,0.03013849475,1.720238391617987,1732
kreis_03102,dep_hour_share_shop_19,0.011115167741673766,0.02756928234,-1.6454114598326235,1732
kreis_03102,dep_hour_share_shop_20,0.004421727313293578,0.00764840668,-0.3226679366706422,1732
kreis_03102,dep_hour_share_shop_21,0.0024339783375927956,0.01330831612,-1.0874337782407204,1732
kreis_03102,dep_hour_share_shop_22,0.0020283152813273296,0.0,0.20283152813273297,1732
kreis_03102,dep_hour_share_shop_23,0.0003650967506389193,0.0,0.03650967506389193,1732
kreis_03102,dep_hour_share_shop_4,0.00040566305626546593,0.0,0.04056630562654659,1732
kreis_03102,dep_hour_share_shop_5,0.001176422863169851,0.0,0.1176422863169851,1732
kreis_03102,dep_hour_share_shop_6,0.009249117682852623,0.01139650326,-0.21473855771473765,1732
kreis_03102,dep_hour_share_shop_7,0.04072857084905278,0.03371704054,0.7011530309052778,1732
kreis_03102,dep_hour_share_shop_8,0.08421565048071072,0.06660087224,1.7614778240710727,1732
kreis_03102,dep_hour_share_shop_9,0.10705448054845645,0.1235442129,-1.6489732351543551,1732
kreis_03102,dep_hour_share_work_10,0.027559899868875908,0.01228181889,1.5278080978875908,1732
kreis_03102,dep_hour_share_work_11,0.026940040529264513,0.01691956326,1.0020477269264514,1732
kreis_03102,dep_hour_share_work_12,0.03170818929550602,0.03380337557,-0.2095186274493982,1732
kreis_03102,dep_hour_share_work_13,0.03595184169746096,0.05840194655,-2.245010485253904,1732
kreis_03102,dep_hour_share_work_14,0.018524257956848252,0.03017141703,-1.164715907315175,1732
kreis_03102,dep_hour_share_work_15,0.018524257956848252,0.02302332758,-0.4499069623151747,1732
kreis_03102,dep_hour_share_work_16,0.012969364644176898,0.004292362918,0.8677001726176898,1732
kreis_03102,dep_hour_share_work_17,0.0072952676123495055,0.00800506722,-0.07097996076504948,1732
kreis_03102,dep_hour_share_work_18,0.002455596614614376,0.003809781501,-0.13541848863856243,1732
kreis_03102,dep_hour_share_work_19,0.004076767195136488,0.003189842786,0.0886924409136488,1732
kreis_03102,dep_hour_share_work_20,0.011181308856836334,0.008183139739,0.2998169117836333,1732
kreis_03102,dep_hour_share_work_21,0.004482059840267017,0.004693160007,-0.021110016673298298,1732
kreis_03102,dep_hour_share_work_22,0.001382763142210037,0.0,0.1382763142210037,1732
kreis_03102,dep_hour_share_work_23,0.0005960185957801883,0.0,0.059601859578018834,1732
kreis_03102,dep_hour_share_work_4,0.03633329359876028,0.02932437751,0.7008916088760281,1732
kreis_03102,dep_hour_share_work_5,0.12397186792227917,0.1539003873,-2.9928519377720826,1732
kreis_03102,dep_hour_share_work_6,0.2171414948146382,0.2068248526,1.0316642214638212,1732
kreis_03102,dep_hour_share_work_7,0.23657170103707237,0.2462323274,-0.9660626362927638,1732
kreis_03102,dep_hour_share_work_8,0.11443557038979617,0.1193508457,-0.49152753102038316,1732
kreis_03102,dep_hour_share_work_9,0.04756228394325903,0.03168121451,1.588106943325903,1732
kreis_03102,mean_work_activity_h,6.052605664174813,7.072122757,-1.019517092825187,1732
kreis_03102,mobility_rate,0.8758696237075758,0.8800520523,-0.41824285924242366,1732
kreis_03102,n_persons_unweighted,104068.0,1732.0,102336.0,1732
kreis_03102,n_persons_weighted,104068.0,100880.6127,3187.387300000002,1732
kreis_03102,n_work_activities_measured,41736.0,574.0,41162.0,1732
kreis_03102,nonhome_acts_per_mobile,2.0066044980800877,2.028576664,-0.021972165919912356,1732
kreis_03102,participation_education,0.1900584233385863,0.1994243994,-0.9365976061413706,1732
kreis_03102,participation_escort,0.09887765691663143,0.1037734144,-0.4895757483368568,1732
kreis_03102,participation_home,0.8758696237075758,0.8669452889,0.8924334807575818,1732
kreis_03102,participation_leisure,0.3350213322058654,0.3534870407,-1.8465708494134592,1732
kreis_03102,participation_other,0.23584579313525772,0.1669949868,6.885080633525773,1732
kreis_03102,participation_shop,0.20159895452973056,0.2703958468,-6.879689227026945,1732
kreis_03102,participation_work,0.335905369566053,0.3411234657,-0.5218096133947026,1732
kreis_03102,purpose_share_education,0.07543536160622823,0.06829222748,0.7143134126228232,1732
kreis_03102,purpose_share_escort,0.05019463224749027,0.05432030239,-0.4125670142509731,1732
kreis_03102,purpose_share_home,0.423504010842671,0.4340319776,-1.0527966757329033,1732
kreis_03102,purpose_share_leisure,0.13542937292169008,0.1552222015,-1.9792828578309911,1732
kreis_03102,purpose_share_other,0.10553007738010811,0.06476168425,4.076839313010811,1732
kreis_03102,purpose_share_shop,0.07769845397380738,0.1045181978,-2.681974382619262,1732
kreis_03102,purpose_share_work,0.132208091028005,0.118853409,1.3354682028004994,1732
kreis_03102,share_mobile_first_from_home,1.0,0.9772171382,2.27828618,1732
kreis_03102,share_mobile_last_to_home,1.0,0.971298838,2.8701161999999947,1732
kreis_03102,share_mobile_odd_trip_count,0.25936368623148653,0.2177658142,4.159787203148654,1732
kreis_03102,share_trips_0,0.12413037629242418,0.1199479477,0.4182428592424181,1732
kreis_03102,share_trips_1,0.0006630280201406773,0.006114486477,-0.5451458456859323,1732
kreis_03102,share_trips_2,0.369008725064381,0.3626294421,0.6379282964381006,1732
kreis_03102,share_trips_3,0.12536995041703503,0.10399357,2.1376380417035032,1732
kreis_03102,share_trips_4,0.19747664988276895,0.2201871655,-2.2710515617231057,1732
kreis_03102,share_trips_5,0.06901256870507745,0.0465775663,2.2435002405077453,1732
kreis_03102,share_trips_6,0.05751047392089787,0.07529468565,-1.7784211729102126,1732
kreis_03102,share_trips_7,0.026473075296921243,0.02508071678,0.13923585169212416,1732
kreis_03102,share_trips_8plus,0.030355152400353615,0.04017441946,-0.9819267059646385,1732
kreis_03102,share_trips_followed_by_same_purpose,0.09661954517516902,0.03392662003,6.269292514516903,1732
kreis_03102,share_trips_home_based,0.8219028257135202,0.869356787,-4.745396128647972,1732
kreis_03102,share_trips_unknown_purpose,0.0,0.0004134294961,-0.04134294961,1732
kreis_03102,share_work_activities_lt_2h,0.17708932336591912,0.06516546791,11.192385545591913,1732
kreis_03102,tours_per_mobile,1.4740866703236424,1.554547509,-0.08046083867635767,1732
kreis_03102,trips_per_mobile_person,3.4806911684037303,3.583124174,-0.10243300559626967,1732
kreis_03102,trips_per_person,3.0486316639120576,3.153335783,-0.10470411908794253,1732
kreis_03102,trips_per_person_education,0.2299746319714033,0.2152592933,0.014715338671403316,1732
kreis_03102,trips_per_person_escort,0.15302494522812007,0.1712193369,-0.018194391671879917,1732
kreis_03102,trips_per_person_home,1.291107737248722,1.368082726,-0.07697498875127784,1732
kreis_03102,trips_per_person_leisure,0.41287427451281855,0.4892653617,-0.07639108718718146,1732
kreis_03102,trips_per_person_other,0.3217223353960872,0.2041309077,0.11759142769608719,1732
kreis_03102,trips_per_person_shop,0.23687396702156283,0.3294447146,-0.0925707475784372,1732
kreis_03102,trips_per_person_work,0.40305377253334357,0.3746297606,0.028424011933343596,1732
kreis_03151,dep_hour_share_all_10,0.04102097792287705,0.05327547111,-1.2254493187122948,3391
kreis_03151,dep_hour_share_all_11,0.04547803334483659,0.05378061782,-0.830258447516341,3391
kreis_03151,dep_hour_share_all_12,0.059064657431195,0.06318425229,-0.41195948588050035,3391
kreis_03151,dep_hour_share_all_13,0.0662697130211386,0.06681356015,-0.054384712886140774,3391
kreis_03151,dep_hour_share_all_14,0.07339077657936974,0.07630277758,-0.2912001000630257,3391
kreis_03151,dep_hour_share_all_15,0.08890739148138208,0.08661967614,0.2287715341382071,3391
kreis_03151,dep_hour_share_all_16,0.09074060886919337,0.09032553549,0.041507337919337306,3391
kreis_03151,dep_hour_share_all_17,0.07642909703088167,0.08789306024,-1.1463963209118329,3391
kreis_03151,dep_hour_share_all_18,0.06301228292168108,0.06343424151,-0.04219585883189214,3391
kreis_03151,dep_hour_share_all_19,0.04175316932976185,0.03569009255,0.6063076779761853,3391
kreis_03151,dep_hour_share_all_20,0.02751651995449823,0.0220156406,0.5500879354498229,3391
kreis_03151,dep_hour_share_all_21,0.01764928214201592,0.01401562092,0.3633661222015919,3391
kreis_03151,dep_hour_share_all_22,0.01436081150909944,0.009160260505,0.5200551004099441,3391
kreis_03151,dep_hour_share_all_23,0.007497201787204362,0.001397038088,0.6100163699204362,3391
kreis_03151,dep_hour_share_all_4,0.00424707534267836,0.002267490539,0.197958480367836,3391
kreis_03151,dep_hour_share_all_5,0.016688851518521158,0.009547669686,0.7141181832521157,3391
kreis_03151,dep_hour_share_all_6,0.05092290809628408,0.03465618137,1.6266726726284084,3391
kreis_03151,dep_hour_share_all_7,0.09900286851047435,0.107848736,-0.884586748952565,3391
kreis_03151,dep_hour_share_all_8,0.05717666263139732,0.07190555352,-1.472889088860268,3391
kreis_03151,dep_hour_share_all_9,0.0468766832642225,0.04831656661,-0.14398833457774998,3391
kreis_03151,dep_hour_share_education_10,0.01591794276314198,0.01203153858,0.38864041831419804,3391
kreis_03151,dep_hour_share_education_11,0.026005757553765392,0.009096817215,1.6908940338765392,3391
kreis_03151,dep_hour_share_education_12,0.02670730822265767,0.01586000299,1.084730523265767,3391
kreis_03151,dep_hour_share_education_13,0.028134600962817814,0.01389920682,1.4235394142817814,3391
kreis_03151,dep_hour_share_education_14,0.02341727749957665,0.01103366649,1.2383611009576652,3391
kreis_03151,dep_hour_share_education_15,0.032876115828434575,0.03138602005,0.14900957784345775,3391
kreis_03151,dep_hour_share_education_16,0.016038899775019957,0.00656040349,0.9478496285019957,3391
kreis_03151,dep_hour_share_education_17,0.007862205772068608,0.01918744175,-1.1325235977931392,3391
kreis_03151,dep_hour_share_education_18,0.0032658393207054214,0.01088533825,-0.7619498929294578,3391
kreis_03151,dep_hour_share_education_19,0.007209037907927523,0.0,0.7209037907927522,3391
kreis_03151,dep_hour_share_education_20,0.0005805936570142972,0.0,0.058059365701429715,3391
kreis_03151,dep_hour_share_education_21,0.0002902968285071486,0.0,0.029029682850714857,3391
kreis_03151,dep_hour_share_education_22,0.0001451484142535743,0.0,0.014514841425357429,3391
kreis_03151,dep_hour_share_education_23,7.257420712678714e-05,0.0,0.007257420712678714,3391
kreis_03151,dep_hour_share_education_4,0.0007015506688922757,0.0,0.07015506688922757,3391
kreis_03151,dep_hour_share_education_5,0.0040883470014756755,0.001631845133,0.24565018684756756,3391
kreis_03151,dep_hour_share_education_6,0.17236374192611945,0.09518298409,7.718075783611944,3391
kreis_03151,dep_hour_share_education_7,0.4884002225609019,0.5934328793,-10.503265673909812,3391
kreis_03151,dep_hour_share_education_8,0.11519945811258679,0.1648780037,-4.967854558741321,3391
kreis_03151,dep_hour_share_education_9,0.02895710864358807,0.01493385218,1.402325646358807,3391
kreis_03151,dep_hour_share_escort_10,0.011647031181821234,0.006751716853,0.48953143288212336,3391
kreis_03151,dep_hour_share_escort_11,0.028731581243916355,0.06136858157,-3.2637000326083645,3391
kreis_03151,dep_hour_share_escort_12,0.060517571241566814,0.04996301876,1.0554552481566817,3391
kreis_03151,dep_hour_share_escort_13,0.07575605007887759,0.1096775581,-3.392150802112241,3391
kreis_03151,dep_hour_share_escort_14,0.12563353807941463,0.09279235286,3.2841185219414633,3391
kreis_03151,dep_hour_share_escort_15,0.11381868224079482,0.1053799514,0.8438730840794815,3391
kreis_03151,dep_hour_share_escort_16,0.08018662101836002,0.06455789437,1.5628726648360027,3391
kreis_03151,dep_hour_share_escort_17,0.06303494109354546,0.02937674321,3.365819788354546,3391
kreis_03151,dep_hour_share_escort_18,0.05172355922532138,0.02991605405,2.180750517532138,3391
kreis_03151,dep_hour_share_escort_19,0.02638203604873628,0.02766531207,-0.12832760212637198,3391
kreis_03151,dep_hour_share_escort_20,0.005706038331151613,0.009548458349,-0.3842420017848387,3391
kreis_03151,dep_hour_share_escort_21,0.007854193938173397,0.004706234511,0.3147959427173397,3391
kreis_03151,dep_hour_share_escort_22,0.00181250629342463,0.005124866326,-0.331236003257537,3391
kreis_03151,dep_hour_share_escort_23,0.0019467660188634914,0.0,0.19467660188634914,3391
kreis_03151,dep_hour_share_escort_4,0.0005034739703957305,0.0,0.05034739703957305,3391
kreis_03151,dep_hour_share_escort_5,0.0015775517739066223,0.0005417023648,0.10358494091066224,3391
kreis_03151,dep_hour_share_escort_6,0.047460812942637536,0.01546537353,3.1995439412637534,3391
kreis_03151,dep_hour_share_escort_7,0.1906488101231833,0.2216046364,-3.09558262768167,3391
kreis_03151,dep_hour_share_escort_8,0.07679656295102877,0.1450352227,-6.823865974897123,3391
kreis_03151,dep_hour_share_escort_9,0.02138086127613869,0.0198520364,0.15288248761386908,3391
kreis_03151,dep_hour_share_home_10,0.03006012898496339,0.04084502196,-1.0784892975036608,3391
kreis_03151,dep_hour_share_home_11,0.04353460689257944,0.06061309749,-1.707849059742056,3391
kreis_03151,dep_hour_share_home_12,0.07414017296901045,0.06997066698,0.4169505989010447,3391
kreis_03151,dep_hour_share_home_13,0.08293261888346845,0.0853597357,-0.24271168165315438,3391
kreis_03151,dep_hour_share_home_14,0.0885964376412682,0.0949945457,-0.6398108058731797,3391
kreis_03151,dep_hour_share_home_15,0.11006047806470193,0.0966377123,1.342276576470193,3391
kreis_03151,dep_hour_share_home_16,0.11095063139797709,0.09912547335,1.1825158047977082,3391
kreis_03151,dep_hour_share_home_17,0.10039533280389573,0.117556205,-1.7160872196104267,3391
kreis_03151,dep_hour_share_home_18,0.0907694590136752,0.08895521924,0.18142397736752025,3391
kreis_03151,dep_hour_share_home_19,0.06022061839475682,0.05168985603,0.8530762364756819,3391
kreis_03151,dep_hour_share_home_20,0.050559836630682364,0.04145329759,0.9106539040682364,3391
kreis_03151,dep_hour_share_home_21,0.03199315803712463,0.02711545077,0.487770726712463,3391
kreis_03151,dep_hour_share_home_22,0.028362728756316163,0.01784287486,1.0519853896316163,3391
kreis_03151,dep_hour_share_home_23,0.015734769214657857,0.003038706035,1.2696063179657857,3391
kreis_03151,dep_hour_share_home_4,5.672545751263232e-05,0.0003981406923,-0.034141523478736766,3391
kreis_03151,dep_hour_share_home_5,0.0005192561110771728,0.001682486915,-0.1163230803922827,3391
kreis_03151,dep_hour_share_home_6,0.0019504830390882036,0.006112698831,-0.4162215791911797,3391
kreis_03151,dep_hour_share_home_7,0.010834562384912774,0.02255023855,-1.1715676165087225,3391
kreis_03151,dep_hour_share_home_8,0.019400106469320253,0.03620096444,-1.6800857970679743,3391
kreis_03151,dep_hour_share_home_9,0.029619415815057556,0.03585285143,-0.6233435614942443,3391
kreis_03151,dep_hour_share_leisure_10,0.04153688953452585,0.05570669057,-1.4169801035474154,3391
kreis_03151,dep_hour_share_leisure_11,0.03475359785298354,0.03804554098,-0.32919431270164584,3391
kreis_03151,dep_hour_share_leisure_12,0.04017038249886124,0.04699122706,-0.682084456113876,3391
kreis_03151,dep_hour_share_leisure_13,0.05448792918785163,0.03195226994,2.2535659247851627,3391
kreis_03151,dep_hour_share_leisure_14,0.0746531411195509,0.08200482232,-0.7351681200449101,3391
kreis_03151,dep_hour_share_leisure_15,0.10933287372736337,0.1303417906,-2.100891687263663,3391
kreis_03151,dep_hour_share_leisure_16,0.15996749929212473,0.1547659692,0.5201530092124734,3391
kreis_03151,dep_hour_share_leisure_17,0.12687586945549004,0.1219572218,0.49186476554900355,3391
kreis_03151,dep_hour_share_leisure_18,0.0942766745866624,0.1133825256,-1.9105851013337602,3391
kreis_03151,dep_hour_share_leisure_19,0.06425045242462667,0.05896213968,0.5288312744626669,3391
kreis_03151,dep_hour_share_leisure_20,0.02165482770931564,0.01869717184,0.295765586931564,3391
kreis_03151,dep_hour_share_leisure_21,0.01458838592128427,0.005146799563,0.9441586358284269,3391
kreis_03151,dep_hour_share_leisure_22,0.011830750101564712,0.003231748698,0.8599001403564713,3391
kreis_03151,dep_hour_share_leisure_23,0.002252889977717318,0.0006512571564,0.16016328213173178,3391
kreis_03151,dep_hour_share_leisure_4,0.00016004136453729578,0.003016775514,-0.2856734149462704,3391
kreis_03151,dep_hour_share_leisure_5,0.0026345270777677924,0.003321333035,-0.06868059572322076,3391
kreis_03151,dep_hour_share_leisure_6,0.018072363318519247,0.008843545751,0.9228817567519247,3391
kreis_03151,dep_hour_share_leisure_7,0.026948503613241578,0.01727750194,0.9671001673241579,3391
kreis_03151,dep_hour_share_leisure_8,0.04708909379655049,0.05617735909,-0.9088265293449506,3391
kreis_03151,dep_hour_share_leisure_9,0.051237858400325006,0.04850358488,0.2734273520325008,3391
kreis_03151,dep_hour_share_other_10,0.08604944955784155,0.1237126258,-3.766317624215845,3391
kreis_03151,dep_hour_share_other_11,0.09232990434939542,0.0903879872,0.1941917149395414,3391
kreis_03151,dep_hour_share_other_12,0.06493412741382422,0.07820017067,-1.326604325617578,3391
kreis_03151,dep_hour_share_other_13,0.08182638512903807,0.0630453521,1.8781033029038081,3391
kreis_03151,dep_hour_share_other_14,0.07978704205017145,0.08562378072,-0.5836738669828547,3391
kreis_03151,dep_hour_share_other_15,0.07978704205017145,0.1008998158,-2.111277374982855,3391
kreis_03151,dep_hour_share_other_16,0.07397581663959574,0.09468582851,-2.071001187040426,3391
kreis_03151,dep_hour_share_other_17,0.05637971485291464,0.03513973227,2.1239982582914636,3391
kreis_03151,dep_hour_share_other_18,0.04279011008843169,0.02164090522,2.114920486843169,3391
kreis_03151,dep_hour_share_other_19,0.03566143295434037,0.01225358956,2.340784339434037,3391
kreis_03151,dep_hour_share_other_20,0.018931600794080492,0.005215719467,1.3715881327080492,3391
kreis_03151,dep_hour_share_other_21,0.011351741562894785,0.003600892744,0.7750848818894784,3391
kreis_03151,dep_hour_share_other_22,0.004746435661432955,0.01051023822,-0.5763802558567046,3391
kreis_03151,dep_hour_share_other_23,0.0032846056668471395,0.0,0.32846056668471396,3391
kreis_03151,dep_hour_share_other_4,0.0007760332070023461,0.0,0.07760332070023461,3391
kreis_03151,dep_hour_share_other_5,0.002977801840822956,0.0006855590116,0.22922428292229557,3391
kreis_03151,dep_hour_share_other_6,0.017505865367262227,0.01884942288,-0.13435575127377747,3391
kreis_03151,dep_hour_share_other_7,0.06672080851831799,0.03849861215,2.8222196368317993,3391
kreis_03151,dep_hour_share_other_8,0.08036455513445226,0.109142914,-2.8778358865547733,3391
kreis_03151,dep_hour_share_other_9,0.08904529868254828,0.1079068537,-1.8861555017451723,3391
kreis_03151,dep_hour_share_shop_10,0.11064043113172077,0.1223811126,-1.1740681468279224,3391
kreis_03151,dep_hour_share_shop_11,0.08575009399674145,0.09411248034,-0.8362386343258545,3391
kreis_03151,dep_hour_share_shop_12,0.08559969921042737,0.1020627898,-1.6463090589572626,3391
kreis_03151,dep_hour_share_shop_13,0.058879558841960146,0.07210519603,-1.3225637188039854,3391
kreis_03151,dep_hour_share_shop_14,0.08091239503697205,0.07698168234,0.39307126969720524,3391
kreis_03151,dep_hour_share_shop_15,0.10765760120315829,0.07081403551,3.684356569315829,3391
kreis_03151,dep_hour_share_shop_16,0.08424614613360071,0.1143379935,-3.009184736639929,3391
kreis_03151,dep_hour_share_shop_17,0.06549692943977942,0.1143724742,-4.887554476022059,3391
kreis_03151,dep_hour_share_shop_18,0.04276225090863517,0.02866793894,1.4094311968635171,3391
kreis_03151,dep_hour_share_shop_19,0.015590926181225718,0.01471347049,0.08774556912257182,3391
kreis_03151,dep_hour_share_shop_20,0.004336383005389147,0.002839077483,0.14973055223891468,3391
kreis_03151,dep_hour_share_shop_21,0.0010276977064795087,0.004475480917,-0.3447783210520491,3391
kreis_03151,dep_hour_share_shop_22,0.0005765133475372854,0.0005915770036,-0.0015063656062714627,3391
kreis_03151,dep_hour_share_shop_23,0.0005263817520992606,0.0,0.05263817520992606,3391
kreis_03151,dep_hour_share_shop_4,2.5065797719012406e-05,0.0,0.0025065797719012405,3391
kreis_03151,dep_hour_share_shop_5,0.0007519739315703722,0.001394360309,-0.06423863774296278,3391
kreis_03151,dep_hour_share_shop_6,0.01446296528387016,0.005051757983,0.941120730087016,3391
kreis_03151,dep_hour_share_shop_7,0.04704850231858629,0.0227578817,2.429062061858629,3391
kreis_03151,dep_hour_share_shop_8,0.08071186865521995,0.06498539394,1.5726474715219956,3391
kreis_03151,dep_hour_share_shop_9,0.11124201027697707,0.08735529681,2.3886713466977074,3391
kreis_03151,dep_hour_share_work_10,0.028461310406166618,0.04095154438,-1.2490233973833385,3391
kreis_03151,dep_hour_share_work_11,0.0231389324185055,0.01603574633,0.7103186088505499,3391
kreis_03151,dep_hour_share_work_12,0.030691909138395944,0.0507651394,-2.0073230261604054,3391
kreis_03151,dep_hour_share_work_13,0.03612722883401804,0.05127197728,-1.514474844598196,3391
kreis_03151,dep_hour_share_work_14,0.020696567983849334,0.02269270829,-0.19961403061506644,3391
kreis_03151,dep_hour_share_work_15,0.015840074541527253,0.01672250101,-0.08824264684727488,3391
kreis_03151,dep_hour_share_work_16,0.010771815396778338,0.006487427178,0.42843882187783383,3391
kreis_03151,dep_hour_share_work_17,0.008527098951053887,0.008516547155,0.0010551796053887008,3391
kreis_03151,dep_hour_share_work_18,0.004192960908051332,0.003206143128,0.09868177800513317,3391
kreis_03151,dep_hour_share_work_19,0.0023294227266951843,0.001482325267,0.08470974596951843,3391
kreis_03151,dep_hour_share_work_20,0.0043482557564976775,0.001322132511,0.3026123245497677,3391
kreis_03151,dep_hour_share_work_21,0.0032894272443635027,0.005578870895,-0.22894436506364974,3391
kreis_03151,dep_hour_share_work_22,0.0008188273827170952,0.0,0.08188273827170951,3391
kreis_03151,dep_hour_share_work_23,0.0007482388152414835,0.0,0.07482388152414834,3391
kreis_03151,dep_hour_share_work_4,0.031228382251210593,0.01329083293,1.7937549321210593,3391
kreis_03151,dep_hour_share_work_5,0.11853232250504708,0.06582489289,5.270742961504708,3391
kreis_03151,dep_hour_share_work_6,0.2243022320105036,0.1816646257,4.263760631050359,3391
kreis_03151,dep_hour_share_work_7,0.25561532054268493,0.3321687438,-7.655342325731507,3391
kreis_03151,dep_hour_share_work_8,0.11745937627941778,0.1202209262,-0.27615499205822097,3391
kreis_03151,dep_hour_share_work_9,0.04965199836234523,0.05773481954,-0.808282117765477,3391
kreis_03151,mean_work_activity_h,6.020126750413316,6.28423715,-0.26411039958668425,3391
kreis_03151,mobility_rate,0.873057367751297,0.8780269581,-0.49695903487029236,3391
kreis_03151,n_persons_unweighted,173669.0,3391.0,170278.0,3391
kreis_03151,n_persons_weighted,173669.0,101930.2457,71738.7543,3391
kreis_03151,n_work_activities_measured,70769.0,1236.0,69533.0,3391
kreis_03151,nonhome_acts_per_mobile,2.1005850035944413,2.139120026,-0.03853502240555873,3391
kreis_03151,participation_education,0.19143312853762043,0.1918557859,-0.042265736237956375,3391
kreis_03151,participation_escort,0.11289291698576027,0.1208806936,-0.798777661423973,3391
kreis_03151,participation_home,0.873057367751297,0.8731135924,-0.005622464870291832,3391
kreis_03151,participation_leisure,0.3761005130449303,0.4014063712,-2.5305858155069694,3391
kreis_03151,participation_other,0.22951706982823647,0.1716160798,5.7900990028236485,3391
kreis_03151,participation_shop,0.19762882264537712,0.2737123035,-7.608348085462286,3391
kreis_03151,participation_work,0.3386499605571518,0.3402660827,-0.16161221428482309,3391
kreis_03151,purpose_share_education,0.07547779597605131,0.06233506775,1.314272822605131,3391
kreis_03151,purpose_share_escort,0.05439944784368718,0.05977979352,-0.538034567631282,3391
kreis_03151,purpose_share_home,0.41845195381898986,0.4268124939,-0.8360540081010115,3391
kreis_03151,purpose_share_leisure,0.14831714660809137,0.1617405157,-1.342336909190864,3391
kreis_03151,purpose_share_other,0.10117387993886841,0.06494569828,3.6228181658868404,3391
kreis_03151,purpose_share_shop,0.07284482837323868,0.1036245534,-3.077972502676132,3391
kreis_03151,purpose_share_work,0.1293349474410732,0.1207618773,0.8573070141073211,3391
kreis_03151,share_mobile_first_from_home,1.0,0.9778671254,2.213287460000002,3391
kreis_03151,share_mobile_last_to_home,1.0,0.9850407459,1.4959254099999986,3391
kreis_03151,share_mobile_odd_trip_count,0.2635022391062042,0.2196672558,4.383498330620419,3391
kreis_03151,share_trips_0,0.126942632248703,0.1219730419,0.4969590348703007,3391
kreis_03151,share_trips_1,0.0006852115230697476,0.004991550235,-0.43063387119302526,3391
kreis_03151,share_trips_2,0.35332154846288055,0.34648111,0.6840438462880571,3391
kreis_03151,share_trips_3,0.11439001779246728,0.07891492533,3.5475092462467286,3391
kreis_03151,share_trips_4,0.19572289815683858,0.2338601739,-3.813727574316142,3391
kreis_03151,share_trips_5,0.07900085795392385,0.06227343734,1.672742061392385,3391
kreis_03151,share_trips_6,0.06325250908337124,0.07029915578,-0.7046646696628758,3391
kreis_03151,share_trips_7,0.026775072119952323,0.02941173921,-0.26366670900476763,3391
kreis_03151,share_trips_8plus,0.03990925265879345,0.05179486628,-1.1885613621206548,3391
kreis_03151,share_trips_followed_by_same_purpose,0.09025308990251446,0.04155748233,4.869560757251446,3391
kreis_03151,share_trips_home_based,0.8156904418893824,0.8513942199,-3.5703778010617526,3391
kreis_03151,share_trips_unknown_purpose,0.0,0.0003608672198,-0.03608672198,3391
kreis_03151,share_work_activities_lt_2h,0.17165708149048312,0.1076775839,6.397949759048312,3391
kreis_03151,tours_per_mobile,1.5114725338504054,1.591849944,-0.08037741014959465,3391
kreis_03151,trips_per_mobile_person,3.612057537444847,3.73096997,-0.11891243255515294,3391
kreis_03151,trips_per_person,3.1535334458078297,3.275892214,-0.12235876819217051,3391
kreis_03151,trips_per_person_education,0.23802175402633746,0.204129273,0.03389248102633746,3391
kreis_03151,trips_per_person_escort,0.17155047820854613,0.1957614907,-0.02421101249145388,3391
kreis_03151,trips_per_person_home,1.319602231831818,1.397687164,-0.07808493216818202,3391
kreis_03151,trips_per_person_leisure,0.4677230824153994,0.5296532927,-0.06193021028460055,3391
kreis_03151,trips_per_person_other,0.31905521422936733,0.212678331,0.10637688322936734,3391
kreis_03151,trips_per_person_shop,0.22971860262913935,0.3393403668,-0.10962176417086067,3391
kreis_03151,trips_per_person_work,0.4078620824672221,0.3954601336,0.012401948867222123,3391
kreis_03153,dep_hour_share_all_10,0.048859074321888685,0.05240737785,-0.3548303528111314,2126
kreis_03153,dep_hour_share_all_11,0.054108171901773236,0.06342503556,-0.9316863658226759,2126
kreis_03153,dep_hour_share_all_12,0.062371920537649804,0.06509816517,-0.27262446323501954,2126
kreis_03153,dep_hour_share_all_13,0.06813457046777706,0.08363069951,-1.5496129042222946,2126
kreis_03153,dep_hour_share_all_14,0.07771676600283442,0.07815669826,-0.04399322571655845,2126
kreis_03153,dep_hour_share_all_15,0.08461021870416915,0.09058075282,-0.5970534115830844,2126
kreis_03153,dep_hour_share_all_16,0.08852605537476976,0.08266902457,0.5857030804769764,2126
kreis_03153,dep_hour_share_all_17,0.07494407711186059,0.07316620234,0.1777874771860588,2126
kreis_03153,dep_hour_share_all_18,0.062021322298541806,0.05813579809,0.3885524208541803,2126
kreis_03153,dep_hour_share_all_19,0.036778249082765876,0.03465676472,0.21214843627658797,2126
kreis_03153,dep_hour_share_all_20,0.02661830715368548,0.02049735222,0.6120954933685477,2126
kreis_03153,dep_hour_share_all_21,0.01896193293203826,0.01381516028,0.514677265203826,2126
kreis_03153,dep_hour_share_all_22,0.013589385267960753,0.009684183882,0.3905201385960754,2126
kreis_03153,dep_hour_share_all_23,0.007088503834359615,0.001554154463,0.5534349371359615,2126
kreis_03153,dep_hour_share_all_4,0.0045849361269264385,0.002316186677,0.22687494499264385,2126
kreis_03153,dep_hour_share_all_5,0.01664354035089452,0.01754223423,-0.08986938791054784,2126
kreis_03153,dep_hour_share_all_6,0.04699497805057503,0.03561214906,1.138282899057503,2126
kreis_03153,dep_hour_share_all_7,0.08514105406619887,0.1024405401,-1.7299486033801132,2126
kreis_03153,dep_hour_share_all_8,0.058841248129731225,0.0641592531,-0.5318004970268769,2126
kreis_03153,dep_hour_share_all_9,0.05231320767760764,0.0486711927,0.36420149776076394,2126
kreis_03153,dep_hour_share_education_10,0.01929630449214428,0.001404834904,1.789146958814428,2126
kreis_03153,dep_hour_share_education_11,0.024474441248063732,0.01986929254,0.46051487080637327,2126
kreis_03153,dep_hour_share_education_12,0.016198273954414692,0.02122449286,-0.5026218905585307,2126
kreis_03153,dep_hour_share_education_13,0.019871653020579774,0.02026308408,-0.03914310594202268,2126
kreis_03153,dep_hour_share_education_14,0.027705244523124586,0.005568766728,2.2136477795124585,2126
kreis_03153,dep_hour_share_education_15,0.04089400309803054,0.01293126717,2.796273592803054,2126
kreis_03153,dep_hour_share_education_16,0.015268864793095818,0.007478930673,0.7789934120095818,2126
kreis_03153,dep_hour_share_education_17,0.006550121708342554,0.009788265114,-0.3238143405657446,2126
kreis_03153,dep_hour_share_education_18,0.009780924983403407,0.002165938638,0.7614986345403407,2126
kreis_03153,dep_hour_share_education_19,0.008010621818986501,0.0,0.8010621818986501,2126
kreis_03153,dep_hour_share_education_20,0.0005310909493250719,0.0,0.05310909493250719,2126
kreis_03153,dep_hour_share_education_21,0.0002212878955521133,0.0,0.02212878955521133,2126
kreis_03153,dep_hour_share_education_22,0.00017703031644169064,0.0,0.017703031644169063,2126
kreis_03153,dep_hour_share_education_23,0.00013277273733126798,0.0,0.013277273733126798,2126
kreis_03153,dep_hour_share_education_4,0.0003540606328833813,0.0,0.035406063288338126,2126
kreis_03153,dep_hour_share_education_5,0.002478424430183669,0.009747126451,-0.7268702020816331,2126
kreis_03153,dep_hour_share_education_6,0.17300287674264217,0.05344687683,11.955599991264219,2126
kreis_03153,dep_hour_share_education_7,0.4739986722726267,0.6515028391,-17.750416682737324,2126
kreis_03153,dep_hour_share_education_8,0.12378844877185217,0.1431430873,-1.9354638528147825,2126
kreis_03153,dep_hour_share_education_9,0.03704359371542377,0.04146519763,-0.44216039145762304,2126
kreis_03153,dep_hour_share_escort_10,0.02218645321268543,0.02300717273,-0.08207195173145707,2126
kreis_03153,dep_hour_share_escort_11,0.04328533518945491,0.03402464192,0.926069326945491,2126
kreis_03153,dep_hour_share_escort_12,0.05898986383608126,0.06737372291,-0.838385907391874,2126
kreis_03153,dep_hour_share_escort_13,0.06977857049636751,0.09148280048,-2.170422998363249,2126
kreis_03153,dep_hour_share_escort_14,0.13773002131639622,0.1197980689,1.7931952416396224,2126
kreis_03153,dep_hour_share_escort_15,0.1142819854700483,0.1255578193,-1.1275833829951718,2126
kreis_03153,dep_hour_share_escort_16,0.08731021881933267,0.06627425959,2.103595922933267,2126
kreis_03153,dep_hour_share_escort_17,0.05820681254622178,0.05926481512,-0.10580025737782217,2126
kreis_03153,dep_hour_share_escort_18,0.04311132379170836,0.03847381402,0.4637509771708362,2126
kreis_03153,dep_hour_share_escort_19,0.02062035063296646,0.02083021503,-0.020986439703354204,2126
kreis_03153,dep_hour_share_escort_20,0.005916387523382782,0.005588668526,0.03277189973827817,2126
kreis_03153,dep_hour_share_escort_21,0.004959324835776743,0.009504298913,-0.45449740772232566,2126
kreis_03153,dep_hour_share_escort_22,0.002610170966198286,0.007078376325,-0.44682053588017134,2126
kreis_03153,dep_hour_share_escort_23,0.001740113977465524,0.0,0.17401139774655242,2126
kreis_03153,dep_hour_share_escort_4,0.0020446339235219908,0.003014229552,-0.09695956284780094,2126
kreis_03153,dep_hour_share_escort_5,0.0028276852133814765,0.006069739354,-0.3242054140618523,2126
kreis_03153,dep_hour_share_escort_6,0.04628703180058294,0.01820250643,2.808452537058294,2126
kreis_03153,dep_hour_share_escort_7,0.16470178796711185,0.2125039425,-4.780215453288814,2126
kreis_03153,dep_hour_share_escort_8,0.075129420977074,0.083059687,-0.7930266022926,2126
kreis_03153,dep_hour_share_escort_9,0.035324313742550136,0.008891221396,2.6433092346550136,2126
kreis_03153,dep_hour_share_home_10,0.03589597129750281,0.04697630147,-1.108033017249719,2126
kreis_03153,dep_hour_share_home_11,0.05590561019581244,0.05563228183,0.027332836581243913,2126
kreis_03153,dep_hour_share_home_12,0.07727778471937122,0.07429116762,0.29866170993712166,2126
kreis_03153,dep_hour_share_home_13,0.0852685504167931,0.1166993292,-3.1430778783206894,2126
kreis_03153,dep_hour_share_home_14,0.08617889081270193,0.09251609461,-0.6337203797298074,2126
kreis_03153,dep_hour_share_home_15,0.10139288030511279,0.09748987173,0.390300857511279,2126
kreis_03153,dep_hour_share_home_16,0.11157917283972654,0.1155813595,-0.4002186660273452,2126
kreis_03153,dep_hour_share_home_17,0.10070268758664597,0.09717924799,0.3523439596645972,2126
kreis_03153,dep_hour_share_home_18,0.08347761931111627,0.07562310874,0.7854510571116274,2126
kreis_03153,dep_hour_share_home_19,0.054703722875723663,0.04678991945,0.7913803425723662,2126
kreis_03153,dep_hour_share_home_20,0.0507113149956268,0.03563306282,1.5078252175626798,2126
kreis_03153,dep_hour_share_home_21,0.035842421862449354,0.02619473525,0.9647686612449354,2126
kreis_03153,dep_hour_share_home_22,0.026078574871035112,0.01954933901,0.6529235861035112,2126
kreis_03153,dep_hour_share_home_23,0.014386948217696304,0.00351613514,1.0870813077696304,2126
kreis_03153,dep_hour_share_home_4,7.139924673794691e-05,0.0004532785685,-0.03818793217620531,2126
kreis_03153,dep_hour_share_home_5,0.000832991211942714,0.001566574905,-0.07335836930572859,2126
kreis_03153,dep_hour_share_home_6,0.0024811238241436552,0.009642484395,-0.7161360570856344,2126
kreis_03153,dep_hour_share_home_7,0.010085143601735002,0.01614052634,-0.6055382738264997,2126
kreis_03153,dep_hour_share_home_8,0.02066413199340747,0.03842244978,-1.775831778659253,2126
kreis_03153,dep_hour_share_home_9,0.027786206855517675,0.02769443898,0.009176787551767526,2126
kreis_03153,dep_hour_share_leisure_10,0.051503286501426215,0.03417401908,1.7329267421426215,2126
kreis_03153,dep_hour_share_leisure_11,0.044859415693708694,0.05916144904,-1.4302033346291307,2126
kreis_03153,dep_hour_share_leisure_12,0.04542635933596726,0.08092315418,-3.5496794844032737,2126
kreis_03153,dep_hour_share_leisure_13,0.05070602200450011,0.06058897899,-0.9882956985499889,2126
kreis_03153,dep_hour_share_leisure_14,0.07876973229629892,0.09461195817,-1.5842225873701072,2126
kreis_03153,dep_hour_share_leisure_15,0.09985294899278918,0.1225532912,-2.2700342207210817,2126
kreis_03153,dep_hour_share_leisure_16,0.12695994188827667,0.09253483615,3.4425105738276676,2126
kreis_03153,dep_hour_share_leisure_17,0.11459348369151179,0.09274307075,2.1850412941511785,2126
kreis_03153,dep_hour_share_leisure_18,0.10238647839413213,0.1140735686,-1.1687090205867863,2126
kreis_03153,dep_hour_share_leisure_19,0.05825345924206722,0.05972580881,-0.1472349567932782,2126
kreis_03153,dep_hour_share_leisure_20,0.02205765108162217,0.02933975379,-0.7282102708377831,2126
kreis_03153,dep_hour_share_leisure_21,0.013783817302411282,0.01128810366,0.24957136424112822,2126
kreis_03153,dep_hour_share_leisure_22,0.013500345481282,0.001770099209,1.1730246272282001,2126
kreis_03153,dep_hour_share_leisure_23,0.003525680775295431,0.0005879270829,0.2937753692395431,2126
kreis_03153,dep_hour_share_leisure_4,0.0007263965416437823,0.0,0.07263965416437823,2126
kreis_03153,dep_hour_share_leisure_5,0.004004039473451093,0.005110367107,-0.11063276335489076,2126
kreis_03153,dep_hour_share_leisure_6,0.01583898800559857,0.01739545402,-0.15564660144014308,2126
kreis_03153,dep_hour_share_leisure_7,0.031164183335400317,0.02188765176,0.9276531575400315,2126
kreis_03153,dep_hour_share_leisure_8,0.053629325159895824,0.05173752422,0.1891800939895827,2126
kreis_03153,dep_hour_share_leisure_9,0.06330280105593253,0.04720474733,1.609805372593253,2126
kreis_03153,dep_hour_share_other_10,0.0887831609354092,0.1315819366,-4.279877566459081,2126
kreis_03153,dep_hour_share_other_11,0.0806057645334636,0.1243874101,-4.37816455665364,2126
kreis_03153,dep_hour_share_other_12,0.06658737070155689,0.04761661363,1.897075707155689,2126
kreis_03153,dep_hour_share_other_13,0.07807820564558951,0.04756339058,3.0514815065589507,2126
kreis_03153,dep_hour_share_other_14,0.09126823984197446,0.05589018401,3.537805583197446,2126
kreis_03153,dep_hour_share_other_15,0.08287844353348485,0.1165910289,-3.3712585366515153,2126
kreis_03153,dep_hour_share_other_16,0.08306960344937449,0.07428514028,0.8784463169374492,2126
kreis_03153,dep_hour_share_other_17,0.05558505554257556,0.0408020817,1.4782973842575562,2126
kreis_03153,dep_hour_share_other_18,0.04360570081349164,0.02317033488,2.043536593349164,2126
kreis_03153,dep_hour_share_other_19,0.025169388925468873,0.005202427901,1.9966961024468872,2126
kreis_03153,dep_hour_share_other_20,0.011660754869267858,0.004642196308,0.7018558561267858,2126
kreis_03153,dep_hour_share_other_21,0.009133195981393769,0.0007686538478,0.8364542133593769,2126
kreis_03153,dep_hour_share_other_22,0.004948917822476158,0.004482402718,0.04665151044761584,2126
kreis_03153,dep_hour_share_other_23,0.003759478345829528,0.0,0.3759478345829528,2126
kreis_03153,dep_hour_share_other_4,0.0017416792336611372,0.0,0.17416792336611372,2126
kreis_03153,dep_hour_share_other_5,0.0008920796074849727,0.001831961841,-0.09398822335150271,2126
kreis_03153,dep_hour_share_other_6,0.014230793738450756,0.01387558487,0.0355208868450755,2126
kreis_03153,dep_hour_share_other_7,0.06571653108472632,0.06244021599,0.32763150947263187,2126
kreis_03153,dep_hour_share_other_8,0.08848580106624752,0.09131337718,-0.2827576113752478,2126
kreis_03153,dep_hour_share_other_9,0.09785263694483974,0.1518387067,-5.398606975516025,2126
kreis_03153,dep_hour_share_shop_10,0.11676153601664307,0.1114345698,0.5326966216643081,2126
kreis_03153,dep_hour_share_shop_11,0.08850299055159062,0.1205447312,-3.204174064840938,2126
kreis_03153,dep_hour_share_shop_12,0.08434222312115346,0.06155905795,2.2783165171153454,2126
kreis_03153,dep_hour_share_shop_13,0.06301829004016296,0.07150650735,-0.8488217309837037,2126
kreis_03153,dep_hour_share_shop_14,0.09509087231644948,0.07546879174,1.9622080576449485,2126
kreis_03153,dep_hour_share_shop_15,0.08960097084573376,0.1028407695,-1.3239798654266235,2126
kreis_03153,dep_hour_share_shop_16,0.08731832760264671,0.08042503588,0.6893291722646716,2126
kreis_03153,dep_hour_share_shop_17,0.06654338466872779,0.08674251959,-2.0199134921272206,2126
kreis_03153,dep_hour_share_shop_18,0.050160362911381436,0.04028822953,0.9872133381381438,2126
kreis_03153,dep_hour_share_shop_19,0.01230893698170996,0.03724363878,-2.493470179829004,2126
kreis_03153,dep_hour_share_shop_20,0.0032650466641625012,0.0,0.32650466641625014,2126
kreis_03153,dep_hour_share_shop_21,0.0006645670201392702,0.004366195127,-0.370162810686073,2126
kreis_03153,dep_hour_share_shop_22,0.00040451905573694706,0.0,0.040451905573694706,2126
kreis_03153,dep_hour_share_shop_23,8.668265480077436e-05,0.0,0.008668265480077436,2126
kreis_03153,dep_hour_share_shop_4,8.668265480077436e-05,0.0,0.008668265480077436,2126
kreis_03153,dep_hour_share_shop_5,0.0010690860758762171,0.0002299281066,0.08391579692762172,2126
kreis_03153,dep_hour_share_shop_6,0.011875523707706089,0.005074628411,0.6800895296706089,2126
kreis_03153,dep_hour_share_shop_7,0.03591551330578751,0.03182600542,0.4089507885787512,2126
kreis_03153,dep_hour_share_shop_8,0.07038631569822879,0.06811076243,0.2275553268228786,2126
kreis_03153,dep_hour_share_shop_9,0.1217024473402872,0.1023386292,1.9363818140287203,2126
kreis_03153,dep_hour_share_work_10,0.03159397422893422,0.02437427258,0.7219701648934225,2126
kreis_03153,dep_hour_share_work_11,0.02969683308914685,0.03661008216,-0.6913249070853154,2126
kreis_03153,dep_hour_share_work_12,0.03632743529058192,0.04602808941,-0.9700654119418083,2126
kreis_03153,dep_hour_share_work_13,0.04682745407415756,0.05766791802,-1.084046394584244,2126
kreis_03153,dep_hour_share_work_14,0.021920432773582778,0.03265190864,-1.073147586641722,2126
kreis_03153,dep_hour_share_work_15,0.019497351515834555,0.01129233743,0.8205014085834554,2126
kreis_03153,dep_hour_share_work_16,0.012228107742589879,0.006334458875,0.5893648867589879,2126
kreis_03153,dep_hour_share_work_17,0.010424884481009805,0.01017416613,0.025071835100980502,2126
kreis_03153,dep_hour_share_work_18,0.005822908448852323,0.001251459409,0.4571449039852323,2126
kreis_03153,dep_hour_share_work_19,0.002779969194935948,0.000786676141,0.19932930539359484,2126
kreis_03153,dep_hour_share_work_20,0.003813065855216199,0.00324327462,0.0569791235216199,2126
kreis_03153,dep_hour_share_work_21,0.005747774146286487,0.0002235143361,0.5524259810186487,2126
kreis_03153,dep_hour_share_work_22,0.0009016116307900371,0.003094140279,-0.21925286482099632,2126
kreis_03153,dep_hour_share_work_23,0.0005822908448852324,0.0,0.058229084488523236,2126
kreis_03153,dep_hour_share_work_4,0.03125586986738796,0.01567304025,1.5582829617387959,2126
kreis_03153,dep_hour_share_work_5,0.11598857958601,0.1217105363,-0.5721956713990006,2126
kreis_03153,dep_hour_share_work_6,0.21918554416018635,0.1891580527,3.002749146018635,2126
kreis_03153,dep_hour_share_work_7,0.22910327209887674,0.3056586603,-7.655538820112326,2126
kreis_03153,dep_hour_share_work_8,0.11657087043089523,0.1036869266,1.2883943830895221,2126
kreis_03153,dep_hour_share_work_9,0.04652691686389421,0.02845216693,1.8074749933894205,2126
kreis_03153,mean_work_activity_h,5.672664434705738,6.466280458,-0.7936160232942617,2126
kreis_03153,mobility_rate,0.8709687526927204,0.8789337841,-0.7965031407279555,2126
kreis_03153,n_persons_unweighted,127659.0,2126.0,125533.0,2126
kreis_03153,n_persons_weighted,127659.0,90720.01407,36938.985929999995,2126
kreis_03153,n_work_activities_measured,53167.0,826.0,52341.0,2126
kreis_03153,nonhome_acts_per_mobile,2.1311214440537114,2.220014823,-0.08889337894628868,2126
kreis_03153,participation_education,0.13944962752332385,0.1537752283,-1.4325600776676162,2126
kreis_03153,participation_escort,0.11863636719698573,0.1267264245,-0.8090057303014264,2126
kreis_03153,participation_home,0.8709687526927204,0.8709106875,0.0058065192720446746,2126
kreis_03153,participation_leisure,0.34025803116114023,0.3674010363,-2.7143005138859753,2126
kreis_03153,participation_other,0.27331406324661794,0.2091021274,6.421193584661794,2126
kreis_03153,participation_shop,0.22809985978270236,0.2965180846,-6.841822481729764,2126
kreis_03153,participation_work,0.32741914005279693,0.3468406217,-1.9421481647203087,2126
kreis_03153,purpose_share_education,0.05578709304679746,0.05007344776,0.5713645286797457,2126
kreis_03153,purpose_share_escort,0.056754941706870246,0.06229541015,-0.5540468443129755,2126
kreis_03153,purpose_share_home,0.4149626440045232,0.4189974931,-0.40348490954768,2126
kreis_03153,purpose_share_leisure,0.1393578620420619,0.1540440778,-1.4686215757938104,2126
kreis_03153,purpose_share_other,0.11624306827777256,0.08123393901,3.5009129267772554,2126
kreis_03153,purpose_share_shop,0.08544967927668126,0.1102021466,-2.475246732331873,2126
kreis_03153,purpose_share_work,0.13144471164529334,0.1231534856,0.8291226045293337,2126
kreis_03153,share_mobile_first_from_home,1.0,0.9822715632,1.7728436800000025,2126
kreis_03153,share_mobile_last_to_home,1.0,0.9834002883,1.6599711699999964,2126
kreis_03153,share_mobile_odd_trip_count,0.29406315486522705,0.2276124655,6.645068936522705,2126
kreis_03153,share_trips_0,0.12903124730727955,0.1210662159,0.7965031407279555,2126
kreis_03153,share_trips_1,0.001135838444606334,0.002442527246,-0.13066888013936662,2126
kreis_03153,share_trips_2,0.3488982367087319,0.3466423638,0.22558729087318596,2126
kreis_03153,share_trips_3,0.12397872457092723,0.09071039118,3.3268333390927234,2126
kreis_03153,share_trips_4,0.1683390908592422,0.2053776352,-3.703854434075779,2126
kreis_03153,share_trips_5,0.08968423691239943,0.05804440432,3.1639832592399433,2126
kreis_03153,share_trips_6,0.06772730477287148,0.07546112673,-0.7733821957128517,2126
kreis_03153,share_trips_7,0.028677962384164063,0.03810569497,-0.9427732585835936,2126
kreis_03153,share_trips_8plus,0.04252735803977785,0.06214964069,-1.9622282650222151,2126
kreis_03153,share_trips_followed_by_same_purpose,0.10612509937731777,0.04814703654,5.797806283731777,2126
kreis_03153,share_trips_home_based,0.8038822582477001,0.8371207738,-3.323851555229995,2126
kreis_03153,share_trips_unknown_purpose,0.0,0.0006905355139,-0.06905355139,2126
kreis_03153,share_work_activities_lt_2h,0.2030582880358117,0.1135096853,8.95486027358117,2126
kreis_03153,tours_per_mobile,1.5115885849964474,1.599090611,-0.08750202600355261,2126
kreis_03153,trips_per_mobile_person,3.642710029050159,3.819105434,-0.17639540494984107,2126
kreis_03153,trips_per_person,3.17268661042308,3.356740791,-0.1840541805769198,2126
kreis_03153,trips_per_person_education,0.17699496314400082,0.167967517,0.009027446144000806,2126
kreis_03153,trips_per_person_escort,0.18006564362872965,0.2089651468,-0.028899503171270352,2126
kreis_03153,trips_per_person_home,1.31654642445891,1.405494762,-0.08894833754109,2126
kreis_03153,trips_per_person_leisure,0.44213882295803664,0.5167289732,-0.07459015024196336,2126
kreis_03153,trips_per_person_other,0.36880282627938493,0.2724929806,0.09630984567938494,2126
kreis_03153,trips_per_person_shop,0.2711050533060732,0.3696645978,-0.09855954449392679,2126
kreis_03153,trips_per_person_work,0.4170328766479449,0.4131088652,0.003924011447944908,2126
kreis_03154,dep_hour_share_all_10,0.04857972885732731,0.06207068411,-1.3490955252672694,1655
kreis_03154,dep_hour_share_all_11,0.052655797151216294,0.05855026925,-0.5894472098783708,1655
kreis_03154,dep_hour_share_all_12,0.0593107426891749,0.06244773228,-0.3136989590825104,1655
kreis_03154,dep_hour_share_all_13,0.06605153633778828,0.07161385978,-0.556232344221172,1655
kreis_03154,dep_hour_share_all_14,0.0735993022265566,0.07427548446,-0.06761822334434009,1655
kreis_03154,dep_hour_share_all_15,0.08630482260346414,0.09545626666,-0.9151444056535853,1655
kreis_03154,dep_hour_share_all_16,0.08826215952639314,0.1002803984,-1.2018238873606855,1655
kreis_03154,dep_hour_share_all_17,0.07668640028570252,0.0682875799,0.8398820385702512,1655
kreis_03154,dep_hour_share_all_18,0.06396027636223782,0.06295902495,0.10012514122378219,1655
kreis_03154,dep_hour_share_all_19,0.039496998750051505,0.0319258347,0.7571164050051503,1655
kreis_03154,dep_hour_share_all_20,0.02898919000590635,0.02363699647,0.5352193535906349,1655
kreis_03154,dep_hour_share_all_21,0.020208645248135378,0.01439045814,0.5818187108135378,1655
kreis_03154,dep_hour_share_all_22,0.014254220293119789,0.005699764231,0.8554456062119788,1655
kreis_03154,dep_hour_share_all_23,0.006582833125008585,0.002423430965,0.4159402160008585,1655
kreis_03154,dep_hour_share_all_4,0.003866598903891323,0.003195060167,0.06715387368913228,1655
kreis_03154,dep_hour_share_all_5,0.01708034009587517,0.01307586481,0.40044752858751675,1655
kreis_03154,dep_hour_share_all_6,0.04660178838784116,0.03685247029,0.9749318097841159,1655
kreis_03154,dep_hour_share_all_7,0.08515789184511627,0.1043748671,-1.9216975254883737,1655
kreis_03154,dep_hour_share_all_8,0.05878535225196764,0.06215595232,-0.3370600068032359,1655
kreis_03154,dep_hour_share_all_9,0.05327390354793072,0.04393311096,0.9340792587930719,1655
kreis_03154,dep_hour_share_education_10,0.014828597203428056,0.003979768808,1.0848828395428056,1655
kreis_03154,dep_hour_share_education_11,0.016858367162832656,0.006089696943,1.0768670219832657,1655
kreis_03154,dep_hour_share_education_12,0.02086152458276951,0.01314888278,0.771264180276951,1655
kreis_03154,dep_hour_share_education_13,0.030784844384303112,0.002655089981,2.812975440330311,1655
kreis_03154,dep_hour_share_education_14,0.02683806946323861,0.03264672969,-0.5808660226761391,1655
kreis_03154,dep_hour_share_education_15,0.03112313937753721,0.005156528215,2.596661116253721,1655
kreis_03154,dep_hour_share_education_16,0.016407307171853857,0.01384157015,0.2565737021853858,1655
kreis_03154,dep_hour_share_education_17,0.010092467298150654,0.01182236213,-0.17298948318493457,1655
kreis_03154,dep_hour_share_education_18,0.007555254848894903,0.006968813771,0.05864410778949032,1655
kreis_03154,dep_hour_share_education_19,0.007104194857916103,0.001437982093,0.5666212764916103,1655
kreis_03154,dep_hour_share_education_20,0.0002819124943617501,0.0,0.02819124943617501,1655
kreis_03154,dep_hour_share_education_21,0.0002255299954894001,0.0,0.02255299954894001,1655
kreis_03154,dep_hour_share_education_22,0.00011276499774470004,0.0,0.011276499774470004,1655
kreis_03154,dep_hour_share_education_23,0.0,0.0,0.0,1655
kreis_03154,dep_hour_share_education_4,0.00039467749210645017,0.0,0.03946774921064502,1655
kreis_03154,dep_hour_share_education_5,0.003270184934596301,0.0,0.32701849345963013,1655
kreis_03154,dep_hour_share_education_6,0.17828146143437076,0.1040818782,7.419958323437076,1655
kreis_03154,dep_hour_share_education_7,0.4703428055931439,0.6825804706,-21.223766500685613,1655
kreis_03154,dep_hour_share_education_8,0.1266914749661705,0.09882488457,2.786659039617051,1655
kreis_03154,dep_hour_share_education_9,0.037776274244474516,0.01676534205,2.1010932194474514,1655
kreis_03154,dep_hour_share_escort_10,0.021285167528369033,0.0008394805377,2.0445686990669034,1655
kreis_03154,dep_hour_share_escort_11,0.03256563486201571,0.03305299812,-0.048736325798429125,1655
kreis_03154,dep_hour_share_escort_12,0.06318404619619955,0.02678571647,3.6398329726199554,1655
kreis_03154,dep_hour_share_escort_13,0.06748136708520781,0.08540865615,-1.7927289064792185,1655
kreis_03154,dep_hour_share_escort_14,0.13321694755925603,0.159562714,-2.634576644074396,1655
kreis_03154,dep_hour_share_escort_15,0.11945209158665145,0.1445334976,-2.5081406013348557,1655
kreis_03154,dep_hour_share_escort_16,0.07547169811320754,0.05945111565,1.6020582463207547,1655
kreis_03154,dep_hour_share_escort_17,0.05902101658497281,0.07232574487,-1.3304728285027192,1655
kreis_03154,dep_hour_share_escort_18,0.04330893708453636,0.04177022239,0.15387146945363625,1655
kreis_03154,dep_hour_share_escort_19,0.018465050694957363,0.02122784937,-0.2762798675042637,1655
kreis_03154,dep_hour_share_escort_20,0.006378835694621635,0.01315893533,-0.6780099635378365,1655
kreis_03154,dep_hour_share_escort_21,0.007050292083529175,0.0,0.7050292083529175,1655
kreis_03154,dep_hour_share_escort_22,0.0023500973611763915,0.0,0.23500973611763915,1655
kreis_03154,dep_hour_share_escort_23,0.0018800778889411132,0.0,0.18800778889411132,1655
kreis_03154,dep_hour_share_escort_4,0.0008728933055798026,0.0,0.08728933055798026,1655
kreis_03154,dep_hour_share_escort_5,0.001678640972268851,0.0007529550837,0.09256858885688511,1655
kreis_03154,dep_hour_share_escort_6,0.04230175250117505,0.01834383594,2.395791656117505,1655
kreis_03154,dep_hour_share_escort_7,0.1753172631437588,0.1984839152,-2.316665205624119,1655
kreis_03154,dep_hour_share_escort_8,0.08755791311354327,0.1134303427,-2.5872429586456733,1655
kreis_03154,dep_hour_share_escort_9,0.03672866447324246,0.01087202053,2.585664394324246,1655
kreis_03154,dep_hour_share_home_10,0.03550644139737702,0.04492175025,-0.9415308852622983,1655
kreis_03154,dep_hour_share_home_11,0.05379437268913833,0.06234447055,-0.8550097860861673,1655
kreis_03154,dep_hour_share_home_12,0.07031651551075224,0.07492357487,-0.4607059359247753,1655
kreis_03154,dep_hour_share_home_13,0.08036410060849236,0.09078154704,-1.0417446431507633,1655
kreis_03154,dep_hour_share_home_14,0.08427702153764528,0.07089193347,1.338508806764528,1655
kreis_03154,dep_hour_share_home_15,0.1024488916154063,0.1238723366,-2.14234449845937,1655
kreis_03154,dep_hour_share_home_16,0.10835972344270721,0.1228347913,-1.4475067857292787,1655
kreis_03154,dep_hour_share_home_17,0.10177739459154743,0.0814453777,2.0332016891547426,1655
kreis_03154,dep_hour_share_home_18,0.0907847396083763,0.08995911956,0.08256200483763021,1655
kreis_03154,dep_hour_share_home_19,0.05799744665329199,0.0485103465,0.9487100153291989,1655
kreis_03154,dep_hour_share_home_20,0.05300681445127916,0.04397725021,0.902956424127916,1655
kreis_03154,dep_hour_share_home_21,0.038242170013098334,0.02563765668,1.2604513333098335,1655
kreis_03154,dep_hour_share_home_22,0.028973853066503075,0.01282509798,1.6148755086503077,1655
kreis_03154,dep_hour_share_home_23,0.01393563576675012,0.005606254156,0.8329381610750121,1655
kreis_03154,dep_hour_share_home_4,7.461078042876329e-05,0.0006030866858,-0.052847590537123665,1655
kreis_03154,dep_hour_share_home_5,0.000787558237859168,0.00266922052,-0.18816622821408321,1655
kreis_03154,dep_hour_share_home_6,0.0022631936730058196,0.008493714497,-0.623052082399418,1655
kreis_03154,dep_hour_share_home_7,0.009682821282310614,0.02114835001,-1.1465528727689387,1655
kreis_03154,dep_hour_share_home_8,0.01969724603319351,0.04138234612,-2.1685100086806495,1655
kreis_03154,dep_hour_share_home_9,0.030457778588364036,0.02587608931,0.45816892783640367,1655
kreis_03154,dep_hour_share_leisure_10,0.04580048617579571,0.07536460558,-2.956411940420428,1655
kreis_03154,dep_hour_share_leisure_11,0.040529795306358904,0.04516560624,-0.4635810933641099,1655
kreis_03154,dep_hour_share_leisure_12,0.049798941318127087,0.04981854766,-0.0019606341872910327,1655
kreis_03154,dep_hour_share_leisure_13,0.057568666651521,0.03621516808,2.1353498571521,1655
kreis_03154,dep_hour_share_leisure_14,0.07771997182906604,0.09255633098,-1.4836359150933967,1655
kreis_03154,dep_hour_share_leisure_15,0.1044369220982802,0.1058846696,-0.144774750171979,1655
kreis_03154,dep_hour_share_leisure_16,0.13794670241043233,0.1550299239,-1.7083221489567673,1655
kreis_03154,dep_hour_share_leisure_17,0.11684122043755822,0.1215240792,-0.46828587624417745,1655
kreis_03154,dep_hour_share_leisure_18,0.09918894972397028,0.0980332311,0.11557186239702782,1655
kreis_03154,dep_hour_share_leisure_19,0.06243042460867392,0.0421005409,2.0329883708673924,1655
kreis_03154,dep_hour_share_leisure_20,0.02917054774291751,0.008369642156,2.080090558691751,1655
kreis_03154,dep_hour_share_leisure_21,0.015062362269123294,0.005249754289,0.9812607980123295,1655
kreis_03154,dep_hour_share_leisure_22,0.010268759797351024,0.0008060443813,0.9462715416051024,1655
kreis_03154,dep_hour_share_leisure_23,0.0024763159688302246,0.0002329302224,0.22433857464302245,1655
kreis_03154,dep_hour_share_leisure_4,0.0004316514074107731,0.001727608706,-0.1295957298589227,1655
kreis_03154,dep_hour_share_leisure_5,0.0036122407251743646,0.003396528557,0.02157121681743645,1655
kreis_03154,dep_hour_share_leisure_6,0.016516345957243793,0.01623190741,0.02844385472437934,1655
kreis_03154,dep_hour_share_leisure_7,0.02544471454210873,0.02907391021,-0.3629195667891272,1655
kreis_03154,dep_hour_share_leisure_8,0.0414612536065611,0.05683768705,-1.53764334434389,1655
kreis_03154,dep_hour_share_leisure_9,0.05934070927141786,0.05593859604,0.34021132314178554,1655
kreis_03154,dep_hour_share_other_10,0.08944321522747249,0.1168359878,-2.7392772572527506,1655
kreis_03154,dep_hour_share_other_11,0.08747310035462068,0.1256523253,-3.8179224945379326,1655
kreis_03154,dep_hour_share_other_12,0.07019670839268936,0.04594481099,2.4251897402689364,1655
kreis_03154,dep_hour_share_other_13,0.07753159761161459,0.1219334212,-4.440182358838542,1655
kreis_03154,dep_hour_share_other_14,0.08738217197587367,0.1058910885,-1.8508916524126326,1655
kreis_03154,dep_hour_share_other_15,0.08186585033188858,0.08328690462,-0.14210542881114285,1655
kreis_03154,dep_hour_share_other_16,0.078653047616161,0.05241096696,2.6242080656161,1655
kreis_03154,dep_hour_share_other_17,0.06001272997302458,0.02649349131,3.351923866302458,1655
kreis_03154,dep_hour_share_other_18,0.042433243415269904,0.02205314131,2.0380102105269904,1655
kreis_03154,dep_hour_share_other_19,0.026005516321643985,0.02202918232,0.3976334001643985,1655
kreis_03154,dep_hour_share_other_20,0.012335950050010609,0.003557888283,0.8778061767010608,1655
kreis_03154,dep_hour_share_other_21,0.00869881490013033,0.0,0.869881490013033,1655
kreis_03154,dep_hour_share_other_22,0.004152395962779984,0.001193481369,0.2958914593779984,1655
kreis_03154,dep_hour_share_other_23,0.0018488770345224744,0.0,0.18488770345224745,1655
kreis_03154,dep_hour_share_other_4,0.0014851635195344468,0.0,0.14851635195344468,1655
kreis_03154,dep_hour_share_other_5,0.00257630406449853,0.009020004278,-0.644370021350147,1655
kreis_03154,dep_hour_share_other_6,0.01545782438699118,0.01720896226,-0.17511378730088178,1655
kreis_03154,dep_hour_share_other_7,0.06271027187585246,0.04298486993,1.9725401945852457,1655
kreis_03154,dep_hour_share_other_8,0.08607886521383323,0.07866410799,0.7414757223833237,1655
kreis_03154,dep_hour_share_other_9,0.09762676931470311,0.1248393656,-2.721259628529689,1655
kreis_03154,dep_hour_share_shop_10,0.12580088713652046,0.1601016876,-3.4300800463479524,1655
kreis_03154,dep_hour_share_shop_11,0.0959421718416297,0.08107734514,1.4864826701629696,1655
kreis_03154,dep_hour_share_shop_12,0.07561195991457204,0.07510487905,0.050708086457203205,1655
kreis_03154,dep_hour_share_shop_13,0.05856743880400854,0.06445719671,-0.5889757905991457,1655
kreis_03154,dep_hour_share_shop_14,0.0724494825036964,0.09063636929,-1.8186886786303604,1655
kreis_03154,dep_hour_share_shop_15,0.09799572860193856,0.09567766789,0.23180607119385604,1655
kreis_03154,dep_hour_share_shop_16,0.08666009528503368,0.122642756,-3.5982660714966324,1655
kreis_03154,dep_hour_share_shop_17,0.06476918022014129,0.06407174735,0.06974328701412902,1655
kreis_03154,dep_hour_share_shop_18,0.03996221455561032,0.03957267966,0.038953489561031895,1655
kreis_03154,dep_hour_share_shop_19,0.015730244783965827,0.01306296914,0.2667275643965827,1655
kreis_03154,dep_hour_share_shop_20,0.004189255791030064,0.0008375024452,0.33517533458300636,1655
kreis_03154,dep_hour_share_shop_21,0.0013964185970100215,0.008402424389,-0.7006005791989978,1655
kreis_03154,dep_hour_share_shop_22,0.0006571381632988336,0.0,0.06571381632988336,1655
kreis_03154,dep_hour_share_shop_23,0.000410711352061771,0.0,0.0410711352061771,1655
kreis_03154,dep_hour_share_shop_4,0.0001642845408247084,0.0,0.01642845408247084,1655
kreis_03154,dep_hour_share_shop_5,0.001191062920979136,0.0,0.1191062920979136,1655
kreis_03154,dep_hour_share_shop_6,0.009980285855101035,0.01202395152,-0.2043665664898964,1655
kreis_03154,dep_hour_share_shop_7,0.03774437325447676,0.03905452015,-0.1310146895523244,1655
kreis_03154,dep_hour_share_shop_8,0.08140298997864301,0.05067274122,3.0730248758643013,1655
kreis_03154,dep_hour_share_shop_9,0.12715623459832429,0.0826035624,4.455267219832429,1655
kreis_03154,dep_hour_share_work_10,0.034263231235826114,0.02821033718,0.6052894055826115,1655
kreis_03154,dep_hour_share_work_11,0.028825924205579386,0.03649074971,-0.7664825504420613,1655
kreis_03154,dep_hour_share_work_12,0.030875160523511573,0.0691151671,-3.824000657648843,1655
kreis_03154,dep_hour_share_work_13,0.04021967813328233,0.0547943844,-1.4574706266717667,1655
kreis_03154,dep_hour_share_work_14,0.020191808519358454,0.01071592853,0.9475879989358454,1655
kreis_03154,dep_hour_share_work_15,0.020765594688379463,0.00778838231,1.2977212378379464,1655
kreis_03154,dep_hour_share_work_16,0.01202218639853548,0.007751212765,0.4270973633535479,1655
kreis_03154,dep_hour_share_work_17,0.008114975819011449,0.001631617885,0.6483357934011449,1655
kreis_03154,dep_hour_share_work_18,0.004289734692204705,0.0004865293025,0.38032053897047047,1655
kreis_03154,dep_hour_share_work_19,0.0031694855050684446,0.0,0.31694855050684445,1655
kreis_03154,dep_hour_share_work_20,0.00423508839039318,0.0211683322,-1.693324380960682,1655
kreis_03154,dep_hour_share_work_21,0.004890844012131479,0.01350213162,-0.8611287607868522,1655
kreis_03154,dep_hour_share_work_22,0.00038252411268067433,0.0002381207411,0.014440337158067433,1655
kreis_03154,dep_hour_share_work_23,0.0007650482253613487,0.0,0.07650482253613487,1655
kreis_03154,dep_hour_share_work_4,0.028006229678406516,0.02197396525,0.6032264428406514,1655
kreis_03154,dep_hour_share_work_5,0.12358261154676357,0.08869688724,3.488572430676358,1655
kreis_03154,dep_hour_share_work_6,0.21929560916964944,0.1780825382,4.1213070969649435,1655
kreis_03154,dep_hour_share_work_7,0.2341594032623842,0.3047986337,-7.063923043761577,1655
kreis_03154,dep_hour_share_work_8,0.12418372086669034,0.1070376473,1.7146073566690345,1655
kreis_03154,dep_hour_share_work_9,0.04628541763436159,0.0328678353,1.341758233436159,1655
kreis_03154,mean_work_activity_h,5.665855025702724,6.355170737,-0.6893157112972759,1655
kreis_03154,mobility_rate,0.8812672480406226,0.8853807328,-0.41134847593773394,1655
kreis_03154,n_persons_unweighted,90590.0,1655.0,88935.0,1655
kreis_03154,n_persons_weighted,90590.0,53201.87853,37388.12147,1655
kreis_03154,n_work_activities_measured,36572.0,607.0,35965.0,1655
kreis_03154,nonhome_acts_per_mobile,2.1367587744569985,2.168146457,-0.03138768254300173,1655
kreis_03154,participation_education,0.15349376310851087,0.1646213971,-1.1127633991489139,1655
kreis_03154,participation_escort,0.10597196158516392,0.1120577532,-0.6085791614836078,1655
kreis_03154,participation_home,0.8812672480406226,0.8813261165,-0.0058868459377414695,1655
kreis_03154,participation_leisure,0.3792802737609008,0.4028828553,-2.360258153909922,1655
kreis_03154,participation_other,0.2667733745446517,0.1857332409,8.104013364465171,1655
kreis_03154,participation_shop,0.2256098907164146,0.3066367986,-8.102690788358538,1655
kreis_03154,participation_work,0.3175736836295397,0.3378720359,-2.0298352270460285,1655
kreis_03154,purpose_share_education,0.060904083622927624,0.05299640443,0.7907679192927626,1655
kreis_03154,purpose_share_escort,0.051141436479265966,0.04975880244,0.1382634039265966,1655
kreis_03154,purpose_share_home,0.4142205678337431,0.4269593928,-1.273882496625689,1655
kreis_03154,purpose_share_leisure,0.1511510514676593,0.1623001646,-1.1149113132340682,1655
kreis_03154,purpose_share_other,0.1132954685933272,0.06896078783,4.433468076332721,1655
kreis_03154,purpose_share_shop,0.08360919192890402,0.1179408427,-3.4331650771095985,1655
kreis_03154,purpose_share_work,0.12567820007417277,0.1210836052,0.45945948741727693,1655
kreis_03154,share_mobile_first_from_home,1.0,0.971415874,2.8584126000000043,1655
kreis_03154,share_mobile_last_to_home,1.0,0.9801030915,1.9896908500000032,1655
kreis_03154,share_mobile_odd_trip_count,0.29954655911015354,0.2300324463,6.951411281015354,1655
kreis_03154,share_trips_0,0.11873275195937741,0.1146192672,0.4113484759377409,1655
kreis_03154,share_trips_1,0.0009824483938624573,0.006954517034,-0.5972068640137542,1655
kreis_03154,share_trips_2,0.3318688596975384,0.3244294419,0.7439417797538372,1655
kreis_03154,share_trips_3,0.13162600728557236,0.08928156568,4.234444160557237,1655
kreis_03154,share_trips_4,0.19595981896456563,0.2406872514,-4.472743243543436,1655
kreis_03154,share_trips_5,0.09295728005298598,0.05731961394,3.563766611298598,1655
kreis_03154,share_trips_6,0.061728667623357984,0.08067286089,-1.894419326664202,1655
kreis_03154,share_trips_7,0.026305331714317252,0.04067560957,-1.4370277855682747,1655
kreis_03154,share_trips_8plus,0.03983883430842256,0.04535987238,-0.5521038071577438,1655
kreis_03154,share_trips_followed_by_same_purpose,0.10802782852354985,0.04074375061,6.728407791354984,1655
kreis_03154,share_trips_home_based,0.8044002307597214,0.8514306391,-4.703040834027861,1655
kreis_03154,share_trips_unknown_purpose,0.0,0.0002245328896,-0.02245328896,1655
kreis_03154,share_work_activities_lt_2h,0.20409056108498305,0.1041750996,9.991546148498305,1655
kreis_03154,tours_per_mobile,1.510960242503194,1.614803253,-0.103843010496806,1655
kreis_03154,trips_per_mobile_person,3.6477190169601923,3.78294971,-0.13523069303980773,1655
kreis_03154,trips_per_person,3.2146152997019537,3.349350787,-0.1347354872980464,1655
kreis_03154,trips_per_person_education,0.19578319902859034,0.1774636935,0.018319505528590352,1655
kreis_03154,trips_per_person_escort,0.164400044154984,0.1666222635,-0.0022222193450160133,1655
kreis_03154,trips_per_person_home,1.3315597748095815,1.429715688,-0.09815591319041839,1655
kreis_03154,trips_per_person_leisure,0.48589248261397505,0.5434781279,-0.057585645286025,1655
kreis_03154,trips_per_person_other,0.3642013467270118,0.2309220077,0.13327933902701183,1655
kreis_03154,trips_per_person_shop,0.268771387570372,0.394936558,-0.126165170429628,1655
kreis_03154,trips_per_person_work,0.40400706479743903,0.4054604087,-0.0014533439025609662,1655
kreis_03157,dep_hour_share_all_10,0.04436419971589995,0.05040664724,-0.6042447524100047,2301
kreis_03157,dep_hour_share_all_11,0.04594789660229211,0.04791158955,-0.19636929477078943,2301
kreis_03157,dep_hour_share_all_12,0.05939208105585922,0.06730605092,-0.791396986414078,2301
kreis_03157,dep_hour_share_all_13,0.06863452689066746,0.07105049827,-0.24159713793325405,2301
kreis_03157,dep_hour_share_all_14,0.07491874646598844,0.07151439576,0.3404350705988435,2301
kreis_03157,dep_hour_share_all_15,0.08924557185478718,0.09135650668,-0.21109348252128235,2301
kreis_03157,dep_hour_share_all_16,0.08870541399077825,0.09790233586,-0.9196921869221747,2301
kreis_03157,dep_hour_share_all_17,0.07709087064253502,0.09156566576,-1.447479511746498,2301
kreis_03157,dep_hour_share_all_18,0.0609206128837994,0.06794690332,-0.7026290436200601,2301
kreis_03157,dep_hour_share_all_19,0.03958782507159965,0.03182552229,0.7762302781599651,2301
kreis_03157,dep_hour_share_all_20,0.028026148237706237,0.02120330303,0.6822845207706238,2301
kreis_03157,dep_hour_share_all_21,0.017712580851288795,0.0145336647,0.3178916151288794,2301
kreis_03157,dep_hour_share_all_22,0.013917684538613242,0.01135253815,0.25651463886132414,2301
kreis_03157,dep_hour_share_all_23,0.00664738954346317,0.0009784164261,0.5668973117363171,2301
kreis_03157,dep_hour_share_all_4,0.0039649885762358126,0.002440058689,0.15249298872358125,2301
kreis_03157,dep_hour_share_all_5,0.01773556629231045,0.01403795215,0.3697614142310452,2301
kreis_03157,dep_hour_share_all_6,0.050407072160493546,0.03448410281,1.5922969350493545,2301
kreis_03157,dep_hour_share_all_7,0.09567000262034028,0.113090005,-1.742000237965971,2301
kreis_03157,dep_hour_share_all_8,0.05851403720883193,0.05639258685,0.21214503588319264,2301
kreis_03157,dep_hour_share_all_9,0.0476166396204644,0.04168325467,0.5933384950464394,2301
kreis_03157,dep_hour_share_education_10,0.017220172201722016,0.009375466,0.7844706201722016,2301
kreis_03157,dep_hour_share_education_11,0.024943505249005977,0.01515107299,0.9792432259005976,2301
kreis_03157,dep_hour_share_education_12,0.028747961898223633,0.01130645617,1.7441505728223634,2301
kreis_03157,dep_hour_share_education_13,0.03458336908950485,0.01753060144,1.705276764950485,2301
kreis_03157,dep_hour_share_education_14,0.026059097800280328,0.01131181449,1.4747283310280328,2301
kreis_03157,dep_hour_share_education_15,0.03426871478017106,0.008302381617,2.5966333163171056,2301
kreis_03157,dep_hour_share_education_16,0.01865041906233016,0.01153476899,0.7115650072330161,2301
kreis_03157,dep_hour_share_education_17,0.008695900912497497,0.01531026961,-0.6614368697502503,2301
kreis_03157,dep_hour_share_education_18,0.006722160244858263,0.006235166339,0.04869939058582623,2301
kreis_03157,dep_hour_share_education_19,0.008123802168254242,0.0,0.8123802168254242,2301
kreis_03157,dep_hour_share_education_20,0.0004290740581824423,0.001051387468,-0.06223134098175577,2301
kreis_03157,dep_hour_share_education_21,0.00034325924654595385,0.003428040294,-0.3084781047454046,2301
kreis_03157,dep_hour_share_education_22,5.720987442432564e-05,0.0,0.005720987442432564,2301
kreis_03157,dep_hour_share_education_23,5.720987442432564e-05,0.0,0.005720987442432564,2301
kreis_03157,dep_hour_share_education_4,0.000629308618667582,0.0,0.0629308618667582,2301
kreis_03157,dep_hour_share_education_5,0.004691209702794703,0.0,0.46912097027947025,2301
kreis_03157,dep_hour_share_education_6,0.1839583512114191,0.08624550358,9.77128476314191,2301
kreis_03157,dep_hour_share_education_7,0.46031064961812407,0.6836874772,-22.337682758187594,2301
kreis_03157,dep_hour_share_education_8,0.10744014416888355,0.1016171904,0.5822953768883545,2301
kreis_03157,dep_hour_share_education_9,0.03309591235447238,0.01791240341,1.5183508944472381,2301
kreis_03157,dep_hour_share_escort_10,0.01389319056678908,0.01643404262,-0.2540852053210918,2301
kreis_03157,dep_hour_share_escort_11,0.03159152249900447,0.0275608171,0.4030705399004467,2301
kreis_03157,dep_hour_share_escort_12,0.06251935755055087,0.05907865898,0.34406985705508697,2301
kreis_03157,dep_hour_share_escort_13,0.07477545241361001,0.1144842184,-3.970876598638999,2301
kreis_03157,dep_hour_share_escort_14,0.14039201805229856,0.1086685359,3.172348215229856,2301
kreis_03157,dep_hour_share_escort_15,0.11247289942922879,0.1051370628,0.7335836629228792,2301
kreis_03157,dep_hour_share_escort_16,0.07760718552276448,0.05356769621,2.4039489312764477,2301
kreis_03157,dep_hour_share_escort_17,0.057165612141055706,0.06544904216,-0.8283430018944292,2301
kreis_03157,dep_hour_share_escort_18,0.04318392991460555,0.02445403048,1.8729899434605548,2301
kreis_03157,dep_hour_share_escort_19,0.015751515419671697,0.01603934988,-0.028783446032830395,2301
kreis_03157,dep_hour_share_escort_20,0.0064598911552586165,0.004554857828,0.19050333272586165,2301
kreis_03157,dep_hour_share_escort_21,0.0059731870271226934,0.005955909995,0.0017277032122693832,2301
kreis_03157,dep_hour_share_escort_22,0.0032741914074598468,0.01087793846,-0.7603747052540154,2301
kreis_03157,dep_hour_share_escort_23,0.0020353081722047695,0.0,0.20353081722047695,2301
kreis_03157,dep_hour_share_escort_4,0.0005309499579664617,0.001677280153,-0.11463301950335385,2301
kreis_03157,dep_hour_share_escort_5,0.002522012300340693,0.0,0.2522012300340693,2301
kreis_03157,dep_hour_share_escort_6,0.04079465510375647,0.02231280512,1.8481849983756466,2301
kreis_03157,dep_hour_share_escort_7,0.1813636564753772,0.2606590118,-7.929535532462281,2301
kreis_03157,dep_hour_share_escort_8,0.08981903455599309,0.09204885515,-0.22298205940069066,2301
kreis_03157,dep_hour_share_escort_9,0.03252068492544578,0.01103988698,2.1480797945445778,2301
kreis_03157,dep_hour_share_home_10,0.03405603514891926,0.03864134031,-0.4585305161080744,2301
kreis_03157,dep_hour_share_home_11,0.048252489347139736,0.04567262629,0.2579863057139739,2301
kreis_03157,dep_hour_share_home_12,0.0752986112644338,0.08891004988,-1.3611438615566198,2301
kreis_03157,dep_hour_share_home_13,0.08644823703442032,0.09304391983,-0.6595682795579677,2301
kreis_03157,dep_hour_share_home_14,0.08693948292230587,0.07927661311,0.7662869812305864,2301
kreis_03157,dep_hour_share_home_15,0.10806305610138432,0.113888281,-0.5825224898615672,2301
kreis_03157,dep_hour_share_home_16,0.10786434989954298,0.1149899722,-0.7125622300457018,2301
kreis_03157,dep_hour_share_home_17,0.09948005210518182,0.120698359,-2.1218306894818184,2301
kreis_03157,dep_hour_share_home_18,0.08645927626785596,0.09434014163,-0.7880865362144038,2301
kreis_03157,dep_hour_share_home_19,0.05869560417724593,0.04379358737,1.4902016807245935,2301
kreis_03157,dep_hour_share_home_20,0.05245843728611485,0.03840670697,1.4051730316114848,2301
kreis_03157,dep_hour_share_home_21,0.033553750027598084,0.0246708772,0.8882872827598084,2301
kreis_03157,dep_hour_share_home_22,0.027476652021283642,0.02339576701,0.40808850112836437,2301
kreis_03157,dep_hour_share_home_23,0.014097101097299803,0.002119216066,1.1977885031299804,2301
kreis_03157,dep_hour_share_home_4,4.415693374252092e-05,0.0003567160325,-0.03125590987574791,2301
kreis_03157,dep_hour_share_home_5,0.0008500209745435277,0.003148970236,-0.22989492614564722,2301
kreis_03157,dep_hour_share_home_6,0.002307199788046718,0.004829271289,-0.2522071500953282,2301
kreis_03157,dep_hour_share_home_7,0.011607753957565187,0.01461149749,-0.3003743532434813,2301
kreis_03157,dep_hour_share_home_8,0.02008036561941139,0.02807630003,-0.7995934410588611,2301
kreis_03157,dep_hour_share_home_9,0.0279347802088623,0.02642496843,0.15098117788622972,2301
kreis_03157,dep_hour_share_leisure_10,0.041140985052528785,0.04986634595,-0.8725360897471217,2301
kreis_03157,dep_hour_share_leisure_11,0.03438390902361039,0.04112018317,-0.6736274146389609,2301
kreis_03157,dep_hour_share_leisure_12,0.04574020696498606,0.04638918938,-0.06489824150139392,2301
kreis_03157,dep_hour_share_leisure_13,0.059427617382538704,0.06298794176,-0.35603243774612947,2301
kreis_03157,dep_hour_share_leisure_14,0.08774748381609412,0.07585839861,1.188908520609412,2301
kreis_03157,dep_hour_share_leisure_15,0.11063333805856132,0.1178422143,-0.7208876241438678,2301
kreis_03157,dep_hour_share_leisure_16,0.14482823796248168,0.1507206765,-0.5892438537518335,2301
kreis_03157,dep_hour_share_leisure_17,0.13008552662665973,0.1236744464,0.6411080226659732,2301
kreis_03157,dep_hour_share_leisure_18,0.09693017688103452,0.1100027136,-1.307253671896548,2301
kreis_03157,dep_hour_share_leisure_19,0.061144450219723104,0.06592465554,-0.4780205320276898,2301
kreis_03157,dep_hour_share_leisure_20,0.02387815212083983,0.01873725732,0.5140894800839833,2301
kreis_03157,dep_hour_share_leisure_21,0.012789617099025027,0.01198286858,0.08067485190250273,2301
kreis_03157,dep_hour_share_leisure_22,0.01049000614279639,0.004309228184,0.6180777958796391,2301
kreis_03157,dep_hour_share_leisure_23,0.0016695805572618878,0.0004180202683,0.1251560288961888,2301
kreis_03157,dep_hour_share_leisure_4,0.0002677629195608688,0.0,0.02677629195608688,2301
kreis_03157,dep_hour_share_leisure_5,0.0027091307155570257,0.00504694818,-0.23378174644429744,2301
kreis_03157,dep_hour_share_leisure_6,0.016664304052670543,0.0113036418,0.5360662252670543,2301
kreis_03157,dep_hour_share_leisure_7,0.02578399407771425,0.02065448715,0.5129506927714248,2301
kreis_03157,dep_hour_share_leisure_8,0.042117532170927244,0.03447851003,0.7639022140927244,2301
kreis_03157,dep_hour_share_leisure_9,0.047850808801524675,0.04677948641,0.10713223915246733,2301
kreis_03157,dep_hour_share_other_10,0.08401937046004843,0.1521518314,-6.813246093995157,2301
kreis_03157,dep_hour_share_other_11,0.075280651551838,0.1007628704,-2.5482218848162,2301
kreis_03157,dep_hour_share_other_12,0.06429672022892362,0.06561377344,-0.13170532110763772,2301
kreis_03157,dep_hour_share_other_13,0.07996918335901387,0.04204706984,3.7922113519013876,2301
kreis_03157,dep_hour_share_other_14,0.0761831388950033,0.1123311418,-3.6148002904996703,2301
kreis_03157,dep_hour_share_other_15,0.09057891261281092,0.07287010809,1.7708804522810928,2301
kreis_03157,dep_hour_share_other_16,0.08432753686990975,0.1080794917,-2.3751954830090254,2301
kreis_03157,dep_hour_share_other_17,0.06491305304864627,0.0736993369,-0.8786283851353729,2301
kreis_03157,dep_hour_share_other_18,0.0413383226942549,0.01983697873,2.15013439642549,2301
kreis_03157,dep_hour_share_other_19,0.033259960378604445,0.006493111688,2.6766848690604443,2301
kreis_03157,dep_hour_share_other_20,0.01347127448822364,0.003512883071,0.995839141722364,2301
kreis_03157,dep_hour_share_other_21,0.009244992295839754,0.001318428024,0.7926564271839754,2301
kreis_03157,dep_hour_share_other_22,0.005348888399735858,0.0,0.5348888399735857,2301
kreis_03157,dep_hour_share_other_23,0.0029055690072639223,0.0,0.29055690072639223,2301
kreis_03157,dep_hour_share_other_4,0.001430772617213295,0.0,0.1430772617213295,2301
kreis_03157,dep_hour_share_other_5,0.0037640325775918997,0.0,0.37640325775919,2301
kreis_03157,dep_hour_share_other_6,0.017983711204050186,0.006424926355,1.1558784849050188,2301
kreis_03157,dep_hour_share_other_7,0.0637244111820383,0.04588633064,1.7838080542038295,2301
kreis_03157,dep_hour_share_other_8,0.08850979528945631,0.101739951,-1.3230155710543687,2301
kreis_03157,dep_hour_share_other_9,0.09060092449922959,0.08723176686,0.33691576392295836,2301
kreis_03157,dep_hour_share_shop_10,0.13001378887697257,0.09878747672,3.1226312156972567,2301
kreis_03157,dep_hour_share_shop_11,0.08417343343036617,0.08513403848,-0.09606050496338281,2301
kreis_03157,dep_hour_share_shop_12,0.07133445687145702,0.1066141196,-3.527966272854298,2301
kreis_03157,dep_hour_share_shop_13,0.05834227056840815,0.05232446615,0.601780441840815,2301
kreis_03157,dep_hour_share_shop_14,0.07734027884173433,0.08709761272,-0.9757333878265662,2301
kreis_03157,dep_hour_share_shop_15,0.10323272560134825,0.1078695233,-0.46367976986517595,2301
kreis_03157,dep_hour_share_shop_16,0.09137429140493335,0.1170282527,-2.5653961295066656,2301
kreis_03157,dep_hour_share_shop_17,0.07032327256013482,0.08633566781,-1.6012395249865183,2301
kreis_03157,dep_hour_share_shop_18,0.04213267963842501,0.04407355299,-0.1940873351574994,2301
kreis_03157,dep_hour_share_shop_19,0.012256779531178184,0.007665948329,0.4590831202178184,2301
kreis_03157,dep_hour_share_shop_20,0.0034012563199019457,0.006720398303,-0.3319141983098054,2301
kreis_03157,dep_hour_share_shop_21,0.001685307185537,0.0,0.1685307185537,2301
kreis_03157,dep_hour_share_shop_22,0.0010418262601501456,0.0,0.10418262601501456,2301
kreis_03157,dep_hour_share_shop_23,0.00036770338593534546,0.0,0.03677033859353455,2301
kreis_03157,dep_hour_share_shop_4,0.00018385169296767273,0.0,0.018385169296767274,2301
kreis_03157,dep_hour_share_shop_5,0.0012256779531178183,0.0,0.12256779531178183,2301
kreis_03157,dep_hour_share_shop_6,0.011950360042898728,0.004202694124,0.7747665918898727,2301
kreis_03157,dep_hour_share_shop_7,0.04302129615443542,0.02758049166,1.5440804494435423,2301
kreis_03157,dep_hour_share_shop_8,0.07688064960931515,0.05805903282,1.8821616789315148,2301
kreis_03157,dep_hour_share_shop_9,0.11671518308564424,0.1105067242,0.6208458885644239,2301
kreis_03157,dep_hour_share_work_10,0.02817132841597897,0.03349005889,-0.5318730474021032,2301
kreis_03157,dep_hour_share_work_11,0.023953845030307456,0.03219821615,-0.8244371119692544,2301
kreis_03157,dep_hour_share_work_12,0.02968670123420726,0.02400403544,0.5682665794207259,2301
kreis_03157,dep_hour_share_work_13,0.036314175125976775,0.04438396933,-0.8069794204023227,2301
kreis_03157,dep_hour_share_work_14,0.021963777112393192,0.01752233201,0.44414451023931933,2301
kreis_03157,dep_hour_share_work_15,0.018275761337909882,0.01002949914,0.8246262197909882,2301
kreis_03157,dep_hour_share_work_16,0.011611772438472213,0.01039100778,0.12207646584722134,2301
kreis_03157,dep_hour_share_work_17,0.007613379098809611,0.0112437194,-0.3630340301190389,2301
kreis_03157,dep_hour_share_work_18,0.004053165851164829,0.01378795032,-0.9734784468835171,2301
kreis_03157,dep_hour_share_work_19,0.0028481705981158257,0.0,0.28481705981158256,2301
kreis_03157,dep_hour_share_work_20,0.005276418608047908,0.002694522053,0.2581896555047908,2301
kreis_03157,dep_hour_share_work_21,0.0035236982399766306,0.01089474319,-0.7371044950023369,2301
kreis_03157,dep_hour_share_work_22,0.0010589352223763966,0.0,0.10589352223763966,2301
kreis_03157,dep_hour_share_work_23,0.0007303001533630323,0.0,0.07303001533630323,2301
kreis_03157,dep_hour_share_work_4,0.02912071861535091,0.01818388768,1.093683093535091,2301
kreis_03157,dep_hour_share_work_5,0.12703571167749944,0.09817122256,2.8864489117499446,2301
kreis_03157,dep_hour_share_work_6,0.21715475060249761,0.1898237086,2.733104200249761,2301
kreis_03157,dep_hour_share_work_7,0.24450449134594318,0.3243751272,-7.987063585405682,2301
kreis_03157,dep_hour_share_work_8,0.12468049368290367,0.119425894,0.5254599682903662,2301
kreis_03157,dep_hour_share_work_9,0.05112101073541225,0.03607658411,1.5044426625412257,2301
kreis_03157,mean_work_activity_h,5.744889688643686,6.415477383,-0.670587694356314,2301
kreis_03157,mobility_rate,0.8715172206633307,0.8776162117,-0.6098991036669332,2301
kreis_03157,n_persons_unweighted,136493.0,2301.0,134192.0,2301
kreis_03157,n_persons_weighted,136493.0,97480.23477,39012.765230000005,2301
kreis_03157,n_work_activities_measured,54739.0,871.0,53868.0,2301
kreis_03157,nonhome_acts_per_mobile,2.134284945694206,2.155588382,-0.021303436305793788,2301
kreis_03157,participation_education,0.19784164755701758,0.2031831127,-0.5341465142982421,2301
kreis_03157,participation_escort,0.10481856212406497,0.1136576613,-0.8839099175935033,2301
kreis_03157,participation_home,0.8715172206633307,0.8696161353,0.1901085363330668,2301
kreis_03157,participation_leisure,0.3675060259500487,0.3978208076,-3.0314781649951272,2301
kreis_03157,participation_other,0.24395390239792517,0.1779252072,6.602869519792518,2301
kreis_03157,participation_shop,0.20348296249624523,0.248194199,-4.471123650375477,2301
kreis_03157,participation_work,0.32067578557142123,0.338148811,-1.747302542857876,2301
kreis_03157,purpose_share_education,0.0803548032676103,0.06415113977,1.6203663497610292,2301
kreis_03157,purpose_share_escort,0.05194939525304672,0.05521754869,-0.32681534369532816,2301
kreis_03157,purpose_share_home,0.41643183207756207,0.430629673,-1.419784092243792,2301
kreis_03157,purpose_share_leisure,0.14593226650239738,0.1663083762,-2.037610969760262,2301
kreis_03157,purpose_share_other,0.10442285856138722,0.07017784179,3.4245016771387222,2301
kreis_03157,purpose_share_shop,0.07501298677417724,0.09305182129,-1.8038834515822764,2301
kreis_03157,purpose_share_work,0.12589585756381907,0.1204635993,0.5432258263819073,2301
kreis_03157,share_mobile_first_from_home,1.0,0.9810117436,1.8988256400000014,2301
kreis_03157,share_mobile_last_to_home,1.0,0.9814461412,1.8553858800000045,2301
kreis_03157,share_mobile_odd_trip_count,0.28163354517636774,0.2207371556,6.089638957636772,2301
kreis_03157,share_trips_0,0.12848277933666927,0.1223837883,0.6098991036669263,2301
kreis_03157,share_trips_1,0.0009744089440484128,0.009442857772,-0.8468448827951586,2301
kreis_03157,share_trips_2,0.34625951513997055,0.3357661784,1.049333673997055,2301
kreis_03157,share_trips_3,0.11525865795315511,0.07125844409,4.400021386315512,2301
kreis_03157,share_trips_4,0.1803975295436396,0.2276460504,-4.724852085636039,2301
kreis_03157,share_trips_5,0.09135267010029818,0.06761912467,2.373354543029818,2301
kreis_03157,share_trips_6,0.06835515374414805,0.08731203675,-1.8956883005851952,2301
kreis_03157,share_trips_7,0.027723033415633036,0.02862739546,-0.09043620443669638,2301
kreis_03157,share_trips_8plus,0.04119625182243778,0.04994412415,-0.8747872327562217,2301
kreis_03157,share_trips_followed_by_same_purpose,0.09985105434217967,0.04319098711,5.666006723217967,2301
kreis_03157,share_trips_home_based,0.8110068082876306,0.8605857712,-4.95789629123694,2301
kreis_03157,share_trips_unknown_purpose,0.0,0.0006487918246,-0.06487918245999999,2301
kreis_03157,share_work_activities_lt_2h,0.192075120115457,0.1186540761,7.342104401545699,2301
kreis_03157,tours_per_mobile,1.5230169138168734,1.628471052,-0.10545413818312666,2301
kreis_03157,trips_per_mobile_person,3.6573018595110796,3.784059434,-0.12675757448892044,2301
kreis_03157,trips_per_person,3.1874015517279273,3.320951906,-0.13355035427207262,2301
kreis_03157,trips_per_person_education,0.2561230246239734,0.2129046294,0.043218395223973416,2301
kreis_03157,trips_per_person_escort,0.16558358304088855,0.1832558514,-0.017672268359111454,2301
kreis_03157,trips_per_person_home,1.327335467752925,1.429172596,-0.10183712824707492,2301
kreis_03157,trips_per_person_leisure,0.46514473269691486,0.5519437897,-0.08679905700308516,2301
kreis_03157,trips_per_person_other,0.3328375814144315,0.2329060318,0.09993154961443149,2301
kreis_03157,trips_per_person_shop,0.239096510443759,0.3088201332,-0.069723622756241,2301
kreis_03157,trips_per_person_work,0.4012806517550351,0.3997942681,0.0014863836550350618,2301
kreis_03158,dep_hour_share_all_10,0.04522887959952521,0.05515405448,-0.9925174880474792,1772
kreis_03158,dep_hour_share_all_11,0.04856788976621768,0.05128257631,-0.27146865437823187,1772
kreis_03158,dep_hour_share_all_12,0.05993187799969035,0.05721300189,0.2718876109690356,1772
kreis_03158,dep_hour_share_all_13,0.0654848531764463,0.07577047958,-1.0285626403553696,1772
kreis_03158,dep_hour_share_all_14,0.0726789492697528,0.06910079288,0.35781563897527985,1772
kreis_03158,dep_hour_share_all_15,0.08805800691541518,0.0945681824,-0.6510175484584824,1772
kreis_03158,dep_hour_share_all_16,0.09023842700108375,0.09813400199,-0.7895574988916243,1772
kreis_03158,dep_hour_share_all_17,0.07774423285338287,0.07468157096,0.3062661893382876,1772
kreis_03158,dep_hour_share_all_18,0.06436754915621613,0.06272519837,0.16423507862161346,1772
kreis_03158,dep_hour_share_all_19,0.04012230995510141,0.0362048663,0.391744365510141,1772
kreis_03158,dep_hour_share_all_20,0.0270888166382825,0.02188639743,0.5202419208282503,1772
kreis_03158,dep_hour_share_all_21,0.01963152190741601,0.01357014316,0.6061378747416011,1772
kreis_03158,dep_hour_share_all_22,0.013854053775094183,0.006890193345,0.6963860430094183,1772
kreis_03158,dep_hour_share_all_23,0.006987665789337875,0.004613050967,0.23746148223378755,1772
kreis_03158,dep_hour_share_all_4,0.0039350776694018685,0.003629293392,0.030578427740186834,1772
kreis_03158,dep_hour_share_all_5,0.01628993136192393,0.01126620152,0.502372984192393,1772
kreis_03158,dep_hour_share_all_6,0.049920008257212156,0.0406541143,0.9265893957212155,1772
kreis_03158,dep_hour_share_all_7,0.08953398358879083,0.1039640148,-1.443003121120917,1772
kreis_03158,dep_hour_share_all_8,0.05817464003715746,0.06412901048,-0.595437044284254,1772
kreis_03158,dep_hour_share_all_9,0.0509960262166486,0.05243075416,-0.14347279433514007,1772
kreis_03158,dep_hour_share_education_10,0.01818469949685036,0.002660874358,1.5523825138850362,1772
kreis_03158,dep_hour_share_education_11,0.033794223683689235,0.00987711508,2.391710860368924,1772
kreis_03158,dep_hour_share_education_12,0.023255813953488372,0.00972202424,1.3533789713488371,1772
kreis_03158,dep_hour_share_education_13,0.025355572283190048,0.03807245213,-1.271687984680995,1772
kreis_03158,dep_hour_share_education_14,0.02155223644071154,0.009916532512,1.1635703928711538,1772
kreis_03158,dep_hour_share_education_15,0.03498276613446377,0.02757460069,0.7408165444463772,1772
kreis_03158,dep_hour_share_education_16,0.015332197614991482,0.01405167733,0.1280520284991482,1772
kreis_03158,dep_hour_share_education_17,0.00871597797234658,0.004867861149,0.38481168233465796,1772
kreis_03158,dep_hour_share_education_18,0.004239134741095836,0.0,0.4239134741095836,1772
kreis_03158,dep_hour_share_education_19,0.00685392813279981,0.0,0.685392813279981,1772
kreis_03158,dep_hour_share_education_20,0.0004754169803098134,0.0,0.04754169803098134,1772
kreis_03158,dep_hour_share_education_21,7.92361633849689e-05,0.0,0.00792361633849689,1772
kreis_03158,dep_hour_share_education_22,3.961808169248445e-05,0.0,0.003961808169248445,1772
kreis_03158,dep_hour_share_education_23,0.0001584723267699378,0.0,0.01584723267699378,1772
kreis_03158,dep_hour_share_education_4,0.00035656273523236007,0.0,0.035656273523236005,1772
kreis_03158,dep_hour_share_education_5,0.002733647636781427,0.0,0.2733647636781427,1772
kreis_03158,dep_hour_share_education_6,0.17812289528941008,0.08214585943,9.597703585941009,1772
kreis_03158,dep_hour_share_education_7,0.47078166475179273,0.6373170409,-16.653537614820724,1772
kreis_03158,dep_hour_share_education_8,0.11722990372806148,0.110496553,0.6733350728061485,1772
kreis_03158,dep_hour_share_education_9,0.03640901707539321,0.05329740919,-1.6888392114606792,1772
kreis_03158,dep_hour_share_escort_10,0.016155654479067673,0.02741296507,-1.1257310590932328,1772
kreis_03158,dep_hour_share_escort_11,0.034312009203221125,0.02080495752,1.3507051683221125,1772
kreis_03158,dep_hour_share_escort_12,0.052668433951883156,0.05321798475,-0.054955079811684626,1772
kreis_03158,dep_hour_share_escort_13,0.07367578652528385,0.09225923392,-1.8583447394716153,1772
kreis_03158,dep_hour_share_escort_14,0.14209973490721753,0.102593244,3.950649090721753,1772
kreis_03158,dep_hour_share_escort_15,0.12829490321612563,0.1687602819,-4.046537868387437,1772
kreis_03158,dep_hour_share_escort_16,0.09808432951533036,0.04451623652,5.356809299533036,1772
kreis_03158,dep_hour_share_escort_17,0.05767018456459761,0.03453654203,2.313364253459761,1772
kreis_03158,dep_hour_share_escort_18,0.03691291952183264,0.03517520488,0.1737714641832644,1772
kreis_03158,dep_hour_share_escort_19,0.0191066873405692,0.007376827986,1.1729859354569199,1772
kreis_03158,dep_hour_share_escort_20,0.006152153253638774,0.002614832101,0.3537321152638774,1772
kreis_03158,dep_hour_share_escort_21,0.0091031861151403,0.0,0.9103186115140299,1772
kreis_03158,dep_hour_share_escort_22,0.001800630220577202,0.001096139809,0.07044904115772022,1772
kreis_03158,dep_hour_share_escort_23,0.001200420147051468,0.0,0.1200420147051468,1772
kreis_03158,dep_hour_share_escort_4,0.0015505426899414796,0.0,0.15505426899414795,1772
kreis_03158,dep_hour_share_escort_5,0.001500525183814335,0.0,0.1500525183814335,1772
kreis_03158,dep_hour_share_escort_6,0.042414845195818535,0.03150092254,1.0913922655818538,1772
kreis_03158,dep_hour_share_escort_7,0.1687090481668584,0.2425382786,-7.38292304331416,1772
kreis_03158,dep_hour_share_escort_8,0.07812734457059971,0.1043624275,-2.6235082929400284,1772
kreis_03158,dep_hour_share_escort_9,0.02710948832091232,0.03123392086,-0.4124432539087681,1772
kreis_03158,dep_hour_share_home_10,0.03274289114212758,0.04367232834,-1.092943719787242,1772
kreis_03158,dep_hour_share_home_11,0.04854723950715224,0.05756872897,-0.9021489462847754,1772
kreis_03158,dep_hour_share_home_12,0.07494979795225228,0.07114544741,0.3804350542252269,1772
kreis_03158,dep_hour_share_home_13,0.08240573171034038,0.08939421248,-0.698848076965962,1772
kreis_03158,dep_hour_share_home_14,0.08141408632273099,0.08751906609,-0.6104979767269009,1772
kreis_03158,dep_hour_share_home_15,0.10487269752336564,0.1153993244,-1.052662687663436,1772
kreis_03158,dep_hour_share_home_16,0.11269430051813471,0.1205004999,-0.7806199381865289,1772
kreis_03158,dep_hour_share_home_17,0.10129037856062673,0.0867880434,1.4502335160626725,1772
kreis_03158,dep_hour_share_home_18,0.09213005429258497,0.09740646199,-0.5276407697415025,1772
kreis_03158,dep_hour_share_home_19,0.06107296030939336,0.05202318318,0.9049777129393359,1772
kreis_03158,dep_hour_share_home_20,0.04999132310285842,0.03821740242,1.1773920682858423,1772
kreis_03158,dep_hour_share_home_21,0.03780648040260803,0.02671837785,1.1088102552608028,1772
kreis_03158,dep_hour_share_home_22,0.02792721322854947,0.01568993182,1.2237281408549472,1772
kreis_03158,dep_hour_share_home_23,0.014694945087636661,0.00638792609,0.830701899763666,1772
kreis_03158,dep_hour_share_home_4,4.338448570791085e-05,0.0007734310221,-0.07300465363920891,1772
kreis_03158,dep_hour_share_home_5,0.0007003495549991323,0.00563800055,-0.49376509950008685,1772
kreis_03158,dep_hour_share_home_6,0.0015804348365024668,0.007895271508,-0.6314836671497533,1772
kreis_03158,dep_hour_share_home_7,0.009197510970077101,0.01212239825,-0.29248872799228987,1772
kreis_03158,dep_hour_share_home_8,0.017279420879093635,0.03462856587,-1.7349144990906367,1772
kreis_03158,dep_hour_share_home_9,0.03067902917916553,0.02767257553,0.30064536491655297,1772
kreis_03158,dep_hour_share_leisure_10,0.04611081032304638,0.04393411535,0.21766949730463864,1772
kreis_03158,dep_hour_share_leisure_11,0.0301931059375564,0.03413978358,-0.3946677642443601,1772
kreis_03158,dep_hour_share_leisure_12,0.040931239848402814,0.0515817975,-1.0650557651597183,1772
kreis_03158,dep_hour_share_leisure_13,0.048673524634542505,0.06887164928,-2.01981246454575,1772
kreis_03158,dep_hour_share_leisure_14,0.08191662154845696,0.05625050905,2.566611249845695,1772
kreis_03158,dep_hour_share_leisure_15,0.10628045479155387,0.1167850565,-1.0504601708446124,1772
kreis_03158,dep_hour_share_leisure_16,0.14143656379714853,0.1247820193,1.6654544497148525,1772
kreis_03158,dep_hour_share_leisure_17,0.1378451543042772,0.1476739585,-0.9828804195722796,1772
kreis_03158,dep_hour_share_leisure_18,0.10693015701136979,0.0844457048,2.24844522113698,1772
kreis_03158,dep_hour_share_leisure_19,0.06044035372676412,0.06485958293,-0.4419229203235883,1772
kreis_03158,dep_hour_share_leisure_20,0.02454430608193467,0.0308634367,-0.6319130618065331,1772
kreis_03158,dep_hour_share_leisure_21,0.013192564519039884,0.01105487573,0.21376887890398844,1772
kreis_03158,dep_hour_share_leisure_22,0.010196715394333153,0.0005575326329,0.9639182761433154,1772
kreis_03158,dep_hour_share_leisure_23,0.0018227756722613247,0.003073118089,-0.12503424167386754,1772
kreis_03158,dep_hour_share_leisure_4,0.00028875654214040785,0.004135896466,-0.3847139923859592,1772
kreis_03158,dep_hour_share_leisure_5,0.003031943692474283,0.005569946358,-0.25380026655257176,1772
kreis_03158,dep_hour_share_leisure_6,0.018390182277567228,0.01499059211,0.33995901675672285,1772
kreis_03158,dep_hour_share_leisure_7,0.024490164230283343,0.02605144068,-0.15612764497166565,1772
kreis_03158,dep_hour_share_leisure_8,0.0448475004511821,0.05167739811,-0.6829897658817905,1772
kreis_03158,dep_hour_share_leisure_9,0.05307706190218372,0.05842583073,-0.5348768827816285,1772
kreis_03158,dep_hour_share_other_10,0.0874442166204318,0.1599726669,-7.252845027956821,1772
kreis_03158,dep_hour_share_other_11,0.08534555542154143,0.07557085747,0.9774697951541428,1772
kreis_03158,dep_hour_share_other_12,0.06686768785429985,0.03858206384,2.828562401429985,1772
kreis_03158,dep_hour_share_other_13,0.07892895911229043,0.07530674409,0.36222150222904315,1772
kreis_03158,dep_hour_share_other_14,0.0865275600048245,0.08053868999,0.598887001482451,1772
kreis_03158,dep_hour_share_other_15,0.08843324086358702,0.0852189803,0.3214260563587021,1772
kreis_03158,dep_hour_share_other_16,0.08971173561693402,0.09817349272,-0.8461757103065987,1772
kreis_03158,dep_hour_share_other_17,0.06047521408756483,0.04801915574,1.245605834756483,1772
kreis_03158,dep_hour_share_other_18,0.03977807260885297,0.01484022095,2.4937851658852974,1772
kreis_03158,dep_hour_share_other_19,0.02868170305150163,0.0009990018478,2.768270120370163,1772
kreis_03158,dep_hour_share_other_20,0.01261608973585816,0.000445981966,1.2170107769858158,1772
kreis_03158,dep_hour_share_other_21,0.007309130382342299,0.003042066317,0.42670640653422987,1772
kreis_03158,dep_hour_share_other_22,0.004197322397780726,0.0,0.41973223977807256,1772
kreis_03158,dep_hour_share_other_23,0.004100832227716802,0.0,0.41008322277168013,1772
kreis_03158,dep_hour_share_other_4,0.0015438427210227959,0.0,0.1543842721022796,1772
kreis_03158,dep_hour_share_other_5,0.0012784947533470029,0.002421446838,-0.11429520846529971,1772
kreis_03158,dep_hour_share_other_6,0.01896031841756121,0.01059897521,0.8361343207561212,1772
kreis_03158,dep_hour_share_other_7,0.062139669521167534,0.07230242952,-1.016275999883247,1772
kreis_03158,dep_hour_share_other_8,0.07666144011578821,0.1147094796,-3.8048039484211786,1772
kreis_03158,dep_hour_share_other_9,0.09316125919671933,0.1192577466,-2.6096487403280673,1772
kreis_03158,dep_hour_share_shop_10,0.11443628233791121,0.1219647016,-0.752841926208879,1772
kreis_03158,dep_hour_share_shop_11,0.09131267965506228,0.1097824358,-1.846975614493772,1772
kreis_03158,dep_hour_share_shop_12,0.08789524113701692,0.06949173784,1.8403503297016925,1772
kreis_03158,dep_hour_share_shop_13,0.06071542638134781,0.08454214989,-2.382672350865219,1772
kreis_03158,dep_hour_share_shop_14,0.07655701053976366,0.06957981999,0.6977190549763659,1772
kreis_03158,dep_hour_share_shop_15,0.10328968380709039,0.07121066525,3.207901855709039,1772
kreis_03158,dep_hour_share_shop_16,0.07486426061961035,0.1397555875,-6.489132688038965,1772
kreis_03158,dep_hour_share_shop_17,0.059565633982753115,0.07355867656,-1.399304257724688,1772
kreis_03158,dep_hour_share_shop_18,0.043979559246247205,0.04277831041,0.12012488362472054,1772
kreis_03158,dep_hour_share_shop_19,0.015138933248163526,0.03085819852,-1.5719265271836473,1772
kreis_03158,dep_hour_share_shop_20,0.004407537527946343,0.006191894785,-0.17843572570536564,1772
kreis_03158,dep_hour_share_shop_21,0.0022037687639731717,0.0,0.22037687639731718,1772
kreis_03158,dep_hour_share_shop_22,0.0014691791759821144,0.0,0.14691791759821143,1772
kreis_03158,dep_hour_share_shop_23,0.0005110188438198659,0.0,0.05110188438198659,1772
kreis_03158,dep_hour_share_shop_4,6.387735547748324e-05,0.0,0.0063877355477483235,1772
kreis_03158,dep_hour_share_shop_5,0.0005429575215586074,0.0,0.054295752155860744,1772
kreis_03158,dep_hour_share_shop_6,0.011753433407856916,0.008862747522,0.2890685885856916,1772
kreis_03158,dep_hour_share_shop_7,0.0422868093260939,0.03514281976,0.7143989566093898,1772
kreis_03158,dep_hour_share_shop_8,0.08831044394762057,0.0437058696,4.4604574347620565,1772
kreis_03158,dep_hour_share_shop_9,0.11903545193229001,0.0925743851,2.6461066832290006,1772
kreis_03158,dep_hour_share_work_10,0.03220733948430366,0.02641494861,0.5792390874303662,1772
kreis_03158,dep_hour_share_work_11,0.026144781463728853,0.01660022885,0.9544552613728854,1772
kreis_03158,dep_hour_share_work_12,0.032226284978117956,0.04021213059,-0.7985845611882043,1772
kreis_03158,dep_hour_share_work_13,0.03976659151620787,0.04043885205,-0.06722605337921295,1772
kreis_03158,dep_hour_share_work_14,0.021256844059640415,0.025826721,-0.45698769403595857,1772
kreis_03158,dep_hour_share_work_15,0.01833923801223879,0.01949787229,-0.11586342777612085,1772
kreis_03158,dep_hour_share_work_16,0.010230566659719985,0.01095984865,-0.07292819902800143,1772
kreis_03158,dep_hour_share_work_17,0.007635034007161397,0.006489062176,0.11459718311613976,1772
kreis_03158,dep_hour_share_work_18,0.005380520243260141,0.004155481623,0.12250386202601413,1772
kreis_03158,dep_hour_share_work_19,0.0024250232082299226,0.0,0.24250232082299225,1772
kreis_03158,dep_hour_share_work_20,0.00522895629274577,0.0006980929976,0.453086329514577,1772
kreis_03158,dep_hour_share_work_21,0.004186954132959476,0.003611585871,0.05753682619594755,1772
kreis_03158,dep_hour_share_work_22,0.0007767652463861471,0.001434930602,-0.0658165355613853,1772
kreis_03158,dep_hour_share_work_23,0.00041680086391451793,0.012066013,-1.1649212136085483,1772
kreis_03158,dep_hour_share_work_4,0.02644790936475759,0.02201327391,0.44346354547575917,1772
kreis_03158,dep_hour_share_work_5,0.11107743023321903,0.06533262306,4.5744807173219035,1772
kreis_03158,dep_hour_share_work_6,0.219275145406665,0.2199542112,-0.06790657933349875,1772
kreis_03158,dep_hour_share_work_7,0.24062671693537693,0.2789355718,-3.830885486462307,1772
kreis_03158,dep_hour_share_work_8,0.128980921887729,0.1334530624,-0.4472140512270989,1772
kreis_03158,dep_hour_share_work_9,0.053464183543944076,0.0644253084,-1.096112485605593,1772
kreis_03158,mean_work_activity_h,5.762618018427937,6.272497235,-0.5098792165720631,1772
kreis_03158,mobility_rate,0.8952088159149748,0.8999432719,-0.4734455985025199,1772
kreis_03158,n_persons_unweighted,117424.0,1772.0,115652.0,1772
kreis_03158,n_persons_weighted,117424.0,64264.52461,53159.47539,1772
kreis_03158,n_work_activities_measured,52746.0,685.0,52061.0,1772
kreis_03158,nonhome_acts_per_mobile,2.1517708501793207,2.19084171,-0.03907085982067926,1772
kreis_03158,participation_education,0.16938615615206432,0.1866579743,-1.7271818147935685,1772
kreis_03158,participation_escort,0.11500204387518735,0.1209140597,-0.5912015824812655,1772
kreis_03158,participation_home,0.8952088159149748,0.8906256438,0.45831721149748317,1772
kreis_03158,participation_leisure,0.3783809102057501,0.4031622418,-2.478133159424989,1772
kreis_03158,participation_other,0.253849298269519,0.1897957781,6.405352016951901,1772
kreis_03158,participation_shop,0.2229867829404551,0.3143879926,-9.140120965954491,1772
kreis_03158,participation_work,0.3597560975609756,0.3492180894,1.053800816097561,1772
kreis_03158,purpose_share_education,0.06513134128090003,0.05991894387,0.5212397410900037,1772
kreis_03158,purpose_share_escort,0.05158951334055839,0.05721124417,-0.5621730829441611,1772
kreis_03158,purpose_share_home,0.41633895855911646,0.4209777963,-0.4638837740883528,1772
kreis_03158,purpose_share_leisure,0.14297878928626723,0.1581563002,-1.5177510913732761,1772
kreis_03158,purpose_share_other,0.10696960313774062,0.06567131097,4.129829216774063,1772
kreis_03158,purpose_share_shop,0.08079166021571967,0.1180479127,-3.7256252484280328,1772
kreis_03158,purpose_share_work,0.1362001341796976,0.1200164918,1.6183642379697591,1772
kreis_03158,share_mobile_first_from_home,1.0,0.981267738,1.8732262,1772
kreis_03158,share_mobile_last_to_home,1.0,0.9794394822,2.056051780000001,1772
kreis_03158,share_mobile_odd_trip_count,0.2891009237150277,0.2337599305,5.534099321502772,1772
kreis_03158,share_trips_0,0.1047911840850252,0.1000567281,0.4734455985025199,1772
kreis_03158,share_trips_1,0.0008516146613980107,0.005360486637,-0.4508871975601989,1772
kreis_03158,share_trips_2,0.322778988963074,0.3164537342,0.6325254763073995,1772
kreis_03158,share_trips_3,0.13071433437798066,0.09360532283,3.7109011547980657,1772
kreis_03158,share_trips_4,0.21641231775446246,0.257266248,-4.085393024553752,1772
kreis_03158,share_trips_5,0.08931734568742336,0.07888228038,1.0435065307423357,1772
kreis_03158,share_trips_6,0.06663884725439433,0.07932012509,-1.2681277835605673,1772
kreis_03158,share_trips_7,0.029355157378389427,0.01882300867,1.0532148708389428,1772
kreis_03158,share_trips_8plus,0.03914020983785257,0.05023206605,-1.1091856212147435,1772
kreis_03158,share_trips_followed_by_same_purpose,0.10231976054084739,0.04154866765,6.0771092890847385,1772
kreis_03158,share_trips_home_based,0.808440419053517,0.8419643411,-3.3523922046482912,1772
kreis_03158,share_trips_unknown_purpose,0.0,0.0005637387882,-0.05637387882,1772
kreis_03158,share_work_activities_lt_2h,0.19195768399499488,0.1171743165,7.478336749499488,1772
kreis_03158,tours_per_mobile,1.5349080565834912,1.59130017,-0.05639211341650885,1772
kreis_03158,trips_per_mobile_person,3.6866789067628116,3.782141881,-0.09546297423718819,1772
kreis_03158,trips_per_person,3.30034745878185,3.403713139,-0.10336568021814996,1772
kreis_03158,trips_per_person_education,0.21495605668347187,0.2038319237,0.011124132983471868,1772
kreis_03158,trips_per_person_escort,0.17026331925330426,0.1946208862,-0.024357566946695747,1772
kreis_03158,trips_per_person_home,1.3740632238724622,1.432079882,-0.05801665812753787,1772
kreis_03158,trips_per_person_leisure,0.47187968388063767,0.5380152058,-0.06613552191936228,1772
kreis_03158,trips_per_person_other,0.3530368578825453,0.2234002935,0.12963656438254528,1772
kreis_03158,trips_per_person_shop,0.26664055048371715,0.4015747206,-0.13493417011628284,1772
kreis_03158,trips_per_person_work,0.44950776672571197,0.4082714219,0.04123634482571198,1772
sex_female,dep_hour_share_all_10,0.0493878503188992,0.05564390134,-0.62560510211008,8624
sex_female,dep_hour_share_all_11,0.05141776406588548,0.06150041106,-1.0082646994114521,8624
sex_female,dep_hour_share_all_12,0.06260793840396504,0.06404882651,-0.144088810603496,8624
sex_female,dep_hour_share_all_13,0.06901828876561214,0.07936019488,-1.0341906114387858,8624
sex_female,dep_hour_share_all_14,0.07787442870508114,0.07819771704,-0.032328833491886144,8624
sex_female,dep_hour_share_all_15,0.09077390766945871,0.09580112016,-0.5027212490541291,8624
sex_female,dep_hour_share_all_16,0.08924536551882495,0.0890369148,0.020845071882494293,8624
sex_female,dep_hour_share_all_17,0.07634588655444736,0.07761570694,-0.12698203855526363,8624
sex_female,dep_hour_share_all_18,0.06148000498318176,0.05914231058,0.233769440318176,8624
sex_female,dep_hour_share_all_19,0.03988011050938377,0.03458839858,0.5291711929383769,8624
sex_female,dep_hour_share_all_20,0.027127195714463686,0.02032991122,0.6797284494463686,8624
sex_female,dep_hour_share_all_21,0.01700877186554203,0.01418941975,0.281935211554203,8624
sex_female,dep_hour_share_all_22,0.013005127303194855,0.008862348845,0.4142778458194855,8624
sex_female,dep_hour_share_all_23,0.005321500719385798,0.002854619479,0.24668812403857981,8624
sex_female,dep_hour_share_all_4,0.0031896027378186856,0.002381063838,0.08085388998186858,8624
sex_female,dep_hour_share_all_5,0.010341323523304925,0.007581775505,0.2759548018304925,8624
sex_female,dep_hour_share_all_6,0.04220864875163969,0.02739186806,1.4816780691639688,8624
sex_female,dep_hour_share_all_7,0.09133268356551541,0.1021297677,-1.079708413448459,8624
sex_female,dep_hour_share_all_8,0.06159359221451132,0.06774667538,-0.6153083165488675,8624
sex_female,dep_hour_share_all_9,0.05228004992952706,0.0500818887,0.2198161229527061,8624
sex_female,dep_hour_share_education_10,0.01530694021477801,0.008213915878,0.709302433677801,8624
sex_female,dep_hour_share_education_11,0.027096578867696033,0.02787163858,-0.07750597123039674,8624
sex_female,dep_hour_share_education_12,0.026749300991968088,0.02119910342,0.5550197571968087,8624
sex_female,dep_hour_share_education_13,0.03652650887784723,0.0328745111,0.3651997777847228,8624
sex_female,dep_hour_share_education_14,0.02794251215472565,0.01569082492,1.2251687234725652,8624
sex_female,dep_hour_share_education_15,0.03667788641342096,0.02240920996,1.4268676453420959,8624
sex_female,dep_hour_share_education_16,0.015111039874623783,0.02274942859,-0.7638388715376216,8624
sex_female,dep_hour_share_education_17,0.007355167316699614,0.01516501824,-0.7809850923300385,8624
sex_female,dep_hour_share_education_18,0.0072215989029580955,0.005676726778,0.15448721249580952,8624
sex_female,dep_hour_share_education_19,0.005173549892254813,0.0007242699645,0.4449279927754813,8624
sex_female,dep_hour_share_education_20,0.000863742408861819,0.0002856230944,0.0578119314461819,8624
sex_female,dep_hour_share_education_21,0.0005431782158821748,0.0,0.054317821588217484,8624
sex_female,dep_hour_share_education_22,0.00024042314473473312,0.0,0.02404231447347331,8624
sex_female,dep_hour_share_education_23,0.0001691866574059233,0.0,0.01691866574059233,8624
sex_female,dep_hour_share_education_4,5.342736549660736e-05,0.0,0.005342736549660736,8624
sex_female,dep_hour_share_education_5,0.001495966233905006,0.0,0.14959662339050062,8624
sex_female,dep_hour_share_education_6,0.16802015992591404,0.07116294589,9.685721403591405,8624
sex_female,dep_hour_share_education_7,0.4514523338854161,0.594652672,-14.320033811458394,8624
sex_female,dep_hour_share_education_8,0.1328382397463981,0.1222619995,1.0576240246398112,8624
sex_female,dep_hour_share_education_9,0.03887731295969796,0.03906211208,-0.01847991203020455,8624
sex_female,dep_hour_share_escort_10,0.018168327545163187,0.01053875373,0.7629573815163188,8624
sex_female,dep_hour_share_escort_11,0.034100394694807135,0.03089559536,0.32047993348071346,8624
sex_female,dep_hour_share_escort_12,0.06306872636210929,0.05254428009,1.0524446272109294,8624
sex_female,dep_hour_share_escort_13,0.07691911332790585,0.108682214,-3.176310067209415,8624
sex_female,dep_hour_share_escort_14,0.15588899079732474,0.1333373884,2.255160239732473,8624
sex_female,dep_hour_share_escort_15,0.14140997763739604,0.1274622677,1.3947709937396051,8624
sex_female,dep_hour_share_escort_16,0.08810041530550203,0.0594227688,2.8677646505502032,8624
sex_female,dep_hour_share_escort_17,0.051279408885270564,0.04881485254,0.24645563452705618,8624
sex_female,dep_hour_share_escort_18,0.03014314127600812,0.02443591942,0.570722185600812,8624
sex_female,dep_hour_share_escort_19,0.013994661830023599,0.0104643206,0.35303412300235987,8624
sex_female,dep_hour_share_escort_20,0.0028236651998722138,0.006126904052,-0.3303238852127786,8624
sex_female,dep_hour_share_escort_21,0.005812215958861053,0.003275618222,0.25365977368610526,8624
sex_female,dep_hour_share_escort_22,0.001112977524037223,0.01838105251,-1.7268074985962774,8624
sex_female,dep_hour_share_escort_23,0.0009068705751414409,0.0,0.09068705751414409,8624
sex_female,dep_hour_share_escort_4,0.0017003823283902016,0.0,0.17003823283902017,8624
sex_female,dep_hour_share_escort_5,0.0008553438379174954,0.001275581831,-0.042023799308250454,8624
sex_female,dep_hour_share_escort_6,0.044395436792151445,0.01181001373,3.2585423062151446,8624
sex_female,dep_hour_share_escort_7,0.16248441316198975,0.2281949606,-6.5710547438010245,8624
sex_female,dep_hour_share_escort_8,0.0788565186475262,0.1081020967,-2.92455780524738,8624
sex_female,dep_hour_share_escort_9,0.025608788400300918,0.01605629947,0.9552488930300918,8624
sex_female,dep_hour_share_home_10,0.03834816515991415,0.04346140692,-0.5113241760085853,8624
sex_female,dep_hour_share_home_11,0.0524075877277622,0.06333577174,-1.0928184012237803,8624
sex_female,dep_hour_share_home_12,0.08026863749994476,0.07737263605,0.28960014499447573,8624
sex_female,dep_hour_share_home_13,0.08556596394105767,0.102654936,-1.708897205894233,8624
sex_female,dep_hour_share_home_14,0.08532142662481051,0.0830329687,0.22884579248105136,8624
sex_female,dep_hour_share_home_15,0.10242578071484444,0.1051328312,-0.2707050485155557,8624
sex_female,dep_hour_share_home_16,0.10557088414970987,0.1089339521,-0.3363067950290122,8624
sex_female,dep_hour_share_home_17,0.10221365195858186,0.1036690702,-0.14554182414181493,8624
sex_female,dep_hour_share_home_18,0.08617288788258673,0.08693458957,-0.07617016874132687,8624
sex_female,dep_hour_share_home_19,0.060550974982064805,0.04783156201,1.2719412972064803,8624
sex_female,dep_hour_share_home_20,0.051831599229854766,0.03854229042,1.3289308809854767,8624
sex_female,dep_hour_share_home_21,0.0335384402349326,0.02753753849,0.6000901744932597,8624
sex_female,dep_hour_share_home_22,0.02543188088970336,0.01598826247,0.944361841970336,8624
sex_female,dep_hour_share_home_23,0.01134299599459661,0.004993073923,0.634992207159661,8624
sex_female,dep_hour_share_home_4,3.9774141799234866e-05,0.001321228949,-0.1281454807200765,8624
sex_female,dep_hour_share_home_5,0.0005877734288109153,0.001950612328,-0.13628388991890847,8624
sex_female,dep_hour_share_home_6,0.00174564289007753,0.003638594392,-0.189295150192247,8624
sex_female,dep_hour_share_home_7,0.011253135896457597,0.01810501158,-0.6851875683542403,8624
sex_female,dep_hour_share_home_8,0.02143826242978759,0.03431543392,-1.287717149021241,8624
sex_female,dep_hour_share_home_9,0.030125229622013073,0.02927977372,0.08454559020130738,8624
sex_female,dep_hour_share_leisure_10,0.04803135810417117,0.05462172484,-0.6590366735828829,8624
sex_female,dep_hour_share_leisure_11,0.03991883401311205,0.04628751124,-0.6368677226887949,8624
sex_female,dep_hour_share_leisure_12,0.040517799880206824,0.05635633875,-1.5838538869793175,8624
sex_female,dep_hour_share_leisure_13,0.055149680347807664,0.05718385016,-0.20341698121923366,8624
sex_female,dep_hour_share_leisure_14,0.08271840862510849,0.08216268994,0.055571868510848055,8624
sex_female,dep_hour_share_leisure_15,0.11377091796612379,0.1272720321,-1.3501114133876198,8624
sex_female,dep_hour_share_leisure_16,0.13680869356172812,0.1253701822,1.1438511361728105,8624
sex_female,dep_hour_share_leisure_17,0.12258834746539649,0.1043263832,1.8261964265396489,8624
sex_female,dep_hour_share_leisure_18,0.1049208916849684,0.09469715799,1.0223733694968402,8624
sex_female,dep_hour_share_leisure_19,0.05621315035673103,0.07038338344,-1.4170233083268973,8624
sex_female,dep_hour_share_leisure_20,0.02004702085786581,0.01967476721,0.03722536478658091,8624
sex_female,dep_hour_share_leisure_21,0.010871026757883328,0.01002472552,0.08463012378833283,8624
sex_female,dep_hour_share_leisure_22,0.0112377405540638,0.003390172062,0.7847568492063799,8624
sex_female,dep_hour_share_leisure_23,0.0023225207091429898,0.001180154656,0.11423660531429897,8624
sex_female,dep_hour_share_leisure_4,0.00014261092073685025,0.003847666622,-0.370505570126315,8624
sex_female,dep_hour_share_leisure_5,0.0022288049612302027,0.003703411029,-0.14746060677697975,8624
sex_female,dep_hour_share_leisure_6,0.016718074508094188,0.01338753767,0.3330536838094188,8624
sex_female,dep_hour_share_leisure_7,0.023058148584281016,0.02613416417,-0.3076015585718985,8624
sex_female,dep_hour_share_leisure_8,0.0510873064056751,0.05113362981,-0.004632340432490084,8624
sex_female,dep_hour_share_leisure_9,0.05834823957004845,0.04835303897,0.9995200600048451,8624
sex_female,dep_hour_share_other_10,0.08922116689280868,0.1348110701,-4.558990320719134,8624
sex_female,dep_hour_share_other_11,0.07744369063772048,0.09772038499,-2.0276694352279523,8624
sex_female,dep_hour_share_other_12,0.06668113975576662,0.05525924419,1.1421895565766615,8624
sex_female,dep_hour_share_other_13,0.08342469470827679,0.05908030142,2.434439328827679,8624
sex_female,dep_hour_share_other_14,0.09460515603799186,0.1076915263,-1.3086370262008151,8624
sex_female,dep_hour_share_other_15,0.0895685210312076,0.1050887751,-1.55202540687924,8624
sex_female,dep_hour_share_other_16,0.09049118046132971,0.08102901566,0.946216480132972,8624
sex_female,dep_hour_share_other_17,0.05562008141112619,0.04118342128,1.443666013112619,8624
sex_female,dep_hour_share_other_18,0.03653731343283582,0.01589284632,2.0644467112835816,8624
sex_female,dep_hour_share_other_19,0.028819538670284937,0.006578379822,2.224115884828494,8624
sex_female,dep_hour_share_other_20,0.014344640434192674,0.001954714752,1.2389925682192673,8624
sex_female,dep_hour_share_other_21,0.005970149253731343,0.004889097142,0.10810521117313437,8624
sex_female,dep_hour_share_other_22,0.003289009497964722,0.0004631535536,0.2825855944364722,8624
sex_female,dep_hour_share_other_23,0.0014708276797829037,0.003863407744,-0.23925800642170966,8624
sex_female,dep_hour_share_other_4,0.00040705563093622793,0.0,0.04070556309362279,8624
sex_female,dep_hour_share_other_5,0.0021655359565807327,0.0002735779155,0.18919580410807327,8624
sex_female,dep_hour_share_other_6,0.013563093622795116,0.008011336304,0.5551757318795116,8624
sex_female,dep_hour_share_other_7,0.06109090909090909,0.04816898193,1.2921927160909092,8624
sex_female,dep_hour_share_other_8,0.08487924016282225,0.1128097471,-2.793050693717775,8624
sex_female,dep_hour_share_other_9,0.0943717774762551,0.1124933919,-1.812161442374491,8624
sex_female,dep_hour_share_shop_10,0.12633115459010147,0.1198761026,0.6455051990101462,8624
sex_female,dep_hour_share_shop_11,0.09181641032278476,0.1169865793,-2.5170168977215246,8624
sex_female,dep_hour_share_shop_12,0.08034025785390196,0.08148095497,-0.11406971160980439,8624
sex_female,dep_hour_share_shop_13,0.06488771922255539,0.07697954792,-1.2091828697444615,8624
sex_female,dep_hour_share_shop_14,0.07721235915467639,0.08357843987,-0.6366080715323602,8624
sex_female,dep_hour_share_shop_15,0.10193354473614197,0.1067689247,-0.4835379963858036,8624
sex_female,dep_hour_share_shop_16,0.09116206829605022,0.09405065551,-0.28885872139497726,8624
sex_female,dep_hour_share_shop_17,0.06027856274852413,0.07863250604,-1.8353943291475863,8624
sex_female,dep_hour_share_shop_18,0.038793134442119494,0.03048188095,0.8311253492119492,8624
sex_female,dep_hour_share_shop_19,0.017638472434943302,0.01367381603,0.39646564049433014,8624
sex_female,dep_hour_share_shop_20,0.004055482451409712,0.002363004895,0.16924775564097116,8624
sex_female,dep_hour_share_shop_21,0.0035952858611788224,0.003738169523,-0.014288366182117762,8624
sex_female,dep_hour_share_shop_22,0.0034514744267316695,0.0,0.34514744267316694,8624
sex_female,dep_hour_share_shop_23,0.000323575727506094,0.0005031517551,-0.0179576027593906,8624
sex_female,dep_hour_share_shop_4,2.8762286889430577e-05,0.0,0.0028762286889430578,8624
sex_female,dep_hour_share_shop_5,0.0007909628894593409,5.093025792e-05,0.07400326315393409,8624
sex_female,dep_hour_share_shop_6,0.007895247751148695,0.002861893683,0.5033354068148694,8624
sex_female,dep_hour_share_shop_7,0.03040173724212812,0.02719172955,0.32100076921281195,8624
sex_female,dep_hour_share_shop_8,0.07588210338604022,0.05326576952,2.261633386604022,8624
sex_female,dep_hour_share_shop_9,0.12090227293972143,0.1075159429,1.3386330039721437,8624
sex_female,dep_hour_share_work_10,0.030804243820324265,0.03373468881,-0.2930444989675738,8624
sex_female,dep_hour_share_work_11,0.030089926464073713,0.03023797949,-0.014805302592628758,8624
sex_female,dep_hour_share_work_12,0.030483077877203862,0.04202972644,-1.1546648562796136,8624
sex_female,dep_hour_share_work_13,0.030106538495614423,0.05076409518,-2.065755668438558,8624
sex_female,dep_hour_share_work_14,0.01587002746522548,0.03357446312,-1.770443565477452,8624
sex_female,dep_hour_share_work_15,0.014790245415079294,0.01710203597,-0.2311790554920704,8624
sex_female,dep_hour_share_work_16,0.0072096216886683795,0.009453428221,-0.22438065323316198,8624
sex_female,dep_hour_share_work_17,0.006157526357756711,0.007894201755,-0.17366753972432886,8624
sex_female,dep_hour_share_work_18,0.0031230619296535836,0.005078452465,-0.19553905353464165,8624
sex_female,dep_hour_share_work_19,0.003887215380526269,0.0009776666542,0.2909548726326269,8624
sex_female,dep_hour_share_work_20,0.0040865597590147955,0.00161763673,0.24689230290147954,8624
sex_female,dep_hour_share_work_21,0.0010631700186054752,0.0005407050794,0.052246493920547525,8624
sex_female,dep_hour_share_work_22,0.0002934792238858864,0.0007736066358,-0.048012741191411364,8624
sex_female,dep_hour_share_work_23,0.00011628422078497387,0.002223033248,-0.2106749027215026,8624
sex_female,dep_hour_share_work_4,0.027193895632143174,0.01076494928,1.6428946352143177,8624
sex_female,dep_hour_share_work_5,0.08432267210064676,0.05501916658,2.9303505520646755,8624
sex_female,dep_hour_share_work_6,0.20518627624700983,0.1623264436,4.285983264700982,8624
sex_female,dep_hour_share_work_7,0.30073314432533005,0.3213769541,-2.0643809774669952,8624
sex_female,dep_hour_share_work_8,0.13847235757951626,0.156185806,-1.771344842048375,8624
sex_female,dep_hour_share_work_9,0.05418844688579782,0.05463405374,-0.04456068542021824,8624
sex_female,mean_work_activity_h,5.834929847068646,5.932515233,-0.09758538593135402,8624
sex_female,mobility_rate,0.8671150315003008,0.8858528143,-1.8737782799699176,8624
sex_female,n_persons_unweighted,505392.0,8624.0,496768.0,8624
sex_female,n_persons_weighted,505392.0,376018.7203,129373.27970000001,8624
sex_female,n_work_activities_measured,180059.0,3205.0,176854.0,8624
sex_female,nonhome_acts_per_mobile,2.1875919887365853,2.269292474,-0.08170048526341445,8624
sex_female,participation_education,0.17439927818406306,0.1810997131,-0.6700434915936943,8624
sex_female,participation_escort,0.12119701142875233,0.1175161876,0.36808238287523304,8624
sex_female,participation_home,0.8671150315003008,0.8777680269,-1.0652995399699217,8624
sex_female,participation_leisure,0.3758468673821509,0.412354051,-3.6507183617849104,8624
sex_female,participation_other,0.25939666635008074,0.1943179568,6.507870955008074,8624
sex_female,participation_shop,0.236378890049704,0.3162064107,-7.9827520650296,8624
sex_female,participation_work,0.3086673314971349,0.3256859883,-1.7018656802865129,8624
sex_female,purpose_share_education,0.06858103899339728,0.05882261065,0.9758428343397275,8624
sex_female,purpose_share_escort,0.05925894713186134,0.05769020517,0.1568741961861339,8624
sex_female,purpose_share_home,0.4145524785222423,0.4194158484,-0.4863369877757706,8624
sex_female,purpose_share_leisure,0.14987590900319267,0.1676425636,-1.7766654596807319,8624
sex_female,purpose_share_other,0.11251853426059598,0.0703652878,4.215324646059599,8624
sex_female,purpose_share_shop,0.08492844004426238,0.1163822848,-3.145384475573762,8624
sex_female,purpose_share_work,0.11028465204444803,0.1096811996,0.06034524444480244,8624
sex_female,share_mobile_first_from_home,1.0,0.9872184025,1.2781597499999964,8624
sex_female,share_mobile_last_to_home,1.0,0.9845448816,1.5455118400000023,8624
sex_female,share_mobile_odd_trip_count,0.3050386438264576,0.2421011955,6.2937448326457615,8624
sex_female,share_trips_0,0.13288496849969925,0.1141471857,1.8737782799699245,8624
sex_female,share_trips_1,0.0005520467280843385,0.005225076301,-0.4673029572915661,8624
sex_female,share_trips_2,0.31629309526070853,0.3094634722,0.6829623060708556,8624
sex_female,share_trips_3,0.13370809193655617,0.08961462323,4.409346870655617,8624
sex_female,share_trips_4,0.18184498369582422,0.2340715411,-5.222655740417578,8624
sex_female,share_trips_5,0.08593329534302087,0.06853785521,1.739544013302087,8624
sex_female,share_trips_6,0.07260304872257574,0.08609442694,-1.3491378217424257,8624
sex_female,share_trips_7,0.03270926330452401,0.03363881891,-0.09295556054759874,8624
sex_female,share_trips_8plus,0.04347120650900687,0.05920700041,-1.5735793900993131,8624
sex_female,share_trips_followed_by_same_purpose,0.09224870962462474,0.04767013261,4.457857701462474,8624
sex_female,share_trips_home_based,0.808167044069403,0.8387695823,-3.0602538230597,8624
sex_female,share_trips_unknown_purpose,0.0,0.0008899970183,-0.08899970183,8624
sex_female,share_work_activities_lt_2h,0.14768492549664278,0.09601990244,5.166502305664277,8624
sex_female,tours_per_mobile,1.5490230083083656,1.636832751,-0.08780974269163444,8624
sex_female,trips_per_mobile_person,3.736614997044951,3.906125225,-0.1695102279550489,8624
sex_female,trips_per_person,3.240075030867129,3.460252024,-0.22017699313287098,8624
sex_female,trips_per_person_education,0.22220771203343148,0.2033599066,0.01884780543343148,8624
sex_female,trips_per_person_escort,0.1920034349574192,0.1994449856,-0.007441550642580813,8624
sex_female,trips_per_person_home,1.343181134643999,1.449992899,-0.10681176435600093,8624
sex_female,trips_per_person_leisure,0.4856091904897584,0.5795692456,-0.09396005511024158,8624
sex_female,trips_per_person_other,0.3645684933675246,0.2432649316,0.1213035617675246,8624
sex_female,trips_per_person_shop,0.27517451799791054,0.4023536238,-0.12717910580208946,8624
sex_female,trips_per_person_work,0.35733054737708553,0.3791868171,-0.02185626972291449,8624
sex_male,dep_hour_share_all_10,0.04156441929560086,0.04834357506,-0.6779155764399136,8611
sex_male,dep_hour_share_all_11,0.04650743900617438,0.05095485764,-0.44474186338256183,8611
sex_male,dep_hour_share_all_12,0.05803654922497016,0.05823432245,-0.01977732250298403,8611
sex_male,dep_hour_share_all_13,0.06269526371349063,0.06452828574,-0.18330220265093677,8611
sex_male,dep_hour_share_all_14,0.0679357683583978,0.06525967651,0.2676091848397802,8611
sex_male,dep_hour_share_all_15,0.08477944065301081,0.08636645508,-0.15870144269891917,8611
sex_male,dep_hour_share_all_16,0.08898941731864402,0.09754007778,-0.8550660461355983,8611
sex_male,dep_hour_share_all_17,0.08018285909381319,0.08951151184,-0.9328652746186814,8611
sex_male,dep_hour_share_all_18,0.06607554611079243,0.06563028858,0.044525753079242836,8611
sex_male,dep_hour_share_all_19,0.04169433360236682,0.04220360217,-0.05092685676331768,8611
sex_male,dep_hour_share_all_20,0.031107259008960948,0.02641174534,0.4695513668960948,8611
sex_male,dep_hour_share_all_21,0.021524352970267824,0.01988387121,0.16404817602678234,8611
sex_male,dep_hour_share_all_22,0.016200376814250156,0.01358920796,0.26111688542501554,8611
sex_male,dep_hour_share_all_23,0.009458012574700726,0.004442027203,0.5015985371700726,8611
sex_male,dep_hour_share_all_4,0.005525437472306914,0.002759885741,0.2765551731306914,8611
sex_male,dep_hour_share_all_5,0.021976228819888564,0.01756621655,0.4410012269888564,8611
sex_male,dep_hour_share_all_6,0.05384477311439111,0.03923958085,1.4605192264391116,8611
sex_male,dep_hour_share_all_7,0.08799780087086517,0.1033327831,-1.5334982229134833,8611
sex_male,dep_hour_share_all_8,0.054174265921406235,0.05924486777,-0.5070601848593765,8611
sex_male,dep_hour_share_all_9,0.045398460358563486,0.04227111085,0.31273495085634845,8611
sex_male,dep_hour_share_education_10,0.022822261328640563,0.0144589015,0.8363359828640563,8611
sex_male,dep_hour_share_education_11,0.03152954978735885,0.007503867829,2.402568195835885,8611
sex_male,dep_hour_share_education_12,0.026286845578530577,0.02208028019,0.4206565388530578,8611
sex_male,dep_hour_share_education_13,0.026598474849684705,0.02356660909,0.30318657596847054,8611
sex_male,dep_hour_share_education_14,0.02088832673412524,0.02053610308,0.03522236541252388,8611
sex_male,dep_hour_share_education_15,0.031107933714620912,0.01296201604,1.8145917674620913,8611
sex_male,dep_hour_share_education_16,0.021694896612406513,0.008798193379,1.2896703233406512,8611
sex_male,dep_hour_share_education_17,0.009651341838979323,0.01248523901,-0.2833897171020677,8611
sex_male,dep_hour_share_education_18,0.0042986508285672385,0.004980407948,-0.06817571194327612,8611
sex_male,dep_hour_share_education_19,0.005233538642029623,0.003070483552,0.2163055090029623,8611
sex_male,dep_hour_share_education_20,0.00013748350197976243,0.0006518887577,-0.051440525572023756,8611
sex_male,dep_hour_share_education_21,6.41589675905558e-05,0.0009383380266,-0.08741790590094442,8611
sex_male,dep_hour_share_education_22,2.7496700395952487e-05,0.0,0.0027496700395952486,8611
sex_male,dep_hour_share_education_23,9.165566798650828e-06,0.0,0.0009165566798650828,8611
sex_male,dep_hour_share_education_4,0.0010540401818448452,0.0,0.10540401818448451,8611
sex_male,dep_hour_share_education_5,0.005581830180378355,0.002397603169,0.3184227011378355,8611
sex_male,dep_hour_share_education_6,0.1736691597008359,0.06190964,11.17595197008359,8611
sex_male,dep_hour_share_education_7,0.4744372341985628,0.6408135672,-16.637633300143722,8611
sex_male,dep_hour_share_education_8,0.10829117172605954,0.1298972859,-2.1606114173940454,8611
sex_male,dep_hour_share_education_9,0.03410507405777973,0.0329495753,0.11554987577797327,8611
sex_male,dep_hour_share_escort_10,0.015517422150770628,0.02326614789,-0.7748725739229374,8611
sex_male,dep_hour_share_escort_11,0.032100793345682034,0.02886709894,0.32336944056820355,8611
sex_male,dep_hour_share_escort_12,0.05607590955160242,0.05347921156,0.25966979916024135,8611
sex_male,dep_hour_share_escort_13,0.06028728200468319,0.06091410776,-0.06268257553168136,8611
sex_male,dep_hour_share_escort_14,0.10032153217069165,0.08791399022,1.2407541950691645,8611
sex_male,dep_hour_share_escort_15,0.09027365183657778,0.1203340072,-3.006035536342222,8611
sex_male,dep_hour_share_escort_16,0.06381714605249363,0.05902922971,0.47879163424936266,8611
sex_male,dep_hour_share_escort_17,0.0648830950966344,0.0580609601,0.6822134996634394,8611
sex_male,dep_hour_share_escort_18,0.06397441722294062,0.05167974161,1.2294675612940613,8611
sex_male,dep_hour_share_escort_19,0.0274700311047426,0.02912653228,-0.16565011752574,8611
sex_male,dep_hour_share_escort_20,0.01702023555726418,0.005028268545,1.1991967012264182,8611
sex_male,dep_hour_share_escort_21,0.008737287247055534,0.005676595916,0.30606913310555334,8611
sex_male,dep_hour_share_escort_22,0.005224897773739209,0.007935557272,-0.2710659498260791,8611
sex_male,dep_hour_share_escort_23,0.0034424911753398804,0.0,0.344249117533988,8611
sex_male,dep_hour_share_escort_4,0.0005766609583056653,0.001720820398,-0.11441594396943348,8611
sex_male,dep_hour_share_escort_5,0.0045783385174571,0.001431914086,0.31464244314571,8611
sex_male,dep_hour_share_escort_6,0.043546639639324786,0.02269539586,2.0851243779324786,8611
sex_male,dep_hour_share_escort_7,0.20422535211267606,0.234177484,-2.995213188732393,8611
sex_male,dep_hour_share_escort_8,0.0972634816342222,0.1216702233,-2.4406741665777805,8611
sex_male,dep_hour_share_escort_9,0.0320483696221997,0.0179700834,1.4078286222199703,8611
sex_male,dep_hour_share_home_10,0.027227659615982086,0.03743581122,-1.020815160401791,8611
sex_male,dep_hour_share_home_11,0.04482110132363558,0.05358675722,-0.8765655896364424,8611
sex_male,dep_hour_share_home_12,0.06756860196526639,0.05507148966,1.2497112305266387,8611
sex_male,dep_hour_share_home_13,0.07699569694613753,0.0832573536,-0.6261656653862469,8611
sex_male,dep_hour_share_home_14,0.08275911753625777,0.07822242687,0.4536690666257767,8611
sex_male,dep_hour_share_home_15,0.10823974028585966,0.1137515748,-0.5511834514140348,8611
sex_male,dep_hour_share_home_16,0.11306960681164271,0.1251375858,-1.2067978988357293,8611
sex_male,dep_hour_share_home_17,0.10388265435535991,0.1095121989,-0.5629544544640084,8611
sex_male,dep_hour_share_home_18,0.09192205574008173,0.0879490827,0.3972973040081734,8611
sex_male,dep_hour_share_home_19,0.05946829443274584,0.05532071646,0.4147577972745835,8611
sex_male,dep_hour_share_home_20,0.05341970459467694,0.04375319559,0.9666509004676936,8611
sex_male,dep_hour_share_home_21,0.03941789452039786,0.03449138369,0.49265108303978566,8611
sex_male,dep_hour_share_home_22,0.032992581096880996,0.02584664579,0.7145935306880995,8611
sex_male,dep_hour_share_home_23,0.019583622880179386,0.009451181261,1.0132441619179386,8611
sex_male,dep_hour_share_home_4,7.35436481551801e-05,0.0002239065549,-0.01503629067448199,8611
sex_male,dep_hour_share_home_5,0.0008299926006084611,0.002539370106,-0.1709377505391539,8611
sex_male,dep_hour_share_home_6,0.0023338851608429604,0.008438483909,-0.610459874815704,8611
sex_male,dep_hour_share_home_7,0.008724678096450243,0.01737871523,-0.8654037133549758,8611
sex_male,dep_hour_share_home_8,0.016922543529584808,0.02970342999,-1.278088646041519,8611
sex_male,dep_hour_share_home_9,0.026223563685047076,0.02576093963,0.04626240550470763,8611
sex_male,dep_hour_share_leisure_10,0.045951933687695325,0.0476208566,-0.16689229123046725,8611
sex_male,dep_hour_share_leisure_11,0.03495042582406011,0.04681338628,-1.1862960455939888,8611
sex_male,dep_hour_share_leisure_12,0.04983531433481312,0.07180140224,-2.1966087905186886,8611
sex_male,dep_hour_share_leisure_13,0.055504544650453624,0.05005836285,0.5446181800453621,8611
sex_male,dep_hour_share_leisure_14,0.07392322531189191,0.07105050767,0.28727176418919115,8611
sex_male,dep_hour_share_leisure_15,0.09470478725644632,0.09058404604,0.41207412164463164,8611
sex_male,dep_hour_share_leisure_16,0.13968376982756442,0.1339227708,0.5760999027564412,8611
sex_male,dep_hour_share_leisure_17,0.1288044073422008,0.1361222554,-0.7317848057799198,8611
sex_male,dep_hour_share_leisure_18,0.09599363159269149,0.1089172928,-1.2923661207308506,8611
sex_male,dep_hour_share_leisure_19,0.07220476619689835,0.08238699501,-1.0182228813101657,8611
sex_male,dep_hour_share_leisure_20,0.036576222927951076,0.0298167936,0.6759429327951076,8611
sex_male,dep_hour_share_leisure_21,0.017070869590855103,0.01486654496,0.22043246308551032,8611
sex_male,dep_hour_share_leisure_22,0.008512269292651902,0.01069606242,-0.2183793127348097,8611
sex_male,dep_hour_share_leisure_23,0.0025102981189611745,0.002147782611,0.03625155079611743,8611
sex_male,dep_hour_share_leisure_4,0.0005896673433801417,0.0008314681938,-0.024180085041985825,8611
sex_male,dep_hour_share_leisure_5,0.005239615536892116,0.003971170718,0.1268444818892116,8611
sex_male,dep_hour_share_leisure_6,0.01727725316103815,0.009747817472,0.7529435689038151,8611
sex_male,dep_hour_share_leisure_7,0.03066691376536294,0.01451667347,1.6150240295362939,8611
sex_male,dep_hour_share_leisure_8,0.03441551330542241,0.03308655077,0.13289625354224108,8611
sex_male,dep_hour_share_leisure_9,0.05099358947359554,0.03981018078,1.1183408693595533,8611
sex_male,dep_hour_share_other_10,0.07935193872607638,0.1248488067,-4.549686797392362,8611
sex_male,dep_hour_share_other_11,0.08958061212600646,0.08420165709,0.5378955036006452,8611
sex_male,dep_hour_share_other_12,0.07531075421135579,0.04675220962,2.855854459135579,8611
sex_male,dep_hour_share_other_13,0.06842418333118704,0.06130791317,0.7116270161187037,8611
sex_male,dep_hour_share_other_14,0.07439090948114625,0.08568848383,-1.1297574348853743,8611
sex_male,dep_hour_share_other_15,0.09139577239361996,0.1061339514,-1.4738179006380039,8611
sex_male,dep_hour_share_other_16,0.08425164498899253,0.09841154706,-1.4159902071007466,8611
sex_male,dep_hour_share_other_17,0.06318106836899265,0.07495270296,-1.1771634591007358,8611
sex_male,dep_hour_share_other_18,0.050493343390302384,0.02460323149,2.5890111900302384,8611
sex_male,dep_hour_share_other_19,0.028202439428224514,0.008847434274,1.9355005154224516,8611
sex_male,dep_hour_share_other_20,0.013331616289836942,0.006429992228,0.6901624061836942,8611
sex_male,dep_hour_share_other_21,0.012123553544161746,0.003661357578,0.8462195966161746,8611
sex_male,dep_hour_share_other_22,0.006678072741321265,0.00566919437,0.10088783713212648,8611
sex_male,dep_hour_share_other_23,0.0057153019237019455,0.0,0.5715301923701945,8611
sex_male,dep_hour_share_other_4,0.0025387714553783323,0.0,0.25387714553783325,8611
sex_male,dep_hour_share_other_5,0.002961900031274721,0.003185347439,-0.022344740772527877,8611
sex_male,dep_hour_share_other_6,0.019230887159580795,0.01825104606,0.09798410995807937,8611
sex_male,dep_hour_share_other_7,0.061862624255692306,0.05422895338,0.7633670875692306,8611
sex_male,dep_hour_share_other_8,0.07916796978003446,0.07400193217,0.5166037610034452,8611
sex_male,dep_hour_share_other_9,0.0836936058526654,0.1179305069,-3.4236901047334594,8611
sex_male,dep_hour_share_shop_10,0.1128429238463967,0.1058640198,0.69789040463967,8611
sex_male,dep_hour_share_shop_11,0.0881756700619797,0.08977354814,-0.15978780780203095,8611
sex_male,dep_hour_share_shop_12,0.07968461806882571,0.07957753168,0.010708638882571397,8611
sex_male,dep_hour_share_shop_13,0.05827420614479653,0.05634335872,0.19308474247965307,8611
sex_male,dep_hour_share_shop_14,0.0776324753659793,0.06437859708,1.3253878285979293,8611
sex_male,dep_hour_share_shop_15,0.09434871471062295,0.08182579393,1.2522920780622948,8611
sex_male,dep_hour_share_shop_16,0.07786510692743558,0.1141000252,-3.623491827256442,8611
sex_male,dep_hour_share_shop_17,0.08802612120104351,0.1088744128,-2.0848291598956488,8611
sex_male,dep_hour_share_shop_18,0.06230371712002127,0.05866082733,0.3642889790021274,8611
sex_male,dep_hour_share_shop_19,0.017156577657400175,0.03049092249,-1.3334344832599825,8611
sex_male,dep_hour_share_shop_20,0.005225901862714146,0.0113834525,-0.6157550637285855,8611
sex_male,dep_hour_share_shop_21,0.0012545487778534753,0.00851110749,-0.7256558712146524,8611
sex_male,dep_hour_share_shop_22,0.0006646616041607816,0.001417892457,-0.07532308528392183,8611
sex_male,dep_hour_share_shop_23,0.0004984962031205862,0.0005166611297,-0.0018164926579413874,8611
sex_male,dep_hour_share_shop_4,0.0002243232914042638,0.0,0.02243232914042638,8611
sex_male,dep_hour_share_shop_5,0.0008391352752529868,0.0007838084917,0.005532678355298679,8611
sex_male,dep_hour_share_shop_6,0.012221465246506372,0.01376241825,-0.15409530034936283,8611
sex_male,dep_hour_share_shop_7,0.044125222246223894,0.03272807267,1.1397149576223897,8611
sex_male,dep_hour_share_shop_8,0.07818912945946395,0.05444862939,2.3740500069463946,8611
sex_male,dep_hour_share_shop_9,0.09839484222595171,0.0865589205,1.1835921725951715,8611
sex_male,dep_hour_share_work_10,0.030329051029170245,0.02724383376,0.3085217269170246,8611
sex_male,dep_hour_share_work_11,0.02269259947812023,0.02989184421,-0.7199244731879769,8611
sex_male,dep_hour_share_work_12,0.03198389342314779,0.05930075687,-2.731686344685221,8611
sex_male,dep_hour_share_work_13,0.0454102091687439,0.05171918606,-0.6308976891256097,8611
sex_male,dep_hour_share_work_14,0.025260314628473293,0.02355686001,0.17034546184732935,8611
sex_male,dep_hour_share_work_15,0.02360130386574518,0.01577958027,0.7821723595745181,8611
sex_male,dep_hour_share_work_16,0.017352919108636025,0.01096399505,0.6388924058636025,8611
sex_male,dep_hour_share_work_17,0.00959141649506882,0.01156810964,-0.19766931449311798,8611
sex_male,dep_hour_share_work_18,0.005764853982042667,0.003114235959,0.26506180230426674,8611
sex_male,dep_hour_share_work_19,0.003593133862994056,0.001370208538,0.22229253249940562,8611
sex_male,dep_hour_share_work_20,0.006240048019608007,0.008330178763,-0.20901307433919938,8611
sex_male,dep_hour_share_work_21,0.005606455969520888,0.01031335315,-0.47068971804791115,8611
sex_male,dep_hour_share_work_22,0.001413077006444298,0.0002907829154,0.1122294091044298,8611
sex_male,dep_hour_share_work_23,0.0009837350251352636,0.000265107831,0.07186271941352636,8611
sex_male,dep_hour_share_work_4,0.033455327592100105,0.01759090689,1.5864420702100104,8611
sex_male,dep_hour_share_work_5,0.13240406499320556,0.1098712613,2.2532803693205565,8611
sex_male,dep_hour_share_work_6,0.22546706571850172,0.1903818965,3.5085169218501715,8611
sex_male,dep_hour_share_work_7,0.2012029912214154,0.2591743915,-5.7971400278584575,8611
sex_male,dep_hour_share_work_8,0.11325874732182308,0.1251315612,-1.1872813878176915,8611
sex_male,dep_hour_share_work_9,0.04881576643796217,0.03908736603,0.9728400407962169,8611
sex_male,mean_work_activity_h,5.77209012464046,6.601615795,-0.8295256703595397,8611
sex_male,mobility_rate,0.8970127382261361,0.8899926448,0.7020093426136187,8611
sex_male,n_persons_unweighted,497479.0,8611.0,488868.0,8611
sex_male,n_persons_weighted,497479.0,370564.5827,126914.41729999997,8611
sex_male,n_work_activities_measured,239890.0,3566.0,236324.0,8611
sex_male,nonhome_acts_per_mobile,2.077529159990588,2.092983074,-0.015453914009412095,8611
sex_male,participation_education,0.17596923689241153,0.1889739383,-1.300470140758847,8611
sex_male,participation_escort,0.08041344458761074,0.09109944463,-1.068600004238926,8611
sex_male,participation_home,0.8970127382261361,0.8787154042,1.8297334026136092,8611
sex_male,participation_leisure,0.37529624366053643,0.3937888085,-1.8492564839463543,8611
sex_male,participation_other,0.24629180327209793,0.1658645205,8.042728277209793,8611
sex_male,participation_shop,0.19875210812918737,0.2721816978,-7.342958967081264,8611
sex_male,participation_work,0.368228608644787,0.3720173309,-0.3788722255212984,8611
sex_male,purpose_share_education,0.06847425374586251,0.06308262542,0.5391628325862513,8611
sex_male,purpose_share_escort,0.03591534356999494,0.0421139333,-0.6198589730005061,8611
sex_male,purpose_share_home,0.4181552419481372,0.4261234955,-0.7968253551862814,8611
sex_male,purpose_share_leisure,0.14900731662313177,0.1616213085,-1.2613991876868236,8611
sex_male,purpose_share_other,0.10234423149097692,0.06366749713,3.867673436097692,8611
sex_male,purpose_share_shop,0.0755398347389601,0.1042435209,-2.8703686161039896,8611
sex_male,purpose_share_work,0.15056377788293654,0.1391476193,1.1416158582936542,8611
sex_male,share_mobile_first_from_home,1.0,0.9692147464,3.078525359999995,8611
sex_male,share_mobile_last_to_home,1.0,0.9705553993,2.944460069999999,8611
sex_male,share_mobile_odd_trip_count,0.26755705946285113,0.2220121475,4.554491196285112,8611
sex_male,share_trips_0,0.10298726177386382,0.1100073552,-0.7020093426136187,8611
sex_male,share_trips_1,0.001081452684434921,0.007120699883,-0.6039247198565079,8611
sex_male,share_trips_2,0.3603528993183632,0.3527214105,0.7631488818363175,8611
sex_male,share_trips_3,0.11330729538332271,0.08814861549,2.5158679893322713,8611
sex_male,share_trips_4,0.20890329039014713,0.2326022158,-2.3698925409852882,8611
sex_male,share_trips_5,0.09174457615296325,0.06450810156,2.7236474592963242,8611
sex_male,share_trips_6,0.06350418811648331,0.07476795439,-1.1263766273516689,8611
sex_male,share_trips_7,0.026043310370890027,0.02871677223,-0.26734618591099724,8611
sex_male,share_trips_8plus,0.032075725809531656,0.04140687492,-0.9331149110468346,8611
sex_male,share_trips_followed_by_same_purpose,0.11297712127469156,0.04278463245,7.019248882469157,8611
sex_male,share_trips_home_based,0.8102805521420798,0.8515199607,-4.123940855792019,8611
sex_male,share_trips_unknown_purpose,0.0,0.0004216156738,-0.04216156738,8611
sex_male,share_work_activities_lt_2h,0.2275626328734003,0.1213007249,10.626190797340032,8611
sex_male,tours_per_mobile,1.4930609866777218,1.552972152,-0.05991116532227814,8611
sex_male,trips_per_mobile_person,3.57059014666831,3.645955225,-0.0753650783316897,8611
sex_male,trips_per_person,3.202864844546202,3.244873334,-0.042008489453798425,8611
sex_male,trips_per_person_education,0.2193137800791591,0.2046088264,0.01470495367915911,8611
sex_male,trips_per_person_escort,0.11503199130013528,0.1365967635,-0.021564772199864718,8611
sex_male,trips_per_person_home,1.3392947239983999,1.382133792,-0.0428390680016002,8611
sex_male,trips_per_person_leisure,0.47725029599239366,0.5242195615,-0.046969265507606384,8611
sex_male,trips_per_person_other,0.3277947410845483,0.2065058608,0.12128888028454832,8611
sex_male,trips_per_person_shop,0.24194388104824524,0.3381144066,-0.09617052555175473,8611
sex_male,trips_per_person_work,0.4822354310433204,0.4513260329,0.030909398143320388,8611
