segment,metric,model,srv,delta_pp,n_srv
kreis_03101,dep_hour_share_all_10,0.04677144793164427,0.04768783712,-0.09163891883557304,4519.0
kreis_03101,dep_hour_share_all_11,0.04901085824780604,0.05982544237,-1.0814584122193964,4519.0
kreis_03101,dep_hour_share_all_12,0.06119362812803241,0.0566705804,0.45230477280324144,4519.0
kreis_03101,dep_hour_share_all_13,0.06322645077665158,0.07240278203,-0.9176331253348422,4519.0
kreis_03101,dep_hour_share_all_14,0.06874647325338981,0.07081130982,-0.20648365666101898,4519.0
kreis_03101,dep_hour_share_all_15,0.08801697088176338,0.09227897368,-0.42620027982366165,4519.0
kreis_03101,dep_hour_share_all_16,0.08844313172737983,0.0956105496,-0.7167417872620165,4519.0
kreis_03101,dep_hour_share_all_17,0.08309664289137739,0.09057934006,-0.7482697168622612,4519.0
kreis_03101,dep_hour_share_all_18,0.06839940597191824,0.06391969238,0.4479713591918233,4519.0
kreis_03101,dep_hour_share_all_19,0.04585065718488298,0.0429888639,0.28617932848829797,4519.0
kreis_03101,dep_hour_share_all_20,0.03323582395425323,0.02757435138,0.5661472574253229,4519.0
kreis_03101,dep_hour_share_all_21,0.021132147638171735,0.02015657983,0.09755678081717345,4519.0
kreis_03101,dep_hour_share_all_22,0.01645736384692208,0.01470191907,0.17554447769220805,4519.0
kreis_03101,dep_hour_share_all_23,0.008362668782124383,0.006778047623,0.15846211591243825,4519.0
kreis_03101,dep_hour_share_all_4,0.0044009075691360386,0.001778546951,0.26223606181360387,4519.0
kreis_03101,dep_hour_share_all_5,0.01324522074187402,0.007976812978,0.526840776387402,4519.0
kreis_03101,dep_hour_share_all_6,0.044065739737314924,0.02687070239,1.7195037347314923,4519.0
kreis_03101,dep_hour_share_all_7,0.08186301939090873,0.09452740564,-1.2664386249091275,4519.0
kreis_03101,dep_hour_share_all_8,0.056259134126157774,0.0597203073,-0.34611731738422236,4519.0
kreis_03101,dep_hour_share_all_9,0.04714920823800788,0.04474744367,0.24017645680078845,4519.0
kreis_03101,dep_hour_share_education_10,0.024134520276953512,0.02053195257,0.36025677069535106,4519.0
kreis_03101,dep_hour_share_education_11,0.040553907022749754,0.03082812426,0.9725782762749755,4519.0
kreis_03101,dep_hour_share_education_12,0.03514072475496808,0.03279441828,0.23463064749680781,4519.0
kreis_03101,dep_hour_share_education_13,0.04111141084434853,0.04742332445,-0.6311913605651469,4519.0
kreis_03101,dep_hour_share_education_14,0.023684920420825466,0.02829449134,-0.4609570919174532,4519.0
kreis_03101,dep_hour_share_education_15,0.033108533405269314,0.02188450235,1.1224031055269312,4519.0
kreis_03101,dep_hour_share_education_16,0.022821688697059618,0.02514131497,-0.23196262729403805,4519.0
kreis_03101,dep_hour_share_education_17,0.00927974103048287,0.008888763946,0.039097708448287104,4519.0
kreis_03101,dep_hour_share_education_18,0.006060606060606061,0.003465831918,0.25947741426060605,4519.0
kreis_03101,dep_hour_share_education_19,0.0010430716662170668,0.005285766938,-0.42426952717829325,4519.0
kreis_03101,dep_hour_share_education_20,0.0006114558043341426,0.0009515474552,-0.034009165086585746,4519.0
kreis_03101,dep_hour_share_education_21,0.0005215358331085334,0.0,0.05215358331085334,4519.0
kreis_03101,dep_hour_share_education_22,0.0002158079309414621,0.0,0.02158079309414621,4519.0
kreis_03101,dep_hour_share_education_23,0.00010790396547073105,0.0,0.010790396547073105,4519.0
kreis_03101,dep_hour_share_education_4,0.000449599856128046,0.0,0.0449599856128046,4519.0
kreis_03101,dep_hour_share_education_5,0.002607679165542667,0.0,0.26076791655426673,4519.0
kreis_03101,dep_hour_share_education_6,0.15378113479003686,0.03835223238,11.542890241003686,4519.0
kreis_03101,dep_hour_share_education_7,0.42760543116626204,0.5734807602,-14.587532903373802,4519.0
kreis_03101,dep_hour_share_education_8,0.1309954140814675,0.1071521884,2.38432256814675,4519.0
kreis_03101,dep_hour_share_education_9,0.044150705871774124,0.05552478052,-1.1374074648225874,4519.0
kreis_03101,dep_hour_share_escort_10,0.01781197677318229,0.01426058452,0.355139225318229,4519.0
kreis_03101,dep_hour_share_escort_11,0.03166969470271811,0.01673303493,1.493665977271811,4519.0
kreis_03101,dep_hour_share_escort_12,0.0630543977770653,0.04311350857,1.9940889207065298,4519.0
kreis_03101,dep_hour_share_escort_13,0.06447935591891989,0.06740651589,-0.29271599710801177,4519.0
kreis_03101,dep_hour_share_escort_14,0.141783335114531,0.149648673,-0.7865337885469004,4519.0
kreis_03101,dep_hour_share_escort_15,0.13811406789925545,0.1296761603,0.8437907599255445,4519.0
kreis_03101,dep_hour_share_escort_16,0.06782800755227815,0.05898405193,0.8843955622278146,4519.0
kreis_03101,dep_hour_share_escort_17,0.046204267749634854,0.05730475698,-1.110048923036515,4519.0
kreis_03101,dep_hour_share_escort_18,0.03854511773716647,0.04755531218,-0.9010194442833532,4519.0
kreis_03101,dep_hour_share_escort_19,0.013180862812154893,0.006061524081,0.7119338731154894,4519.0
kreis_03101,dep_hour_share_escort_20,0.013608350254711268,0.003375638135,1.0232712119711267,4519.0
kreis_03101,dep_hour_share_escort_21,0.008086637455024758,0.005019465352,0.3067172103024758,4519.0
kreis_03101,dep_hour_share_escort_22,0.004168002564924655,0.04399348222,-3.9825479655075346,4519.0
kreis_03101,dep_hour_share_escort_23,0.0019236934915036871,0.0,0.1923693491503687,4519.0
kreis_03101,dep_hour_share_escort_4,0.0014962060489473123,0.0,0.14962060489473122,4519.0
kreis_03101,dep_hour_share_escort_5,0.0029567881443482596,0.0,0.29567881443482597,4519.0
kreis_03101,dep_hour_share_escort_6,0.04606177193544939,0.009420544121,3.6641227814449397,4519.0
kreis_03101,dep_hour_share_escort_7,0.1738805172598055,0.2091592327,-3.527871544019451,4519.0
kreis_03101,dep_hour_share_escort_8,0.0993552064408108,0.1103325865,-1.097738005918919,4519.0
kreis_03101,dep_hour_share_escort_9,0.023084321898044245,0.02210900321,0.09753186880442459,4519.0
kreis_03101,dep_hour_share_home_10,0.03250445266474859,0.03475853875,-0.22540860852514055,4519.0
kreis_03101,dep_hour_share_home_11,0.046698748687034754,0.06199770507,-1.5298956382965245,4519.0
kreis_03101,dep_hour_share_home_12,0.07150808329908206,0.04503452745,2.6473555849082064,4519.0
kreis_03101,dep_hour_share_home_13,0.0740483856236014,0.09082291551,-1.6774529886398604,4519.0
kreis_03101,dep_hour_share_home_14,0.07787025619947938,0.07274032995,0.5129926249479375,4519.0
kreis_03101,dep_hour_share_home_15,0.10203452527743527,0.1123338805,-1.0299355222564728,4519.0
kreis_03101,dep_hour_share_home_16,0.10443782253276705,0.122242975,-1.7805152467232952,4519.0
kreis_03101,dep_hour_share_home_17,0.10870210531122985,0.1193938817,-1.0691776388770142,4519.0
kreis_03101,dep_hour_share_home_18,0.09336039183449787,0.08822572569,0.5134666144497868,4519.0
kreis_03101,dep_hour_share_home_19,0.06644175001141708,0.05534110244,1.1100647571417086,4519.0
kreis_03101,dep_hour_share_home_20,0.05765629994976481,0.04714811709,1.0508182859764812,4519.0
kreis_03101,dep_hour_share_home_21,0.04092455587523405,0.03676528799,0.41592678852340537,4519.0
kreis_03101,dep_hour_share_home_22,0.034054322509932865,0.02422624834,0.9828074169932866,4519.0
kreis_03101,dep_hour_share_home_23,0.01787345298442709,0.01383220433,0.404124865442709,4519.0
kreis_03101,dep_hour_share_home_4,6.564826231903914e-05,0.001314338049,-0.1248689786680961,4519.0
kreis_03101,dep_hour_share_home_5,0.0005680001826734256,0.0008203007169,-0.025230053422657446,4519.0
kreis_03101,dep_hour_share_home_6,0.0018809654290542082,0.004059743068,-0.2178777638945792,4519.0
kreis_03101,dep_hour_share_home_7,0.008588505274695164,0.01706015141,-0.8471646135304834,4519.0
kreis_03101,dep_hour_share_home_8,0.017862035895328126,0.02381268918,-0.5950653284671873,4519.0
kreis_03101,dep_hour_share_home_9,0.024746540622003012,0.02437431795,0.03722226720030142,4519.0
kreis_03101,dep_hour_share_leisure_10,0.050771771124991025,0.05049671566,0.027505546499102806,4519.0
kreis_03101,dep_hour_share_leisure_11,0.0406274678727834,0.05309479879,-1.24673309172166,4519.0
kreis_03101,dep_hour_share_leisure_12,0.046241654102950676,0.07241167753,-2.617002342704932,4519.0
kreis_03101,dep_hour_share_leisure_13,0.05548136980400603,0.05821315957,-0.2731789765993968,4519.0
kreis_03101,dep_hour_share_leisure_14,0.07293416612822169,0.06831086682,0.46232993082216955,4519.0
kreis_03101,dep_hour_share_leisure_15,0.09984923540814129,0.1002183477,-0.036911229185870864,4519.0
kreis_03101,dep_hour_share_leisure_16,0.12751094838107546,0.1261105894,0.14003589810754613,4519.0
kreis_03101,dep_hour_share_leisure_17,0.12482590279273459,0.1180175561,0.6808346692734585,4519.0
kreis_03101,dep_hour_share_leisure_18,0.10367578433484098,0.1004245207,0.32512636348409757,4519.0
kreis_03101,dep_hour_share_leisure_19,0.0731926197142652,0.09438887854,-2.1196258825734797,4519.0
kreis_03101,dep_hour_share_leisure_20,0.03797831861583746,0.03233891003,0.563940858583746,4519.0
kreis_03101,dep_hour_share_leisure_21,0.013798549788211645,0.01484423459,-0.10456848017883544,4519.0
kreis_03101,dep_hour_share_leisure_22,0.006518773781319549,0.0118752588,-0.535648501868045,4519.0
kreis_03101,dep_hour_share_leisure_23,0.0027568382511307344,0.002511792798,0.024504545313073448,4519.0
kreis_03101,dep_hour_share_leisure_4,0.0004020389116232321,0.003523407115,-0.3121368203376768,4519.0
kreis_03101,dep_hour_share_leisure_5,0.004630626749946155,0.003262851437,0.1367775312946155,4519.0
kreis_03101,dep_hour_share_leisure_6,0.01615334912771915,0.008722591137,0.7430757990719149,4519.0
kreis_03101,dep_hour_share_leisure_7,0.025931509799698473,0.01670159881,0.9229910989698473,4519.0
kreis_03101,dep_hour_share_leisure_8,0.03579582166702563,0.0310501451,0.47456765670256285,4519.0
kreis_03101,dep_hour_share_leisure_9,0.057333620503984495,0.033145983,2.41876375039845,4519.0
kreis_03101,dep_hour_share_other_10,0.0790195799761673,0.1097865958,-3.076701582383269,4519.0
kreis_03101,dep_hour_share_other_11,0.07751090509560407,0.07884335742,-0.13324523243959246,4519.0
kreis_03101,dep_hour_share_other_12,0.08442019875151688,0.04660928546,3.781091329151688,4519.0
kreis_03101,dep_hour_share_other_13,0.0729958128805851,0.0674063884,0.5589424480585095,4519.0
kreis_03101,dep_hour_share_other_14,0.08854172360638891,0.1276187168,-3.907699319361109,4519.0
kreis_03101,dep_hour_share_other_15,0.10564003891943895,0.1215248284,-1.588478948056106,4519.0
kreis_03101,dep_hour_share_other_16,0.10125613582446896,0.08850395204,1.2752183784468962,4519.0
kreis_03101,dep_hour_share_other_17,0.06268653453006964,0.0612286676,0.14578669300696415,4519.0
kreis_03101,dep_hour_share_other_18,0.046331624230630475,0.01906266383,2.7268960400630475,4519.0
kreis_03101,dep_hour_share_other_19,0.025363229876135606,0.008143389339,1.7219840537135607,4519.0
kreis_03101,dep_hour_share_other_20,0.013840452165167102,0.006035542698,0.7804909467167102,4519.0
kreis_03101,dep_hour_share_other_21,0.008735008909927736,0.01073811873,-0.2003109820072263,4519.0
kreis_03101,dep_hour_share_other_22,0.005258497228629839,0.002364734062,0.2893763166629839,4519.0
kreis_03101,dep_hour_share_other_23,0.003126674027833958,0.006819974246,-0.36933002181660424,4519.0
kreis_03101,dep_hour_share_other_4,0.0006122158935618939,0.0,0.06122158935618939,4519.0
kreis_03101,dep_hour_share_other_5,0.0026456472543210418,0.0,0.2645647254321042,4519.0
kreis_03101,dep_hour_share_other_6,0.013523411791715408,0.01169958313,0.18238286617154076,4519.0
kreis_03101,dep_hour_share_other_7,0.05038755452547802,0.04960291759,0.07846369354780267,4519.0
kreis_03101,dep_hour_share_other_8,0.07318166413398783,0.08067309692,-0.7491432786012178,4519.0
kreis_03101,dep_hour_share_other_9,0.07929289064293601,0.09899760006,-1.9704709417063981,4519.0
kreis_03101,dep_hour_share_shop_10,0.11949711745502535,0.09419011631,2.530700114502535,4519.0
kreis_03101,dep_hour_share_shop_11,0.09004653747308466,0.1044476569,-1.440111942691534,4519.0
kreis_03101,dep_hour_share_shop_12,0.07798846982010141,0.08265072538,-0.466225555989859,4519.0
kreis_03101,dep_hour_share_shop_13,0.06812530388275335,0.07090172509,-0.27764212072466515,4519.0
kreis_03101,dep_hour_share_shop_14,0.06870875876918803,0.075349347,-0.664058823081197,4519.0
kreis_03101,dep_hour_share_shop_15,0.09522817253594498,0.1029787233,-0.7750550764055022,4519.0
kreis_03101,dep_hour_share_shop_16,0.08672640133361117,0.09980711195,-1.3080710616388824,4519.0
kreis_03101,dep_hour_share_shop_17,0.09088004445370564,0.1030396687,-1.2159624246294367,4519.0
kreis_03101,dep_hour_share_shop_18,0.06334653052719316,0.05472815649,0.8618374037193164,4519.0
kreis_03101,dep_hour_share_shop_19,0.026936167257067444,0.02009529869,0.6840868567067445,4519.0
kreis_03101,dep_hour_share_shop_20,0.006209627005626172,0.01066398826,-0.4454361254373828,4519.0
kreis_03101,dep_hour_share_shop_21,0.005126067930818921,0.007219031324,-0.20929633931810795,4519.0
kreis_03101,dep_hour_share_shop_22,0.005237202194901715,0.001594011209,0.36431909859017153,4519.0
kreis_03101,dep_hour_share_shop_23,0.0004723206223518789,0.001428227147,-0.09559065246481213,4519.0
kreis_03101,dep_hour_share_shop_4,6.94589150517469e-05,0.0,0.0069458915051746895,4519.0
kreis_03101,dep_hour_share_shop_5,0.00040286170730013195,0.0005067921782,-0.01039304708998681,4519.0
kreis_03101,dep_hour_share_shop_6,0.004889907619642981,0.00837450019,-0.3484592570357019,4519.0
kreis_03101,dep_hour_share_shop_7,0.0245606723622977,0.02719511611,-0.26344437477022997,4519.0
kreis_03101,dep_hour_share_shop_8,0.0691255122594985,0.04254401445,2.6581497809498504,4519.0
kreis_03101,dep_hour_share_shop_9,0.09357505035771341,0.09228578924,0.12892611177134083,4519.0
kreis_03101,dep_hour_share_work_10,0.03161596751386824,0.03514968477,-0.35337172561317604,4519.0
kreis_03101,dep_hour_share_work_11,0.02520757042891846,0.03869775956,-1.3490189131081545,4519.0
kreis_03101,dep_hour_share_work_12,0.029757804285558898,0.0689206516,-3.91628473144411,4519.0
kreis_03101,dep_hour_share_work_13,0.038169391972734855,0.05130043392,-1.3131041947265145,4519.0
kreis_03101,dep_hour_share_work_14,0.022225445052753708,0.03559415257,-1.3368707517246294,4519.0
kreis_03101,dep_hour_share_work_15,0.02417425038976107,0.01882791838,0.5346332009761069,4519.0
kreis_03101,dep_hour_share_work_16,0.01714042275479497,0.01534365213,0.17967706247949689,4519.0
kreis_03101,dep_hour_share_work_17,0.0075323592328051915,0.01283202216,-0.5299662927194808,4519.0
kreis_03101,dep_hour_share_work_18,0.0052028570392661615,0.002466888062,0.2735968977266161,4519.0
kreis_03101,dep_hour_share_work_19,0.006163663391465139,0.001465515567,0.4698147824465138,4519.0
kreis_03101,dep_hour_share_work_20,0.004849352815343896,0.005188446893,-0.03390940776561036,4519.0
kreis_03101,dep_hour_share_work_21,0.0019669337587469634,0.005495518164,-0.35285844052530363,4519.0
kreis_03101,dep_hour_share_work_22,0.0010423842500271927,0.0,0.10423842500271926,4519.0
kreis_03101,dep_hour_share_work_23,0.0005257242304484972,0.0004100550272,0.011566920324849718,4519.0
kreis_03101,dep_hour_share_work_4,0.0319150864725717,0.004734940982,2.7180145490571697,4519.0
kreis_03101,dep_hour_share_work_5,0.08952721076103115,0.05358261365,3.594459711103115,4519.0
kreis_03101,dep_hour_share_work_6,0.2083499510532613,0.1467060386,6.1643912453261285,4519.0
kreis_03101,dep_hour_share_work_7,0.2509879989848084,0.2640257821,-1.3037783115191603,4519.0
kreis_03101,dep_hour_share_work_8,0.13297197345999057,0.1802284275,-4.725645404000945,4519.0
kreis_03101,dep_hour_share_work_9,0.05612559370581197,0.05651873313,-0.03931394241880257,4519.0
kreis_03101,mean_work_activity_h,5.710521381479465,5.906851596,-0.19633021452053523,4519.0
kreis_03101,mobility_rate,0.8958010499351696,0.8532543912,4.254665873516961,4519.0
kreis_03101,n_persons_unweighted,252968.0,4519.0,248449.0,4519.0
kreis_03101,n_persons_weighted,252968.0,252816.0,152.0,4519.0
kreis_03101,n_work_activities_measured,110220.0,1988.0,108232.0,4519.0
kreis_03101,nonhome_acts_per_mobile,2.192084162588423,2.258748975,-0.06666481241157696,4519.0
kreis_03101,participation_education,0.17415246197147466,0.1758203279,-0.16678659285253306,4519.0
kreis_03101,participation_escort,0.07433351253913538,0.07505334494,-0.07198324008646229,4519.0
kreis_03101,participation_home,0.8958010499351696,0.8410964282,5.470462173516966,4519.0
kreis_03101,participation_leisure,0.41143939154359443,0.417759712,-0.632032045640557,4519.0
kreis_03101,participation_other,0.26506909964896747,0.1661717134,9.889738624896745,4519.0
kreis_03101,participation_shop,0.23529458271401915,0.3051895512,-6.989496848598087,4519.0
kreis_03101,participation_work,0.35116299294772463,0.3444301713,0.6732821647724652,4519.0
kreis_03101,purpose_share_education,0.06564175573546391,0.06254172817,0.3100027565463903,4519.0
kreis_03101,purpose_share_escort,0.033137842374790165,0.03652324792,-0.33854055452098364,4519.0
kreis_03101,purpose_share_home,0.41359087142219675,0.4143342663,-0.07433948778032273,4519.0
kreis_03101,purpose_share_leisure,0.16443197835433446,0.1750090584,-1.0577080045665543,4519.0
kreis_03101,purpose_share_other,0.10798160307308009,0.06245350583,4.552809724308009,4519.0
kreis_03101,purpose_share_shop,0.0849783614174511,0.1187333581,-3.37549966825489,4519.0
kreis_03101,purpose_share_work,0.13023758762268356,0.1304048353,-0.016724767731643442,4519.0
kreis_03101,share_mobile_first_from_home,1.0,0.9765953407,2.340465930000002,4519.0
kreis_03101,share_mobile_last_to_home,1.0,0.972429834,2.757016599999995,4519.0
kreis_03101,share_mobile_odd_trip_count,0.30439214682558946,0.2506396326,5.3752514225589465,4519.0
kreis_03101,share_trips_0,0.10419895006483033,0.1467456088,-4.254665873516967,4519.0
kreis_03101,share_trips_1,0.000640397204389488,0.006412655869,-0.5772258664610512,4519.0
kreis_03101,share_trips_2,0.31462082160589483,0.2915493441,2.3071477505894835,4519.0
kreis_03101,share_trips_3,0.1272809209069922,0.08743882215,3.9842098756992197,4519.0
kreis_03101,share_trips_4,0.20559517409316594,0.23078466,-2.518948590683406,4519.0
kreis_03101,share_trips_5,0.100178678726163,0.07522695049,2.4951728236162998,4519.0
kreis_03101,share_trips_6,0.07875304386325543,0.08162127706,-0.2868233196744563,4519.0
kreis_03101,share_trips_7,0.03481468011764334,0.03220095058,0.26137295376433417,4519.0
kreis_03101,share_trips_8plus,0.03391733341766547,0.04801973094,-1.4102397522334527,4519.0
kreis_03101,share_trips_followed_by_same_purpose,0.1103201754696623,0.05303718818,5.72829872896623,4519.0
kreis_03101,share_trips_home_based,0.8038940004580344,0.8289227483,-2.5028747841965626,4519.0
kreis_03101,share_trips_unknown_purpose,0.0,0.0009975171235,-0.09975171235,4519.0
kreis_03101,share_work_activities_lt_2h,0.20635093449464706,0.1202949916,8.605594289464706,4519.0
kreis_03101,tours_per_mobile,1.5460639250868236,1.595251636,-0.04918771091317642,4519.0
kreis_03101,trips_per_mobile_person,3.738148087675247,3.85400061,-0.11585252232475307,4519.0
kreis_03101,trips_per_person,3.348636981752633,3.288442944,0.0601940377526331,4519.0
kreis_03101,trips_per_person_education,0.21981041080294741,0.2054597505,0.014350660302947404,4519.0
kreis_03101,trips_per_person_escort,0.11096660447171183,0.1199848105,-0.009018206028288164,4519.0
kreis_03101,trips_per_person_home,1.384965687359666,1.361155463,0.023810224359666066,4519.0
kreis_03101,trips_per_person_leisure,0.5506230037000728,0.5749332249,-0.024310221199927207,4519.0
kreis_03101,trips_per_person_other,0.36159118939944973,0.2051699257,0.15642126369944973,4519.0
kreis_03101,trips_per_person_shop,0.28456168369121787,0.3900583952,-0.10549671150878215,4519.0
kreis_03101,trips_per_person_work,0.4361184023275671,0.4284010964,0.007717305927567086,4519.0
kreis_03102,dep_hour_share_all_10,0.04491198209698517,0.05599799838,-1.1086016283014823,1794.0
kreis_03102,dep_hour_share_all_11,0.04984791893212299,0.05435093842,-0.45030194878770136,1794.0
kreis_03102,dep_hour_share_all_12,0.06054875262004949,0.06319435206,-0.2645599439950512,1794.0
kreis_03102,dep_hour_share_all_13,0.06616550832899942,0.06619872613,-0.0033217801000573477,1794.0
kreis_03102,dep_hour_share_all_14,0.07459694577088553,0.06538420907,0.9212736700885529,1794.0
kreis_03102,dep_hour_share_all_15,0.08863568310402975,0.08964608147,-0.10103983659702498,1794.0
kreis_03102,dep_hour_share_all_16,0.08886892660709501,0.08734953676,0.1519389847095015,1794.0
kreis_03102,dep_hour_share_all_17,0.07619497896080564,0.07466723082,0.15277481408056404,1794.0
kreis_03102,dep_hour_share_all_18,0.057712007312499015,0.0545953237,0.3116683612499019,1794.0
kreis_03102,dep_hour_share_all_19,0.034233211983672955,0.04411365433,-0.9880442346327046,1794.0
kreis_03102,dep_hour_share_all_20,0.027888358312451737,0.01856791988,0.9320438432451738,1794.0
kreis_03102,dep_hour_share_all_21,0.017972357492947535,0.02047187277,-0.2499515277052465,1794.0
kreis_03102,dep_hour_share_all_22,0.013313791310103542,0.01109499983,0.22187914801035413,1794.0
kreis_03102,dep_hour_share_all_23,0.006953177942729264,0.002286324245,0.46668536977292635,1794.0
kreis_03102,dep_hour_share_all_4,0.005484374261264243,0.004248621672,0.12357525892642429,1794.0
kreis_03102,dep_hour_share_all_5,0.01842623674215561,0.02066589265,-0.223965590784439,1794.0
kreis_03102,dep_hour_share_all_6,0.04984161505366177,0.03642322146,1.3418393593661766,1794.0
kreis_03102,dep_hour_share_all_7,0.09644934045671599,0.1066172801,-1.016793964328401,1794.0
kreis_03102,dep_hour_share_all_8,0.060690589885427006,0.07298458603,-1.2293996144573,1794.0
kreis_03102,dep_hour_share_all_9,0.047755031282996865,0.04805610009,-0.030106880700313254,1794.0
kreis_03102,dep_hour_share_education_10,0.01876070697363473,0.005463369422,1.3297337551634731,1794.0
kreis_03102,dep_hour_share_education_11,0.024067187565286426,0.008815438064,1.5251749501286427,1794.0
kreis_03102,dep_hour_share_education_12,0.02030668950821042,0.02082189191,-0.05152024017895801,1794.0
kreis_03102,dep_hour_share_education_13,0.02970793465090043,0.02006965188,0.9638282770900428,1794.0
kreis_03102,dep_hour_share_education_14,0.024025404253541136,0.01377510542,1.0250298833541136,1794.0
kreis_03102,dep_hour_share_education_15,0.031588183679438435,0.007347558802,2.4240624877438437,1794.0
kreis_03102,dep_hour_share_education_16,0.019094973467597042,0.01565707294,0.3437900527597043,1794.0
kreis_03102,dep_hour_share_education_17,0.00781347929636903,0.0292680655,-2.145458620363097,1794.0
kreis_03102,dep_hour_share_education_18,0.004637947603727072,0.008138399725,-0.35004521212729284,1794.0
kreis_03102,dep_hour_share_education_19,0.0013370659758492457,0.0,0.13370659758492456,1794.0
kreis_03102,dep_hour_share_education_20,0.0004178331174528893,0.0,0.04178331174528893,1794.0
kreis_03102,dep_hour_share_education_21,0.00016713324698115572,0.0,0.01671332469811557,1794.0
kreis_03102,dep_hour_share_education_22,0.0001253499352358668,0.0,0.01253499352358668,1794.0
kreis_03102,dep_hour_share_education_23,8.356662349057786e-05,0.0,0.008356662349057785,1794.0
kreis_03102,dep_hour_share_education_4,0.0008774495466510676,0.0,0.08774495466510676,1794.0
kreis_03102,dep_hour_share_education_5,0.004846864162453516,0.0,0.48468641624535164,1794.0
kreis_03102,dep_hour_share_education_6,0.17310826056073203,0.06901546842,10.409279214073203,1794.0
kreis_03102,dep_hour_share_education_7,0.47921280240671876,0.6150964299,-13.588362749328125,1794.0
kreis_03102,dep_hour_share_education_8,0.122341536790206,0.1660756636,-4.373412680979401,1794.0
kreis_03102,dep_hour_share_education_9,0.03559938160698617,0.02045588436,1.514349724698617,1794.0
kreis_03102,dep_hour_share_escort_10,0.021350078492935635,0.01862516033,0.27249181629356334,1794.0
kreis_03102,dep_hour_share_escort_11,0.03271585557299843,0.02053651758,1.217933799299843,1794.0
kreis_03102,dep_hour_share_escort_12,0.06235478806907378,0.0642005887,-0.18458006309262226,1794.0
kreis_03102,dep_hour_share_escort_13,0.06750392464678179,0.0757287673,-0.8224842653218212,1794.0
kreis_03102,dep_hour_share_escort_14,0.12439560439560439,0.06950923725,5.48863671456044,1794.0
kreis_03102,dep_hour_share_escort_15,0.13230769230769232,0.1136989828,1.860870950769232,1794.0
kreis_03102,dep_hour_share_escort_16,0.06668759811616955,0.06200208645,0.4685511666169546,1794.0
kreis_03102,dep_hour_share_escort_17,0.05350078492935636,0.05272871415,0.07720707793563569,1794.0
kreis_03102,dep_hour_share_escort_18,0.03849293563579278,0.02508727222,1.3405663415792777,1794.0
kreis_03102,dep_hour_share_escort_19,0.01802197802197802,0.03263084378,-1.460886575802198,1794.0
kreis_03102,dep_hour_share_escort_20,0.012307692307692308,0.004882833198,0.7424859109692308,1794.0
kreis_03102,dep_hour_share_escort_21,0.004207221350078493,0.0,0.4207221350078493,1794.0
kreis_03102,dep_hour_share_escort_22,0.0019466248037676608,0.0,0.1946624803767661,1794.0
kreis_03102,dep_hour_share_escort_23,0.002197802197802198,0.0,0.21978021978021978,1794.0
kreis_03102,dep_hour_share_escort_4,0.0023861852433281006,0.0,0.23861852433281006,1794.0
kreis_03102,dep_hour_share_escort_5,0.0023861852433281006,0.002065175858,0.03210093853281007,1794.0
kreis_03102,dep_hour_share_escort_6,0.03949764521193093,0.008083858796,3.141378641593093,1794.0
kreis_03102,dep_hour_share_escort_7,0.1898901098901099,0.2779537572,-8.806364730989008,1794.0
kreis_03102,dep_hour_share_escort_8,0.09532182103610674,0.1447613543,-4.943953326389326,1794.0
kreis_03102,dep_hour_share_escort_9,0.02499215070643642,0.01123233948,1.375981122643642,1794.0
kreis_03102,dep_hour_share_home_10,0.030715301087352917,0.04550045972,-1.478515863264708,1794.0
kreis_03102,dep_hour_share_home_11,0.04942580918854149,0.06218986094,-1.2764051751458512,1794.0
kreis_03102,dep_hour_share_home_12,0.07635286500003721,0.07852345259,-0.21705875899627886,1794.0
kreis_03102,dep_hour_share_home_13,0.0852392399693368,0.09039482876,-0.5155588790663204,1794.0
kreis_03102,dep_hour_share_home_14,0.08883397959259617,0.0770255852,1.1808394392596178,1794.0
kreis_03102,dep_hour_share_home_15,0.10998563592655716,0.1092339116,0.07517243265571655,1794.0
kreis_03102,dep_hour_share_home_16,0.114867932392102,0.1190348678,-0.41669354078980037,1794.0
kreis_03102,dep_hour_share_home_17,0.10374879989282763,0.08377673445,1.9972065442827633,1794.0
kreis_03102,dep_hour_share_home_18,0.07979131159619836,0.08003307081,-0.024175921380163723,1794.0
kreis_03102,dep_hour_share_home_19,0.051866957421313906,0.05596458716,-0.4097629738686097,1794.0
kreis_03102,dep_hour_share_home_20,0.04839874072475309,0.03341743577,1.4981304954753096,1794.0
kreis_03102,dep_hour_share_home_21,0.033818834054017845,0.03619514563,-0.23763115759821568,1794.0
kreis_03102,dep_hour_share_home_22,0.0256990391700096,0.02168557803,0.40134611400096004,1794.0
kreis_03102,dep_hour_share_home_23,0.01381332658544391,0.004497603958,0.931572262744391,1794.0
kreis_03102,dep_hour_share_home_4,2.9770100399663597e-05,0.000740800273,-0.07110301726003365,1794.0
kreis_03102,dep_hour_share_home_5,0.0009824133131888988,0.003578231944,-0.2595818630811101,1794.0
kreis_03102,dep_hour_share_home_6,0.002016924302077209,0.005518117656,-0.35011933539227913,1794.0
kreis_03102,dep_hour_share_home_7,0.011238212900873009,0.02080562375,-0.9567410849126989,1794.0
kreis_03102,dep_hour_share_home_8,0.0212037540096604,0.04005671538,-1.8852961370339605,1794.0
kreis_03102,dep_hour_share_home_9,0.03058133563555443,0.02873681964,0.18445159955544285,1794.0
kreis_03102,dep_hour_share_leisure_10,0.050317685665743475,0.05721627985,-0.6898594184256528,1794.0
kreis_03102,dep_hour_share_leisure_11,0.03353736588544697,0.0392547623,-0.5717396414553031,1794.0
kreis_03102,dep_hour_share_leisure_12,0.04989875951311472,0.07502043453,-2.512167501688528,1794.0
kreis_03102,dep_hour_share_leisure_13,0.06267600716829194,0.04863800139,1.4038005778291944,1794.0
kreis_03102,dep_hour_share_leisure_14,0.08499546163334652,0.08592498985,-0.09295282166534719,1794.0
kreis_03102,dep_hour_share_leisure_15,0.10407987525310122,0.096035257,0.8044618253101223,1794.0
kreis_03102,dep_hour_share_leisure_16,0.13300905345963182,0.1114906753,2.151837815963183,1794.0
kreis_03102,dep_hour_share_leisure_17,0.12721390834826726,0.1178850653,0.9328843048267268,1794.0
kreis_03102,dep_hour_share_leisure_18,0.09816836176600648,0.08600026419,1.216809757600648,1794.0
kreis_03102,dep_hour_share_leisure_19,0.05255195847976354,0.09524265053,-4.269069205023646,1794.0
kreis_03102,dep_hour_share_leisure_20,0.026764726417948657,0.01372419589,1.3040530527948657,1794.0
kreis_03102,dep_hour_share_leisure_21,0.014662415342006655,0.01882117763,-0.4158762287993346,1794.0
kreis_03102,dep_hour_share_leisure_22,0.010822258942909675,0.01131361043,-0.04913514870903239,1794.0
kreis_03102,dep_hour_share_leisure_23,0.0019549887122675544,0.002251885305,-0.029689659273244566,1794.0
kreis_03102,dep_hour_share_leisure_4,0.00030255777689855006,0.002680584327,-0.23780265501014503,1794.0
kreis_03102,dep_hour_share_leisure_5,0.004817650755230759,0.002492599846,0.23250509092307586,1794.0
kreis_03102,dep_hour_share_leisure_6,0.018362929690227382,0.01326065175,0.5102277940227382,1794.0
kreis_03102,dep_hour_share_leisure_7,0.029464472734889568,0.02586163569,0.36028370448895686,1794.0
kreis_03102,dep_hour_share_leisure_8,0.04391742500058184,0.04689578518,-0.297836017941816,1794.0
kreis_03102,dep_hour_share_leisure_9,0.04922382293387949,0.04998949377,-0.07656708361205092,1794.0
kreis_03102,dep_hour_share_other_10,0.08392819808249455,0.1490332128,-6.510501471750546,1794.0
kreis_03102,dep_hour_share_other_11,0.09055882440787312,0.06521807797,2.5340746437873123,1794.0
kreis_03102,dep_hour_share_other_12,0.06281174397419433,0.03565917878,2.7152565194194325,1794.0
kreis_03102,dep_hour_share_other_13,0.06508168812162121,0.02538823107,3.969345705162121,1794.0
kreis_03102,dep_hour_share_other_14,0.08404766882709597,0.07498158342,0.906608540709597,1794.0
kreis_03102,dep_hour_share_other_15,0.08778112959589021,0.1195323042,-3.1751174604109784,1794.0
kreis_03102,dep_hour_share_other_16,0.08945372002031003,0.0967057086,-0.7251988579689963,1794.0
kreis_03102,dep_hour_share_other_17,0.04898300528658045,0.09062683153,-4.164382624341954,1794.0
kreis_03102,dep_hour_share_other_18,0.041127803829037364,0.0180191687,2.3108635129037363,1794.0
kreis_03102,dep_hour_share_other_19,0.02598488695080792,0.001435302409,2.454958454180792,1794.0
kreis_03102,dep_hour_share_other_20,0.012275619007795465,0.0,1.2275619007795466,1794.0
kreis_03102,dep_hour_share_other_21,0.0062423464054239715,0.0,0.6242346405423972,1794.0
kreis_03102,dep_hour_share_other_22,0.004898300528658045,0.0,0.4898300528658045,1794.0
kreis_03102,dep_hour_share_other_23,0.005824198799319016,0.0,0.5824198799319016,1794.0
kreis_03102,dep_hour_share_other_4,0.0038827991995460114,0.0,0.38827991995460115,1794.0
kreis_03102,dep_hour_share_other_5,0.0037035930826438876,0.003051138735,0.06524543476438874,1794.0
kreis_03102,dep_hour_share_other_6,0.019264657566978285,0.01267362443,0.6591033136978284,1794.0
kreis_03102,dep_hour_share_other_7,0.07180191750545085,0.04841632628,2.3385591225450857,1794.0
kreis_03102,dep_hour_share_other_8,0.09548699262268152,0.1178466867,-2.2359694077318473,1794.0
kreis_03102,dep_hour_share_other_9,0.09088736895552701,0.1389144219,-4.802705294447299,1794.0
kreis_03102,dep_hour_share_shop_10,0.13001500953308182,0.1415361828,-1.1521173266918177,1794.0
kreis_03102,dep_hour_share_shop_11,0.10036104012007627,0.1278791152,-2.751807507992374,1794.0
kreis_03102,dep_hour_share_shop_12,0.0768731491623058,0.06074797599,1.6125173172305793,1794.0
kreis_03102,dep_hour_share_shop_13,0.05569753762524847,0.05290030681,0.27972308152484704,1794.0
kreis_03102,dep_hour_share_shop_14,0.07837410247048801,0.05309710309,2.527699938048801,1794.0
kreis_03102,dep_hour_share_shop_15,0.09297797249604478,0.09884998315,-0.587201065395522,1794.0
kreis_03102,dep_hour_share_shop_16,0.08064581558557463,0.07077933091,0.9866484675574633,1794.0
kreis_03102,dep_hour_share_shop_17,0.07232972293213256,0.0802868732,-0.7957150267867432,1794.0
kreis_03102,dep_hour_share_shop_18,0.04734087866617987,0.03013849475,1.720238391617987,1794.0
kreis_03102,dep_hour_share_shop_19,0.011115167741673766,0.02756928234,-1.6454114598326235,1794.0
kreis_03102,dep_hour_share_shop_20,0.004421727313293578,0.00764840668,-0.3226679366706422,1794.0
kreis_03102,dep_hour_share_shop_21,0.0024339783375927956,0.01330831612,-1.0874337782407204,1794.0
kreis_03102,dep_hour_share_shop_22,0.0020283152813273296,0.0,0.20283152813273297,1794.0
kreis_03102,dep_hour_share_shop_23,0.0003650967506389193,0.0,0.03650967506389193,1794.0
kreis_03102,dep_hour_share_shop_4,0.00040566305626546593,0.0,0.04056630562654659,1794.0
kreis_03102,dep_hour_share_shop_5,0.001176422863169851,0.0,0.1176422863169851,1794.0
kreis_03102,dep_hour_share_shop_6,0.009249117682852623,0.01139650326,-0.21473855771473765,1794.0
kreis_03102,dep_hour_share_shop_7,0.04072857084905278,0.03371704054,0.7011530309052778,1794.0
kreis_03102,dep_hour_share_shop_8,0.08421565048071072,0.06660087224,1.7614778240710727,1794.0
kreis_03102,dep_hour_share_shop_9,0.10705448054845645,0.1235442129,-1.6489732351543551,1794.0
kreis_03102,dep_hour_share_work_10,0.027559899868875908,0.01228181889,1.5278080978875908,1794.0
kreis_03102,dep_hour_share_work_11,0.026940040529264513,0.01691956326,1.0020477269264514,1794.0
kreis_03102,dep_hour_share_work_12,0.03170818929550602,0.03380337557,-0.2095186274493982,1794.0
kreis_03102,dep_hour_share_work_13,0.03595184169746096,0.05840194655,-2.245010485253904,1794.0
kreis_03102,dep_hour_share_work_14,0.018524257956848252,0.03017141703,-1.164715907315175,1794.0
kreis_03102,dep_hour_share_work_15,0.018524257956848252,0.02302332758,-0.4499069623151747,1794.0
kreis_03102,dep_hour_share_work_16,0.012969364644176898,0.004292362918,0.8677001726176898,1794.0
kreis_03102,dep_hour_share_work_17,0.0072952676123495055,0.00800506722,-0.07097996076504948,1794.0
kreis_03102,dep_hour_share_work_18,0.002455596614614376,0.003809781501,-0.13541848863856243,1794.0
kreis_03102,dep_hour_share_work_19,0.004076767195136488,0.003189842786,0.0886924409136488,1794.0
kreis_03102,dep_hour_share_work_20,0.011181308856836334,0.008183139739,0.2998169117836333,1794.0
kreis_03102,dep_hour_share_work_21,0.004482059840267017,0.004693160007,-0.021110016673298298,1794.0
kreis_03102,dep_hour_share_work_22,0.001382763142210037,0.0,0.1382763142210037,1794.0
kreis_03102,dep_hour_share_work_23,0.0005960185957801883,0.0,0.059601859578018834,1794.0
kreis_03102,dep_hour_share_work_4,0.03633329359876028,0.02932437751,0.7008916088760281,1794.0
kreis_03102,dep_hour_share_work_5,0.12397186792227917,0.1539003873,-2.9928519377720826,1794.0
kreis_03102,dep_hour_share_work_6,0.2171414948146382,0.2068248526,1.0316642214638212,1794.0
kreis_03102,dep_hour_share_work_7,0.23657170103707237,0.2462323274,-0.9660626362927638,1794.0
kreis_03102,dep_hour_share_work_8,0.11443557038979617,0.1193508457,-0.49152753102038316,1794.0
kreis_03102,dep_hour_share_work_9,0.04756228394325903,0.03168121451,1.588106943325903,1794.0
kreis_03102,mean_work_activity_h,6.052605664174813,7.072122757,-1.019517092825187,1794.0
kreis_03102,mobility_rate,0.8758696237075758,0.8518945471,2.3975076607575807,1794.0
kreis_03102,n_persons_unweighted,104068.0,1794.0,102274.0,1794.0
kreis_03102,n_persons_weighted,104068.0,104215.0,-147.0,1794.0
kreis_03102,n_work_activities_measured,41736.0,574.0,41162.0,1794.0
kreis_03102,nonhome_acts_per_mobile,2.0066044980800877,2.028576664,-0.021972165919912356,1794.0
kreis_03102,participation_education,0.1900584233385863,0.1930437614,-0.29853380614137115,1794.0
kreis_03102,participation_escort,0.09887765691663143,0.1004531557,-0.1575498783368573,1794.0
kreis_03102,participation_home,0.8758696237075758,0.8392071382,3.666248550757578,1794.0
kreis_03102,participation_leisure,0.3350213322058654,0.3421771265,-0.7155794294134599,1794.0
kreis_03102,participation_other,0.23584579313525772,0.1616519367,7.419385643525772,1794.0
kreis_03102,participation_shop,0.20159895452973056,0.261744458,-6.014550347026945,1794.0
kreis_03102,participation_work,0.335905369566053,0.3302091275,0.5696242066053014,1794.0
kreis_03102,purpose_share_education,0.07543536160622823,0.06829222748,0.7143134126228232,1794.0
kreis_03102,purpose_share_escort,0.05019463224749027,0.05432030239,-0.4125670142509731,1794.0
kreis_03102,purpose_share_home,0.423504010842671,0.4340319776,-1.0527966757329033,1794.0
kreis_03102,purpose_share_leisure,0.13542937292169008,0.1552222015,-1.9792828578309911,1794.0
kreis_03102,purpose_share_other,0.10553007738010811,0.06476168425,4.076839313010811,1794.0
kreis_03102,purpose_share_shop,0.07769845397380738,0.1045181978,-2.681974382619262,1794.0
kreis_03102,purpose_share_work,0.132208091028005,0.118853409,1.3354682028004994,1794.0
kreis_03102,share_mobile_first_from_home,1.0,0.9772171382,2.27828618,1794.0
kreis_03102,share_mobile_last_to_home,1.0,0.971298838,2.8701161999999947,1794.0
kreis_03102,share_mobile_odd_trip_count,0.25936368623148653,0.2177658142,4.159787203148654,1794.0
kreis_03102,share_trips_0,0.12413037629242418,0.1481054529,-2.3975076607575807,1794.0
kreis_03102,share_trips_1,0.0006630280201406773,0.005918851816,-0.5255823795859322,1794.0
kreis_03102,share_trips_2,0.369008725064381,0.3510270143,1.7981710764380987,1794.0
kreis_03102,share_trips_3,0.12536995041703503,0.1006662674,2.470368301703503,1794.0
kreis_03102,share_trips_4,0.19747664988276895,0.2131422171,-1.5665567217231058,1794.0
kreis_03102,share_trips_5,0.06901256870507745,0.04508730437,2.3925264335077454,1794.0
kreis_03102,share_trips_6,0.05751047392089787,0.07288561167,-1.5375137749102132,1794.0
kreis_03102,share_trips_7,0.026473075296921243,0.02427825241,0.21948228869212438,1794.0
kreis_03102,share_trips_8plus,0.030355152400353615,0.03888902797,-0.8533875569646382,1794.0
kreis_03102,share_trips_followed_by_same_purpose,0.09661954517516902,0.03392662003,6.269292514516903,1794.0
kreis_03102,share_trips_home_based,0.8219028257135202,0.869356787,-4.745396128647972,1794.0
kreis_03102,share_trips_unknown_purpose,0.0,0.0004134294961,-0.04134294961,1794.0
kreis_03102,share_work_activities_lt_2h,0.17708932336591912,0.06516546791,11.192385545591913,1794.0
kreis_03102,tours_per_mobile,1.4740866703236424,1.554547509,-0.08046083867635767,1794.0
kreis_03102,trips_per_mobile_person,3.4806911684037303,3.583124174,-0.10243300559626967,1794.0
kreis_03102,trips_per_person,3.0486316639120576,3.052443945,-0.003812281087942182,1794.0
kreis_03102,trips_per_person_education,0.2299746319714033,0.2083720135,0.021602618471403295,1794.0
kreis_03102,trips_per_person_escort,0.15302494522812007,0.1657411275,-0.012716182271879928,1794.0
kreis_03102,trips_per_person_home,1.291107737248722,1.324310546,-0.0332028087512779,1794.0
kreis_03102,trips_per_person_leisure,0.41287427451281855,0.4736111832,-0.06073690868718146,1794.0
kreis_03102,trips_per_person_other,0.3217223353960872,0.1975996837,0.12412265169608719,1794.0
kreis_03102,trips_per_person_shop,0.23687396702156283,0.3189040412,-0.08203007417843716,1794.0
kreis_03102,trips_per_person_work,0.40305377253334357,0.3626433793,0.040410393233343556,1794.0
kreis_03103,dep_hour_share_all_10,0.046693739792066556,,,
kreis_03103,dep_hour_share_all_11,0.05098909015548132,,,
kreis_03103,dep_hour_share_all_12,0.06378138862435298,,,
kreis_03103,dep_hour_share_all_13,0.06853069904915104,,,
kreis_03103,dep_hour_share_all_14,0.0745407355139864,,,
kreis_03103,dep_hour_share_all_15,0.08534695871430616,,,
kreis_03103,dep_hour_share_all_16,0.08578611573020956,,,
kreis_03103,dep_hour_share_all_17,0.08203601087530409,,,
kreis_03103,dep_hour_share_all_18,0.06322380724461046,,,
kreis_03103,dep_hour_share_all_19,0.03668194669916758,,,
kreis_03103,dep_hour_share_all_20,0.029221211777302983,,,
kreis_03103,dep_hour_share_all_21,0.019044118009878565,,,
kreis_03103,dep_hour_share_all_22,0.014208456486447812,,,
kreis_03103,dep_hour_share_all_23,0.006224680624293771,,,
kreis_03103,dep_hour_share_all_4,0.0046555578034254246,,,
kreis_03103,dep_hour_share_all_5,0.01553579623114462,,,
kreis_03103,dep_hour_share_all_6,0.04637300714000227,,,
kreis_03103,dep_hour_share_all_7,0.08898357355386581,,,
kreis_03103,dep_hour_share_all_8,0.056863432036751024,,,
kreis_03103,dep_hour_share_all_9,0.05017245547984072,,,
kreis_03103,dep_hour_share_education_10,0.022790775963642484,,,
kreis_03103,dep_hour_share_education_11,0.025652247096448408,,,
kreis_03103,dep_hour_share_education_12,0.026291870055546205,,,
kreis_03103,dep_hour_share_education_13,0.0370308028951355,,,
kreis_03103,dep_hour_share_education_14,0.021578858777983503,,,
kreis_03103,dep_hour_share_education_15,0.030937552600572293,,,
kreis_03103,dep_hour_share_education_16,0.018818380743982493,,,
kreis_03103,dep_hour_share_education_17,0.008382427200807945,,,
kreis_03103,dep_hour_share_education_18,0.00727150311395388,,,
kreis_03103,dep_hour_share_education_19,0.0067665376199293045,,,
kreis_03103,dep_hour_share_education_20,0.000370308028951355,,,
kreis_03103,dep_hour_share_education_21,0.000168321831341525,,,
kreis_03103,dep_hour_share_education_22,3.3664366268305e-05,,,
kreis_03103,dep_hour_share_education_23,3.3664366268305e-05,,,
kreis_03103,dep_hour_share_education_4,0.00060595859282949,,,
kreis_03103,dep_hour_share_education_5,0.00309712169668406,,,
kreis_03103,dep_hour_share_education_6,0.16744655781854906,,,
kreis_03103,dep_hour_share_education_7,0.44056556135330754,,,
kreis_03103,dep_hour_share_education_8,0.13031476182460866,,,
kreis_03103,dep_hour_share_education_9,0.050563878134994106,,,
kreis_03103,dep_hour_share_escort_10,0.019178503666478643,,,
kreis_03103,dep_hour_share_escort_11,0.03810061022511666,,,
kreis_03103,dep_hour_share_escort_12,0.07876519152863956,,,
kreis_03103,dep_hour_share_escort_13,0.07081688118558023,,,
kreis_03103,dep_hour_share_escort_14,0.1313778780575355,,,
kreis_03103,dep_hour_share_escort_15,0.1221988615968412,,,
kreis_03103,dep_hour_share_escort_16,0.07250910209732835,,,
kreis_03103,dep_hour_share_escort_17,0.04974103892108097,,,
kreis_03103,dep_hour_share_escort_18,0.03799805138198041,,,
kreis_03103,dep_hour_share_escort_19,0.01599917952925491,,,
kreis_03103,dep_hour_share_escort_20,0.011076355058714937,,,
kreis_03103,dep_hour_share_escort_21,0.007332957284241833,,,
kreis_03103,dep_hour_share_escort_22,0.0037946771960412286,,,
kreis_03103,dep_hour_share_escort_23,0.0018973385980206143,,,
kreis_03103,dep_hour_share_escort_4,0.0010255884313624941,,,
kreis_03103,dep_hour_share_escort_5,0.0024614122352699863,,,
kreis_03103,dep_hour_share_escort_6,0.042305522793702886,,,
kreis_03103,dep_hour_share_escort_7,0.16501717860622533,,,
kreis_03103,dep_hour_share_escort_8,0.09635403312650634,,,
kreis_03103,dep_hour_share_escort_9,0.02512691656838111,,,
kreis_03103,dep_hour_share_home_10,0.0329077376374114,,,
kreis_03103,dep_hour_share_home_11,0.05351501023559621,,,
kreis_03103,dep_hour_share_home_12,0.07581441029949473,,,
kreis_03103,dep_hour_share_home_13,0.08776580009229785,,,
kreis_03103,dep_hour_share_home_14,0.08760605379308713,,,
kreis_03103,dep_hour_share_home_15,0.09866996414583062,,,
kreis_03103,dep_hour_share_home_16,0.10136198511401152,,,
kreis_03103,dep_hour_share_home_17,0.10795891561845485,,,
kreis_03103,dep_hour_share_home_18,0.08698481818504537,,,
kreis_03103,dep_hour_share_home_19,0.0547633979812801,,,
kreis_03103,dep_hour_share_home_20,0.054751564922079304,,,
kreis_03103,dep_hour_share_home_21,0.038279946514572415,,,
kreis_03103,dep_hour_share_home_22,0.028742500798731495,,,
kreis_03103,dep_hour_share_home_23,0.012933533706469134,,,
kreis_03103,dep_hour_share_home_4,7.099835520477109e-05,,,
kreis_03103,dep_hour_share_home_5,0.0008283141440556627,,,
kreis_03103,dep_hour_share_home_6,0.0026683548497793133,,,
kreis_03103,dep_hour_share_home_7,0.009643943248648073,,,
kreis_03103,dep_hour_share_home_8,0.019755292335727554,,,
kreis_03103,dep_hour_share_home_9,0.027659775881858736,,,
kreis_03103,dep_hour_share_leisure_10,0.050535962416462646,,,
kreis_03103,dep_hour_share_leisure_11,0.034060080725203466,,,
kreis_03103,dep_hour_share_leisure_12,0.05149540131013035,,,
kreis_03103,dep_hour_share_leisure_13,0.05612717527956064,,,
kreis_03103,dep_hour_share_leisure_14,0.08540660358631641,,,
kreis_03103,dep_hour_share_leisure_15,0.11352808840071461,,,
kreis_03103,dep_hour_share_leisure_16,0.13026864289022697,,,
kreis_03103,dep_hour_share_leisure_17,0.13318004367101172,,,
kreis_03103,dep_hour_share_leisure_18,0.09713491695890955,,,
kreis_03103,dep_hour_share_leisure_19,0.0572024085224641,,,
kreis_03103,dep_hour_share_leisure_20,0.026549990074770064,,,
kreis_03103,dep_hour_share_leisure_21,0.00977635148547608,,,
kreis_03103,dep_hour_share_leisure_22,0.008734202342354265,,,
kreis_03103,dep_hour_share_leisure_23,0.0015714947396281347,,,
kreis_03103,dep_hour_share_leisure_4,0.0007443922450870112,,,
kreis_03103,dep_hour_share_leisure_5,0.003755045325216701,,,
kreis_03103,dep_hour_share_leisure_6,0.015847283795407927,,,
kreis_03103,dep_hour_share_leisure_7,0.030073446701515252,,,
kreis_03103,dep_hour_share_leisure_8,0.03927082644081255,,,
kreis_03103,dep_hour_share_leisure_9,0.051462317210348704,,,
kreis_03103,dep_hour_share_other_10,0.08966861598440545,,,
kreis_03103,dep_hour_share_other_11,0.08159934720522236,,,
kreis_03103,dep_hour_share_other_12,0.07207942336461308,,,
kreis_03103,dep_hour_share_other_13,0.0762953896368829,,,
kreis_03103,dep_hour_share_other_14,0.08314066820798767,,,
kreis_03103,dep_hour_share_other_15,0.08497665352010517,,,
kreis_03103,dep_hour_share_other_16,0.08740196745092706,,,
kreis_03103,dep_hour_share_other_17,0.06305816220136906,,,
kreis_03103,dep_hour_share_other_18,0.04592229928827236,,,
kreis_03103,dep_hour_share_other_19,0.022598485878779637,,,
kreis_03103,dep_hour_share_other_20,0.008930595221904892,,,
kreis_03103,dep_hour_share_other_21,0.006187950496396029,,,
kreis_03103,dep_hour_share_other_22,0.003898635477582846,,,
kreis_03103,dep_hour_share_other_23,0.0032413074028741105,,,
kreis_03103,dep_hour_share_other_4,0.002062650165465343,,,
kreis_03103,dep_hour_share_other_5,0.0029013101228523505,,,
kreis_03103,dep_hour_share_other_6,0.01874518337186636,,,
kreis_03103,dep_hour_share_other_7,0.0659594723242214,,,
kreis_03103,dep_hour_share_other_8,0.07878870302370915,,,
kreis_03103,dep_hour_share_other_9,0.09615123079015368,,,
kreis_03103,dep_hour_share_shop_10,0.11630988486793675,,,
kreis_03103,dep_hour_share_shop_11,0.09911368923176585,,,
kreis_03103,dep_hour_share_shop_12,0.08792438385206561,,,
kreis_03103,dep_hour_share_shop_13,0.0560643090603928,,,
kreis_03103,dep_hour_share_shop_14,0.0706692971349489,,,
kreis_03103,dep_hour_share_shop_15,0.08762992844733665,,,
kreis_03103,dep_hour_share_shop_16,0.09796531315332294,,,
kreis_03103,dep_hour_share_shop_17,0.07505668266541032,,,
kreis_03103,dep_hour_share_shop_18,0.054268131091546185,,,
kreis_03103,dep_hour_share_shop_19,0.011513206324902093,,,
kreis_03103,dep_hour_share_shop_20,0.00426960336856983,,,
kreis_03103,dep_hour_share_shop_21,0.00229675215688584,,,
kreis_03103,dep_hour_share_shop_22,0.0023556432378316304,,,
kreis_03103,dep_hour_share_shop_23,0.0005300197285121168,,,
kreis_03103,dep_hour_share_shop_4,0.00023556432378316305,,,
kreis_03103,dep_hour_share_shop_5,0.0011189305379700244,,,
kreis_03103,dep_hour_share_shop_6,0.008421424575248079,,,
kreis_03103,dep_hour_share_shop_7,0.033509025058154944,,,
kreis_03103,dep_hour_share_shop_8,0.06866700038279203,,,
kreis_03103,dep_hour_share_shop_9,0.11975501310326551,,,
kreis_03103,dep_hour_share_work_10,0.027837832272942533,,,
kreis_03103,dep_hour_share_work_11,0.022484402989684352,,,
kreis_03103,dep_hour_share_work_12,0.02969094240945498,,,
kreis_03103,dep_hour_share_work_13,0.03704161261762102,,,
kreis_03103,dep_hour_share_work_14,0.020013589474334424,,,
kreis_03103,dep_hour_share_work_15,0.021125455556241894,,,
kreis_03103,dep_hour_share_work_16,0.012518788477772973,,,
kreis_03103,dep_hour_share_work_17,0.008297815389050178,,,
kreis_03103,dep_hour_share_work_18,0.004653365453909033,,,
kreis_03103,dep_hour_share_work_19,0.005209298494862767,,,
kreis_03103,dep_hour_share_work_20,0.004509234665513621,,,
kreis_03103,dep_hour_share_work_21,0.003273827907838656,,,
kreis_03103,dep_hour_share_work_22,0.0009471451808841394,,,
kreis_03103,dep_hour_share_work_23,0.0008853748430003913,,,
kreis_03103,dep_hour_share_work_4,0.034859060679061915,,,
kreis_03103,dep_hour_share_work_5,0.1157987934194,,,
kreis_03103,dep_hour_share_work_6,0.21568142977742089,,,
kreis_03103,dep_hour_share_work_7,0.2525583214940186,,,
kreis_03103,dep_hour_share_work_8,0.11894908065147117,,,
kreis_03103,dep_hour_share_work_9,0.04630716330018325,,,
kreis_03103,mean_work_activity_h,5.8037923986870075,,,
kreis_03103,mobility_rate,0.8711082559032294,,,
kreis_03103,n_persons_unweighted,127642.0,,,
kreis_03103,n_persons_weighted,127642.0,,,
kreis_03103,n_work_activities_measured,48439.0,,,
kreis_03103,nonhome_acts_per_mobile,2.1252270887669753,,,
kreis_03103,participation_education,0.1843437113175914,,,
kreis_03103,participation_escort,0.09839237868413218,,,
kreis_03103,participation_home,0.8711082559032294,,,
kreis_03103,participation_leisure,0.37733661334043656,,,
kreis_03103,participation_other,0.2540543081430877,,,
kreis_03103,participation_shop,0.22565456511179705,,,
kreis_03103,participation_work,0.31235800128484353,,,
kreis_03103,purpose_share_education,0.07328741099668905,,,
kreis_03103,purpose_share_escort,0.04811236498388935,,,
kreis_03103,purpose_share_home,0.41699685682000975,,,
kreis_03103,purpose_share_leisure,0.14914561755838568,,,
kreis_03103,purpose_share_other,0.10884679341363163,,,
kreis_03103,purpose_share_shop,0.08378770459042441,,,
kreis_03103,purpose_share_work,0.11982325163697011,,,
kreis_03103,share_mobile_first_from_home,1.0,,,
kreis_03103,share_mobile_last_to_home,1.0,,,
kreis_03103,share_mobile_odd_trip_count,0.29948736397158016,,,
kreis_03103,share_trips_0,0.12889174409677065,,,
kreis_03103,share_trips_1,0.0005014023597248554,,,
kreis_03103,share_trips_2,0.33151313830870716,,,
kreis_03103,share_trips_3,0.13099920088998918,,,
kreis_03103,share_trips_4,0.18504880838595447,,,
kreis_03103,share_trips_5,0.09017408063176698,,,
kreis_03103,share_trips_6,0.06642797825167265,,,
kreis_03103,share_trips_7,0.02876012597734288,,,
kreis_03103,share_trips_8plus,0.03768352109807117,,,
kreis_03103,share_trips_followed_by_same_purpose,0.09770750169001435,,,
kreis_03103,share_trips_home_based,0.8114067334119539,,,
kreis_03103,share_trips_unknown_purpose,0.0,,,
kreis_03103,share_work_activities_lt_2h,0.19412044014120852,,,
kreis_03103,tours_per_mobile,1.52008274125371,,,
kreis_03103,trips_per_mobile_person,3.645309830020685,,,
kreis_03103,trips_per_person,3.175459488256217,,,
kreis_03103,trips_per_person_education,0.23272120461916923,,,
kreis_03103,trips_per_person_escort,0.1527788658905376,,,
kreis_03103,trips_per_person_home,1.324156625562119,,,
kreis_03103,trips_per_person_leisure,0.47360586640760877,,,
kreis_03103,trips_per_person_other,0.34563858291158084,,,
kreis_03103,trips_per_person_shop,0.2660644615408721,,,
kreis_03103,trips_per_person_work,0.380493881324329,,,
kreis_03151,dep_hour_share_all_10,0.04102097792287705,0.05327547111,-1.2254493187122948,3574.0
kreis_03151,dep_hour_share_all_11,0.04547803334483659,0.05378061782,-0.830258447516341,3574.0
kreis_03151,dep_hour_share_all_12,0.059064657431195,0.06318425229,-0.41195948588050035,3574.0
kreis_03151,dep_hour_share_all_13,0.0662697130211386,0.06681356015,-0.054384712886140774,3574.0
kreis_03151,dep_hour_share_all_14,0.07339077657936974,0.07630277758,-0.2912001000630257,3574.0
kreis_03151,dep_hour_share_all_15,0.08890739148138208,0.08661967614,0.2287715341382071,3574.0
kreis_03151,dep_hour_share_all_16,0.09074060886919337,0.09032553549,0.041507337919337306,3574.0
kreis_03151,dep_hour_share_all_17,0.07642909703088167,0.08789306024,-1.1463963209118329,3574.0
kreis_03151,dep_hour_share_all_18,0.06301228292168108,0.06343424151,-0.04219585883189214,3574.0
kreis_03151,dep_hour_share_all_19,0.04175316932976185,0.03569009255,0.6063076779761853,3574.0
kreis_03151,dep_hour_share_all_20,0.02751651995449823,0.0220156406,0.5500879354498229,3574.0
kreis_03151,dep_hour_share_all_21,0.01764928214201592,0.01401562092,0.3633661222015919,3574.0
kreis_03151,dep_hour_share_all_22,0.01436081150909944,0.009160260505,0.5200551004099441,3574.0
kreis_03151,dep_hour_share_all_23,0.007497201787204362,0.001397038088,0.6100163699204362,3574.0
kreis_03151,dep_hour_share_all_4,0.00424707534267836,0.002267490539,0.197958480367836,3574.0
kreis_03151,dep_hour_share_all_5,0.016688851518521158,0.009547669686,0.7141181832521157,3574.0
kreis_03151,dep_hour_share_all_6,0.05092290809628408,0.03465618137,1.6266726726284084,3574.0
kreis_03151,dep_hour_share_all_7,0.09900286851047435,0.107848736,-0.884586748952565,3574.0
kreis_03151,dep_hour_share_all_8,0.05717666263139732,0.07190555352,-1.472889088860268,3574.0
kreis_03151,dep_hour_share_all_9,0.0468766832642225,0.04831656661,-0.14398833457774998,3574.0
kreis_03151,dep_hour_share_education_10,0.01591794276314198,0.01203153858,0.38864041831419804,3574.0
kreis_03151,dep_hour_share_education_11,0.026005757553765392,0.009096817215,1.6908940338765392,3574.0
kreis_03151,dep_hour_share_education_12,0.02670730822265767,0.01586000299,1.084730523265767,3574.0
kreis_03151,dep_hour_share_education_13,0.028134600962817814,0.01389920682,1.4235394142817814,3574.0
kreis_03151,dep_hour_share_education_14,0.02341727749957665,0.01103366649,1.2383611009576652,3574.0
kreis_03151,dep_hour_share_education_15,0.032876115828434575,0.03138602005,0.14900957784345775,3574.0
kreis_03151,dep_hour_share_education_16,0.016038899775019957,0.00656040349,0.9478496285019957,3574.0
kreis_03151,dep_hour_share_education_17,0.007862205772068608,0.01918744175,-1.1325235977931392,3574.0
kreis_03151,dep_hour_share_education_18,0.0032658393207054214,0.01088533825,-0.7619498929294578,3574.0
kreis_03151,dep_hour_share_education_19,0.007209037907927523,0.0,0.7209037907927522,3574.0
kreis_03151,dep_hour_share_education_20,0.0005805936570142972,0.0,0.058059365701429715,3574.0
kreis_03151,dep_hour_share_education_21,0.0002902968285071486,0.0,0.029029682850714857,3574.0
kreis_03151,dep_hour_share_education_22,0.0001451484142535743,0.0,0.014514841425357429,3574.0
kreis_03151,dep_hour_share_education_23,7.257420712678714e-05,0.0,0.007257420712678714,3574.0
kreis_03151,dep_hour_share_education_4,0.0007015506688922757,0.0,0.07015506688922757,3574.0
kreis_03151,dep_hour_share_education_5,0.0040883470014756755,0.001631845133,0.24565018684756756,3574.0
kreis_03151,dep_hour_share_education_6,0.17236374192611945,0.09518298409,7.718075783611944,3574.0
kreis_03151,dep_hour_share_education_7,0.4884002225609019,0.5934328793,-10.503265673909812,3574.0
kreis_03151,dep_hour_share_education_8,0.11519945811258679,0.1648780037,-4.967854558741321,3574.0
kreis_03151,dep_hour_share_education_9,0.02895710864358807,0.01493385218,1.402325646358807,3574.0
kreis_03151,dep_hour_share_escort_10,0.011647031181821234,0.006751716853,0.48953143288212336,3574.0
kreis_03151,dep_hour_share_escort_11,0.028731581243916355,0.06136858157,-3.2637000326083645,3574.0
kreis_03151,dep_hour_share_escort_12,0.060517571241566814,0.04996301876,1.0554552481566817,3574.0
kreis_03151,dep_hour_share_escort_13,0.07575605007887759,0.1096775581,-3.392150802112241,3574.0
kreis_03151,dep_hour_share_escort_14,0.12563353807941463,0.09279235286,3.2841185219414633,3574.0
kreis_03151,dep_hour_share_escort_15,0.11381868224079482,0.1053799514,0.8438730840794815,3574.0
kreis_03151,dep_hour_share_escort_16,0.08018662101836002,0.06455789437,1.5628726648360027,3574.0
kreis_03151,dep_hour_share_escort_17,0.06303494109354546,0.02937674321,3.365819788354546,3574.0
kreis_03151,dep_hour_share_escort_18,0.05172355922532138,0.02991605405,2.180750517532138,3574.0
kreis_03151,dep_hour_share_escort_19,0.02638203604873628,0.02766531207,-0.12832760212637198,3574.0
kreis_03151,dep_hour_share_escort_20,0.005706038331151613,0.009548458349,-0.3842420017848387,3574.0
kreis_03151,dep_hour_share_escort_21,0.007854193938173397,0.004706234511,0.3147959427173397,3574.0
kreis_03151,dep_hour_share_escort_22,0.00181250629342463,0.005124866326,-0.331236003257537,3574.0
kreis_03151,dep_hour_share_escort_23,0.0019467660188634914,0.0,0.19467660188634914,3574.0
kreis_03151,dep_hour_share_escort_4,0.0005034739703957305,0.0,0.05034739703957305,3574.0
kreis_03151,dep_hour_share_escort_5,0.0015775517739066223,0.0005417023648,0.10358494091066224,3574.0
kreis_03151,dep_hour_share_escort_6,0.047460812942637536,0.01546537353,3.1995439412637534,3574.0
kreis_03151,dep_hour_share_escort_7,0.1906488101231833,0.2216046364,-3.09558262768167,3574.0
kreis_03151,dep_hour_share_escort_8,0.07679656295102877,0.1450352227,-6.823865974897123,3574.0
kreis_03151,dep_hour_share_escort_9,0.02138086127613869,0.0198520364,0.15288248761386908,3574.0
kreis_03151,dep_hour_share_home_10,0.03006012898496339,0.04084502196,-1.0784892975036608,3574.0
kreis_03151,dep_hour_share_home_11,0.04353460689257944,0.06061309749,-1.707849059742056,3574.0
kreis_03151,dep_hour_share_home_12,0.07414017296901045,0.06997066698,0.4169505989010447,3574.0
kreis_03151,dep_hour_share_home_13,0.08293261888346845,0.0853597357,-0.24271168165315438,3574.0
kreis_03151,dep_hour_share_home_14,0.0885964376412682,0.0949945457,-0.6398108058731797,3574.0
kreis_03151,dep_hour_share_home_15,0.11006047806470193,0.0966377123,1.342276576470193,3574.0
kreis_03151,dep_hour_share_home_16,0.11095063139797709,0.09912547335,1.1825158047977082,3574.0
kreis_03151,dep_hour_share_home_17,0.10039533280389573,0.117556205,-1.7160872196104267,3574.0
kreis_03151,dep_hour_share_home_18,0.0907694590136752,0.08895521924,0.18142397736752025,3574.0
kreis_03151,dep_hour_share_home_19,0.06022061839475682,0.05168985603,0.8530762364756819,3574.0
kreis_03151,dep_hour_share_home_20,0.050559836630682364,0.04145329759,0.9106539040682364,3574.0
kreis_03151,dep_hour_share_home_21,0.03199315803712463,0.02711545077,0.487770726712463,3574.0
kreis_03151,dep_hour_share_home_22,0.028362728756316163,0.01784287486,1.0519853896316163,3574.0
kreis_03151,dep_hour_share_home_23,0.015734769214657857,0.003038706035,1.2696063179657857,3574.0
kreis_03151,dep_hour_share_home_4,5.672545751263232e-05,0.0003981406923,-0.034141523478736766,3574.0
kreis_03151,dep_hour_share_home_5,0.0005192561110771728,0.001682486915,-0.1163230803922827,3574.0
kreis_03151,dep_hour_share_home_6,0.0019504830390882036,0.006112698831,-0.4162215791911797,3574.0
kreis_03151,dep_hour_share_home_7,0.010834562384912774,0.02255023855,-1.1715676165087225,3574.0
kreis_03151,dep_hour_share_home_8,0.019400106469320253,0.03620096444,-1.6800857970679743,3574.0
kreis_03151,dep_hour_share_home_9,0.029619415815057556,0.03585285143,-0.6233435614942443,3574.0
kreis_03151,dep_hour_share_leisure_10,0.04153688953452585,0.05570669057,-1.4169801035474154,3574.0
kreis_03151,dep_hour_share_leisure_11,0.03475359785298354,0.03804554098,-0.32919431270164584,3574.0
kreis_03151,dep_hour_share_leisure_12,0.04017038249886124,0.04699122706,-0.682084456113876,3574.0
kreis_03151,dep_hour_share_leisure_13,0.05448792918785163,0.03195226994,2.2535659247851627,3574.0
kreis_03151,dep_hour_share_leisure_14,0.0746531411195509,0.08200482232,-0.7351681200449101,3574.0
kreis_03151,dep_hour_share_leisure_15,0.10933287372736337,0.1303417906,-2.100891687263663,3574.0
kreis_03151,dep_hour_share_leisure_16,0.15996749929212473,0.1547659692,0.5201530092124734,3574.0
kreis_03151,dep_hour_share_leisure_17,0.12687586945549004,0.1219572218,0.49186476554900355,3574.0
kreis_03151,dep_hour_share_leisure_18,0.0942766745866624,0.1133825256,-1.9105851013337602,3574.0
kreis_03151,dep_hour_share_leisure_19,0.06425045242462667,0.05896213968,0.5288312744626669,3574.0
kreis_03151,dep_hour_share_leisure_20,0.02165482770931564,0.01869717184,0.295765586931564,3574.0
kreis_03151,dep_hour_share_leisure_21,0.01458838592128427,0.005146799563,0.9441586358284269,3574.0
kreis_03151,dep_hour_share_leisure_22,0.011830750101564712,0.003231748698,0.8599001403564713,3574.0
kreis_03151,dep_hour_share_leisure_23,0.002252889977717318,0.0006512571564,0.16016328213173178,3574.0
kreis_03151,dep_hour_share_leisure_4,0.00016004136453729578,0.003016775514,-0.2856734149462704,3574.0
kreis_03151,dep_hour_share_leisure_5,0.0026345270777677924,0.003321333035,-0.06868059572322076,3574.0
kreis_03151,dep_hour_share_leisure_6,0.018072363318519247,0.008843545751,0.9228817567519247,3574.0
kreis_03151,dep_hour_share_leisure_7,0.026948503613241578,0.01727750194,0.9671001673241579,3574.0
kreis_03151,dep_hour_share_leisure_8,0.04708909379655049,0.05617735909,-0.9088265293449506,3574.0
kreis_03151,dep_hour_share_leisure_9,0.051237858400325006,0.04850358488,0.2734273520325008,3574.0
kreis_03151,dep_hour_share_other_10,0.08604944955784155,0.1237126258,-3.766317624215845,3574.0
kreis_03151,dep_hour_share_other_11,0.09232990434939542,0.0903879872,0.1941917149395414,3574.0
kreis_03151,dep_hour_share_other_12,0.06493412741382422,0.07820017067,-1.326604325617578,3574.0
kreis_03151,dep_hour_share_other_13,0.08182638512903807,0.0630453521,1.8781033029038081,3574.0
kreis_03151,dep_hour_share_other_14,0.07978704205017145,0.08562378072,-0.5836738669828547,3574.0
kreis_03151,dep_hour_share_other_15,0.07978704205017145,0.1008998158,-2.111277374982855,3574.0
kreis_03151,dep_hour_share_other_16,0.07397581663959574,0.09468582851,-2.071001187040426,3574.0
kreis_03151,dep_hour_share_other_17,0.05637971485291464,0.03513973227,2.1239982582914636,3574.0
kreis_03151,dep_hour_share_other_18,0.04279011008843169,0.02164090522,2.114920486843169,3574.0
kreis_03151,dep_hour_share_other_19,0.03566143295434037,0.01225358956,2.340784339434037,3574.0
kreis_03151,dep_hour_share_other_20,0.018931600794080492,0.005215719467,1.3715881327080492,3574.0
kreis_03151,dep_hour_share_other_21,0.011351741562894785,0.003600892744,0.7750848818894784,3574.0
kreis_03151,dep_hour_share_other_22,0.004746435661432955,0.01051023822,-0.5763802558567046,3574.0
kreis_03151,dep_hour_share_other_23,0.0032846056668471395,0.0,0.32846056668471396,3574.0
kreis_03151,dep_hour_share_other_4,0.0007760332070023461,0.0,0.07760332070023461,3574.0
kreis_03151,dep_hour_share_other_5,0.002977801840822956,0.0006855590116,0.22922428292229557,3574.0
kreis_03151,dep_hour_share_other_6,0.017505865367262227,0.01884942288,-0.13435575127377747,3574.0
kreis_03151,dep_hour_share_other_7,0.06672080851831799,0.03849861215,2.8222196368317993,3574.0
kreis_03151,dep_hour_share_other_8,0.08036455513445226,0.109142914,-2.8778358865547733,3574.0
kreis_03151,dep_hour_share_other_9,0.08904529868254828,0.1079068537,-1.8861555017451723,3574.0
kreis_03151,dep_hour_share_shop_10,0.11064043113172077,0.1223811126,-1.1740681468279224,3574.0
kreis_03151,dep_hour_share_shop_11,0.08575009399674145,0.09411248034,-0.8362386343258545,3574.0
kreis_03151,dep_hour_share_shop_12,0.08559969921042737,0.1020627898,-1.6463090589572626,3574.0
kreis_03151,dep_hour_share_shop_13,0.058879558841960146,0.07210519603,-1.3225637188039854,3574.0
kreis_03151,dep_hour_share_shop_14,0.08091239503697205,0.07698168234,0.39307126969720524,3574.0
kreis_03151,dep_hour_share_shop_15,0.10765760120315829,0.07081403551,3.684356569315829,3574.0
kreis_03151,dep_hour_share_shop_16,0.08424614613360071,0.1143379935,-3.009184736639929,3574.0
kreis_03151,dep_hour_share_shop_17,0.06549692943977942,0.1143724742,-4.887554476022059,3574.0
kreis_03151,dep_hour_share_shop_18,0.04276225090863517,0.02866793894,1.4094311968635171,3574.0
kreis_03151,dep_hour_share_shop_19,0.015590926181225718,0.01471347049,0.08774556912257182,3574.0
kreis_03151,dep_hour_share_shop_20,0.004336383005389147,0.002839077483,0.14973055223891468,3574.0
kreis_03151,dep_hour_share_shop_21,0.0010276977064795087,0.004475480917,-0.3447783210520491,3574.0
kreis_03151,dep_hour_share_shop_22,0.0005765133475372854,0.0005915770036,-0.0015063656062714627,3574.0
kreis_03151,dep_hour_share_shop_23,0.0005263817520992606,0.0,0.05263817520992606,3574.0
kreis_03151,dep_hour_share_shop_4,2.5065797719012406e-05,0.0,0.0025065797719012405,3574.0
kreis_03151,dep_hour_share_shop_5,0.0007519739315703722,0.001394360309,-0.06423863774296278,3574.0
kreis_03151,dep_hour_share_shop_6,0.01446296528387016,0.005051757983,0.941120730087016,3574.0
kreis_03151,dep_hour_share_shop_7,0.04704850231858629,0.0227578817,2.429062061858629,3574.0
kreis_03151,dep_hour_share_shop_8,0.08071186865521995,0.06498539394,1.5726474715219956,3574.0
kreis_03151,dep_hour_share_shop_9,0.11124201027697707,0.08735529681,2.3886713466977074,3574.0
kreis_03151,dep_hour_share_work_10,0.028461310406166618,0.04095154438,-1.2490233973833385,3574.0
kreis_03151,dep_hour_share_work_11,0.0231389324185055,0.01603574633,0.7103186088505499,3574.0
kreis_03151,dep_hour_share_work_12,0.030691909138395944,0.0507651394,-2.0073230261604054,3574.0
kreis_03151,dep_hour_share_work_13,0.03612722883401804,0.05127197728,-1.514474844598196,3574.0
kreis_03151,dep_hour_share_work_14,0.020696567983849334,0.02269270829,-0.19961403061506644,3574.0
kreis_03151,dep_hour_share_work_15,0.015840074541527253,0.01672250101,-0.08824264684727488,3574.0
kreis_03151,dep_hour_share_work_16,0.010771815396778338,0.006487427178,0.42843882187783383,3574.0
kreis_03151,dep_hour_share_work_17,0.008527098951053887,0.008516547155,0.0010551796053887008,3574.0
kreis_03151,dep_hour_share_work_18,0.004192960908051332,0.003206143128,0.09868177800513317,3574.0
kreis_03151,dep_hour_share_work_19,0.0023294227266951843,0.001482325267,0.08470974596951843,3574.0
kreis_03151,dep_hour_share_work_20,0.0043482557564976775,0.001322132511,0.3026123245497677,3574.0
kreis_03151,dep_hour_share_work_21,0.0032894272443635027,0.005578870895,-0.22894436506364974,3574.0
kreis_03151,dep_hour_share_work_22,0.0008188273827170952,0.0,0.08188273827170951,3574.0
kreis_03151,dep_hour_share_work_23,0.0007482388152414835,0.0,0.07482388152414834,3574.0
kreis_03151,dep_hour_share_work_4,0.031228382251210593,0.01329083293,1.7937549321210593,3574.0
kreis_03151,dep_hour_share_work_5,0.11853232250504708,0.06582489289,5.270742961504708,3574.0
kreis_03151,dep_hour_share_work_6,0.2243022320105036,0.1816646257,4.263760631050359,3574.0
kreis_03151,dep_hour_share_work_7,0.25561532054268493,0.3321687438,-7.655342325731507,3574.0
kreis_03151,dep_hour_share_work_8,0.11745937627941778,0.1202209262,-0.27615499205822097,3574.0
kreis_03151,dep_hour_share_work_9,0.04965199836234523,0.05773481954,-0.808282117765477,3574.0
kreis_03151,mean_work_activity_h,6.020126750413316,6.28423715,-0.26411039958668425,3574.0
kreis_03151,mobility_rate,0.873057367751297,0.8358940444,3.7163323351297017,3574.0
kreis_03151,n_persons_unweighted,173669.0,3574.0,170095.0,3574.0
kreis_03151,n_persons_weighted,173669.0,107068.0,66601.0,3574.0
kreis_03151,n_work_activities_measured,70769.0,1236.0,69533.0,3574.0
kreis_03151,nonhome_acts_per_mobile,2.1005850035944413,2.139120026,-0.03853502240555873,3574.0
kreis_03151,participation_education,0.19143312853762043,0.1826494134,0.878371513762044,3574.0
kreis_03151,participation_escort,0.11289291698576027,0.1150801247,-0.21872077142397195,3574.0
kreis_03151,participation_home,0.873057367751297,0.831216451,4.184091675129709,3574.0
kreis_03151,participation_leisure,0.3761005130449303,0.3821445253,-0.6044012255069675,3574.0
kreis_03151,participation_other,0.22951706982823647,0.1633809278,6.613614202823648,3574.0
kreis_03151,participation_shop,0.19762882264537712,0.2605779723,-6.294914965462289,3574.0
kreis_03151,participation_work,0.3386499605571518,0.3239381085,1.4711852057151809,3574.0
kreis_03151,purpose_share_education,0.07547779597605131,0.06233506775,1.314272822605131,3574.0
kreis_03151,purpose_share_escort,0.05439944784368718,0.05977979352,-0.538034567631282,3574.0
kreis_03151,purpose_share_home,0.41845195381898986,0.4268124939,-0.8360540081010115,3574.0
kreis_03151,purpose_share_leisure,0.14831714660809137,0.1617405157,-1.342336909190864,3574.0
kreis_03151,purpose_share_other,0.10117387993886841,0.06494569828,3.6228181658868404,3574.0
kreis_03151,purpose_share_shop,0.07284482837323868,0.1036245534,-3.077972502676132,3574.0
kreis_03151,purpose_share_work,0.1293349474410732,0.1207618773,0.8573070141073211,3574.0
kreis_03151,share_mobile_first_from_home,1.0,0.9778671254,2.213287460000002,3574.0
kreis_03151,share_mobile_last_to_home,1.0,0.9850407459,1.4959254099999986,3574.0
kreis_03151,share_mobile_odd_trip_count,0.2635022391062042,0.2196672558,4.383498330620419,3574.0
kreis_03151,share_trips_0,0.126942632248703,0.1641059556,-3.716332335129699,3574.0
kreis_03151,share_trips_1,0.0006852115230697476,0.004752026205,-0.4066814681930252,3574.0
kreis_03151,share_trips_2,0.35332154846288055,0.3298549021,2.346664636288054,3574.0
kreis_03151,share_trips_3,0.11439001779246728,0.07512812162,3.9261896172467283,3574.0
kreis_03151,share_trips_4,0.19572289815683858,0.222638183,-2.6915284843161413,3574.0
kreis_03151,share_trips_5,0.07900085795392385,0.05928519041,1.971566754392385,3574.0
kreis_03151,share_trips_6,0.06325250908337124,0.06692578753,-0.3673278446628764,3574.0
kreis_03151,share_trips_7,0.026775072119952323,0.02800039044,-0.12253183200476789,3574.0
kreis_03151,share_trips_8plus,0.03990925265879345,0.04930944301,-0.9400190351206552,3574.0
kreis_03151,share_trips_followed_by_same_purpose,0.09025308990251446,0.04155748233,4.869560757251446,3574.0
kreis_03151,share_trips_home_based,0.8156904418893824,0.8513942199,-3.5703778010617526,3574.0
kreis_03151,share_trips_unknown_purpose,0.0,0.0003608672198,-0.03608672198,3574.0
kreis_03151,share_work_activities_lt_2h,0.17165708149048312,0.1076775839,6.397949759048312,3574.0
kreis_03151,tours_per_mobile,1.5114725338504054,1.591849944,-0.08037741014959465,3574.0
kreis_03151,trips_per_mobile_person,3.612057537444847,3.73096997,-0.11891243255515294,3574.0
kreis_03151,trips_per_person,3.1535334458078297,3.118695578,0.0348378678078296,3574.0
kreis_03151,trips_per_person_education,0.23802175402633746,0.1943339461,0.043687807926337474,3574.0
kreis_03151,trips_per_person_escort,0.17155047820854613,0.1863676994,-0.014817221191453872,3574.0
kreis_03151,trips_per_person_home,1.319602231831818,1.330617888,-0.011015656168182009,3574.0
kreis_03151,trips_per_person_leisure,0.4677230824153994,0.5042374028,-0.03651432038460056,3574.0
kreis_03151,trips_per_person_other,0.31905521422936733,0.2024727699,0.11658244432936735,3574.0
kreis_03151,trips_per_person_shop,0.22971860262913935,0.3230568139,-0.09333821127086067,3574.0
kreis_03151,trips_per_person_work,0.4078620824672221,0.3764836232,0.0313784592672221,3574.0
kreis_03153,dep_hour_share_all_10,0.048859074321888685,0.05240737785,-0.3548303528111314,2258.0
kreis_03153,dep_hour_share_all_11,0.054108171901773236,0.06342503556,-0.9316863658226759,2258.0
kreis_03153,dep_hour_share_all_12,0.062371920537649804,0.06509816517,-0.27262446323501954,2258.0
kreis_03153,dep_hour_share_all_13,0.06813457046777706,0.08363069951,-1.5496129042222946,2258.0
kreis_03153,dep_hour_share_all_14,0.07771676600283442,0.07815669826,-0.04399322571655845,2258.0
kreis_03153,dep_hour_share_all_15,0.08461021870416915,0.09058075282,-0.5970534115830844,2258.0
kreis_03153,dep_hour_share_all_16,0.08852605537476976,0.08266902457,0.5857030804769764,2258.0
kreis_03153,dep_hour_share_all_17,0.07494407711186059,0.07316620234,0.1777874771860588,2258.0
kreis_03153,dep_hour_share_all_18,0.062021322298541806,0.05813579809,0.3885524208541803,2258.0
kreis_03153,dep_hour_share_all_19,0.036778249082765876,0.03465676472,0.21214843627658797,2258.0
kreis_03153,dep_hour_share_all_20,0.02661830715368548,0.02049735222,0.6120954933685477,2258.0
kreis_03153,dep_hour_share_all_21,0.01896193293203826,0.01381516028,0.514677265203826,2258.0
kreis_03153,dep_hour_share_all_22,0.013589385267960753,0.009684183882,0.3905201385960754,2258.0
kreis_03153,dep_hour_share_all_23,0.007088503834359615,0.001554154463,0.5534349371359615,2258.0
kreis_03153,dep_hour_share_all_4,0.0045849361269264385,0.002316186677,0.22687494499264385,2258.0
kreis_03153,dep_hour_share_all_5,0.01664354035089452,0.01754223423,-0.08986938791054784,2258.0
kreis_03153,dep_hour_share_all_6,0.04699497805057503,0.03561214906,1.138282899057503,2258.0
kreis_03153,dep_hour_share_all_7,0.08514105406619887,0.1024405401,-1.7299486033801132,2258.0
kreis_03153,dep_hour_share_all_8,0.058841248129731225,0.0641592531,-0.5318004970268769,2258.0
kreis_03153,dep_hour_share_all_9,0.05231320767760764,0.0486711927,0.36420149776076394,2258.0
kreis_03153,dep_hour_share_education_10,0.01929630449214428,0.001404834904,1.789146958814428,2258.0
kreis_03153,dep_hour_share_education_11,0.024474441248063732,0.01986929254,0.46051487080637327,2258.0
kreis_03153,dep_hour_share_education_12,0.016198273954414692,0.02122449286,-0.5026218905585307,2258.0
kreis_03153,dep_hour_share_education_13,0.019871653020579774,0.02026308408,-0.03914310594202268,2258.0
kreis_03153,dep_hour_share_education_14,0.027705244523124586,0.005568766728,2.2136477795124585,2258.0
kreis_03153,dep_hour_share_education_15,0.04089400309803054,0.01293126717,2.796273592803054,2258.0
kreis_03153,dep_hour_share_education_16,0.015268864793095818,0.007478930673,0.7789934120095818,2258.0
kreis_03153,dep_hour_share_education_17,0.006550121708342554,0.009788265114,-0.3238143405657446,2258.0
kreis_03153,dep_hour_share_education_18,0.009780924983403407,0.002165938638,0.7614986345403407,2258.0
kreis_03153,dep_hour_share_education_19,0.008010621818986501,0.0,0.8010621818986501,2258.0
kreis_03153,dep_hour_share_education_20,0.0005310909493250719,0.0,0.05310909493250719,2258.0
kreis_03153,dep_hour_share_education_21,0.0002212878955521133,0.0,0.02212878955521133,2258.0
kreis_03153,dep_hour_share_education_22,0.00017703031644169064,0.0,0.017703031644169063,2258.0
kreis_03153,dep_hour_share_education_23,0.00013277273733126798,0.0,0.013277273733126798,2258.0
kreis_03153,dep_hour_share_education_4,0.0003540606328833813,0.0,0.035406063288338126,2258.0
kreis_03153,dep_hour_share_education_5,0.002478424430183669,0.009747126451,-0.7268702020816331,2258.0
kreis_03153,dep_hour_share_education_6,0.17300287674264217,0.05344687683,11.955599991264219,2258.0
kreis_03153,dep_hour_share_education_7,0.4739986722726267,0.6515028391,-17.750416682737324,2258.0
kreis_03153,dep_hour_share_education_8,0.12378844877185217,0.1431430873,-1.9354638528147825,2258.0
kreis_03153,dep_hour_share_education_9,0.03704359371542377,0.04146519763,-0.44216039145762304,2258.0
kreis_03153,dep_hour_share_escort_10,0.02218645321268543,0.02300717273,-0.08207195173145707,2258.0
kreis_03153,dep_hour_share_escort_11,0.04328533518945491,0.03402464192,0.926069326945491,2258.0
kreis_03153,dep_hour_share_escort_12,0.05898986383608126,0.06737372291,-0.838385907391874,2258.0
kreis_03153,dep_hour_share_escort_13,0.06977857049636751,0.09148280048,-2.170422998363249,2258.0
kreis_03153,dep_hour_share_escort_14,0.13773002131639622,0.1197980689,1.7931952416396224,2258.0
kreis_03153,dep_hour_share_escort_15,0.1142819854700483,0.1255578193,-1.1275833829951718,2258.0
kreis_03153,dep_hour_share_escort_16,0.08731021881933267,0.06627425959,2.103595922933267,2258.0
kreis_03153,dep_hour_share_escort_17,0.05820681254622178,0.05926481512,-0.10580025737782217,2258.0
kreis_03153,dep_hour_share_escort_18,0.04311132379170836,0.03847381402,0.4637509771708362,2258.0
kreis_03153,dep_hour_share_escort_19,0.02062035063296646,0.02083021503,-0.020986439703354204,2258.0
kreis_03153,dep_hour_share_escort_20,0.005916387523382782,0.005588668526,0.03277189973827817,2258.0
kreis_03153,dep_hour_share_escort_21,0.004959324835776743,0.009504298913,-0.45449740772232566,2258.0
kreis_03153,dep_hour_share_escort_22,0.002610170966198286,0.007078376325,-0.44682053588017134,2258.0
kreis_03153,dep_hour_share_escort_23,0.001740113977465524,0.0,0.17401139774655242,2258.0
kreis_03153,dep_hour_share_escort_4,0.0020446339235219908,0.003014229552,-0.09695956284780094,2258.0
kreis_03153,dep_hour_share_escort_5,0.0028276852133814765,0.006069739354,-0.3242054140618523,2258.0
kreis_03153,dep_hour_share_escort_6,0.04628703180058294,0.01820250643,2.808452537058294,2258.0
kreis_03153,dep_hour_share_escort_7,0.16470178796711185,0.2125039425,-4.780215453288814,2258.0
kreis_03153,dep_hour_share_escort_8,0.075129420977074,0.083059687,-0.7930266022926,2258.0
kreis_03153,dep_hour_share_escort_9,0.035324313742550136,0.008891221396,2.6433092346550136,2258.0
kreis_03153,dep_hour_share_home_10,0.03589597129750281,0.04697630147,-1.108033017249719,2258.0
kreis_03153,dep_hour_share_home_11,0.05590561019581244,0.05563228183,0.027332836581243913,2258.0
kreis_03153,dep_hour_share_home_12,0.07727778471937122,0.07429116762,0.29866170993712166,2258.0
kreis_03153,dep_hour_share_home_13,0.0852685504167931,0.1166993292,-3.1430778783206894,2258.0
kreis_03153,dep_hour_share_home_14,0.08617889081270193,0.09251609461,-0.6337203797298074,2258.0
kreis_03153,dep_hour_share_home_15,0.10139288030511279,0.09748987173,0.390300857511279,2258.0
kreis_03153,dep_hour_share_home_16,0.11157917283972654,0.1155813595,-0.4002186660273452,2258.0
kreis_03153,dep_hour_share_home_17,0.10070268758664597,0.09717924799,0.3523439596645972,2258.0
kreis_03153,dep_hour_share_home_18,0.08347761931111627,0.07562310874,0.7854510571116274,2258.0
kreis_03153,dep_hour_share_home_19,0.054703722875723663,0.04678991945,0.7913803425723662,2258.0
kreis_03153,dep_hour_share_home_20,0.0507113149956268,0.03563306282,1.5078252175626798,2258.0
kreis_03153,dep_hour_share_home_21,0.035842421862449354,0.02619473525,0.9647686612449354,2258.0
kreis_03153,dep_hour_share_home_22,0.026078574871035112,0.01954933901,0.6529235861035112,2258.0
kreis_03153,dep_hour_share_home_23,0.014386948217696304,0.00351613514,1.0870813077696304,2258.0
kreis_03153,dep_hour_share_home_4,7.139924673794691e-05,0.0004532785685,-0.03818793217620531,2258.0
kreis_03153,dep_hour_share_home_5,0.000832991211942714,0.001566574905,-0.07335836930572859,2258.0
kreis_03153,dep_hour_share_home_6,0.0024811238241436552,0.009642484395,-0.7161360570856344,2258.0
kreis_03153,dep_hour_share_home_7,0.010085143601735002,0.01614052634,-0.6055382738264997,2258.0
kreis_03153,dep_hour_share_home_8,0.02066413199340747,0.03842244978,-1.775831778659253,2258.0
kreis_03153,dep_hour_share_home_9,0.027786206855517675,0.02769443898,0.009176787551767526,2258.0
kreis_03153,dep_hour_share_leisure_10,0.051503286501426215,0.03417401908,1.7329267421426215,2258.0
kreis_03153,dep_hour_share_leisure_11,0.044859415693708694,0.05916144904,-1.4302033346291307,2258.0
kreis_03153,dep_hour_share_leisure_12,0.04542635933596726,0.08092315418,-3.5496794844032737,2258.0
kreis_03153,dep_hour_share_leisure_13,0.05070602200450011,0.06058897899,-0.9882956985499889,2258.0
kreis_03153,dep_hour_share_leisure_14,0.07876973229629892,0.09461195817,-1.5842225873701072,2258.0
kreis_03153,dep_hour_share_leisure_15,0.09985294899278918,0.1225532912,-2.2700342207210817,2258.0
kreis_03153,dep_hour_share_leisure_16,0.12695994188827667,0.09253483615,3.4425105738276676,2258.0
kreis_03153,dep_hour_share_leisure_17,0.11459348369151179,0.09274307075,2.1850412941511785,2258.0
kreis_03153,dep_hour_share_leisure_18,0.10238647839413213,0.1140735686,-1.1687090205867863,2258.0
kreis_03153,dep_hour_share_leisure_19,0.05825345924206722,0.05972580881,-0.1472349567932782,2258.0
kreis_03153,dep_hour_share_leisure_20,0.02205765108162217,0.02933975379,-0.7282102708377831,2258.0
kreis_03153,dep_hour_share_leisure_21,0.013783817302411282,0.01128810366,0.24957136424112822,2258.0
kreis_03153,dep_hour_share_leisure_22,0.013500345481282,0.001770099209,1.1730246272282001,2258.0
kreis_03153,dep_hour_share_leisure_23,0.003525680775295431,0.0005879270829,0.2937753692395431,2258.0
kreis_03153,dep_hour_share_leisure_4,0.0007263965416437823,0.0,0.07263965416437823,2258.0
kreis_03153,dep_hour_share_leisure_5,0.004004039473451093,0.005110367107,-0.11063276335489076,2258.0
kreis_03153,dep_hour_share_leisure_6,0.01583898800559857,0.01739545402,-0.15564660144014308,2258.0
kreis_03153,dep_hour_share_leisure_7,0.031164183335400317,0.02188765176,0.9276531575400315,2258.0
kreis_03153,dep_hour_share_leisure_8,0.053629325159895824,0.05173752422,0.1891800939895827,2258.0
kreis_03153,dep_hour_share_leisure_9,0.06330280105593253,0.04720474733,1.609805372593253,2258.0
kreis_03153,dep_hour_share_other_10,0.0887831609354092,0.1315819366,-4.279877566459081,2258.0
kreis_03153,dep_hour_share_other_11,0.0806057645334636,0.1243874101,-4.37816455665364,2258.0
kreis_03153,dep_hour_share_other_12,0.06658737070155689,0.04761661363,1.897075707155689,2258.0
kreis_03153,dep_hour_share_other_13,0.07807820564558951,0.04756339058,3.0514815065589507,2258.0
kreis_03153,dep_hour_share_other_14,0.09126823984197446,0.05589018401,3.537805583197446,2258.0
kreis_03153,dep_hour_share_other_15,0.08287844353348485,0.1165910289,-3.3712585366515153,2258.0
kreis_03153,dep_hour_share_other_16,0.08306960344937449,0.07428514028,0.8784463169374492,2258.0
kreis_03153,dep_hour_share_other_17,0.05558505554257556,0.0408020817,1.4782973842575562,2258.0
kreis_03153,dep_hour_share_other_18,0.04360570081349164,0.02317033488,2.043536593349164,2258.0
kreis_03153,dep_hour_share_other_19,0.025169388925468873,0.005202427901,1.9966961024468872,2258.0
kreis_03153,dep_hour_share_other_20,0.011660754869267858,0.004642196308,0.7018558561267858,2258.0
kreis_03153,dep_hour_share_other_21,0.009133195981393769,0.0007686538478,0.8364542133593769,2258.0
kreis_03153,dep_hour_share_other_22,0.004948917822476158,0.004482402718,0.04665151044761584,2258.0
kreis_03153,dep_hour_share_other_23,0.003759478345829528,0.0,0.3759478345829528,2258.0
kreis_03153,dep_hour_share_other_4,0.0017416792336611372,0.0,0.17416792336611372,2258.0
kreis_03153,dep_hour_share_other_5,0.0008920796074849727,0.001831961841,-0.09398822335150271,2258.0
kreis_03153,dep_hour_share_other_6,0.014230793738450756,0.01387558487,0.0355208868450755,2258.0
kreis_03153,dep_hour_share_other_7,0.06571653108472632,0.06244021599,0.32763150947263187,2258.0
kreis_03153,dep_hour_share_other_8,0.08848580106624752,0.09131337718,-0.2827576113752478,2258.0
kreis_03153,dep_hour_share_other_9,0.09785263694483974,0.1518387067,-5.398606975516025,2258.0
kreis_03153,dep_hour_share_shop_10,0.11676153601664307,0.1114345698,0.5326966216643081,2258.0
kreis_03153,dep_hour_share_shop_11,0.08850299055159062,0.1205447312,-3.204174064840938,2258.0
kreis_03153,dep_hour_share_shop_12,0.08434222312115346,0.06155905795,2.2783165171153454,2258.0
kreis_03153,dep_hour_share_shop_13,0.06301829004016296,0.07150650735,-0.8488217309837037,2258.0
kreis_03153,dep_hour_share_shop_14,0.09509087231644948,0.07546879174,1.9622080576449485,2258.0
kreis_03153,dep_hour_share_shop_15,0.08960097084573376,0.1028407695,-1.3239798654266235,2258.0
kreis_03153,dep_hour_share_shop_16,0.08731832760264671,0.08042503588,0.6893291722646716,2258.0
kreis_03153,dep_hour_share_shop_17,0.06654338466872779,0.08674251959,-2.0199134921272206,2258.0
kreis_03153,dep_hour_share_shop_18,0.050160362911381436,0.04028822953,0.9872133381381438,2258.0
kreis_03153,dep_hour_share_shop_19,0.01230893698170996,0.03724363878,-2.493470179829004,2258.0
kreis_03153,dep_hour_share_shop_20,0.0032650466641625012,0.0,0.32650466641625014,2258.0
kreis_03153,dep_hour_share_shop_21,0.0006645670201392702,0.004366195127,-0.370162810686073,2258.0
kreis_03153,dep_hour_share_shop_22,0.00040451905573694706,0.0,0.040451905573694706,2258.0
kreis_03153,dep_hour_share_shop_23,8.668265480077436e-05,0.0,0.008668265480077436,2258.0
kreis_03153,dep_hour_share_shop_4,8.668265480077436e-05,0.0,0.008668265480077436,2258.0
kreis_03153,dep_hour_share_shop_5,0.0010690860758762171,0.0002299281066,0.08391579692762172,2258.0
kreis_03153,dep_hour_share_shop_6,0.011875523707706089,0.005074628411,0.6800895296706089,2258.0
kreis_03153,dep_hour_share_shop_7,0.03591551330578751,0.03182600542,0.4089507885787512,2258.0
kreis_03153,dep_hour_share_shop_8,0.07038631569822879,0.06811076243,0.2275553268228786,2258.0
kreis_03153,dep_hour_share_shop_9,0.1217024473402872,0.1023386292,1.9363818140287203,2258.0
kreis_03153,dep_hour_share_work_10,0.03159397422893422,0.02437427258,0.7219701648934225,2258.0
kreis_03153,dep_hour_share_work_11,0.02969683308914685,0.03661008216,-0.6913249070853154,2258.0
kreis_03153,dep_hour_share_work_12,0.03632743529058192,0.04602808941,-0.9700654119418083,2258.0
kreis_03153,dep_hour_share_work_13,0.04682745407415756,0.05766791802,-1.084046394584244,2258.0
kreis_03153,dep_hour_share_work_14,0.021920432773582778,0.03265190864,-1.073147586641722,2258.0
kreis_03153,dep_hour_share_work_15,0.019497351515834555,0.01129233743,0.8205014085834554,2258.0
kreis_03153,dep_hour_share_work_16,0.012228107742589879,0.006334458875,0.5893648867589879,2258.0
kreis_03153,dep_hour_share_work_17,0.010424884481009805,0.01017416613,0.025071835100980502,2258.0
kreis_03153,dep_hour_share_work_18,0.005822908448852323,0.001251459409,0.4571449039852323,2258.0
kreis_03153,dep_hour_share_work_19,0.002779969194935948,0.000786676141,0.19932930539359484,2258.0
kreis_03153,dep_hour_share_work_20,0.003813065855216199,0.00324327462,0.0569791235216199,2258.0
kreis_03153,dep_hour_share_work_21,0.005747774146286487,0.0002235143361,0.5524259810186487,2258.0
kreis_03153,dep_hour_share_work_22,0.0009016116307900371,0.003094140279,-0.21925286482099632,2258.0
kreis_03153,dep_hour_share_work_23,0.0005822908448852324,0.0,0.058229084488523236,2258.0
kreis_03153,dep_hour_share_work_4,0.03125586986738796,0.01567304025,1.5582829617387959,2258.0
kreis_03153,dep_hour_share_work_5,0.11598857958601,0.1217105363,-0.5721956713990006,2258.0
kreis_03153,dep_hour_share_work_6,0.21918554416018635,0.1891580527,3.002749146018635,2258.0
kreis_03153,dep_hour_share_work_7,0.22910327209887674,0.3056586603,-7.655538820112326,2258.0
kreis_03153,dep_hour_share_work_8,0.11657087043089523,0.1036869266,1.2883943830895221,2258.0
kreis_03153,dep_hour_share_work_9,0.04652691686389421,0.02845216693,1.8074749933894205,2258.0
kreis_03153,mean_work_activity_h,5.672664434705738,6.466280458,-0.7936160232942617,2258.0
kreis_03153,mobility_rate,0.8709687526927204,0.8323700116,3.8598741092720434,2258.0
kreis_03153,n_persons_unweighted,127659.0,2258.0,125401.0,2258.0
kreis_03153,n_persons_weighted,127659.0,95795.0,31864.0,2258.0
kreis_03153,n_work_activities_measured,53167.0,826.0,52341.0,2258.0
kreis_03153,nonhome_acts_per_mobile,2.1311214440537114,2.220014823,-0.08889337894628868,2258.0
kreis_03153,participation_education,0.13944962752332385,0.145628591,-0.6178963476676153,2258.0
kreis_03153,participation_escort,0.11863636719698573,0.120012767,-0.13763998030142804,2258.0
kreis_03153,participation_home,0.8709687526927204,0.8247719592,4.619679349272044,2258.0
kreis_03153,participation_leisure,0.34025803116114023,0.3479370237,-0.7678992538859786,2258.0
kreis_03153,participation_other,0.27331406324661794,0.1980244057,7.528965754661796,2258.0
kreis_03153,participation_shop,0.22809985978270236,0.2808092782,-5.270941841729765,2258.0
kreis_03153,participation_work,0.32741914005279693,0.3284658498,-0.10467097472030562,2258.0
kreis_03153,purpose_share_education,0.05578709304679746,0.05007344776,0.5713645286797457,2258.0
kreis_03153,purpose_share_escort,0.056754941706870246,0.06229541015,-0.5540468443129755,2258.0
kreis_03153,purpose_share_home,0.4149626440045232,0.4189974931,-0.40348490954768,2258.0
kreis_03153,purpose_share_leisure,0.1393578620420619,0.1540440778,-1.4686215757938104,2258.0
kreis_03153,purpose_share_other,0.11624306827777256,0.08123393901,3.5009129267772554,2258.0
kreis_03153,purpose_share_shop,0.08544967927668126,0.1102021466,-2.475246732331873,2258.0
kreis_03153,purpose_share_work,0.13144471164529334,0.1231534856,0.8291226045293337,2258.0
kreis_03153,share_mobile_first_from_home,1.0,0.9822715632,1.7728436800000025,2258.0
kreis_03153,share_mobile_last_to_home,1.0,0.9834002883,1.6599711699999964,2258.0
kreis_03153,share_mobile_odd_trip_count,0.29406315486522705,0.2276124655,6.645068936522705,2258.0
kreis_03153,share_trips_0,0.12903124730727955,0.1676299884,-3.859874109272046,2258.0
kreis_03153,share_trips_1,0.001135838444606334,0.002313128098,-0.11772896533936658,2258.0
kreis_03153,share_trips_2,0.3488982367087319,0.3282780951,2.062014160873188,2258.0
kreis_03153,share_trips_3,0.12397872457092723,0.08590477545,3.8073949120927235,2258.0
kreis_03153,share_trips_4,0.1683390908592422,0.194497228,-2.615813714075779,2258.0
kreis_03153,share_trips_5,0.08968423691239943,0.05496935306,3.471488385239944,2258.0
kreis_03153,share_trips_6,0.06772730477287148,0.07146337992,-0.3736075147128523,2258.0
kreis_03153,share_trips_7,0.028677962384164063,0.03608694801,-0.7408985625835939,2258.0
kreis_03153,share_trips_8plus,0.04252735803977785,0.058857104,-1.632974596022215,2258.0
kreis_03153,share_trips_followed_by_same_purpose,0.10612509937731777,0.04814703654,5.797806283731777,2258.0
kreis_03153,share_trips_home_based,0.8038822582477001,0.8371207738,-3.323851555229995,2258.0
kreis_03153,share_trips_unknown_purpose,0.0,0.0006905355139,-0.06905355139,2258.0
kreis_03153,share_work_activities_lt_2h,0.2030582880358117,0.1135096853,8.95486027358117,2258.0
kreis_03153,tours_per_mobile,1.5115885849964474,1.599090611,-0.08750202600355261,2258.0
kreis_03153,trips_per_mobile_person,3.642710029050159,3.819105434,-0.17639540494984107,2258.0
kreis_03153,trips_per_person,3.17268661042308,3.178908834,-0.006222223576919816,2258.0
kreis_03153,trips_per_person_education,0.17699496314400082,0.1590690068,0.01792595634400082,2258.0
kreis_03153,trips_per_person_escort,0.18006564362872965,0.1978946819,-0.01782903827127036,2258.0
kreis_03153,trips_per_person_home,1.31654642445891,1.33103507,-0.014488645541089973,2258.0
kreis_03153,trips_per_person_leisure,0.44213882295803664,0.48935393,-0.047215107041963356,2258.0
kreis_03153,trips_per_person_other,0.36880282627938493,0.2580569657,0.11074586057938496,2258.0
kreis_03153,trips_per_person_shop,0.2711050533060732,0.3500806672,-0.07897561389392677,2258.0
kreis_03153,trips_per_person_work,0.4170328766479449,0.3912233631,0.025809513547944918,2258.0
kreis_03154,dep_hour_share_all_10,0.04857972885732731,0.06207068411,-1.3490955252672694,1761.0
kreis_03154,dep_hour_share_all_11,0.052655797151216294,0.05855026925,-0.5894472098783708,1761.0
kreis_03154,dep_hour_share_all_12,0.0593107426891749,0.06244773228,-0.3136989590825104,1761.0
kreis_03154,dep_hour_share_all_13,0.06605153633778828,0.07161385978,-0.556232344221172,1761.0
kreis_03154,dep_hour_share_all_14,0.0735993022265566,0.07427548446,-0.06761822334434009,1761.0
kreis_03154,dep_hour_share_all_15,0.08630482260346414,0.09545626666,-0.9151444056535853,1761.0
kreis_03154,dep_hour_share_all_16,0.08826215952639314,0.1002803984,-1.2018238873606855,1761.0
kreis_03154,dep_hour_share_all_17,0.07668640028570252,0.0682875799,0.8398820385702512,1761.0
kreis_03154,dep_hour_share_all_18,0.06396027636223782,0.06295902495,0.10012514122378219,1761.0
kreis_03154,dep_hour_share_all_19,0.039496998750051505,0.0319258347,0.7571164050051503,1761.0
kreis_03154,dep_hour_share_all_20,0.02898919000590635,0.02363699647,0.5352193535906349,1761.0
kreis_03154,dep_hour_share_all_21,0.020208645248135378,0.01439045814,0.5818187108135378,1761.0
kreis_03154,dep_hour_share_all_22,0.014254220293119789,0.005699764231,0.8554456062119788,1761.0
kreis_03154,dep_hour_share_all_23,0.006582833125008585,0.002423430965,0.4159402160008585,1761.0
kreis_03154,dep_hour_share_all_4,0.003866598903891323,0.003195060167,0.06715387368913228,1761.0
kreis_03154,dep_hour_share_all_5,0.01708034009587517,0.01307586481,0.40044752858751675,1761.0
kreis_03154,dep_hour_share_all_6,0.04660178838784116,0.03685247029,0.9749318097841159,1761.0
kreis_03154,dep_hour_share_all_7,0.08515789184511627,0.1043748671,-1.9216975254883737,1761.0
kreis_03154,dep_hour_share_all_8,0.05878535225196764,0.06215595232,-0.3370600068032359,1761.0
kreis_03154,dep_hour_share_all_9,0.05327390354793072,0.04393311096,0.9340792587930719,1761.0
kreis_03154,dep_hour_share_education_10,0.014828597203428056,0.003979768808,1.0848828395428056,1761.0
kreis_03154,dep_hour_share_education_11,0.016858367162832656,0.006089696943,1.0768670219832657,1761.0
kreis_03154,dep_hour_share_education_12,0.02086152458276951,0.01314888278,0.771264180276951,1761.0
kreis_03154,dep_hour_share_education_13,0.030784844384303112,0.002655089981,2.812975440330311,1761.0
kreis_03154,dep_hour_share_education_14,0.02683806946323861,0.03264672969,-0.5808660226761391,1761.0
kreis_03154,dep_hour_share_education_15,0.03112313937753721,0.005156528215,2.596661116253721,1761.0
kreis_03154,dep_hour_share_education_16,0.016407307171853857,0.01384157015,0.2565737021853858,1761.0
kreis_03154,dep_hour_share_education_17,0.010092467298150654,0.01182236213,-0.17298948318493457,1761.0
kreis_03154,dep_hour_share_education_18,0.007555254848894903,0.006968813771,0.05864410778949032,1761.0
kreis_03154,dep_hour_share_education_19,0.007104194857916103,0.001437982093,0.5666212764916103,1761.0
kreis_03154,dep_hour_share_education_20,0.0002819124943617501,0.0,0.02819124943617501,1761.0
kreis_03154,dep_hour_share_education_21,0.0002255299954894001,0.0,0.02255299954894001,1761.0
kreis_03154,dep_hour_share_education_22,0.00011276499774470004,0.0,0.011276499774470004,1761.0
kreis_03154,dep_hour_share_education_23,0.0,0.0,0.0,1761.0
kreis_03154,dep_hour_share_education_4,0.00039467749210645017,0.0,0.03946774921064502,1761.0
kreis_03154,dep_hour_share_education_5,0.003270184934596301,0.0,0.32701849345963013,1761.0
kreis_03154,dep_hour_share_education_6,0.17828146143437076,0.1040818782,7.419958323437076,1761.0
kreis_03154,dep_hour_share_education_7,0.4703428055931439,0.6825804706,-21.223766500685613,1761.0
kreis_03154,dep_hour_share_education_8,0.1266914749661705,0.09882488457,2.786659039617051,1761.0
kreis_03154,dep_hour_share_education_9,0.037776274244474516,0.01676534205,2.1010932194474514,1761.0
kreis_03154,dep_hour_share_escort_10,0.021285167528369033,0.0008394805377,2.0445686990669034,1761.0
kreis_03154,dep_hour_share_escort_11,0.03256563486201571,0.03305299812,-0.048736325798429125,1761.0
kreis_03154,dep_hour_share_escort_12,0.06318404619619955,0.02678571647,3.6398329726199554,1761.0
kreis_03154,dep_hour_share_escort_13,0.06748136708520781,0.08540865615,-1.7927289064792185,1761.0
kreis_03154,dep_hour_share_escort_14,0.13321694755925603,0.159562714,-2.634576644074396,1761.0
kreis_03154,dep_hour_share_escort_15,0.11945209158665145,0.1445334976,-2.5081406013348557,1761.0
kreis_03154,dep_hour_share_escort_16,0.07547169811320754,0.05945111565,1.6020582463207547,1761.0
kreis_03154,dep_hour_share_escort_17,0.05902101658497281,0.07232574487,-1.3304728285027192,1761.0
kreis_03154,dep_hour_share_escort_18,0.04330893708453636,0.04177022239,0.15387146945363625,1761.0
kreis_03154,dep_hour_share_escort_19,0.018465050694957363,0.02122784937,-0.2762798675042637,1761.0
kreis_03154,dep_hour_share_escort_20,0.006378835694621635,0.01315893533,-0.6780099635378365,1761.0
kreis_03154,dep_hour_share_escort_21,0.007050292083529175,0.0,0.7050292083529175,1761.0
kreis_03154,dep_hour_share_escort_22,0.0023500973611763915,0.0,0.23500973611763915,1761.0
kreis_03154,dep_hour_share_escort_23,0.0018800778889411132,0.0,0.18800778889411132,1761.0
kreis_03154,dep_hour_share_escort_4,0.0008728933055798026,0.0,0.08728933055798026,1761.0
kreis_03154,dep_hour_share_escort_5,0.001678640972268851,0.0007529550837,0.09256858885688511,1761.0
kreis_03154,dep_hour_share_escort_6,0.04230175250117505,0.01834383594,2.395791656117505,1761.0
kreis_03154,dep_hour_share_escort_7,0.1753172631437588,0.1984839152,-2.316665205624119,1761.0
kreis_03154,dep_hour_share_escort_8,0.08755791311354327,0.1134303427,-2.5872429586456733,1761.0
kreis_03154,dep_hour_share_escort_9,0.03672866447324246,0.01087202053,2.585664394324246,1761.0
kreis_03154,dep_hour_share_home_10,0.03550644139737702,0.04492175025,-0.9415308852622983,1761.0
kreis_03154,dep_hour_share_home_11,0.05379437268913833,0.06234447055,-0.8550097860861673,1761.0
kreis_03154,dep_hour_share_home_12,0.07031651551075224,0.07492357487,-0.4607059359247753,1761.0
kreis_03154,dep_hour_share_home_13,0.08036410060849236,0.09078154704,-1.0417446431507633,1761.0
kreis_03154,dep_hour_share_home_14,0.08427702153764528,0.07089193347,1.338508806764528,1761.0
kreis_03154,dep_hour_share_home_15,0.1024488916154063,0.1238723366,-2.14234449845937,1761.0
kreis_03154,dep_hour_share_home_16,0.10835972344270721,0.1228347913,-1.4475067857292787,1761.0
kreis_03154,dep_hour_share_home_17,0.10177739459154743,0.0814453777,2.0332016891547426,1761.0
kreis_03154,dep_hour_share_home_18,0.0907847396083763,0.08995911956,0.08256200483763021,1761.0
kreis_03154,dep_hour_share_home_19,0.05799744665329199,0.0485103465,0.9487100153291989,1761.0
kreis_03154,dep_hour_share_home_20,0.05300681445127916,0.04397725021,0.902956424127916,1761.0
kreis_03154,dep_hour_share_home_21,0.038242170013098334,0.02563765668,1.2604513333098335,1761.0
kreis_03154,dep_hour_share_home_22,0.028973853066503075,0.01282509798,1.6148755086503077,1761.0
kreis_03154,dep_hour_share_home_23,0.01393563576675012,0.005606254156,0.8329381610750121,1761.0
kreis_03154,dep_hour_share_home_4,7.461078042876329e-05,0.0006030866858,-0.052847590537123665,1761.0
kreis_03154,dep_hour_share_home_5,0.000787558237859168,0.00266922052,-0.18816622821408321,1761.0
kreis_03154,dep_hour_share_home_6,0.0022631936730058196,0.008493714497,-0.623052082399418,1761.0
kreis_03154,dep_hour_share_home_7,0.009682821282310614,0.02114835001,-1.1465528727689387,1761.0
kreis_03154,dep_hour_share_home_8,0.01969724603319351,0.04138234612,-2.1685100086806495,1761.0
kreis_03154,dep_hour_share_home_9,0.030457778588364036,0.02587608931,0.45816892783640367,1761.0
kreis_03154,dep_hour_share_leisure_10,0.04580048617579571,0.07536460558,-2.956411940420428,1761.0
kreis_03154,dep_hour_share_leisure_11,0.040529795306358904,0.04516560624,-0.4635810933641099,1761.0
kreis_03154,dep_hour_share_leisure_12,0.049798941318127087,0.04981854766,-0.0019606341872910327,1761.0
kreis_03154,dep_hour_share_leisure_13,0.057568666651521,0.03621516808,2.1353498571521,1761.0
kreis_03154,dep_hour_share_leisure_14,0.07771997182906604,0.09255633098,-1.4836359150933967,1761.0
kreis_03154,dep_hour_share_leisure_15,0.1044369220982802,0.1058846696,-0.144774750171979,1761.0
kreis_03154,dep_hour_share_leisure_16,0.13794670241043233,0.1550299239,-1.7083221489567673,1761.0
kreis_03154,dep_hour_share_leisure_17,0.11684122043755822,0.1215240792,-0.46828587624417745,1761.0
kreis_03154,dep_hour_share_leisure_18,0.09918894972397028,0.0980332311,0.11557186239702782,1761.0
kreis_03154,dep_hour_share_leisure_19,0.06243042460867392,0.0421005409,2.0329883708673924,1761.0
kreis_03154,dep_hour_share_leisure_20,0.02917054774291751,0.008369642156,2.080090558691751,1761.0
kreis_03154,dep_hour_share_leisure_21,0.015062362269123294,0.005249754289,0.9812607980123295,1761.0
kreis_03154,dep_hour_share_leisure_22,0.010268759797351024,0.0008060443813,0.9462715416051024,1761.0
kreis_03154,dep_hour_share_leisure_23,0.0024763159688302246,0.0002329302224,0.22433857464302245,1761.0
kreis_03154,dep_hour_share_leisure_4,0.0004316514074107731,0.001727608706,-0.1295957298589227,1761.0
kreis_03154,dep_hour_share_leisure_5,0.0036122407251743646,0.003396528557,0.02157121681743645,1761.0
kreis_03154,dep_hour_share_leisure_6,0.016516345957243793,0.01623190741,0.02844385472437934,1761.0
kreis_03154,dep_hour_share_leisure_7,0.02544471454210873,0.02907391021,-0.3629195667891272,1761.0
kreis_03154,dep_hour_share_leisure_8,0.0414612536065611,0.05683768705,-1.53764334434389,1761.0
kreis_03154,dep_hour_share_leisure_9,0.05934070927141786,0.05593859604,0.34021132314178554,1761.0
kreis_03154,dep_hour_share_other_10,0.08944321522747249,0.1168359878,-2.7392772572527506,1761.0
kreis_03154,dep_hour_share_other_11,0.08747310035462068,0.1256523253,-3.8179224945379326,1761.0
kreis_03154,dep_hour_share_other_12,0.07019670839268936,0.04594481099,2.4251897402689364,1761.0
kreis_03154,dep_hour_share_other_13,0.07753159761161459,0.1219334212,-4.440182358838542,1761.0
kreis_03154,dep_hour_share_other_14,0.08738217197587367,0.1058910885,-1.8508916524126326,1761.0
kreis_03154,dep_hour_share_other_15,0.08186585033188858,0.08328690462,-0.14210542881114285,1761.0
kreis_03154,dep_hour_share_other_16,0.078653047616161,0.05241096696,2.6242080656161,1761.0
kreis_03154,dep_hour_share_other_17,0.06001272997302458,0.02649349131,3.351923866302458,1761.0
kreis_03154,dep_hour_share_other_18,0.042433243415269904,0.02205314131,2.0380102105269904,1761.0
kreis_03154,dep_hour_share_other_19,0.026005516321643985,0.02202918232,0.3976334001643985,1761.0
kreis_03154,dep_hour_share_other_20,0.012335950050010609,0.003557888283,0.8778061767010608,1761.0
kreis_03154,dep_hour_share_other_21,0.00869881490013033,0.0,0.869881490013033,1761.0
kreis_03154,dep_hour_share_other_22,0.004152395962779984,0.001193481369,0.2958914593779984,1761.0
kreis_03154,dep_hour_share_other_23,0.0018488770345224744,0.0,0.18488770345224745,1761.0
kreis_03154,dep_hour_share_other_4,0.0014851635195344468,0.0,0.14851635195344468,1761.0
kreis_03154,dep_hour_share_other_5,0.00257630406449853,0.009020004278,-0.644370021350147,1761.0
kreis_03154,dep_hour_share_other_6,0.01545782438699118,0.01720896226,-0.17511378730088178,1761.0
kreis_03154,dep_hour_share_other_7,0.06271027187585246,0.04298486993,1.9725401945852457,1761.0
kreis_03154,dep_hour_share_other_8,0.08607886521383323,0.07866410799,0.7414757223833237,1761.0
kreis_03154,dep_hour_share_other_9,0.09762676931470311,0.1248393656,-2.721259628529689,1761.0
kreis_03154,dep_hour_share_shop_10,0.12580088713652046,0.1601016876,-3.4300800463479524,1761.0
kreis_03154,dep_hour_share_shop_11,0.0959421718416297,0.08107734514,1.4864826701629696,1761.0
kreis_03154,dep_hour_share_shop_12,0.07561195991457204,0.07510487905,0.050708086457203205,1761.0
kreis_03154,dep_hour_share_shop_13,0.05856743880400854,0.06445719671,-0.5889757905991457,1761.0
kreis_03154,dep_hour_share_shop_14,0.0724494825036964,0.09063636929,-1.8186886786303604,1761.0
kreis_03154,dep_hour_share_shop_15,0.09799572860193856,0.09567766789,0.23180607119385604,1761.0
kreis_03154,dep_hour_share_shop_16,0.08666009528503368,0.122642756,-3.5982660714966324,1761.0
kreis_03154,dep_hour_share_shop_17,0.06476918022014129,0.06407174735,0.06974328701412902,1761.0
kreis_03154,dep_hour_share_shop_18,0.03996221455561032,0.03957267966,0.038953489561031895,1761.0
kreis_03154,dep_hour_share_shop_19,0.015730244783965827,0.01306296914,0.2667275643965827,1761.0
kreis_03154,dep_hour_share_shop_20,0.004189255791030064,0.0008375024452,0.33517533458300636,1761.0
kreis_03154,dep_hour_share_shop_21,0.0013964185970100215,0.008402424389,-0.7006005791989978,1761.0
kreis_03154,dep_hour_share_shop_22,0.0006571381632988336,0.0,0.06571381632988336,1761.0
kreis_03154,dep_hour_share_shop_23,0.000410711352061771,0.0,0.0410711352061771,1761.0
kreis_03154,dep_hour_share_shop_4,0.0001642845408247084,0.0,0.01642845408247084,1761.0
kreis_03154,dep_hour_share_shop_5,0.001191062920979136,0.0,0.1191062920979136,1761.0
kreis_03154,dep_hour_share_shop_6,0.009980285855101035,0.01202395152,-0.2043665664898964,1761.0
kreis_03154,dep_hour_share_shop_7,0.03774437325447676,0.03905452015,-0.1310146895523244,1761.0
kreis_03154,dep_hour_share_shop_8,0.08140298997864301,0.05067274122,3.0730248758643013,1761.0
kreis_03154,dep_hour_share_shop_9,0.12715623459832429,0.0826035624,4.455267219832429,1761.0
kreis_03154,dep_hour_share_work_10,0.034263231235826114,0.02821033718,0.6052894055826115,1761.0
kreis_03154,dep_hour_share_work_11,0.028825924205579386,0.03649074971,-0.7664825504420613,1761.0
kreis_03154,dep_hour_share_work_12,0.030875160523511573,0.0691151671,-3.824000657648843,1761.0
kreis_03154,dep_hour_share_work_13,0.04021967813328233,0.0547943844,-1.4574706266717667,1761.0
kreis_03154,dep_hour_share_work_14,0.020191808519358454,0.01071592853,0.9475879989358454,1761.0
kreis_03154,dep_hour_share_work_15,0.020765594688379463,0.00778838231,1.2977212378379464,1761.0
kreis_03154,dep_hour_share_work_16,0.01202218639853548,0.007751212765,0.4270973633535479,1761.0
kreis_03154,dep_hour_share_work_17,0.008114975819011449,0.001631617885,0.6483357934011449,1761.0
kreis_03154,dep_hour_share_work_18,0.004289734692204705,0.0004865293025,0.38032053897047047,1761.0
kreis_03154,dep_hour_share_work_19,0.0031694855050684446,0.0,0.31694855050684445,1761.0
kreis_03154,dep_hour_share_work_20,0.00423508839039318,0.0211683322,-1.693324380960682,1761.0
kreis_03154,dep_hour_share_work_21,0.004890844012131479,0.01350213162,-0.8611287607868522,1761.0
kreis_03154,dep_hour_share_work_22,0.00038252411268067433,0.0002381207411,0.014440337158067433,1761.0
kreis_03154,dep_hour_share_work_23,0.0007650482253613487,0.0,0.07650482253613487,1761.0
kreis_03154,dep_hour_share_work_4,0.028006229678406516,0.02197396525,0.6032264428406514,1761.0
kreis_03154,dep_hour_share_work_5,0.12358261154676357,0.08869688724,3.488572430676358,1761.0
kreis_03154,dep_hour_share_work_6,0.21929560916964944,0.1780825382,4.1213070969649435,1761.0
kreis_03154,dep_hour_share_work_7,0.2341594032623842,0.3047986337,-7.063923043761577,1761.0
kreis_03154,dep_hour_share_work_8,0.12418372086669034,0.1070376473,1.7146073566690345,1761.0
kreis_03154,dep_hour_share_work_9,0.04628541763436159,0.0328678353,1.341758233436159,1761.0
kreis_03154,mean_work_activity_h,5.665855025702724,6.355170737,-0.6893157112972759,1761.0
kreis_03154,mobility_rate,0.8812672480406226,0.8422844969,3.8982751140622662,1761.0
kreis_03154,n_persons_unweighted,90590.0,1761.0,88829.0,1761.0
kreis_03154,n_persons_weighted,90590.0,55924.0,34666.0,1761.0
kreis_03154,n_work_activities_measured,36572.0,607.0,35965.0,1761.0
kreis_03154,nonhome_acts_per_mobile,2.1367587744569985,2.168146457,-0.03138768254300173,1761.0
kreis_03154,participation_education,0.15349376310851087,0.1566083895,-0.3114626391489128,1761.0
kreis_03154,participation_escort,0.10597196158516392,0.1066033005,-0.06313389148360771,1761.0
kreis_03154,participation_home,0.8812672480406226,0.8384272405,4.2840007540622675,1761.0
kreis_03154,participation_leisure,0.3792802737609008,0.3832723827,-0.3992108939099237,1761.0
kreis_03154,participation_other,0.2667733745446517,0.1766926064,9.008076814465172,1761.0
kreis_03154,participation_shop,0.2256098907164146,0.2917111385,-6.610124778358542,1761.0
kreis_03154,participation_work,0.3175736836295397,0.3214259891,-0.3852305470460282,1761.0
kreis_03154,purpose_share_education,0.060904083622927624,0.05299640443,0.7907679192927626,1761.0
kreis_03154,purpose_share_escort,0.051141436479265966,0.04975880244,0.1382634039265966,1761.0
kreis_03154,purpose_share_home,0.4142205678337431,0.4269593928,-1.273882496625689,1761.0
kreis_03154,purpose_share_leisure,0.1511510514676593,0.1623001646,-1.1149113132340682,1761.0
kreis_03154,purpose_share_other,0.1132954685933272,0.06896078783,4.433468076332721,1761.0
kreis_03154,purpose_share_shop,0.08360919192890402,0.1179408427,-3.4331650771095985,1761.0
kreis_03154,purpose_share_work,0.12567820007417277,0.1210836052,0.45945948741727693,1761.0
kreis_03154,share_mobile_first_from_home,1.0,0.971415874,2.8584126000000043,1761.0
kreis_03154,share_mobile_last_to_home,1.0,0.9801030915,1.9896908500000032,1761.0
kreis_03154,share_mobile_odd_trip_count,0.29954655911015354,0.2300324463,6.951411281015354,1761.0
kreis_03154,share_trips_0,0.11873275195937741,0.1577155031,-3.898275114062258,1761.0
kreis_03154,share_trips_1,0.0009824483938624573,0.006616003335,-0.5633554941137542,1761.0
kreis_03154,share_trips_2,0.3318688596975384,0.3086377183,2.32311413975384,1761.0
kreis_03154,share_trips_3,0.13162600728557236,0.08493575231,4.669025497557236,1761.0
kreis_03154,share_trips_4,0.19595981896456563,0.2289717101,-3.3011891135434372,1761.0
kreis_03154,share_trips_5,0.09295728005298598,0.05452956044,3.842771961298598,1761.0
kreis_03154,share_trips_6,0.061728667623357984,0.07674607943,-1.5017411806642018,1761.0
kreis_03154,share_trips_7,0.026305331714317252,0.03869570917,-1.2390377455682748,1761.0
kreis_03154,share_trips_8plus,0.03983883430842256,0.04315196375,-0.3313129441577439,1761.0
kreis_03154,share_trips_followed_by_same_purpose,0.10802782852354985,0.04074375061,6.728407791354984,1761.0
kreis_03154,share_trips_home_based,0.8044002307597214,0.8514306391,-4.703040834027861,1761.0
kreis_03154,share_trips_unknown_purpose,0.0,0.0002245328896,-0.02245328896,1761.0
kreis_03154,share_work_activities_lt_2h,0.20409056108498305,0.1041750996,9.991546148498305,1761.0
kreis_03154,tours_per_mobile,1.510960242503194,1.614803253,-0.103843010496806,1761.0
kreis_03154,trips_per_mobile_person,3.6477190169601923,3.78294971,-0.13523069303980773,1761.0
kreis_03154,trips_per_person,3.2146152997019537,3.186319893,0.02829540670195385,1761.0
kreis_03154,trips_per_person_education,0.19578319902859034,0.1688255823,0.026957616728590345,1761.0
kreis_03154,trips_per_person_escort,0.164400044154984,0.158511863,0.00588818115498399,1761.0
kreis_03154,trips_per_person_home,1.3315597748095815,1.360123746,-0.028563971190418425,1761.0
kreis_03154,trips_per_person_leisure,0.48589248261397505,0.5170241282,-0.031131645586024936,1761.0
kreis_03154,trips_per_person_other,0.3642013467270118,0.2196817933,0.1445195534270118,1761.0
kreis_03154,trips_per_person_shop,0.268771387570372,0.3757128743,-0.106941486729628,1761.0
kreis_03154,trips_per_person_work,0.40400706479743903,0.3857244727,0.018282592097439043,1761.0
kreis_03157,dep_hour_share_all_10,0.04436419971589995,0.05040664724,-0.6042447524100047,2446.0
kreis_03157,dep_hour_share_all_11,0.04594789660229211,0.04791158955,-0.19636929477078943,2446.0
kreis_03157,dep_hour_share_all_12,0.05939208105585922,0.06730605092,-0.791396986414078,2446.0
kreis_03157,dep_hour_share_all_13,0.06863452689066746,0.07105049827,-0.24159713793325405,2446.0
kreis_03157,dep_hour_share_all_14,0.07491874646598844,0.07151439576,0.3404350705988435,2446.0
kreis_03157,dep_hour_share_all_15,0.08924557185478718,0.09135650668,-0.21109348252128235,2446.0
kreis_03157,dep_hour_share_all_16,0.08870541399077825,0.09790233586,-0.9196921869221747,2446.0
kreis_03157,dep_hour_share_all_17,0.07709087064253502,0.09156566576,-1.447479511746498,2446.0
kreis_03157,dep_hour_share_all_18,0.0609206128837994,0.06794690332,-0.7026290436200601,2446.0
kreis_03157,dep_hour_share_all_19,0.03958782507159965,0.03182552229,0.7762302781599651,2446.0
kreis_03157,dep_hour_share_all_20,0.028026148237706237,0.02120330303,0.6822845207706238,2446.0
kreis_03157,dep_hour_share_all_21,0.017712580851288795,0.0145336647,0.3178916151288794,2446.0
kreis_03157,dep_hour_share_all_22,0.013917684538613242,0.01135253815,0.25651463886132414,2446.0
kreis_03157,dep_hour_share_all_23,0.00664738954346317,0.0009784164261,0.5668973117363171,2446.0
kreis_03157,dep_hour_share_all_4,0.0039649885762358126,0.002440058689,0.15249298872358125,2446.0
kreis_03157,dep_hour_share_all_5,0.01773556629231045,0.01403795215,0.3697614142310452,2446.0
kreis_03157,dep_hour_share_all_6,0.050407072160493546,0.03448410281,1.5922969350493545,2446.0
kreis_03157,dep_hour_share_all_7,0.09567000262034028,0.113090005,-1.742000237965971,2446.0
kreis_03157,dep_hour_share_all_8,0.05851403720883193,0.05639258685,0.21214503588319264,2446.0
kreis_03157,dep_hour_share_all_9,0.0476166396204644,0.04168325467,0.5933384950464394,2446.0
kreis_03157,dep_hour_share_education_10,0.017220172201722016,0.009375466,0.7844706201722016,2446.0
kreis_03157,dep_hour_share_education_11,0.024943505249005977,0.01515107299,0.9792432259005976,2446.0
kreis_03157,dep_hour_share_education_12,0.028747961898223633,0.01130645617,1.7441505728223634,2446.0
kreis_03157,dep_hour_share_education_13,0.03458336908950485,0.01753060144,1.705276764950485,2446.0
kreis_03157,dep_hour_share_education_14,0.026059097800280328,0.01131181449,1.4747283310280328,2446.0
kreis_03157,dep_hour_share_education_15,0.03426871478017106,0.008302381617,2.5966333163171056,2446.0
kreis_03157,dep_hour_share_education_16,0.01865041906233016,0.01153476899,0.7115650072330161,2446.0
kreis_03157,dep_hour_share_education_17,0.008695900912497497,0.01531026961,-0.6614368697502503,2446.0
kreis_03157,dep_hour_share_education_18,0.006722160244858263,0.006235166339,0.04869939058582623,2446.0
kreis_03157,dep_hour_share_education_19,0.008123802168254242,0.0,0.8123802168254242,2446.0
kreis_03157,dep_hour_share_education_20,0.0004290740581824423,0.001051387468,-0.06223134098175577,2446.0
kreis_03157,dep_hour_share_education_21,0.00034325924654595385,0.003428040294,-0.3084781047454046,2446.0
kreis_03157,dep_hour_share_education_22,5.720987442432564e-05,0.0,0.005720987442432564,2446.0
kreis_03157,dep_hour_share_education_23,5.720987442432564e-05,0.0,0.005720987442432564,2446.0
kreis_03157,dep_hour_share_education_4,0.000629308618667582,0.0,0.0629308618667582,2446.0
kreis_03157,dep_hour_share_education_5,0.004691209702794703,0.0,0.46912097027947025,2446.0
kreis_03157,dep_hour_share_education_6,0.1839583512114191,0.08624550358,9.77128476314191,2446.0
kreis_03157,dep_hour_share_education_7,0.46031064961812407,0.6836874772,-22.337682758187594,2446.0
kreis_03157,dep_hour_share_education_8,0.10744014416888355,0.1016171904,0.5822953768883545,2446.0
kreis_03157,dep_hour_share_education_9,0.03309591235447238,0.01791240341,1.5183508944472381,2446.0
kreis_03157,dep_hour_share_escort_10,0.01389319056678908,0.01643404262,-0.2540852053210918,2446.0
kreis_03157,dep_hour_share_escort_11,0.03159152249900447,0.0275608171,0.4030705399004467,2446.0
kreis_03157,dep_hour_share_escort_12,0.06251935755055087,0.05907865898,0.34406985705508697,2446.0
kreis_03157,dep_hour_share_escort_13,0.07477545241361001,0.1144842184,-3.970876598638999,2446.0
kreis_03157,dep_hour_share_escort_14,0.14039201805229856,0.1086685359,3.172348215229856,2446.0
kreis_03157,dep_hour_share_escort_15,0.11247289942922879,0.1051370628,0.7335836629228792,2446.0
kreis_03157,dep_hour_share_escort_16,0.07760718552276448,0.05356769621,2.4039489312764477,2446.0
kreis_03157,dep_hour_share_escort_17,0.057165612141055706,0.06544904216,-0.8283430018944292,2446.0
kreis_03157,dep_hour_share_escort_18,0.04318392991460555,0.02445403048,1.8729899434605548,2446.0
kreis_03157,dep_hour_share_escort_19,0.015751515419671697,0.01603934988,-0.028783446032830395,2446.0
kreis_03157,dep_hour_share_escort_20,0.0064598911552586165,0.004554857828,0.19050333272586165,2446.0
kreis_03157,dep_hour_share_escort_21,0.0059731870271226934,0.005955909995,0.0017277032122693832,2446.0
kreis_03157,dep_hour_share_escort_22,0.0032741914074598468,0.01087793846,-0.7603747052540154,2446.0
kreis_03157,dep_hour_share_escort_23,0.0020353081722047695,0.0,0.20353081722047695,2446.0
kreis_03157,dep_hour_share_escort_4,0.0005309499579664617,0.001677280153,-0.11463301950335385,2446.0
kreis_03157,dep_hour_share_escort_5,0.002522012300340693,0.0,0.2522012300340693,2446.0
kreis_03157,dep_hour_share_escort_6,0.04079465510375647,0.02231280512,1.8481849983756466,2446.0
kreis_03157,dep_hour_share_escort_7,0.1813636564753772,0.2606590118,-7.929535532462281,2446.0
kreis_03157,dep_hour_share_escort_8,0.08981903455599309,0.09204885515,-0.22298205940069066,2446.0
kreis_03157,dep_hour_share_escort_9,0.03252068492544578,0.01103988698,2.1480797945445778,2446.0
kreis_03157,dep_hour_share_home_10,0.03405603514891926,0.03864134031,-0.4585305161080744,2446.0
kreis_03157,dep_hour_share_home_11,0.048252489347139736,0.04567262629,0.2579863057139739,2446.0
kreis_03157,dep_hour_share_home_12,0.0752986112644338,0.08891004988,-1.3611438615566198,2446.0
kreis_03157,dep_hour_share_home_13,0.08644823703442032,0.09304391983,-0.6595682795579677,2446.0
kreis_03157,dep_hour_share_home_14,0.08693948292230587,0.07927661311,0.7662869812305864,2446.0
kreis_03157,dep_hour_share_home_15,0.10806305610138432,0.113888281,-0.5825224898615672,2446.0
kreis_03157,dep_hour_share_home_16,0.10786434989954298,0.1149899722,-0.7125622300457018,2446.0
kreis_03157,dep_hour_share_home_17,0.09948005210518182,0.120698359,-2.1218306894818184,2446.0
kreis_03157,dep_hour_share_home_18,0.08645927626785596,0.09434014163,-0.7880865362144038,2446.0
kreis_03157,dep_hour_share_home_19,0.05869560417724593,0.04379358737,1.4902016807245935,2446.0
kreis_03157,dep_hour_share_home_20,0.05245843728611485,0.03840670697,1.4051730316114848,2446.0
kreis_03157,dep_hour_share_home_21,0.033553750027598084,0.0246708772,0.8882872827598084,2446.0
kreis_03157,dep_hour_share_home_22,0.027476652021283642,0.02339576701,0.40808850112836437,2446.0
kreis_03157,dep_hour_share_home_23,0.014097101097299803,0.002119216066,1.1977885031299804,2446.0
kreis_03157,dep_hour_share_home_4,4.415693374252092e-05,0.0003567160325,-0.03125590987574791,2446.0
kreis_03157,dep_hour_share_home_5,0.0008500209745435277,0.003148970236,-0.22989492614564722,2446.0
kreis_03157,dep_hour_share_home_6,0.002307199788046718,0.004829271289,-0.2522071500953282,2446.0
kreis_03157,dep_hour_share_home_7,0.011607753957565187,0.01461149749,-0.3003743532434813,2446.0
kreis_03157,dep_hour_share_home_8,0.02008036561941139,0.02807630003,-0.7995934410588611,2446.0
kreis_03157,dep_hour_share_home_9,0.0279347802088623,0.02642496843,0.15098117788622972,2446.0
kreis_03157,dep_hour_share_leisure_10,0.041140985052528785,0.04986634595,-0.8725360897471217,2446.0
kreis_03157,dep_hour_share_leisure_11,0.03438390902361039,0.04112018317,-0.6736274146389609,2446.0
kreis_03157,dep_hour_share_leisure_12,0.04574020696498606,0.04638918938,-0.06489824150139392,2446.0
kreis_03157,dep_hour_share_leisure_13,0.059427617382538704,0.06298794176,-0.35603243774612947,2446.0
kreis_03157,dep_hour_share_leisure_14,0.08774748381609412,0.07585839861,1.188908520609412,2446.0
kreis_03157,dep_hour_share_leisure_15,0.11063333805856132,0.1178422143,-0.7208876241438678,2446.0
kreis_03157,dep_hour_share_leisure_16,0.14482823796248168,0.1507206765,-0.5892438537518335,2446.0
kreis_03157,dep_hour_share_leisure_17,0.13008552662665973,0.1236744464,0.6411080226659732,2446.0
kreis_03157,dep_hour_share_leisure_18,0.09693017688103452,0.1100027136,-1.307253671896548,2446.0
kreis_03157,dep_hour_share_leisure_19,0.061144450219723104,0.06592465554,-0.4780205320276898,2446.0
kreis_03157,dep_hour_share_leisure_20,0.02387815212083983,0.01873725732,0.5140894800839833,2446.0
kreis_03157,dep_hour_share_leisure_21,0.012789617099025027,0.01198286858,0.08067485190250273,2446.0
kreis_03157,dep_hour_share_leisure_22,0.01049000614279639,0.004309228184,0.6180777958796391,2446.0
kreis_03157,dep_hour_share_leisure_23,0.0016695805572618878,0.0004180202683,0.1251560288961888,2446.0
kreis_03157,dep_hour_share_leisure_4,0.0002677629195608688,0.0,0.02677629195608688,2446.0
kreis_03157,dep_hour_share_leisure_5,0.0027091307155570257,0.00504694818,-0.23378174644429744,2446.0
kreis_03157,dep_hour_share_leisure_6,0.016664304052670543,0.0113036418,0.5360662252670543,2446.0
kreis_03157,dep_hour_share_leisure_7,0.02578399407771425,0.02065448715,0.5129506927714248,2446.0
kreis_03157,dep_hour_share_leisure_8,0.042117532170927244,0.03447851003,0.7639022140927244,2446.0
kreis_03157,dep_hour_share_leisure_9,0.047850808801524675,0.04677948641,0.10713223915246733,2446.0
kreis_03157,dep_hour_share_other_10,0.08401937046004843,0.1521518314,-6.813246093995157,2446.0
kreis_03157,dep_hour_share_other_11,0.075280651551838,0.1007628704,-2.5482218848162,2446.0
kreis_03157,dep_hour_share_other_12,0.06429672022892362,0.06561377344,-0.13170532110763772,2446.0
kreis_03157,dep_hour_share_other_13,0.07996918335901387,0.04204706984,3.7922113519013876,2446.0
kreis_03157,dep_hour_share_other_14,0.0761831388950033,0.1123311418,-3.6148002904996703,2446.0
kreis_03157,dep_hour_share_other_15,0.09057891261281092,0.07287010809,1.7708804522810928,2446.0
kreis_03157,dep_hour_share_other_16,0.08432753686990975,0.1080794917,-2.3751954830090254,2446.0
kreis_03157,dep_hour_share_other_17,0.06491305304864627,0.0736993369,-0.8786283851353729,2446.0
kreis_03157,dep_hour_share_other_18,0.0413383226942549,0.01983697873,2.15013439642549,2446.0
kreis_03157,dep_hour_share_other_19,0.033259960378604445,0.006493111688,2.6766848690604443,2446.0
kreis_03157,dep_hour_share_other_20,0.01347127448822364,0.003512883071,0.995839141722364,2446.0
kreis_03157,dep_hour_share_other_21,0.009244992295839754,0.001318428024,0.7926564271839754,2446.0
kreis_03157,dep_hour_share_other_22,0.005348888399735858,0.0,0.5348888399735857,2446.0
kreis_03157,dep_hour_share_other_23,0.0029055690072639223,0.0,0.29055690072639223,2446.0
kreis_03157,dep_hour_share_other_4,0.001430772617213295,0.0,0.1430772617213295,2446.0
kreis_03157,dep_hour_share_other_5,0.0037640325775918997,0.0,0.37640325775919,2446.0
kreis_03157,dep_hour_share_other_6,0.017983711204050186,0.006424926355,1.1558784849050188,2446.0
kreis_03157,dep_hour_share_other_7,0.0637244111820383,0.04588633064,1.7838080542038295,2446.0
kreis_03157,dep_hour_share_other_8,0.08850979528945631,0.101739951,-1.3230155710543687,2446.0
kreis_03157,dep_hour_share_other_9,0.09060092449922959,0.08723176686,0.33691576392295836,2446.0
kreis_03157,dep_hour_share_shop_10,0.13001378887697257,0.09878747672,3.1226312156972567,2446.0
kreis_03157,dep_hour_share_shop_11,0.08417343343036617,0.08513403848,-0.09606050496338281,2446.0
kreis_03157,dep_hour_share_shop_12,0.07133445687145702,0.1066141196,-3.527966272854298,2446.0
kreis_03157,dep_hour_share_shop_13,0.05834227056840815,0.05232446615,0.601780441840815,2446.0
kreis_03157,dep_hour_share_shop_14,0.07734027884173433,0.08709761272,-0.9757333878265662,2446.0
kreis_03157,dep_hour_share_shop_15,0.10323272560134825,0.1078695233,-0.46367976986517595,2446.0
kreis_03157,dep_hour_share_shop_16,0.09137429140493335,0.1170282527,-2.5653961295066656,2446.0
kreis_03157,dep_hour_share_shop_17,0.07032327256013482,0.08633566781,-1.6012395249865183,2446.0
kreis_03157,dep_hour_share_shop_18,0.04213267963842501,0.04407355299,-0.1940873351574994,2446.0
kreis_03157,dep_hour_share_shop_19,0.012256779531178184,0.007665948329,0.4590831202178184,2446.0
kreis_03157,dep_hour_share_shop_20,0.0034012563199019457,0.006720398303,-0.3319141983098054,2446.0
kreis_03157,dep_hour_share_shop_21,0.001685307185537,0.0,0.1685307185537,2446.0
kreis_03157,dep_hour_share_shop_22,0.0010418262601501456,0.0,0.10418262601501456,2446.0
kreis_03157,dep_hour_share_shop_23,0.00036770338593534546,0.0,0.03677033859353455,2446.0
kreis_03157,dep_hour_share_shop_4,0.00018385169296767273,0.0,0.018385169296767274,2446.0
kreis_03157,dep_hour_share_shop_5,0.0012256779531178183,0.0,0.12256779531178183,2446.0
kreis_03157,dep_hour_share_shop_6,0.011950360042898728,0.004202694124,0.7747665918898727,2446.0
kreis_03157,dep_hour_share_shop_7,0.04302129615443542,0.02758049166,1.5440804494435423,2446.0
kreis_03157,dep_hour_share_shop_8,0.07688064960931515,0.05805903282,1.8821616789315148,2446.0
kreis_03157,dep_hour_share_shop_9,0.11671518308564424,0.1105067242,0.6208458885644239,2446.0
kreis_03157,dep_hour_share_work_10,0.02817132841597897,0.03349005889,-0.5318730474021032,2446.0
kreis_03157,dep_hour_share_work_11,0.023953845030307456,0.03219821615,-0.8244371119692544,2446.0
kreis_03157,dep_hour_share_work_12,0.02968670123420726,0.02400403544,0.5682665794207259,2446.0
kreis_03157,dep_hour_share_work_13,0.036314175125976775,0.04438396933,-0.8069794204023227,2446.0
kreis_03157,dep_hour_share_work_14,0.021963777112393192,0.01752233201,0.44414451023931933,2446.0
kreis_03157,dep_hour_share_work_15,0.018275761337909882,0.01002949914,0.8246262197909882,2446.0
kreis_03157,dep_hour_share_work_16,0.011611772438472213,0.01039100778,0.12207646584722134,2446.0
kreis_03157,dep_hour_share_work_17,0.007613379098809611,0.0112437194,-0.3630340301190389,2446.0
kreis_03157,dep_hour_share_work_18,0.004053165851164829,0.01378795032,-0.9734784468835171,2446.0
kreis_03157,dep_hour_share_work_19,0.0028481705981158257,0.0,0.28481705981158256,2446.0
kreis_03157,dep_hour_share_work_20,0.005276418608047908,0.002694522053,0.2581896555047908,2446.0
kreis_03157,dep_hour_share_work_21,0.0035236982399766306,0.01089474319,-0.7371044950023369,2446.0
kreis_03157,dep_hour_share_work_22,0.0010589352223763966,0.0,0.10589352223763966,2446.0
kreis_03157,dep_hour_share_work_23,0.0007303001533630323,0.0,0.07303001533630323,2446.0
kreis_03157,dep_hour_share_work_4,0.02912071861535091,0.01818388768,1.093683093535091,2446.0
kreis_03157,dep_hour_share_work_5,0.12703571167749944,0.09817122256,2.8864489117499446,2446.0
kreis_03157,dep_hour_share_work_6,0.21715475060249761,0.1898237086,2.733104200249761,2446.0
kreis_03157,dep_hour_share_work_7,0.24450449134594318,0.3243751272,-7.987063585405682,2446.0
kreis_03157,dep_hour_share_work_8,0.12468049368290367,0.119425894,0.5254599682903662,2446.0
kreis_03157,dep_hour_share_work_9,0.05112101073541225,0.03607658411,1.5044426625412257,2446.0
kreis_03157,mean_work_activity_h,5.744889688643686,6.415477383,-0.670587694356314,2446.0
kreis_03157,mobility_rate,0.8715172206633307,0.8212402024,5.027701826333075,2446.0
kreis_03157,n_persons_unweighted,136493.0,2446.0,134047.0,2446.0
kreis_03157,n_persons_weighted,136493.0,104172.0,32321.0,2446.0
kreis_03157,n_work_activities_measured,54739.0,871.0,53868.0,2446.0
kreis_03157,nonhome_acts_per_mobile,2.134284945694206,2.155588382,-0.021303436305793788,2446.0
kreis_03157,participation_education,0.19784164755701758,0.1901311055,0.7710542057017572,2446.0
kreis_03157,participation_escort,0.10481856212406497,0.1063565594,-0.1537997275935024,2446.0
kreis_03157,participation_home,0.8715172206633307,0.8137540321,5.776318856333074,2446.0
kreis_03157,participation_leisure,0.3675060259500487,0.3722657309,-0.475970494995126,2446.0
kreis_03157,participation_other,0.24395390239792517,0.1664957087,7.7458193697925175,2446.0
kreis_03157,participation_shop,0.20348296249624523,0.2322507851,-2.8767822603754767,2446.0
kreis_03157,participation_work,0.32067578557142123,0.3164269236,0.4248861971421214,2446.0
kreis_03157,purpose_share_education,0.0803548032676103,0.06415113977,1.6203663497610292,2446.0
kreis_03157,purpose_share_escort,0.05194939525304672,0.05521754869,-0.32681534369532816,2446.0
kreis_03157,purpose_share_home,0.41643183207756207,0.430629673,-1.419784092243792,2446.0
kreis_03157,purpose_share_leisure,0.14593226650239738,0.1663083762,-2.037610969760262,2446.0
kreis_03157,purpose_share_other,0.10442285856138722,0.07017784179,3.4245016771387222,2446.0
kreis_03157,purpose_share_shop,0.07501298677417724,0.09305182129,-1.8038834515822764,2446.0
kreis_03157,purpose_share_work,0.12589585756381907,0.1204635993,0.5432258263819073,2446.0
kreis_03157,share_mobile_first_from_home,1.0,0.9810117436,1.8988256400000014,2446.0
kreis_03157,share_mobile_last_to_home,1.0,0.9814461412,1.8553858800000045,2446.0
kreis_03157,share_mobile_odd_trip_count,0.28163354517636774,0.2207371556,6.089638957636772,2446.0
kreis_03157,share_trips_0,0.12848277933666927,0.1787597976,-5.027701826333073,2446.0
kreis_03157,share_trips_1,0.0009744089440484128,0.008836270712,-0.7861861767951589,2446.0
kreis_03157,share_trips_2,0.34625951513997055,0.3141973457,3.2062169439970534,2446.0
kreis_03157,share_trips_3,0.11525865795315511,0.06668096858,4.8577689373155115,2446.0
kreis_03157,share_trips_4,0.1803975295436396,0.2130226015,-3.2625071956360383,2446.0
kreis_03157,share_trips_5,0.09135267010029818,0.06327543051,2.807723959029819,2446.0
kreis_03157,share_trips_6,0.06835515374414805,0.08170331607,-1.3348162325851953,2446.0
kreis_03157,share_trips_7,0.027723033415633036,0.02678843864,0.09345947756330374,2446.0
kreis_03157,share_trips_8plus,0.04119625182243778,0.04673583062,-0.5539578797562221,2446.0
kreis_03157,share_trips_followed_by_same_purpose,0.09985105434217967,0.04319098711,5.666006723217967,2446.0
kreis_03157,share_trips_home_based,0.8110068082876306,0.8605857712,-4.95789629123694,2446.0
kreis_03157,share_trips_unknown_purpose,0.0,0.0006487918246,-0.06487918245999999,2446.0
kreis_03157,share_work_activities_lt_2h,0.192075120115457,0.1186540761,7.342104401545699,2446.0
kreis_03157,tours_per_mobile,1.5230169138168734,1.628471052,-0.10545413818312666,2446.0
kreis_03157,trips_per_mobile_person,3.6573018595110796,3.784059434,-0.12675757448892044,2446.0
kreis_03157,trips_per_person,3.1874015517279273,3.107621736,0.07977981572792725,2446.0
kreis_03157,trips_per_person_education,0.2561230246239734,0.1992281348,0.056894889823973394,2446.0
kreis_03157,trips_per_person_escort,0.16558358304088855,0.1714839249,-0.005900341859111452,2446.0
kreis_03157,trips_per_person_home,1.327335467752925,1.337365896,-0.010030428247075118,2446.0
kreis_03157,trips_per_person_leisure,0.46514473269691486,0.5164882138,-0.05134348110308512,2446.0
kreis_03157,trips_per_person_other,0.3328375814144315,0.217944694,0.11489288741443149,2446.0
kreis_03157,trips_per_person_shop,0.239096510443759,0.2889822513,-0.04988574085624098,2446.0
kreis_03157,trips_per_person_work,0.4012806517550351,0.3741124209,0.027168230855035058,2446.0
kreis_03158,dep_hour_share_all_10,0.04522887959952521,0.05515405448,-0.9925174880474792,1871.0
kreis_03158,dep_hour_share_all_11,0.04856788976621768,0.05128257631,-0.27146865437823187,1871.0
kreis_03158,dep_hour_share_all_12,0.05993187799969035,0.05721300189,0.2718876109690356,1871.0
kreis_03158,dep_hour_share_all_13,0.0654848531764463,0.07577047958,-1.0285626403553696,1871.0
kreis_03158,dep_hour_share_all_14,0.0726789492697528,0.06910079288,0.35781563897527985,1871.0
kreis_03158,dep_hour_share_all_15,0.08805800691541518,0.0945681824,-0.6510175484584824,1871.0
kreis_03158,dep_hour_share_all_16,0.09023842700108375,0.09813400199,-0.7895574988916243,1871.0
kreis_03158,dep_hour_share_all_17,0.07774423285338287,0.07468157096,0.3062661893382876,1871.0
kreis_03158,dep_hour_share_all_18,0.06436754915621613,0.06272519837,0.16423507862161346,1871.0
kreis_03158,dep_hour_share_all_19,0.04012230995510141,0.0362048663,0.391744365510141,1871.0
kreis_03158,dep_hour_share_all_20,0.0270888166382825,0.02188639743,0.5202419208282503,1871.0
kreis_03158,dep_hour_share_all_21,0.01963152190741601,0.01357014316,0.6061378747416011,1871.0
kreis_03158,dep_hour_share_all_22,0.013854053775094183,0.006890193345,0.6963860430094183,1871.0
kreis_03158,dep_hour_share_all_23,0.006987665789337875,0.004613050967,0.23746148223378755,1871.0
kreis_03158,dep_hour_share_all_4,0.0039350776694018685,0.003629293392,0.030578427740186834,1871.0
kreis_03158,dep_hour_share_all_5,0.01628993136192393,0.01126620152,0.502372984192393,1871.0
kreis_03158,dep_hour_share_all_6,0.049920008257212156,0.0406541143,0.9265893957212155,1871.0
kreis_03158,dep_hour_share_all_7,0.08953398358879083,0.1039640148,-1.443003121120917,1871.0
kreis_03158,dep_hour_share_all_8,0.05817464003715746,0.06412901048,-0.595437044284254,1871.0
kreis_03158,dep_hour_share_all_9,0.0509960262166486,0.05243075416,-0.14347279433514007,1871.0
kreis_03158,dep_hour_share_education_10,0.01818469949685036,0.002660874358,1.5523825138850362,1871.0
kreis_03158,dep_hour_share_education_11,0.033794223683689235,0.00987711508,2.391710860368924,1871.0
kreis_03158,dep_hour_share_education_12,0.023255813953488372,0.00972202424,1.3533789713488371,1871.0
kreis_03158,dep_hour_share_education_13,0.025355572283190048,0.03807245213,-1.271687984680995,1871.0
kreis_03158,dep_hour_share_education_14,0.02155223644071154,0.009916532512,1.1635703928711538,1871.0
kreis_03158,dep_hour_share_education_15,0.03498276613446377,0.02757460069,0.7408165444463772,1871.0
kreis_03158,dep_hour_share_education_16,0.015332197614991482,0.01405167733,0.1280520284991482,1871.0
kreis_03158,dep_hour_share_education_17,0.00871597797234658,0.004867861149,0.38481168233465796,1871.0
kreis_03158,dep_hour_share_education_18,0.004239134741095836,0.0,0.4239134741095836,1871.0
kreis_03158,dep_hour_share_education_19,0.00685392813279981,0.0,0.685392813279981,1871.0
kreis_03158,dep_hour_share_education_20,0.0004754169803098134,0.0,0.04754169803098134,1871.0
kreis_03158,dep_hour_share_education_21,7.92361633849689e-05,0.0,0.00792361633849689,1871.0
kreis_03158,dep_hour_share_education_22,3.961808169248445e-05,0.0,0.003961808169248445,1871.0
kreis_03158,dep_hour_share_education_23,0.0001584723267699378,0.0,0.01584723267699378,1871.0
kreis_03158,dep_hour_share_education_4,0.00035656273523236007,0.0,0.035656273523236005,1871.0
kreis_03158,dep_hour_share_education_5,0.002733647636781427,0.0,0.2733647636781427,1871.0
kreis_03158,dep_hour_share_education_6,0.17812289528941008,0.08214585943,9.597703585941009,1871.0
kreis_03158,dep_hour_share_education_7,0.47078166475179273,0.6373170409,-16.653537614820724,1871.0
kreis_03158,dep_hour_share_education_8,0.11722990372806148,0.110496553,0.6733350728061485,1871.0
kreis_03158,dep_hour_share_education_9,0.03640901707539321,0.05329740919,-1.6888392114606792,1871.0
kreis_03158,dep_hour_share_escort_10,0.016155654479067673,0.02741296507,-1.1257310590932328,1871.0
kreis_03158,dep_hour_share_escort_11,0.034312009203221125,0.02080495752,1.3507051683221125,1871.0
kreis_03158,dep_hour_share_escort_12,0.052668433951883156,0.05321798475,-0.054955079811684626,1871.0
kreis_03158,dep_hour_share_escort_13,0.07367578652528385,0.09225923392,-1.8583447394716153,1871.0
kreis_03158,dep_hour_share_escort_14,0.14209973490721753,0.102593244,3.950649090721753,1871.0
kreis_03158,dep_hour_share_escort_15,0.12829490321612563,0.1687602819,-4.046537868387437,1871.0
kreis_03158,dep_hour_share_escort_16,0.09808432951533036,0.04451623652,5.356809299533036,1871.0
kreis_03158,dep_hour_share_escort_17,0.05767018456459761,0.03453654203,2.313364253459761,1871.0
kreis_03158,dep_hour_share_escort_18,0.03691291952183264,0.03517520488,0.1737714641832644,1871.0
kreis_03158,dep_hour_share_escort_19,0.0191066873405692,0.007376827986,1.1729859354569199,1871.0
kreis_03158,dep_hour_share_escort_20,0.006152153253638774,0.002614832101,0.3537321152638774,1871.0
kreis_03158,dep_hour_share_escort_21,0.0091031861151403,0.0,0.9103186115140299,1871.0
kreis_03158,dep_hour_share_escort_22,0.001800630220577202,0.001096139809,0.07044904115772022,1871.0
kreis_03158,dep_hour_share_escort_23,0.001200420147051468,0.0,0.1200420147051468,1871.0
kreis_03158,dep_hour_share_escort_4,0.0015505426899414796,0.0,0.15505426899414795,1871.0
kreis_03158,dep_hour_share_escort_5,0.001500525183814335,0.0,0.1500525183814335,1871.0
kreis_03158,dep_hour_share_escort_6,0.042414845195818535,0.03150092254,1.0913922655818538,1871.0
kreis_03158,dep_hour_share_escort_7,0.1687090481668584,0.2425382786,-7.38292304331416,1871.0
kreis_03158,dep_hour_share_escort_8,0.07812734457059971,0.1043624275,-2.6235082929400284,1871.0
kreis_03158,dep_hour_share_escort_9,0.02710948832091232,0.03123392086,-0.4124432539087681,1871.0
kreis_03158,dep_hour_share_home_10,0.03274289114212758,0.04367232834,-1.092943719787242,1871.0
kreis_03158,dep_hour_share_home_11,0.04854723950715224,0.05756872897,-0.9021489462847754,1871.0
kreis_03158,dep_hour_share_home_12,0.07494979795225228,0.07114544741,0.3804350542252269,1871.0
kreis_03158,dep_hour_share_home_13,0.08240573171034038,0.08939421248,-0.698848076965962,1871.0
kreis_03158,dep_hour_share_home_14,0.08141408632273099,0.08751906609,-0.6104979767269009,1871.0
kreis_03158,dep_hour_share_home_15,0.10487269752336564,0.1153993244,-1.052662687663436,1871.0
kreis_03158,dep_hour_share_home_16,0.11269430051813471,0.1205004999,-0.7806199381865289,1871.0
kreis_03158,dep_hour_share_home_17,0.10129037856062673,0.0867880434,1.4502335160626725,1871.0
kreis_03158,dep_hour_share_home_18,0.09213005429258497,0.09740646199,-0.5276407697415025,1871.0
kreis_03158,dep_hour_share_home_19,0.06107296030939336,0.05202318318,0.9049777129393359,1871.0
kreis_03158,dep_hour_share_home_20,0.04999132310285842,0.03821740242,1.1773920682858423,1871.0
kreis_03158,dep_hour_share_home_21,0.03780648040260803,0.02671837785,1.1088102552608028,1871.0
kreis_03158,dep_hour_share_home_22,0.02792721322854947,0.01568993182,1.2237281408549472,1871.0
kreis_03158,dep_hour_share_home_23,0.014694945087636661,0.00638792609,0.830701899763666,1871.0
kreis_03158,dep_hour_share_home_4,4.338448570791085e-05,0.0007734310221,-0.07300465363920891,1871.0
kreis_03158,dep_hour_share_home_5,0.0007003495549991323,0.00563800055,-0.49376509950008685,1871.0
kreis_03158,dep_hour_share_home_6,0.0015804348365024668,0.007895271508,-0.6314836671497533,1871.0
kreis_03158,dep_hour_share_home_7,0.009197510970077101,0.01212239825,-0.29248872799228987,1871.0
kreis_03158,dep_hour_share_home_8,0.017279420879093635,0.03462856587,-1.7349144990906367,1871.0
kreis_03158,dep_hour_share_home_9,0.03067902917916553,0.02767257553,0.30064536491655297,1871.0
kreis_03158,dep_hour_share_leisure_10,0.04611081032304638,0.04393411535,0.21766949730463864,1871.0
kreis_03158,dep_hour_share_leisure_11,0.0301931059375564,0.03413978358,-0.3946677642443601,1871.0
kreis_03158,dep_hour_share_leisure_12,0.040931239848402814,0.0515817975,-1.0650557651597183,1871.0
kreis_03158,dep_hour_share_leisure_13,0.048673524634542505,0.06887164928,-2.01981246454575,1871.0
kreis_03158,dep_hour_share_leisure_14,0.08191662154845696,0.05625050905,2.566611249845695,1871.0
kreis_03158,dep_hour_share_leisure_15,0.10628045479155387,0.1167850565,-1.0504601708446124,1871.0
kreis_03158,dep_hour_share_leisure_16,0.14143656379714853,0.1247820193,1.6654544497148525,1871.0
kreis_03158,dep_hour_share_leisure_17,0.1378451543042772,0.1476739585,-0.9828804195722796,1871.0
kreis_03158,dep_hour_share_leisure_18,0.10693015701136979,0.0844457048,2.24844522113698,1871.0
kreis_03158,dep_hour_share_leisure_19,0.06044035372676412,0.06485958293,-0.4419229203235883,1871.0
kreis_03158,dep_hour_share_leisure_20,0.02454430608193467,0.0308634367,-0.6319130618065331,1871.0
kreis_03158,dep_hour_share_leisure_21,0.013192564519039884,0.01105487573,0.21376887890398844,1871.0
kreis_03158,dep_hour_share_leisure_22,0.010196715394333153,0.0005575326329,0.9639182761433154,1871.0
kreis_03158,dep_hour_share_leisure_23,0.0018227756722613247,0.003073118089,-0.12503424167386754,1871.0
kreis_03158,dep_hour_share_leisure_4,0.00028875654214040785,0.004135896466,-0.3847139923859592,1871.0
kreis_03158,dep_hour_share_leisure_5,0.003031943692474283,0.005569946358,-0.25380026655257176,1871.0
kreis_03158,dep_hour_share_leisure_6,0.018390182277567228,0.01499059211,0.33995901675672285,1871.0
kreis_03158,dep_hour_share_leisure_7,0.024490164230283343,0.02605144068,-0.15612764497166565,1871.0
kreis_03158,dep_hour_share_leisure_8,0.0448475004511821,0.05167739811,-0.6829897658817905,1871.0
kreis_03158,dep_hour_share_leisure_9,0.05307706190218372,0.05842583073,-0.5348768827816285,1871.0
kreis_03158,dep_hour_share_other_10,0.0874442166204318,0.1599726669,-7.252845027956821,1871.0
kreis_03158,dep_hour_share_other_11,0.08534555542154143,0.07557085747,0.9774697951541428,1871.0
kreis_03158,dep_hour_share_other_12,0.06686768785429985,0.03858206384,2.828562401429985,1871.0
kreis_03158,dep_hour_share_other_13,0.07892895911229043,0.07530674409,0.36222150222904315,1871.0
kreis_03158,dep_hour_share_other_14,0.0865275600048245,0.08053868999,0.598887001482451,1871.0
kreis_03158,dep_hour_share_other_15,0.08843324086358702,0.0852189803,0.3214260563587021,1871.0
kreis_03158,dep_hour_share_other_16,0.08971173561693402,0.09817349272,-0.8461757103065987,1871.0
kreis_03158,dep_hour_share_other_17,0.06047521408756483,0.04801915574,1.245605834756483,1871.0
kreis_03158,dep_hour_share_other_18,0.03977807260885297,0.01484022095,2.4937851658852974,1871.0
kreis_03158,dep_hour_share_other_19,0.02868170305150163,0.0009990018478,2.768270120370163,1871.0
kreis_03158,dep_hour_share_other_20,0.01261608973585816,0.000445981966,1.2170107769858158,1871.0
kreis_03158,dep_hour_share_other_21,0.007309130382342299,0.003042066317,0.42670640653422987,1871.0
kreis_03158,dep_hour_share_other_22,0.004197322397780726,0.0,0.41973223977807256,1871.0
kreis_03158,dep_hour_share_other_23,0.004100832227716802,0.0,0.41008322277168013,1871.0
kreis_03158,dep_hour_share_other_4,0.0015438427210227959,0.0,0.1543842721022796,1871.0
kreis_03158,dep_hour_share_other_5,0.0012784947533470029,0.002421446838,-0.11429520846529971,1871.0
kreis_03158,dep_hour_share_other_6,0.01896031841756121,0.01059897521,0.8361343207561212,1871.0
kreis_03158,dep_hour_share_other_7,0.062139669521167534,0.07230242952,-1.016275999883247,1871.0
kreis_03158,dep_hour_share_other_8,0.07666144011578821,0.1147094796,-3.8048039484211786,1871.0
kreis_03158,dep_hour_share_other_9,0.09316125919671933,0.1192577466,-2.6096487403280673,1871.0
kreis_03158,dep_hour_share_shop_10,0.11443628233791121,0.1219647016,-0.752841926208879,1871.0
kreis_03158,dep_hour_share_shop_11,0.09131267965506228,0.1097824358,-1.846975614493772,1871.0
kreis_03158,dep_hour_share_shop_12,0.08789524113701692,0.06949173784,1.8403503297016925,1871.0
kreis_03158,dep_hour_share_shop_13,0.06071542638134781,0.08454214989,-2.382672350865219,1871.0
kreis_03158,dep_hour_share_shop_14,0.07655701053976366,0.06957981999,0.6977190549763659,1871.0
kreis_03158,dep_hour_share_shop_15,0.10328968380709039,0.07121066525,3.207901855709039,1871.0
kreis_03158,dep_hour_share_shop_16,0.07486426061961035,0.1397555875,-6.489132688038965,1871.0
kreis_03158,dep_hour_share_shop_17,0.059565633982753115,0.07355867656,-1.399304257724688,1871.0
kreis_03158,dep_hour_share_shop_18,0.043979559246247205,0.04277831041,0.12012488362472054,1871.0
kreis_03158,dep_hour_share_shop_19,0.015138933248163526,0.03085819852,-1.5719265271836473,1871.0
kreis_03158,dep_hour_share_shop_20,0.004407537527946343,0.006191894785,-0.17843572570536564,1871.0
kreis_03158,dep_hour_share_shop_21,0.0022037687639731717,0.0,0.22037687639731718,1871.0
kreis_03158,dep_hour_share_shop_22,0.0014691791759821144,0.0,0.14691791759821143,1871.0
kreis_03158,dep_hour_share_shop_23,0.0005110188438198659,0.0,0.05110188438198659,1871.0
kreis_03158,dep_hour_share_shop_4,6.387735547748324e-05,0.0,0.0063877355477483235,1871.0
kreis_03158,dep_hour_share_shop_5,0.0005429575215586074,0.0,0.054295752155860744,1871.0
kreis_03158,dep_hour_share_shop_6,0.011753433407856916,0.008862747522,0.2890685885856916,1871.0
kreis_03158,dep_hour_share_shop_7,0.0422868093260939,0.03514281976,0.7143989566093898,1871.0
kreis_03158,dep_hour_share_shop_8,0.08831044394762057,0.0437058696,4.4604574347620565,1871.0
kreis_03158,dep_hour_share_shop_9,0.11903545193229001,0.0925743851,2.6461066832290006,1871.0
kreis_03158,dep_hour_share_work_10,0.03220733948430366,0.02641494861,0.5792390874303662,1871.0
kreis_03158,dep_hour_share_work_11,0.026144781463728853,0.01660022885,0.9544552613728854,1871.0
kreis_03158,dep_hour_share_work_12,0.032226284978117956,0.04021213059,-0.7985845611882043,1871.0
kreis_03158,dep_hour_share_work_13,0.03976659151620787,0.04043885205,-0.06722605337921295,1871.0
kreis_03158,dep_hour_share_work_14,0.021256844059640415,0.025826721,-0.45698769403595857,1871.0
kreis_03158,dep_hour_share_work_15,0.01833923801223879,0.01949787229,-0.11586342777612085,1871.0
kreis_03158,dep_hour_share_work_16,0.010230566659719985,0.01095984865,-0.07292819902800143,1871.0
kreis_03158,dep_hour_share_work_17,0.007635034007161397,0.006489062176,0.11459718311613976,1871.0
kreis_03158,dep_hour_share_work_18,0.005380520243260141,0.004155481623,0.12250386202601413,1871.0
kreis_03158,dep_hour_share_work_19,0.0024250232082299226,0.0,0.24250232082299225,1871.0
kreis_03158,dep_hour_share_work_20,0.00522895629274577,0.0006980929976,0.453086329514577,1871.0
kreis_03158,dep_hour_share_work_21,0.004186954132959476,0.003611585871,0.05753682619594755,1871.0
kreis_03158,dep_hour_share_work_22,0.0007767652463861471,0.001434930602,-0.0658165355613853,1871.0
kreis_03158,dep_hour_share_work_23,0.00041680086391451793,0.012066013,-1.1649212136085483,1871.0
kreis_03158,dep_hour_share_work_4,0.02644790936475759,0.02201327391,0.44346354547575917,1871.0
kreis_03158,dep_hour_share_work_5,0.11107743023321903,0.06533262306,4.5744807173219035,1871.0
kreis_03158,dep_hour_share_work_6,0.219275145406665,0.2199542112,-0.06790657933349875,1871.0
kreis_03158,dep_hour_share_work_7,0.24062671693537693,0.2789355718,-3.830885486462307,1871.0
kreis_03158,dep_hour_share_work_8,0.128980921887729,0.1334530624,-0.4472140512270989,1871.0
kreis_03158,dep_hour_share_work_9,0.053464183543944076,0.0644253084,-1.096112485605593,1871.0
kreis_03158,mean_work_activity_h,5.762618018427937,6.272497235,-0.5098792165720631,1871.0
kreis_03158,mobility_rate,0.8952088159149748,0.859850828,3.5357987914974798,1871.0
kreis_03158,n_persons_unweighted,117424.0,1871.0,115553.0,1871.0
kreis_03158,n_persons_weighted,117424.0,67261.0,50163.0,1871.0
kreis_03158,n_work_activities_measured,52746.0,685.0,52061.0,1871.0
kreis_03158,nonhome_acts_per_mobile,2.1517708501793207,2.19084171,-0.03907085982067926,1871.0
kreis_03158,participation_education,0.16938615615206432,0.1783423675,-0.8956211347935672,1871.0
kreis_03158,participation_escort,0.11500204387518735,0.1155273422,-0.05252983248126425,1871.0
kreis_03158,participation_home,0.8952088159149748,0.8509482999,4.426051601497482,1871.0
kreis_03158,participation_leisure,0.3783809102057501,0.3852013769,-0.6820466694249905,1871.0
kreis_03158,participation_other,0.253849298269519,0.1813403823,7.250891596951902,1871.0
kreis_03158,participation_shop,0.2229867829404551,0.3003820177,-7.73952347595449,1871.0
kreis_03158,participation_work,0.3597560975609756,0.3336604347,2.609566286097559,1871.0
kreis_03158,purpose_share_education,0.06513134128090003,0.05991894387,0.5212397410900037,1871.0
kreis_03158,purpose_share_escort,0.05158951334055839,0.05721124417,-0.5621730829441611,1871.0
kreis_03158,purpose_share_home,0.41633895855911646,0.4209777963,-0.4638837740883528,1871.0
kreis_03158,purpose_share_leisure,0.14297878928626723,0.1581563002,-1.5177510913732761,1871.0
kreis_03158,purpose_share_other,0.10696960313774062,0.06567131097,4.129829216774063,1871.0
kreis_03158,purpose_share_shop,0.08079166021571967,0.1180479127,-3.7256252484280328,1871.0
kreis_03158,purpose_share_work,0.1362001341796976,0.1200164918,1.6183642379697591,1871.0
kreis_03158,share_mobile_first_from_home,1.0,0.981267738,1.8732262,1871.0
kreis_03158,share_mobile_last_to_home,1.0,0.9794394822,2.056051780000001,1871.0
kreis_03158,share_mobile_odd_trip_count,0.2891009237150277,0.2337599305,5.534099321502772,1871.0
kreis_03158,share_trips_0,0.1047911840850252,0.140149172,-3.5357987914974784,1871.0
kreis_03158,share_trips_1,0.0008516146613980107,0.005121677129,-0.4270062467601989,1871.0
kreis_03158,share_trips_2,0.322778988963074,0.3023557305,2.0423258463074023,1871.0
kreis_03158,share_trips_3,0.13071433437798066,0.0894352087,4.127912567798066,1871.0
kreis_03158,share_trips_4,0.21641231775446246,0.2458050449,-2.9392727145537534,1871.0
kreis_03158,share_trips_5,0.08931734568742336,0.07536807732,1.3949268367423358,1871.0
kreis_03158,share_trips_6,0.06663884725439433,0.07578641606,-0.9147568805605675,1871.0
kreis_03158,share_trips_7,0.029355157378389427,0.01798444424,1.1370713138389426,1871.0
kreis_03158,share_trips_8plus,0.03914020983785257,0.04799422912,-0.8854019282147435,1871.0
kreis_03158,share_trips_followed_by_same_purpose,0.10231976054084739,0.04154866765,6.0771092890847385,1871.0
kreis_03158,share_trips_home_based,0.808440419053517,0.8419643411,-3.3523922046482912,1871.0
kreis_03158,share_trips_unknown_purpose,0.0,0.0005637387882,-0.05637387882,1871.0
kreis_03158,share_work_activities_lt_2h,0.19195768399499488,0.1171743165,7.478336749499488,1871.0
kreis_03158,tours_per_mobile,1.5349080565834912,1.59130017,-0.05639211341650885,1871.0
kreis_03158,trips_per_mobile_person,3.6866789067628116,3.782141881,-0.09546297423718819,1871.0
kreis_03158,trips_per_person,3.30034745878185,3.252077828,0.048269630781850204,1871.0
kreis_03158,trips_per_person_education,0.21495605668347187,0.1947512181,0.020204838583471857,1871.0
kreis_03158,trips_per_person_escort,0.17026331925330426,0.185950532,-0.01568721274669574,1871.0
kreis_03158,trips_per_person_home,1.3740632238724622,1.368280769,0.005782454872462095,1871.0
kreis_03158,trips_per_person_leisure,0.47187968388063767,0.5140466457,-0.04216696181936236,1871.0
kreis_03158,trips_per_person_other,0.3530368578825453,0.2134478176,0.1395890402825453,1871.0
kreis_03158,trips_per_person_shop,0.26664055048371715,0.3836845796,-0.11704402911628287,1871.0
kreis_03158,trips_per_person_work,0.44950776672571197,0.3900829432,0.05942482352571199,1871.0
