segment,metric,model,srv,delta_pp,n_srv
kreis_03101,dep_hour_share_all_10,0.046679978786920595,0.04768783712,-0.10078583330794047,4519.0
kreis_03101,dep_hour_share_all_11,0.0489469399137036,0.05982544237,-1.0878502456296402,4519.0
kreis_03101,dep_hour_share_all_12,0.0611743381494327,0.0566705804,0.4503757749432701,4519.0
kreis_03101,dep_hour_share_all_13,0.06332801346482787,0.07240278203,-0.9074768565172129,4519.0
kreis_03101,dep_hour_share_all_14,0.0690396101972169,0.07081130982,-0.17716996227831044,4519.0
kreis_03101,dep_hour_share_all_15,0.0880579326210851,0.09227897368,-0.42210410589148956,4519.0
kreis_03101,dep_hour_share_all_16,0.08847746359292798,0.0956105496,-0.713308600707202,4519.0
kreis_03101,dep_hour_share_all_17,0.08296754050278982,0.09057934006,-0.7611799557210184,4519.0
kreis_03101,dep_hour_share_all_18,0.06835989532888988,0.06391969238,0.44402029488898737,4519.0
kreis_03101,dep_hour_share_all_19,0.04566912077761373,0.0429888639,0.26802568776137303,4519.0
kreis_03101,dep_hour_share_all_20,0.03316037536195439,0.02757435138,0.5586023981954389,4519.0
kreis_03101,dep_hour_share_all_21,0.02103132414929825,0.02015657983,0.08747443192982512,4519.0
kreis_03101,dep_hour_share_all_22,0.01630942214277,0.01470191907,0.16075030727700015,4519.0
kreis_03101,dep_hour_share_all_23,0.008319660192361798,0.006778047623,0.15416125693617977,4519.0
kreis_03101,dep_hour_share_all_4,0.0043807996733384955,0.001778546951,0.26022527223384956,4519.0
kreis_03101,dep_hour_share_all_5,0.013139909221963007,0.007976812978,0.5163096243963007,4519.0
kreis_03101,dep_hour_share_all_6,0.04386152739151328,0.02687070239,1.6990825001513277,4519.0
kreis_03101,dep_hour_share_all_7,0.08241480533513927,0.09452740564,-1.2112600304860734,4519.0
kreis_03101,dep_hour_share_all_8,0.05652090558934765,0.0597203073,-0.3199401710652347,4519.0
kreis_03101,dep_hour_share_all_9,0.04714183632565563,0.04474744367,0.23943926556556291,4519.0
kreis_03101,dep_hour_share_education_10,0.02392057694108832,0.02053195257,0.33886243710883196,4519.0
kreis_03101,dep_hour_share_education_11,0.039224501264400115,0.03082812426,0.8396377004400115,4519.0
kreis_03101,dep_hour_share_education_12,0.03482251568792732,0.03279441828,0.20280974079273165,4519.0
kreis_03101,dep_hour_share_education_13,0.04042333988948207,0.04742332445,-0.6999984560517931,4519.0
kreis_03101,dep_hour_share_education_14,0.023808185819986886,0.02829449134,-0.4486305520013112,4519.0
kreis_03101,dep_hour_share_education_15,0.03349255408822703,0.02188450235,1.160805173822703,4519.0
kreis_03101,dep_hour_share_education_16,0.02326496206799663,0.02514131497,-0.18763529020033692,4519.0
kreis_03101,dep_hour_share_education_17,0.009347194904935843,0.008888763946,0.04584309589358432,4519.0
kreis_03101,dep_hour_share_education_18,0.0061065842465111925,0.003465831918,0.2640752328511192,4519.0
kreis_03101,dep_hour_share_education_19,0.001048983796946708,0.005285766938,-0.42367831410532913,4519.0
kreis_03101,dep_hour_share_education_20,0.000599419312540976,0.0009515474552,-0.035212814265902406,4519.0
kreis_03101,dep_hour_share_education_21,0.000524491898473354,0.0,0.052449189847335397,4519.0
kreis_03101,dep_hour_share_education_22,0.00022478224220286598,0.0,0.022478224220286596,4519.0
kreis_03101,dep_hour_share_education_23,9.365926758452749e-05,0.0,0.009365926758452749,4519.0
kreis_03101,dep_hour_share_education_4,0.00046829633792263745,0.0,0.04682963379226374,4519.0
kreis_03101,dep_hour_share_education_5,0.002491336517748431,0.0,0.24913365177484312,4519.0
kreis_03101,dep_hour_share_education_6,0.15348880771752366,0.03835223238,11.513657533752367,4519.0
kreis_03101,dep_hour_share_education_7,0.42955886484967687,0.5734807602,-14.392189535032319,4519.0
kreis_03101,dep_hour_share_education_8,0.13089819237613562,0.1071521884,2.3746003976135617,4519.0
kreis_03101,dep_hour_share_education_9,0.04420717429989698,0.05552478052,-1.131760622010302,4519.0
kreis_03101,dep_hour_share_escort_10,0.01757002546380502,0.01426058452,0.3309440943805022,4519.0
kreis_03101,dep_hour_share_escort_11,0.03132048017460895,0.01673303493,1.458744524460895,4519.0
kreis_03101,dep_hour_share_escort_12,0.06271371407784648,0.04311350857,1.9600205507846482,4519.0
kreis_03101,dep_hour_share_escort_13,0.0645689341578756,0.06740651589,-0.28375817321244085,4519.0
kreis_03101,dep_hour_share_escort_14,0.14161513277555474,0.149648673,-0.8033540224445274,4519.0
kreis_03101,dep_hour_share_escort_15,0.13823208439432522,0.1296761603,0.8555924094325207,4519.0
kreis_03101,dep_hour_share_escort_16,0.06835212804656239,0.05898405193,0.9368076116562387,4519.0
kreis_03101,dep_hour_share_escort_17,0.04634412513641324,0.05730475698,-1.0960631843586761,4519.0
kreis_03101,dep_hour_share_escort_18,0.03852309930883958,0.04755531218,-0.9032212871160427,4519.0
kreis_03101,dep_hour_share_escort_19,0.01316842488177519,0.006061524081,0.7106900800775191,4519.0
kreis_03101,dep_hour_share_escort_20,0.013714077846489633,0.003375638135,1.0338439711489633,4519.0
kreis_03101,dep_hour_share_escort_21,0.007821025827573663,0.005019465352,0.2801560475573663,4519.0
kreis_03101,dep_hour_share_escort_22,0.004146962531829756,0.04399348222,-3.984651968817024,4519.0
kreis_03101,dep_hour_share_escort_23,0.0018915969443433977,0.0,0.18915969443433978,4519.0
kreis_03101,dep_hour_share_escort_4,0.0015278283012004365,0.0,0.15278283012004365,4519.0
kreis_03101,dep_hour_share_escort_5,0.003019279738086577,0.0,0.30192797380865766,4519.0
kreis_03101,dep_hour_share_escort_6,0.046198617679156055,0.009420544121,3.677807355815606,4519.0
kreis_03101,dep_hour_share_escort_7,0.1738086576937068,0.2091592327,-3.5350575006293212,4519.0
kreis_03101,dep_hour_share_escort_8,0.0999636231356857,0.1103325865,-1.0368963364314296,4519.0
kreis_03101,dep_hour_share_escort_9,0.022844670789377956,0.02210900321,0.07356675793779577,4519.0
kreis_03101,dep_hour_share_home_10,0.03244262166735924,0.03475853875,-0.2315917082640756,4519.0
kreis_03101,dep_hour_share_home_11,0.046766879257077815,0.06199770507,-1.5230825812922184,4519.0
kreis_03101,dep_hour_share_home_12,0.07172366859985425,0.04503452745,2.668914114985425,4519.0
kreis_03101,dep_hour_share_home_13,0.07438255433702506,0.09082291551,-1.644036117297494,4519.0
kreis_03101,dep_hour_share_home_14,0.07825495191120586,0.07274032995,0.5514621961205862,4519.0
kreis_03101,dep_hour_share_home_15,0.10179346811444952,0.1123338805,-1.054041238555048,4519.0
kreis_03101,dep_hour_share_home_16,0.10437406276536161,0.122242975,-1.7868912234638392,4519.0
kreis_03101,dep_hour_share_home_17,0.10868910609646666,0.1193938817,-1.0704775603533334,4519.0
kreis_03101,dep_hour_share_home_18,0.0933591091678862,0.08822572569,0.5133383477886194,4519.0
kreis_03101,dep_hour_share_home_19,0.06633663962612996,0.05534110244,1.0995537186129958,4519.0
kreis_03101,dep_hour_share_home_20,0.05750179166139707,0.04714811709,1.0353674571397076,4519.0
kreis_03101,dep_hour_share_home_21,0.040813745505790526,0.03676528799,0.40484575157905267,4519.0
kreis_03101,dep_hour_share_home_22,0.033752491764379965,0.02422624834,0.9526243424379965,4519.0
kreis_03101,dep_hour_share_home_23,0.017772076580727145,0.01383220433,0.39398722507271444,4519.0
kreis_03101,dep_hour_share_home_4,6.62463037573699e-05,0.001314338049,-0.124809174524263,4519.0
kreis_03101,dep_hour_share_home_5,0.0005781495600643192,0.0008203007169,-0.024215115683568086,4519.0
kreis_03101,dep_hour_share_home_6,0.0019000644395863822,0.004059743068,-0.2159678628413618,4519.0
kreis_03101,dep_hour_share_home_7,0.008596963510331412,0.01706015141,-0.8463187899668587,4519.0
kreis_03101,dep_hour_share_home_8,0.018037061795756624,0.02381268918,-0.5775627384243375,4519.0
kreis_03101,dep_hour_share_home_9,0.024788162387757683,0.02437431795,0.04138444377576843,4519.0
kreis_03101,dep_hour_share_leisure_10,0.050807383529984186,0.05049671566,0.031066786998418944,4519.0
kreis_03101,dep_hour_share_leisure_11,0.04029315168470989,0.05309479879,-1.2801647105290108,4519.0
kreis_03101,dep_hour_share_leisure_12,0.04572892592142075,0.07241167753,-2.6682751608579247,4519.0
kreis_03101,dep_hour_share_leisure_13,0.055178810363702716,0.05821315957,-0.3034349206297283,4519.0
kreis_03101,dep_hour_share_leisure_14,0.07321189636297287,0.06831086682,0.4901029542972876,4519.0
kreis_03101,dep_hour_share_leisure_15,0.10064164943437538,0.1002183477,0.04233017343753809,4519.0
kreis_03101,dep_hour_share_leisure_16,0.12791175039532904,0.1261105894,0.18011609953290375,4519.0
kreis_03101,dep_hour_share_leisure_17,0.12491637270405061,0.1180175561,0.6898816604050604,4519.0
kreis_03101,dep_hour_share_leisure_18,0.10370544945870332,0.1004245207,0.3280928758703311,4519.0
kreis_03101,dep_hour_share_leisure_19,0.07271773506872643,0.09438887854,-2.1671143471273564,4519.0
kreis_03101,dep_hour_share_leisure_20,0.03808843206422576,0.03233891003,0.5749522034225761,4519.0
kreis_03101,dep_hour_share_leisure_21,0.013654056684101691,0.01484423459,-0.11901779058983084,4519.0
kreis_03101,dep_hour_share_leisure_22,0.006538134046952925,0.0118752588,-0.5337124753047074,4519.0
kreis_03101,dep_hour_share_leisure_23,0.0027444958034302394,0.002511792798,0.02327030054302395,4519.0
kreis_03101,dep_hour_share_leisure_4,0.0004029315168470989,0.003523407115,-0.3120475598152901,4519.0
kreis_03101,dep_hour_share_leisure_5,0.004614706240116774,0.003262851437,0.1351854803116774,4519.0
kreis_03101,dep_hour_share_leisure_6,0.016246502858533025,0.008722591137,0.7523911721533025,4519.0
kreis_03101,dep_hour_share_leisure_7,0.025954871670113126,0.01670159881,0.9253272860113126,4519.0
kreis_03101,dep_hour_share_leisure_8,0.03580008514779224,0.0310501451,0.474994004779224,4519.0
kreis_03101,dep_hour_share_leisure_9,0.057208672910838095,0.033145983,2.4062689910838095,4519.0
kreis_03101,dep_hour_share_other_10,0.07927237470855744,0.1097865958,-3.0514221091442555,4519.0
kreis_03101,dep_hour_share_other_11,0.07759874420000462,0.07884335742,-0.12446132199953747,4519.0
kreis_03101,dep_hour_share_other_12,0.08442023130727856,0.04660928546,3.7810945847278568,4519.0
kreis_03101,dep_hour_share_other_13,0.0731087975253353,0.0674063884,0.5702409125335304,4519.0
kreis_03101,dep_hour_share_other_14,0.08873704379140793,0.1276187168,-3.888167300859208,4519.0
kreis_03101,dep_hour_share_other_15,0.10554260255315219,0.1215248284,-1.5982225846847817,4519.0
kreis_03101,dep_hour_share_other_16,0.10113345183406819,0.08850395204,1.2629499794068189,4519.0
kreis_03101,dep_hour_share_other_17,0.062351393153119876,0.0612286676,0.11227255531198743,4519.0
kreis_03101,dep_hour_share_other_18,0.04630762482975138,0.01906266383,2.7244960999751378,4519.0
kreis_03101,dep_hour_share_other_19,0.02539301461252568,0.008143389339,1.724962527352568,4519.0
kreis_03101,dep_hour_share_other_20,0.013816108405087837,0.006035542698,0.7780565707087836,4519.0
kreis_03101,dep_hour_share_other_21,0.00870287864447471,0.01073811873,-0.2035240085525289,4519.0
kreis_03101,dep_hour_share_other_22,0.005067060643135807,0.002364734062,0.27023265811358066,4519.0
kreis_03101,dep_hour_share_other_23,0.00316258454719638,0.006819974246,-0.36573896988036203,4519.0
kreis_03101,dep_hour_share_other_4,0.000634825365313142,0.0,0.06348253653131421,4519.0
kreis_03101,dep_hour_share_other_5,0.0026778088136845263,0.0,0.26778088136845263,4519.0
kreis_03101,dep_hour_share_other_6,0.013354417230314643,0.01169958313,0.16548341003146427,4519.0
kreis_03101,dep_hour_share_other_7,0.05025508437406219,0.04960291759,0.06521667840621928,4519.0
kreis_03101,dep_hour_share_other_8,0.07359357325884716,0.08067309692,-0.7079523661152844,4519.0
kreis_03101,dep_hour_share_other_9,0.07926083242918812,0.09899760006,-1.9736767630811878,4519.0
kreis_03101,dep_hour_share_shop_10,0.11930324437851572,0.09419011631,2.511312806851572,4519.0
kreis_03101,dep_hour_share_shop_11,0.09044310955101562,0.1044476569,-1.4004547348984389,4519.0
kreis_03101,dep_hour_share_shop_12,0.0779443946715232,0.08265072538,-0.47063307084767997,4519.0
kreis_03101,dep_hour_share_shop_13,0.06823622717993155,0.07090172509,-0.2665497910068454,4519.0
kreis_03101,dep_hour_share_shop_14,0.06894120757266438,0.075349347,-0.6408139427335618,4519.0
kreis_03101,dep_hour_share_shop_15,0.09474642736498891,0.1029787233,-0.8232295935011097,4519.0
kreis_03101,dep_hour_share_shop_16,0.08721194941765682,0.09980711195,-1.2595162532343176,4519.0
kreis_03101,dep_hour_share_shop_17,0.09057529337465302,0.1030396687,-1.2464375325346986,4519.0
kreis_03101,dep_hour_share_shop_18,0.06365385462716819,0.05472815649,0.892569813716819,4519.0
kreis_03101,dep_hour_share_shop_19,0.026877377472939033,0.02009529869,0.6782078782939034,4519.0
kreis_03101,dep_hour_share_shop_20,0.006168578436412237,0.01066398826,-0.44954098235877626,4519.0
kreis_03101,dep_hour_share_shop_21,0.005067046572767195,0.007219031324,-0.21519847512328052,4519.0
kreis_03101,dep_hour_share_shop_22,0.0051992303964046,0.001594011209,0.36052191874046,4519.0
kreis_03101,dep_hour_share_shop_23,0.0004993611115190859,0.001428227147,-0.09288660354809142,4519.0
kreis_03101,dep_hour_share_shop_4,4.406127454580169e-05,0.0,0.004406127454580169,4519.0
kreis_03101,dep_hour_share_shop_5,0.00042592565394274974,0.0005067921782,-0.008086652425725031,4519.0
kreis_03101,dep_hour_share_shop_6,0.004817366017007652,0.00837450019,-0.3557134172992348,4519.0
kreis_03101,dep_hour_share_shop_7,0.024600878288072614,0.02719511611,-0.25942378219273865,4519.0
kreis_03101,dep_hour_share_shop_8,0.06901464303024073,0.04254401445,2.6470628580240727,4519.0
kreis_03101,dep_hour_share_shop_9,0.09339521494558432,0.09228578924,0.11094257055843243,4519.0
kreis_03101,dep_hour_share_work_10,0.031610410579732434,0.03514968477,-0.35392741902675673,4519.0
kreis_03101,dep_hour_share_work_11,0.02547862524988467,0.03869775956,-1.3219134310115332,4519.0
kreis_03101,dep_hour_share_work_12,0.02981316315546671,0.0689206516,-3.910748844453328,4519.0
kreis_03101,dep_hour_share_work_13,0.03841496232508073,0.05130043392,-1.2885471594919269,4519.0
kreis_03101,dep_hour_share_work_14,0.022047516530831923,0.03559415257,-1.3546636039168078,4519.0
kreis_03101,dep_hour_share_work_15,0.02411387052129786,0.01882791838,0.5285952141297863,4519.0
kreis_03101,dep_hour_share_work_16,0.016953713670613563,0.01534365213,0.16100615406135638,4519.0
kreis_03101,dep_hour_share_work_17,0.007477318160848839,0.01283202216,-0.5354703999151161,4519.0
kreis_03101,dep_hour_share_work_18,0.00515146855297555,0.002466888062,0.268458049097555,4519.0
kreis_03101,dep_hour_share_work_19,0.006170229125019222,0.001465515567,0.47047135580192223,4519.0
kreis_03101,dep_hour_share_work_20,0.00485352914039674,0.005188446893,-0.03349177526032598,4519.0
kreis_03101,dep_hour_share_work_21,0.001941411656158696,0.005495518164,-0.35541065078413037,4519.0
kreis_03101,dep_hour_share_work_22,0.001086037213593726,0.0,0.1086037213593726,4519.0
kreis_03101,dep_hour_share_work_23,0.0005286021836075658,0.0004100550272,0.011854715640756576,4519.0
kreis_03101,dep_hour_share_work_4,0.03189873904351838,0.004734940982,2.7163798061518376,4519.0
kreis_03101,dep_hour_share_work_5,0.08917999384899278,0.05358261365,3.559738019899278,4519.0
kreis_03101,dep_hour_share_work_6,0.20678917422727972,0.1467060386,6.008313562727971,4519.0
kreis_03101,dep_hour_share_work_7,0.2517491926803014,0.2640257821,-1.2276589419698614,4519.0
kreis_03101,dep_hour_share_work_8,0.13351530063047823,0.1802284275,-4.671312686952178,4519.0
kreis_03101,dep_hour_share_work_9,0.05667576503152391,0.05651873313,0.0157031901523913,4519.0
kreis_03101,mean_work_activity_h,5.702446712650755,5.906851596,-0.20440488334924467,4519.0
kreis_03101,mobility_rate,0.8484156098795105,0.8532543912,-0.4838781320489538,4519.0
kreis_03101,n_persons_unweighted,252968.0,4519.0,248449.0,4519.0
kreis_03101,n_persons_weighted,252968.0,252816.0,152.0,4519.0
kreis_03101,n_work_activities_measured,103949.0,1988.0,101961.0,4519.0
kreis_03101,nonhome_acts_per_mobile,2.195413331345342,2.258748975,-0.06333564365465794,4519.0
kreis_03101,participation_education,0.16721087252142564,0.1758203279,-0.8609455378574354,4519.0
kreis_03101,participation_escort,0.07277995635811645,0.07505334494,-0.22733885818835564,4519.0
kreis_03101,participation_home,0.8484156098795105,0.8410964282,0.7319181679510511,4519.0
kreis_03101,participation_leisure,0.3890847854274058,0.417759712,-2.8674926572594184,4519.0
kreis_03101,participation_other,0.25113848391891463,0.1661717134,8.496677051891464,4519.0
kreis_03101,participation_shop,0.2224945447645552,0.3051895512,-8.26950064354448,4519.0
kreis_03101,participation_work,0.3311090730843427,0.3444301713,-1.33210982156573,4519.0
kreis_03101,purpose_share_education,0.06645893451582142,0.06254172817,0.39172063458214196,4519.0
kreis_03101,purpose_share_escort,0.0342222742313371,0.03652324792,-0.23009736886629023,4519.0
kreis_03101,purpose_share_home,0.4134234972201405,0.4143342663,-0.09107690798594859,4519.0
kreis_03101,purpose_share_leisure,0.16374903831550222,0.1750090584,-1.126002008449778,4519.0
kreis_03101,purpose_share_other,0.10785556183537953,0.06245350583,4.540205600537953,4519.0
kreis_03101,purpose_share_shop,0.08476143999960163,0.1187333581,-3.3971918100398373,4519.0
kreis_03101,purpose_share_work,0.12952925388221762,0.1304048353,-0.08755814177823784,4519.0
kreis_03101,share_mobile_first_from_home,1.0,0.9765953407,2.340465930000002,4519.0
kreis_03101,share_mobile_last_to_home,1.0,0.972429834,2.757016599999995,4519.0
kreis_03101,share_mobile_odd_trip_count,0.3044888222083477,0.2506396326,5.3849189608347725,4519.0
kreis_03101,share_trips_0,0.15158439012048955,0.1467456088,0.4838781320489538,4519.0
kreis_03101,share_trips_1,0.0006127257202492015,0.006412655869,-0.5799930148750799,4519.0
kreis_03101,share_trips_2,0.297199645805003,0.2915493441,0.5650301705003025,4519.0
kreis_03101,share_trips_3,0.12042629897852693,0.08743882215,3.298747682852693,4519.0
kreis_03101,share_trips_4,0.194965371114133,0.23078466,-3.5819288885866998,4519.0
kreis_03101,share_trips_5,0.09483412921792479,0.07522695049,1.9607178727924792,4519.0
kreis_03101,share_trips_6,0.07477230321621707,0.08162127706,-0.6848973843782926,4519.0
kreis_03101,share_trips_7,0.033142531861737455,0.03220095058,0.09415812817374566,4519.0
kreis_03101,share_trips_8plus,0.032462603965718984,0.04801973094,-1.5557126974281015,4519.0
kreis_03101,share_trips_followed_by_same_purpose,0.11007272700111294,0.05303718818,5.703553882111294,4519.0
kreis_03101,share_trips_home_based,0.8036084643174592,0.8289227483,-2.5314283982540764,4519.0
kreis_03101,share_trips_unknown_purpose,0.0,0.0009975171235,-0.09975171235,4519.0
kreis_03101,share_work_activities_lt_2h,0.2065435934929629,0.1202949916,8.624860189296289,4519.0
kreis_03101,tours_per_mobile,1.547343701950406,1.595251636,-0.047907934049594036,4519.0
kreis_03101,trips_per_mobile_person,3.742757033295748,3.85400061,-0.11124357670425189,4519.0
kreis_03101,trips_per_person,3.175413491034439,3.288442944,-0.11302945296556066,4519.0
kreis_03101,trips_per_person_education,0.21103459726131368,0.2054597505,0.005574846761313673,4519.0
kreis_03101,trips_per_person_escort,0.10866987128806806,0.1199848105,-0.01131493921193194,4519.0
kreis_03101,trips_per_person_home,1.312790550583473,1.361155463,-0.04836491241652707,4519.0
kreis_03101,trips_per_person_leisure,0.519970905410961,0.5749332249,-0.05496231948903896,4519.0
kreis_03101,trips_per_person_other,0.34248600613516333,0.2051699257,0.13731608043516333,4519.0
kreis_03101,trips_per_person_shop,0.2691526200942412,0.3900583952,-0.12090577510575884,4519.0
kreis_03101,trips_per_person_work,0.41130894026121884,0.4284010964,-0.017092156138781178,4519.0
kreis_03102,dep_hour_share_all_10,0.04451859985183617,0.05599799838,-1.1479398528163827,1794.0
kreis_03102,dep_hour_share_all_11,0.04961503862842629,0.05435093842,-0.4735899791573711,1794.0
kreis_03102,dep_hour_share_all_12,0.06055204254418457,0.06319435206,-0.26423095158154275,1794.0
kreis_03102,dep_hour_share_all_13,0.066319848661234,0.06619872613,0.012112253123400252,1794.0
kreis_03102,dep_hour_share_all_14,0.07468052174833316,0.06538420907,0.9296312678333154,1794.0
kreis_03102,dep_hour_share_all_15,0.08897105513810985,0.08964608147,-0.06750263318901495,1794.0
kreis_03102,dep_hour_share_all_16,0.08900082019261298,0.08734953676,0.16512834326129766,1794.0
kreis_03102,dep_hour_share_all_17,0.07631098528944862,0.07466723082,0.16437544694486161,1794.0
kreis_03102,dep_hour_share_all_18,0.05743663350619113,0.0545953237,0.28413098061911346,1794.0
kreis_03102,dep_hour_share_all_19,0.03416366811302783,0.04411365433,-0.9949986216972171,1794.0
kreis_03102,dep_hour_share_all_20,0.027714572970684727,0.01856791988,0.9146653090684729,1794.0
kreis_03102,dep_hour_share_all_21,0.017938406180548205,0.02047187277,-0.25334665894517944,1794.0
kreis_03102,dep_hour_share_all_22,0.013123081807598688,0.01109499983,0.2028081977598687,1794.0
kreis_03102,dep_hour_share_all_23,0.006882342046777437,0.002286324245,0.45960178017774367,1794.0
kreis_03102,dep_hour_share_all_4,0.005380860408508837,0.004248621672,0.11322387365088372,1794.0
kreis_03102,dep_hour_share_all_5,0.018365038628426287,0.02066589265,-0.2300854021573713,1794.0
kreis_03102,dep_hour_share_all_6,0.049839930151338765,0.03642322146,1.3416708691338763,1794.0
kreis_03102,dep_hour_share_all_7,0.09730857762726214,0.1066172801,-0.9308702472737864,1794.0
kreis_03102,dep_hour_share_all_8,0.06086292200232829,0.07298458603,-1.2121664027671717,1794.0
kreis_03102,dep_hour_share_all_9,0.04749510530214838,0.04805610009,-0.056099478785161944,1794.0
kreis_03102,dep_hour_share_education_10,0.01892241379310345,0.005463369422,1.345904437110345,1794.0
kreis_03102,dep_hour_share_education_11,0.023879310344827587,0.008815438064,1.5063872280827588,1794.0
kreis_03102,dep_hour_share_education_12,0.02021551724137931,0.02082189191,-0.06063746686206899,1794.0
kreis_03102,dep_hour_share_education_13,0.02961206896551724,0.02006965188,0.954241708551724,1794.0
kreis_03102,dep_hour_share_education_14,0.023879310344827587,0.01377510542,1.010420492482759,1794.0
kreis_03102,dep_hour_share_education_15,0.031293103448275864,0.007347558802,2.3945544646275865,1794.0
kreis_03102,dep_hour_share_education_16,0.019137931034482757,0.01565707294,0.34808580944827583,1794.0
kreis_03102,dep_hour_share_education_17,0.007801724137931034,0.0292680655,-2.1466341362068966,1794.0
kreis_03102,dep_hour_share_education_18,0.0047413793103448275,0.008138399725,-0.3397020414655173,1794.0
kreis_03102,dep_hour_share_education_19,0.001336206896551724,0.0,0.1336206896551724,1794.0
kreis_03102,dep_hour_share_education_20,0.0004310344827586207,0.0,0.04310344827586207,1794.0
kreis_03102,dep_hour_share_education_21,0.0001293103448275862,0.0,0.01293103448275862,1794.0
kreis_03102,dep_hour_share_education_22,0.0001293103448275862,0.0,0.01293103448275862,1794.0
kreis_03102,dep_hour_share_education_23,8.620689655172413e-05,0.0,0.008620689655172414,1794.0
kreis_03102,dep_hour_share_education_4,0.0008620689655172414,0.0,0.08620689655172414,1794.0
kreis_03102,dep_hour_share_education_5,0.004913793103448276,0.0,0.49137931034482757,1794.0
kreis_03102,dep_hour_share_education_6,0.17336206896551723,0.06901546842,10.434660054551722,1794.0
kreis_03102,dep_hour_share_education_7,0.4805603448275862,0.6150964299,-13.453608507241382,1794.0
kreis_03102,dep_hour_share_education_8,0.12150862068965518,0.1660756636,-4.456704291034483,1794.0
kreis_03102,dep_hour_share_education_9,0.03525862068965517,0.02045588436,1.480273632965517,1794.0
kreis_03102,dep_hour_share_escort_10,0.021014864172219375,0.01862516033,0.2389703842219374,1794.0
kreis_03102,dep_hour_share_escort_11,0.032739620707329574,0.02053651758,1.2203103127329573,1794.0
kreis_03102,dep_hour_share_escort_12,0.06201947719118401,0.0642005887,-0.21811115088159957,1794.0
kreis_03102,dep_hour_share_escort_13,0.06797796002050231,0.0757287673,-0.7750807279497687,1794.0
kreis_03102,dep_hour_share_escort_14,0.12467965146078934,0.06950923725,5.517041421078934,1794.0
kreis_03102,dep_hour_share_escort_15,0.13127883136852897,0.1136989828,1.7579848568528968,1794.0
kreis_03102,dep_hour_share_escort_16,0.06759354177344952,0.06200208645,0.5591455323449519,1794.0
kreis_03102,dep_hour_share_escort_17,0.05317785750896976,0.05272871415,0.04491433589697558,1794.0
kreis_03102,dep_hour_share_escort_18,0.03805740645822655,0.02508727222,1.2970134238226547,1794.0
kreis_03102,dep_hour_share_escort_19,0.01825986673500769,0.03263084378,-1.4370977044992312,1794.0
kreis_03102,dep_hour_share_escort_20,0.01230138390568939,0.004882833198,0.7418550707689391,1794.0
kreis_03102,dep_hour_share_escort_21,0.004228600717580728,0.0,0.42286007175807283,1794.0
kreis_03102,dep_hour_share_escort_22,0.0019861609431060996,0.0,0.19861609431060995,1794.0
kreis_03102,dep_hour_share_escort_23,0.0022424397744746282,0.0,0.22424397744746283,1794.0
kreis_03102,dep_hour_share_escort_4,0.0023065094823167607,0.0,0.23065094823167606,1794.0
kreis_03102,dep_hour_share_escort_5,0.002370579190158893,0.002065175858,0.030540333215889295,1794.0
kreis_03102,dep_hour_share_escort_6,0.039595079446437725,0.008083858796,3.1511220650437726,1794.0
kreis_03102,dep_hour_share_escort_7,0.1901588928754485,0.2779537572,-8.77948643245515,1794.0
kreis_03102,dep_hour_share_escort_8,0.09591235263967196,0.1447613543,-4.884900166032804,1794.0
kreis_03102,dep_hour_share_escort_9,0.024410558687852385,0.01123233948,1.3178219207852384,1794.0
kreis_03102,dep_hour_share_home_10,0.03038710736308998,0.04550045972,-1.5113352356910015,1794.0
kreis_03102,dep_hour_share_home_11,0.04933997139485264,0.06218986094,-1.2849889545147362,1794.0
kreis_03102,dep_hour_share_home_12,0.07671806735496174,0.07852345259,-0.18053852350382593,1794.0
kreis_03102,dep_hour_share_home_13,0.0857607327919718,0.09039482876,-0.4634095968028204,1794.0
kreis_03102,dep_hour_share_home_14,0.0888322691072224,0.0770255852,1.1806683907222406,1794.0
kreis_03102,dep_hour_share_home_15,0.11026268278767322,0.1092339116,0.1028771187673222,1794.0
kreis_03102,dep_hour_share_home_16,0.11470976717285794,0.1190348678,-0.4325100627142059,1794.0
kreis_03102,dep_hour_share_home_17,0.10422121313961032,0.08377673445,2.0444478689610315,1794.0
kreis_03102,dep_hour_share_home_18,0.0796254757755043,0.08003307081,-0.04075950344956947,1794.0
kreis_03102,dep_hour_share_home_19,0.05179407420143964,0.05596458716,-0.4170512958560364,1794.0
kreis_03102,dep_hour_share_home_20,0.04799568578105339,0.03341743577,1.4578250011053395,1794.0
kreis_03102,dep_hour_share_home_21,0.033794715081790404,0.03619514563,-0.24004305482095978,1794.0
kreis_03102,dep_hour_share_home_22,0.0253460363113428,0.02168557803,0.36604582813428016,1794.0
kreis_03102,dep_hour_share_home_23,0.013653877716902829,0.004497603958,0.9156273758902829,1794.0
kreis_03102,dep_hour_share_home_4,2.3446842101149678e-05,0.000740800273,-0.07173534308988504,1794.0
kreis_03102,dep_hour_share_home_5,0.0009847673682482864,0.003578231944,-0.2593464575751714,1794.0
kreis_03102,dep_hour_share_home_6,0.002024244034732589,0.005518117656,-0.34938736212674115,1794.0
kreis_03102,dep_hour_share_home_7,0.011410796489226176,0.02080562375,-0.9394827260773823,1794.0
kreis_03102,dep_hour_share_home_8,0.02139915122431594,0.04005671538,-1.8657564155684065,1794.0
kreis_03102,dep_hour_share_home_9,0.03038710736308998,0.02873681964,0.16502877230899804,1794.0
kreis_03102,dep_hour_share_leisure_10,0.05002085224345607,0.05721627985,-0.719542760654393,1794.0
kreis_03102,dep_hour_share_leisure_11,0.033020140813973455,0.0392547623,-0.6234621486026548,1794.0
kreis_03102,dep_hour_share_leisure_12,0.049407550965336215,0.07502043453,-2.5612883564663784,1794.0
kreis_03102,dep_hour_share_leisure_13,0.06267939062385006,0.04863800139,1.404138923385006,1794.0
kreis_03102,dep_hour_share_leisure_14,0.08522434560753625,0.08592498985,-0.07006442424637438,1794.0
kreis_03102,dep_hour_share_leisure_15,0.10548781983661654,0.096035257,0.9452562836616538,1794.0
kreis_03102,dep_hour_share_leisure_16,0.13416578760150136,0.1114906753,2.267511230150136,1794.0
kreis_03102,dep_hour_share_leisure_17,0.12737040943993327,0.1178850653,0.948534413993328,1794.0
kreis_03102,dep_hour_share_leisure_18,0.09749037116993352,0.08600026419,1.1490106979933523,1794.0
kreis_03102,dep_hour_share_leisure_19,0.05225326889581238,0.09524265053,-4.298938163418762,1794.0
kreis_03102,dep_hour_share_leisure_20,0.026960724186149206,0.01372419589,1.3236528296149206,1794.0
kreis_03102,dep_hour_share_leisure_21,0.014670166572627137,0.01882117763,-0.4151011057372865,1794.0
kreis_03102,dep_hour_share_leisure_22,0.0107941024949096,0.01131361043,-0.051950793509039986,1794.0
kreis_03102,dep_hour_share_leisure_23,0.0018889679366091798,0.002251885305,-0.03629173683908202,1794.0
kreis_03102,dep_hour_share_leisure_4,0.00031891666462232905,0.002680584327,-0.23616676623776708,1794.0
kreis_03102,dep_hour_share_leisure_5,0.004759217918210141,0.002492599846,0.22666180722101412,1794.0
kreis_03102,dep_hour_share_leisure_6,0.01834997424134632,0.01326065175,0.508932249134632,1794.0
kreis_03102,dep_hour_share_leisure_7,0.02914407673625592,0.02586163569,0.32824410462559195,1794.0
kreis_03102,dep_hour_share_leisure_8,0.043593454848759906,0.04689578518,-0.3302330331240097,1794.0
kreis_03102,dep_hour_share_leisure_9,0.049113166351838676,0.04998949377,-0.08763274181613212,1794.0
kreis_03102,dep_hour_share_other_10,0.08419130380025817,0.1490332128,-6.484190899974183,1794.0
kreis_03102,dep_hour_share_other_11,0.09099209722615786,0.06521807797,2.5774019256157867,1794.0
kreis_03102,dep_hour_share_other_12,0.06268694310632537,0.03565917878,2.7027764326325374,1794.0
kreis_03102,dep_hour_share_other_13,0.06473347816504518,0.02538823107,3.934524709504518,1794.0
kreis_03102,dep_hour_share_other_14,0.08400239287176096,0.07498158342,0.9020809451760967,1794.0
kreis_03102,dep_hour_share_other_15,0.08847328484619502,0.1195323042,-3.1059019353804977,1794.0
kreis_03102,dep_hour_share_other_16,0.08948080979818016,0.0967057086,-0.722489880181984,1794.0
kreis_03102,dep_hour_share_other_17,0.048613078933282955,0.09062683153,-4.201375259671704,1794.0
kreis_03102,dep_hour_share_other_18,0.0408677308648972,0.0180191687,2.28485621648972,1794.0
kreis_03102,dep_hour_share_other_19,0.02622713390636315,0.001435302409,2.4791831497363153,1794.0
kreis_03102,dep_hour_share_other_20,0.012184754888070274,0.0,1.2184754888070275,1794.0
kreis_03102,dep_hour_share_other_21,0.006171090330908976,0.0,0.6171090330908976,1794.0
kreis_03102,dep_hour_share_other_22,0.004754258367179875,0.0,0.4754258367179875,1794.0
kreis_03102,dep_hour_share_other_23,0.00585623878341362,0.0,0.585623878341362,1794.0
kreis_03102,dep_hour_share_other_4,0.003872674034192878,0.0,0.38726740341928784,1794.0
kreis_03102,dep_hour_share_other_5,0.0037152482604452,0.003051138735,0.06641095254452,1794.0
kreis_03102,dep_hour_share_other_6,0.019237429551966247,0.01267362443,0.6563805121966246,1794.0
kreis_03102,dep_hour_share_other_7,0.07216397468593558,0.04841632628,2.374764840593558,1794.0
kreis_03102,dep_hour_share_other_8,0.09536853373634331,0.1178466867,-2.247815296365668,1794.0
kreis_03102,dep_hour_share_other_9,0.09033090897641761,0.1389144219,-4.858351292358239,1794.0
kreis_03102,dep_hour_share_shop_10,0.12830301990391216,0.1415361828,-1.3233162896087836,1794.0
kreis_03102,dep_hour_share_shop_11,0.09960535346602609,0.1278791152,-2.8273761733973917,1794.0
kreis_03102,dep_hour_share_shop_12,0.07678448867536034,0.06074797599,1.6036512685360333,1794.0
kreis_03102,dep_hour_share_shop_13,0.0553363074811256,0.05290030681,0.24360006711256002,1794.0
kreis_03102,dep_hour_share_shop_14,0.07854323953328758,0.05309710309,2.5446136443287584,1794.0
kreis_03102,dep_hour_share_shop_15,0.09295641729581332,0.09884998315,-0.5893565854186683,1794.0
kreis_03102,dep_hour_share_shop_16,0.08158888126286891,0.07077933091,1.0809550352868915,1794.0
kreis_03102,dep_hour_share_shop_17,0.07288091969800961,0.0802868732,-0.7405953501990387,1794.0
kreis_03102,dep_hour_share_shop_18,0.04744337680164722,0.03013849475,1.7304882051647221,1794.0
kreis_03102,dep_hour_share_shop_19,0.011195950583390528,0.02756928234,-1.6373331756609475,1794.0
kreis_03102,dep_hour_share_shop_20,0.004589910775566232,0.00764840668,-0.3058495904433768,1794.0
kreis_03102,dep_hour_share_shop_21,0.0024879890185312285,0.01330831612,-1.0820327101468772,1794.0
kreis_03102,dep_hour_share_shop_22,0.0019732326698695952,0.0,0.1973232669869595,1794.0
kreis_03102,dep_hour_share_shop_23,0.0003860672614962251,0.0,0.03860672614962251,1794.0
kreis_03102,dep_hour_share_shop_4,0.0003860672614962251,0.0,0.03860672614962251,1794.0
kreis_03102,dep_hour_share_shop_5,0.0010724090597117365,0.0,0.10724090597117365,1794.0
kreis_03102,dep_hour_share_shop_6,0.00948009608785175,0.01139650326,-0.1916407172148249,1794.0
kreis_03102,dep_hour_share_shop_7,0.041223404255319146,0.03371704054,0.7506363715319146,1794.0
kreis_03102,dep_hour_share_shop_8,0.08420555936856555,0.06660087224,1.7604687128565555,1794.0
kreis_03102,dep_hour_share_shop_9,0.10732669869595059,0.1235442129,-1.621751420404942,1794.0
kreis_03102,dep_hour_share_work_10,0.027705845380263983,0.01228181889,1.5424026490263982,1794.0
kreis_03102,dep_hour_share_work_11,0.02680075424261471,0.01691956326,0.9881190982614709,1794.0
kreis_03102,dep_hour_share_work_12,0.031703331238214956,0.03380337557,-0.21000443317850462,1794.0
kreis_03102,dep_hour_share_work_13,0.035977372721558765,0.05840194655,-2.2424573828441234,1794.0
kreis_03102,dep_hour_share_work_14,0.018654934003771214,0.03017141703,-1.1516483026228788,1794.0
kreis_03102,dep_hour_share_work_15,0.018654934003771214,0.02302332758,-0.4368393576228785,1794.0
kreis_03102,dep_hour_share_work_16,0.013123821495914519,0.004292362918,0.8831458577914518,1794.0
kreis_03102,dep_hour_share_work_17,0.007366436203645506,0.00800506722,-0.06386310163544939,1794.0
kreis_03102,dep_hour_share_work_18,0.002438717787554997,0.003809781501,-0.13710637134450032,1794.0
kreis_03102,dep_hour_share_work_19,0.004098051539912005,0.003189842786,0.09082087539120051,1794.0
kreis_03102,dep_hour_share_work_20,0.011162790697674419,0.008183139739,0.2979650958674418,1794.0
kreis_03102,dep_hour_share_work_21,0.004500314267756128,0.004693160007,-0.01928457392438715,1794.0
kreis_03102,dep_hour_share_work_22,0.0013576367064739158,0.0,0.1357636706473916,1794.0
kreis_03102,dep_hour_share_work_23,0.0006285355122564425,0.0,0.06285355122564425,1794.0
kreis_03102,dep_hour_share_work_4,0.035776241357636705,0.02932437751,0.6451863847636706,1794.0
kreis_03102,dep_hour_share_work_5,0.12417347580138278,0.1539003873,-2.972691149861721,1794.0
kreis_03102,dep_hour_share_work_6,0.2159899434318039,0.2068248526,0.916509083180389,1794.0
kreis_03102,dep_hour_share_work_7,0.23645505971087366,0.2462323274,-0.9777267689126345,1794.0
kreis_03102,dep_hour_share_work_8,0.11514770584538027,0.1193508457,-0.42031398546197307,1794.0
kreis_03102,dep_hour_share_work_9,0.04779384035197989,0.03168121451,1.6112625841979886,1794.0
kreis_03102,mean_work_activity_h,6.033087380603427,7.072122757,-1.0390353763965727,1794.0
kreis_03102,mobility_rate,0.8328208479071376,0.8518945471,-1.9073699192862392,1794.0
kreis_03102,n_persons_unweighted,104068.0,1794.0,102274.0,1794.0
kreis_03102,n_persons_weighted,104068.0,104215.0,-147.0,1794.0
kreis_03102,n_work_activities_measured,39574.0,574.0,39000.0,1794.0
kreis_03102,nonhome_acts_per_mobile,2.0124495211722624,2.028576664,-0.01612714282773764,1794.0
kreis_03102,participation_education,0.18414882576776723,0.1930437614,-0.8894935632232787,1794.0
kreis_03102,participation_escort,0.09685013644924473,0.1004531557,-0.36030192507552766,1794.0
kreis_03102,participation_home,0.8328208479071376,0.8392071382,-0.6386290292862418,1794.0
kreis_03102,participation_leisure,0.317907522004843,0.3421771265,-2.426960449515697,1794.0
kreis_03102,participation_other,0.22369027943267863,0.1616519367,6.203834273267864,1794.0
kreis_03102,participation_shop,0.1905292693239036,0.261744458,-7.121518867609641,1794.0
kreis_03102,participation_work,0.3181861859553369,0.3302091275,-1.2022941544663102,1794.0
kreis_03102,purpose_share_education,0.07672769605249233,0.06829222748,0.8435468572492333,1794.0
kreis_03102,purpose_share_escort,0.051619218964969835,0.05432030239,-0.2701083425030164,1794.0
kreis_03102,purpose_share_home,0.4231565509577733,0.4340319776,-1.0875426642226682,1794.0
kreis_03102,purpose_share_leisure,0.1348125463011959,0.1552222015,-2.0409655198804084,1794.0
kreis_03102,purpose_share_other,0.10504087734151762,0.06476168425,4.027919309151762,1794.0
kreis_03102,purpose_share_shop,0.0770981056196423,0.1045181978,-2.7420092180357707,1794.0
kreis_03102,purpose_share_work,0.1315450047624087,0.118853409,1.269159576240872,1794.0
kreis_03102,share_mobile_first_from_home,1.0,0.9772171382,2.27828618,1794.0
kreis_03102,share_mobile_last_to_home,1.0,0.971298838,2.8701161999999947,1794.0
kreis_03102,share_mobile_odd_trip_count,0.25944386754355603,0.2177658142,4.167805334355604,1794.0
kreis_03102,share_trips_0,0.16717915209286235,0.1481054529,1.9073699192862366,1794.0
kreis_03102,share_trips_1,0.0006245916131760003,0.005918851816,-0.5294260202824,1794.0
kreis_03102,share_trips_2,0.3495406849367721,0.3510270143,-0.14863293632279007,1794.0
kreis_03102,share_trips_3,0.11893185225045162,0.1006662674,1.8265584850451626,1794.0
kreis_03102,share_trips_4,0.18845370334781106,0.2131422171,-2.4688513752188945,1794.0
kreis_03102,share_trips_5,0.06558211938348003,0.04508730437,2.0494815013480037,1794.0
kreis_03102,share_trips_6,0.054867970942076336,0.07288561167,-1.8017640727923667,1794.0
kreis_03102,share_trips_7,0.025435292308874966,0.02427825241,0.11570398988749661,1794.0
kreis_03102,share_trips_8plus,0.029384633124495522,0.03888902797,-0.9504394845504475,1794.0
kreis_03102,share_trips_followed_by_same_purpose,0.0967661921896497,0.03392662003,6.2839572159649695,1794.0
kreis_03102,share_trips_home_based,0.8212939199915334,0.869356787,-4.806286700846652,1794.0
kreis_03102,share_trips_unknown_purpose,0.0,0.0004134294961,-0.04134294961,1794.0
kreis_03102,share_work_activities_lt_2h,0.1780461919442058,0.06516546791,11.288072403420578,1794.0
kreis_03102,tours_per_mobile,1.4762778354678667,1.554547509,-0.07826967353213332,1794.0
kreis_03102,trips_per_mobile_person,3.4887273566401293,3.583124174,-0.0943968173598706,1794.0
kreis_03102,trips_per_person,2.9054848752738596,3.052443945,-0.14695906972614026,1794.0
kreis_03102,trips_per_person_education,0.22293116039512625,0.2083720135,0.014559146895126246,1794.0
kreis_03102,trips_per_person_escort,0.14997885997616942,0.1657411275,-0.015762267523830586,1794.0
kreis_03102,trips_per_person_home,1.2294749586808624,1.324310546,-0.09483558731913755,1794.0
kreis_03102,trips_per_person_leisure,0.39169581427528155,0.4736111832,-0.08191536892471846,1794.0
kreis_03102,trips_per_person_other,0.30519468040127606,0.1975996837,0.10759499670127606,1794.0
kreis_03102,trips_per_person_shop,0.2240073797901372,0.3189040412,-0.09489666140986278,1794.0
kreis_03102,trips_per_person_work,0.38220202175500634,0.3626433793,0.019558642455006325,1794.0
kreis_03103,dep_hour_share_all_10,0.046496518520435896,,,
kreis_03103,dep_hour_share_all_11,0.050938316982890273,,,
kreis_03103,dep_hour_share_all_12,0.06356741645743276,,,
kreis_03103,dep_hour_share_all_13,0.06868221468692569,,,
kreis_03103,dep_hour_share_all_14,0.07459425879429503,,,
kreis_03103,dep_hour_share_all_15,0.08548132425646468,,,
kreis_03103,dep_hour_share_all_16,0.08563663189501204,,,
kreis_03103,dep_hour_share_all_17,0.08213962156705407,,,
kreis_03103,dep_hour_share_all_18,0.06328009732612015,,,
kreis_03103,dep_hour_share_all_19,0.03662930655139389,,,
kreis_03103,dep_hour_share_all_20,0.029197836046902906,,,
kreis_03103,dep_hour_share_all_21,0.019040716485905832,,,
kreis_03103,dep_hour_share_all_22,0.01409157973753009,,,
kreis_03103,dep_hour_share_all_23,0.006181244014184764,,,
kreis_03103,dep_hour_share_all_4,0.004648875313850853,,,
kreis_03103,dep_hour_share_all_5,0.015370279294903321,,,
kreis_03103,dep_hour_share_all_6,0.046346387803173454,,,
kreis_03103,dep_hour_share_all_7,0.08971863432816504,,,
kreis_03103,dep_hour_share_all_8,0.05706779178422592,,,
kreis_03103,dep_hour_share_all_9,0.04982269044599177,,,
kreis_03103,dep_hour_share_education_10,0.022909268156813593,,,
kreis_03103,dep_hour_share_education_11,0.025520506928486873,,,
kreis_03103,dep_hour_share_education_12,0.02632128681846668,,,
kreis_03103,dep_hour_share_education_13,0.036766241905159806,,,
kreis_03103,dep_hour_share_education_14,0.021446974444676553,,,
kreis_03103,dep_hour_share_education_15,0.03067335143792215,,,
kreis_03103,dep_hour_share_education_16,0.01852238702040248,,,
kreis_03103,dep_hour_share_education_17,0.008495230137177076,,,
kreis_03103,dep_hour_share_education_18,0.007346285077640833,,,
kreis_03103,dep_hour_share_education_19,0.006824037323306177,,,
kreis_03103,dep_hour_share_education_20,0.0003133486526007938,,,
kreis_03103,dep_hour_share_education_21,0.0001740825847782188,,,
kreis_03103,dep_hour_share_education_22,3.481651695564376e-05,,,
kreis_03103,dep_hour_share_education_23,3.481651695564376e-05,,,
kreis_03103,dep_hour_share_education_4,0.0005570642712903001,,,
kreis_03103,dep_hour_share_education_5,0.003168303042963582,,,
kreis_03103,dep_hour_share_education_6,0.16785042824315854,,,
kreis_03103,dep_hour_share_education_7,0.4415082515145185,,,
kreis_03103,dep_hour_share_education_8,0.129691525659773,,,
kreis_03103,dep_hour_share_education_9,0.050553582619594736,,,
kreis_03103,dep_hour_share_escort_10,0.01847490448526718,,,
kreis_03103,dep_hour_share_escort_11,0.03789187208876328,,,
kreis_03103,dep_hour_share_escort_12,0.0784005861726069,,,
kreis_03103,dep_hour_share_escort_13,0.07086408122677552,,,
kreis_03103,dep_hour_share_escort_14,0.1311561207934265,,,
kreis_03103,dep_hour_share_escort_15,0.12204951065054692,,,
kreis_03103,dep_hour_share_escort_16,0.07264353378343015,,,
kreis_03103,dep_hour_share_escort_17,0.0496676610666248,,,
kreis_03103,dep_hour_share_escort_18,0.03778719840896007,,,
kreis_03103,dep_hour_share_escort_19,0.016119746689694875,,,
kreis_03103,dep_hour_share_escort_20,0.01109541005914063,,,
kreis_03103,dep_hour_share_escort_21,0.00737949442612655,,,
kreis_03103,dep_hour_share_escort_22,0.003925262992620505,,,
kreis_03103,dep_hour_share_escort_23,0.0018841262364578427,,,
kreis_03103,dep_hour_share_escort_4,0.000994399958130528,,,
kreis_03103,dep_hour_share_escort_5,0.0024598314753755167,,,
kreis_03103,dep_hour_share_escort_6,0.04249751400010467,,,
kreis_03103,dep_hour_share_escort_7,0.16548908776888052,,,
kreis_03103,dep_hour_share_escort_8,0.09687549065787408,,,
kreis_03103,dep_hour_share_escort_9,0.02538336735227927,,,
kreis_03103,dep_hour_share_home_10,0.0328315928758239,,,
kreis_03103,dep_hour_share_home_11,0.05354935299708647,,,
kreis_03103,dep_hour_share_home_12,0.07588229081895721,,,
kreis_03103,dep_hour_share_home_13,0.08812036801202686,,,
kreis_03103,dep_hour_share_home_14,0.08744944804408193,,,
kreis_03103,dep_hour_share_home_15,0.09879917750181708,,,
kreis_03103,dep_hour_share_home_16,0.10100451628533978,,,
kreis_03103,dep_hour_share_home_17,0.10816099594341909,,,
kreis_03103,dep_hour_share_home_18,0.08712641250396029,,,
kreis_03103,dep_hour_share_home_19,0.054779372938318846,,,
kreis_03103,dep_hour_share_home_20,0.054679977387512194,,,
kreis_03103,dep_hour_share_home_21,0.0382859237263392,,,
kreis_03103,dep_hour_share_home_22,0.028514098637659732,,,
kreis_03103,dep_hour_share_home_23,0.012828238275984172,,,
kreis_03103,dep_hour_share_home_4,8.075888503040882e-05,,,
kreis_03103,dep_hour_share_home_5,0.0008013766283786722,,,
kreis_03103,dep_hour_share_home_6,0.002646406540227243,,,
kreis_03103,dep_hour_share_home_7,0.009628943984394898,,,
kreis_03103,dep_hour_share_home_8,0.020084113484870134,,,
kreis_03103,dep_hour_share_home_9,0.027495294241891496,,,
kreis_03103,dep_hour_share_leisure_10,0.05007312486941987,,,
kreis_03103,dep_hour_share_leisure_11,0.03356779720036214,,,
kreis_03103,dep_hour_share_leisure_12,0.05083919493000905,,,
kreis_03103,dep_hour_share_leisure_13,0.056306149453304546,,,
kreis_03103,dep_hour_share_leisure_14,0.08585207883557351,,,
kreis_03103,dep_hour_share_leisure_15,0.11452747405808204,,,
kreis_03103,dep_hour_share_leisure_16,0.13082387352879726,,,
kreis_03103,dep_hour_share_leisure_17,0.13340065464168813,,,
kreis_03103,dep_hour_share_leisure_18,0.09730830837802075,,,
kreis_03103,dep_hour_share_leisure_19,0.05693293404833206,,,
kreis_03103,dep_hour_share_leisure_20,0.026690577338254754,,,
kreis_03103,dep_hour_share_leisure_21,0.009976321470854517,,,
kreis_03103,dep_hour_share_leisure_22,0.008670520231213872,,,
kreis_03103,dep_hour_share_leisure_23,0.0016017828539591893,,,
kreis_03103,dep_hour_share_leisure_4,0.0007834807437843861,,,
kreis_03103,dep_hour_share_leisure_5,0.0037432968869698445,,,
kreis_03103,dep_hour_share_leisure_6,0.01593077512361585,,,
kreis_03103,dep_hour_share_leisure_7,0.02991155372936834,,,
kreis_03103,dep_hour_share_leisure_8,0.03894769830768159,,,
kreis_03103,dep_hour_share_leisure_9,0.050856605613204264,,,
kreis_03103,dep_hour_share_other_10,0.08988066825775656,,,
kreis_03103,dep_hour_share_other_11,0.08202863961813843,,,
kreis_03103,dep_hour_share_other_12,0.07155131264916467,,,
kreis_03103,dep_hour_share_other_13,0.07696897374701671,,,
kreis_03103,dep_hour_share_other_14,0.08350835322195704,,,
kreis_03103,dep_hour_share_other_15,0.08501193317422434,,,
kreis_03103,dep_hour_share_other_16,0.08689737470167064,,,
kreis_03103,dep_hour_share_other_17,0.06303102625298329,,,
kreis_03103,dep_hour_share_other_18,0.04608591885441527,,,
kreis_03103,dep_hour_share_other_19,0.022744630071599044,,,
kreis_03103,dep_hour_share_other_20,0.009045346062052506,,,
kreis_03103,dep_hour_share_other_21,0.0060381861575179,,,
kreis_03103,dep_hour_share_other_22,0.0038663484486873506,,,
kreis_03103,dep_hour_share_other_23,0.0032935560859188545,,,
kreis_03103,dep_hour_share_other_4,0.00198090692124105,,,
kreis_03103,dep_hour_share_other_5,0.0029355608591885443,,,
kreis_03103,dep_hour_share_other_6,0.01883054892601432,,,
kreis_03103,dep_hour_share_other_7,0.06579952267303103,,,
kreis_03103,dep_hour_share_other_8,0.07878281622911694,,,
kreis_03103,dep_hour_share_other_9,0.09532219570405728,,,
kreis_03103,dep_hour_share_shop_10,0.11648856858846919,,,
kreis_03103,dep_hour_share_shop_11,0.09921719681908549,,,
kreis_03103,dep_hour_share_shop_12,0.08691600397614314,,,
kreis_03103,dep_hour_share_shop_13,0.05551068588469185,,,
kreis_03103,dep_hour_share_shop_14,0.07066973161033797,,,
kreis_03103,dep_hour_share_shop_15,0.08722664015904573,,,
kreis_03103,dep_hour_share_shop_16,0.0985337972166998,,,
kreis_03103,dep_hour_share_shop_17,0.07585735586481113,,,
kreis_03103,dep_hour_share_shop_18,0.05492047713717694,,,
kreis_03103,dep_hour_share_shop_19,0.011493538767395626,,,
kreis_03103,dep_hour_share_shop_20,0.00419358846918489,,,
kreis_03103,dep_hour_share_shop_21,0.0023297713717693835,,,
kreis_03103,dep_hour_share_shop_22,0.0023918986083499008,,,
kreis_03103,dep_hour_share_shop_23,0.0005280815109343937,,,
kreis_03103,dep_hour_share_shop_4,0.00024850894632206757,,,
kreis_03103,dep_hour_share_shop_5,0.0010872266401590457,,,
kreis_03103,dep_hour_share_shop_6,0.008262922465208747,,,
kreis_03103,dep_hour_share_shop_7,0.03339338966202783,,,
kreis_03103,dep_hour_share_shop_8,0.06896123260437376,,,
kreis_03103,dep_hour_share_shop_9,0.11940854870775348,,,
kreis_03103,dep_hour_share_work_10,0.027717391304347826,,,
kreis_03103,dep_hour_share_work_11,0.02267391304347826,,,
kreis_03103,dep_hour_share_work_12,0.029847826086956523,,,
kreis_03103,dep_hour_share_work_13,0.03680434782608696,,,
kreis_03103,dep_hour_share_work_14,0.019869565217391305,,,
kreis_03103,dep_hour_share_work_15,0.02084782608695652,,,
kreis_03103,dep_hour_share_work_16,0.012565217391304348,,,
kreis_03103,dep_hour_share_work_17,0.008347826086956521,,,
kreis_03103,dep_hour_share_work_18,0.004369565217391304,,,
kreis_03103,dep_hour_share_work_19,0.005130434782608695,,,
kreis_03103,dep_hour_share_work_20,0.004565217391304348,,,
kreis_03103,dep_hour_share_work_21,0.003173913043478261,,,
kreis_03103,dep_hour_share_work_22,0.0008913043478260869,,,
kreis_03103,dep_hour_share_work_23,0.0008478260869565217,,,
kreis_03103,dep_hour_share_work_4,0.035043478260869565,,,
kreis_03103,dep_hour_share_work_5,0.11517391304347827,,,
kreis_03103,dep_hour_share_work_6,0.21469565217391304,,,
kreis_03103,dep_hour_share_work_7,0.25473913043478263,,,
kreis_03103,dep_hour_share_work_8,0.1191304347826087,,,
kreis_03103,dep_hour_share_work_9,0.04621739130434783,,,
kreis_03103,mean_work_activity_h,5.7953355565727245,,,
kreis_03103,mobility_rate,0.8284577176791338,,,
kreis_03103,n_persons_unweighted,127642.0,,,
kreis_03103,n_persons_weighted,127642.0,,,
kreis_03103,n_work_activities_measured,45879.0,,,
kreis_03103,nonhome_acts_per_mobile,2.13111607058423,,,
kreis_03103,participation_education,0.1781310227041256,,,
kreis_03103,participation_escort,0.09633976277400856,,,
kreis_03103,participation_home,0.8284577176791338,,,
kreis_03103,participation_leisure,0.3587455539712634,,,
kreis_03103,participation_other,0.24115886620391408,,,
kreis_03103,participation_shop,0.21370708700897822,,,
kreis_03103,participation_work,0.2959919148869494,,,
kreis_03103,purpose_share_education,0.07434576657261927,,,
kreis_03103,purpose_share_escort,0.049457717495405486,,,
kreis_03103,purpose_share_home,0.41667227499805864,,,
kreis_03103,purpose_share_leisure,0.14867082546009888,,,
kreis_03103,purpose_share_other,0.10845650091890353,,,
kreis_03103,purpose_share_shop,0.08332772500194134,,,
kreis_03103,purpose_share_work,0.11906918955297285,,,
kreis_03103,share_mobile_first_from_home,1.0,,,
kreis_03103,share_mobile_last_to_home,1.0,,,
kreis_03103,share_mobile_odd_trip_count,0.2995290602008587,,,
kreis_03103,share_trips_0,0.17154228232086619,,,
kreis_03103,share_trips_1,0.00047789912411275284,,,
kreis_03103,share_trips_2,0.3138622083640181,,,
kreis_03103,share_trips_3,0.12411275285564313,,,
kreis_03103,share_trips_4,0.17708904592532237,,,
kreis_03103,share_trips_5,0.08580247880791589,,,
kreis_03103,share_trips_6,0.06309835320662478,,,
kreis_03103,share_trips_7,0.02767114272731546,,,
kreis_03103,share_trips_8plus,0.03634383666818132,,,
kreis_03103,share_trips_followed_by_same_purpose,0.09772474309528123,,,
kreis_03103,share_trips_home_based,0.8109517769782311,,,
kreis_03103,share_trips_unknown_purpose,0.0,,,
kreis_03103,share_work_activities_lt_2h,0.19390134920115956,,,
kreis_03103,tours_per_mobile,1.5222608893007774,,,
kreis_03103,trips_per_mobile_person,3.6533769598850077,,,
kreis_03103,trips_per_person,3.0266683380078656,,,
kreis_03103,trips_per_person_education,0.2250199777502703,,,
kreis_03103,trips_per_person_escort,0.14969210761348145,,,
kreis_03103,trips_per_person_home,1.2611287820623305,,,
kreis_03103,trips_per_person_leisure,0.449977280205575,,,
kreis_03103,trips_per_person_other,0.3282618573823663,,,
kreis_03103,trips_per_person_shop,0.25220538694160227,,,
kreis_03103,trips_per_person_work,0.36038294605223986,,,
kreis_03151,dep_hour_share_all_10,0.04071877100776141,0.05327547111,-1.255670010223859,3574.0
kreis_03151,dep_hour_share_all_11,0.045199153578194706,0.05378061782,-0.8581464241805294,3574.0
kreis_03151,dep_hour_share_all_12,0.059031809570372185,0.06318425229,-0.4152442719627822,3574.0
kreis_03151,dep_hour_share_all_13,0.06639980443683921,0.06681356015,-0.04137557131607961,3574.0
kreis_03151,dep_hour_share_all_14,0.07371241520503576,0.07630277758,-0.2590362374964239,3574.0
kreis_03151,dep_hour_share_all_15,0.08912065330318401,0.08661967614,0.25009771631840094,3574.0
kreis_03151,dep_hour_share_all_16,0.09086620729695044,0.09032553549,0.05406718069504435,3574.0
kreis_03151,dep_hour_share_all_17,0.07657901973965654,0.08789306024,-1.1314040500343459,3574.0
kreis_03151,dep_hour_share_all_18,0.06302137444233942,0.06343424151,-0.04128670676605828,3574.0
kreis_03151,dep_hour_share_all_19,0.041608736173073396,0.03569009255,0.59186436230734,3574.0
kreis_03151,dep_hour_share_all_20,0.027375022917557904,0.0220156406,0.5359382317557903,3574.0
kreis_03151,dep_hour_share_all_21,0.017549119965776447,0.01401562092,0.35334990457764476,3574.0
kreis_03151,dep_hour_share_all_22,0.014220344680070891,0.009160260505,0.5060084175070891,3574.0
kreis_03151,dep_hour_share_all_23,0.0074214691682454315,0.001397038088,0.6024431080245432,3574.0
kreis_03151,dep_hour_share_all_4,0.004226379636985883,0.002267490539,0.1958889097985883,3574.0
kreis_03151,dep_hour_share_all_5,0.016557935586383916,0.009547669686,0.7010265900383916,3574.0
kreis_03151,dep_hour_share_all_6,0.0508101356719428,0.03465618137,1.6153954301942801,3574.0
kreis_03151,dep_hour_share_all_7,0.09974103159567317,0.107848736,-0.810770440432683,3574.0
kreis_03151,dep_hour_share_all_8,0.057188855955509384,0.07190555352,-1.4716697564490615,3574.0
kreis_03151,dep_hour_share_all_9,0.046705983010450404,0.04831656661,-0.16105835995495962,3574.0
kreis_03151,dep_hour_share_education_10,0.015469061876247504,0.01203153858,0.34375232962475033,3574.0
kreis_03151,dep_hour_share_education_11,0.02539920159680639,0.009096817215,1.6302384381806387,3574.0
kreis_03151,dep_hour_share_education_12,0.026846307385229543,0.01586000299,1.0986304395229542,3574.0
kreis_03151,dep_hour_share_education_13,0.0281437125748503,0.01389920682,1.42445057548503,3574.0
kreis_03151,dep_hour_share_education_14,0.023527944111776448,0.01103366649,1.2494277621776448,3574.0
kreis_03151,dep_hour_share_education_15,0.03323353293413173,0.03138602005,0.18475128841317356,3574.0
kreis_03151,dep_hour_share_education_16,0.01621756487025948,0.00656040349,0.9657161380259479,3574.0
kreis_03151,dep_hour_share_education_17,0.007734530938123752,0.01918744175,-1.1452910811876247,3574.0
kreis_03151,dep_hour_share_education_18,0.003218562874251497,0.01088533825,-0.7666775375748502,3574.0
kreis_03151,dep_hour_share_education_19,0.007360279441117765,0.0,0.7360279441117765,3574.0
kreis_03151,dep_hour_share_education_20,0.0005738522954091816,0.0,0.05738522954091816,3574.0
kreis_03151,dep_hour_share_education_21,0.0002994011976047904,0.0,0.029940119760479042,3574.0
kreis_03151,dep_hour_share_education_22,0.000124750499001996,0.0,0.012475049900199599,3574.0
kreis_03151,dep_hour_share_education_23,7.48502994011976e-05,0.0,0.0074850299401197605,3574.0
kreis_03151,dep_hour_share_education_4,0.0006986027944111777,0.0,0.06986027944111776,3574.0
kreis_03151,dep_hour_share_education_5,0.004091816367265469,0.001631845133,0.2459971234265469,3574.0
kreis_03151,dep_hour_share_education_6,0.17260479041916169,0.09518298409,7.742180632916168,3574.0
kreis_03151,dep_hour_share_education_7,0.48862275449101794,0.5934328793,-10.481012480898205,3574.0
kreis_03151,dep_hour_share_education_8,0.11492015968063872,0.1648780037,-4.9957844019361275,3574.0
kreis_03151,dep_hour_share_education_9,0.02901696606786427,0.01493385218,1.4083113887864271,3574.0
kreis_03151,dep_hour_share_escort_10,0.01160726478219309,0.006751716853,0.48555479291930903,3574.0
kreis_03151,dep_hour_share_escort_11,0.028369520688242524,0.06136858157,-3.2999060881757467,3574.0
kreis_03151,dep_hour_share_escort_12,0.06022122081114297,0.04996301876,1.0258202051142973,3574.0
kreis_03151,dep_hour_share_escort_13,0.07537894305612454,0.1096775581,-3.4298615043875462,3574.0
kreis_03151,dep_hour_share_escort_14,0.1262119349993172,0.09279235286,3.341958213931721,3574.0
kreis_03151,dep_hour_share_escort_15,0.11378533387955755,0.1053799514,0.8405382479557549,3574.0
kreis_03151,dep_hour_share_escort_16,0.08032910009558925,0.06455789437,1.5771205725589252,3574.0
kreis_03151,dep_hour_share_escort_17,0.06329373207701762,0.02937674321,3.391698886701762,3574.0
kreis_03151,dep_hour_share_escort_18,0.051447494196367606,0.02991605405,2.1531440146367604,3574.0
kreis_03151,dep_hour_share_escort_19,0.026252901816195547,0.02766531207,-0.14124102538044525,3574.0
kreis_03151,dep_hour_share_escort_20,0.005564659292639628,0.009548458349,-0.3983799056360372,3574.0
kreis_03151,dep_hour_share_escort_21,0.007817834220947699,0.004706234511,0.31115997099476983,3574.0
kreis_03151,dep_hour_share_escort_22,0.0018776457735900588,0.005124866326,-0.3247220552409941,3574.0
kreis_03151,dep_hour_share_escort_23,0.0019459238017206064,0.0,0.19459238017206062,3574.0
kreis_03151,dep_hour_share_escort_4,0.00047794619691383315,0.0,0.047794619691383315,3574.0
kreis_03151,dep_hour_share_escort_5,0.0015703946470025946,0.0005417023648,0.10286922822025946,3574.0
kreis_03151,dep_hour_share_escort_6,0.04748736856479585,0.01546537353,3.202199503479585,3574.0
kreis_03151,dep_hour_share_escort_7,0.1914857298921207,0.2216046364,-3.0118906507879295,3574.0
kreis_03151,dep_hour_share_escort_8,0.07667622559060494,0.1450352227,-6.835899710939505,3574.0
kreis_03151,dep_hour_share_escort_9,0.02140516181892667,0.0198520364,0.15531254189266702,3574.0
kreis_03151,dep_hour_share_home_10,0.029989356405114406,0.04084502196,-1.0855665554885592,3574.0
kreis_03151,dep_hour_share_home_11,0.043213908848801566,0.06061309749,-1.739918864119843,3574.0
kreis_03151,dep_hour_share_home_12,0.07443664320203187,0.06997066698,0.44659762220318755,3574.0
kreis_03151,dep_hour_share_home_13,0.08320276276660378,0.0853597357,-0.21569729333962145,3574.0
kreis_03151,dep_hour_share_home_14,0.08890827779325845,0.0949945457,-0.6086267906741549,3574.0
kreis_03151,dep_hour_share_home_15,0.1099396558418718,0.0966377123,1.3301943541871808,3574.0
kreis_03151,dep_hour_share_home_16,0.11103142372927811,0.09912547335,1.1905950379278107,3574.0
kreis_03151,dep_hour_share_home_17,0.1004883263061244,0.117556205,-1.706787869387559,3574.0
kreis_03151,dep_hour_share_home_18,0.09107810936864753,0.08895521924,0.21228901286475393,3574.0
kreis_03151,dep_hour_share_home_19,0.060074642206193386,0.05168985603,0.8384786176193384,3574.0
kreis_03151,dep_hour_share_home_20,0.05039490934672081,0.04145329759,0.8941611756720813,3574.0
kreis_03151,dep_hour_share_home_21,0.03183942332728826,0.02711545077,0.47239725572882574,3574.0
kreis_03151,dep_hour_share_home_22,0.028098176884670027,0.01784287486,1.0255302024670028,3574.0
kreis_03151,dep_hour_share_home_23,0.015572538611581876,0.003038706035,1.2533832576581876,3574.0
kreis_03151,dep_hour_share_home_4,5.938486416854338e-05,0.0003981406923,-0.03387558281314566,3574.0
kreis_03151,dep_hour_share_home_5,0.0004979192457208638,0.001682486915,-0.11845676692791361,3574.0
kreis_03151,dep_hour_share_home_6,0.001936860185189415,0.006112698831,-0.4175838645810585,3574.0
kreis_03151,dep_hour_share_home_7,0.010977063738231518,0.02255023855,-1.1573174811768483,3574.0
kreis_03151,dep_hour_share_home_8,0.019528484178501764,0.03620096444,-1.6672480261498233,3574.0
kreis_03151,dep_hour_share_home_9,0.029532549757664072,0.03585285143,-0.6320301672335927,3574.0
kreis_03151,dep_hour_share_leisure_10,0.040984242800589925,0.05570669057,-1.4722447769410076,3574.0
kreis_03151,dep_hour_share_leisure_11,0.03456751791766928,0.03804554098,-0.34780230623307207,3574.0
kreis_03151,dep_hour_share_leisure_12,0.04005278273694016,0.04699122706,-0.6938444323059845,3574.0
kreis_03151,dep_hour_share_leisure_13,0.054852648192708735,0.03195226994,2.2900378252708733,3574.0
kreis_03151,dep_hour_share_leisure_14,0.07506015679577738,0.08200482232,-0.6944665524222626,3574.0
kreis_03151,dep_hour_share_leisure_15,0.11035214365184093,0.1303417906,-1.9989646948159079,3574.0
kreis_03151,dep_hour_share_leisure_16,0.1606768609795855,0.1547659692,0.5910891779585509,3574.0
kreis_03151,dep_hour_share_leisure_17,0.12763590261067556,0.1219572218,0.567868081067556,3574.0
kreis_03151,dep_hour_share_leisure_18,0.09392222308468524,0.1133825256,-1.9460302515314762,3574.0
kreis_03151,dep_hour_share_leisure_19,0.06364977101606768,0.05896213968,0.4687631336067685,3574.0
kreis_03151,dep_hour_share_leisure_20,0.021527077026572486,0.01869717184,0.2829905186572487,3574.0
kreis_03151,dep_hour_share_leisure_21,0.014554063494527671,0.005146799563,0.940726393152767,3574.0
kreis_03151,dep_hour_share_leisure_22,0.011669124686279076,0.003231748698,0.8437375988279077,3574.0
kreis_03151,dep_hour_share_leisure_23,0.0022639654324820824,0.0006512571564,0.16127082760820827,3574.0
kreis_03151,dep_hour_share_leisure_4,0.0001552433439416285,0.003016775514,-0.2861532170058371,3574.0
kreis_03151,dep_hour_share_leisure_5,0.0026650107376646227,0.003321333035,-0.06563222973353772,3574.0
kreis_03151,dep_hour_share_leisure_6,0.01794354317058656,0.008843545751,0.9099997419586562,3574.0
kreis_03151,dep_hour_share_leisure_7,0.02672772904861704,0.01727750194,0.9450227108617041,3574.0
kreis_03151,dep_hour_share_leisure_8,0.04648244456518927,0.05617735909,-0.9694914524810728,3574.0
kreis_03151,dep_hour_share_leisure_9,0.05098450153949649,0.04850358488,0.24809166594964918,3574.0
kreis_03151,dep_hour_share_other_10,0.08565318597301338,0.1237126258,-3.805943982698662,3574.0
kreis_03151,dep_hour_share_other_11,0.09227683049147442,0.0903879872,0.18888432914744152,3574.0
kreis_03151,dep_hour_share_other_12,0.06462784580155562,0.07820017067,-1.3572324868444383,3574.0
kreis_03151,dep_hour_share_other_13,0.08245491190552791,0.0630453521,1.9409559805527916,3574.0
kreis_03151,dep_hour_share_other_14,0.07991900228988853,0.08562378072,-0.5704778430111468,3574.0
kreis_03151,dep_hour_share_other_15,0.07969190590639844,0.1008998158,-2.1207909893601564,3574.0
kreis_03151,dep_hour_share_other_16,0.07407127041501864,0.09468582851,-2.061455809498136,3574.0
kreis_03151,dep_hour_share_other_17,0.05641452659866392,0.03513973227,2.1274794328663917,3574.0
kreis_03151,dep_hour_share_other_18,0.04261842130164077,0.02164090522,2.097751608164077,3574.0
kreis_03151,dep_hour_share_other_19,0.0360894002763006,0.01225358956,2.38358107163006,3574.0
kreis_03151,dep_hour_share_other_20,0.01875437633655684,0.005215719467,1.3538656869556842,3574.0
kreis_03151,dep_hour_share_other_21,0.011335894475880471,0.003600892744,0.7735001731880471,3574.0
kreis_03151,dep_hour_share_other_22,0.004882572245036998,0.01051023822,-0.5627665974963003,3574.0
kreis_03151,dep_hour_share_other_23,0.0033496716564788706,0.0,0.3349671656478871,3574.0
kreis_03151,dep_hour_share_other_4,0.0007569879449669764,0.0,0.07569879449669764,3574.0
kreis_03151,dep_hour_share_other_5,0.0029711776839953822,0.0006855590116,0.2285618672395382,3574.0
kreis_03151,dep_hour_share_other_6,0.01750534622736133,0.01884942288,-0.1344076652638672,3574.0
kreis_03151,dep_hour_share_other_7,0.06629321928048296,0.03849861215,2.779460713048296,3574.0
kreis_03151,dep_hour_share_other_8,0.08020287276925114,0.109142914,-2.894004123074885,3574.0
kreis_03151,dep_hour_share_other_9,0.08928672810885487,0.1079068537,-1.8620125591145134,3574.0
kreis_03151,dep_hour_share_shop_10,0.11009609056206397,0.1223811126,-1.2285022037936022,3574.0
kreis_03151,dep_hour_share_shop_11,0.08553376332762933,0.09411248034,-0.8578717012370674,3574.0
kreis_03151,dep_hour_share_shop_12,0.08434908516519679,0.1020627898,-1.7713704634803207,3574.0
kreis_03151,dep_hour_share_shop_13,0.05794392523364486,0.07210519603,-1.4161270796355139,3574.0
kreis_03151,dep_hour_share_shop_14,0.08084770304067394,0.07698168234,0.3866020700673947,3574.0
kreis_03151,dep_hour_share_shop_15,0.10870080294853232,0.07081403551,3.7886767438532325,3574.0
kreis_03151,dep_hour_share_shop_16,0.08448071607213374,0.1143379935,-2.985727742786626,3574.0
kreis_03151,dep_hour_share_shop_17,0.06610504146373569,0.1143724742,-4.826743273626431,3574.0
kreis_03151,dep_hour_share_shop_18,0.04296432802422009,0.02866793894,1.429638908422009,3574.0
kreis_03151,dep_hour_share_shop_19,0.015690404106884298,0.01471347049,0.09769336168842982,3574.0
kreis_03151,dep_hour_share_shop_20,0.0043701461103067,0.002839077483,0.15310686273066998,3574.0
kreis_03151,dep_hour_share_shop_21,0.0010267210741082007,0.004475480917,-0.34487598428917987,3574.0
kreis_03151,dep_hour_share_shop_22,0.0005265236277477951,0.0005915770036,-0.006505337585220486,3574.0
kreis_03151,dep_hour_share_shop_23,0.00047387126497301565,0.0,0.04738712649730156,3574.0
kreis_03151,dep_hour_share_shop_4,5.265236277477952e-05,0.0,0.005265236277477952,3574.0
kreis_03151,dep_hour_share_shop_5,0.0007371330788469132,0.001394360309,-0.06572272301530867,3574.0
kreis_03151,dep_hour_share_shop_6,0.014690009214163486,0.005051757983,0.9638251231163486,3574.0
kreis_03151,dep_hour_share_shop_7,0.04817691193892326,0.0227578817,2.5419030238923264,3574.0
kreis_03151,dep_hour_share_shop_8,0.08129524812425958,0.06498539394,1.6309854184259578,3574.0
kreis_03151,dep_hour_share_shop_9,0.11017506910622614,0.08735529681,2.281977229622614,3574.0
kreis_03151,dep_hour_share_work_10,0.028567602553229477,0.04095154438,-1.2383941826770526,3574.0
kreis_03151,dep_hour_share_work_11,0.02322605603416209,0.01603574633,0.7190309704162092,3574.0
kreis_03151,dep_hour_share_work_12,0.030650656906069128,0.0507651394,-2.011448249393087,3574.0
kreis_03151,dep_hour_share_work_13,0.03600708238479965,0.05127197728,-1.5264894895200345,3574.0
kreis_03151,dep_hour_share_work_14,0.020800785609070213,0.02269270829,-0.18919226809297857,3574.0
kreis_03151,dep_hour_share_work_15,0.015816334121918196,0.01672250101,-0.09061668880818059,3574.0
kreis_03151,dep_hour_share_work_16,0.010817003675103036,0.006487427178,0.43295764971030365,3574.0
kreis_03151,dep_hour_share_work_17,0.008600038685295124,0.008516547155,0.008349153029512356,3574.0
kreis_03151,dep_hour_share_work_18,0.004180987665342439,0.003206143128,0.09748445373424386,3574.0
kreis_03151,dep_hour_share_work_19,0.002216964989807913,0.001482325267,0.07346397228079127,3574.0
kreis_03151,dep_hour_share_work_20,0.004389293100626405,0.001322132511,0.3067160589626404,3574.0
kreis_03151,dep_hour_share_work_21,0.003198976327575176,0.005578870895,-0.23798945674248242,3574.0
kreis_03151,dep_hour_share_work_22,0.0008183427814727194,0.0,0.08183427814727194,3574.0
kreis_03151,dep_hour_share_work_23,0.0006993111041675966,0.0,0.06993111041675966,3574.0
kreis_03151,dep_hour_share_work_4,0.0313053311312473,0.01329083293,1.8014498201247304,3574.0
kreis_03151,dep_hour_share_work_5,0.11843651891859722,0.06582489289,5.261162602859722,3574.0
kreis_03151,dep_hour_share_work_6,0.2232141528664316,0.1816646257,4.15495271664316,3574.0
kreis_03151,dep_hour_share_work_7,0.25637935395557143,0.3321687438,-7.578938984442857,3574.0
kreis_03151,dep_hour_share_work_8,0.11752890237914565,0.1202209262,-0.26920238208543446,3574.0
kreis_03151,dep_hour_share_work_9,0.049948667589162166,0.05773481954,-0.7786151950837837,3574.0
kreis_03151,mean_work_activity_h,6.01397046413502,6.28423715,-0.27026668586498026,3574.0
kreis_03151,mobility_rate,0.8324053227691759,0.8358940444,-0.3488721630824143,3574.0
kreis_03151,n_persons_unweighted,173669.0,3574.0,170095.0,3574.0
kreis_03151,n_persons_weighted,173669.0,107068.0,66601.0,3574.0
kreis_03151,n_work_activities_measured,67150.0,1236.0,65914.0,3574.0
kreis_03151,nonhome_acts_per_mobile,2.107766164232895,2.139120026,-0.031353861767104974,3574.0
kreis_03151,participation_education,0.18562322579159204,0.1826494134,0.29738123915920567,3574.0
kreis_03151,participation_escort,0.11099850865727331,0.1150801247,-0.40816160427266795,3574.0
kreis_03151,participation_home,0.8324053227691759,0.831216451,0.11888717691759254,3574.0
kreis_03151,participation_leisure,0.3582101584047815,0.3821445253,-2.3934366895218497,3574.0
kreis_03151,participation_other,0.2188991702606683,0.1633809278,5.551824246066831,3574.0
kreis_03151,participation_shop,0.1881049582827102,0.2605779723,-7.247301401728981,3574.0
kreis_03151,participation_work,0.32134117199960843,0.3239381085,-0.25969365003915557,3574.0
kreis_03151,purpose_share_education,0.076544643402799,0.06233506775,1.4209575652798998,3574.0
kreis_03151,purpose_share_escort,0.05594175884617735,0.05977979352,-0.3838034673822648,3574.0
kreis_03151,purpose_share_home,0.4180754598789953,0.4268124939,-0.8737034021004675,3574.0
kreis_03151,purpose_share_leisure,0.14762344924524842,0.1617405157,-1.4117066454751581,3574.0
kreis_03151,purpose_share_other,0.10091555643830594,0.06494569828,3.596985815830593,3574.0
kreis_03151,purpose_share_shop,0.07254361975187924,0.1036245534,-3.108093364812076,3574.0
kreis_03151,purpose_share_work,0.12835551243659477,0.1207618773,0.7593635136594765,3574.0
kreis_03151,share_mobile_first_from_home,1.0,0.9778671254,2.213287460000002,3574.0
kreis_03151,share_mobile_last_to_home,1.0,0.9850407459,1.4959254099999986,3574.0
kreis_03151,share_mobile_odd_trip_count,0.26400946300228967,0.2196672558,4.434220720228968,3574.0
kreis_03151,share_trips_0,0.16759467723082416,0.1641059556,0.3488721630824171,3574.0
kreis_03151,share_trips_1,0.0006506630429149704,0.004752026205,-0.410136316208503,3574.0
kreis_03151,share_trips_2,0.33484962774012633,0.3298549021,0.49947256401263185,3574.0
kreis_03151,share_trips_3,0.10855132464630994,0.07512812162,3.342320302630994,3574.0
kreis_03151,share_trips_4,0.1875291502801306,0.222638183,-3.51090327198694,3574.0
kreis_03151,share_trips_5,0.07593180130017448,0.05928519041,1.6646610890174476,3574.0
kreis_03151,share_trips_6,0.06071895387202091,0.06692578753,-0.620683365797909,3574.0
kreis_03151,share_trips_7,0.025767408115437988,0.02800039044,-0.2232982324562014,3574.0
kreis_03151,share_trips_8plus,0.03840639377206064,0.04930944301,-1.0903049237939362,3574.0
kreis_03151,share_trips_followed_by_same_purpose,0.09024743323351464,0.04155748233,4.868995090351464,3574.0
kreis_03151,share_trips_home_based,0.8150629468923791,0.8513942199,-3.6331273007620846,3574.0
kreis_03151,share_trips_unknown_purpose,0.0,0.0003608672198,-0.03608672198,3574.0
kreis_03151,share_work_activities_lt_2h,0.17179448994787788,0.1076775839,6.411690604787788,3574.0
kreis_03151,tours_per_mobile,1.5142948057248398,1.591849944,-0.07755513827516025,3574.0
kreis_03151,trips_per_mobile_person,3.622060969957735,3.73096997,-0.108909000042265,3574.0
kreis_03151,trips_per_person,3.015022830787302,3.118695578,-0.10367274721269792,3574.0
kreis_03151,trips_per_person_education,0.23078384743391164,0.1943339461,0.036449901333911655,3574.0
kreis_03151,trips_per_person_escort,0.16866568011562225,0.1863676994,-0.017702019284377757,3574.0
kreis_03151,trips_per_person_home,1.2605070565270715,1.330617888,-0.0701108314729284,3574.0
kreis_03151,trips_per_person_leisure,0.44508806983399457,0.5042374028,-0.059149332966005386,3574.0
kreis_03151,trips_per_person_other,0.3042627066430969,0.2024727699,0.10178993674309691,3574.0
kreis_03151,trips_per_person_shop,0.2187206697798686,0.3230568139,-0.10433614412013142,3574.0
kreis_03151,trips_per_person_work,0.3869948004537367,0.3764836232,0.010511177253736681,3574.0
kreis_03153,dep_hour_share_all_10,0.048494974600588416,0.05240737785,-0.39124032494115835,2258.0
kreis_03153,dep_hour_share_all_11,0.05386024356453111,0.06342503556,-0.9564791995468884,2258.0
kreis_03153,dep_hour_share_all_12,0.062395898734439945,0.06509816517,-0.2702266435560055,2258.0
kreis_03153,dep_hour_share_all_13,0.06823594730205841,0.08363069951,-1.5394752207941593,2258.0
kreis_03153,dep_hour_share_all_14,0.07786904385095553,0.07815669826,-0.028765440904447714,2258.0
kreis_03153,dep_hour_share_all_15,0.08474686204409483,0.09058075282,-0.5833890775905168,2258.0
kreis_03153,dep_hour_share_all_16,0.0885814208103943,0.08266902457,0.5912396240394302,2258.0
kreis_03153,dep_hour_share_all_17,0.0752097591855584,0.07316620234,0.2043556845558403,2258.0
kreis_03153,dep_hour_share_all_18,0.062045651485826664,0.05813579809,0.3909853395826661,2258.0
kreis_03153,dep_hour_share_all_19,0.03665142874933194,0.03465676472,0.19946640293319398,2258.0
kreis_03153,dep_hour_share_all_20,0.02652279720424863,0.02049735222,0.6025444984248628,2258.0
kreis_03153,dep_hour_share_all_21,0.018838113127266878,0.01381516028,0.5022952847266877,2258.0
kreis_03153,dep_hour_share_all_22,0.013428738954239548,0.009684183882,0.37445550722395476,2258.0
kreis_03153,dep_hour_share_all_23,0.007033483636967429,0.001554154463,0.547932917396743,2258.0
kreis_03153,dep_hour_share_all_4,0.004514297871015613,0.002316186677,0.21981111940156134,2258.0
kreis_03153,dep_hour_share_all_5,0.016412326627611936,0.01754223423,-0.11299076023880625,2258.0
kreis_03153,dep_hour_share_all_6,0.047158846207730344,0.03561214906,1.1546697147730343,2258.0
kreis_03153,dep_hour_share_all_7,0.085950674809699,0.1024405401,-1.6489865290301011,2258.0
kreis_03153,dep_hour_share_all_8,0.058729977532287606,0.0641592531,-0.5429275567712388,2258.0
kreis_03153,dep_hour_share_all_9,0.052114196169592314,0.0486711927,0.3443003469592316,2258.0
kreis_03153,dep_hour_share_education_10,0.019230769230769232,0.001404834904,1.782593432676923,2258.0
kreis_03153,dep_hour_share_education_11,0.024346793349168647,0.01986929254,0.44775008091686475,2258.0
kreis_03153,dep_hour_share_education_12,0.016124611730312443,0.02122449286,-0.5099881129687557,2258.0
kreis_03153,dep_hour_share_education_13,0.01991595103234058,0.02026308408,-0.0347133047659421,2258.0
kreis_03153,dep_hour_share_education_14,0.02740727206285401,0.005568766728,2.183850533485401,2258.0
kreis_03153,dep_hour_share_education_15,0.04060844143979536,0.01293126717,2.7677174269795364,2258.0
kreis_03153,dep_hour_share_education_16,0.015211035994883975,0.007478930673,0.7732105321883975,2258.0
kreis_03153,dep_hour_share_education_17,0.0066234240818563855,0.009788265114,-0.3164841032143614,2258.0
kreis_03153,dep_hour_share_education_18,0.00968390279554175,0.002165938638,0.751796415754175,2258.0
kreis_03153,dep_hour_share_education_19,0.00817650283208478,0.0,0.817650283208478,2258.0
kreis_03153,dep_hour_share_education_20,0.0005481454412570802,0.0,0.05481454412570802,2258.0
kreis_03153,dep_hour_share_education_21,0.00022839393385711677,0.0,0.022839393385711677,2258.0
kreis_03153,dep_hour_share_education_22,0.0001827151470856934,0.0,0.01827151470856934,2258.0
kreis_03153,dep_hour_share_education_23,0.00013703636031427006,0.0,0.013703636031427005,2258.0
kreis_03153,dep_hour_share_education_4,0.0002740727206285401,0.0,0.02740727206285401,2258.0
kreis_03153,dep_hour_share_education_5,0.002466654485656861,0.009747126451,-0.7280471965343139,2258.0
kreis_03153,dep_hour_share_education_6,0.1744472866800658,0.05344687683,12.10004098500658,2258.0
kreis_03153,dep_hour_share_education_7,0.4742371642609172,0.6515028391,-17.726567483908273,2258.0
kreis_03153,dep_hour_share_education_8,0.12283025762835739,0.1431430873,-2.0312829671642607,2258.0
kreis_03153,dep_hour_share_education_9,0.03709117485839576,0.04146519763,-0.4374022771604237,2258.0
kreis_03153,dep_hour_share_escort_10,0.02223111466808946,0.02300717273,-0.07760580619105423,2258.0
kreis_03153,dep_hour_share_escort_11,0.04312836245609355,0.03402464192,0.9103720536093547,2258.0
kreis_03153,dep_hour_share_escort_12,0.059179227246454136,0.06737372291,-0.8194495663545867,2258.0
kreis_03153,dep_hour_share_escort_13,0.06962785114045618,0.09148280048,-2.185494933954382,2258.0
kreis_03153,dep_hour_share_escort_14,0.13743275087812903,0.1197980689,1.7634681978129034,2258.0
kreis_03153,dep_hour_share_escort_15,0.11435685385265217,0.1255578193,-1.1200965447347846,2258.0
kreis_03153,dep_hour_share_escort_16,0.08767951625094482,0.06627425959,2.1405256660944825,2258.0
kreis_03153,dep_hour_share_escort_17,0.0584233693477391,0.05926481512,-0.08414457722609042,2258.0
kreis_03153,dep_hour_share_escort_18,0.042817126850740295,0.03847381402,0.4343312830740298,2258.0
kreis_03153,dep_hour_share_escort_19,0.020852785558667913,0.02083021503,0.0022570528667911066,2258.0
kreis_03153,dep_hour_share_escort_20,0.005780089813703259,0.005588668526,0.019142128770325856,2258.0
kreis_03153,dep_hour_share_escort_21,0.004979769685652039,0.009504298913,-0.4524529227347961,2258.0
kreis_03153,dep_hour_share_escort_22,0.0025343470721621983,0.007078376325,-0.4544029252837802,2258.0
kreis_03153,dep_hour_share_escort_23,0.001556178026766262,0.0,0.1556178026766262,2258.0
kreis_03153,dep_hour_share_escort_4,0.00204526254946423,0.003014229552,-0.09689670025357701,2258.0
kreis_03153,dep_hour_share_escort_5,0.0028455826775154506,0.006069739354,-0.3224156676484549,2258.0
kreis_03153,dep_hour_share_escort_6,0.04601840736294518,0.01820250643,2.781590093294518,2258.0
kreis_03153,dep_hour_share_escort_7,0.1661553510293006,0.2125039425,-4.634859147069939,2258.0
kreis_03153,dep_hour_share_escort_8,0.07447423413809968,0.083059687,-0.8585452861900309,2258.0
kreis_03153,dep_hour_share_escort_9,0.03490285002890045,0.008891221396,2.6011628632900448,2258.0
kreis_03153,dep_hour_share_home_10,0.03563917680636924,0.04697630147,-1.1337124663630767,2258.0
kreis_03153,dep_hour_share_home_11,0.055636923539131744,0.05563228183,0.00046417091317460524,2258.0
kreis_03153,dep_hour_share_home_12,0.07774397876921536,0.07429116762,0.34528111492153624,2258.0
kreis_03153,dep_hour_share_home_13,0.08546141905763358,0.1166993292,-3.123791014236642,2258.0
kreis_03153,dep_hour_share_home_14,0.08613114015322217,0.09251609461,-0.6384954456777836,2258.0
kreis_03153,dep_hour_share_home_15,0.10121551249311501,0.09748987173,0.3725640763115018,2258.0
kreis_03153,dep_hour_share_home_16,0.11142406489409644,0.1155813595,-0.41572946059035554,2258.0
kreis_03153,dep_hour_share_home_17,0.10105903560162235,0.09717924799,0.38797876116223595,2258.0
kreis_03153,dep_hour_share_home_18,0.08395298182364429,0.07562310874,0.8329873083644288,2258.0
kreis_03153,dep_hour_share_home_19,0.05457288067698162,0.04678991945,0.778296122698162,2258.0
kreis_03153,dep_hour_share_home_20,0.050491963346852936,0.03563306282,1.4858900526852938,2258.0
kreis_03153,dep_hour_share_home_21,0.035570326974112464,0.02619473525,0.9375591724112463,2258.0
kreis_03153,dep_hour_share_home_22,0.025824946171949328,0.01954933901,0.6275607161949328,2258.0
kreis_03153,dep_hour_share_home_23,0.014314506033748935,0.00351613514,1.0798370893748936,2258.0
kreis_03153,dep_hour_share_home_4,6.884983225677232e-05,0.0004532785685,-0.03844287362432276,2258.0
kreis_03153,dep_hour_share_home_5,0.0008449752140603876,0.001566574905,-0.07215996909396123,2258.0
kreis_03153,dep_hour_share_home_6,0.0024911121125632167,0.009642484395,-0.7151372282436783,2258.0
kreis_03153,dep_hour_share_home_7,0.010264884081918783,0.01614052634,-0.5875642258081216,2258.0
kreis_03153,dep_hour_share_home_8,0.02073631766060788,0.03842244978,-1.7686132119392117,2258.0
kreis_03153,dep_hour_share_home_9,0.027777777777777776,0.02769443898,0.008333879777777664,2258.0
kreis_03153,dep_hour_share_leisure_10,0.05107496728360441,0.03417401908,1.6900948203604411,2258.0
kreis_03153,dep_hour_share_leisure_11,0.044045616002991214,0.05916144904,-1.5115833037008788,2258.0
kreis_03153,dep_hour_share_leisure_12,0.04557861282482707,0.08092315418,-3.5344541355172927,2258.0
kreis_03153,dep_hour_share_leisure_13,0.050607590203776406,0.06058897899,-0.9981388786223594,2258.0
kreis_03153,dep_hour_share_leisure_14,0.07915498223967096,0.09461195817,-1.5456975930329033,2258.0
kreis_03153,dep_hour_share_leisure_15,0.10085997382688353,0.1225532912,-2.169331737311647,2258.0
kreis_03153,dep_hour_share_leisure_16,0.12735090671153487,0.09253483615,3.481607056153488,2258.0
kreis_03153,dep_hour_share_leisure_17,0.11568517479902786,0.09274307075,2.2942104049027856,2258.0
kreis_03153,dep_hour_share_leisure_18,0.1016638624041877,0.1140735686,-1.240970619581229,2258.0
kreis_03153,dep_hour_share_leisure_19,0.05791736773228641,0.05972580881,-0.18084410777135934,2258.0
kreis_03153,dep_hour_share_leisure_20,0.022265844083006168,0.02933975379,-0.7073909706993832,2258.0
kreis_03153,dep_hour_share_leisure_21,0.013946532062067677,0.01128810366,0.2658428402067677,2258.0
kreis_03153,dep_hour_share_leisure_22,0.013236118900729107,0.001770099209,1.1466019691729108,2258.0
kreis_03153,dep_hour_share_leisure_23,0.0035333707234997194,0.0005879270829,0.2945443640599719,2258.0
kreis_03153,dep_hour_share_leisure_4,0.0006917180781454477,0.0,0.06917180781454477,2258.0
kreis_03153,dep_hour_share_leisure_5,0.003944662553748364,0.005110367107,-0.11657045532516364,2258.0
kreis_03153,dep_hour_share_leisure_6,0.01605907646289026,0.01739545402,-0.133637755710974,2258.0
kreis_03153,dep_hour_share_leisure_7,0.03122078893251075,0.02188765176,0.9333137172510747,2258.0
kreis_03153,dep_hour_share_leisure_8,0.053094036268461396,0.05173752422,0.13565120484613988,2258.0
kreis_03153,dep_hour_share_leisure_9,0.06274069919611142,0.04720474733,1.5535951866111417,2258.0
kreis_03153,dep_hour_share_other_10,0.08824649859943978,0.1315819366,-4.333543800056022,2258.0
kreis_03153,dep_hour_share_other_11,0.08094117647058824,0.1243874101,-4.344623362941176,2258.0
kreis_03153,dep_hour_share_other_12,0.06659943977591036,0.04761661363,1.898282614591036,2258.0
kreis_03153,dep_hour_share_other_13,0.07825210084033614,0.04756339058,3.0688710260336136,2258.0
kreis_03153,dep_hour_share_other_14,0.09180952380952381,0.05589018401,3.591933979952381,2258.0
kreis_03153,dep_hour_share_other_15,0.08313725490196078,0.1165910289,-3.3453773998039225,2258.0
kreis_03153,dep_hour_share_other_16,0.0836078431372549,0.07428514028,0.9322702857254908,2258.0
kreis_03153,dep_hour_share_other_17,0.055417366946778714,0.0408020817,1.4615285246778713,2258.0
kreis_03153,dep_hour_share_other_18,0.04338375350140056,0.02317033488,2.021341862140056,2258.0
kreis_03153,dep_hour_share_other_19,0.025254901960784313,0.005202427901,2.0052474059784315,2258.0
kreis_03153,dep_hour_share_other_20,0.011607843137254902,0.004642196308,0.6965646829254901,2258.0
kreis_03153,dep_hour_share_other_21,0.008941176470588235,0.0007686538478,0.8172522622788235,2258.0
kreis_03153,dep_hour_share_other_22,0.004997198879551821,0.004482402718,0.05147961615518211,2258.0
kreis_03153,dep_hour_share_other_23,0.003719887955182073,0.0,0.3719887955182073,2258.0
kreis_03153,dep_hour_share_other_4,0.0016134453781512605,0.0,0.16134453781512606,2258.0
kreis_03153,dep_hour_share_other_5,0.000896358543417367,0.001831961841,-0.0935603297582633,2258.0
kreis_03153,dep_hour_share_other_6,0.014184873949579832,0.01387558487,0.030928907957983136,2258.0
kreis_03153,dep_hour_share_other_7,0.06563585434173669,0.06244021599,0.31956383517366893,2258.0
kreis_03153,dep_hour_share_other_8,0.08820168067226891,0.09131337718,-0.31116965077310904,2258.0
kreis_03153,dep_hour_share_other_9,0.09759103641456583,0.1518387067,-5.424767028543416,2258.0
kreis_03153,dep_hour_share_shop_10,0.11587694375706474,0.1114345698,0.44423739570647464,2258.0
kreis_03153,dep_hour_share_shop_11,0.08859560687990713,0.1205447312,-3.194912432009288,2258.0
kreis_03153,dep_hour_share_shop_12,0.08312711942076803,0.06155905795,2.1568061470768027,2258.0
kreis_03153,dep_hour_share_shop_13,0.06308618214034765,0.07150650735,-0.8420325209652344,2258.0
kreis_03153,dep_hour_share_shop_14,0.09519445208199676,0.07546879174,1.9725660341996756,2258.0
kreis_03153,dep_hour_share_shop_15,0.08981761525066446,0.1028407695,-1.3023154249335533,2258.0
kreis_03153,dep_hour_share_shop_16,0.087740201020377,0.08042503588,0.7315165140377,2258.0
kreis_03153,dep_hour_share_shop_17,0.06714935997311582,0.08674251959,-1.9593159616884182,2258.0
kreis_03153,dep_hour_share_shop_18,0.05065224696789173,0.04028822953,1.0364017437891733,2258.0
kreis_03153,dep_hour_share_shop_19,0.012128433079766597,0.03724363878,-2.51152057002334,2258.0
kreis_03153,dep_hour_share_shop_20,0.0033910732288516174,0.0,0.33910732288516177,2258.0
kreis_03153,dep_hour_share_shop_21,0.0005804539761097363,0.004366195127,-0.37857411508902633,2258.0
kreis_03153,dep_hour_share_shop_22,0.0004277029297650689,0.0,0.04277029297650689,2258.0
kreis_03153,dep_hour_share_shop_23,9.165062780680047e-05,0.0,0.009165062780680048,2258.0
kreis_03153,dep_hour_share_shop_4,6.110041853786698e-05,0.0,0.0061100418537866985,2258.0
kreis_03153,dep_hour_share_shop_5,0.0010692573244126722,0.0002299281066,0.08393292178126721,2258.0
kreis_03153,dep_hour_share_shop_6,0.01225063391684233,0.005074628411,0.717600550584233,2258.0
kreis_03153,dep_hour_share_shop_7,0.036324198820761926,0.03182600542,0.44981934007619284,2258.0
kreis_03153,dep_hour_share_shop_8,0.07035713194635383,0.06811076243,0.22463695163538328,2258.0
kreis_03153,dep_hour_share_shop_9,0.12116212996059023,0.1023386292,1.8823500760590224,2258.0
kreis_03153,dep_hour_share_work_10,0.03199651091330809,0.02437427258,0.7622238333308089,2258.0
kreis_03153,dep_hour_share_work_11,0.02973653430604841,0.03661008216,-0.687354785395159,2258.0
kreis_03153,dep_hour_share_work_12,0.03596138215411455,0.04602808941,-1.0066707255885452,2258.0
kreis_03153,dep_hour_share_work_13,0.04720179212180085,0.05766791802,-1.0466125898199155,2258.0
kreis_03153,dep_hour_share_work_14,0.022104157167495985,0.03265190864,-1.0547751472504012,2258.0
kreis_03153,dep_hour_share_work_15,0.019586463929583887,0.01129233743,0.8294126499583887,2258.0
kreis_03153,dep_hour_share_work_16,0.012310925202704041,0.006334458875,0.5976466327704042,2258.0
kreis_03153,dep_hour_share_work_17,0.010407787007116944,0.01017416613,0.023362087711694367,2258.0
kreis_03153,dep_hour_share_work_18,0.0058481850801895205,0.001251459409,0.459672567118952,2258.0
kreis_03153,dep_hour_share_work_19,0.002735761156156454,0.000786676141,0.1949085015156454,2258.0
kreis_03153,dep_hour_share_work_20,0.0038459251035822613,0.00324327462,0.06026504835822612,2258.0
kreis_03153,dep_hour_share_work_21,0.005887833792597585,0.0002235143361,0.5664319456497585,2258.0
kreis_03153,dep_hour_share_work_22,0.0008722716729774201,0.003094140279,-0.22218686060225804,2258.0
kreis_03153,dep_hour_share_work_23,0.0005550819737129036,0.0,0.05550819737129036,2258.0
kreis_03153,dep_hour_share_work_4,0.03104494181551454,0.01567304025,1.537190156551454,2258.0
kreis_03153,dep_hour_share_work_5,0.11472354935273477,0.1217105363,-0.6986986947265239,2258.0
kreis_03153,dep_hour_share_work_6,0.21870229764288404,0.1891580527,2.9544244942884044,2258.0
kreis_03153,dep_hour_share_work_7,0.2296056935551018,0.3056586603,-7.60529667448982,2258.0
kreis_03153,dep_hour_share_work_8,0.1165870388359138,0.1036869266,1.2900112235913794,2258.0
kreis_03153,dep_hour_share_work_9,0.04708284598457665,0.02845216693,1.8630679054576647,2258.0
kreis_03153,mean_work_activity_h,5.650405955334988,6.466280458,-0.8158745026650118,2258.0
kreis_03153,mobility_rate,0.8261932178694804,0.8323700116,-0.6176793730519603,2258.0
kreis_03153,n_persons_unweighted,127659.0,2258.0,125401.0,2258.0
kreis_03153,n_persons_weighted,127659.0,95795.0,31864.0,2258.0
kreis_03153,n_work_activities_measured,50375.0,826.0,49549.0,2258.0
kreis_03153,nonhome_acts_per_mobile,2.13967820538347,2.220014823,-0.08033661761652988,2258.0
kreis_03153,participation_education,0.13515694153957025,0.145628591,-1.047164946042975,2258.0
kreis_03153,participation_escort,0.11612968925026829,0.120012767,-0.388307774973172,2258.0
kreis_03153,participation_home,0.8261932178694804,0.8247719592,0.14212586694803964,2258.0
kreis_03153,participation_leisure,0.3223509505792776,0.3479370237,-2.558607312072242,2258.0
kreis_03153,participation_other,0.2590181655817451,0.1980244057,6.099375988174513,2258.0
kreis_03153,participation_shop,0.21569963731503458,0.2808092782,-6.510964088496543,2258.0
kreis_03153,participation_work,0.30944939252226633,0.3284658498,-1.9016457277733656,2258.0
kreis_03153,purpose_share_education,0.05679713160475506,0.05007344776,0.6723683844755058,2258.0
kreis_03153,purpose_share_escort,0.0583511916189725,0.06229541015,-0.3944218531027499,2258.0
kreis_03153,purpose_share_home,0.4145059438255302,0.4189974931,-0.44915492744698193,2258.0
kreis_03153,purpose_share_leisure,0.13877574317277308,0.1540440778,-1.5268334627226932,2258.0
kreis_03153,purpose_share_other,0.11577617384716767,0.08123393901,3.454223483716766,2258.0
kreis_03153,purpose_share_shop,0.08492328288043337,0.1102021466,-2.527886371956663,2258.0
kreis_03153,purpose_share_work,0.13087053305036814,0.1231534856,0.7717047450368136,2258.0
kreis_03153,share_mobile_first_from_home,1.0,0.9822715632,1.7728436800000025,2258.0
kreis_03153,share_mobile_last_to_home,1.0,0.9834002883,1.6599711699999964,2258.0
kreis_03153,share_mobile_odd_trip_count,0.2945074949512188,0.2276124655,6.68950294512188,2258.0
kreis_03153,share_trips_0,0.1738067821305196,0.1676299884,0.6176793730519575,2258.0
kreis_03153,share_trips_1,0.0010340046530209386,0.002313128098,-0.12791234449790612,2258.0
kreis_03153,share_trips_2,0.3294714826216718,0.3282780951,0.1193387521671807,2258.0
kreis_03153,share_trips_3,0.1167015251568632,0.08590477545,3.0796749706863205,2258.0
kreis_03153,share_trips_4,0.16016888742666008,0.194497228,-3.4328340573339915,2258.0
kreis_03153,share_trips_5,0.08568138556623504,0.05496935306,3.0712032506235047,2258.0
kreis_03153,share_trips_6,0.06434328954480295,0.07146337992,-0.712009037519705,2258.0
kreis_03153,share_trips_7,0.027761458259895504,0.03608694801,-0.8325489750104498,2258.0
kreis_03153,share_trips_8plus,0.041031184640330884,0.058857104,-1.7825919359669116,2258.0
kreis_03153,share_trips_followed_by_same_purpose,0.10630393159022629,0.04814703654,5.815689505022629,2258.0
kreis_03153,share_trips_home_based,0.8030806191333586,0.8371207738,-3.4040154666641453,2258.0
kreis_03153,share_trips_unknown_purpose,0.0,0.0006905355139,-0.06905355139,2258.0
kreis_03153,share_work_activities_lt_2h,0.20500248138957816,0.1135096853,9.149279608957816,2258.0
kreis_03153,tours_per_mobile,1.5148050174929601,1.599090611,-0.0842855935070399,2258.0
kreis_03153,trips_per_mobile_person,3.6544832228764306,3.819105434,-0.16462221112356934,2258.0
kreis_03153,trips_per_person,3.0193092535583075,3.178908834,-0.15959958044169253,2258.0
kreis_03153,trips_per_person_education,0.17148810502980597,0.1590690068,0.01241909822980597,2258.0
kreis_03153,trips_per_person_escort,0.17618029281131764,0.1978946819,-0.021714389088682368,2258.0
kreis_03153,trips_per_person_home,1.2515216318473432,1.33103507,-0.07951343815265677,2258.0
kreis_03153,trips_per_person_leisure,0.41900688553098486,0.48935393,-0.07034704446901513,2258.0
kreis_03153,trips_per_person_other,0.34956407303832865,0.2580569657,0.09150710733832867,2258.0
kreis_03153,trips_per_person_shop,0.2564096538434423,0.3500806672,-0.0936710133565577,2258.0
kreis_03153,trips_per_person_work,0.3951386114570849,0.3912233631,0.0039152483570848995,2258.0
kreis_03154,dep_hour_share_all_10,0.048323091063093584,0.06207068411,-1.374759304690642,1761.0
kreis_03154,dep_hour_share_all_11,0.05252212150155887,0.05855026925,-0.6028147748441133,1761.0
kreis_03154,dep_hour_share_all_12,0.05917929679756348,0.06244773228,-0.32684354824365214,1761.0
kreis_03154,dep_hour_share_all_13,0.06631945070194092,0.07161385978,-0.5294409078059072,1761.0
kreis_03154,dep_hour_share_all_14,0.0737371370902341,0.07427548446,-0.053834736976589304,1761.0
kreis_03154,dep_hour_share_all_15,0.0865000270323848,0.09545626666,-0.8956239627615201,1761.0
kreis_03154,dep_hour_share_all_16,0.08842112851195733,0.1002803984,-1.1859269888042672,1761.0
kreis_03154,dep_hour_share_all_17,0.07685847645479284,0.0682875799,0.8570896554792831,1761.0
kreis_03154,dep_hour_share_all_18,0.0637711978950783,0.06295902495,0.08121729450783072,1761.0
kreis_03154,dep_hour_share_all_19,0.039402404080087945,0.0319258347,0.7476569380087943,1761.0
kreis_03154,dep_hour_share_all_20,0.02882012651156085,0.02363699647,0.5183130041560849,1761.0
kreis_03154,dep_hour_share_all_21,0.02008325974517472,0.01439045814,0.569280160517472,1761.0
kreis_03154,dep_hour_share_all_22,0.014107300546054172,0.005699764231,0.8407536315054173,1761.0
kreis_03154,dep_hour_share_all_23,0.006516606895060282,0.002423430965,0.4093175930060282,1761.0
kreis_03154,dep_hour_share_all_4,0.0038097640973886716,0.003195060167,0.06147039303886714,1761.0
kreis_03154,dep_hour_share_all_5,0.01705923696588513,0.01307586481,0.398337215588513,1761.0
kreis_03154,dep_hour_share_all_6,0.04661464434392402,0.03685247029,0.9762174053924016,1761.0
kreis_03154,dep_hour_share_all_7,0.08574312025806917,0.1043748671,-1.8631746841930834,1761.0
kreis_03154,dep_hour_share_all_8,0.05894862044729586,0.06215595232,-0.3207331872704139,1761.0
kreis_03154,dep_hour_share_all_9,0.05303393465371515,0.04393311096,0.9100823693715149,1761.0
kreis_03154,dep_hour_share_education_10,0.01497822931785196,0.003979768808,1.099846050985196,1761.0
kreis_03154,dep_hour_share_education_11,0.017010159651669087,0.006089696943,1.0920462708669088,1761.0
kreis_03154,dep_hour_share_education_12,0.020609579100145138,0.01314888278,0.7460696320145139,1761.0
kreis_03154,dep_hour_share_education_13,0.03076923076923077,0.002655089981,2.811414078823077,1761.0
kreis_03154,dep_hour_share_education_14,0.026705370101596515,0.03264672969,-0.5941359588403485,1761.0
kreis_03154,dep_hour_share_education_15,0.031001451378809868,0.005156528215,2.5844923163809868,1761.0
kreis_03154,dep_hour_share_education_16,0.01660377358490566,0.01384157015,0.2762203434905661,1761.0
kreis_03154,dep_hour_share_education_17,0.010101596516690856,0.01182236213,-0.1720765613309144,1761.0
kreis_03154,dep_hour_share_education_18,0.007431059506531204,0.006968813771,0.04622457355312046,1761.0
kreis_03154,dep_hour_share_education_19,0.007140783744557329,0.001437982093,0.570280165155733,1761.0
kreis_03154,dep_hour_share_education_20,0.00029027576197387516,0.0,0.029027576197387515,1761.0
kreis_03154,dep_hour_share_education_21,0.00023222060957910014,0.0,0.023222060957910014,1761.0
kreis_03154,dep_hour_share_education_22,0.00011611030478955007,0.0,0.011611030478955007,1761.0
kreis_03154,dep_hour_share_education_23,0.0,0.0,0.0,1761.0
kreis_03154,dep_hour_share_education_4,0.00029027576197387516,0.0,0.029027576197387515,1761.0
kreis_03154,dep_hour_share_education_5,0.003251088534107402,0.0,0.3251088534107402,1761.0
kreis_03154,dep_hour_share_education_6,0.17799709724238025,0.1040818782,7.391521904238024,1761.0
kreis_03154,dep_hour_share_education_7,0.47158200290275765,0.6825804706,-21.09984676972424,1761.0
kreis_03154,dep_hour_share_education_8,0.12574746008708274,0.09882488457,2.6922575517082743,1761.0
kreis_03154,dep_hour_share_education_9,0.03796806966618287,0.01676534205,2.1202727616182875,1761.0
kreis_03154,dep_hour_share_escort_10,0.021164021164021163,0.0008394805377,2.0324540626321164,1761.0
kreis_03154,dep_hour_share_escort_11,0.03195217480931767,0.03305299812,-0.11008233106823348,1761.0
kreis_03154,dep_hour_share_escort_12,0.06349206349206349,0.02678571647,3.670634702206349,1761.0
kreis_03154,dep_hour_share_escort_13,0.0676149247577819,0.08540865615,-1.7793731392218097,1761.0
kreis_03154,dep_hour_share_escort_14,0.1330309901738473,0.159562714,-2.653172382615268,1761.0
kreis_03154,dep_hour_share_escort_15,0.11990654847797705,0.1445334976,-2.462694912202296,1761.0
kreis_03154,dep_hour_share_escort_16,0.07579193293479007,0.05945111565,1.6340817284790075,1761.0
kreis_03154,dep_hour_share_escort_17,0.05881948739091596,0.07232574487,-1.3506257479084036,1761.0
kreis_03154,dep_hour_share_escort_18,0.04267161410018553,0.04177022239,0.09013917101855298,1761.0
kreis_03154,dep_hour_share_escort_19,0.01841544698687556,0.02122784937,-0.28124023831244405,1761.0
kreis_03154,dep_hour_share_escort_20,0.006459149316292174,0.01315893533,-0.6699786013707826,1761.0
kreis_03154,dep_hour_share_escort_21,0.007283721569435855,0.0,0.7283721569435855,1761.0
kreis_03154,dep_hour_share_escort_22,0.0022675736961451248,0.0,0.22675736961451248,1761.0
kreis_03154,dep_hour_share_escort_23,0.001924001924001924,0.0,0.1924001924001924,1761.0
kreis_03154,dep_hour_share_escort_4,0.0008932866075723219,0.0,0.08932866075723218,1761.0
kreis_03154,dep_hour_share_escort_5,0.0016491445062873633,0.0007529550837,0.08961894225873633,1761.0
kreis_03154,dep_hour_share_escort_6,0.04274032845461417,0.01834383594,2.4396492514614168,1761.0
kreis_03154,dep_hour_share_escort_7,0.17501546072974644,0.1984839152,-2.346845447025356,1761.0
kreis_03154,dep_hour_share_escort_8,0.08788565931423074,0.1134303427,-2.5544683385769265,1761.0
kreis_03154,dep_hour_share_escort_9,0.036487322201607914,0.01087202053,2.5615301671607913,1761.0
kreis_03154,dep_hour_share_home_10,0.03539799890279265,0.04492175025,-0.952375134720735,1761.0
kreis_03154,dep_hour_share_home_11,0.053632540035006136,0.06234447055,-0.8711930514993866,1761.0
kreis_03154,dep_hour_share_home_12,0.07048250999242404,0.07492357487,-0.4441064877575951,1761.0
kreis_03154,dep_hour_share_home_13,0.0810191837125665,0.09078154704,-0.9762363327433493,1761.0
kreis_03154,dep_hour_share_home_14,0.08411052187012896,0.07089193347,1.321858840012896,1761.0
kreis_03154,dep_hour_share_home_15,0.1026063028466435,0.1238723366,-2.126603375335649,1761.0
kreis_03154,dep_hour_share_home_16,0.10831874744202652,0.1228347913,-1.4516043857973475,1761.0
kreis_03154,dep_hour_share_home_17,0.1021099471424715,0.0814453777,2.06645694424715,1761.0
kreis_03154,dep_hour_share_home_18,0.0908679258427162,0.08995911956,0.09088062827162097,1761.0
kreis_03154,dep_hour_share_home_19,0.058186821320654496,0.0485103465,0.9676474820654493,1761.0
kreis_03154,dep_hour_share_home_20,0.052648536621472175,0.04397725021,0.8671286411472177,1761.0
kreis_03154,dep_hour_share_home_21,0.038019105340613216,0.02563765668,1.2381448660613217,1761.0
kreis_03154,dep_hour_share_home_22,0.028710258888685704,0.01282509798,1.5885160908685705,1761.0
kreis_03154,dep_hour_share_home_23,0.013776047789475518,0.005606254156,0.8169793633475517,1761.0
kreis_03154,dep_hour_share_home_4,7.837195329031584e-05,0.0006030866858,-0.05247147325096841,1761.0
kreis_03154,dep_hour_share_home_5,0.0007837195329031583,0.00266922052,-0.18855009870968417,1761.0
kreis_03154,dep_hour_share_home_6,0.0021944146921288434,0.008493714497,-0.6299299804871156,1761.0
kreis_03154,dep_hour_share_home_7,0.009726830202809199,0.02114835001,-1.14215198071908,1761.0
kreis_03154,dep_hour_share_home_8,0.019784564208399733,0.04138234612,-2.159778191160027,1761.0
kreis_03154,dep_hour_share_home_9,0.030408317876642544,0.02587608931,0.45322285666425444,1761.0
kreis_03154,dep_hour_share_leisure_10,0.04551430688690747,0.07536460558,-2.9850298693092525,1761.0
kreis_03154,dep_hour_share_leisure_11,0.0401835871202161,0.04516560624,-0.49820191197839025,1761.0
kreis_03154,dep_hour_share_leisure_12,0.04945856142280018,0.04981854766,-0.0359986237199815,1761.0
kreis_03154,dep_hour_share_leisure_13,0.05768173451581288,0.03621516808,2.146656643581288,1761.0
kreis_03154,dep_hour_share_leisure_14,0.07814404895656539,0.09255633098,-1.4412282023434613,1761.0
kreis_03154,dep_hour_share_leisure_15,0.1052040255300839,0.1058846696,-0.06806440699160948,1761.0
kreis_03154,dep_hour_share_leisure_16,0.13898118710109245,0.1550299239,-1.604873679890756,1761.0
kreis_03154,dep_hour_share_leisure_17,0.1178734491908302,0.1215240792,-0.3650630009169792,1761.0
kreis_03154,dep_hour_share_leisure_18,0.09851074510553869,0.0980332311,0.047751400553867895,1761.0
kreis_03154,dep_hour_share_leisure_19,0.06191284392704324,0.0421005409,1.9812303027043245,1761.0
kreis_03154,dep_hour_share_leisure_20,0.02923529271149571,0.008369642156,2.086565055549571,1761.0
kreis_03154,dep_hour_share_leisure_21,0.014844739798723496,0.005249754289,0.9594985509723496,1761.0
kreis_03154,dep_hour_share_leisure_22,0.010063825209762628,0.0008060443813,0.9257780828462627,1761.0
kreis_03154,dep_hour_share_leisure_23,0.0024860755862596514,0.0002329302224,0.22531453638596513,1761.0
kreis_03154,dep_hour_share_leisure_4,0.0004541868859512825,0.001727608706,-0.12734218200487177,1761.0
kreis_03154,dep_hour_share_leisure_5,0.0037291133793894773,0.003396528557,0.033258482238947715,1761.0
kreis_03154,dep_hour_share_leisure_6,0.01647025075897019,0.01623190741,0.023834334897019152,1761.0
kreis_03154,dep_hour_share_leisure_7,0.025291038175602992,0.02907391021,-0.3782872034397009,1761.0
kreis_03154,dep_hour_share_leisure_8,0.041211483756842686,0.05683768705,-1.5626203293157317,1761.0
kreis_03154,dep_hour_share_leisure_9,0.05880524944421868,0.05593859604,0.28666534042186764,1761.0
kreis_03154,dep_hour_share_other_10,0.0891740074045704,0.1168359878,-2.7661980395429593,1761.0
kreis_03154,dep_hour_share_other_11,0.08786544108259926,0.1256523253,-3.7786884217400742,1761.0
kreis_03154,dep_hour_share_other_12,0.0699923400995787,0.04594481099,2.4047529109578707,1761.0
kreis_03154,dep_hour_share_other_13,0.07755649176560704,0.1219334212,-4.437692943439296,1761.0
kreis_03154,dep_hour_share_other_14,0.08808885484488702,0.1058910885,-1.7802233655112978,1761.0
kreis_03154,dep_hour_share_other_15,0.08170560449380825,0.08328690462,-0.15813001261917592,1761.0
kreis_03154,dep_hour_share_other_16,0.07851397931826887,0.05241096696,2.6103012358268867,1761.0
kreis_03154,dep_hour_share_other_17,0.05952380952380952,0.02649349131,3.303031821380952,1761.0
kreis_03154,dep_hour_share_other_18,0.04248053108642921,0.02205314131,2.0427389776429212,1761.0
kreis_03154,dep_hour_share_other_19,0.025756415166602833,0.02202918232,0.37272328466028337,1761.0
kreis_03154,dep_hour_share_other_20,0.01219200817056045,0.003557888283,0.863411988756045,1761.0
kreis_03154,dep_hour_share_other_21,0.00871313672922252,0.0,0.871313672922252,1761.0
kreis_03154,dep_hour_share_other_22,0.0042448614834673815,0.001193481369,0.30513801144673813,1761.0
kreis_03154,dep_hour_share_other_23,0.0018511426018128431,0.0,0.18511426018128432,1761.0
kreis_03154,dep_hour_share_other_4,0.0015319800842589046,0.0,0.15319800842589046,1761.0
kreis_03154,dep_hour_share_other_5,0.0026171326439422956,0.009020004278,-0.6402871634057704,1761.0
kreis_03154,dep_hour_share_other_6,0.015287884590833653,0.01720896226,-0.1921077669166346,1761.0
kreis_03154,dep_hour_share_other_7,0.06297076471339207,0.04298486993,1.9985894783392064,1761.0
kreis_03154,dep_hour_share_other_8,0.08633346099834036,0.07866410799,0.766935300834036,1761.0
kreis_03154,dep_hour_share_other_9,0.09772756287501595,0.1248393656,-2.711180272498405,1761.0
kreis_03154,dep_hour_share_shop_10,0.125776060435028,0.1601016876,-3.432562716497198,1761.0
kreis_03154,dep_hour_share_shop_11,0.09629661789606217,0.08107734514,1.5219272756062163,1761.0
kreis_03154,dep_hour_share_shop_12,0.07480571354144054,0.07510487905,-0.029916550855946245,1761.0
kreis_03154,dep_hour_share_shop_13,0.05787348586810229,0.06445719671,-0.6583710841897711,1761.0
kreis_03154,dep_hour_share_shop_14,0.07280857899535449,0.09063636929,-1.7827790294645514,1761.0
kreis_03154,dep_hour_share_shop_15,0.09812008856857553,0.09567766789,0.24424206785755298,1761.0
kreis_03154,dep_hour_share_shop_16,0.08709243259670907,0.122642756,-3.5550323403290935,1761.0
kreis_03154,dep_hour_share_shop_17,0.06499370468458299,0.06407174735,0.09219573345829873,1761.0
kreis_03154,dep_hour_share_shop_18,0.039551947206182436,0.03957267966,-0.002073245381756239,1761.0
kreis_03154,dep_hour_share_shop_19,0.015412668779577128,0.01306296914,0.23496996395771275,1761.0
kreis_03154,dep_hour_share_shop_20,0.004341596839317501,0.0008375024452,0.35040943941175007,1761.0
kreis_03154,dep_hour_share_shop_21,0.0013458950201884253,0.008402424389,-0.7056529368811574,1761.0
kreis_03154,dep_hour_share_shop_22,0.0006946554942908002,0.0,0.06946554942908002,1761.0
kreis_03154,dep_hour_share_shop_23,0.0004341596839317501,0.0,0.043415968393175006,1761.0
kreis_03154,dep_hour_share_shop_4,0.00017366387357270005,0.0,0.017366387357270006,1761.0
kreis_03154,dep_hour_share_shop_5,0.0011722311466157253,0.0,0.11722311466157254,1761.0
kreis_03154,dep_hour_share_shop_6,0.010029088698823426,0.01202395152,-0.1994862821176573,1761.0
kreis_03154,dep_hour_share_shop_7,0.03764164459688273,0.03905452015,-0.14128755531172682,1761.0
kreis_03154,dep_hour_share_shop_8,0.08231667607345981,0.05067274122,3.1643934853459816,1761.0
kreis_03154,dep_hour_share_shop_9,0.12686145964485737,0.0826035624,4.425789724485737,1761.0
kreis_03154,dep_hour_share_work_10,0.0341014091014091,0.02821033718,0.5891071921409103,1761.0
kreis_03154,dep_hour_share_work_11,0.02896165396165396,0.03649074971,-0.7529095748346037,1761.0
kreis_03154,dep_hour_share_work_12,0.030636405636405635,0.0691151671,-3.8478761463594364,1761.0
kreis_03154,dep_hour_share_work_13,0.0405982905982906,0.0547943844,-1.41960938017094,1761.0
kreis_03154,dep_hour_share_work_14,0.020125895125895125,0.01071592853,0.9409966595895125,1761.0
kreis_03154,dep_hour_share_work_15,0.020674520674520674,0.00778838231,1.2886138364520674,1761.0
kreis_03154,dep_hour_share_work_16,0.012243012243012243,0.007751212765,0.4491799478012243,1761.0
kreis_03154,dep_hour_share_work_17,0.007940632940632941,0.001631617885,0.630901505563294,1761.0
kreis_03154,dep_hour_share_work_18,0.004215754215754216,0.0004865293025,0.3729224913254216,1761.0
kreis_03154,dep_hour_share_work_19,0.0030896280896280898,0.0,0.308962808962809,1761.0
kreis_03154,dep_hour_share_work_20,0.004215754215754216,0.0211683322,-1.6952577984245785,1761.0
kreis_03154,dep_hour_share_work_21,0.004937629937629938,0.01350213162,-0.8564501682370061,1761.0
kreis_03154,dep_hour_share_work_22,0.0003465003465003465,0.0002381207411,0.01083796054003465,1761.0
kreis_03154,dep_hour_share_work_23,0.0007507507507507507,0.0,0.07507507507507508,1761.0
kreis_03154,dep_hour_share_work_4,0.02769115269115269,0.02197396525,0.5717187441152689,1761.0
kreis_03154,dep_hour_share_work_5,0.1241048741048741,0.08869688724,3.5407986864874106,1761.0
kreis_03154,dep_hour_share_work_6,0.21927696927696927,0.1780825382,4.1194431076969265,1761.0
kreis_03154,dep_hour_share_work_7,0.234003234003234,0.3047986337,-7.079539969676599,1761.0
kreis_03154,dep_hour_share_work_8,0.12453799953799954,0.1070376473,1.7500352237999548,1761.0
kreis_03154,dep_hour_share_work_9,0.045997920997921,0.0328678353,1.3130085697921,1761.0
kreis_03154,mean_work_activity_h,5.655479781926063,6.355170737,-0.6996909550739367,1761.0
kreis_03154,mobility_rate,0.838028479964676,0.8422844969,-0.42560169353239585,1761.0
kreis_03154,n_persons_unweighted,90590.0,1761.0,88829.0,1761.0
kreis_03154,n_persons_weighted,90590.0,55924.0,34666.0,1761.0
kreis_03154,n_work_activities_measured,34606.0,607.0,33999.0,1761.0
kreis_03154,nonhome_acts_per_mobile,2.141918147450505,2.168146457,-0.026228309549495066,1761.0
kreis_03154,participation_education,0.14904514847113368,0.1566083895,-0.7563241028866324,1761.0
kreis_03154,participation_escort,0.10363174743349156,0.1066033005,-0.29715530665084394,1761.0
kreis_03154,participation_home,0.838028479964676,0.8384272405,-0.039876053532394984,1761.0
kreis_03154,participation_leisure,0.36038194061154655,0.3832723827,-2.2890442088453478,1761.0
kreis_03154,participation_other,0.2531957169665526,0.1766926064,7.650311056655257,1761.0
kreis_03154,participation_shop,0.21357765757809913,0.2917111385,-7.81334809219009,1761.0
kreis_03154,participation_work,0.3005077823159289,0.3214259891,-2.091820678407108,1761.0
kreis_03154,purpose_share_education,0.062084377083746325,0.05299640443,0.9087972653746328,1761.0
kreis_03154,purpose_share_escort,0.05245363946007317,0.04975880244,0.2694837020073171,1761.0
kreis_03154,purpose_share_home,0.41390906305754294,0.4269593928,-1.3050329742457067,1761.0
kreis_03154,purpose_share_leisure,0.15077943376164646,0.1623001646,-1.1520730838353532,1761.0
kreis_03154,purpose_share_other,0.11293049072789202,0.06896078783,4.396970289789202,1761.0
kreis_03154,purpose_share_shop,0.0830182558705329,0.1179408427,-3.4922586829467113,1761.0
kreis_03154,purpose_share_work,0.1248247400385662,0.1210836052,0.3741134838566196,1761.0
kreis_03154,share_mobile_first_from_home,1.0,0.971415874,2.8584126000000043,1761.0
kreis_03154,share_mobile_last_to_home,1.0,0.9801030915,1.9896908500000032,1761.0
kreis_03154,share_mobile_odd_trip_count,0.2996298589248785,0.2300324463,6.959741262487848,1761.0
kreis_03154,share_trips_0,0.16197152003532397,0.1577155031,0.42560169353239863,1761.0
kreis_03154,share_trips_1,0.0008830996798763661,0.006616003335,-0.5732903655123633,1761.0
kreis_03154,share_trips_2,0.3148029583839276,0.3086377183,0.6165240083927603,1761.0
kreis_03154,share_trips_3,0.12466055856054752,0.08493575231,3.9724806250547515,1761.0
kreis_03154,share_trips_4,0.1864885748978916,0.2289717101,-4.248313520210839,1761.0
kreis_03154,share_trips_5,0.08875151782757479,0.05452956044,3.422195738757479,1761.0
kreis_03154,share_trips_6,0.05890274864775361,0.07674607943,-1.784333078224639,1761.0
kreis_03154,share_trips_7,0.025146263384479523,0.03869570917,-1.354944578552048,1761.0
kreis_03154,share_trips_8plus,0.03839275858262502,0.04315196375,-0.47592051673749847,1761.0
kreis_03154,share_trips_followed_by_same_purpose,0.10801420101281335,0.04074375061,6.727045040281335,1761.0
kreis_03154,share_trips_home_based,0.803845807277118,0.8514306391,-4.758483182288209,1761.0
kreis_03154,share_trips_unknown_purpose,0.0,0.0002245328896,-0.02245328896,1761.0
kreis_03154,share_work_activities_lt_2h,0.20406865861411316,0.1041750996,9.989355901411317,1761.0
kreis_03154,tours_per_mobile,1.5126651474636774,1.614803253,-0.10213810553632263,1761.0
kreis_03154,trips_per_mobile_person,3.6545832949141825,3.78294971,-0.12836641508581748,1761.0
kreis_03154,trips_per_person,3.0626448835412297,3.186319893,-0.12367500945877019,1761.0
kreis_03154,trips_per_person_education,0.19014239982338008,0.1688255823,0.021316817523380077,1761.0
kreis_03154,trips_per_person_escort,0.16064687051550944,0.158511863,0.002135007515509435,1761.0
kreis_03154,trips_per_person_home,1.267656474224528,1.360123746,-0.09246727177547198,1761.0
kreis_03154,trips_per_person_leisure,0.46178386135335026,0.5170241282,-0.05524026684664973,1761.0
kreis_03154,trips_per_person_other,0.3458659896235788,0.2196817933,0.12618419632357877,1761.0
kreis_03154,trips_per_person_shop,0.25425543658240424,0.3757128743,-0.12145743771759576,1761.0
kreis_03154,trips_per_person_work,0.3822938514184789,0.3857244727,-0.003430621281521107,1761.0
kreis_03157,dep_hour_share_all_10,0.04415458447640625,0.05040664724,-0.6252062763593746,2446.0
kreis_03157,dep_hour_share_all_11,0.04572291671190702,0.04791158955,-0.21886728380929796,2446.0
kreis_03157,dep_hour_share_all_12,0.059396360986649875,0.06730605092,-0.7909689933350124,2446.0
kreis_03157,dep_hour_share_all_13,0.06885461077613143,0.07105049827,-0.21958874938685646,2446.0
kreis_03157,dep_hour_share_all_14,0.0752196268334407,0.07151439576,0.3705231073440701,2446.0
kreis_03157,dep_hour_share_all_15,0.08957107319768466,0.09135650668,-0.17854334823153434,2446.0
kreis_03157,dep_hour_share_all_16,0.08856251492931647,0.09790233586,-0.9339820930683529,2446.0
kreis_03157,dep_hour_share_all_17,0.07723674337017708,0.09156566576,-1.4328922389822918,2446.0
kreis_03157,dep_hour_share_all_18,0.06086335483154905,0.06794690332,-0.7083548488450948,2446.0
kreis_03157,dep_hour_share_all_19,0.03930723145929695,0.03182552229,0.7481709169296955,2446.0
kreis_03157,dep_hour_share_all_20,0.027884947147203663,0.02120330303,0.6681644117203664,2446.0
kreis_03157,dep_hour_share_all_21,0.017558082581137065,0.0145336647,0.3024417881137064,2446.0
kreis_03157,dep_hour_share_all_22,0.013779608302992137,0.01135253815,0.24270701529921362,2446.0
kreis_03157,dep_hour_share_all_23,0.006618362033813243,0.0009784164261,0.5639945607713243,2446.0
kreis_03157,dep_hour_share_all_4,0.003961848508757326,0.002440058689,0.15217898197573257,2446.0
kreis_03157,dep_hour_share_all_5,0.017529128755250898,0.01403795215,0.34911766052508986,2446.0
kreis_03157,dep_hour_share_all_6,0.05056303127254477,0.03448410281,1.6078928462544773,2446.0
kreis_03157,dep_hour_share_all_7,0.09619184805032174,0.113090005,-1.689815694967825,2446.0
kreis_03157,dep_hour_share_all_8,0.058542223123007914,0.05639258685,0.21496362730079113,2446.0
kreis_03157,dep_hour_share_all_9,0.04740465143212861,0.04168325467,0.5721396762128607,2446.0
kreis_03157,dep_hour_share_education_10,0.01718081180811808,0.009375466,0.7805345808118079,2446.0
kreis_03157,dep_hour_share_education_11,0.02491512915129151,0.01515107299,0.9764056161291511,2446.0
kreis_03157,dep_hour_share_education_12,0.028693726937269372,0.01130645617,1.7387270767269374,2446.0
kreis_03157,dep_hour_share_education_13,0.034833948339483396,0.01753060144,1.7303346899483394,2446.0
kreis_03157,dep_hour_share_education_14,0.02647970479704797,0.01131181449,1.5167890307047969,2446.0
kreis_03157,dep_hour_share_education_15,0.03424354243542435,0.008302381617,2.594116081842435,2446.0
kreis_03157,dep_hour_share_education_16,0.018627306273062732,0.01153476899,0.7092537283062732,2446.0
kreis_03157,dep_hour_share_education_17,0.008501845018450185,0.01531026961,-0.6808424591549814,2446.0
kreis_03157,dep_hour_share_education_18,0.006642066420664207,0.006235166339,0.04069000816642066,2446.0
kreis_03157,dep_hour_share_education_19,0.008118081180811807,0.0,0.8118081180811807,2446.0
kreis_03157,dep_hour_share_education_20,0.00044280442804428045,0.001051387468,-0.06085830399557196,2446.0
kreis_03157,dep_hour_share_education_21,0.00035424354243542434,0.003428040294,-0.30737967515645753,2446.0
kreis_03157,dep_hour_share_education_22,5.904059040590406e-05,0.0,0.005904059040590406,2446.0
kreis_03157,dep_hour_share_education_23,5.904059040590406e-05,0.0,0.005904059040590406,2446.0
kreis_03157,dep_hour_share_education_4,0.0006494464944649446,0.0,0.06494464944649446,2446.0
kreis_03157,dep_hour_share_education_5,0.004634686346863468,0.0,0.46346863468634686,2446.0
kreis_03157,dep_hour_share_education_6,0.18432472324723248,0.08624550358,9.80792196672325,2446.0
kreis_03157,dep_hour_share_education_7,0.460309963099631,0.6836874772,-22.337751410036898,2446.0
kreis_03157,dep_hour_share_education_8,0.1067749077490775,0.1016171904,0.5157717349077495,2446.0
kreis_03157,dep_hour_share_education_9,0.033210332103321034,0.01791240341,1.5297928693321035,2446.0
kreis_03157,dep_hour_share_escort_10,0.0138939011187297,0.01643404262,-0.2540141501270299,2446.0
kreis_03157,dep_hour_share_escort_11,0.03153193792854565,0.0275608171,0.3971120828545654,2446.0
kreis_03157,dep_hour_share_escort_12,0.06220678455431252,0.05907865898,0.31281255743125236,2446.0
kreis_03157,dep_hour_share_escort_13,0.07461205341032118,0.1144842184,-3.9872164989678827,2446.0
kreis_03157,dep_hour_share_escort_14,0.1418260555756045,0.1086685359,3.3157519675604483,2446.0
kreis_03157,dep_hour_share_escort_15,0.1121436304583183,0.1051370628,0.7006567658318295,2446.0
kreis_03157,dep_hour_share_escort_16,0.07785997834716708,0.05356769621,2.429228213716708,2446.0
kreis_03157,dep_hour_share_escort_17,0.0566131360519668,0.06544904216,-0.8835906108033198,2446.0
kreis_03157,dep_hour_share_escort_18,0.04344099603031397,0.02445403048,1.898696555031397,2446.0
kreis_03157,dep_hour_share_escort_19,0.015292313244316132,0.01603934988,-0.07470366356838697,2446.0
kreis_03157,dep_hour_share_escort_20,0.006495849873691808,0.004554857828,0.19409920456918078,2446.0
kreis_03157,dep_hour_share_escort_21,0.005819198845182245,0.005955909995,-0.013671114981775485,2446.0
kreis_03157,dep_hour_share_escort_22,0.0031125947311439915,0.01087793846,-0.7765343728856009,2446.0
kreis_03157,dep_hour_share_escort_23,0.00202995308552869,0.0,0.202995308552869,2446.0
kreis_03157,dep_hour_share_escort_4,0.0005413208228076507,0.001677280153,-0.11359593301923493,2446.0
kreis_03157,dep_hour_share_escort_5,0.0024810537712017322,0.0,0.24810537712017322,2446.0
kreis_03157,dep_hour_share_escort_6,0.04123060267051606,0.02231280512,1.8917797550516056,2446.0
kreis_03157,dep_hour_share_escort_7,0.18107181522915916,0.2606590118,-7.958719657084084,2446.0
kreis_03157,dep_hour_share_escort_8,0.08967881631180079,0.09204885515,-0.23700388381992094,2446.0
kreis_03157,dep_hour_share_escort_9,0.032704799711295564,0.01103988698,2.1664912731295565,2446.0
kreis_03157,dep_hour_share_home_10,0.03411845202889979,0.03864134031,-0.4522888281100208,2446.0
kreis_03157,dep_hour_share_home_11,0.04796530169664498,0.04567262629,0.22926754066449825,2446.0
kreis_03157,dep_hour_share_home_12,0.07540966496190377,0.08891004988,-1.3500384918096229,2446.0
kreis_03157,dep_hour_share_home_13,0.08705307959039302,0.09304391983,-0.5990840239606985,2446.0
kreis_03157,dep_hour_share_home_14,0.08701248999756463,0.07927661311,0.7735876887564621,2446.0
kreis_03157,dep_hour_share_home_15,0.10849598163030999,0.113888281,-0.5392299369690003,2446.0
kreis_03157,dep_hour_share_home_16,0.10761460761460762,0.1149899722,-0.7375364585392383,2446.0
kreis_03157,dep_hour_share_home_17,0.09972862957937585,0.120698359,-2.0969729420624152,2446.0
kreis_03157,dep_hour_share_home_18,0.08646163123775064,0.09434014163,-0.7878510392249363,2446.0
kreis_03157,dep_hour_share_home_19,0.05842581961984947,0.04379358737,1.4632232249849468,2446.0
kreis_03157,dep_hour_share_home_20,0.05220401489058205,0.03840670697,1.379730792058205,2446.0
kreis_03157,dep_hour_share_home_21,0.033353048278421414,0.0246708772,0.8682171078421415,2446.0
kreis_03157,dep_hour_share_home_22,0.027212422734810796,0.02339576701,0.3816655724810797,2446.0
kreis_03157,dep_hour_share_home_23,0.013997611012536385,0.002119216066,1.1878394946536384,2446.0
kreis_03157,dep_hour_share_home_4,4.05895928283988e-05,0.0003567160325,-0.031612643967160126,2446.0
kreis_03157,dep_hour_share_home_5,0.0008523814493963748,0.003148970236,-0.22965887866036253,2446.0
kreis_03157,dep_hour_share_home_6,0.0023078082779575317,0.004829271289,-0.2521463011042468,2446.0
kreis_03157,dep_hour_share_home_7,0.011730392327407253,0.01461149749,-0.28811051625927464,2446.0
kreis_03157,dep_hour_share_home_8,0.020132438042885805,0.02807630003,-0.7943861987114196,2446.0
kreis_03157,dep_hour_share_home_9,0.02771689338853518,0.02642496843,0.12919249585351783,2446.0
kreis_03157,dep_hour_share_leisure_10,0.040989727675533945,0.04986634595,-0.8876618274466057,2446.0
kreis_03157,dep_hour_share_leisure_11,0.03436831012794769,0.04112018317,-0.6751873042052304,2446.0
kreis_03157,dep_hour_share_leisure_12,0.045404006040591444,0.04638918938,-0.09851833394085574,2446.0
kreis_03157,dep_hour_share_leisure_13,0.05950978277103835,0.06298794176,-0.34781589889616504,2446.0
kreis_03157,dep_hour_share_leisure_14,0.08815280704956936,0.07585839861,1.229440843956936,2446.0
kreis_03157,dep_hour_share_leisure_15,0.11153520635921606,0.1178422143,-0.630700794078394,2446.0
kreis_03157,dep_hour_share_leisure_16,0.14482483944307076,0.1507206765,-0.5895837056929254,2446.0
kreis_03157,dep_hour_share_leisure_17,0.1310675583730231,0.1236744464,0.7393111973023114,2446.0
kreis_03157,dep_hour_share_leisure_18,0.0966162730878375,0.1100027136,-1.3386440512162492,2446.0
kreis_03157,dep_hour_share_leisure_19,0.06038931943776033,0.06592465554,-0.553533610223967,2446.0
kreis_03157,dep_hour_share_leisure_20,0.023813870127283893,0.01873725732,0.5076612807283893,2446.0
kreis_03157,dep_hour_share_leisure_21,0.012562438805821537,0.01198286858,0.057957022582153656,2446.0
kreis_03157,dep_hour_share_leisure_22,0.010438274780530709,0.004309228184,0.6129046596530708,2446.0
kreis_03157,dep_hour_share_leisure_23,0.0016926932076536286,0.0004180202683,0.12746729393536285,2446.0
kreis_03157,dep_hour_share_leisure_4,0.0002489254717137689,0.0,0.02489254717137689,2446.0
kreis_03157,dep_hour_share_leisure_5,0.0027381801888514577,0.00504694818,-0.23087679911485423,2446.0
kreis_03157,dep_hour_share_leisure_6,0.01672779169916527,0.0113036418,0.5424149899165269,2446.0
kreis_03157,dep_hour_share_leisure_7,0.02553975339783269,0.02065448715,0.48852662478326875,2446.0
kreis_03157,dep_hour_share_leisure_8,0.042035214656731774,0.03447851003,0.7556704626731775,2446.0
kreis_03157,dep_hour_share_leisure_9,0.04752817006588227,0.04677948641,0.07486836558822721,2446.0
kreis_03157,dep_hour_share_other_10,0.08369113653770278,0.1521518314,-6.8460694862297204,2446.0
kreis_03157,dep_hour_share_other_11,0.07535915705433194,0.1007628704,-2.5403713345668057,2446.0
kreis_03157,dep_hour_share_other_12,0.06445099449950101,0.06561377344,-0.11627789404989874,2446.0
kreis_03157,dep_hour_share_other_13,0.07976883978926358,0.04204706984,3.772176994926358,2446.0
kreis_03157,dep_hour_share_other_14,0.07651959987931395,0.1123311418,-3.5811541920686056,2446.0
kreis_03157,dep_hour_share_other_15,0.09083946433959199,0.07287010809,1.7969356249591992,2446.0
kreis_03157,dep_hour_share_other_16,0.08403926938519739,0.1080794917,-2.4040222314802615,2446.0
kreis_03157,dep_hour_share_other_17,0.06482233620349526,0.0736993369,-0.8877000696504739,2446.0
kreis_03157,dep_hour_share_other_18,0.04138139113885859,0.01983697873,2.1544412408858586,2446.0
kreis_03157,dep_hour_share_other_19,0.0332582913639845,0.006493111688,2.67651796759845,2446.0
kreis_03157,dep_hour_share_other_20,0.013577181052289554,0.003512883071,1.0064297981289554,2446.0
kreis_03157,dep_hour_share_other_21,0.009144289460858263,0.001318428024,0.7825861436858264,2446.0
kreis_03157,dep_hour_share_other_22,0.005384454707916541,0.0,0.5384454707916541,2446.0
kreis_03157,dep_hour_share_other_23,0.002993942488453594,0.0,0.29939424884535937,2446.0
kreis_03157,dep_hour_share_other_4,0.0014621579594773365,0.0,0.14621579594773365,2446.0
kreis_03157,dep_hour_share_other_5,0.0037598347529417225,0.0,0.37598347529417225,2446.0
kreis_03157,dep_hour_share_other_6,0.018288578921716526,0.006424926355,1.1863652566716527,2446.0
kreis_03157,dep_hour_share_other_7,0.06312808967902152,0.04588633064,1.7241759039021518,2446.0
kreis_03157,dep_hour_share_other_8,0.08863462297212617,0.101739951,-1.3105328027873828,2446.0
kreis_03157,dep_hour_share_other_9,0.09039849606609883,0.08723176686,0.31667292060988256,2446.0
kreis_03157,dep_hour_share_shop_10,0.12943193581780538,0.09878747672,3.064445909780537,2446.0
kreis_03157,dep_hour_share_shop_11,0.08330098343685301,0.08513403848,-0.1833055043146986,2446.0
kreis_03157,dep_hour_share_shop_12,0.07165502070393374,0.1066141196,-3.495909889606626,2446.0
kreis_03157,dep_hour_share_shop_13,0.05777691511387163,0.05232446615,0.5452448963871634,2446.0
kreis_03157,dep_hour_share_shop_14,0.07708980331262939,0.08709761272,-1.0007809407370603,2446.0
kreis_03157,dep_hour_share_shop_15,0.10335791925465838,0.1078695233,-0.4511604045341622,2446.0
kreis_03157,dep_hour_share_shop_16,0.0921001552795031,0.1170282527,-2.4928097420496895,2446.0
kreis_03157,dep_hour_share_shop_17,0.07081392339544514,0.08633566781,-1.5521744414554868,2446.0
kreis_03157,dep_hour_share_shop_18,0.04241071428571429,0.04407355299,-0.1662838704285713,2446.0
kreis_03157,dep_hour_share_shop_19,0.012487060041407868,0.007665948329,0.48211117124078684,2446.0
kreis_03157,dep_hour_share_shop_20,0.003299689440993789,0.006720398303,-0.3420708862006211,2446.0
kreis_03157,dep_hour_share_shop_21,0.0016498447204968945,0.0,0.16498447204968944,2446.0
kreis_03157,dep_hour_share_shop_22,0.0010028467908902692,0.0,0.10028467908902693,2446.0
kreis_03157,dep_hour_share_shop_23,0.00038819875776397513,0.0,0.03881987577639751,2446.0
kreis_03157,dep_hour_share_shop_4,0.00012939958592132506,0.0,0.012939958592132506,2446.0
kreis_03157,dep_hour_share_shop_5,0.0011969461697722567,0.0,0.11969461697722568,2446.0
kreis_03157,dep_hour_share_shop_6,0.012066511387163562,0.004202694124,0.7863817263163563,2446.0
kreis_03157,dep_hour_share_shop_7,0.04351061076604555,0.02758049166,1.593011910604555,2446.0
kreis_03157,dep_hour_share_shop_8,0.07621635610766045,0.05805903282,1.8157323287660447,2446.0
kreis_03157,dep_hour_share_shop_9,0.11704192546583851,0.1105067242,0.6535201265838508,2446.0
kreis_03157,dep_hour_share_work_10,0.02803033234031029,0.03349005889,-0.5459726549689712,2446.0
kreis_03157,dep_hour_share_work_11,0.02402599914883739,0.03219821615,-0.817221700116261,2446.0
kreis_03157,dep_hour_share_work_12,0.029655279142647116,0.02400403544,0.5651243702647114,2446.0
kreis_03157,dep_hour_share_work_13,0.03638720160947112,0.04438396933,-0.7996767720528881,2446.0
kreis_03157,dep_hour_share_work_14,0.02197547104112663,0.01752233201,0.44531390311266306,2446.0
kreis_03157,dep_hour_share_work_15,0.0181065500831818,0.01002949914,0.80770509431818,2446.0
kreis_03157,dep_hour_share_work_16,0.011490695245096143,0.01039100778,0.10996874650961441,2446.0
kreis_03157,dep_hour_share_work_17,0.007525051263202693,0.0112437194,-0.3718668136797307,2446.0
kreis_03157,dep_hour_share_work_18,0.004062367005842071,0.01378795032,-0.972558331415793,2446.0
kreis_03157,dep_hour_share_work_19,0.002766278484930553,0.0,0.2766278484930553,2446.0
kreis_03157,dep_hour_share_work_20,0.005281077107594692,0.002694522053,0.2586555054594692,2446.0
kreis_03157,dep_hour_share_work_21,0.0035207180717297944,0.01089474319,-0.7374025118270205,2446.0
kreis_03157,dep_hour_share_work_22,0.001063953263434828,0.0,0.10639532634348281,2446.0
kreis_03157,dep_hour_share_work_23,0.0007544395867992417,0.0,0.07544395867992416,2446.0
kreis_03157,dep_hour_share_work_4,0.029384454675590976,0.01818388768,1.1200566995590977,2446.0
kreis_03157,dep_hour_share_work_5,0.12655240453437536,0.09817122256,2.8381181974375362,2446.0
kreis_03157,dep_hour_share_work_6,0.2172592563933919,0.1898237086,2.7435547793391883,2446.0
kreis_03157,dep_hour_share_work_7,0.24438039230858513,0.3243751272,-7.999473489141487,2446.0
kreis_03157,dep_hour_share_work_8,0.12531434982783302,0.119425894,0.5888455827833011,2446.0
kreis_03157,dep_hour_share_work_9,0.05106975664487175,0.03607658411,1.499317253487175,2446.0
kreis_03157,mean_work_activity_h,5.747335617366393,6.415477383,-0.6681417656336066,2446.0
kreis_03157,mobility_rate,0.8285113522305173,0.8212402024,0.7271149830517354,2446.0
kreis_03157,n_persons_unweighted,136493.0,2446.0,134047.0,2446.0
kreis_03157,n_persons_weighted,136493.0,104172.0,32321.0,2446.0
kreis_03157,n_work_activities_measured,51663.0,871.0,50792.0,2446.0
kreis_03157,nonhome_acts_per_mobile,2.1399200608386537,2.155588382,-0.0156683211613462,2446.0
kreis_03157,participation_education,0.19149699984614596,0.1901311055,0.13658943461459516,2446.0
kreis_03157,participation_escort,0.10275984849039878,0.1063565594,-0.3596710909601217,2446.0
kreis_03157,participation_home,0.8285113522305173,0.8137540321,1.4757320130517337,2446.0
kreis_03157,participation_leisure,0.34894829771490116,0.3722657309,-2.3317433185098824,2446.0
kreis_03157,participation_other,0.2313891554878272,0.1664957087,6.489344678782722,2446.0
kreis_03157,participation_shop,0.192713179430447,0.2322507851,-3.9537605669553,2446.0
kreis_03157,participation_work,0.303107119046398,0.3164269236,-1.3319804553602044,2446.0
kreis_03157,purpose_share_education,0.08173423765782852,0.06415113977,1.7583097887828512,2446.0
kreis_03157,purpose_share_escort,0.053487367687047746,0.05521754869,-0.17301810029522538,2446.0
kreis_03157,purpose_share_home,0.4161099087230639,0.430629673,-1.4519764276936076,2446.0
kreis_03157,purpose_share_leisure,0.14539404950621662,0.1663083762,-2.0914326693783374,2446.0
kreis_03157,purpose_share_other,0.10396112466311017,0.07017784179,3.3783282873110165,2446.0
kreis_03157,purpose_share_shop,0.07458505548276885,0.09305182129,-1.8466765807231154,2446.0
kreis_03157,purpose_share_work,0.1247282562799642,0.1204635993,0.42646569799641987,2446.0
kreis_03157,share_mobile_first_from_home,1.0,0.9810117436,1.8988256400000014,2446.0
kreis_03157,share_mobile_last_to_home,1.0,0.9814461412,1.8553858800000045,2446.0
kreis_03157,share_mobile_odd_trip_count,0.2821127283660223,0.2207371556,6.137557276602229,2446.0
kreis_03157,share_trips_0,0.1714886477694827,0.1787597976,-0.7271149830517298,2446.0
kreis_03157,share_trips_1,0.0009084714967067908,0.008836270712,-0.792779921529321,2446.0
kreis_03157,share_trips_2,0.32810473797191064,0.3141973457,1.3907392271910624,2446.0
kreis_03157,share_trips_3,0.10908251705215652,0.06668096858,4.240154847215652,2446.0
kreis_03157,share_trips_4,0.17172309202669733,0.2130226015,-4.129950947330266,2446.0
kreis_03157,share_trips_5,0.08736711772764903,0.06327543051,2.409168721764904,2446.0
kreis_03157,share_trips_6,0.06521213542086407,0.08170331607,-1.6491180649135933,2446.0
kreis_03157,share_trips_7,0.02655081212955976,0.02678843864,-0.02376265104402399,2446.0
kreis_03157,share_trips_8plus,0.03956246840497315,0.04673583062,-0.7173362215026853,2446.0
kreis_03157,share_trips_followed_by_same_purpose,0.09981107628609276,0.04319098711,5.662008917609276,2446.0
kreis_03157,share_trips_home_based,0.810516512125621,0.8605857712,-5.006925907437898,2446.0
kreis_03157,share_trips_unknown_purpose,0.0,0.0006487918246,-0.06487918245999999,2446.0
kreis_03157,share_work_activities_lt_2h,0.19091032266806032,0.1186540761,7.225624656806032,2446.0
kreis_03157,tours_per_mobile,1.5250163592310277,1.628471052,-0.10345469276897235,2446.0
kreis_03157,trips_per_mobile_person,3.6649364200696817,3.784059434,-0.11912301393031832,2446.0
kreis_03157,trips_per_person,3.036441429230803,3.107621736,-0.07118030676919718,2446.0
kreis_03157,trips_per_person_education,0.24818122541082693,0.1992281348,0.04895309061082692,2446.0
kreis_03157,trips_per_person_escort,0.16241125918545274,0.1714839249,-0.009072665714547262,2446.0
kreis_03157,trips_per_person_home,1.263493365960159,1.337365896,-0.07387253003984107,2446.0
kreis_03157,trips_per_person_leisure,0.44148051548431055,0.5164882138,-0.07500769831568943,2446.0
kreis_03157,trips_per_person_other,0.31567186595649593,0.217944694,0.09772717195649594,2446.0
kreis_03157,trips_per_person_shop,0.2264731524693574,0.2889822513,-0.0625090988306426,2446.0
kreis_03157,trips_per_person_work,0.37873004476420036,0.3741124209,0.0046176238642003375,2446.0
kreis_03158,dep_hour_share_all_10,0.04490183814869266,0.05515405448,-1.0252216331307338,1871.0
kreis_03158,dep_hour_share_all_11,0.04815900839066549,0.05128257631,-0.3123567919334512,1871.0
kreis_03158,dep_hour_share_all_12,0.060045107611164814,0.05721300189,0.2832105721164817,1871.0
kreis_03158,dep_hour_share_all_13,0.0655332905542063,0.07577047958,-1.0237189025793694,1871.0
kreis_03158,dep_hour_share_all_14,0.07296819453131134,0.06910079288,0.38674016513113446,1871.0
kreis_03158,dep_hour_share_all_15,0.08831994454958723,0.0945681824,-0.6248237850412772,1871.0
kreis_03158,dep_hour_share_all_16,0.09027208066302232,0.09813400199,-0.7861921326977674,1871.0
kreis_03158,dep_hour_share_all_17,0.07791216199751448,0.07468157096,0.32305910375144825,1871.0
kreis_03158,dep_hour_share_all_18,0.06441236912430044,0.06272519837,0.16871707543004433,1871.0
kreis_03158,dep_hour_share_all_19,0.04005804965086276,0.0362048663,0.3853183350862759,1871.0
kreis_03158,dep_hour_share_all_20,0.027069981778257916,0.02188639743,0.5183584348257917,1871.0
kreis_03158,dep_hour_share_all_21,0.019567389309008795,0.01357014316,0.5997246149008796,1871.0
kreis_03158,dep_hour_share_all_22,0.013678490492474393,0.006890193345,0.6788297147474393,1871.0
kreis_03158,dep_hour_share_all_23,0.006942131754296189,0.004613050967,0.2329080787296189,1871.0
kreis_03158,dep_hour_share_all_4,0.0038826119093840618,0.003629293392,0.025331851738406158,1871.0
kreis_03158,dep_hour_share_all_5,0.016188379781176643,0.01126620152,0.4922178261176644,1871.0
kreis_03158,dep_hour_share_all_6,0.04988912624986801,0.0406541143,0.9235011949868005,1871.0
kreis_03158,dep_hour_share_all_7,0.09015836399622028,0.1039640148,-1.3805650803779725,1871.0
kreis_03158,dep_hour_share_all_8,0.05817419768830261,0.06412901048,-0.5954812791697385,1871.0
kreis_03158,dep_hour_share_all_9,0.05067972783811079,0.05243075416,-0.17510263218892125,1871.0
kreis_03158,dep_hour_share_education_10,0.018102883355176933,0.002660874358,1.5442008997176933,1871.0
kreis_03158,dep_hour_share_education_11,0.032560615989515075,0.00987711508,2.2683500909515075,1871.0
kreis_03158,dep_hour_share_education_12,0.022976736566186106,0.00972202424,1.3254712326186107,1871.0
kreis_03158,dep_hour_share_education_13,0.02522935779816514,0.03807245213,-1.2843094331834857,1871.0
kreis_03158,dep_hour_share_education_14,0.021461336828309304,0.009916532512,1.1544804316309305,1871.0
kreis_03158,dep_hour_share_education_15,0.035099934469200525,0.02757460069,0.7525333779200526,1871.0
kreis_03158,dep_hour_share_education_16,0.015645478374836173,0.01405167733,0.15938010448361736,1871.0
kreis_03158,dep_hour_share_education_17,0.008682830930537353,0.004867861149,0.3814969781537353,1871.0
kreis_03158,dep_hour_share_education_18,0.004218545216251638,0.0,0.4218545216251638,1871.0
kreis_03158,dep_hour_share_education_19,0.006921690694626475,0.0,0.6921690694626474,1871.0
kreis_03158,dep_hour_share_education_20,0.00045052424639580605,0.0,0.045052424639580604,1871.0
kreis_03158,dep_hour_share_education_21,8.1913499344692e-05,0.0,0.0081913499344692,1871.0
kreis_03158,dep_hour_share_education_22,4.0956749672346e-05,0.0,0.0040956749672346,1871.0
kreis_03158,dep_hour_share_education_23,0.000163826998689384,0.0,0.0163826998689384,1871.0
kreis_03158,dep_hour_share_education_4,0.000368610747051114,0.0,0.0368610747051114,1871.0
kreis_03158,dep_hour_share_education_5,0.0027031454783748364,0.0,0.27031454783748365,1871.0
kreis_03158,dep_hour_share_education_6,0.17889908256880735,0.08214585943,9.675322313880736,1871.0
kreis_03158,dep_hour_share_education_7,0.47161697247706424,0.6373170409,-16.570006842293573,1871.0
kreis_03158,dep_hour_share_education_8,0.11668577981651376,0.110496553,0.6189226816513765,1871.0
kreis_03158,dep_hour_share_education_9,0.03677916120576671,0.05329740919,-1.6518247984233292,1871.0
kreis_03158,dep_hour_share_escort_10,0.016102647991002965,0.02741296507,-1.1310317078997034,1871.0
kreis_03158,dep_hour_share_escort_11,0.034198957161844394,0.02080495752,1.3393999641844394,1871.0
kreis_03158,dep_hour_share_escort_12,0.05249974440241284,0.05321798475,-0.07182403475871624,1871.0
kreis_03158,dep_hour_share_escort_13,0.07356098558429608,0.09225923392,-1.8698248335703924,1871.0
kreis_03158,dep_hour_share_escort_14,0.1420611389428484,0.102593244,3.9467894942848387,1871.0
kreis_03158,dep_hour_share_escort_15,0.12754319599222982,0.1687602819,-4.121708590777018,1871.0
kreis_03158,dep_hour_share_escort_16,0.0985584296084245,0.04451623652,5.404219308842449,1871.0
kreis_03158,dep_hour_share_escort_17,0.058020652285042426,0.03453654203,2.3484110255042427,1871.0
kreis_03158,dep_hour_share_escort_18,0.0370616501380227,0.03517520488,0.1886445258022701,1871.0
kreis_03158,dep_hour_share_escort_19,0.018658623862590738,0.007376827986,1.128179587659074,1871.0
kreis_03158,dep_hour_share_escort_20,0.00628770064410592,0.002614832101,0.367286854310592,1871.0
kreis_03158,dep_hour_share_escort_21,0.008945915550557203,0.0,0.8945915550557203,1871.0
kreis_03158,dep_hour_share_escort_22,0.0020447806972702176,0.001096139809,0.09486408882702177,1871.0
kreis_03158,dep_hour_share_escort_23,0.0011757489009303751,0.0,0.11757489009303751,1871.0
kreis_03158,dep_hour_share_escort_4,0.0015847050403844187,0.0,0.15847050403844187,1871.0
kreis_03158,dep_hour_share_escort_5,0.0015335855229526632,0.0,0.15335855229526632,1871.0
kreis_03158,dep_hour_share_escort_6,0.04207136284633473,0.03150092254,1.0570440306334736,1871.0
kreis_03158,dep_hour_share_escort_7,0.16997239546058684,0.2425382786,-7.2565883139413145,1871.0
kreis_03158,dep_hour_share_escort_8,0.07770166649626828,0.1043624275,-2.6660761003731714,1871.0
kreis_03158,dep_hour_share_escort_9,0.02704222472139863,0.03123392086,-0.4191696138601372,1871.0
kreis_03158,dep_hour_share_home_10,0.032354184964705116,0.04367232834,-1.1318143375294882,1871.0
kreis_03158,dep_hour_share_home_11,0.048040076770436875,0.05756872897,-0.9528652199563121,1871.0
kreis_03158,dep_hour_share_home_12,0.07537815946130574,0.07114544741,0.4232712051305737,1871.0
kreis_03158,dep_hour_share_home_13,0.08270388081064377,0.08939421248,-0.6690331669356231,1871.0
kreis_03158,dep_hour_share_home_14,0.08167593767281481,0.08751906609,-0.5843128417185193,1871.0
kreis_03158,dep_hour_share_home_15,0.10505188510458345,0.1153993244,-1.0347439295416552,1871.0
kreis_03158,dep_hour_share_home_16,0.11238411242314823,0.1205004999,-0.811638747685177,1871.0
kreis_03158,dep_hour_share_home_17,0.10156468559903711,0.0867880434,1.4776642199037113,1871.0
kreis_03158,dep_hour_share_home_18,0.09239126898929768,0.09740646199,-0.5015193000702314,1871.0
kreis_03158,dep_hour_share_home_19,0.06111707491623564,0.05202318318,0.9093891736235642,1871.0
kreis_03158,dep_hour_share_home_20,0.049887772030838294,0.03821740242,1.1670369610838296,1871.0
kreis_03158,dep_hour_share_home_21,0.03772811554601347,0.02671837785,1.100973769601347,1871.0
kreis_03158,dep_hour_share_home_22,0.02752024982921831,0.01568993182,1.183031800921831,1871.0
kreis_03158,dep_hour_share_home_23,0.014618912852542208,0.00638792609,0.823098676254221,1871.0
kreis_03158,dep_hour_share_home_4,3.903581536059334e-05,0.0007734310221,-0.07343952067394066,1871.0
kreis_03158,dep_hour_share_home_5,0.0006896327380371491,0.00563800055,-0.49483678119628516,1871.0
kreis_03158,dep_hour_share_home_6,0.0015484206759702026,0.007895271508,-0.6346850832029798,1871.0
kreis_03158,dep_hour_share_home_7,0.00928401808659445,0.01212239825,-0.28383801634055494,1871.0
kreis_03158,dep_hour_share_home_8,0.017364431866237273,0.03462856587,-1.726413400376273,1871.0
kreis_03158,dep_hour_share_home_9,0.030623597150385477,0.02767257553,0.2951021620385477,1871.0
kreis_03158,dep_hour_share_leisure_10,0.04576750184928779,0.04393411535,0.1833386499287791,1871.0
kreis_03158,dep_hour_share_leisure_11,0.029948978624129888,0.03413978358,-0.41908049558701116,1871.0
kreis_03158,dep_hour_share_leisure_12,0.04119644178062705,0.0515817975,-1.0385355719372948,1871.0
kreis_03158,dep_hour_share_leisure_13,0.04823321889877283,0.06887164928,-2.0638430381227173,1871.0
kreis_03158,dep_hour_share_leisure_14,0.08229804829012007,0.05625050905,2.6047539240120066,1871.0
kreis_03158,dep_hour_share_leisure_15,0.10727765870682625,0.1167850565,-0.950739779317375,1871.0
kreis_03158,dep_hour_share_leisure_16,0.1416269939115756,0.1247820193,1.6844974611575594,1871.0
kreis_03158,dep_hour_share_leisure_17,0.1383077594218842,0.1476739585,-0.9366199078115811,1871.0
kreis_03158,dep_hour_share_leisure_18,0.1069362517307437,0.0844457048,2.2490546930743704,1871.0
kreis_03158,dep_hour_share_leisure_19,0.06004969368207424,0.06485958293,-0.4809889247925768,1871.0
kreis_03158,dep_hour_share_leisure_20,0.02460026933217002,0.0308634367,-0.6263167367829978,1871.0
kreis_03158,dep_hour_share_leisure_21,0.013182102687631585,0.01105487573,0.21272269576315844,1871.0
kreis_03158,dep_hour_share_leisure_22,0.01012840695711549,0.0005575326329,0.9570874324215491,1871.0
kreis_03158,dep_hour_share_leisure_23,0.0018398042600003793,0.003073118089,-0.1233313828999621,1871.0
kreis_03158,dep_hour_share_leisure_4,0.00030347286762892855,0.004135896466,-0.38324235983710714,1871.0
kreis_03158,dep_hour_share_leisure_5,0.0029588604593820535,0.005569946358,-0.2611085898617947,1871.0
kreis_03158,dep_hour_share_leisure_6,0.01824630616618933,0.01499059211,0.32557140561893305,1871.0
kreis_03158,dep_hour_share_leisure_7,0.02452440111526279,0.02605144068,-0.15270395647372093,1871.0
kreis_03158,dep_hour_share_leisure_8,0.04464844564990611,0.05167739811,-0.7028952460093891,1871.0
kreis_03158,dep_hour_share_leisure_9,0.05270944369629953,0.05842583073,-0.5716387033700476,1871.0
kreis_03158,dep_hour_share_other_10,0.08761190603718724,0.1599726669,-7.236076086281276,1871.0
kreis_03158,dep_hour_share_other_11,0.08585201622159308,0.07557085747,1.0281158751593078,1871.0
kreis_03158,dep_hour_share_other_12,0.06649322825005739,0.03858206384,2.791116441005739,1871.0
kreis_03158,dep_hour_share_other_13,0.0792970642997424,0.07530674409,0.39903202097423957,1871.0
kreis_03158,dep_hour_share_other_14,0.08664269135613538,0.08053868999,0.6104001366135383,1871.0
kreis_03158,dep_hour_share_other_15,0.08830055857372408,0.0852189803,0.30815782737240865,1871.0
kreis_03158,dep_hour_share_other_16,0.08993292014181141,0.09817349272,-0.8240572578188596,1871.0
kreis_03158,dep_hour_share_other_17,0.06039737801923126,0.04801915574,1.2378222279231257,1871.0
kreis_03158,dep_hour_share_other_18,0.03999285841813962,0.01484022095,2.515263746813962,1871.0
kreis_03158,dep_hour_share_other_19,0.0289234065345474,0.0009990018478,2.7924404686747404,1871.0
kreis_03158,dep_hour_share_other_20,0.012931364297191827,0.000445981966,1.2485382331191828,1871.0
kreis_03158,dep_hour_share_other_21,0.007218098808886168,0.003042066317,0.41760324918861685,1871.0
kreis_03158,dep_hour_share_other_22,0.004208432167725151,0.0,0.4208432167725151,1871.0
kreis_03158,dep_hour_share_other_23,0.004004386971714235,0.0,0.40043869717142344,1871.0
kreis_03158,dep_hour_share_other_4,0.0015813502690846023,0.0,0.15813502690846024,1871.0
kreis_03158,dep_hour_share_other_5,0.0012752824750682276,0.002421446838,-0.11461643629317723,1871.0
kreis_03158,dep_hour_share_other_6,0.018593618486494757,0.01059897521,0.7994643276494757,1871.0
kreis_03158,dep_hour_share_other_7,0.061545132246792665,0.07230242952,-1.0757297273207338,1871.0
kreis_03158,dep_hour_share_other_8,0.07638942025658683,0.1147094796,-3.8320059343413164,1871.0
kreis_03158,dep_hour_share_other_9,0.09281505853546561,0.1192577466,-2.64426880645344,1871.0
kreis_03158,dep_hour_share_shop_10,0.11364861223389922,0.1219647016,-0.8316089366100787,1871.0
kreis_03158,dep_hour_share_shop_11,0.09081110212880625,0.1097824358,-1.8971333671193746,1871.0
kreis_03158,dep_hour_share_shop_12,0.08791430881164107,0.06949173784,1.8422570971641072,1871.0
kreis_03158,dep_hour_share_shop_13,0.06100107787658313,0.08454214989,-2.354107201341687,1871.0
kreis_03158,dep_hour_share_shop_14,0.07666397197520884,0.06957981999,0.7084151985208842,1871.0
kreis_03158,dep_hour_share_shop_15,0.10367825383993533,0.07121066525,3.246758858993533,1871.0
kreis_03158,dep_hour_share_shop_16,0.07582188089463757,0.1397555875,-6.3933706605362435,1871.0
kreis_03158,dep_hour_share_shop_17,0.05968741579089194,0.07355867656,-1.3871260769108051,1871.0
kreis_03158,dep_hour_share_shop_18,0.043350848827809214,0.04277831041,0.05725384178092152,1871.0
kreis_03158,dep_hour_share_shop_19,0.015123955807060092,0.03085819852,-1.573424271293991,1871.0
kreis_03158,dep_hour_share_shop_20,0.00444624090541633,0.006191894785,-0.17456538795836696,1871.0
kreis_03158,dep_hour_share_shop_21,0.002088385879816761,0.0,0.2088385879816761,1871.0
kreis_03158,dep_hour_share_shop_22,0.0014820803018054433,0.0,0.14820803018054432,1871.0
kreis_03158,dep_hour_share_shop_23,0.0005389382915656157,0.0,0.05389382915656157,1871.0
kreis_03158,dep_hour_share_shop_4,6.736728644570196e-05,0.0,0.006736728644570197,1871.0
kreis_03158,dep_hour_share_shop_5,0.0005726219347884667,0.0,0.057262193478846674,1871.0
kreis_03158,dep_hour_share_shop_6,0.011822958771220695,0.008862747522,0.2960211249220695,1871.0
kreis_03158,dep_hour_share_shop_7,0.04284559417946645,0.03514281976,0.770277441946645,1871.0
kreis_03158,dep_hour_share_shop_8,0.08902586903799516,0.0437058696,4.531999943799516,1871.0
kreis_03158,dep_hour_share_shop_9,0.11772433306386419,0.0925743851,2.5149947963864188,1871.0
kreis_03158,dep_hour_share_work_10,0.032615212438546703,0.02641494861,0.6200263828546705,1871.0
kreis_03158,dep_hour_share_work_11,0.025940285383108837,0.01660022885,0.9340056533108838,1871.0
kreis_03158,dep_hour_share_work_12,0.032255485830768614,0.04021213059,-0.7956644759231385,1871.0
kreis_03158,dep_hour_share_work_13,0.03945001798633039,0.04043885205,-0.09888340636696122,1871.0
kreis_03158,dep_hour_share_work_14,0.021603581278228548,0.025826721,-0.4223139721771452,1871.0
kreis_03158,dep_hour_share_work_15,0.01848595067748511,0.01949787229,-0.10119216125148885,1871.0
kreis_03158,dep_hour_share_work_16,0.010252208321675527,0.01095984865,-0.07076403283244725,1871.0
kreis_03158,dep_hour_share_work_17,0.007714137255685679,0.006489062176,0.12250750796856791,1871.0
kreis_03158,dep_hour_share_work_18,0.005355929493584876,0.004155481623,0.12004478705848762,1871.0
kreis_03158,dep_hour_share_work_19,0.0023582077621008032,0.0,0.23582077621008032,1871.0
kreis_03158,dep_hour_share_work_20,0.0051960510012390585,0.0006980929976,0.4497958003639059,1871.0
kreis_03158,dep_hour_share_work_21,0.004216795235620928,0.003611585871,0.060520936462092785,1871.0
kreis_03158,dep_hour_share_work_22,0.0007594228386426316,0.001434930602,-0.06755077633573685,1871.0
kreis_03158,dep_hour_share_work_23,0.0003996962308645429,0.012066013,-1.1666316769135459,1871.0
kreis_03158,dep_hour_share_work_4,0.026140133498541107,0.02201327391,0.41268595885411086,1871.0
kreis_03158,dep_hour_share_work_5,0.11099564331108358,0.06533262306,4.566302025108358,1871.0
kreis_03158,dep_hour_share_work_6,0.2189336104560534,0.2199542112,-0.10206007439466092,1871.0
kreis_03158,dep_hour_share_work_7,0.24089691834206003,0.2789355718,-3.803865345793997,1871.0
kreis_03158,dep_hour_share_work_8,0.12902194332307446,0.1334530624,-0.44311190769255326,1871.0
kreis_03158,dep_hour_share_work_9,0.05337943163195971,0.0644253084,-1.1045876768040295,1871.0
kreis_03158,mean_work_activity_h,5.759269295894831,6.272497235,-0.5132279391051693,1871.0
kreis_03158,mobility_rate,0.8513165962665213,0.859850828,-0.853423173347867,1871.0
kreis_03158,n_persons_unweighted,117424.0,1871.0,115553.0,1871.0
kreis_03158,n_persons_weighted,117424.0,67261.0,50163.0,1871.0
kreis_03158,n_work_activities_measured,50002.0,685.0,49317.0,1871.0
kreis_03158,nonhome_acts_per_mobile,2.1570949832441353,2.19084171,-0.03374672675586465,1871.0
kreis_03158,participation_education,0.16402949993187083,0.1783423675,-1.4312867568129162,1871.0
kreis_03158,participation_escort,0.11255790979697507,0.1155273422,-0.2969432403024927,1871.0
kreis_03158,participation_home,0.8513165962665213,0.8509482999,0.0368296366521359,1871.0
kreis_03158,participation_leisure,0.35956874233546804,0.3852013769,-2.563263456453196,1871.0
kreis_03158,participation_other,0.2403597220329745,0.1813403823,5.901933973297452,1871.0
kreis_03158,participation_shop,0.21153256574465187,0.3003820177,-8.884945195534813,1871.0
kreis_03158,participation_work,0.34114831720942906,0.3336604347,0.7487882509429056,1871.0
kreis_03158,purpose_share_education,0.06610728896758804,0.05991894387,0.6188345097588039,1871.0
kreis_03158,purpose_share_escort,0.05296489133289471,0.05721124417,-0.42463528371052894,1871.0
kreis_03158,purpose_share_home,0.41616238740019335,0.4209777963,-0.4815408899806639,1871.0
kreis_03158,purpose_share_leisure,0.1427496148524797,0.1581563002,-1.5406685347520295,1871.0
kreis_03158,purpose_share_other,0.10615450845970775,0.06567131097,4.048319748970776,1871.0
kreis_03158,purpose_share_shop,0.08038143819093028,0.1180479127,-3.7666474509069707,1871.0
kreis_03158,purpose_share_work,0.1354798707962062,0.1200164918,1.5463378996206187,1871.0
kreis_03158,share_mobile_first_from_home,1.0,0.981267738,1.8732262,1871.0
kreis_03158,share_mobile_last_to_home,1.0,0.9794394822,2.056051780000001,1871.0
kreis_03158,share_mobile_odd_trip_count,0.28933126594308006,0.2337599305,5.557133544308007,1871.0
kreis_03158,share_trips_0,0.1486834037334787,0.140149172,0.8534231733478698,1871.0
kreis_03158,share_trips_1,0.00080051778171413,0.005121677129,-0.432115934728587,1871.0
kreis_03158,share_trips_2,0.30574669573511376,0.3023557305,0.33909652351137853,1871.0
kreis_03158,share_trips_3,0.12381625562065676,0.0894352087,3.438104692065676,1871.0
kreis_03158,share_trips_4,0.2061673933778444,0.2458050449,-3.9637651522155593,1871.0
kreis_03158,share_trips_5,0.08532327292546668,0.07536807732,0.9955195605466677,1871.0
kreis_03158,share_trips_6,0.06364116364627334,0.07578641606,-1.214525241372666,1871.0
kreis_03158,share_trips_7,0.02810328382613435,0.01798444424,1.011883958613435,1871.0
kreis_03158,share_trips_8plus,0.03771801335331789,0.04799422912,-1.0276215766682113,1871.0
kreis_03158,share_trips_followed_by_same_purpose,0.10222857591535148,0.04154866765,6.067990826535148,1871.0
kreis_03158,share_trips_home_based,0.8081491529462093,0.8419643411,-3.38151881537907,1871.0
kreis_03158,share_trips_unknown_purpose,0.0,0.0005637387882,-0.05637387882,1871.0
kreis_03158,share_work_activities_lt_2h,0.1920123195072197,0.1171743165,7.48380030072197,1871.0
kreis_03158,tours_per_mobile,1.537588155854549,1.59130017,-0.053712014145451015,1871.0
kreis_03158,trips_per_mobile_person,3.6946831390986845,3.782141881,-0.0874587419013153,1871.0
kreis_03158,trips_per_person,3.1453450742607987,3.252077828,-0.10673275373920132,1871.0
kreis_03158,trips_per_person_education,0.20793023572693828,0.1947512181,0.013179017626938266,1871.0
kreis_03158,trips_per_person_escort,0.16659286006267884,0.185950532,-0.019357671937321158,1871.0
kreis_03158,trips_per_person_home,1.3089743153018123,1.368280769,-0.05930645369818777,1871.0
kreis_03158,trips_per_person_leisure,0.44899679792887315,0.5140466457,-0.06504984777112688,1871.0
kreis_03158,trips_per_person_other,0.333892560294318,0.2134478176,0.12044474269431801,1871.0
kreis_03158,trips_per_person_shop,0.2528273606758414,0.3836845796,-0.13085721892415864,1871.0
kreis_03158,trips_per_person_work,0.42613094427033654,0.3900829432,0.036048001070336566,1871.0
