segment,metric,model,srv,delta_pp,n_srv
age_0-5,dep_hour_share_all_10,0.02515990464726569,0.03927904023,-1.411913558273431,1081
age_0-5,dep_hour_share_all_11,0.028959852722509383,0.04226813044,-1.330827771749062,1081
age_0-5,dep_hour_share_all_12,0.05043782010432155,0.03748043204,1.2957388064321556,1081
age_0-5,dep_hour_share_all_13,0.06680001888172957,0.05527771632,1.1522302561729565,1081
age_0-5,dep_hour_share_all_14,0.08836059383039487,0.1203613924,-3.200079856960514,1081
age_0-5,dep_hour_share_all_15,0.12471972432674833,0.1388659157,-1.4146191373251682,1081
age_0-5,dep_hour_share_all_16,0.11694281196157567,0.1040704872,1.2872324761575669,1081
age_0-5,dep_hour_share_all_17,0.08001722957822936,0.0875289599,-0.7511730321770632,1081
age_0-5,dep_hour_share_all_18,0.05971937029431896,0.04142940511,1.8289965184318961,1081
age_0-5,dep_hour_share_all_19,0.026540631121810758,0.008109154422,1.843147669981076,1081
age_0-5,dep_hour_share_all_20,0.009877504779437796,0.004198027095,0.5679477684437796,1081
age_0-5,dep_hour_share_all_21,0.005210177252236305,0.001025825513,0.41843517392363044,1081
age_0-5,dep_hour_share_all_22,0.0034636172673416887,0.0,0.3463617267341689,1081
age_0-5,dep_hour_share_all_23,0.0011801080979017679,0.0,0.1180108097901768,1081
age_0-5,dep_hour_share_all_4,0.0002714248625174066,0.0,0.02714248625174066,1081
age_0-5,dep_hour_share_all_5,0.001793764308810687,0.0,0.17937643088106872,1081
age_0-5,dep_hour_share_all_6,0.03338525808964101,0.004651560907,2.873369718264101,1081
age_0-5,dep_hour_share_all_7,0.14200830796100922,0.1546271582,-1.2618850238990786,1081
age_0-5,dep_hour_share_all_8,0.09738252023885388,0.1249925596,-2.7610039361146117,1081
age_0-5,dep_hour_share_all_9,0.03694328400481484,0.03583423487,0.11090491348148407,1081
age_0-5,dep_hour_share_education_10,0.022039075793919265,0.01012151758,1.1917558213919266,1081
age_0-5,dep_hour_share_education_11,0.01709822252291039,0.003528773684,1.356944883891039,1081
age_0-5,dep_hour_share_education_12,0.020993501035324026,0.002992244809,1.8001256226324025,1081
age_0-5,dep_hour_share_education_13,0.04012136867786047,0.003951932875,3.6169435802860463,1081
age_0-5,dep_hour_share_education_14,0.053529327346905305,0.005629101725,4.79002256219053,1081
age_0-5,dep_hour_share_education_15,0.05330381122250241,0.01484007092,3.846374030250241,1081
age_0-5,dep_hour_share_education_16,0.02302314615495008,0.003396129473,1.9627016681950078,1081
age_0-5,dep_hour_share_education_17,0.014207515837382372,0.0,1.4207515837382372,1081
age_0-5,dep_hour_share_education_18,0.0071960145150378255,0.0,0.7196014515037825,1081
age_0-5,dep_hour_share_education_19,0.004182299034380959,0.0,0.41822990343809585,1081
age_0-5,dep_hour_share_education_20,0.0003895278512413638,0.0,0.03895278512413638,1081
age_0-5,dep_hour_share_education_21,2.050146585480862e-05,0.0,0.002050146585480862,1081
age_0-5,dep_hour_share_education_22,2.050146585480862e-05,0.0,0.002050146585480862,1081
age_0-5,dep_hour_share_education_23,2.050146585480862e-05,0.0,0.002050146585480862,1081
age_0-5,dep_hour_share_education_4,0.000861061565901962,0.0,0.0861061565901962,1081
age_0-5,dep_hour_share_education_5,0.006129938290587777,0.0,0.6129938290587776,1081
age_0-5,dep_hour_share_education_6,0.07979170510691515,0.01423413437,6.555757073691515,1081
age_0-5,dep_hour_share_education_7,0.3606002829202288,0.5557846062,-19.518432327977127,1081
age_0-5,dep_hour_share_education_8,0.25942554892674824,0.3598748049,-10.044925597325177,1081
age_0-5,dep_hour_share_education_9,0.03696414293621994,0.02564668343,1.131745950621994,1081
age_0-5,dep_hour_share_escort_10,0.0014510278113663846,0.007567602011,-0.6116574199633615,1081
age_0-5,dep_hour_share_escort_11,0.020072551390568318,0.0223770094,-0.23044580094316836,1081
age_0-5,dep_hour_share_escort_12,0.034461910519951636,0.03126627875,0.31956317699516346,1081
age_0-5,dep_hour_share_escort_13,0.041233373639661425,0.1163807025,-7.514732886033857,1081
age_0-5,dep_hour_share_escort_14,0.030350665054413542,0.08807880457,-5.772813951558646,1081
age_0-5,dep_hour_share_escort_15,0.05332527206771463,0.1710638512,-11.773857913228538,1081
age_0-5,dep_hour_share_escort_16,0.10483675937122128,0.05859278952,4.624396985122128,1081
age_0-5,dep_hour_share_escort_17,0.002660217654171705,0.04664377303,-4.39835553758283,1081
age_0-5,dep_hour_share_escort_18,0.0032648125755743653,0.009686457866,-0.6421645290425635,1081
age_0-5,dep_hour_share_escort_19,0.0004836759371221282,0.004172965036,-0.36892890988778715,1081
age_0-5,dep_hour_share_escort_20,0.0006045949214026602,0.0,0.06045949214026602,1081
age_0-5,dep_hour_share_escort_21,0.0004836759371221282,0.0,0.04836759371221282,1081
age_0-5,dep_hour_share_escort_22,0.00012091898428053205,0.0,0.012091898428053204,1081
age_0-5,dep_hour_share_escort_23,0.00012091898428053205,0.0,0.012091898428053204,1081
age_0-5,dep_hour_share_escort_4,0.0,0.0,0.0,1081
age_0-5,dep_hour_share_escort_5,0.0,0.0,0.0,1081
age_0-5,dep_hour_share_escort_6,0.07956469165659008,0.01247177688,6.709291477659008,1081
age_0-5,dep_hour_share_escort_7,0.47255139056831924,0.2677369862,20.48144043683192,1081
age_0-5,dep_hour_share_escort_8,0.1291414752116082,0.163961003,-3.4819527788391786,1081
age_0-5,dep_hour_share_escort_9,0.025272067714631197,0.0,2.5272067714631197,1081
age_0-5,dep_hour_share_home_10,0.02009629177259235,0.03036516751,-1.026887573740765,1081
age_0-5,dep_hour_share_home_11,0.030350371390833818,0.06912766921,-3.877729781916619,1081
age_0-5,dep_hour_share_home_12,0.07787135532800273,0.06231455668,1.5556798648002725,1081
age_0-5,dep_hour_share_home_13,0.09522659811677153,0.08337989217,1.1846705946771534,1081
age_0-5,dep_hour_share_home_14,0.11850421098976012,0.1755057383,-5.700152731023987,1081
age_0-5,dep_hour_share_home_15,0.15388220590532728,0.1502221188,0.3660087105327281,1081
age_0-5,dep_hour_share_home_16,0.14259135646418883,0.1144395176,2.815183886418883,1081
age_0-5,dep_hour_share_home_17,0.1227080995867123,0.1461544406,-2.3446341013287686,1081
age_0-5,dep_hour_share_home_18,0.11136044084020963,0.08334545138,2.8014989460209625,1081
age_0-5,dep_hour_share_home_19,0.04783343511667211,0.0140982489,3.3735186216672113,1081
age_0-5,dep_hour_share_home_20,0.019783840593089148,0.009415860686,1.0367979907089149,1081
age_0-5,dep_hour_share_home_21,0.01229921461135334,0.002372423523,0.9926791088353341,1081
age_0-5,dep_hour_share_home_22,0.008208944625129597,0.0,0.8208944625129597,1081
age_0-5,dep_hour_share_home_23,0.002712644331141441,0.0,0.27126443311414405,1081
age_0-5,dep_hour_share_home_4,0.0,0.0,0.0,1081
age_0-5,dep_hour_share_home_5,1.4202326341054664e-05,0.0,0.0014202326341054665,1081
age_0-5,dep_hour_share_home_6,0.00011361861072843731,0.0005671905054,-0.04535718946715627,1081
age_0-5,dep_hour_share_home_7,0.0007953302750990613,0.006578514549,-0.5783184273900939,1081
age_0-5,dep_hour_share_home_8,0.012384428569399667,0.03081316199,-1.8428733420600336,1081
age_0-5,dep_hour_share_home_9,0.021473917427674655,0.02130004765,0.017386977767465395,1081
age_0-5,dep_hour_share_leisure_10,0.03078829035514362,0.08134889579,-5.056060543485638,1081
age_0-5,dep_hour_share_leisure_11,0.011103973570707535,0.02061085804,-0.9506884469292465,1081
age_0-5,dep_hour_share_leisure_12,0.031109479673304578,0.02430667608,0.6802803593304578,1081
age_0-5,dep_hour_share_leisure_13,0.07607598421583922,0.04430382513,3.1772159085839218,1081
age_0-5,dep_hour_share_leisure_14,0.11071854638891437,0.1588733201,-4.815477371108562,1081
age_0-5,dep_hour_share_leisure_15,0.24901348995136277,0.2605382913,-1.152480134863723,1081
age_0-5,dep_hour_share_leisure_16,0.2237313021932642,0.2068195166,1.6911785593264201,1081
age_0-5,dep_hour_share_leisure_17,0.10172524548040746,0.05597247131,4.575277417040746,1081
age_0-5,dep_hour_share_leisure_18,0.05859410847022116,0.0167333378,4.186077067022116,1081
age_0-5,dep_hour_share_leisure_19,0.021152610810314765,0.00559432099,1.5558289820314766,1081
age_0-5,dep_hour_share_leisure_20,0.009865100486372395,0.0008138555409,0.9051244945472394,1081
age_0-5,dep_hour_share_leisure_21,0.00013765256492612646,0.0,0.013765256492612645,1081
age_0-5,dep_hour_share_leisure_22,4.588418830870882e-05,0.0,0.004588418830870882,1081
age_0-5,dep_hour_share_leisure_23,0.0002294209415435441,0.0,0.02294209415435441,1081
age_0-5,dep_hour_share_leisure_4,0.0,0.0,0.0,1081
age_0-5,dep_hour_share_leisure_5,4.588418830870882e-05,0.0,0.004588418830870882,1081
age_0-5,dep_hour_share_leisure_6,0.0002753051298522529,0.001575982468,-0.1300677338147747,1081
age_0-5,dep_hour_share_leisure_7,0.0016518307791135176,0.005751872642,-0.4100041862886482,1081
age_0-5,dep_hour_share_leisure_8,0.03675323483527576,0.03813793091,-0.13846960747242384,1081
age_0-5,dep_hour_share_leisure_9,0.03679911902358447,0.07861884525,-4.181972622641553,1081
age_0-5,dep_hour_share_other_10,0.03557345414883799,0.08878535176,-5.321189761116202,1081
age_0-5,dep_hour_share_other_11,0.08322845876331907,0.03749729285,4.573116591331907,1081
age_0-5,dep_hour_share_other_12,0.06670022652907123,0.01596237387,5.073785265907123,1081
age_0-5,dep_hour_share_other_13,0.043292222501887745,0.02291171688,2.038050562188775,1081
age_0-5,dep_hour_share_other_14,0.06879771792935649,0.2023591065,-13.356138857064352,1081
age_0-5,dep_hour_share_other_15,0.08775904018793523,0.1510125408,-6.3253500612064775,1081
age_0-5,dep_hour_share_other_16,0.17962916352042957,0.1092854049,7.034375862042958,1081
age_0-5,dep_hour_share_other_17,0.12282909640070476,0.07842442186,4.440467454070476,1081
age_0-5,dep_hour_share_other_18,0.03272086584445004,0.0,3.2720865844450038,1081
age_0-5,dep_hour_share_other_19,0.038677741421260174,0.0,3.8677741421260174,1081
age_0-5,dep_hour_share_other_20,0.003523785552479235,0.0,0.3523785552479235,1081
age_0-5,dep_hour_share_other_21,0.0007550969041026932,0.0,0.07550969041026932,1081
age_0-5,dep_hour_share_other_22,0.0005033979360684622,0.0,0.05033979360684621,1081
age_0-5,dep_hour_share_other_23,0.00016779931202282072,0.0,0.01677993120228207,1081
age_0-5,dep_hour_share_other_4,0.00033559862404564144,0.0,0.03355986240456414,1081
age_0-5,dep_hour_share_other_5,0.0002516989680342311,0.0,0.025169896803423106,1081
age_0-5,dep_hour_share_other_6,0.02810638476382247,0.0,2.810638476382247,1081
age_0-5,dep_hour_share_other_7,0.05705176608775904,0.03019949616,2.6852269927759043,1081
age_0-5,dep_hour_share_other_8,0.05159828844701737,0.1501003408,-9.850205235298265,1081
age_0-5,dep_hour_share_other_9,0.0979947982213273,0.1134619536,-1.5467155378672701,1081
age_0-5,dep_hour_share_shop_10,0.08486005089058524,0.0995957711,-1.4735720209414758,1081
age_0-5,dep_hour_share_shop_11,0.0683206106870229,0.07551405828,-0.7193447592977104,1081
age_0-5,dep_hour_share_shop_12,0.036005089058524176,0.04665381932,-1.0648730261475823,1081
age_0-5,dep_hour_share_shop_13,0.0183206106870229,0.03537792038,-1.7057309692977096,1081
age_0-5,dep_hour_share_shop_14,0.06819338422391857,0.05718852869,1.1004855533918576,1081
age_0-5,dep_hour_share_shop_15,0.0994910941475827,0.1708411791,-7.135008495241729,1081
age_0-5,dep_hour_share_shop_16,0.09783715012722646,0.187467588,-8.963043787277353,1081
age_0-5,dep_hour_share_shop_17,0.06679389312977099,0.1315901505,-6.479625737022901,1081
age_0-5,dep_hour_share_shop_18,0.02989821882951654,0.03048643737,-0.05882185404834615,1081
age_0-5,dep_hour_share_shop_19,0.0,0.01229764952,-1.229764952,1081
age_0-5,dep_hour_share_shop_20,0.0,0.0,0.0,1081
age_0-5,dep_hour_share_shop_21,0.0,0.0,0.0,1081
age_0-5,dep_hour_share_shop_22,0.0,0.0,0.0,1081
age_0-5,dep_hour_share_shop_23,0.0,0.0,0.0,1081
age_0-5,dep_hour_share_shop_4,0.0,0.0,0.0,1081
age_0-5,dep_hour_share_shop_5,0.0,0.0,0.0,1081
age_0-5,dep_hour_share_shop_6,0.0955470737913486,0.0,9.55470737913486,1081
age_0-5,dep_hour_share_shop_7,0.1916030534351145,0.03201851834,15.95845350951145,1081
age_0-5,dep_hour_share_shop_8,0.05127226463104326,0.0674913207,-1.6219056068956739,1081
age_0-5,dep_hour_share_shop_9,0.09185750636132316,0.05347705871,3.838044765132316,1081
age_0-5,dep_hour_share_work_10,0.0,,,1081
age_0-5,dep_hour_share_work_11,0.0,,,1081
age_0-5,dep_hour_share_work_12,0.0,,,1081
age_0-5,dep_hour_share_work_13,0.0,,,1081
age_0-5,dep_hour_share_work_14,0.0,,,1081
age_0-5,dep_hour_share_work_15,0.01348314606741573,,,1081
age_0-5,dep_hour_share_work_16,0.006741573033707865,,,1081
age_0-5,dep_hour_share_work_17,0.0,,,1081
age_0-5,dep_hour_share_work_18,0.0,,,1081
age_0-5,dep_hour_share_work_19,0.0,,,1081
age_0-5,dep_hour_share_work_20,0.0,,,1081
age_0-5,dep_hour_share_work_21,0.0,,,1081
age_0-5,dep_hour_share_work_22,0.0,,,1081
age_0-5,dep_hour_share_work_23,0.0,,,1081
age_0-5,dep_hour_share_work_4,0.0,,,1081
age_0-5,dep_hour_share_work_5,0.0,,,1081
age_0-5,dep_hour_share_work_6,0.017977528089887642,,,1081
age_0-5,dep_hour_share_work_7,0.6561797752808989,,,1081
age_0-5,dep_hour_share_work_8,0.20449438202247192,,,1081
age_0-5,dep_hour_share_work_9,0.10112359550561797,,,1081
age_0-5,mean_work_activity_h,4.481310861423221,,,1081
age_0-5,mobility_rate,0.8807710271979305,0.894369307,-1.3598279802069402,1081
age_0-5,n_persons_unweighted,55666.0,1081.0,54585.0,1081
age_0-5,n_persons_weighted,55666.0,41866.19746,13799.802539999997,1081
age_0-5,n_work_activities_measured,445.0,0.0,445.0,1081
age_0-5,nonhome_acts_per_mobile,2.0205388647535134,1.849759997,0.17077886775351336,1081
age_0-5,participation_education,0.6616785829770416,0.6558256021,0.5852980877041669,1081
age_0-5,participation_escort,0.12544461610318686,0.131683716,-0.623909989681315,1081
age_0-5,participation_home,0.8807710271979305,0.8872372133,-0.6466186102069504,1081
age_0-5,participation_leisure,0.34058491718463696,0.3698573999,-2.9272482715363033,1081
age_0-5,participation_other,0.16882836920202637,0.1063940398,6.243432940202637,1081
age_0-5,participation_shop,0.11644450831746488,0.1736667987,-5.722229038253514,1081
age_0-5,participation_work,0.007994107713864837,0.0,0.7994107713864838,1081
age_0-5,purpose_share_education,0.28781066345677264,0.2316162448,5.619441865677263,1081
age_0-5,purpose_share_escort,0.0487974698482381,0.06858371484,-1.9786244991761903,1081
age_0-5,purpose_share_home,0.41546295640680686,0.4336017334,-1.8138776993193162,1081
age_0-5,purpose_share_leisure,0.12859637942835564,0.1552869692,-2.6690589771644375,1081
age_0-5,purpose_share_other,0.07032854209445585,0.0414726107,2.885593139445585,1081
age_0-5,purpose_share_shop,0.04637824824753947,0.06943872705,-2.3060478802460525,1081
age_0-5,purpose_share_work,0.0026257405178314332,0.0,0.2625740517831433,1081
age_0-5,share_mobile_first_from_home,1.0,0.981573838,1.8426162000000024,1081
age_0-5,share_mobile_last_to_home,1.0,0.9913895519,0.8610448100000001,1081
age_0-5,share_mobile_odd_trip_count,0.21481164208937567,0.2665506923,-5.173905021062433,1081
age_0-5,share_trips_0,0.11922897280206948,0.105630693,1.3598279802069486,1081
age_0-5,share_trips_1,0.0,0.0007377866275,-0.07377866275,1081
age_0-5,share_trips_2,0.34689038192074156,0.384519259,-3.762887707925844,1081
age_0-5,share_trips_3,0.10816297201164085,0.160445454,-5.228248198835914,1081
age_0-5,share_trips_4,0.2672726619480473,0.20986863,5.740403194804728,1081
age_0-5,share_trips_5,0.07135414795386771,0.05693658983,1.441755812386771,1081
age_0-5,share_trips_6,0.052743146624510476,0.05262935205,0.011379457451047431,1081
age_0-5,share_trips_7,0.008640822045773003,0.0172978903,-0.8657068254226997,1081
age_0-5,share_trips_8plus,0.025706894693349622,0.01193434526,1.3772549433349621,1081
age_0-5,share_trips_followed_by_same_purpose,0.08474356251032594,0.019392394,6.535116851032593,1081
age_0-5,share_trips_home_based,0.8132065897236187,0.8641978859,-5.099129617638132,1081
age_0-5,share_trips_unknown_purpose,0.0,0.0,0.0,1081
age_0-5,share_work_activities_lt_2h,0.020224719101123594,,,1081
age_0-5,tours_per_mobile,1.4361092414693344,1.416069201,0.020040040469334386,1081
age_0-5,trips_per_mobile_person,3.456648106222848,3.265829198,0.19081890822284775,1081
age_0-5,trips_per_person,3.044515503179679,2.920857397,0.1236581061796791,1081
age_0-5,trips_per_person_education,0.8762440268745734,0.6765180219,0.19972600497457338,1081
age_0-5,trips_per_person_escort,0.14856465346890382,0.2003232508,-0.05175859733109617,1081
age_0-5,trips_per_person_home,1.2648834117773866,1.26648883,-0.0016054182226132863,1081
age_0-5,trips_per_person_leisure,0.39151367082240507,0.4535710926,-0.062057421777594934,1081
age_0-5,trips_per_person_other,0.21411633672259547,0.1211355817,0.09298075502259548,1081
age_0-5,trips_per_person_shop,0.1411992957999497,0.2028206195,-0.0616213237000503,1081
age_0-5,trips_per_person_work,0.007994107713864837,0.0,0.007994107713864837,1081
age_10-17,dep_hour_share_all_10,0.014913299158769213,0.00442174633,1.0491552828769213,1356
age_10-17,dep_hour_share_all_11,0.024398626869925687,0.01246946098,1.1929165889925688,1356
age_10-17,dep_hour_share_all_12,0.06493446615167303,0.03513628026,2.9798185891673032,1356
age_10-17,dep_hour_share_all_13,0.09871782512291526,0.1750913411,-7.637351597708474,1356
age_10-17,dep_hour_share_all_14,0.0778358531136437,0.06215947784,1.5676375273643703,1356
age_10-17,dep_hour_share_all_15,0.10637566592197972,0.1061258385,0.024982742197972307,1356
age_10-17,dep_hour_share_all_16,0.0748766655908525,0.08023796321,-0.5361297619147498,1356
age_10-17,dep_hour_share_all_17,0.07908491526915613,0.0691471243,0.9937790969156133,1356
age_10-17,dep_hour_share_all_18,0.07666223766551121,0.06126578846,1.5396449205511211,1356
age_10-17,dep_hour_share_all_19,0.033192359763432655,0.04549539783,-1.2303038066567344,1356
age_10-17,dep_hour_share_all_20,0.0322995737261033,0.01792879994,1.4370773786103301,1356
age_10-17,dep_hour_share_all_21,0.013848662287963316,0.008667625887,0.5181036400963316,1356
age_10-17,dep_hour_share_all_22,0.0075740111241978545,0.0009978874137,0.6576123710497854,1356
age_10-17,dep_hour_share_all_23,0.002154422644071775,0.0,0.2154422644071775,1356
age_10-17,dep_hour_share_all_4,7.125522363661512e-05,0.0,0.007125522363661512,1356
age_10-17,dep_hour_share_all_5,0.0011778069318758148,0.0007003765575,0.04774303743758148,1356
age_10-17,dep_hour_share_all_6,0.07044207579040905,0.04466560956,2.577646623040905,1356
age_10-17,dep_hour_share_all_7,0.17052632461365,0.24253221,-7.2005885386349995,1356
age_10-17,dep_hour_share_all_8,0.02665364512383739,0.01949799485,0.715565027383739,1356
age_10-17,dep_hour_share_all_9,0.01836289027953005,0.01260818799,0.5754702289530051,1356
age_10-17,dep_hour_share_education_10,0.016253912470484872,0.004015895715,1.223801675548487,1356
age_10-17,dep_hour_share_education_11,0.015141947174784471,0.007404057313,0.773788986178447,1356
age_10-17,dep_hour_share_education_12,0.021868650815441218,0.01370027149,0.8168379325441217,1356
age_10-17,dep_hour_share_education_13,0.016954038767777718,0.01918172748,-0.22276887122222833,1356
age_10-17,dep_hour_share_education_14,0.0094585689967602,0.008485964429,0.09726045677601984,1356
age_10-17,dep_hour_share_education_15,0.019534896491131732,0.008147977648,1.1386918843131733,1356
age_10-17,dep_hour_share_education_16,0.011078469057163254,0.01067460563,0.04038634271632535,1356
age_10-17,dep_hour_share_education_17,0.004145845917302729,0.003872329163,0.027351675430272893,1356
age_10-17,dep_hour_share_education_18,0.00422821371698424,0.003580728232,0.064748548498424,1356
age_10-17,dep_hour_share_education_19,0.003294711987260447,0.0,0.3294711987260447,1356
age_10-17,dep_hour_share_education_20,0.0003294711987260447,0.0,0.03294711987260447,1356
age_10-17,dep_hour_share_education_21,0.0002882872988852891,0.0,0.02882872988852891,1356
age_10-17,dep_hour_share_education_22,4.118389984075559e-05,0.0,0.004118389984075559,1356
age_10-17,dep_hour_share_education_23,2.745593322717039e-05,0.0,0.002745593322717039,1356
age_10-17,dep_hour_share_education_4,4.118389984075559e-05,0.0,0.004118389984075559,1356
age_10-17,dep_hour_share_education_5,0.0021415627917192905,0.001317372414,0.08241903777192905,1356
age_10-17,dep_hour_share_education_6,0.22631925759156554,0.1267340089,9.958524869156554,1356
age_10-17,dep_hour_share_education_7,0.5393855362143759,0.7195300297,-18.01444934856241,1356
age_10-17,dep_hour_share_education_8,0.0658393278787546,0.04666598543,1.9173342448754598,1356
age_10-17,dep_hour_share_education_9,0.04022294217780462,0.02668904647,1.3533895707804622,1356
age_10-17,dep_hour_share_escort_10,0.003569303985722784,0.0,0.3569303985722784,1356
age_10-17,dep_hour_share_escort_11,0.014277215942891136,0.0,1.4277215942891135,1356
age_10-17,dep_hour_share_escort_12,0.024985127900059488,0.03546087084,-1.047574293994051,1356
age_10-17,dep_hour_share_escort_13,0.08209399167162404,0.04120335327,4.089063840162404,1356
age_10-17,dep_hour_share_escort_14,0.16864961332540154,0.01437659832,15.427301500540155,1356
age_10-17,dep_hour_share_escort_15,0.046995835812016655,0.1124452474,-6.544941158798334,1356
age_10-17,dep_hour_share_escort_16,0.14604402141582393,0.1604631846,-1.4419163184176076,1356
age_10-17,dep_hour_share_escort_17,0.21058893515764426,0.05605201649,15.453691866764427,1356
age_10-17,dep_hour_share_escort_18,0.12016656751933373,0.1499496799,-2.978311238066626,1356
age_10-17,dep_hour_share_escort_19,0.021415823914336704,0.01535698273,0.6058841184336704,1356
age_10-17,dep_hour_share_escort_20,0.00148720999405116,0.04668576768,-4.519855768594884,1356
age_10-17,dep_hour_share_escort_21,0.003271861986912552,0.0,0.3271861986912552,1356
age_10-17,dep_hour_share_escort_22,0.001189767995240928,0.0,0.1189767995240928,1356
age_10-17,dep_hour_share_escort_23,0.000892325996430696,0.0,0.0892325996430696,1356
age_10-17,dep_hour_share_escort_4,0.003569303985722784,0.0,0.3569303985722784,1356
age_10-17,dep_hour_share_escort_5,0.000594883997620464,0.0,0.0594883997620464,1356
age_10-17,dep_hour_share_escort_6,0.00892325996430696,0.007374775111,0.154848485330696,1356
age_10-17,dep_hour_share_escort_7,0.08953004164187983,0.3168269311,-22.729688945812015,1356
age_10-17,dep_hour_share_escort_8,0.041939321832242714,0.04380459248,-0.18652706477572875,1356
age_10-17,dep_hour_share_escort_9,0.002082093991671624,0.0,0.20820939916716238,1356
age_10-17,dep_hour_share_home_10,0.013186009355329265,0.00178743111,1.1398578245329265,1356
age_10-17,dep_hour_share_home_11,0.024783922693410846,0.0135107027,1.1273219993410846,1356
age_10-17,dep_hour_share_home_12,0.11080097788215365,0.05783137855,5.296959933215365,1356
age_10-17,dep_hour_share_home_13,0.17181273941750563,0.3374361694,-16.562342998249434,1356
age_10-17,dep_hour_share_home_14,0.10624843596604362,0.08450475411,2.1743681856043624,1356
age_10-17,dep_hour_share_home_15,0.13724037036324088,0.1440732202,-0.6832849836759108,1356
age_10-17,dep_hour_share_home_16,0.06054976996669811,0.06445284741,-0.39030774433018933,1356
age_10-17,dep_hour_share_home_17,0.08639242333827407,0.06355814714,2.2834276198274077,1356
age_10-17,dep_hour_share_home_18,0.11584438583995842,0.09341187214,2.243251369995841,1356
age_10-17,dep_hour_share_home_19,0.05709445802614102,0.07886809866,-2.1773640633858977,1356
age_10-17,dep_hour_share_home_20,0.05305203180041964,0.03446409868,1.858793312041964,1356
age_10-17,dep_hour_share_home_21,0.02701688194190456,0.01458825569,1.2428626251904562,1356
age_10-17,dep_hour_share_home_22,0.0159579587672525,0.002185776683,1.3772182084252498,1356
age_10-17,dep_hour_share_home_23,0.0046199156865387205,0.0,0.46199156865387203,1356
age_10-17,dep_hour_share_home_4,0.0,0.0,0.0,1356
age_10-17,dep_hour_share_home_5,0.0,0.0,0.0,1356
age_10-17,dep_hour_share_home_6,0.00011549789216346802,0.0,0.011549789216346801,1356
age_10-17,dep_hour_share_home_7,0.0007603611234094978,0.002429963828,-0.16696027045905024,1356
age_10-17,dep_hour_share_home_8,0.0010009817320833895,0.001794973979,-0.07939922469166105,1356
age_10-17,dep_hour_share_home_9,0.004129049644843981,0.003238518905,0.08905307398439813,1356
age_10-17,dep_hour_share_leisure_10,0.003764481323400758,0.007081944441,-0.3317463117599242,1356
age_10-17,dep_hour_share_leisure_11,0.0036054187322711487,0.01273546789,-0.913004915772885,1356
age_10-17,dep_hour_share_leisure_12,0.03472866572996474,0.01316997792,2.155868780996474,1356
age_10-17,dep_hour_share_leisure_13,0.05771321014819331,0.04503274812,1.2680462028193311,1356
age_10-17,dep_hour_share_leisure_14,0.11452506561331884,0.08878091719,2.5744148423318833,1356
age_10-17,dep_hour_share_leisure_15,0.17708968479096523,0.1822424086,-0.5152723809034754,1356
age_10-17,dep_hour_share_leisure_16,0.2106253810874579,0.2529597759,-4.233439481254211,1356
age_10-17,dep_hour_share_leisure_17,0.18554651255268947,0.2199202591,-3.4373746547310513,1356
age_10-17,dep_hour_share_leisure_18,0.09101031255799157,0.08414899795,0.6861314607991567,1356
age_10-17,dep_hour_share_leisure_19,0.035444447390047984,0.05331590717,-1.787145977995202,1356
age_10-17,dep_hour_share_leisure_20,0.05288831155059516,0.0120195797,4.086873185059516,1356
age_10-17,dep_hour_share_leisure_21,0.010312557991569682,0.009688232857,0.0624325134569682,1356
age_10-17,dep_hour_share_leisure_22,0.0033403144137217995,0.0,0.33403144137217994,1356
age_10-17,dep_hour_share_leisure_23,0.000318125182259219,0.0,0.0318125182259219,1356
age_10-17,dep_hour_share_leisure_4,0.0,0.0,0.0,1356
age_10-17,dep_hour_share_leisure_5,0.0,0.0,0.0,1356
age_10-17,dep_hour_share_leisure_6,0.0005302086370986983,0.0,0.05302086370986983,1356
age_10-17,dep_hour_share_leisure_7,0.002306407571379338,0.008011786758,-0.5705379186620662,1356
age_10-17,dep_hour_share_leisure_8,0.006760160123008404,0.002734710159,0.40254499640084046,1356
age_10-17,dep_hour_share_leisure_9,0.007714535669786061,0.008157286237,-0.044275056721393855,1356
age_10-17,dep_hour_share_other_10,0.0391388214796839,0.0,3.91388214796839,1356
age_10-17,dep_hour_share_other_11,0.10447389708169996,0.03846662925,6.600726783169996,1356
age_10-17,dep_hour_share_other_12,0.05593926949163089,0.01789075402,3.8048515471630893,1356
age_10-17,dep_hour_share_other_13,0.12102544956754402,0.1113795422,0.9645907367544018,1356
age_10-17,dep_hour_share_other_14,0.10914068819612967,0.1453220215,-3.618133330387034,1356
age_10-17,dep_hour_share_other_15,0.15213739033040882,0.1647685613,-1.2631170969591183,1356
age_10-17,dep_hour_share_other_16,0.11579864351938274,0.1518817946,-3.608315108061727,1356
age_10-17,dep_hour_share_other_17,0.058241553108082884,0.1120897459,-5.384819279191711,1356
age_10-17,dep_hour_share_other_18,0.066268433824902,0.02913503778,3.7133396044901996,1356
age_10-17,dep_hour_share_other_19,0.01904050774687325,0.0009727619991,1.806774574777325,1356
age_10-17,dep_hour_share_other_20,0.009644701636488085,0.0,0.9644701636488084,1356
age_10-17,dep_hour_share_other_21,0.003982328417646693,0.01165126497,-0.7668936552353307,1356
age_10-17,dep_hour_share_other_22,0.00037334328915437746,0.0,0.037334328915437746,1356
age_10-17,dep_hour_share_other_23,0.000435567170680107,0.0,0.0435567170680107,1356
age_10-17,dep_hour_share_other_4,0.0,0.0,0.0,1356
age_10-17,dep_hour_share_other_5,0.0,0.0,0.0,1356
age_10-17,dep_hour_share_other_6,0.008026880716819115,0.07230259777,-6.427571705318089,1356
age_10-17,dep_hour_share_other_7,0.04212556779291892,0.0540212516,-1.1895683807081079,1356
age_10-17,dep_hour_share_other_8,0.05108580673262398,0.04302092197,0.806488476262398,1356
age_10-17,dep_hour_share_other_9,0.03994773193951839,0.04709711518,-0.7149383240481616,1356
age_10-17,dep_hour_share_shop_10,0.05434217368694748,0.0275011603,2.684101338694748,1356
age_10-17,dep_hour_share_shop_11,0.06760270410816432,0.03137060099,3.6232103118164325,1356
age_10-17,dep_hour_share_shop_12,0.022880915236609463,0.0392723112,-1.6391395963390538,1356
age_10-17,dep_hour_share_shop_13,0.01612064482579303,0.1435856966,-12.746505177420698,1356
age_10-17,dep_hour_share_shop_14,0.0514820592823713,0.1201428232,-6.866076391762871,1356
age_10-17,dep_hour_share_shop_15,0.09100364014560583,0.1826829485,-9.167930835439417,1356
age_10-17,dep_hour_share_shop_16,0.11752470098803952,0.1789527893,-6.142808831196048,1356
age_10-17,dep_hour_share_shop_17,0.2438897555902236,0.1029522183,14.093753729022362,1356
age_10-17,dep_hour_share_shop_18,0.2714508580343214,0.0975049076,17.39459504343214,1356
age_10-17,dep_hour_share_shop_19,0.0078003120124804995,0.04884875696,-4.1048444947519505,1356
age_10-17,dep_hour_share_shop_20,0.0039001560062402497,0.0,0.39001560062402496,1356
age_10-17,dep_hour_share_shop_21,0.0031201248049922,0.009813679928,-0.66935551230078,1356
age_10-17,dep_hour_share_shop_22,0.0026001040041601664,0.0,0.26001040041601664,1356
age_10-17,dep_hour_share_shop_23,0.0026001040041601664,0.0,0.26001040041601664,1356
age_10-17,dep_hour_share_shop_4,0.0,0.0,0.0,1356
age_10-17,dep_hour_share_shop_5,0.0,0.0,0.0,1356
age_10-17,dep_hour_share_shop_6,0.0013000520020800832,0.001596131314,-0.029607931191991683,1356
age_10-17,dep_hour_share_shop_7,0.013780551222048881,0.008105973574,0.5674577648048882,1356
age_10-17,dep_hour_share_shop_8,0.007280291211648466,0.007670002347,-0.03897111353515347,1356
age_10-17,dep_hour_share_shop_9,0.011180447217888715,0.0,1.1180447217888716,1356
age_10-17,dep_hour_share_work_10,0.014336917562724014,0.0738349554,-5.9498037837275985,1356
age_10-17,dep_hour_share_work_11,0.023894862604540025,0.0,2.3894862604540026,1356
age_10-17,dep_hour_share_work_12,0.007168458781362007,0.04706689957,-3.9898440788637997,1356
age_10-17,dep_hour_share_work_13,0.007168458781362007,0.0,0.7168458781362007,1356
age_10-17,dep_hour_share_work_14,0.0035842293906810036,0.03515190519,-3.1567675799318997,1356
age_10-17,dep_hour_share_work_15,0.07646356033452807,0.05540401136,2.1059548974528073,1356
age_10-17,dep_hour_share_work_16,0.02031063321385902,0.0,2.031063321385902,1356
age_10-17,dep_hour_share_work_17,0.010752688172043012,0.0,1.0752688172043012,1356
age_10-17,dep_hour_share_work_18,0.0,0.0,0.0,1356
age_10-17,dep_hour_share_work_19,0.0023894862604540022,0.0,0.23894862604540024,1356
age_10-17,dep_hour_share_work_20,0.0,0.0,0.0,1356
age_10-17,dep_hour_share_work_21,0.0,0.0,0.0,1356
age_10-17,dep_hour_share_work_22,0.0,0.0,0.0,1356
age_10-17,dep_hour_share_work_23,0.0,0.0,0.0,1356
age_10-17,dep_hour_share_work_4,0.0023894862604540022,0.0,0.23894862604540024,1356
age_10-17,dep_hour_share_work_5,0.14695340501792115,0.04977079272,9.718261229792114,1356
age_10-17,dep_hour_share_work_6,0.14814814814814814,0.2484128487,-10.026470055185186,1356
age_10-17,dep_hour_share_work_7,0.23416965352449223,0.2703012379,-3.613158437550776,1356
age_10-17,dep_hour_share_work_8,0.25567502986857826,0.2200573492,3.561768066857826,1356
age_10-17,dep_hour_share_work_9,0.04659498207885305,0.0,4.659498207885305,1356
age_10-17,mean_work_activity_h,6.06399840700916,6.158400091,-0.09440168399083948,1356
age_10-17,mobility_rate,0.9400991039714675,0.9254325783,1.4666525671467423,1356
age_10-17,n_persons_unweighted,68413.0,1356.0,67057.0,1356
age_10-17,n_persons_weighted,68413.0,62009.48908,6403.510920000001,1356
age_10-17,n_work_activities_measured,837.0,21.0,816.0,1356
age_10-17,nonhome_acts_per_mobile,2.0940838062660343,1.740651841,0.35343196526603426,1356
age_10-17,participation_education,0.8899770511452502,0.8821687656,0.7808285545250149,1356
age_10-17,participation_escort,0.04398286875301478,0.02915043193,1.4832436823014776,1356
age_10-17,participation_home,0.9400991039714675,0.9171505122,2.2948591771467464,1356
age_10-17,participation_leisure,0.44036952041278704,0.3678488354,7.2520685012787025,1356
age_10-17,participation_other,0.16167979769926769,0.0704082156,9.127158209926769,1356
age_10-17,participation_shop,0.04601464633914607,0.08257518726,-3.6560540920853932,1356
age_10-17,participation_work,0.011445193165041731,0.01443311795,-0.2987924784958268,1356
age_10-17,purpose_share_education,0.30532444179915247,0.3233577547,-1.8033312900847531,1356
age_10-17,purpose_share_escort,0.014091768345076474,0.01089583979,0.3195928555076473,1356
age_10-17,purpose_share_home,0.43548677796453167,0.4602123588,-2.472558083546833,1356
age_10-17,purpose_share_leisure,0.1581069582821623,0.1393511378,1.8755820482162315,1356
age_10-17,purpose_share_other,0.06736133523906128,0.02796532155,3.9396013689061276,1356
age_10-17,purpose_share_shop,0.01612044647684834,0.03276509472,-1.664464824315166,1356
age_10-17,purpose_share_work,0.003508271893167462,0.005452492618,-0.19442207248325377,1356
age_10-17,share_mobile_first_from_home,1.0,0.9975792783,0.24207216999999615,1356
age_10-17,share_mobile_last_to_home,1.0,0.9902675592,0.973244080000002,1356
age_10-17,share_mobile_odd_trip_count,0.22733421441343388,0.09777002982,12.95641845934339,1356
age_10-17,share_trips_0,0.05990089602853259,0.0745674217,-1.466652567146741,1356
age_10-17,share_trips_1,0.00014617104936196336,0.001901001929,-0.17548308796380366,1356
age_10-17,share_trips_2,0.3658222852381857,0.439407902,-7.35856167618143,1356
age_10-17,share_trips_3,0.0674433221756099,0.04338212778,2.40611943956099,1356
age_10-17,share_trips_4,0.24150380775583588,0.3327361997,-9.123239194416414,1356
age_10-17,share_trips_5,0.1256047827167351,0.03509807424,9.050670847673512,1356
age_10-17,share_trips_6,0.0774121877420958,0.05676029972,2.0651888022095797,1356
age_10-17,share_trips_7,0.014660956251004926,0.009886829835,0.4774126416004927,1356
age_10-17,share_trips_8plus,0.047505591042638094,0.006260143071,4.124544797163809,1356
age_10-17,share_trips_followed_by_same_purpose,0.09540655296568432,0.02021044301,7.519610995568432,1356
age_10-17,share_trips_home_based,0.8494377124558322,0.9214773335,-7.203962104416783,1356
age_10-17,share_trips_unknown_purpose,0.0,0.001322599525,-0.1322599525,1356
age_10-17,share_work_activities_lt_2h,0.12186379928315412,0.1578749223,-3.6011123016845876,1356
age_10-17,tours_per_mobile,1.6154551815284148,1.480413484,0.13504169752841477,1356
age_10-17,trips_per_mobile_person,3.709538987794449,3.221065325,0.48847366279444904,1356
age_10-17,trips_per_person,3.487334278572786,2.980878788,0.5064554905727858,1356
age_10-17,trips_per_person_education,1.064768391972286,0.9626154311,0.10215296087228587,1356
age_10-17,trips_per_person_escort,0.04914270679549208,0.03243622078,0.016706486015492086,1356
age_10-17,trips_per_person_home,1.518687968660927,1.370022867,0.14866510166092683,1356
age_10-17,trips_per_person_leisure,0.5513718152982621,0.4148394578,0.1365323574982621,1356
age_10-17,trips_per_person_other,0.23491149342961132,0.0832509803,0.15166051312961132,1356
age_10-17,trips_per_person_shop,0.05621738558461111,0.09753959918,-0.041322213595388894,1356
age_10-17,trips_per_person_work,0.012234516831596334,0.01623172309,-0.003997206258403666,1356
age_18-24,dep_hour_share_all_10,0.03011453707494777,0.02518440939,0.49301276849477715,893
age_18-24,dep_hour_share_all_11,0.04445004356818158,0.05090803158,-0.6457988011818419,893
age_18-24,dep_hour_share_all_12,0.0458988168351653,0.05836505411,-1.2466237274834702,893
age_18-24,dep_hour_share_all_13,0.0580506650709164,0.0792229709,-2.1172305829083595,893
age_18-24,dep_hour_share_all_14,0.06290615518671328,0.05888386204,0.40222931467132766,893
age_18-24,dep_hour_share_all_15,0.09795492005501139,0.09764625903,0.03086610250113836,893
age_18-24,dep_hour_share_all_16,0.08850114957009228,0.09096595024,-0.24648006699077157,893
age_18-24,dep_hour_share_all_17,0.08147774873232339,0.07436101291,0.7116735822323389,893
age_18-24,dep_hour_share_all_18,0.09158766653018803,0.0671115381,2.447612843018802,893
age_18-24,dep_hour_share_all_19,0.045205925272694826,0.05334741515,-0.8141489877305175,893
age_18-24,dep_hour_share_all_20,0.029731347044187586,0.03905792369,-0.9326576645812417,893
age_18-24,dep_hour_share_all_21,0.030319255036586775,0.03349708147,-0.3177826433413227,893
age_18-24,dep_hour_share_all_22,0.03234543793896255,0.02222615009,1.011928784896255,893
age_18-24,dep_hour_share_all_23,0.01160593367138043,0.01050622403,0.10997096413804287,893
age_18-24,dep_hour_share_all_4,0.002540602395725069,0.0007791789303,0.1761423465425069,893
age_18-24,dep_hour_share_all_5,0.019500698140740975,0.00986631329,0.9634384850740976,893
age_18-24,dep_hour_share_all_6,0.05790893725132017,0.04215588232,1.575305493132017,893
age_18-24,dep_hour_share_all_7,0.08488971475964012,0.1076210018,-2.2731287040359884,893
age_18-24,dep_hour_share_all_8,0.03835049814703999,0.03860352794,-0.0253029792960012,893
age_18-24,dep_hour_share_all_9,0.03577315150178997,0.03518651183,0.058663967178996385,893
age_18-24,dep_hour_share_education_10,0.032237266279819474,0.03490101284,-0.2663746560180529,893
age_18-24,dep_hour_share_education_11,0.14318719105953148,0.06986012065,7.3327070409531485,893
age_18-24,dep_hour_share_education_12,0.022297442510208466,0.04841063952,-2.6113197009791533,893
age_18-24,dep_hour_share_education_13,0.03465506125080593,0.08040129635,-4.574623509919407,893
age_18-24,dep_hour_share_education_14,0.008166774124220932,0.03089837697,-2.273160284577907,893
age_18-24,dep_hour_share_education_15,0.004996776273372018,0.02820735963,-2.3210583356627983,893
age_18-24,dep_hour_share_education_16,0.002955082742316785,0.02570737329,-2.2752290547683214,893
age_18-24,dep_hour_share_education_17,0.003814743176445304,0.02053196086,-1.6717217683554695,893
age_18-24,dep_hour_share_education_18,0.004352030947775629,0.005045877116,-0.06938461682243716,893
age_18-24,dep_hour_share_education_19,0.0029013539651837525,0.0004466295588,0.24547244063837523,893
age_18-24,dep_hour_share_education_20,0.00016118633139909736,0.002221431637,-0.20602453056009026,893
age_18-24,dep_hour_share_education_21,5.372877713303245e-05,0.0,0.005372877713303245,893
age_18-24,dep_hour_share_education_22,5.372877713303245e-05,0.0,0.005372877713303245,893
age_18-24,dep_hour_share_education_23,0.0,0.0,0.0,893
age_18-24,dep_hour_share_education_4,0.0006984741027294219,0.0,0.0698474102729422,893
age_18-24,dep_hour_share_education_5,0.004352030947775629,0.004640286008,-0.028825506022437178,893
age_18-24,dep_hour_share_education_6,0.2173866322802493,0.068343697,14.904293528024931,893
age_18-24,dep_hour_share_education_7,0.37841177734794756,0.3998014518,-2.138967445205242,893
age_18-24,dep_hour_share_education_8,0.08596604341285193,0.08356063542,0.2405407992851924,893
age_18-24,dep_hour_share_education_9,0.053352675693101224,0.09702185135,-4.366917565689877,893
age_18-24,dep_hour_share_escort_10,0.027603974972396025,0.01375894695,1.3845028022396024,893
age_18-24,dep_hour_share_escort_11,0.02834008097165992,0.09245729675,-6.411721577834008,893
age_18-24,dep_hour_share_escort_12,0.05391976444608024,0.0,5.391976444608024,893
age_18-24,dep_hour_share_escort_13,0.0368052999631947,0.05387730056,-1.7072000596805303,893
age_18-24,dep_hour_share_escort_14,0.06514538093485461,0.002560722335,6.258465859985461,893
age_18-24,dep_hour_share_escort_15,0.02208317997791682,0.1685697225,-14.648654252208319,893
age_18-24,dep_hour_share_escort_16,0.21549503128450498,0.1200561636,9.543886768450498,893
age_18-24,dep_hour_share_escort_17,0.06772175193227825,0.03481375873,3.2907993202278254,893
age_18-24,dep_hour_share_escort_18,0.18807508281192492,0.05679474115,13.128034166192492,893
age_18-24,dep_hour_share_escort_19,0.05042326094957674,0.02043029322,2.999296772957674,893
age_18-24,dep_hour_share_escort_20,0.006808980493191019,0.02878126346,-2.1972282966808985,893
age_18-24,dep_hour_share_escort_21,0.04361428045638572,0.0503793547,-0.6765074243614277,893
age_18-24,dep_hour_share_escort_22,0.0,0.005435604866,-0.5435604866,893
age_18-24,dep_hour_share_escort_23,0.0,0.0,0.0,893
age_18-24,dep_hour_share_escort_4,0.0,0.0,0.0,893
age_18-24,dep_hour_share_escort_5,0.000368052999631947,0.0,0.0368052999631947,893
age_18-24,dep_hour_share_escort_6,0.010857563489142437,0.08831266671,-7.745510322085757,893
age_18-24,dep_hour_share_escort_7,0.08906882591093117,0.2202617057,-13.119287978906884,893
age_18-24,dep_hour_share_escort_8,0.04103790945896209,0.0435104588,-0.24725493410379107,893
age_18-24,dep_hour_share_escort_9,0.03459698196540302,0.0,3.459698196540302,893
age_18-24,dep_hour_share_home_10,0.02021574587281721,0.01166516689,0.8550578982817211,893
age_18-24,dep_hour_share_home_11,0.02331485785803683,0.04631435463,-2.2999496771963166,893
age_18-24,dep_hour_share_home_12,0.04020501817748376,0.05628787982,-1.608286164251624,893
age_18-24,dep_hour_share_home_13,0.08220990523869122,0.09039552002,-0.8185614781308775,893
age_18-24,dep_hour_share_home_14,0.09290184158769892,0.08169424827,1.1207593317698912,893
age_18-24,dep_hour_share_home_15,0.14873353596757852,0.1234329542,2.530058176757852,893
age_18-24,dep_hour_share_home_16,0.11416651767089815,0.1213479746,-0.7181456929101854,893
age_18-24,dep_hour_share_home_17,0.08718040407652422,0.09271122846,-0.5530824383475783,893
age_18-24,dep_hour_share_home_18,0.10690744382859527,0.08376426422,2.314317960859527,893
age_18-24,dep_hour_share_home_19,0.0581321890458311,0.06886305667,-1.073086762416891,893
age_18-24,dep_hour_share_home_20,0.04715418082126468,0.05846138833,-1.1307207508735324,893
age_18-24,dep_hour_share_home_21,0.0483699862923893,0.05890813052,-1.05381442276107,893
age_18-24,dep_hour_share_home_22,0.05361463734429942,0.04590416275,0.7710474594299424,893
age_18-24,dep_hour_share_home_23,0.025329280648429583,0.02555811974,-0.022883909157041596,893
age_18-24,dep_hour_share_home_4,0.00014303593777936706,0.0,0.014303593777936706,893
age_18-24,dep_hour_share_home_5,0.0005244651051910126,0.0003030322736,0.02214328315910126,893
age_18-24,dep_hour_share_home_6,0.0017641098992788604,0.0002400066681,0.15241032311788602,893
age_18-24,dep_hour_share_home_7,0.004958579176351391,0.006598089243,-0.16395100666486087,893
age_18-24,dep_hour_share_home_8,0.008117289468979081,0.006845390063,0.1271899405979081,893
age_18-24,dep_hour_share_home_9,0.01596042672388104,0.01014019989,0.5820226833881041,893
age_18-24,dep_hour_share_leisure_10,0.0265000502529398,0.0354571134,-0.8957063147060198,893
age_18-24,dep_hour_share_leisure_11,0.05162652015142886,0.05252686808,-0.09003479285711394,893
age_18-24,dep_hour_share_leisure_12,0.06023652383664444,0.05265061882,0.758590501664444,893
age_18-24,dep_hour_share_leisure_13,0.03196086971087809,0.06150753248,-2.9546662769121914,893
age_18-24,dep_hour_share_leisure_14,0.047740292807129214,0.04834662628,-0.060633347287078476,893
age_18-24,dep_hour_share_leisure_15,0.07765754296626352,0.1010176195,-2.336007653373648,893
age_18-24,dep_hour_share_leisure_16,0.14687259204663472,0.1084790178,3.8393574246634725,893
age_18-24,dep_hour_share_leisure_17,0.1336058159402325,0.1137904161,1.9815399840232493,893
age_18-24,dep_hour_share_leisure_18,0.15427652517672283,0.1352658494,1.901067577672283,893
age_18-24,dep_hour_share_leisure_19,0.08656906429026098,0.1165758567,-3.000679240973901,893
age_18-24,dep_hour_share_leisure_20,0.027438105129150056,0.05583868812,-2.8400582990849945,893
age_18-24,dep_hour_share_leisure_21,0.017253509330295822,0.03859737112,-2.1343861789704177,893
age_18-24,dep_hour_share_leisure_22,0.040336359677041106,0.01820037088,2.2135988797041106,893
age_18-24,dep_hour_share_leisure_23,0.0017756038728265603,0.0,0.17756038728265602,893
age_18-24,dep_hour_share_leisure_4,0.0007705450768869979,0.001289111248,-0.051856617111300206,893
age_18-24,dep_hour_share_leisure_5,0.00036852155851117293,0.0,0.03685215585111729,893
age_18-24,dep_hour_share_leisure_6,0.002378639150390298,0.006702918364,-0.43242792136097014,893
age_18-24,dep_hour_share_leisure_7,0.017085999530972562,0.008876328858,0.8209670672972562,893
age_18-24,dep_hour_share_leisure_8,0.0378237126871922,0.01015999501,2.76637176771922,893
age_18-24,dep_hour_share_leisure_9,0.03504305001842608,0.03382672897,0.1216321048426082,893
age_18-24,dep_hour_share_other_10,0.04412703479093521,0.117216012,-7.308897720906479,893
age_18-24,dep_hour_share_other_11,0.06527290137248644,0.07209096089,-0.6818059517513562,893
age_18-24,dep_hour_share_other_12,0.1050111714012129,0.05781988174,4.719128966121289,893
age_18-24,dep_hour_share_other_13,0.06335780402170443,0.118511811,-5.515400697829556,893
age_18-24,dep_hour_share_other_14,0.06200127673156719,0.1039058685,-4.190459176843281,893
age_18-24,dep_hour_share_other_15,0.0970315991062879,0.1426642749,-4.563267579371209,893
age_18-24,dep_hour_share_other_16,0.041573571656559206,0.1481865664,-10.66129947434408,893
age_18-24,dep_hour_share_other_17,0.12559846792211937,0.04089013149,8.470833643211936,893
age_18-24,dep_hour_share_other_18,0.06567187998723269,0.02609496754,3.957691244723269,893
age_18-24,dep_hour_share_other_19,0.013804660070220236,0.008629403325,0.5175256745220236,893
age_18-24,dep_hour_share_other_20,0.027290137248643473,0.0,2.7290137248643473,893
age_18-24,dep_hour_share_other_21,0.04013724864347271,0.0,4.013724864347271,893
age_18-24,dep_hour_share_other_22,0.005346313437599745,0.0,0.5346313437599745,893
age_18-24,dep_hour_share_other_23,0.0023140759655282477,0.0,0.23140759655282478,893
age_18-24,dep_hour_share_other_4,0.0003989786147462496,0.0,0.03989786147462496,893
age_18-24,dep_hour_share_other_5,0.0013565272901372486,0.0,0.13565272901372485,893
age_18-24,dep_hour_share_other_6,0.04221193744015321,0.008060061011,3.415187642915321,893
age_18-24,dep_hour_share_other_7,0.06224066390041494,0.02260816915,3.9632494750414944,893
age_18-24,dep_hour_share_other_8,0.05936801787424194,0.07815482528,-1.8786807405758068,893
age_18-24,dep_hour_share_other_9,0.07468879668049792,0.05516706685,1.9521729830497923,893
age_18-24,dep_hour_share_shop_10,0.06843811671835354,0.01897096944,4.946714727835354,893
age_18-24,dep_hour_share_shop_11,0.03679165491965041,0.06281294543,-2.602129051034959,893
age_18-24,dep_hour_share_shop_12,0.05286157316041725,0.09938698379,-4.652541062958274,893
age_18-24,dep_hour_share_shop_13,0.046659148576261626,0.1007398641,-5.408071552373838,893
age_18-24,dep_hour_share_shop_14,0.07985621652100366,0.06651575496,1.3340461561003658,893
age_18-24,dep_hour_share_shop_15,0.14378347899633492,0.1866778874,-4.289440840366507,893
age_18-24,dep_hour_share_shop_16,0.06272906681702847,0.09368439708,-3.095533026297152,893
age_18-24,dep_hour_share_shop_17,0.14822385114180997,0.1038333869,4.439046424180996,893
age_18-24,dep_hour_share_shop_18,0.13067380885255145,0.05401011441,7.666369444255144,893
age_18-24,dep_hour_share_shop_19,0.0334085142373837,0.04229752422,-0.8889009982616297,893
age_18-24,dep_hour_share_shop_20,0.004722300535663942,0.03410551903,-2.9383218494336063,893
age_18-24,dep_hour_share_shop_21,0.023541020580772485,0.01732718335,0.6213837230772484,893
age_18-24,dep_hour_share_shop_22,0.027065125458133634,0.0,2.7065125458133634,893
age_18-24,dep_hour_share_shop_23,7.0482097547223e-05,0.0,0.007048209754722301,893
age_18-24,dep_hour_share_shop_4,0.0,0.0,0.0,893
age_18-24,dep_hour_share_shop_5,0.00021144629264166902,0.002847337897,-0.26358916043583314,893
age_18-24,dep_hour_share_shop_6,0.001268677755850014,0.0,0.1268677755850014,893
age_18-24,dep_hour_share_shop_7,0.02466873414152805,0.003504804092,2.1163930049528052,893
age_18-24,dep_hour_share_shop_8,0.04771638003946997,0.05225400101,-0.4537620970530031,893
age_18-24,dep_hour_share_shop_9,0.0664646179870313,0.06103132682,0.5433291167031291,893
age_18-24,dep_hour_share_work_10,0.03754423757501154,0.02259725549,1.494698208501154,893
age_18-24,dep_hour_share_work_11,0.031235574703800586,0.02100725469,1.0228320013800585,893
age_18-24,dep_hour_share_work_12,0.03073549776888752,0.0673294876,-3.659398983111248,893
age_18-24,dep_hour_share_work_13,0.03488998307431913,0.04425739801,-0.9367414935680871,893
age_18-24,dep_hour_share_work_14,0.013425142329589168,0.02296553244,-0.9540390110410831,893
age_18-24,dep_hour_share_work_15,0.015233112786582551,0.01421659067,0.10165221165825515,893
age_18-24,dep_hour_share_work_16,0.010040006154793045,0.02749113726,-1.7451131105206956,893
age_18-24,dep_hour_share_work_17,0.004000615479304508,0.01921930609,-1.5218690610695491,893
age_18-24,dep_hour_share_work_18,0.003615940913986767,0.008101323702,-0.4485382788013233,893
age_18-24,dep_hour_share_work_19,0.006770272349592245,0.0,0.6770272349592245,893
age_18-24,dep_hour_share_work_20,0.016925680873980612,0.01068788997,0.6237790903980612,893
age_18-24,dep_hour_share_work_21,0.004923834436067087,0.002276105451,0.2647728985067087,893
age_18-24,dep_hour_share_work_22,0.00030773965225419295,0.0,0.030773965225419295,893
age_18-24,dep_hour_share_work_23,0.00011540236959532236,0.0,0.011540236959532236,893
age_18-24,dep_hour_share_work_4,0.016579473765194645,0.004549769724,1.2029704041194644,893
age_18-24,dep_hour_share_work_5,0.13682874288352054,0.07302180838,6.380693450352054,893
age_18-24,dep_hour_share_work_6,0.23699799969226035,0.2369148277,0.008317199226035021,893
age_18-24,dep_hour_share_work_7,0.2534620710878597,0.293810017,-4.03479459121403,893
age_18-24,dep_hour_share_work_8,0.08662871210955532,0.1096593637,-2.303065159044468,893
age_18-24,dep_hour_share_work_9,0.052700415448530546,0.02189493214,3.0805483308530546,893
age_18-24,mean_work_activity_h,6.510190421234853,6.812952307,-0.30276188576514684,893
age_18-24,mobility_rate,0.8193879633845719,0.7546605455,6.472741788457192,893
age_18-24,n_persons_unweighted,63689.0,893.0,62796.0,893
age_18-24,n_persons_weighted,63689.0,52074.31211,11614.687890000001,893
age_18-24,n_work_activities_measured,25995.0,309.0,25686.0,893
age_18-24,nonhome_acts_per_mobile,2.042904227187368,2.084417489,-0.04151326181263171,893
age_18-24,participation_education,0.23374523073058143,0.334489587,-10.074435626941854,893
age_18-24,participation_escort,0.06760979132974297,0.02815135473,3.945843659974297,893
age_18-24,participation_home,0.8193879633845719,0.7424896041,7.689835928457189,893
age_18-24,participation_leisure,0.3487415409254345,0.3696243154,-2.088277447456549,893
age_18-24,participation_other,0.17119125751699665,0.07997782929,9.121342822699665,893
age_18-24,participation_shop,0.20758686743393678,0.1781573512,2.9429516233936774,893
age_18-24,participation_work,0.35475513824993327,0.2871962929,6.755884534993328,893
age_18-24,purpose_share_education,0.09769771030833675,0.159334404,-6.1636693691663265,893
age_18-24,purpose_share_escort,0.02852403598836782,0.01309209486,1.543194112836782,893
age_18-24,purpose_share_home,0.4403798305565179,0.4153081079,2.5071722656517914,893
age_18-24,purpose_share_leisure,0.15668272915288758,0.1797186293,-2.3035900147112405,893
age_18-24,purpose_share_other,0.06578270500666646,0.03396281963,3.1819885376666455,893
age_18-24,purpose_share_shop,0.07447534460856876,0.07914112503,-0.46657804214312315,893
age_18-24,purpose_share_work,0.13645764437865474,0.1194428193,1.7014825078654732,893
age_18-24,share_mobile_first_from_home,1.0,0.9406851375,5.931486249999995,893
age_18-24,share_mobile_last_to_home,1.0,0.9660975119,3.390248809999996,893
age_18-24,share_mobile_odd_trip_count,0.3491741079983137,0.2136054659,13.556864209831371,893
age_18-24,share_trips_0,0.1806120366154281,0.2453394545,-6.472741788457189,893
age_18-24,share_trips_1,0.0019626623121732165,0.006018493157,-0.4055830844826784,893
age_18-24,share_trips_2,0.2836282560567759,0.3013416917,-1.771343564322414,893
age_18-24,share_trips_3,0.12650536199343684,0.07133340527,5.517195672343685,893
age_18-24,share_trips_4,0.17324812762015418,0.210344162,-3.7096034379845824,893
age_18-24,share_trips_5,0.11744571276044528,0.05463050607,6.281520669044529,893
age_18-24,share_trips_6,0.07301103801284366,0.06955324763,0.3457790382843662,893
age_18-24,share_trips_7,0.03276860996404403,0.01833388261,1.4434727354044028,893
age_18-24,share_trips_8plus,0.010818194664698771,0.02310515705,-1.2286962385301228,893
age_18-24,share_trips_followed_by_same_purpose,0.09408102631938102,0.04177658799,5.230443832938102,893
age_18-24,share_trips_home_based,0.8435482347012693,0.8218979499,2.1650284801269293,893
age_18-24,share_trips_unknown_purpose,0.0,0.001902570424,-0.1902570424,893
age_18-24,share_work_activities_lt_2h,0.14402769763416043,0.0748682609,6.915943673416043,893
age_18-24,tours_per_mobile,1.607615069175641,1.475755717,0.13185935217564104,893
age_18-24,trips_per_mobile_person,3.6505192963630093,3.560173206,0.09034609036300933,893
age_18-24,trips_per_person,2.9911915715429664,2.686722253,0.3044693185429663,893
age_18-24,trips_per_person_education,0.29223256763334327,0.4272728227,-0.13504025506665673,893
age_18-24,trips_per_person_escort,0.08532085603479407,0.03510790004,0.05021295599479407,893
age_18-24,trips_per_person_home,1.3172604374381762,1.113694614,0.2035658234381763,893
age_18-24,trips_per_person_leisure,0.4686680588484668,0.4819353769,-0.013267318051533195,893
age_18-24,trips_per_person_other,0.196768672769238,0.09107505629,0.10569361647923801,893
age_18-24,trips_per_person_shop,0.2227700230809088,0.2122256778,0.010544345280908779,893
age_18-24,trips_per_person_work,0.4081709557380395,0.3202991272,0.08787182853803954,893
age_25-44,dep_hour_share_all_10,0.033869756776104806,0.02935278429,0.45169724861048066,4025
age_25-44,dep_hour_share_all_11,0.04159192629367292,0.03903459805,0.25573282436729194,4025
age_25-44,dep_hour_share_all_12,0.05861818097161515,0.05083562843,0.7782552541615146,4025
age_25-44,dep_hour_share_all_13,0.057641560497506066,0.05847497675,-0.0833416252493932,4025
age_25-44,dep_hour_share_all_14,0.06976725236734432,0.07454956686,-0.4782314492655676,4025
age_25-44,dep_hour_share_all_15,0.0847995250760984,0.08547313505,-0.067360997390159,4025
age_25-44,dep_hour_share_all_16,0.095193141540127,0.1027285578,-0.7535416259873001,4025
age_25-44,dep_hour_share_all_17,0.08140405198554276,0.09686879024,-1.546473825445724,4025
age_25-44,dep_hour_share_all_18,0.06329525017896949,0.06613640102,-0.284115084103051,4025
age_25-44,dep_hour_share_all_19,0.045291210997747605,0.04156726866,0.3723942337747609,4025
age_25-44,dep_hour_share_all_20,0.030975980258065267,0.03107559391,-0.009961365193473376,4025
age_25-44,dep_hour_share_all_21,0.021155066145957618,0.01904776471,0.21073014359576162,4025
age_25-44,dep_hour_share_all_22,0.01731609794141441,0.01723390815,0.008218979141440957,4025
age_25-44,dep_hour_share_all_23,0.009295936956180122,0.003892511866,0.5403425090180122,4025
age_25-44,dep_hour_share_all_4,0.005049558541937061,0.003105880327,0.1943678214937061,4025
age_25-44,dep_hour_share_all_5,0.02544916975619409,0.02100437761,0.4444792146194091,4025
age_25-44,dep_hour_share_all_6,0.05849130179202291,0.03752643822,2.096486357202291,4025
age_25-44,dep_hour_share_all_7,0.08470407468411158,0.110174645,-2.5470570315888423,4025
age_25-44,dep_hour_share_all_8,0.06101724509216201,0.07897970077,-1.7962455677837983,4025
age_25-44,dep_hour_share_all_9,0.040504723048359594,0.03065365709,0.9851065958359593,4025
age_25-44,dep_hour_share_education_10,0.034223706176961605,0.02641891161,0.7804794566961603,4025
age_25-44,dep_hour_share_education_11,0.045075125208681135,0.02744738155,1.7627743658681134,4025
age_25-44,dep_hour_share_education_12,0.09237618252643294,0.0269026847,6.547349782643294,4025
age_25-44,dep_hour_share_education_13,0.05342237061769616,0.08153439236,-2.8112021742303837,4025
age_25-44,dep_hour_share_education_14,0.037562604340567615,0.1084028729,-7.084026855943239,4025
age_25-44,dep_hour_share_education_15,0.04359117046930069,0.06961964452,-2.602847405069931,4025
age_25-44,dep_hour_share_education_16,0.02096086069374884,0.06204862759,-4.108776689625116,4025
age_25-44,dep_hour_share_education_17,0.0038953811908736783,0.0367147792,-3.2819398009126317,4025
age_25-44,dep_hour_share_education_18,0.02235206826191801,0.01074641341,1.160565485191801,4025
age_25-44,dep_hour_share_education_19,0.0,0.01173627202,-1.173627202,4025
age_25-44,dep_hour_share_education_20,0.0,0.0,0.0,4025
age_25-44,dep_hour_share_education_21,0.0,0.008324041908,-0.8324041908,4025
age_25-44,dep_hour_share_education_22,0.0,0.0,0.0,4025
age_25-44,dep_hour_share_education_23,0.0,0.0,0.0,4025
age_25-44,dep_hour_share_education_4,0.003617139677239844,0.0,0.3617139677239844,4025
age_25-44,dep_hour_share_education_5,0.008347245409015025,0.0,0.8347245409015025,4025
age_25-44,dep_hour_share_education_6,0.07160081617510666,0.02785585686,4.374495931510666,4025
age_25-44,dep_hour_share_education_7,0.4271007234279354,0.2431989634,18.39017600279354,4025
age_25-44,dep_hour_share_education_8,0.11509923947319607,0.1696731779,-5.457393842680393,4025
age_25-44,dep_hour_share_education_9,0.020589872008903727,0.08937598006,-6.878610805109628,4025
age_25-44,dep_hour_share_escort_10,0.009896749521988527,0.007296551807,0.2600197714988527,4025
age_25-44,dep_hour_share_escort_11,0.023464627151051624,0.02120520619,0.22594209610516253,4025
age_25-44,dep_hour_share_escort_12,0.07091395793499045,0.04721467212,2.3699285814990443,4025
age_25-44,dep_hour_share_escort_13,0.0809942638623327,0.09357296788,-1.2578704017667295,4025
age_25-44,dep_hour_share_escort_14,0.16848948374760994,0.130670501,3.781898274760995,4025
age_25-44,dep_hour_share_escort_15,0.12677629063097515,0.1267819293,-0.0005638669024865539,4025
age_25-44,dep_hour_share_escort_16,0.0655602294455067,0.05071967507,1.48405543755067,4025
age_25-44,dep_hour_share_escort_17,0.03515105162523901,0.05279784819,-1.7646796564760994,4025
age_25-44,dep_hour_share_escort_18,0.03586998087954111,0.01817284159,1.769713928954111,4025
age_25-44,dep_hour_share_escort_19,0.01578585086042065,0.007804126756,0.7981724104420649,4025
age_25-44,dep_hour_share_escort_20,0.004359464627151052,0.0003713339033,0.3988130723851052,4025
age_25-44,dep_hour_share_escort_21,0.005139579349904398,0.002670445741,0.2469133608904398,4025
age_25-44,dep_hour_share_escort_22,0.0015908221797323137,0.02141109736,-1.9820275180267684,4025
age_25-44,dep_hour_share_escort_23,0.0009024856596558318,0.0,0.09024856596558317,4025
age_25-44,dep_hour_share_escort_4,0.002447418738049713,0.0,0.2447418738049713,4025
age_25-44,dep_hour_share_escort_5,0.002722753346080306,0.0005714581752,0.2151295170880306,4025
age_25-44,dep_hour_share_escort_6,0.05382791586998088,0.01192044468,4.190747118998088,4025
age_25-44,dep_hour_share_escort_7,0.1738432122370937,0.2583130331,-8.446982086290628,4025
age_25-44,dep_hour_share_escort_8,0.09907456978967495,0.1347702211,-3.569565131032505,4025
age_25-44,dep_hour_share_escort_9,0.01927342256214149,0.009764125762,0.9509296800141491,4025
age_25-44,dep_hour_share_home_10,0.020149130266942598,0.0257201201,-0.5570989833057403,4025
age_25-44,dep_hour_share_home_11,0.04405409092360339,0.0382674508,0.5786640123603394,4025
age_25-44,dep_hour_share_home_12,0.06969474444970118,0.0410214586,2.867328584970118,4025
age_25-44,dep_hour_share_home_13,0.05924865977227013,0.06200003835,-0.27513785777298694,4025
age_25-44,dep_hour_share_home_14,0.07123016506497239,0.08132017858,-1.0090013515027612,4025
age_25-44,dep_hour_share_home_15,0.10522710583372759,0.1010822646,0.4144841233727589,4025
age_25-44,dep_hour_share_home_16,0.12313841134760008,0.1384557829,-1.5317371552399914,4025
age_25-44,dep_hour_share_home_17,0.11120624849432997,0.1331026752,-2.189642670567002,4025
age_25-44,dep_hour_share_home_18,0.08558010745041811,0.09261052467,-0.7030417219581891,4025
age_25-44,dep_hour_share_home_19,0.0642206361691691,0.05089554471,1.332509145916911,4025
age_25-44,dep_hour_share_home_20,0.05775097161068235,0.05684347064,0.09075009706823525,4025
age_25-44,dep_hour_share_home_21,0.04000510839372945,0.03274124022,0.7263868173729447,4025
age_25-44,dep_hour_share_home_22,0.03732320168576993,0.02815653928,0.9166662405769928,4025
age_25-44,dep_hour_share_home_23,0.019780513219420023,0.00754118837,1.2239324849420024,4025
age_25-44,dep_hour_share_home_4,3.192746080904186e-05,0.0002017456656,-0.016981820479095813,4025
age_25-44,dep_hour_share_home_5,0.000940408845648142,0.005221632523,-0.42812236773518575,4025
age_25-44,dep_hour_share_home_6,0.0024526094894218517,0.006611835438,-0.4159225948578148,4025
age_25-44,dep_hour_share_home_7,0.0158882654971541,0.03017629035,-1.4288024852845898,4025
age_25-44,dep_hour_share_home_8,0.024241650243374328,0.04812328746,-2.388163721662567,4025
age_25-44,dep_hour_share_home_9,0.022738157088912175,0.01763454772,0.5103609368912174,4025
age_25-44,dep_hour_share_leisure_10,0.038900531866039895,0.02700385503,1.1896676836039894,4025
age_25-44,dep_hour_share_leisure_11,0.03521003281371329,0.037845402,-0.2635369186286707,4025
age_25-44,dep_hour_share_leisure_12,0.057194385765695056,0.0632204461,-0.6026060334304938,4025
age_25-44,dep_hour_share_leisure_13,0.05441398715839923,0.03932223107,1.509175608839923,4025
age_25-44,dep_hour_share_leisure_14,0.06583616522080372,0.0600168606,0.5819304620803725,4025
age_25-44,dep_hour_share_leisure_15,0.0802140823432164,0.08739013564,-0.71760532967836,4025
age_25-44,dep_hour_share_leisure_16,0.13872769627693773,0.1438486555,-0.5120959223062271,4025
age_25-44,dep_hour_share_leisure_17,0.13580535539839855,0.1477244444,-1.1919089001601435,4025
age_25-44,dep_hour_share_leisure_18,0.11375420608347875,0.117110796,-0.3356589916521255,4025
age_25-44,dep_hour_share_leisure_19,0.08651798909549376,0.1128861458,-2.6368156704506247,4025
age_25-44,dep_hour_share_leisure_20,0.03185351557607688,0.03746674649,-0.5613230913923122,4025
age_25-44,dep_hour_share_leisure_21,0.02013075388045121,0.01625238859,0.387836529045121,4025
age_25-44,dep_hour_share_leisure_22,0.009819065351891589,0.01404944481,-0.4230379458108412,4025
age_25-44,dep_hour_share_leisure_23,0.0022794258852605474,0.002662663419,-0.038323753373945266,4025
age_25-44,dep_hour_share_leisure_4,4.174772683627376e-05,0.002551764697,-0.2510016970163726,4025
age_25-44,dep_hour_share_leisure_5,0.006136915844932244,0.008189518441,-0.20526025960677566,4025
age_25-44,dep_hour_share_leisure_6,0.018018318902535756,0.01320803356,0.4810285342535756,4025
age_25-44,dep_hour_share_leisure_7,0.020473085240508653,0.01732781009,0.31452751505086535,4025
age_25-44,dep_hour_share_leisure_8,0.03738926415456678,0.02546712609,1.192213806456678,4025
age_25-44,dep_hour_share_leisure_9,0.04272462364424257,0.02589343178,1.6831191864242572,4025
age_25-44,dep_hour_share_other_10,0.07320956967531458,0.05412017233,1.9089397345314583,4025
age_25-44,dep_hour_share_other_11,0.06632230335042204,0.0789802017,-1.2657898349577965,4025
age_25-44,dep_hour_share_other_12,0.05552534824711305,0.05983446371,-0.4309115462886953,4025
age_25-44,dep_hour_share_other_13,0.07708042048573352,0.04273636165,3.434405883573352,4025
age_25-44,dep_hour_share_other_14,0.10451297188131117,0.1265055826,-2.1992610718688828,4025
age_25-44,dep_hour_share_other_15,0.10254518150277044,0.1352309765,-3.2685794997229554,4025
age_25-44,dep_hour_share_other_16,0.09375485474599969,0.1316381246,-3.7883269854000297,4025
age_25-44,dep_hour_share_other_17,0.07612241727512817,0.04966564691,2.645677036512817,4025
age_25-44,dep_hour_share_other_18,0.055590078193775566,0.03138908936,2.4200988833775567,4025
age_25-44,dep_hour_share_other_19,0.04755061881829009,0.006066265421,4.1484353397290095,4025
age_25-44,dep_hour_share_other_20,0.02322510486251359,0.004669368886,1.8555735976513592,4025
age_25-44,dep_hour_share_other_21,0.009230490394075915,0.01009070344,-0.08602130459240842,4025
age_25-44,dep_hour_share_other_22,0.006032831028947232,0.009226448133,-0.3193617104052767,4025
age_25-44,dep_hour_share_other_23,0.008673812852778209,0.0,0.8673812852778209,4025
age_25-44,dep_hour_share_other_4,0.00015535187199005747,0.0,0.015535187199005747,4025
age_25-44,dep_hour_share_other_5,0.002045466314535757,0.002621566313,-0.05760999984642432,4025
age_25-44,dep_hour_share_other_6,0.013153125161824866,0.01949225706,-0.6339131898175134,4025
age_25-44,dep_hour_share_other_7,0.052845528455284556,0.04723864121,0.5606887245284554,4025
age_25-44,dep_hour_share_other_8,0.05775205841230387,0.09630056464,-3.8548506227696135,4025
age_25-44,dep_hour_share_other_9,0.06882087929159546,0.09419356547,-2.5372686178404544,4025
age_25-44,dep_hour_share_shop_10,0.08996143020952778,0.06803486304,2.1926567169527775,4025
age_25-44,dep_hour_share_shop_11,0.08461030612599466,0.06635659884,1.8253707285994651,4025
age_25-44,dep_hour_share_shop_12,0.06379651829458981,0.07726087357,-1.3464355275410191,4025
age_25-44,dep_hour_share_shop_13,0.04965426178810939,0.04675210802,0.2902153768109386,4025
age_25-44,dep_hour_share_shop_14,0.08514889329024636,0.08259293623,0.2555957060246361,4025
age_25-44,dep_hour_share_shop_15,0.10177560026408145,0.0909313898,1.0844210464081447,4025
age_25-44,dep_hour_share_shop_16,0.14017165294138087,0.1393931915,0.07784614413808566,4025
age_25-44,dep_hour_share_shop_17,0.09913478578129886,0.1325312315,-3.339644571870115,4025
age_25-44,dep_hour_share_shop_18,0.062093887904374714,0.0866208823,-2.4526994395625277,4025
age_25-44,dep_hour_share_shop_19,0.023697835227075296,0.03743184982,-1.3734014592924706,4025
age_25-44,dep_hour_share_shop_20,0.006028701483720768,0.01958655162,-1.355785013627923,4025
age_25-44,dep_hour_share_shop_21,0.0020674797595468916,0.01126433868,-0.9196858920453108,4025
age_25-44,dep_hour_share_shop_22,0.0008860627540915251,0.002536911833,-0.16508490789084748,4025
age_25-44,dep_hour_share_shop_23,0.0007644462976475903,0.0,0.07644462976475903,4025
age_25-44,dep_hour_share_shop_4,0.000277980471871851,0.0,0.0277980471871851,4025
age_25-44,dep_hour_share_shop_5,0.00019111157441189757,0.0001243325662,0.006677900821189757,4025
age_25-44,dep_hour_share_shop_6,0.008269919038187567,0.003842382528,0.4427536510187567,4025
age_25-44,dep_hour_share_shop_7,0.03410472914277772,0.03503773812,-0.09330089772222813,4025
age_25-44,dep_hour_share_shop_8,0.04588415163834741,0.04984367514,-0.3959523501652594,4025
age_25-44,dep_hour_share_shop_9,0.09538204941102887,0.04985814484,4.552390457102887,4025
age_25-44,dep_hour_share_work_10,0.030718932915551493,0.02775671931,0.29622136055514925,4025
age_25-44,dep_hour_share_work_11,0.023516548077550752,0.03089445661,-0.7377908532449247,4025
age_25-44,dep_hour_share_work_12,0.032111539047370366,0.05180966087,-1.9698121822629637,4025
age_25-44,dep_hour_share_work_13,0.04300759405531258,0.05380842665,-1.0800832594687422,4025
age_25-44,dep_hour_share_work_14,0.016950627760732858,0.0228067842,-0.5856156439267142,4025
age_25-44,dep_hour_share_work_15,0.02421829101116261,0.01733496191,0.688332910116261,4025
age_25-44,dep_hour_share_work_16,0.01586809408795178,0.008581947131,0.728614695695178,4025
age_25-44,dep_hour_share_work_17,0.007768131079052157,0.008768448911,-0.10003178319478419,4025
age_25-44,dep_hour_share_work_18,0.004422612442065409,0.003612725887,0.08098865550654087,4025
age_25-44,dep_hour_share_work_19,0.001914833431250952,0.00134504902,0.056978441125095196,4025
age_25-44,dep_hour_share_work_20,0.002573057423243467,0.003590311475,-0.1017254051756533,4025
age_25-44,dep_hour_share_work_21,0.004417172574362992,0.008217950353,-0.3800777778637009,4025
age_25-44,dep_hour_share_work_22,0.001196770894531845,0.0003123685422,0.0884402352331845,4025
age_25-44,dep_hour_share_work_23,0.0006799834628021847,0.002312288664,-0.16323052011978154,4025
age_25-44,dep_hour_share_work_4,0.02227625824139957,0.01340819879,0.886805945139957,4025
age_25-44,dep_hour_share_work_5,0.11079378549513676,0.08837114296,2.2422642535136763,4025
age_25-44,dep_hour_share_work_6,0.22555323454533585,0.1519441065,7.3609128045335845,4025
age_25-44,dep_hour_share_work_7,0.2329732140914333,0.3004886393,-6.751542520856674,4025
age_25-44,dep_hour_share_work_8,0.1347400831211785,0.1545272577,-1.978717457882151,4025
age_25-44,dep_hour_share_work_9,0.051994255499706245,0.0457817992,0.6212456299706244,4025
age_25-44,mean_work_activity_h,5.630386848178795,6.30967192,-0.6792850718212051,4025
age_25-44,mobility_rate,0.877702226311827,0.8781907671,-0.04885407881729531,4025
age_25-44,n_persons_unweighted,251043.0,4025.0,247018.0,4025
age_25-44,n_persons_weighted,251043.0,199882.6486,51160.351400000014,4025
age_25-44,n_work_activities_measured,183569.0,2600.0,180969.0,4025
age_25-44,nonhome_acts_per_mobile,2.3352621618309803,2.338478239,-0.0032160771690197265,4025
age_25-44,participation_education,0.03613325207235414,0.03817704481,-0.20437927376458567,4025
age_25-44,participation_escort,0.16368908912019056,0.2139314898,-5.024240067980945,4025
age_25-44,participation_home,0.877702226311827,0.8664663577,1.1235868611827016,4025
age_25-44,participation_leisure,0.35119083184952377,0.3519283511,-0.07375192504762151,4025
age_25-44,participation_other,0.2179825766900491,0.1266739587,9.130861799004911,4025
age_25-44,participation_shop,0.19771114908601314,0.2531729059,-5.5461756813986876,4025
age_25-44,participation_work,0.5676358233450046,0.5710853725,-0.34495491549954016,4025
age_25-44,purpose_share_education,0.01255056251709668,0.01234228039,0.020828212709667927,4025
age_25-44,purpose_share_escort,0.07609840702608008,0.1066532473,-3.055484027391993,4025
age_25-44,purpose_share_home,0.4010441341660022,0.4085153751,-0.7471240933997814,4025
age_25-44,purpose_share_leisure,0.1394122816717787,0.1418072416,-0.23949599282213074,4025
age_25-44,purpose_share_other,0.08991426925158745,0.04337982444,4.653444481158745,4025
age_25-44,purpose_share_shop,0.06699919099972645,0.08947511376,-2.247592276027355,4025
age_25-44,purpose_share_work,0.21398115436772847,0.1978269174,1.6154236967728468,4025
age_25-44,share_mobile_first_from_home,1.0,0.9727469658,2.7253034200000026,4025
age_25-44,share_mobile_last_to_home,1.0,0.9661972261,3.380277389999997,4025
age_25-44,share_mobile_odd_trip_count,0.29088095270512526,0.2489258215,4.195513120512525,4025
age_25-44,share_trips_0,0.12229777368817295,0.1218092329,0.04885407881729531,4025
age_25-44,share_trips_1,0.00031070374398011494,0.006205911764,-0.5895208020019885,4025
age_25-44,share_trips_2,0.29704871277032224,0.3005872781,-0.35385653296777786,4025
age_25-44,share_trips_3,0.1203499002162976,0.09065990804,2.96899921762976,4025
age_25-44,share_trips_4,0.21158128288779213,0.2270095403,-1.542825741220788,4025
age_25-44,share_trips_5,0.0821652067574081,0.0716958831,1.0469323657408103,4025
age_25-44,share_trips_6,0.07057755045948304,0.08548423682,-1.4906686360516965,4025
age_25-44,share_trips_7,0.0387224499388551,0.03189912385,0.6823326088855095,4025
age_25-44,share_trips_8plus,0.05694641953768876,0.06464888519,-0.7702465652311246,4025
age_25-44,share_trips_followed_by_same_purpose,0.1106304964002398,0.05382549989,5.680499651023979,4025
age_25-44,share_trips_home_based,0.7818690816391859,0.8176476408,-3.577855916081407,4025
age_25-44,share_trips_unknown_purpose,0.0,0.001274407943,-0.12744079430000002,4025
age_25-44,share_work_activities_lt_2h,0.2192853913242432,0.1059530374,11.33323539242432,4025
age_25-44,tours_per_mobile,1.563626379112376,1.611618956,-0.04799257688762415,4025
age_25-44,trips_per_mobile_person,3.898888540943356,3.950097195,-0.05120865405664432,4025
age_25-44,trips_per_person,3.4220631525276546,3.468938886,-0.04687573347234553,4025
age_25-44,trips_per_person_education,0.04294881753325128,0.04276005311,0.0001887644232512753,4025
age_25-44,trips_per_person_escort,0.2604135546500002,0.3695020997,-0.10908854504999976,4025
age_25-44,trips_per_person_home,1.3723983540668332,1.415308888,-0.042910533933166795,4025
age_25-44,trips_per_person_leisure,0.4770776321188004,0.491293747,-0.014216114881199615,4025
age_25-44,trips_per_person_other,0.3076923076923077,0.1502901845,0.1574021231923077,4025
age_25-44,trips_per_person_shop,0.22927546276932637,0.309988146,-0.08071268323067365,4025
age_25-44,trips_per_person_work,0.7322570236971355,0.6853749247,0.04688209899713547,4025
age_45-64,dep_hour_share_all_10,0.04143453081953557,0.04680343587,-0.5368905050464432,5681
age_45-64,dep_hour_share_all_11,0.04888543078422625,0.04934325941,-0.045782862577375266,5681
age_45-64,dep_hour_share_all_12,0.05805105261933809,0.06233942474,-0.42883721206619163,5681
age_45-64,dep_hour_share_all_13,0.06284001074079791,0.06205620181,0.07838089307979079,5681
age_45-64,dep_hour_share_all_14,0.06986910181134677,0.06321266472,0.6656437091346765,5681
age_45-64,dep_hour_share_all_15,0.07909921072050033,0.0843216828,-0.5222472079499676,5681
age_45-64,dep_hour_share_all_16,0.088728928055683,0.09614078578,-0.7411857724317004,5681
age_45-64,dep_hour_share_all_17,0.084277205616507,0.09083277066,-0.6555565043493,5681
age_45-64,dep_hour_share_all_18,0.06388554707239255,0.07157503018,-0.7689483107607448,5681
age_45-64,dep_hour_share_all_19,0.04438085008763899,0.04848706328,-0.4106213192361007,5681
age_45-64,dep_hour_share_all_20,0.03738664546698156,0.02725067037,1.013597509698156,5681
age_45-64,dep_hour_share_all_21,0.02314874525068557,0.02017086581,0.2977879440685571,5681
age_45-64,dep_hour_share_all_22,0.015139662087732021,0.01174013787,0.33995242177320206,5681
age_45-64,dep_hour_share_all_23,0.00935802589208881,0.00469285664,0.466516925208881,5681
age_45-64,dep_hour_share_all_4,0.007696162279078913,0.00499284714,0.2703315139078913,5681
age_45-64,dep_hour_share_all_5,0.021897061715187023,0.01948566076,0.2411400955187024,5681
age_45-64,dep_hour_share_all_6,0.048471022046122005,0.05240261375,-0.3931591703877996,5681
age_45-64,dep_hour_share_all_7,0.07871123111110172,0.0849579084,-0.6246677288898286,5681
age_45-64,dep_hour_share_all_8,0.057329008823100325,0.05597711829,0.13518905331003223,5681
age_45-64,dep_hour_share_all_9,0.04563253362313754,0.0407157239,0.49168097231375374,5681
age_45-64,dep_hour_share_education_10,0.01282051282051282,0.0180264043,-0.520589147948718,5681
age_45-64,dep_hour_share_education_11,0.032151442307692304,0.0,3.2151442307692304,5681
age_45-64,dep_hour_share_education_12,0.06149839743589743,0.01280254679,4.869585064589743,5681
age_45-64,dep_hour_share_education_13,0.04757612179487179,0.06836111697,-2.0784995175128205,5681
age_45-64,dep_hour_share_education_14,0.03014823717948718,0.01214647967,1.8001757509487182,5681
age_45-64,dep_hour_share_education_15,0.04857772435897436,0.08074472984,-3.216700548102564,5681
age_45-64,dep_hour_share_education_16,0.014723557692307692,0.0695055698,-5.478201210769231,5681
age_45-64,dep_hour_share_education_17,0.009415064102564102,0.2210425892,-21.16275250974359,5681
age_45-64,dep_hour_share_education_18,0.012720352564102564,0.07639481756,-6.367446499589743,5681
age_45-64,dep_hour_share_education_19,0.007311698717948718,0.05714022957,-4.982853085205128,5681
age_45-64,dep_hour_share_education_20,0.005809294871794872,0.007588080157,-0.17787852852051284,5681
age_45-64,dep_hour_share_education_21,0.004006410256410256,0.0,0.4006410256410256,5681
age_45-64,dep_hour_share_education_22,0.0021033653846153845,0.0,0.21033653846153846,5681
age_45-64,dep_hour_share_education_23,0.0015024038461538462,0.0,0.15024038461538464,5681
age_45-64,dep_hour_share_education_4,0.0015024038461538462,0.0,0.15024038461538464,5681
age_45-64,dep_hour_share_education_5,0.0011017628205128205,0.0,0.11017628205128205,5681
age_45-64,dep_hour_share_education_6,0.18249198717948717,0.01219940897,17.029257820948718,5681
age_45-64,dep_hour_share_education_7,0.2949719551282051,0.1660867436,12.888521152820513,5681
age_45-64,dep_hour_share_education_8,0.14543269230769232,0.1450687591,0.03639332076923185,5681
age_45-64,dep_hour_share_education_9,0.08183092948717949,0.05289252447,2.893840501717949,5681
age_45-64,dep_hour_share_escort_10,0.019401745752070803,0.03040798242,-1.1006236667929197,5681
age_45-64,dep_hour_share_escort_11,0.04425137209632015,0.01626646173,2.798491036632015,5681
age_45-64,dep_hour_share_escort_12,0.049597990967454486,0.04870046625,0.08975247174544884,5681
age_45-64,dep_hour_share_escort_13,0.06683273588917918,0.05631628287,1.0516453019179182,5681
age_45-64,dep_hour_share_escort_14,0.1178888956396703,0.09469003003,2.31988656096703,5681
age_45-64,dep_hour_share_escort_15,0.12864289041456548,0.1349615955,-0.6318705085434528,5681
age_45-64,dep_hour_share_escort_16,0.08785466917795735,0.07123830026,1.6616368917957356,5681
age_45-64,dep_hour_share_escort_17,0.0763108329789173,0.06292308799,1.3387744988917303,5681
age_45-64,dep_hour_share_escort_18,0.03483403203920854,0.07691119255,-4.207716051079145,5681
age_45-64,dep_hour_share_escort_19,0.018389128541628694,0.05486997196,-3.648084341837131,5681
age_45-64,dep_hour_share_escort_20,0.015128501124005104,0.0160042763,-0.08757751759948945,5681
age_45-64,dep_hour_share_escort_21,0.005387123559552018,0.009413006713,-0.4025883153447983,5681
age_45-64,dep_hour_share_escort_22,0.004252992283856856,0.003357792542,0.08951997418568561,5681
age_45-64,dep_hour_share_escort_23,0.002936589910282115,0.0,0.2936589910282115,5681
age_45-64,dep_hour_share_escort_4,0.00040504688417684345,0.002366420474,-0.19613735898231566,5681
age_45-64,dep_hour_share_escort_5,0.0009923648662332665,0.005212890202,-0.4220525335766733,5681
age_45-64,dep_hour_share_escort_6,0.038398444619964764,0.03188321977,0.6515224849964765,5681
age_45-64,dep_hour_share_escort_7,0.18212933147011767,0.2017532159,-1.9623884429882332,5681
age_45-64,dep_hour_share_escort_8,0.07896389007027564,0.0553452899,2.3618600170275643,5681
age_45-64,dep_hour_share_escort_9,0.026976122486177777,0.02737851659,-0.0402394103822222,5681
age_45-64,dep_hour_share_home_10,0.030828028086450566,0.03274615955,-0.1918131463549435,5681
age_45-64,dep_hour_share_home_11,0.04367837276750859,0.04995478944,-0.6276416672491409,5681
age_45-64,dep_hour_share_home_12,0.06273630427158769,0.05941128641,0.33250178615876896,5681
age_45-64,dep_hour_share_home_13,0.07673601245101126,0.06880440994,0.7931602511011258,5681
age_45-64,dep_hour_share_home_14,0.07886835052258921,0.07011377843,0.8754572092589217,5681
age_45-64,dep_hour_share_home_15,0.08857010477382625,0.1030260406,-1.4455935826173745,5681
age_45-64,dep_hour_share_home_16,0.11484163614069848,0.1276099237,-1.276828755930151,5681
age_45-64,dep_hour_share_home_17,0.10637115993559469,0.1138892697,-0.7518109764405312,5681
age_45-64,dep_hour_share_home_18,0.08504777921981513,0.09739026656,-1.2342487340184864,5681
age_45-64,dep_hour_share_home_19,0.06548044162180565,0.0660255061,-0.0545064478194357,5681
age_45-64,dep_hour_share_home_20,0.06899508768696355,0.04802909426,2.096599342696355,5681
age_45-64,dep_hour_share_home_21,0.0444719199490082,0.03746494482,0.7006975129008198,5681
age_45-64,dep_hour_share_home_22,0.030077998008452556,0.02501954222,0.5058455788452556,5681
age_45-64,dep_hour_share_home_23,0.019679970101190065,0.008649559118,1.1030410983190064,5681
age_45-64,dep_hour_share_home_4,7.1675229296738e-05,0.001948822672,-0.1877147442703262,5681
age_45-64,dep_hour_share_home_5,0.0009548164474172599,0.002759668717,-0.18048522695827401,5681
age_45-64,dep_hour_share_home_6,0.0025649492769761243,0.01180691711,-0.9241967833023876,5681
age_45-64,dep_hour_share_home_7,0.01078712200915907,0.02017840632,-0.939128431084093,5681
age_45-64,dep_hour_share_home_8,0.020921487465794277,0.02617171359,-0.5250226124205722,5681
age_45-64,dep_hour_share_home_9,0.02546774486690166,0.02576795501,-0.030021014309834088,5681
age_45-64,dep_hour_share_leisure_10,0.03221593053982635,0.045839606,-1.362367546017365,5681
age_45-64,dep_hour_share_leisure_11,0.029505473763684408,0.03595036312,-0.6444889356315594,5681
age_45-64,dep_hour_share_leisure_12,0.04249905624764062,0.07327390558,-3.077484933235939,5681
age_45-64,dep_hour_share_leisure_13,0.04309550773876935,0.05364096284,-1.0545455101230652,5681
age_45-64,dep_hour_share_leisure_14,0.06299735749339373,0.06770694977,-0.4709592276606264,5681
age_45-64,dep_hour_share_leisure_15,0.08767836919592299,0.08657870366,0.10996655359229862,5681
age_45-64,dep_hour_share_leisure_16,0.126719516798792,0.1145215037,1.2198013098792009,5681
age_45-64,dep_hour_share_leisure_17,0.15137032842582107,0.1135313025,3.7839025925821073,5681
age_45-64,dep_hour_share_leisure_18,0.12098905247263118,0.1250131417,-0.4024089227368813,5681
age_45-64,dep_hour_share_leisure_19,0.0673763684409211,0.09221849853,-2.48421300890789,5681
age_45-64,dep_hour_share_leisure_20,0.03406568516421291,0.02974502018,0.4320664984212911,5681
age_45-64,dep_hour_share_leisure_21,0.019365798414496035,0.01528108855,0.40847098644960345,5681
age_45-64,dep_hour_share_leisure_22,0.010668176670441676,0.004577632951,0.6090543719441676,5681
age_45-64,dep_hour_share_leisure_23,0.004960362400906002,0.002233280054,0.27270823469060024,5681
age_45-64,dep_hour_share_leisure_4,0.00040770101925254813,0.004664541801,-0.4256840781747452,5681
age_45-64,dep_hour_share_leisure_5,0.00477916194790487,0.005880865137,-0.11017031890951301,5681
age_45-64,dep_hour_share_leisure_6,0.031204228010570028,0.02213485708,0.9069370930570028,5681
age_45-64,dep_hour_share_leisure_7,0.039426198565496416,0.02987178994,0.9554408625496416,5681
age_45-64,dep_hour_share_leisure_8,0.03731974329935825,0.04036823063,-0.30484873306417526,5681
age_45-64,dep_hour_share_leisure_9,0.048501321253303135,0.03567584755,1.2825473703303134,5681
age_45-64,dep_hour_share_other_10,0.07454323297504725,0.1185990949,-4.405586192495274,5681
age_45-64,dep_hour_share_other_11,0.08878558200805667,0.06569822999,2.3087352018056673,5681
age_45-64,dep_hour_share_other_12,0.07311136142347124,0.05037139347,2.2739967953471245,5681
age_45-64,dep_hour_share_other_13,0.07336909830275493,0.06753736176,0.5831736542754928,5681
age_45-64,dep_hour_share_other_14,0.09018881612860116,0.07529869747,1.4890118658601168,5681
age_45-64,dep_hour_share_other_15,0.08406995169819965,0.1137791554,-2.970920370180034,5681
age_45-64,dep_hour_share_other_16,0.08622730483590751,0.1024444725,-1.621716766409248,5681
age_45-64,dep_hour_share_other_17,0.057523053131980376,0.08398206746,-2.645901432801963,5681
age_45-64,dep_hour_share_other_18,0.03975830008209397,0.02892033184,1.0837968242093967,5681
age_45-64,dep_hour_share_other_19,0.033734893755130876,0.01294729499,2.0787598765130877,5681
age_45-64,dep_hour_share_other_20,0.014280532274384772,0.007570874662,0.6709657612384772,5681
age_45-64,dep_hour_share_other_21,0.010299929361003456,0.006193968075,0.41059612860034556,5681
age_45-64,dep_hour_share_other_22,0.0069970789820347845,0.003477762087,0.3519316895034784,5681
age_45-64,dep_hour_share_other_23,0.002023711792894099,0.006684960276,-0.46612484831059003,5681
age_45-64,dep_hour_share_other_4,0.003684682792722274,0.0,0.3684682792722274,5681
age_45-64,dep_hour_share_other_5,0.005460203516676531,0.002931527197,0.2528676319676531,5681
age_45-64,dep_hour_share_other_6,0.012762748429714199,0.01832017096,-0.55574225302858,5681
age_45-64,dep_hour_share_other_7,0.054497031252983066,0.06194564389,-0.7448612637016933,5681
age_45-64,dep_hour_share_other_8,0.10751446190267092,0.08794837845,1.9566083452670913,5681
age_45-64,dep_hour_share_other_9,0.0752209855094599,0.08534861464,-1.0127629130540106,5681
age_45-64,dep_hour_share_shop_10,0.1019673455258755,0.08757092542,1.4396420105875496,5681
age_45-64,dep_hour_share_shop_11,0.10049039404603935,0.102975855,-0.24854609539606554,5681
age_45-64,dep_hour_share_shop_12,0.10015577222638897,0.09148993228,0.8665839946388962,5681
age_45-64,dep_hour_share_shop_13,0.07155137598799977,0.06784995004,0.370142594799977,5681
age_45-64,dep_hour_share_shop_14,0.0784630473662955,0.07087680628,0.7586241086295507,5681
age_45-64,dep_hour_share_shop_15,0.11775226446662436,0.1006418467,1.7110417766624364,5681
age_45-64,dep_hour_share_shop_16,0.08024000461547337,0.1129633966,-3.2723391984526633,5681
age_45-64,dep_hour_share_shop_17,0.07740148849016328,0.123117931,-4.571644250983672,5681
age_45-64,dep_hour_share_shop_18,0.04980095771072521,0.04776828768,0.20326700307252074,5681
age_45-64,dep_hour_share_shop_19,0.02395430681359257,0.02682088651,-0.2866579696407429,5681
age_45-64,dep_hour_share_shop_20,0.004846247043212369,0.00226830754,0.2577939503212369,5681
age_45-64,dep_hour_share_shop_21,0.0010154041423873536,0.006008597661,-0.4993193518612646,5681
age_45-64,dep_hour_share_shop_22,0.000634627588992096,0.0002402680333,0.039435955569209605,5681
age_45-64,dep_hour_share_shop_23,0.0002884670859054982,0.001653779421,-0.13653123350945018,5681
age_45-64,dep_hour_share_shop_4,6.923210061731956e-05,0.0,0.006923210061731956,5681
age_45-64,dep_hour_share_shop_5,0.0010384815092597934,0.0,0.10384815092597934,5681
age_45-64,dep_hour_share_shop_6,0.007742456585703572,0.01564947456,-0.7907017974296431,5681
age_45-64,dep_hour_share_shop_7,0.034131425604338544,0.02745746482,0.6673960784338545,5681
age_45-64,dep_hour_share_shop_8,0.051808688628627475,0.0479062183,0.39024703286274776,5681
age_45-64,dep_hour_share_shop_9,0.09612877170714822,0.06674007218,2.9388699527148217,5681
age_45-64,dep_hour_share_work_10,0.0299463499979656,0.03085346619,-0.09071161920344017,5681
age_45-64,dep_hour_share_work_11,0.027638760528013673,0.02813170863,-0.04929481019863256,5681
age_45-64,dep_hour_share_work_12,0.03123092751146529,0.05048566749,-1.9254739978534707,5681
age_45-64,dep_hour_share_work_13,0.03542760156009323,0.05025438512,-1.4826783559906769,5681
age_45-64,dep_hour_share_work_14,0.026545997756348777,0.03233467608,-0.5788678323651222,5681
age_45-64,dep_hour_share_work_15,0.016042687498910142,0.01533741007,0.07052774289101424,5681
age_45-64,dep_hour_share_work_16,0.010532373097110572,0.008334280192,0.2198092905110572,5681
age_45-64,dep_hour_share_work_17,0.008840915828203743,0.01006612954,-0.12252137117962567,5681
age_45-64,dep_hour_share_work_18,0.004963933015967124,0.003416207431,0.15477255849671237,5681
age_45-64,dep_hour_share_work_19,0.005149935189867532,0.00125172506,0.38982101298675315,5681
age_45-64,dep_hour_share_work_20,0.006853017594643137,0.005688787766,0.11642298286431368,5681
age_45-64,dep_hour_share_work_21,0.0028249080161124383,0.003364510853,-0.053960283688756154,5681
age_45-64,dep_hour_share_work_22,0.000807946942879895,0.000788094727,0.0019852215879895014,5681
age_45-64,dep_hour_share_work_23,0.0006393824727826507,0.0003012099019,0.03381725708826507,5681
age_45-64,dep_hour_share_work_4,0.03935689748373934,0.01682920113,2.252769635373934,5681
age_45-64,dep_hour_share_work_5,0.11035160223435111,0.08520683255,2.5144769684351114,5681
age_45-64,dep_hour_share_work_6,0.2033759394562924,0.1989858948,0.4390044656292391,5681
age_45-64,dep_hour_share_work_7,0.2581593922378968,0.2848097505,-2.665035826210321,5681
age_45-64,dep_hour_share_work_8,0.11630367179916415,0.1219647874,-0.5661115600835848,5681
age_45-64,dep_hour_share_work_9,0.049011572822757365,0.04684778783,0.21637849927573644,5681
age_45-64,mean_work_activity_h,5.872543335215576,6.316484025,-0.4439406897844247,5681
age_45-64,mobility_rate,0.8368545496148272,0.8644561576,-2.760160798517286,5681
age_45-64,n_persons_unweighted,301553.0,5681.0,295872.0,5681
age_45-64,n_persons_weighted,301553.0,223518.2899,78034.7101,5681
age_45-64,n_work_activities_measured,171781.0,3639.0,168142.0,5681
age_45-64,nonhome_acts_per_mobile,2.200363771814421,2.223968816,-0.02360504418557907,5681
age_45-64,participation_education,0.026227561987444994,0.01172435546,1.4503206527444994,5681
age_45-64,participation_escort,0.0977473279987266,0.07013019229,2.7617135708726592,5681
age_45-64,participation_home,0.8368545496148272,0.8552704883,-1.8415938685172772,5681
age_45-64,participation_leisure,0.34747457329225706,0.3780919185,-3.061734520774295,5681
age_45-64,participation_other,0.2528378096056083,0.1848890424,6.79487672056083,5681
age_45-64,participation_shop,0.22795661127562983,0.3153023858,-8.734577452437014,5681
age_45-64,participation_work,0.47170149194337313,0.5556875706,-8.398607865662683,5681
age_45-64,purpose_share_education,0.010554736839879652,0.003888154201,0.6666582638879652,5681
age_45-64,purpose_share_escort,0.05219964352391202,0.03264918142,1.9550462103912023,5681
age_45-64,purpose_share_home,0.4129826223192935,0.4192834901,-0.6300867780706487,5681
age_45-64,purpose_share_leisure,0.14002152388241787,0.1583307923,-1.8309268417582125,5681
age_45-64,purpose_share_other,0.11074650659776769,0.07152975971,3.921674688776769,5681
age_45-64,purpose_share_shop,0.0916192175709305,0.1151502296,-2.35310120290695,5681
age_45-64,purpose_share_work,0.1818757492657988,0.1991683927,-1.72926434342012,5681
age_45-64,share_mobile_first_from_home,1.0,0.9767372463,2.326275369999997,5681
age_45-64,share_mobile_last_to_home,1.0,0.9768489272,2.315107279999995,5681
age_45-64,share_mobile_odd_trip_count,0.2873321815213429,0.2434248115,4.390737002134287,5681
age_45-64,share_trips_0,0.16314545038517275,0.1355438424,2.760160798517275,5681
age_45-64,share_trips_1,0.0007063434951733195,0.007695816698,-0.698947320282668,5681
age_45-64,share_trips_2,0.32062688814238294,0.322376759,-0.17498708576170752,5681
age_45-64,share_trips_3,0.10266520313178777,0.07971814451,2.294705862178777,5681
age_45-64,share_trips_4,0.17567061179958415,0.2099114625,-3.4240850700415852,5681
age_45-64,share_trips_5,0.09036885721581281,0.07535074869,1.5018108525812812,5681
age_45-64,share_trips_6,0.07059123935095986,0.08294875651,-1.2357517159040141,5681
age_45-64,share_trips_7,0.034328957098752125,0.03480625296,-0.04772958612478742,5681
age_45-64,share_trips_8plus,0.04189644938037426,0.05164821675,-0.9751767369625741,5681
age_45-64,share_trips_followed_by_same_purpose,0.09949509792520768,0.04341822701,5.607687091520768,5681
age_45-64,share_trips_home_based,0.8061032258337333,0.838278266,-3.217504016626671,5681
age_45-64,share_trips_unknown_purpose,0.0,0.0003095111312,-0.030951113120000002,5681
age_45-64,share_work_activities_lt_2h,0.17630005646724609,0.1051738015,7.1126254967246085,5681
age_45-64,tours_per_mobile,1.5480155019100001,1.604873481,-0.0568579790899999,5681
age_45-64,trips_per_mobile_person,3.7483792737244213,3.828842297,-0.08046302327557875,5681
age_45-64,trips_per_person,3.1368482488982035,3.3098663,-0.17301805110179647,5681
age_45-64,trips_per_person_education,0.03310860777375785,0.01286528738,0.020243320393757848,5681
age_45-64,trips_per_person_escort,0.16374236038109388,0.1080309782,0.05571138218109388,5681
age_45-64,trips_per_person_home,1.2954638156476639,1.387342763,-0.09187894735233604,5681
age_45-64,trips_per_person_leisure,0.43922627199862047,0.5238915532,-0.08466528120137956,5681
age_45-64,trips_per_person_other,0.34739498529280094,0.2366806631,0.11071432219280095,5681
age_45-64,trips_per_person_shop,0.2873955822027969,0.3810138999,-0.09361831769720314,5681
age_45-64,trips_per_person_work,0.5705166256014698,0.6590167149,-0.08850008929853026,5681
age_6-9,dep_hour_share_all_10,0.013498683055311676,0.006042133365,0.7456549690311677,706
age_6-9,dep_hour_share_all_11,0.039318115305823825,0.009631192766,2.9686922539823826,706
age_6-9,dep_hour_share_all_12,0.06693737196371086,0.07077051279,-0.3833140826289147,706
age_6-9,dep_hour_share_all_13,0.09003511852502195,0.07981330157,1.0221816955021958,706
age_6-9,dep_hour_share_all_14,0.08890108282118818,0.06541848585,2.348259697118818,706
age_6-9,dep_hour_share_all_15,0.12248317237342699,0.1517689726,-2.928580022657301,706
age_6-9,dep_hour_share_all_16,0.09658326016973953,0.1184534808,-2.1870220630260464,706
age_6-9,dep_hour_share_all_17,0.06669593210418495,0.07794169231,-1.1245760205815052,706
age_6-9,dep_hour_share_all_18,0.04804653204565408,0.07533580769,-2.7289275644345925,706
age_6-9,dep_hour_share_all_19,0.02870939420544337,0.01254073155,1.616866265544337,706
age_6-9,dep_hour_share_all_20,0.009408838162130524,0.003323237522,0.6085600640130523,706
age_6-9,dep_hour_share_all_21,0.005889669300556043,0.0,0.5889669300556043,706
age_6-9,dep_hour_share_all_22,0.00252414398595259,0.0,0.252414398595259,706
age_6-9,dep_hour_share_all_23,0.0010242903131401815,0.0,0.10242903131401815,706
age_6-9,dep_hour_share_all_4,3.658179689786362e-05,0.0,0.0036581796897863623,706
age_6-9,dep_hour_share_all_5,0.0008121158911325724,0.0,0.08121158911325724,706
age_6-9,dep_hour_share_all_6,0.06894937079309335,0.005521091681,6.342827911209335,706
age_6-9,dep_hour_share_all_7,0.20387767047117356,0.2921771555,-8.829948502882646,706
age_6-9,dep_hour_share_all_8,0.0341747146619842,0.02883290132,0.5341813341984198,706
age_6-9,dep_hour_share_all_9,0.01106233538191396,0.002429302601,0.8633032780913961,706
age_6-9,dep_hour_share_education_10,0.008153357814153233,0.0041498133,0.4003544514153233,706
age_6-9,dep_hour_share_education_11,0.011016368955000933,0.01034856432,0.06678046350009331,706
age_6-9,dep_hour_share_education_12,0.014252816331611377,0.03456182759,-2.0309011258388616,706
age_6-9,dep_hour_share_education_13,0.03184581232754507,0.01452733622,1.7318476107545069,706
age_6-9,dep_hour_share_education_14,0.01825688263728968,0.005534368212,1.2722514425289684,706
age_6-9,dep_hour_share_education_15,0.039999170141698306,0.002647424605,3.735174553669831,706
age_6-9,dep_hour_share_education_16,0.025601128607290306,0.009402735046,1.6198393561290305,706
age_6-9,dep_hour_share_education_17,0.008153357814153233,0.0079930632,0.01602946141532318,706
age_6-9,dep_hour_share_education_18,0.002302856787203585,0.0,0.23028567872035852,706
age_6-9,dep_hour_share_education_19,0.011555776851102675,0.0,1.1555776851102675,706
age_6-9,dep_hour_share_education_20,6.223937262712393e-05,0.0,0.006223937262712392,706
age_6-9,dep_hour_share_education_21,6.223937262712393e-05,0.0,0.006223937262712392,706
age_6-9,dep_hour_share_education_22,6.223937262712393e-05,0.0,0.006223937262712392,706
age_6-9,dep_hour_share_education_23,2.0746457542374638e-05,0.0,0.0020746457542374637,706
age_6-9,dep_hour_share_education_4,6.223937262712393e-05,0.0,0.006223937262712392,706
age_6-9,dep_hour_share_education_5,0.0022198709570340866,0.0,0.22198709570340866,706
age_6-9,dep_hour_share_education_6,0.18972635422501608,0.01282725711,17.68990971150161,706
age_6-9,dep_hour_share_education_7,0.5501545611086907,0.8210027227,-27.08481615913093,706
age_6-9,dep_hour_share_education_8,0.07447978257712495,0.07528160241,-0.0801819832875042,706
age_6-9,dep_hour_share_education_9,0.011618016223729799,0.001723285314,0.98947309097298,706
age_6-9,dep_hour_share_escort_10,0.005981308411214953,0.0,0.5981308411214953,706
age_6-9,dep_hour_share_escort_11,0.008598130841121496,0.0,0.8598130841121496,706
age_6-9,dep_hour_share_escort_12,0.012336448598130842,0.02104749244,-0.8711043841869157,706
age_6-9,dep_hour_share_escort_13,0.05383177570093458,0.1180780176,-6.424624189906542,706
age_6-9,dep_hour_share_escort_14,0.08186915887850467,0.1235209801,-4.165182122149533,706
age_6-9,dep_hour_share_escort_15,0.16710280373831776,0.09423406151,7.286874222831777,706
age_6-9,dep_hour_share_escort_16,0.14542056074766355,0.09411512493,5.1305435817663545,706
age_6-9,dep_hour_share_escort_17,0.012336448598130842,0.07797335793,-6.563690933186916,706
age_6-9,dep_hour_share_escort_18,0.013831775700934579,0.1046873353,-9.085555959906543,706
age_6-9,dep_hour_share_escort_19,0.06878504672897197,0.0,6.878504672897197,706
age_6-9,dep_hour_share_escort_20,0.00485981308411215,0.0,0.48598130841121495,706
age_6-9,dep_hour_share_escort_21,0.0,0.0,0.0,706
age_6-9,dep_hour_share_escort_22,0.00037383177570093456,0.0,0.037383177570093455,706
age_6-9,dep_hour_share_escort_23,0.0,0.0,0.0,706
age_6-9,dep_hour_share_escort_4,0.0007476635514018691,0.0,0.07476635514018691,706
age_6-9,dep_hour_share_escort_5,0.0011214953271028037,0.0,0.11214953271028037,706
age_6-9,dep_hour_share_escort_6,0.08971962616822429,0.01902950721,7.069011895822428,706
age_6-9,dep_hour_share_escort_7,0.20299065420560747,0.2771411129,-7.415045869439252,706
age_6-9,dep_hour_share_escort_8,0.10878504672897196,0.05255649314,5.622855358897196,706
age_6-9,dep_hour_share_escort_9,0.018317757009345795,0.0176165169,0.07012401093457951,706
age_6-9,dep_hour_share_home_10,0.017007813455924767,0.003546510286,1.3461303169924765,706
age_6-9,dep_hour_share_home_11,0.05777063049520181,0.006827028133,5.094360236220181,706
age_6-9,dep_hour_share_home_12,0.12461326015137478,0.1152211857,0.9392074451374771,706
age_6-9,dep_hour_share_home_13,0.14929469139471063,0.1452726888,0.40220025947106386,706
age_6-9,dep_hour_share_home_14,0.11311157335384292,0.07939900259,3.3712570763842917,706
age_6-9,dep_hour_share_home_15,0.14385848380499572,0.2295890798,-8.573059599500429,706
age_6-9,dep_hour_share_home_16,0.10671397856980545,0.1194057891,-1.2691810530194552,706
age_6-9,dep_hour_share_home_17,0.09342935552098446,0.1158204572,-2.239110167901555,706
age_6-9,dep_hour_share_home_18,0.09734482336695276,0.1445112672,-4.716644383304723,706
age_6-9,dep_hour_share_home_19,0.04731772972784003,0.02755063919,1.9767090537840026,706
age_6-9,dep_hour_share_home_20,0.01837123529514587,0.005961987331,1.2409247964145869,706
age_6-9,dep_hour_share_home_21,0.013721617228058522,0.0,1.3721617228058522,706
age_6-9,dep_hour_share_home_22,0.005838242234613435,0.0,0.5838242234613435,706
age_6-9,dep_hour_share_home_23,0.0022898494992046707,0.0,0.22898494992046708,706
age_6-9,dep_hour_share_home_4,0.0,0.0,0.0,706
age_6-9,dep_hour_share_home_5,1.7479767169501303e-05,0.0,0.0017479767169501302,706
age_6-9,dep_hour_share_home_6,1.7479767169501303e-05,0.0,0.0017479767169501302,706
age_6-9,dep_hour_share_home_7,0.00027967627471202084,0.003146833533,-0.2867157258287979,706
age_6-9,dep_hour_share_home_8,0.0009439074271530703,0.002506437791,-0.15625303638469298,706
age_6-9,dep_hour_share_home_9,0.006240276879511965,0.001241093512,0.4999183367511965,706
age_6-9,dep_hour_share_leisure_10,0.004885993485342019,0.01564049153,-1.0754498044657983,706
age_6-9,dep_hour_share_leisure_11,0.009073987901349464,0.01586788215,-0.6793894248650534,706
age_6-9,dep_hour_share_leisure_12,0.023324802233597022,0.02550094039,-0.21761381564029786,706
age_6-9,dep_hour_share_leisure_13,0.05758492322010237,0.03378208418,2.3802839040102373,706
age_6-9,dep_hour_share_leisure_14,0.18118892508143322,0.122303543,5.888538208143322,706
age_6-9,dep_hour_share_leisure_15,0.22231270358306188,0.2590167226,-3.6704019016938148,706
age_6-9,dep_hour_share_leisure_16,0.24627733829688228,0.3432535177,-9.697617940311773,706
age_6-9,dep_hour_share_leisure_17,0.16042345276872963,0.113918991,4.650446176872963,706
age_6-9,dep_hour_share_leisure_18,0.0288506281991624,0.04831007319,-1.9459444990837595,706
age_6-9,dep_hour_share_leisure_19,0.021288971614704513,0.0009239125357,2.0365059079004513,706
age_6-9,dep_hour_share_leisure_20,0.005525825965565379,0.004557757144,0.0968068821565379,706
age_6-9,dep_hour_share_leisure_21,0.0003489995346672871,0.0,0.034899953466728716,706
age_6-9,dep_hour_share_leisure_22,0.00011633317822242904,0.0,0.011633317822242905,706
age_6-9,dep_hour_share_leisure_23,0.0,0.0,0.0,706
age_6-9,dep_hour_share_leisure_4,0.0,0.0,0.0,706
age_6-9,dep_hour_share_leisure_5,0.0,0.0,0.0,706
age_6-9,dep_hour_share_leisure_6,0.0006398324802233597,0.002455406234,-0.18155737537766406,706
age_6-9,dep_hour_share_leisure_7,0.017449976733364354,0.009403228975,0.8046747758364354,706
age_6-9,dep_hour_share_leisure_8,0.017973476035365286,0.002589162095,1.5384313940365286,706
age_6-9,dep_hour_share_leisure_9,0.002733829688227082,0.00247628716,0.025754252822708223,706
age_6-9,dep_hour_share_other_10,0.047791736821655224,0.03253746663,1.5254270191655226,706
age_6-9,dep_hour_share_other_11,0.16733583732677115,0.03207502087,13.526081645677115,706
age_6-9,dep_hour_share_other_12,0.07913482709493588,0.1659097521,-8.677492500506412,706
age_6-9,dep_hour_share_other_13,0.138842118896516,0.09682082355,4.202129534651598,706
age_6-9,dep_hour_share_other_14,0.1139748737210206,0.192294403,-7.831952927897941,706
age_6-9,dep_hour_share_other_15,0.08107758062427146,0.1933377376,-11.226015697572853,706
age_6-9,dep_hour_share_other_16,0.1093122652506152,0.09400496928,1.5307295970615198,706
age_6-9,dep_hour_share_other_17,0.05128869317445927,0.07539359292,-2.410489974554073,706
age_6-9,dep_hour_share_other_18,0.012822173293614817,0.006845559776,0.5976613517614817,706
age_6-9,dep_hour_share_other_19,0.010749902862323532,0.00774747143,0.3002431432323533,706
age_6-9,dep_hour_share_other_20,0.0025903380391141045,0.0,0.25903380391141045,706
age_6-9,dep_hour_share_other_21,0.0014246859215127573,0.0,0.14246859215127575,706
age_6-9,dep_hour_share_other_22,0.0006475845097785261,0.0,0.06475845097785261,706
age_6-9,dep_hour_share_other_23,0.0010361352156456418,0.0,0.10361352156456419,706
age_6-9,dep_hour_share_other_4,0.0,0.0,0.0,706
age_6-9,dep_hour_share_other_5,0.0,0.0,0.0,706
age_6-9,dep_hour_share_other_6,0.0033674394508483355,0.01296505047,-0.9597611019151664,706
age_6-9,dep_hour_share_other_7,0.06320424815438415,0.07634882402,-1.3144575865615848,706
age_6-9,dep_hour_share_other_8,0.054267581919440484,0.01371932841,4.054825350944048,706
age_6-9,dep_hour_share_other_9,0.05983680870353581,0.0,5.983680870353581,706
age_6-9,dep_hour_share_shop_10,0.002737476047084588,0.0,0.27374760470845877,706
age_6-9,dep_hour_share_shop_11,0.017246099096632904,0.0,1.7246099096632903,706
age_6-9,dep_hour_share_shop_12,0.07500684369011772,0.0,7.500684369011772,706
age_6-9,dep_hour_share_shop_13,0.006569942513003011,0.01627989073,-0.970994821699699,706
age_6-9,dep_hour_share_shop_14,0.16041609635915685,0.142485743,1.7930353359156852,706
age_6-9,dep_hour_share_shop_15,0.46208595674787845,0.1937399981,26.834595864787847,706
age_6-9,dep_hour_share_shop_16,0.10813030385984122,0.3466340862,-23.850378234015878,706
age_6-9,dep_hour_share_shop_17,0.05228579249931563,0.1731845625,-12.089877000068437,706
age_6-9,dep_hour_share_shop_18,0.069805639200657,0.06764836851,0.21572706906569927,706
age_6-9,dep_hour_share_shop_19,0.0073911853271283875,0.002175522493,0.5215662834128387,706
age_6-9,dep_hour_share_shop_20,0.028469750889679714,0.0,2.8469750889679712,706
age_6-9,dep_hour_share_shop_21,0.0,0.0,0.0,706
age_6-9,dep_hour_share_shop_22,0.0,0.0,0.0,706
age_6-9,dep_hour_share_shop_23,0.0,0.0,0.0,706
age_6-9,dep_hour_share_shop_4,0.0,0.0,0.0,706
age_6-9,dep_hour_share_shop_5,0.0,0.0,0.0,706
age_6-9,dep_hour_share_shop_6,0.0,0.0,0.0,706
age_6-9,dep_hour_share_shop_7,0.0,0.03267823619,-3.267823619,706
age_6-9,dep_hour_share_shop_8,0.0021899808376676703,0.0,0.21899808376676702,706
age_6-9,dep_hour_share_shop_9,0.007664932931836847,0.02517359219,-1.7508659258163153,706
age_6-9,dep_hour_share_work_10,0.0,,,706
age_6-9,dep_hour_share_work_11,0.13793103448275862,,,706
age_6-9,dep_hour_share_work_12,0.4827586206896552,,,706
age_6-9,dep_hour_share_work_13,0.0,,,706
age_6-9,dep_hour_share_work_14,0.0,,,706
age_6-9,dep_hour_share_work_15,0.0,,,706
age_6-9,dep_hour_share_work_16,0.0,,,706
age_6-9,dep_hour_share_work_17,0.0,,,706
age_6-9,dep_hour_share_work_18,0.0,,,706
age_6-9,dep_hour_share_work_19,0.0,,,706
age_6-9,dep_hour_share_work_20,0.0,,,706
age_6-9,dep_hour_share_work_21,0.0,,,706
age_6-9,dep_hour_share_work_22,0.0,,,706
age_6-9,dep_hour_share_work_23,0.0,,,706
age_6-9,dep_hour_share_work_4,0.0,,,706
age_6-9,dep_hour_share_work_5,0.0,,,706
age_6-9,dep_hour_share_work_6,0.034482758620689655,,,706
age_6-9,dep_hour_share_work_7,0.034482758620689655,,,706
age_6-9,dep_hour_share_work_8,0.0,,,706
age_6-9,dep_hour_share_work_9,0.3103448275862069,,,706
age_6-9,mean_work_activity_h,2.8649425287356327,,,706
age_6-9,mobility_rate,0.9628103378103378,0.9594813278,0.33290100103378073,706
age_6-9,n_persons_unweighted,39312.0,706.0,38606.0,706
age_6-9,n_persons_weighted,39312.0,28815.5809,10496.4191,706
age_6-9,n_work_activities_measured,29.0,0.0,29.0,706
age_6-9,nonhome_acts_per_mobile,2.0996301188903566,1.741619641,0.35801047789035656,706
age_6-9,participation_education,0.9312169312169312,0.9373912158,-0.617428458306879,706
age_6-9,participation_escort,0.05285917785917786,0.06409444435,-1.123526649082214,706
age_6-9,participation_home,0.9628103378103378,0.9594813278,0.33290100103378073,706
age_6-9,participation_leisure,0.3517755392755393,0.388149802,-3.6374262724460706,706
age_6-9,participation_other,0.1610958485958486,0.06093596664,10.01598819558486,706
age_6-9,participation_shop,0.06000712250712251,0.05313031927,0.687680323712251,706
age_6-9,participation_work,0.00027981277981277983,0.0,0.02798127798127798,706
age_6-9,purpose_share_education,0.3526558384547849,0.337628268,1.5027570454784867,706
age_6-9,purpose_share_escort,0.019571261340357037,0.02588004279,-0.6308781449642962,706
age_6-9,purpose_share_home,0.418561603745976,0.4480455796,-2.948397585402401,706
age_6-9,purpose_share_leisure,0.1257828504536143,0.1487619505,-2.2979100046385703,706
age_6-9,purpose_share_other,0.05648961076968101,0.02157326712,3.4916343649681005,706
age_6-9,purpose_share_shop,0.02672666081357916,0.01811089207,0.8615768743579163,706
age_6-9,purpose_share_work,0.000212174422007609,0.0,0.0212174422007609,706
age_6-9,share_mobile_first_from_home,1.0,0.995279573,0.47204269999999715,706
age_6-9,share_mobile_last_to_home,1.0,0.9994727443,0.052725570000000666,706
age_6-9,share_mobile_odd_trip_count,0.25204755614266844,0.1899499537,6.209760244266843,706
age_6-9,share_trips_0,0.03718966218966219,0.04051867223,-0.332901004033781,706
age_6-9,share_trips_1,0.0,0.0,0.0,706
age_6-9,share_trips_2,0.36434167684167684,0.4375820244,-7.324034755832315,706
age_6-9,share_trips_3,0.08948921448921449,0.1329237479,-4.343453341078551,706
age_6-9,share_trips_4,0.2707061457061457,0.2857796976,-1.5073551893854287,706
age_6-9,share_trips_5,0.13057081807081808,0.04001094336,9.055987471081808,706
age_6-9,share_trips_6,0.05898962148962149,0.0458142383,1.317538318962149,706
age_6-9,share_trips_7,0.019307081807081808,0.007784566773,1.1522515034081808,706
age_6-9,share_trips_8plus,0.029405779405779407,0.009586109528,1.9819669877779407,706
age_6-9,share_trips_followed_by_same_purpose,0.1262584138132865,0.02780519414,9.845321967328651,706
age_6-9,share_trips_home_based,0.8156131109160082,0.8946428729,-7.90297619839918,706
age_6-9,share_trips_unknown_purpose,0.0,0.0001330690646,-0.01330690646,706
age_6-9,share_work_activities_lt_2h,0.6206896551724138,,,706
age_6-9,tours_per_mobile,1.5114663143989433,1.413408148,0.09805816639894327,706
age_6-9,trips_per_mobile_person,3.6110964332893,3.155027789,0.45606864428929983,706
age_6-9,trips_per_person,3.476800976800977,3.027190252,0.44961072480097686,706
age_6-9,trips_per_person_education,1.2261141636141637,1.021928997,0.20418516661416364,706
age_6-9,trips_per_person_escort,0.06804538054538055,0.07833338812,-0.010288007574619451,706
age_6-9,trips_per_person_home,1.4552553927553928,1.356138727,0.0991166657553928,706
age_6-9,trips_per_person_leisure,0.4373219373219373,0.4502708013,-0.012948863978062719,706
age_6-9,trips_per_person_other,0.1964031339031339,0.06529769369,0.13110544021313392,706
age_6-9,trips_per_person_shop,0.09292328042328042,0.05481782042,0.03810546000328042,706
age_6-9,trips_per_person_work,0.0007376882376882377,0.0,0.0007376882376882377,706
age_65-74,dep_hour_share_all_10,0.09418439342881213,0.1108105452,-1.662615177118787,2722
age_65-74,dep_hour_share_all_11,0.07887860678180286,0.1009700694,-2.209146261819714,2722
age_65-74,dep_hour_share_all_12,0.07031579085930918,0.08779096375,-1.7475172890690824,2722
age_65-74,dep_hour_share_all_13,0.06712036647009267,0.0771028323,-0.9982465829907319,2722
age_65-74,dep_hour_share_all_14,0.07214550863521482,0.08236054864,-1.021504000478518,2722
age_65-74,dep_hour_share_all_15,0.08453888479359731,0.07808910197,0.6449782823597303,2722
age_65-74,dep_hour_share_all_16,0.08458495682392586,0.07385285111,1.0732105713925855,2722
age_65-74,dep_hour_share_all_17,0.06753172388374053,0.06362260605,0.39091178337405247,2722
age_65-74,dep_hour_share_all_18,0.054062236731255264,0.04933658805,0.47256486812552667,2722
age_65-74,dep_hour_share_all_19,0.03680497051390059,0.0297690224,0.7035948113900587,2722
age_65-74,dep_hour_share_all_20,0.0212161699663016,0.01412671421,0.7089455756301601,2722
age_65-74,dep_hour_share_all_21,0.01769495050547599,0.0158298169,0.18651336054759868,2722
age_65-74,dep_hour_share_all_22,0.013709719882055603,0.008624455007,0.5085264875055604,2722
age_65-74,dep_hour_share_all_23,0.00656197346251053,0.002520268684,0.40417047785105303,2722
age_65-74,dep_hour_share_all_4,0.0027643218197135637,0.0008479624069,0.19163594128135636,2722
age_65-74,dep_hour_share_all_5,0.003939158593091828,0.001426861863,0.2512296730091828,2722
age_65-74,dep_hour_share_all_6,0.015569055391743893,0.007144691404,0.8424363987743893,2722
age_65-74,dep_hour_share_all_7,0.035870366470092674,0.02979899475,0.6071371720092675,2722
age_65-74,dep_hour_share_all_8,0.06467525800336985,0.06937082876,-0.46955707566301574,2722
age_65-74,dep_hour_share_all_9,0.09152208824768324,0.09543137519,-0.3909286942316764,2722
age_65-74,dep_hour_share_education_10,0.10833704859563086,0.01526790929,9.306913930563084,2722
age_65-74,dep_hour_share_education_11,0.08203299152920196,0.02232554812,5.970744340920196,2722
age_65-74,dep_hour_share_education_12,0.0008916629514043691,0.02182966921,-2.093800625859563,2722
age_65-74,dep_hour_share_education_13,0.019170753455193937,0.0,1.9170753455193936,2722
age_65-74,dep_hour_share_education_14,0.01069995541685243,0.1356294567,-12.492950128314758,2722
age_65-74,dep_hour_share_education_15,0.10610789121711993,0.1743245121,-6.821662088288007,2722
age_65-74,dep_hour_share_education_16,0.09317877842175658,0.0535491089,3.9629669521756576,2722
age_65-74,dep_hour_share_education_17,0.004458314757021846,0.1903135114,-18.585519664297813,2722
age_65-74,dep_hour_share_education_18,0.0,0.1246903067,-12.46903067,2722
age_65-74,dep_hour_share_education_19,0.0,0.009728485365,-0.9728485364999999,2722
age_65-74,dep_hour_share_education_20,0.0,0.0,0.0,2722
age_65-74,dep_hour_share_education_21,0.0,0.0,0.0,2722
age_65-74,dep_hour_share_education_22,0.0,0.0,0.0,2722
age_65-74,dep_hour_share_education_23,0.0,0.0,0.0,2722
age_65-74,dep_hour_share_education_4,0.0,0.0,0.0,2722
age_65-74,dep_hour_share_education_5,0.0,0.0,0.0,2722
age_65-74,dep_hour_share_education_6,0.04190815871600535,0.0,4.1908158716005355,2722
age_65-74,dep_hour_share_education_7,0.23673651359786002,0.06322906052,17.350745307786003,2722
age_65-74,dep_hour_share_education_8,0.07980383415069103,0.1891124316,-10.930859744930896,2722
age_65-74,dep_hour_share_education_9,0.2166740971912617,0.0,21.66740971912617,2722
age_65-74,dep_hour_share_escort_10,0.033845304883656765,0.02651622536,0.7329079523656766,2722
age_65-74,dep_hour_share_escort_11,0.0475489745240504,0.09153890488,-4.398993035594959,2722
age_65-74,dep_hour_share_escort_12,0.056102271682148444,0.141575657,-8.547338531785154,2722
age_65-74,dep_hour_share_escort_13,0.06548330727490113,0.1286656259,-6.3182318625098866,2722
age_65-74,dep_hour_share_escort_14,0.16609951255403294,0.1357603198,3.0339192754032935,2722
age_65-74,dep_hour_share_escort_15,0.223029522670836,0.05633190058,16.6697622090836,2722
age_65-74,dep_hour_share_escort_16,0.03513289800423066,0.03503812347,0.009477453423065857,2722
age_65-74,dep_hour_share_escort_17,0.05968913823231859,0.02991063074,2.9778507492318593,2722
age_65-74,dep_hour_share_escort_18,0.03531683987859836,0.03914182637,-0.38249864914016374,2722
age_65-74,dep_hour_share_escort_19,0.02602777522302952,0.02602994906,-0.00021738369704801808,2722
age_65-74,dep_hour_share_escort_20,0.011772279959532788,0.005195545715,0.6576734244532788,2722
age_65-74,dep_hour_share_escort_21,0.016186884944357584,0.0,1.6186884944357585,2722
age_65-74,dep_hour_share_escort_22,0.007265704037524142,0.008081906015,-0.08162019774758571,2722
age_65-74,dep_hour_share_escort_23,0.006162052791317944,0.0,0.6162052791317943,2722
age_65-74,dep_hour_share_escort_4,0.0,0.003419951605,-0.3419951605,2722
age_65-74,dep_hour_share_escort_5,9.197093718384991e-05,0.0,0.00919709371838499,2722
age_65-74,dep_hour_share_escort_6,0.011864250896716638,0.006909895881,0.4954355015716639,2722
age_65-74,dep_hour_share_escort_7,0.088843925319599,0.107646759,-1.880283368040099,2722
age_65-74,dep_hour_share_escort_8,0.05426285293847144,0.1116502506,-5.738739766152856,2722
age_65-74,dep_hour_share_escort_9,0.02759128115515497,0.04658652802,-1.8995246864845026,2722
age_65-74,dep_hour_share_home_10,0.06358927531212116,0.09317196225,-2.958268693787884,2722
age_65-74,dep_hour_share_home_11,0.0791284223121369,0.1002026003,-2.10741779878631,2722
age_65-74,dep_hour_share_home_12,0.08243462380150196,0.1018567884,-1.9422164598498035,2722
age_65-74,dep_hour_share_home_13,0.06572256246359243,0.07583051245,-1.0107949986407572,2722
age_65-74,dep_hour_share_home_14,0.06816285403907615,0.07995625316,-1.179339912092385,2722
age_65-74,dep_hour_share_home_15,0.08044303099957492,0.08047897324,-0.0035942240425079763,2722
age_65-74,dep_hour_share_home_16,0.09859565155785066,0.08794147735,1.0654174207850655,2722
age_65-74,dep_hour_share_home_17,0.1055622904104413,0.07288430151,3.2677988900441295,2722
age_65-74,dep_hour_share_home_18,0.07778232599146685,0.06140209029,1.638023570146685,2722
age_65-74,dep_hour_share_home_19,0.04958515043216777,0.03671343006,1.2871720372167765,2722
age_65-74,dep_hour_share_home_20,0.036777555615032195,0.02564003487,1.1137520745032194,2722
age_65-74,dep_hour_share_home_21,0.034376623581088527,0.03241848579,0.19581377910885267,2722
age_65-74,dep_hour_share_home_22,0.026921926413401135,0.01766250244,0.9259423973401136,2722
age_65-74,dep_hour_share_home_23,0.012776107183903523,0.005627739679,0.7148367504903522,2722
age_65-74,dep_hour_share_home_4,5.51033581560842e-05,0.0004939175948,-0.04388142366439158,2722
age_65-74,dep_hour_share_home_5,0.00040933923201662547,0.0001997118877,0.020962734431662546,2722
age_65-74,dep_hour_share_home_6,0.0015586378449863815,0.004816026727,-0.3257388882013619,2722
age_65-74,dep_hour_share_home_7,0.01136703559676937,0.01504409389,-0.3677058293230631,2722
age_65-74,dep_hour_share_home_8,0.02526882566871861,0.04499854426,-1.972971859128139,2722
age_65-74,dep_hour_share_home_9,0.0578506541555804,0.06112449648,-0.32738423244196013,2722
age_65-74,dep_hour_share_leisure_10,0.10272465730242003,0.07963283128,2.3091826022420032,2722
age_65-74,dep_hour_share_leisure_11,0.0730072770350313,0.06882876956,0.4178507475031304,2722
age_65-74,dep_hour_share_leisure_12,0.036655948553054665,0.08417370009,-4.751775153694533,2722
age_65-74,dep_hour_share_leisure_13,0.08510746319174141,0.06888803747,1.6219425721741412,2722
age_65-74,dep_hour_share_leisure_14,0.0836689795227619,0.07989133438,0.37776451427618957,2722
age_65-74,dep_hour_share_leisure_15,0.09345066847182264,0.08893338973,0.45172787418226307,2722
age_65-74,dep_hour_share_leisure_16,0.09710610932475884,0.08305374968,1.4052359644758843,2722
age_65-74,dep_hour_share_leisure_17,0.050346928414283294,0.09243936509,-4.209243667571671,2722
age_65-74,dep_hour_share_leisure_18,0.06769334912844813,0.08480404761,-1.7110698481551876,2722
age_65-74,dep_hour_share_leisure_19,0.060873244203756983,0.05312572113,0.7747523073756986,2722
age_65-74,dep_hour_share_leisure_20,0.016821797258419362,0.01135173756,0.5470059698419362,2722
age_65-74,dep_hour_share_leisure_21,0.00533085124386529,0.005136477281,0.01943739628652904,2722
age_65-74,dep_hour_share_leisure_22,0.00616009477068878,0.003953798833,0.22062959376887795,2722
age_65-74,dep_hour_share_leisure_23,0.001607717041800643,0.0005950169203,0.10127001215006429,2722
age_65-74,dep_hour_share_leisure_4,0.0007784735149771535,0.0009499591907,-0.017148567572284647,2722
age_65-74,dep_hour_share_leisure_5,0.0014892536808258589,0.001154741347,0.033451233382585877,2722
age_65-74,dep_hour_share_leisure_6,0.013674056523946522,0.007152571114,0.6521485409946521,2722
age_65-74,dep_hour_share_leisure_7,0.033085124386529025,0.02113571431,1.1949410076529023,2722
age_65-74,dep_hour_share_leisure_8,0.05967168725672703,0.08109519698,-2.1423509723272978,2722
age_65-74,dep_hour_share_leisure_9,0.10346928414283296,0.08206895309,2.140033105283297,2722
age_65-74,dep_hour_share_other_10,0.12846995787581297,0.1796732605,-5.120330262418701,2722
age_65-74,dep_hour_share_other_11,0.07686342245800801,0.1211780025,-4.4314580041992,2722
age_65-74,dep_hour_share_other_12,0.09078731691841303,0.05810881301,3.267850390841303,2722
age_65-74,dep_hour_share_other_13,0.06909071681618696,0.07278338269,-0.36926658738130336,2722
age_65-74,dep_hour_share_other_14,0.06376791159208277,0.09234189024,-2.8573978647917233,2722
age_65-74,dep_hour_share_other_15,0.08965930521529161,0.07009777953,1.9561525685291612,2722
age_65-74,dep_hour_share_other_16,0.08100534043040697,0.05290096307,2.8104377360406967,2722
age_65-74,dep_hour_share_other_17,0.040132541375116765,0.03281025241,0.7322288965116768,2722
age_65-74,dep_hour_share_other_18,0.027319033434971888,0.009213382853,1.8105650581971888,2722
age_65-74,dep_hour_share_other_19,0.013659516717485944,0.005383154553,0.8276362164485944,2722
age_65-74,dep_hour_share_other_20,0.009799601670867335,0.002164639023,0.7634962647867336,2722
age_65-74,dep_hour_share_other_21,0.00823096039621411,0.0005696483306,0.7661312065614111,2722
age_65-74,dep_hour_share_other_22,0.0049703015668787565,0.0003688176139,0.46014839529787566,2722
age_65-74,dep_hour_share_other_23,0.003419285475086804,0.0,0.3419285475086804,2722
age_65-74,dep_hour_share_other_4,0.0007755080458959762,0.0,0.07755080458959762,2722
age_65-74,dep_hour_share_other_5,0.0010046354230925146,0.0,0.10046354230925146,2722
age_65-74,dep_hour_share_other_6,0.009711475756560974,0.001688546887,0.8022928869560974,2722
age_65-74,dep_hour_share_other_7,0.050249396337487,0.04600457289,0.42448234474870006,2722
age_65-74,dep_hour_share_other_8,0.07822056153832596,0.106821007,-2.8600445461674036,2722
age_65-74,dep_hour_share_other_9,0.13336975871124662,0.1472505132,-1.3880754488753366,2722
age_65-74,dep_hour_share_shop_10,0.17080770807708076,0.16272336,0.808434807708075,2722
age_65-74,dep_hour_share_shop_11,0.11510181768484351,0.1342749817,-1.9173164015156479,2722
age_65-74,dep_hour_share_shop_12,0.07478474784747847,0.08038347883,-0.5598730982521518,2722
age_65-74,dep_hour_share_shop_13,0.05278119447861145,0.08934954527,-3.6568350791388546,2722
age_65-74,dep_hour_share_shop_14,0.07166871668716687,0.0791550925,-0.7486375812833124,2722
age_65-74,dep_hour_share_shop_15,0.05720923875905426,0.07319409014,-1.5984851380945742,2722
age_65-74,dep_hour_share_shop_16,0.05906792401257346,0.05350510651,0.5562817502573459,2722
age_65-74,dep_hour_share_shop_17,0.030367637009703432,0.03620373575,-0.5836098740296568,2722
age_65-74,dep_hour_share_shop_18,0.015662156621566215,0.009277681942,0.6384474679566216,2722
age_65-74,dep_hour_share_shop_19,0.005248052480524805,0.005995348713,-0.0747296232475195,2722
age_65-74,dep_hour_share_shop_20,0.001995353286866202,0.0,0.1995353286866202,2722
age_65-74,dep_hour_share_shop_21,0.0007106737734044007,0.002183770179,-0.14730964055955995,2722
age_65-74,dep_hour_share_shop_22,0.0004920049200492004,0.0,0.04920049200492004,2722
age_65-74,dep_hour_share_shop_23,0.00035533688670220037,0.0,0.03553368867022004,2722
age_65-74,dep_hour_share_shop_4,0.0001093344266776001,0.0,0.01093344266776001,2722
age_65-74,dep_hour_share_shop_5,0.0008473418067514009,0.001077890615,-0.023054880824859902,2722
age_65-74,dep_hour_share_shop_6,0.00866475331419981,0.00725155989,0.1413193424199809,2722
age_65-74,dep_hour_share_shop_7,0.02809894765614323,0.03980447332,-1.1705525663856768,2722
age_65-74,dep_hour_share_shop_8,0.16282629492961595,0.06286044798,9.996584694961594,2722
age_65-74,dep_hour_share_shop_9,0.14216208828754953,0.1627594367,-2.0597348412450476,2722
age_65-74,dep_hour_share_work_10,0.028558797524314766,0.07525156395,-4.669276642568524,2722
age_65-74,dep_hour_share_work_11,0.029177718832891247,0.07742704047,-4.8249321637108755,2722
age_65-74,dep_hour_share_work_12,0.020335985853227233,0.02367990888,-0.33439230267727665,2722
age_65-74,dep_hour_share_work_13,0.03642793987621574,0.05724041023,-2.081247035378426,2722
age_65-74,dep_hour_share_work_14,0.022104332449160036,0.05392362555,-3.181929310083996,2722
age_65-74,dep_hour_share_work_15,0.009283819628647215,0.01540678937,-0.6122969741352785,2722
age_65-74,dep_hour_share_work_16,0.008134394341290893,0.04289739038,-3.47629960387091,2722
age_65-74,dep_hour_share_work_17,0.007869142351900973,0.007523610125,0.03455322269009728,2722
age_65-74,dep_hour_share_work_18,0.0035366931918656055,0.009924118752,-0.6387425560134394,2722
age_65-74,dep_hour_share_work_19,0.0033598585322723255,0.0,0.33598585322723257,2722
age_65-74,dep_hour_share_work_20,0.002122015915119363,0.01563034611,-1.3508330194880636,2722
age_65-74,dep_hour_share_work_21,0.0022988505747126436,0.02102059769,-1.8721747115287357,2722
age_65-74,dep_hour_share_work_22,0.0002652519893899204,0.0,0.02652519893899204,2722
age_65-74,dep_hour_share_work_23,0.00017683465959328028,0.0,0.01768346595932803,2722
age_65-74,dep_hour_share_work_4,0.06534040671971707,0.01534094525,4.999946146971706,2722
age_65-74,dep_hour_share_work_5,0.08558797524314765,0.04015674082,4.543123442314765,2722
age_65-74,dep_hour_share_work_6,0.23289124668435013,0.08163405011,15.125719657435013,2722
age_65-74,dep_hour_share_work_7,0.1878868258178603,0.1315797217,5.630710411786027,2722
age_65-74,dep_hour_share_work_8,0.15499557913351017,0.2020674161,-4.7071836966489835,2722
age_65-74,dep_hour_share_work_9,0.07020335985853227,0.1254917876,-5.5288427741467725,2722
age_65-74,mean_work_activity_h,5.741190686707928,4.508049344,1.2331413427079285,2722
age_65-74,mobility_rate,0.7749991153886983,0.7677188754,0.7280239988698312,2722
age_65-74,n_persons_unweighted,113044.0,2722.0,110322.0,2722
age_65-74,n_persons_weighted,113044.0,104701.8215,8342.178499999995,2722
age_65-74,n_work_activities_measured,11310.0,195.0,11115.0,2722
age_65-74,nonhome_acts_per_mobile,2.0184912508988804,2.40781451,-0.38932325910111976,2722
age_65-74,participation_education,0.015560312798556315,0.01328280801,0.22775047885563154,2722
age_65-74,participation_escort,0.07411273486430063,0.05540560553,1.8707129334300632,2722
age_65-74,participation_home,0.7749991153886983,0.7595744755,1.5424639888698244,2722
age_65-74,participation_leisure,0.41496231555854357,0.4663659495,-5.140363394145641,2722
age_65-74,participation_other,0.3345865326775415,0.2865291122,4.805742047754152,2722
age_65-74,participation_shop,0.2800590920349598,0.4461536635,-16.60945714650402,2722
age_65-74,participation_work,0.08486960829411556,0.05486659912,3.0003009174115567,2722
age_65-74,purpose_share_education,0.007381397430497052,0.004136457692,0.32449397384970513,2722
age_65-74,purpose_share_escort,0.035781513268744736,0.02596832393,0.9813189338744737,2722
age_65-74,purpose_share_home,0.41805102148272955,0.4264175128,-0.8366491317270464,2722
age_65-74,purpose_share_leisure,0.19445687657961247,0.2199712748,-2.5514398220387537,2722
age_65-74,purpose_share_other,0.1867134846251053,0.1178365822,6.887690242510532,2722
age_65-74,purpose_share_shop,0.12039608782645324,0.1836120308,-6.321594297354675,2722
age_65-74,purpose_share_work,0.037219618786857624,0.02205781785,1.5161800936857621,2722
age_65-74,share_mobile_first_from_home,1.0,0.9858700503,1.4129949700000033,2722
age_65-74,share_mobile_last_to_home,1.0,0.9857838199,1.421618010000003,2722
age_65-74,share_mobile_odd_trip_count,0.33679188211256833,0.2617860696,7.500581251256833,2722
age_65-74,share_trips_0,0.2250008846113018,0.2322811246,-0.72802399886982,2722
age_65-74,share_trips_1,0.0021849899154311597,0.005603553251,-0.34185633355688405,2722
age_65-74,share_trips_2,0.29981246240401965,0.2322006465,6.761181590401966,2722
age_65-74,share_trips_3,0.15409044265949542,0.07505438776,7.903605489949543,2722
age_65-74,share_trips_4,0.14543009801493223,0.1933910899,-4.796099188506778,2722
age_65-74,share_trips_5,0.07243197339089204,0.05876575092,1.366622247089204,2722
age_65-74,share_trips_6,0.060242029652170834,0.08893308525,-2.8691055597829167,2722
age_65-74,share_trips_7,0.02462757864194473,0.0455699629,-2.0942384258055267,2722
age_65-74,share_trips_8plus,0.016179540709812108,0.06820039893,-5.20208582201879,2722
age_65-74,share_trips_followed_by_same_purpose,0.10830876158382477,0.05751895492,5.078980666382478,2722
age_65-74,share_trips_home_based,0.8050001316343723,0.8527795904,-4.777945876562761,2722
age_65-74,share_trips_unknown_purpose,0.0,8.908877103e-05,-0.008908877103,2722
age_65-74,share_work_activities_lt_2h,0.15092838196286473,0.3046651366,-15.373675463713527,2722
age_65-74,tours_per_mobile,1.4500108436347863,1.789759687,-0.3397488433652138,2722
age_65-74,trips_per_mobile_person,3.4685020945336666,4.197574196,-0.7290721014663331,2722
age_65-74,trips_per_person,2.6880860549874384,3.222556941,-0.5344708860125618,2722
age_65-74,trips_per_person_education,0.019841831499239234,0.0133287829,0.006513048599239233,2722
age_65-74,trips_per_person_escort,0.09618378684406072,0.08367694721,0.012506839634060712,2722
age_65-74,trips_per_person_home,1.1237571211209794,1.374032294,-0.2502751728790207,2722
age_65-74,trips_per_person_leisure,0.5227168182300697,0.7088068062,-0.18608998796993037,2722
age_65-74,trips_per_person_other,0.5019019142988571,0.3797012658,0.12220064849885709,2722
age_65-74,trips_per_person_shop,0.32363504476133187,0.5916475104,-0.2680124656386681,2722
age_65-74,trips_per_person_work,0.10004953823290047,0.07107624138,0.028973296852900468,2722
age_75+,dep_hour_share_all_10,0.11624255339340946,0.1402526586,-2.401010520659054,1757
age_75+,dep_hour_share_all_11,0.08430356703779274,0.139188472,-5.488490496220727,1757
age_75+,dep_hour_share_all_12,0.07355802206050462,0.08437790956,-1.0819887499495389,1757
age_75+,dep_hour_share_all_13,0.06702700837298387,0.057911365,0.9115643372983866,1757
age_75+,dep_hour_share_all_14,0.08456239188670374,0.06875053446,1.5811857426703742,1757
age_75+,dep_hour_share_all_15,0.06656112364494407,0.08634828577,-1.9787162125055935,1757
age_75+,dep_hour_share_all_16,0.0652497444104617,0.07733575853,-1.2086014119538302,1757
age_75+,dep_hour_share_all_17,0.058999124309261186,0.06071213824,-0.17130139307388118,1757
age_75+,dep_hour_share_all_18,0.05280026917784287,0.04213526123,1.066500794784287,1757
age_75+,dep_hour_share_all_19,0.03416488005625127,0.01603520517,1.8129674886251268,1757
age_75+,dep_hour_share_all_20,0.018859703990647795,0.01106124017,0.7798463820647795,1757
age_75+,dep_hour_share_all_21,0.011336528382301557,0.01232677845,-0.09902500676984438,1757
age_75+,dep_hour_share_all_22,0.009076124701812205,0.005184793679,0.3891331022812205,1757
age_75+,dep_hour_share_all_23,0.0024976597919910966,0.002788430283,-0.02907704910089033,1757
age_75+,dep_hour_share_all_4,0.0009576519409706794,0.0009924730995,-0.0034821158529320623,1757
age_75+,dep_hour_share_all_5,0.003869431491219367,0.0001878658087,0.3681565682519367,1757
age_75+,dep_hour_share_all_6,0.01574517830875216,0.002586154909,1.315902339975216,1757
age_75+,dep_hour_share_all_7,0.047550438492431533,0.02107308044,2.6477358052431534,1757
age_75+,dep_hour_share_all_8,0.07484351881009589,0.06562999095,0.9213527860095896,1757
age_75+,dep_hour_share_all_9,0.10831388552176932,0.1020002288,0.6313656721769325,1757
age_75+,dep_hour_share_education_10,0.017870722433460075,0.0,1.7870722433460076,1757
age_75+,dep_hour_share_education_11,0.002661596958174905,0.2528978271,-25.023623014182512,1757
age_75+,dep_hour_share_education_12,0.11939163498098859,0.0,11.939163498098859,1757
age_75+,dep_hour_share_education_13,0.10228136882129278,0.03752681402,6.475455480129277,1757
age_75+,dep_hour_share_education_14,0.07110266159695817,0.1904885103,-11.938584870304183,1757
age_75+,dep_hour_share_education_15,0.018631178707224333,0.09714150777,-7.851032906277567,1757
age_75+,dep_hour_share_education_16,0.0634980988593156,0.1357520537,-7.225395484068442,1757
age_75+,dep_hour_share_education_17,0.07756653992395438,0.0,7.756653992395438,1757
age_75+,dep_hour_share_education_18,0.00532319391634981,0.0,0.532319391634981,1757
age_75+,dep_hour_share_education_19,0.0,0.0,0.0,1757
age_75+,dep_hour_share_education_20,0.00038022813688212925,0.0,0.03802281368821293,1757
age_75+,dep_hour_share_education_21,0.0,0.0,0.0,1757
age_75+,dep_hour_share_education_22,0.0,0.0,0.0,1757
age_75+,dep_hour_share_education_23,0.0,0.0,0.0,1757
age_75+,dep_hour_share_education_4,0.0,0.0,0.0,1757
age_75+,dep_hour_share_education_5,0.0,0.0,0.0,1757
age_75+,dep_hour_share_education_6,0.14220532319391635,0.0,14.220532319391635,1757
age_75+,dep_hour_share_education_7,0.2874524714828897,0.0,28.74524714828897,1757
age_75+,dep_hour_share_education_8,0.0844106463878327,0.1728129148,-8.84022684121673,1757
age_75+,dep_hour_share_education_9,0.007224334600760456,0.1133803723,-10.615603769923956,1757
age_75+,dep_hour_share_escort_10,0.07226629872369783,0.08295596132,-1.0689662596302163,1757
age_75+,dep_hour_share_escort_11,0.06536736805795101,0.1464836642,-8.1116296142049,1757
age_75+,dep_hour_share_escort_12,0.12538806484994824,0.08061840341,4.476966143994825,1757
age_75+,dep_hour_share_escort_13,0.07226629872369783,0.09138832238,-1.9122023656302167,1757
age_75+,dep_hour_share_escort_14,0.07813038978958262,0.0731167491,0.5013640689582612,1757
age_75+,dep_hour_share_escort_15,0.04294584339427389,0.07856438134,-3.5618537945726114,1757
age_75+,dep_hour_share_escort_16,0.01586754053121766,0.09433086214,-7.846332160878234,1757
age_75+,dep_hour_share_escort_17,0.11590203518454639,0.03916106827,7.674096691454639,1757
age_75+,dep_hour_share_escort_18,0.08502932045532942,0.04059220942,4.443711103532942,1757
age_75+,dep_hour_share_escort_19,0.017247326664367024,0.005843814637,1.1403512027367022,1757
age_75+,dep_hour_share_escort_20,0.0005174197999310107,0.02386732631,-2.3349906510068985,1757
age_75+,dep_hour_share_escort_21,0.00034494653328734045,0.003627052286,-0.32821057527126596,1757
age_75+,dep_hour_share_escort_22,0.0,0.008344154487,-0.8344154487000001,1757
age_75+,dep_hour_share_escort_23,0.0,0.0,0.0,1757
age_75+,dep_hour_share_escort_4,0.0,0.0,0.0,1757
age_75+,dep_hour_share_escort_5,0.017937219730941704,0.0,1.7937219730941705,1757
age_75+,dep_hour_share_escort_6,0.024491203863401173,0.0,2.4491203863401174,1757
age_75+,dep_hour_share_escort_7,0.07209382545705416,0.05330566248,1.8788162977054157,1757
age_75+,dep_hour_share_escort_8,0.04553294239392894,0.07561813287,-3.0085190476071055,1757
age_75+,dep_hour_share_escort_9,0.14849948258020007,0.06283893447,8.566054811020008,1757
age_75+,dep_hour_share_home_10,0.09134808458954091,0.1072685476,-1.5920463010459087,1757
age_75+,dep_hour_share_home_11,0.09542280077968127,0.1537783162,-5.835551542031872,1757
age_75+,dep_hour_share_home_12,0.08371778672386941,0.111457598,-2.7739811276130593,1757
age_75+,dep_hour_share_home_13,0.05719295152459032,0.05902988695,-0.18369354254096776,1757
age_75+,dep_hour_share_home_14,0.09931141214382964,0.0554112846,4.390012754382965,1757
age_75+,dep_hour_share_home_15,0.07754694249360877,0.08534048539,-0.7793542896391226,1757
age_75+,dep_hour_share_home_16,0.07730206772256668,0.1042695572,-2.6967489477433326,1757
age_75+,dep_hour_share_home_17,0.08381573663228625,0.07229917472,1.1516561912286254,1757
age_75+,dep_hour_share_home_18,0.06939751011332805,0.05317439514,1.6223114973328054,1757
age_75+,dep_hour_share_home_19,0.05671299697334783,0.02232961792,3.4383379053347833,1757
age_75+,dep_hour_share_home_20,0.03544807185605282,0.02070951551,1.4738556346052818,1757
age_75+,dep_hour_share_home_21,0.023596132937615703,0.02696688922,-0.3370756282384299,1757
age_75+,dep_hour_share_home_22,0.018140323038797958,0.009924744398,0.8215578640797958,1757
age_75+,dep_hour_share_home_23,0.005240320100300706,0.005270412678,-0.0030092577699294444,1757
age_75+,dep_hour_share_home_4,0.00012733488094188633,0.001157582957,-0.10302480760581137,1757
age_75+,dep_hour_share_home_5,0.001077448992585192,0.0,0.1077448992585192,1757
age_75+,dep_hour_share_home_6,0.0037808664648898553,0.0004001626772,0.33807037876898555,1757
age_75+,dep_hour_share_home_7,0.012008658771904048,0.008660138639,0.33485201329040476,1757
age_75+,dep_hour_share_home_8,0.03215695493324714,0.04031015037,-0.8153195436752858,1757
age_75+,dep_hour_share_home_9,0.0708471687578972,0.06096797535,0.9879193407897203,1757
age_75+,dep_hour_share_leisure_10,0.1180099403081995,0.1087361696,0.92737707081995,1757
age_75+,dep_hour_share_leisure_11,0.06221434101750793,0.09637348618,-3.4159145162492064,1757
age_75+,dep_hour_share_leisure_12,0.042658408052149155,0.0689004136,-2.6242005547850846,1757
age_75+,dep_hour_share_leisure_13,0.05666974699667824,0.07426174988,-1.7592002883321765,1757
age_75+,dep_hour_share_leisure_14,0.09026199455530858,0.09584862902,-0.5586634464691431,1757
age_75+,dep_hour_share_leisure_15,0.08122080971053224,0.1154246229,-3.420381318946776,1757
age_75+,dep_hour_share_leisure_16,0.07387796898024426,0.05235435328,2.1523615700244263,1757
age_75+,dep_hour_share_leisure_17,0.0636129773470866,0.08548245401,-2.1869476662913403,1757
age_75+,dep_hour_share_leisure_18,0.060790729039186794,0.07529126466,-1.4500535620813202,1757
age_75+,dep_hour_share_leisure_19,0.03688903319263718,0.02724206847,0.964696472263718,1757
age_75+,dep_hour_share_leisure_20,0.011838457503933664,0.007190845342,0.4647612161933664,1757
age_75+,dep_hour_share_leisure_21,0.0033467369314917955,0.002202242151,0.11444947804917956,1757
age_75+,dep_hour_share_leisure_22,0.005194934938435026,0.003726288702,0.14686462364350258,1757
age_75+,dep_hour_share_leisure_23,0.0002497564874247609,0.002647351203,-0.23975947155752392,1757
age_75+,dep_hour_share_leisure_4,0.0009240990034716152,0.002482956162,-0.15588571585283847,1757
age_75+,dep_hour_share_leisure_5,0.0056694722645420715,0.0,0.5669472264542071,1757
age_75+,dep_hour_share_leisure_6,0.014560803216863557,0.003994981942,1.0565821274863558,1757
age_75+,dep_hour_share_leisure_7,0.04160943080496516,0.02685075774,1.4758673064965158,1757
age_75+,dep_hour_share_leisure_8,0.10212542770798472,0.08000139048,2.2124037227984714,1757
age_75+,dep_hour_share_leisure_9,0.12702614950423338,0.07098797462,5.603817488423338,1757
age_75+,dep_hour_share_other_10,0.12028041120703852,0.2016516118,-8.137120059296148,1757
age_75+,dep_hour_share_other_11,0.09176880190077395,0.1370475612,-4.527875929922605,1757
age_75+,dep_hour_share_other_12,0.059963772377614154,0.0384005106,2.1563261777614153,1757
age_75+,dep_hour_share_other_13,0.07828930344162413,0.03175840438,4.653089906162413,1757
age_75+,dep_hour_share_other_14,0.0649274271330777,0.08103297054,-1.61055434069223,1757
age_75+,dep_hour_share_other_15,0.0626455574113717,0.07709632233,-1.445076491862829,1757
age_75+,dep_hour_share_other_16,0.061586958055941096,0.04479360352,1.6793354535941094,1757
age_75+,dep_hour_share_other_17,0.020536827495353925,0.03314536162,-1.2608534124646076,1757
age_75+,dep_hour_share_other_18,0.0422028276365005,0.007321502186,3.48813254505005,1757
age_75+,dep_hour_share_other_19,0.010256651532616623,0.004783734651,0.5472916881616623,1757
age_75+,dep_hour_share_other_20,0.0038109576795502128,0.001527661785,0.2283295894550213,1757
age_75+,dep_hour_share_other_21,0.001223270366275377,0.0004788788905,0.07443914757753771,1757
age_75+,dep_hour_share_other_22,0.0008468794843444917,0.0,0.08468794843444917,1757
age_75+,dep_hour_share_other_23,0.0005881107530170082,0.0,0.05881107530170082,1757
age_75+,dep_hour_share_other_4,0.0002822931614481639,0.0,0.02822931614481639,1757
age_75+,dep_hour_share_other_5,0.0007998306241031311,0.00121498969,-0.04151590658968688,1757
age_75+,dep_hour_share_other_6,0.03291067773883178,0.002476732209,3.043394552983178,1757
age_75+,dep_hour_share_other_7,0.11566962290338517,0.04703117968,6.863844322338516,1757
age_75+,dep_hour_share_other_8,0.10202545343339058,0.1042349238,-0.22094703666094284,1757
age_75+,dep_hour_share_other_9,0.1278317532757769,0.175755808,-4.7924054724223115,1757
age_75+,dep_hour_share_shop_10,0.20454866506568725,0.2087992818,-0.42506167343127343,1757
age_75+,dep_hour_share_shop_11,0.08323209492866224,0.1533425538,-7.011045887133776,1757
age_75+,dep_hour_share_shop_12,0.08721570843339455,0.07528007254,1.1935635893394538,1757
age_75+,dep_hour_share_shop_13,0.09182087865517728,0.05509187559,3.6729003065177284,1757
age_75+,dep_hour_share_shop_14,0.06418985732448086,0.06113938107,0.30504762544808633,1757
age_75+,dep_hour_share_shop_15,0.03401610396948722,0.06822457185,-3.420846788051278,1757
age_75+,dep_hour_share_shop_16,0.0377454442717898,0.06710347312,-2.9358028848210207,1757
age_75+,dep_hour_share_shop_17,0.021217686113857888,0.03537323174,-1.415554562614211,1757
age_75+,dep_hour_share_shop_18,0.01096200028252578,0.0108462037,0.01157965825257807,1757
age_75+,dep_hour_share_shop_19,0.003136036163299901,0.001063710266,0.2072325897299901,1757
age_75+,dep_hour_share_shop_20,0.003164288741347648,0.0,0.31642887413476484,1757
age_75+,dep_hour_share_shop_21,0.0007345670292414183,0.0008895349251,-0.015496789585858164,1757
age_75+,dep_hour_share_shop_22,0.000197768046334228,0.0,0.019776804633422802,1757
age_75+,dep_hour_share_shop_23,0.0002542732024297217,0.0,0.02542732024297217,1757
age_75+,dep_hour_share_shop_4,0.0,0.0,0.0,1757
age_75+,dep_hour_share_shop_5,0.001779912417008052,0.0,0.17799124170080521,1757
age_75+,dep_hour_share_shop_6,0.0063568300607430425,0.003147675821,0.3209154239743042,1757
age_75+,dep_hour_share_shop_7,0.036191552479163724,0.02041468547,1.5776867009163724,1757
age_75+,dep_hour_share_shop_8,0.1340302302585111,0.0646015702,6.94286600585111,1757
age_75+,dep_hour_share_shop_9,0.17768046334228,0.1746821781,0.2998285242279991,1757
age_75+,dep_hour_share_work_10,0.022964509394572025,0.07434471358,-5.138020418542798,1757
age_75+,dep_hour_share_work_11,0.022964509394572025,0.01929711201,0.36673973845720265,1757
age_75+,dep_hour_share_work_12,0.035788845809722636,0.09843333039,-6.264448458027736,1757
age_75+,dep_hour_share_work_13,0.04891142260662094,0.02364396595,2.5267456656620935,1757
age_75+,dep_hour_share_work_14,0.05308678795108858,0.01643313137,3.665365658108858,1757
age_75+,dep_hour_share_work_15,0.02863107664777811,0.03231314461,-0.3682067962221886,1757
age_75+,dep_hour_share_work_16,0.018789144050104383,0.0,1.8789144050104383,1757
age_75+,dep_hour_share_work_17,0.02177154786758127,0.0,2.177154786758127,1757
age_75+,dep_hour_share_work_18,0.009543692215926037,0.03378738214,-2.4243689924073966,1757
age_75+,dep_hour_share_work_19,0.001789442290486132,0.0,0.17894422904861318,1757
age_75+,dep_hour_share_work_20,0.00029824038174768865,0.0,0.029824038174768867,1757
age_75+,dep_hour_share_work_21,0.0014912019087384432,0.0,0.14912019087384432,1757
age_75+,dep_hour_share_work_22,0.00029824038174768865,0.0,0.029824038174768867,1757
age_75+,dep_hour_share_work_23,0.0,0.0,0.0,1757
age_75+,dep_hour_share_work_4,0.04771846107963018,0.0,4.771846107963018,1757
age_75+,dep_hour_share_work_5,0.10706829704742023,0.002988362444,10.407993460342023,1757
age_75+,dep_hour_share_work_6,0.16134804652549956,0.1164616422,4.488640432549955,1757
age_75+,dep_hour_share_work_7,0.22636444974649567,0.01476200325,21.160244649649567,1757
age_75+,dep_hour_share_work_8,0.12257679689830003,0.4807737085,-35.819691160169995,1757
age_75+,dep_hour_share_work_9,0.05577095138681778,0.04028559832,1.548535306681778,1757
age_75+,mean_work_activity_h,5.050258474997515,4.157264988,0.8929934869975149,1757
age_75+,mobility_rate,0.6954816569981208,0.7161184435,-2.0636786501879167,1757
age_75+,n_persons_unweighted,110151.0,1757.0,108394.0,1757
age_75+,n_persons_weighted,110151.0,74247.32901,35903.67099,1757
age_75+,n_work_activities_measured,3353.0,21.0,3332.0,1757
age_75+,nonhome_acts_per_mobile,1.6933479532163742,2.178282042,-0.484934088783626,1757
age_75+,participation_education,0.01726720592641011,0.005425378628,1.1841827298410108,1757
age_75+,participation_escort,0.035405942751314104,0.04312282707,-0.7716884318685897,1757
age_75+,participation_home,0.6954816569981208,0.7090660818,-1.3584424801879158,1757
age_75+,participation_leisure,0.2940327368793747,0.3928226251,-9.878988822062528,1757
age_75+,participation_other,0.3100289602454812,0.3145649768,-0.4536016554518796,1757
age_75+,participation_shop,0.28654301822044287,0.3890343395,-10.249132127955713,1757
age_75+,participation_work,0.02421221777378326,0.01256186084,1.1650356933783261,1757
age_75+,purpose_share_education,0.011345155877265256,0.002305597265,0.9039558612265255,1757
age_75+,purpose_share_escort,0.025011107899765763,0.02217510901,0.2835998889765764,1757
age_75+,purpose_share_home,0.4404034216645026,0.4299173366,1.0486085064502604,1757
age_75+,purpose_share_leisure,0.17271813542578845,0.1993583812,-2.6640245774211535,1757
age_75+,purpose_share_other,0.18337309170595772,0.1410283854,4.234470630595771,1757
age_75+,purpose_share_shop,0.15268509212007747,0.1997667241,-4.708163197992252,1757
age_75+,purpose_share_work,0.01446399530664274,0.005448466475,0.901552883164274,1757
age_75+,share_mobile_first_from_home,1.0,0.9846670343,1.5332965699999979,1757
age_75+,share_mobile_last_to_home,1.0,0.979422835,2.0577164999999953,1757
age_75+,share_mobile_odd_trip_count,0.28212458228905596,0.2527318391,2.9392743189055937,1757
age_75+,share_trips_0,0.30451834300187924,0.2838815565,2.0636786501879225,1757
age_75+,share_trips_1,0.0008170602173380178,0.007999159324,-0.7182099106661981,1757
age_75+,share_trips_2,0.35497635064593147,0.2597294843,9.524686634593149,1757
age_75+,share_trips_3,0.14989423609408903,0.07853855337,7.135568272408903,1757
age_75+,share_trips_4,0.09880073716988498,0.1787453697,-7.994463253011501,1757
age_75+,share_trips_5,0.033408684442265614,0.05599159257,-2.2582908127734385,1757
age_75+,share_trips_6,0.03702190629227152,0.06113342987,-2.4111523577728478,1757
age_75+,share_trips_7,0.009668545905166545,0.02487302184,-1.5204475934833455,1757
age_75+,share_trips_8plus,0.01089413623117357,0.04910783257,-3.821369633882643,1757
age_75+,share_trips_followed_by_same_purpose,0.08897966930811804,0.0518164098,3.7163259508118043,1757
age_75+,share_trips_home_based,0.8460164698878857,0.8612071433,-1.519067341211433,1757
age_75+,share_trips_unknown_purpose,0.0,0.0,0.0,1757
age_75+,share_work_activities_lt_2h,0.23441694005368327,0.3424019536,-10.79850135463167,1757
age_75+,tours_per_mobile,1.3326676065162908,1.642711266,-0.31004365948370927,1757
age_75+,trips_per_mobile_person,3.026015559732665,3.820993308,-0.794977748267335,1757
age_75+,trips_per_person,2.1045383155849695,2.736283781,-0.6317454654150305,1757
age_75+,trips_per_person_education,0.023876315239988743,0.0063087684,0.01756754683998874,1757
age_75+,trips_per_person_escort,0.05263683489028697,0.06067739112,-0.00804055622971303,1757
age_75+,trips_per_person_home,0.9268458752076695,1.176375835,-0.2495299597923305,1757
age_75+,trips_per_person_leisure,0.3634919337999655,0.545501105,-0.18200917120003451,1757
age_75+,trips_per_person_other,0.3859156975424644,0.3858936835,2.20140424644355e-05,1757
age_75+,trips_per_person_shop,0.32133162658532377,0.5466184471,-0.2252868205146762,1757
age_75+,trips_per_person_work,0.03044003231927082,0.01490855045,0.01553148186927082,1757
all,dep_hour_share_all_10,0.04527460052062117,0.05208275243,-0.6808151909378828,18223
all,dep_hour_share_all_11,0.04878377055996848,0.05638717976,-0.7603409200031525,18223
all,dep_hour_share_all_12,0.06034641106575191,0.06122048412,-0.08740730542480882,18223
all,dep_hour_share_all_13,0.06603930309456521,0.07229829733,-0.6258994235434787,18223
all,dep_hour_share_all_14,0.07322409630093685,0.07193688752,0.1287208780936841,18223
all,dep_hour_share_all_15,0.08800851511781273,0.09129177653,-0.3283261412187266,18223
all,dep_hour_share_all_16,0.08917043597390197,0.09313951947,-0.3969083496098036,18223
all,dep_hour_share_all_17,0.07832334885487076,0.08325053706,-0.4927188205129246,18223
all,dep_hour_share_all_18,0.0636881526661272,0.06232227312,0.13658795461272064,18223
all,dep_hour_share_all_19,0.04062074012472931,0.03832407875,0.22966613747293155,18223
all,dep_hour_share_all_20,0.028974873055107365,0.02323517727,0.5739695785107364,18223
all,dep_hour_share_all_21,0.019130405947318234,0.01689596206,0.22344438873182354,18223
all,dep_hour_share_all_22,0.014424203845262312,0.01114277512,0.32814287252623114,18223
all,dep_hour_share_all_23,0.00730703222200946,0.003609894486,0.369713773600946,18223
all,dep_hour_share_all_4,0.004301773018403149,0.002569121759,0.17326512594031487,18223
all,dep_hour_share_all_5,0.015956417889679938,0.01238511537,0.3571302519679938,18223
all,dep_hour_share_all_6,0.047920294960143904,0.03307486761,1.48454273501439,18223
all,dep_hour_share_all_7,0.09035771492366076,0.102717226,-1.2359511076339231,18223
all,dep_hour_share_all_8,0.05802809611757833,0.06368874809,-0.5660651972421666,18223
all,dep_hour_share_all_9,0.04871712428814467,0.04633409046,0.23830338281446706,18223
all,dep_hour_share_education_10,0.01886739570146632,0.01127198533,0.7595410371466321,18223
all,dep_hour_share_education_11,0.02863976307147562,0.01820934422,1.043041885147562,18223
all,dep_hour_share_education_12,0.026369509466396976,0.02153748165,0.4832027816396977,18223
all,dep_hour_share_education_13,0.031461230514824384,0.02866261207,0.2798618444824385,18223
all,dep_hour_share_education_14,0.02451967319559216,0.01802018268,0.6499490515592159,18223
all,dep_hour_share_education_15,0.03403511886132301,0.01783646586,1.619865300132301,18223
all,dep_hour_share_education_16,0.01853573313776142,0.01602070108,0.25150320577614177,18223
all,dep_hour_share_education_17,0.008450388418903831,0.01398119051,-0.5530802091096169,18223
all,dep_hour_share_education_18,0.005759717479551368,0.005305116992,0.04546004875513685,18223
all,dep_hour_share_education_19,0.005269230589565242,0.001884147068,0.3385083521565242,18223
all,dep_hour_share_education_20,0.0005045008011285869,0.0004658888282,0.003861197292858695,18223
all,dep_hour_share_education_21,0.0003083060451341365,0.0004652239367,-0.015691789156586353,18223
all,dep_hour_share_education_22,0.00013546780771045392,0.0,0.013546780771045392,18223
all,dep_hour_share_education_23,8.875477056891808e-05,0.0,0.008875477056891809,18223
all,dep_hour_share_education_4,0.0005371999271276621,0.0,0.05371999271276621,18223
all,dep_hour_share_education_5,0.0034754499633302656,0.001188721285,0.22867286783302657,18223
all,dep_hour_share_education_6,0.1711145263531599,0.06624452555,10.48700008031599,18223
all,dep_hour_share_education_7,0.4637576901337394,0.617002642,-15.324495186626057,18223
all,dep_hour_share_education_8,0.12021132978002831,0.1259639598,-0.5752630019971685,18223
all,dep_hour_share_education_9,0.03657630808182256,0.03593981114,0.06364969418225577,18223
all,dep_hour_share_escort_10,0.01708078643063163,0.01565574758,0.1425038850631631,18223
all,dep_hour_share_escort_11,0.033116350453811755,0.03004725867,0.3069091783811755,18223
all,dep_hour_share_escort_12,0.0603119790426292,0.0528680563,0.74439227426292,18223
all,dep_hour_share_escort_13,0.07069804980021699,0.08932804703,-1.8629997229783006,18223
all,dep_hour_share_escort_14,0.13552168505728876,0.115349183,2.0172502057288764,18223
all,dep_hour_share_escort_15,0.12225132968167024,0.1244621437,-0.22108140183297598,18223
all,dep_hour_share_escort_16,0.07948982561985658,0.05920440843,2.0285417189856583,18223
all,dep_hour_share_escort_17,0.05634939535868328,0.05249078204,0.38586133186832783,18223
all,dep_hour_share_escort_18,0.042549813447646266,0.03538729115,0.7162522297646267,18223
all,dep_hour_share_escort_19,0.018900002646132678,0.01797240353,0.09275991161326776,18223
all,dep_hour_share_escort_20,0.008090550660210104,0.005678119723,0.24124309372101038,18223
all,dep_hour_share_escort_21,0.006827022306898468,0.004239624988,0.2587397318898467,18223
all,dep_hour_share_escort_22,0.0026395173453996985,0.01415427905,-1.15147617046003,18223
all,dep_hour_share_escort_23,0.0018192162155010452,0.0,0.18192162155010452,18223
all,dep_hour_share_escort_4,0.0012833743483898284,0.0006932826375,0.05900917108898284,18223
all,dep_hour_share_escort_5,0.002242597443835834,0.001337280905,0.09053165388358338,18223
all,dep_hour_share_escort_6,0.044144108385594454,0.01618361979,2.7960488595594453,18223
all,dep_hour_share_escort_7,0.1784684184064989,0.2309359067,-5.246748829350109,18223
all,dep_hour_share_escort_8,0.0856883914159456,0.1134596022,-2.7771210784054396,18223
all,dep_hour_share_escort_9,0.027824085099626895,0.0168111617,1.1012923399626895,18223
all,dep_hour_share_home_10,0.032696945117767766,0.04046123877,-0.7764293652232233,18223
all,dep_hour_share_home_11,0.04845427366256109,0.0585540642,-1.009979053743891,18223
all,dep_hour_share_home_12,0.07426300399618042,0.06647582231,0.7787181686180422,18223
all,dep_hour_share_home_13,0.08171462239455132,0.09330815006,-1.1593527665448675,18223
all,dep_hour_share_home_14,0.08423470097411781,0.08069255332,0.3542147654117811,18223
all,dep_hour_share_home_15,0.10532912616958996,0.1093322941,-0.40031679304100426,18223
all,dep_hour_share_home_16,0.10917918110339589,0.116839246,-0.7660064896604104,18223
all,dep_hour_share_home_17,0.10323335849504814,0.1064625149,-0.32291564049518606,18223
all,dep_hour_share_home_18,0.08915217523805952,0.08747836701,0.16738082280595146,18223
all,dep_hour_share_home_19,0.059918482295373526,0.05159458958,0.8323892715373524,18223
all,dep_hour_share_home_20,0.052396536122689144,0.04105673517,1.1339800952689147,18223
all,dep_hour_share_home_21,0.036295382903474345,0.0308444887,0.5450894203474346,18223
all,dep_hour_share_home_22,0.02887267703454344,0.02079915672,0.8073520314543441,18223
all,dep_hour_share_home_23,0.015306449369472432,0.00713848223,0.8167967139472432,18223
all,dep_hour_share_home_4,5.5480799736192706e-05,0.0007880555536,-0.07325747538638072,18223
all,dep_hour_share_home_5,0.0007071848417078084,0.002243374312,-0.15361894702921913,18223
all,dep_hour_share_home_6,0.002031691257945085,0.005951955834,-0.39202645760549154,18223
all,dep_hour_share_home_7,0.010099849811130854,0.01771765154,-0.7617801728869146,18223
all,dep_hour_share_home_8,0.019323728122201542,0.03211590665,-1.2792178527798455,18223
all,dep_hour_share_home_9,0.028132672564822672,0.02755384938,0.05788231848226737,18223
all,dep_hour_share_leisure_10,0.04675454573249298,0.05123809208,-0.44835463475070214,18223
all,dep_hour_share_leisure_11,0.03713676725587571,0.04645842328,-0.9321656024124291,18223
all,dep_hour_share_leisure_12,0.044856759743351196,0.06364873778,-1.8791978036648809,18223
all,dep_hour_share_leisure_13,0.05525636489903953,0.05387841209,0.13779528090395315,18223
all,dep_hour_share_leisure_14,0.07875047499246564,0.07686726499,0.1883210002465635,18223
all,dep_hour_share_leisure_15,0.10535223694152897,0.1102737997,-0.49215627584710264,18223
all,dep_hour_share_leisure_16,0.13875021292765702,0.1294178436,0.933236932765702,18223
all,dep_hour_share_leisure_17,0.12622351507527813,0.1191116262,0.7111888875278125,18223
all,dep_hour_share_leisure_18,0.1002266860594625,0.1016873967,-0.1460710640537502,18223
all,dep_hour_share_leisure_19,0.06356818707933139,0.07607784797,-1.2509660890668615,18223
all,dep_hour_share_leisure_20,0.028213460522120454,0.0244133345,0.38001260221204525,18223
all,dep_hour_share_leisure_21,0.013841389642325213,0.01228588096,0.15555086823252126,18223
all,dep_hour_share_leisure_22,0.009814327083087647,0.006821451648,0.29928754350876474,18223
all,dep_hour_share_leisure_23,0.0024131801127752228,0.001633402206,0.07797779067752228,18223
all,dep_hour_share_leisure_4,0.00036033911186236355,0.002422411664,-0.20620725521376368,18223
all,dep_hour_share_leisure_5,0.003701665421858826,0.003823253606,-0.012158818414117426,18223
all,dep_hour_share_leisure_6,0.017012373826714014,0.01165320072,0.5359173106714015,18223
all,dep_hour_share_leisure_7,0.02670440399910898,0.02062581758,0.607858641910898,18223
all,dep_hour_share_leisure_8,0.042651047604072484,0.04255933534,0.009171226407248684,18223
all,dep_hour_share_leisure_9,0.054437412372079615,0.04425437079,1.0183041582079617,18223
all,dep_hour_share_other_10,0.08449699688307116,0.1301118092,-4.561481231692885,18223
all,dep_hour_share_other_11,0.0833619127684823,0.09145098908,-0.8089076311517701,18223
all,dep_hour_share_other_12,0.07062104882986182,0.05132191486,1.9299133969861826,18223
all,dep_hour_share_other_13,0.07652712820684025,0.06001855461,1.6508573596840257,18223
all,dep_hour_share_other_14,0.08537410733525347,0.09755224515,-1.2178137814746526,18223
all,dep_hour_share_other_15,0.09047591588237615,0.1054314224,-1.4955506517623853,18223
all,dep_hour_share_other_16,0.08757750591063185,0.08905000017,-0.14724942593681567,18223
all,dep_hour_share_other_17,0.05895760430482168,0.05648435509,0.2473249214821678,18223
all,dep_hour_share_other_18,0.04303607685794149,0.01983289418,2.3203182677941485,18223
all,dep_hour_share_other_19,0.028653286432709847,0.007601686856,2.1051599576709847,18223
all,dep_hour_share_other_20,0.013860773131891312,0.003986890487,0.9873882644891311,18223
all,dep_hour_share_other_21,0.008795384395931907,0.004324751579,0.4470632816931907,18223
all,dep_hour_share_other_22,0.004859009806034155,0.002829444726,0.20295650800341553,18223
all,dep_hour_share_other_23,0.0034811269503567622,0.002102075094,0.1379051856356762,18223
all,dep_hour_share_other_4,0.0014051977140498526,0.0,0.14051977140498526,18223
all,dep_hour_share_other_5,0.0025524217656931448,0.001597040282,0.09553814836931447,18223
all,dep_hour_share_other_6,0.01615218625091429,0.01265661625,0.34955700009142876,18223
all,dep_hour_share_other_7,0.06125812237663548,0.05086334049,1.0394781886635478,18223
all,dep_hour_share_other_8,0.08224200357521146,0.096064651,-1.3822647424788546,18223
all,dep_hour_share_other_9,0.08924371227135187,0.1148234528,-2.5579740528648127,18223
all,dep_hour_share_shop_10,0.11947507629704984,0.113573183,0.5901893297049848,18223
all,dep_hour_share_shop_11,0.09000203458799592,0.1045408637,-1.4538829112004077,18223
all,dep_hour_share_shop_12,0.07963377416073245,0.08070060705,-0.10668328892675522,18223
all,dep_hour_share_shop_13,0.06157477110885046,0.06772682363,-0.6152052521149545,18223
all,dep_hour_share_shop_14,0.07750966429298067,0.07479634652,0.27133177729806723,18223
all,dep_hour_share_shop_15,0.09855544252288911,0.09546457991,0.3090862612889114,18223
all,dep_hour_share_shop_16,0.08555442522889115,0.1031216009,-1.7567175671108854,18223
all,dep_hour_share_shop_17,0.0733794506612411,0.09223050614,-1.8851055478758898,18223
all,dep_hour_share_shop_18,0.04980264496439471,0.04335069655,0.6451948414394713,18223
all,dep_hour_share_shop_19,0.017391658189216685,0.02151343125,-0.4121773060783315,18223
all,dep_hour_share_shop_20,0.004630722278738555,0.006442516701,-0.1811794422261445,18223
all,dep_hour_share_shop_21,0.002461851475076297,0.005893960561,-0.3432109085923703,18223
all,dep_hour_share_shop_22,0.0021363173957273654,0.0006416588402,0.14946585555273653,18223
all,dep_hour_share_shop_23,0.0004150559511698881,0.0005087035568,-0.00936476056301119,18223
all,dep_hour_share_shop_4,0.00010579857578840284,0.0,0.010579857578840285,18223
all,dep_hour_share_shop_5,0.0008056968463886063,0.0003825330999,0.04231637464886063,18223
all,dep_hour_share_shop_6,0.01002238046795524,0.007791666165,0.22307143029552398,18223
all,dep_hour_share_shop_7,0.0371881993896236,0.02966680839,0.7521390999623602,18223
all,dep_hour_share_shop_8,0.07710274669379451,0.05374159274,2.3361153953794513,18223
all,dep_hour_share_shop_9,0.11005900305188199,0.09791192129,1.2147081761881993,18223
all,dep_hour_share_work_10,0.030632994754159346,0.0303903156,0.02426791541593476,18223
all,dep_hour_share_work_11,0.02594265519468931,0.03001389447,-0.4071239275310692,18223
all,dep_hour_share_work_12,0.031281498294536234,0.05146979714,-2.018829884546377,18223
all,dep_hour_share_work_13,0.03893534821875181,0.0513865555,-1.245120728124819,18223
all,dep_hour_share_work_14,0.021272424272130185,0.02808671787,-0.6814293597869815,18223
all,dep_hour_share_work_15,0.019804493777633665,0.01634328475,0.3461209027633666,18223
all,dep_hour_share_work_16,0.012982638705607043,0.01024163755,0.2741001155607043,18223
all,dep_hour_share_work_17,0.008103780675097212,0.009852105267,-0.1748324591902788,18223
all,dep_hour_share_work_18,0.0046073914322125285,0.004006507796,0.06008836362125288,18223
all,dep_hour_share_work_19,0.0036698262362412936,0.001186497274,0.24833289622412935,18223
all,dep_hour_share_work_20,0.005321248042549876,0.005229557461,0.009169058154987614,18223
all,dep_hour_share_work_21,0.003662285497399702,0.005844712427,-0.21824269296002977,18223
all,dep_hour_share_work_22,0.0009325380367435068,0.0005113971661,0.04211408706435068,18223
all,dep_hour_share_work_23,0.0006032591073273359,0.001162207318,-0.055894821067266405,18223
all,dep_hour_share_work_4,0.03066064412991185,0.01450336362,1.615728050991185,18223
all,dep_hour_share_work_5,0.11149987809138873,0.08463918182,2.686069627138872,18223
all,dep_hour_share_work_6,0.21596927400280014,0.1774689088,3.850036520280015,18223
all,dep_hour_share_work_7,0.24432747920641265,0.2873963517,-4.306887249358734,18223
all,dep_hour_share_work_8,0.12441967730664917,0.1391245841,-1.4704906793350834,18223
all,dep_hour_share_work_9,0.05136248582969493,0.04672684261,0.46356432196949304,18223
all,mean_work_activity_h,5.7903283423814775,6.290371181,-0.5000428386185227,18223
all,mobility_rate,0.8378884223394634,0.8437201354,-0.5831713060536647,18223
all,n_persons_unweighted,1002871.0,18223.0,984648.0,18223
all,n_persons_weighted,1002871.0,787251.0,215620.0,18223
all,n_work_activities_measured,397319.0,6787.0,390532.0,18223
all,nonhome_acts_per_mobile,2.1376077896545733,2.181590299,-0.04398250934542647,18223
all,participation_education,0.16936874234073973,0.1760996645,-0.6730922159260272,18223
all,participation_escort,0.09893894628521514,0.0991716453,-0.023269901478485677,18223
all,participation_home,0.8378884223394634,0.8345502806,0.33381417394633406,18223
all,participation_leisure,0.35634593083257965,0.3831627093,-2.6816778467420366,18223
all,participation_other,0.23994611470468286,0.1711559913,6.879012340468285,18223
all,participation_shop,0.2062149568588582,0.279384675,-7.316971814114181,18223
all,participation_work,0.3199195110836788,0.3315582716,-1.1638760516321234,18223
all,purpose_share_education,0.06959593828360167,0.06103073209,0.8565206193601669,18223
all,purpose_share_escort,0.04914398553158204,0.0501628758,-0.1018890268417956,18223
all,purpose_share_home,0.4160424403458974,0.4226397423,-0.659730195410263,18223
all,purpose_share_leisure,0.14886566419837052,0.164692032,-1.5826367801629466,18223
all,purpose_share_other,0.10711876463170132,0.06709773398,4.0021030651701315,18223
all,purpose_share_shop,0.07989425024732269,0.1104526704,-3.0558420152677304,18223
all,purpose_share_work,0.12933895676152435,0.1239242133,0.5414743461524346,18223
all,share_mobile_first_from_home,1.0,0.9781395677,2.186043230000001,18223
all,share_mobile_last_to_home,1.0,0.9776106086,2.238939139999996,18223
all,share_mobile_odd_trip_count,0.28637238871157,0.2325256214,5.3846767311570005,18223
all,share_trips_0,0.1621115776605366,0.1562798646,0.5831713060536592,18223
all,share_trips_1,0.0007608156981306669,0.005847443426,-0.5086627727869333,18223
all,share_trips_2,0.3200561188826878,0.3142358594,0.5820259482687828,18223
all,share_trips_3,0.11697616144050431,0.08457489727,3.2401264170504303,18223
all,share_trips_4,0.1859551228423197,0.2217298615,-3.57747386576803,18223
all,share_trips_5,0.08468088119010321,0.06356429858,2.111658261010321,18223
all,share_trips_6,0.06490765013645823,0.07639621825,-1.1488568113541764,18223
all,share_trips_7,0.028171120712434602,0.02958426773,-0.1413147017565397,18223
all,share_trips_8plus,0.03638055143682488,0.04778728929,-1.1406737853175122,18223
all,share_trips_followed_by_same_purpose,0.1024073608694055,0.0453464843,5.706087656940549,18223
all,share_trips_home_based,0.8087281257995521,0.8448585244,-3.6130398600447866,18223
all,share_trips_unknown_purpose,0.0,0.0006637068375,-0.06637068375,18223
all,share_work_activities_lt_2h,0.19355983479269806,0.1095768815,8.398295329269805,18223
all,tours_per_mobile,1.5229455404894001,1.595134658,-0.07218911751059998,18223
all,trips_per_mobile_person,3.660553330143973,3.776724957,-0.11617162685602667,18223
all,trips_per_person,3.067135254683803,3.186498892,-0.11936363731619704,18223
all,trips_per_person_education,0.21346015589243283,0.1943452862,0.01911486969243284,18223
all,trips_per_person_escort,0.150731250579586,0.1597378586,-0.009006608020414003,18223
all,trips_per_person_home,1.2760584362295848,1.345847229,-0.06978879277041528,18223
all,trips_per_person_leisure,0.4565911268747426,0.5244426702,-0.06785154332525739,18223
all,trips_per_person_other,0.32854773944006754,0.2136649499,0.11488278954006753,18223
all,trips_per_person_shop,0.24504647158009354,0.3517237155,-0.10667724391990643,18223
all,trips_per_person_work,0.39670007408729535,0.394622281,0.002077793087295332,18223
group_adult_18_64_not_employed,dep_hour_share_all_10,0.07147604781766864,0.07749087943,-0.6014831612331364,2458
group_adult_18_64_not_employed,dep_hour_share_all_11,0.07948338808026124,0.09340376641,-1.392037832973876,2458
group_adult_18_64_not_employed,dep_hour_share_all_12,0.07569525387483023,0.07388465493,0.18105989448302245,2458
group_adult_18_64_not_employed,dep_hour_share_all_13,0.06772403695176812,0.07969863507,-1.1974598118231872,2458
group_adult_18_64_not_employed,dep_hour_share_all_14,0.07395410890946046,0.07648248919,-0.25283802805395467,2458
group_adult_18_64_not_employed,dep_hour_share_all_15,0.08217337276396529,0.0808592829,0.13140898639652926,2458
group_adult_18_64_not_employed,dep_hour_share_all_16,0.07744843995337682,0.06897072023,0.8477719723376811,2458
group_adult_18_64_not_employed,dep_hour_share_all_17,0.07743880706283535,0.06398917418,1.344963288283535,2458
group_adult_18_64_not_employed,dep_hour_share_all_18,0.056908709096338536,0.05683478658,0.007392251633853847,2458
group_adult_18_64_not_employed,dep_hour_share_all_19,0.03525156293649035,0.04282340685,-0.7571843913509652,2458
group_adult_18_64_not_employed,dep_hour_share_all_20,0.026752945256283054,0.02757417458,-0.08212293237169453,2458
group_adult_18_64_not_employed,dep_hour_share_all_21,0.018885281906541696,0.0187906744,0.00946075065416975,2458
group_adult_18_64_not_employed,dep_hour_share_all_22,0.018341023590948937,0.01039494172,0.7946081870948937,2458
group_adult_18_64_not_employed,dep_hour_share_all_23,0.008970629316739073,0.006846699206,0.2123930110739073,2458
group_adult_18_64_not_employed,dep_hour_share_all_4,0.0012306017666721253,0.0007159546023,0.05146471643721253,2458
group_adult_18_64_not_employed,dep_hour_share_all_5,0.0031186483127992218,0.001760554318,0.13580939947992218,2458
group_adult_18_64_not_employed,dep_hour_share_all_6,0.021594532371328665,0.01423013081,0.7364401561328665,2458
group_adult_18_64_not_employed,dep_hour_share_all_7,0.05778289391297647,0.06504609551,-0.7263201597023532,2458
group_adult_18_64_not_employed,dep_hour_share_all_8,0.06606236333336545,0.07575824832,-0.9695884986634553,2458
group_adult_18_64_not_employed,dep_hour_share_all_9,0.0685091175308975,0.06261902963,0.5890087900897498,2458
group_adult_18_64_not_employed,dep_hour_share_education_10,0.03810492989597467,0.04171194676,-0.3607016864025328,2458
group_adult_18_64_not_employed,dep_hour_share_education_11,0.09045680687471733,0.06752154523,2.2935261644717335,2458
group_adult_18_64_not_employed,dep_hour_share_education_12,0.09656264133876075,0.04650903906,5.005360227876075,2458
group_adult_18_64_not_employed,dep_hour_share_education_13,0.06054952510176391,0.0918277138,-3.127818869823609,2458
group_adult_18_64_not_employed,dep_hour_share_education_14,0.022614201718679332,0.05329711678,-3.068291506132067,2458
group_adult_18_64_not_employed,dep_hour_share_education_15,0.019504748982360924,0.03223307661,-1.2728327627639078,2458
group_adult_18_64_not_employed,dep_hour_share_education_16,0.003787878787878788,0.03316195321,-2.937407442212121,2458
group_adult_18_64_not_employed,dep_hour_share_education_17,0.005710085933966531,0.01451799987,-0.8807913936033468,2458
group_adult_18_64_not_employed,dep_hour_share_education_18,0.016451831750339214,0.006455578938,0.9996252812339214,2458
group_adult_18_64_not_employed,dep_hour_share_education_19,0.002996381727725011,0.0004042972006,0.2592084527125011,2458
group_adult_18_64_not_employed,dep_hour_share_education_20,0.00016960651289009497,0.002898626742,-0.2729020229109905,2458
group_adult_18_64_not_employed,dep_hour_share_education_21,5.653550429669833e-05,0.0,0.005653550429669833,2458
group_adult_18_64_not_employed,dep_hour_share_education_22,5.653550429669833e-05,0.0,0.005653550429669833,2458
group_adult_18_64_not_employed,dep_hour_share_education_23,0.0,0.0,0.0,2458
group_adult_18_64_not_employed,dep_hour_share_education_4,0.0002261420171867933,0.0,0.022614201718679332,2458
group_adult_18_64_not_employed,dep_hour_share_education_5,0.0037313432835820895,0.004200471299,-0.046912801541791053,2458
group_adult_18_64_not_employed,dep_hour_share_education_6,0.1520805065581185,0.03496706921,11.71134373481185,2458
group_adult_18_64_not_employed,dep_hour_share_education_7,0.27979421076436,0.3548291092,-7.503489843563998,2458
group_adult_18_64_not_employed,dep_hour_share_education_8,0.12991858887381275,0.105880584,2.4038004873812744,2458
group_adult_18_64_not_employed,dep_hour_share_education_9,0.07722749886928991,0.1095838721,-3.2356373230710083,2458
group_adult_18_64_not_employed,dep_hour_share_escort_10,0.034785744729681,0.03256602831,0.2219716419680995,2458
group_adult_18_64_not_employed,dep_hour_share_escort_11,0.053113012688108585,0.02994127091,2.3171741778108585,2458
group_adult_18_64_not_employed,dep_hour_share_escort_12,0.10934067735484082,0.08237514183,2.6965535524840822,2458
group_adult_18_64_not_employed,dep_hour_share_escort_13,0.0699321333726763,0.1218795239,-5.19473905273237,2458
group_adult_18_64_not_employed,dep_hour_share_escort_14,0.13648732828431856,0.1097958059,2.669152238431856,2458
group_adult_18_64_not_employed,dep_hour_share_escort_15,0.12445493590374086,0.1052953933,1.9159542603740864,2458
group_adult_18_64_not_employed,dep_hour_share_escort_16,0.05848988557752205,0.05488630946,0.36035761175220515,2458
group_adult_18_64_not_employed,dep_hour_share_escort_17,0.030458017769909182,0.02622364605,0.4234371719909181,2458
group_adult_18_64_not_employed,dep_hour_share_escort_18,0.01931084226746664,0.02439506307,-0.5084220802533359,2458
group_adult_18_64_not_employed,dep_hour_share_escort_19,0.012065178190878987,0.009488462721,0.2576715469878987,2458
group_adult_18_64_not_employed,dep_hour_share_escort_20,0.0016065047047637783,0.002935632825,-0.13291281202362215,2458
group_adult_18_64_not_employed,dep_hour_share_escort_21,0.01272089439690502,0.004073584622,0.8647309774905019,2458
group_adult_18_64_not_employed,dep_hour_share_escort_22,0.0016065047047637783,0.001313187094,0.02933176107637783,2458
group_adult_18_64_not_employed,dep_hour_share_escort_23,0.0007212878266286352,0.0,0.07212878266286352,2458
group_adult_18_64_not_employed,dep_hour_share_escort_4,9.83574309039048e-05,0.002527254833,-0.24288974020960952,2458
group_adult_18_64_not_employed,dep_hour_share_escort_5,0.00029507229271171436,0.002910451063,-0.2615378770288286,2458
group_adult_18_64_not_employed,dep_hour_share_escort_6,0.026031933379233468,0.01011858595,1.5913347429233469,2458
group_adult_18_64_not_employed,dep_hour_share_escort_7,0.17265007704665422,0.1922049728,-1.9554895753345791,2458
group_adult_18_64_not_employed,dep_hour_share_escort_8,0.0943903478574473,0.1554195084,-6.102916054255269,2458
group_adult_18_64_not_employed,dep_hour_share_escort_9,0.034687387298777086,0.03165017702,0.3037210278777083,2458
group_adult_18_64_not_employed,dep_hour_share_home_10,0.04674454437954635,0.05875885036,-1.2014305980453652,2458
group_adult_18_64_not_employed,dep_hour_share_home_11,0.07932298945306435,0.09886921688,-1.9546227426935654,2458
group_adult_18_64_not_employed,dep_hour_share_home_12,0.07346424433535194,0.08167531352,-0.8211069184648062,2458
group_adult_18_64_not_employed,dep_hour_share_home_13,0.08105493245422296,0.08815433055,-0.7099398095777045,2458
group_adult_18_64_not_employed,dep_hour_share_home_14,0.08011132212945378,0.07535693733,0.47543847994537813,2458
group_adult_18_64_not_employed,dep_hour_share_home_15,0.06982119181567349,0.08284455605,-1.302336423432651,2458
group_adult_18_64_not_employed,dep_hour_share_home_16,0.09201992331673058,0.07904487975,1.297504356673057,2458
group_adult_18_64_not_employed,dep_hour_share_home_17,0.09479103211858435,0.07609807943,1.8692952688584341,2458
group_adult_18_64_not_employed,dep_hour_share_home_18,0.07312382795236559,0.06535722585,0.7766602102365585,2458
group_adult_18_64_not_employed,dep_hour_share_home_19,0.051104262968669746,0.05981198901,-0.870772604133025,2458
group_adult_18_64_not_employed,dep_hour_share_home_20,0.05141481826542922,0.04948082623,0.19339920354292245,2458
group_adult_18_64_not_employed,dep_hour_share_home_21,0.03425663811946823,0.03149289842,0.27637396994682345,2458
group_adult_18_64_not_employed,dep_hour_share_home_22,0.03699788583509514,0.02045744262,1.6540443215095142,2458
group_adult_18_64_not_employed,dep_hour_share_home_23,0.021159565700361916,0.01406666096,0.7092904740361916,2458
group_adult_18_64_not_employed,dep_hour_share_home_4,3.583330347224711e-05,0.0007207696237,-0.06849363202277528,2458
group_adult_18_64_not_employed,dep_hour_share_home_5,0.0006330550280096989,0.001083878816,-0.0450823787990301,2458
group_adult_18_64_not_employed,dep_hour_share_home_6,0.0018095818253484788,0.00448118994,-0.2671608114651521,2458
group_adult_18_64_not_employed,dep_hour_share_home_7,0.011986240011466658,0.01903584544,-0.7049605428533343,2458
group_adult_18_64_not_employed,dep_hour_share_home_8,0.0346627488921537,0.05152469849,-1.6861949597846302,2458
group_adult_18_64_not_employed,dep_hour_share_home_9,0.04281482543208992,0.03840941474,0.44054106920899183,2458
group_adult_18_64_not_employed,dep_hour_share_leisure_10,0.05080086397935426,0.07220772593,-2.1406861950645735,2458
group_adult_18_64_not_employed,dep_hour_share_leisure_11,0.050716710146147155,0.06435222932,-1.3635519173852841,2458
group_adult_18_64_not_employed,dep_hour_share_leisure_12,0.05565373502763051,0.0665997938,-1.094605877236949,2458
group_adult_18_64_not_employed,dep_hour_share_leisure_13,0.0457516339869281,0.06675049416,-2.0998860173071905,2458
group_adult_18_64_not_employed,dep_hour_share_leisure_14,0.053241325142360234,0.07659940437,-2.3358079227639763,2458
group_adult_18_64_not_employed,dep_hour_share_leisure_15,0.09154534489045976,0.08561827262,0.5927072270459757,2458
group_adult_18_64_not_employed,dep_hour_share_leisure_16,0.09820752335268872,0.08074362692,1.746389643268871,2458
group_adult_18_64_not_employed,dep_hour_share_leisure_17,0.12163034026199894,0.08675544929,3.4874890971998944,2458
group_adult_18_64_not_employed,dep_hour_share_leisure_18,0.09214844736177732,0.09965420959,-0.7505762228222677,2458
group_adult_18_64_not_employed,dep_hour_share_leisure_19,0.050338017896715194,0.07285013599,-2.2512118093284803,2458
group_adult_18_64_not_employed,dep_hour_share_leisure_20,0.026466380543633764,0.02791550979,-0.1449129246366237,2458
group_adult_18_64_not_employed,dep_hour_share_leisure_21,0.01984627899800836,0.02432616829,-0.447988929199164,2458
group_adult_18_64_not_employed,dep_hour_share_leisure_22,0.015596510421049679,0.008317417922,0.727909249904968,2458
group_adult_18_64_not_employed,dep_hour_share_leisure_23,0.0010939998316923335,0.004043764719,-0.29497648873076665,2458
group_adult_18_64_not_employed,dep_hour_share_leisure_4,0.00028051277735700864,0.001102190702,-0.08216779246429914,2458
group_adult_18_64_not_employed,dep_hour_share_leisure_5,0.00260876882942018,0.0006184108952,0.19903579342201802,2458
group_adult_18_64_not_employed,dep_hour_share_leisure_6,0.03782714802659261,0.01134456071,2.648258731659261,2458
group_adult_18_64_not_employed,dep_hour_share_leisure_7,0.05088501781256136,0.0275172567,2.3367761112561363,2458
group_adult_18_64_not_employed,dep_hour_share_leisure_8,0.055485427361216304,0.05853822623,-0.3052798868783693,2458
group_adult_18_64_not_employed,dep_hour_share_leisure_9,0.07433588599960728,0.06183067497,1.2505211029607277,2458
group_adult_18_64_not_employed,dep_hour_share_other_10,0.11711925640721203,0.169113814,-5.199455759278797,2458
group_adult_18_64_not_employed,dep_hour_share_other_11,0.103075122546941,0.1143691352,-1.1294012653059002,2458
group_adult_18_64_not_employed,dep_hour_share_other_12,0.07271401190698305,0.04959472062,2.3119291286983055,2458
group_adult_18_64_not_employed,dep_hour_share_other_13,0.06151941245314382,0.07178657393,-1.0267161476856184,2458
group_adult_18_64_not_employed,dep_hour_share_other_14,0.062316603626371765,0.08288238907,-2.056578544362824,2458
group_adult_18_64_not_employed,dep_hour_share_other_15,0.07310412673643503,0.07550415151,-0.24000247735649766,2458
group_adult_18_64_not_employed,dep_hour_share_other_16,0.07115355258917516,0.05876633606,1.2387216529175162,2458
group_adult_18_64_not_employed,dep_hour_share_other_17,0.04593178078938888,0.0424966405,0.3435140289388877,2458
group_adult_18_64_not_employed,dep_hour_share_other_18,0.024780772427362315,0.02198077364,0.27999987873623156,2458
group_adult_18_64_not_employed,dep_hour_share_other_19,0.026985769289482164,0.002931821981,2.4053947308482164,2458
group_adult_18_64_not_employed,dep_hour_share_other_20,0.005987414556371593,0.004999646813,0.09877677433715931,2458
group_adult_18_64_not_employed,dep_hour_share_other_21,0.004155571009379718,0.004451078693,-0.029550768362028232,2458
group_adult_18_64_not_employed,dep_hour_share_other_22,0.00396899435181573,0.0007994386029,0.31695557489157306,2458
group_adult_18_64_not_employed,dep_hour_share_other_23,0.001102498431059925,0.0,0.1102498431059925,2458
group_adult_18_64_not_employed,dep_hour_share_other_4,0.005359838526383636,0.0,0.5359838526383636,2458
group_adult_18_64_not_employed,dep_hour_share_other_5,0.006784605729599539,0.003845782731,0.2938822998599539,2458
group_adult_18_64_not_employed,dep_hour_share_other_6,0.015994708007530913,0.009534652237,0.6460055770530913,2458
group_adult_18_64_not_employed,dep_hour_share_other_7,0.06762555760978341,0.04545373943,2.2171818179783407,2458
group_adult_18_64_not_employed,dep_hour_share_other_8,0.12902623946265923,0.1339107564,-0.4884516937340766,2458
group_adult_18_64_not_employed,dep_hour_share_other_9,0.09983547331105722,0.1075785486,-0.7743075288942789,2458
group_adult_18_64_not_employed,dep_hour_share_shop_10,0.15039175735890936,0.1202345015,3.015725585890937,2458
group_adult_18_64_not_employed,dep_hour_share_shop_11,0.10982457884013318,0.1652190213,-5.539444245986681,2458
group_adult_18_64_not_employed,dep_hour_share_shop_12,0.09216650930113138,0.0863704511,0.5796058201131382,2458
group_adult_18_64_not_employed,dep_hour_share_shop_13,0.06435422153754411,0.05878271788,0.5571503657544108,2458
group_adult_18_64_not_employed,dep_hour_share_shop_14,0.08222763338799716,0.07826749836,0.396013502799715,2458
group_adult_18_64_not_employed,dep_hour_share_shop_15,0.1131375374778446,0.1005618988,1.25756386778446,2458
group_adult_18_64_not_employed,dep_hour_share_shop_16,0.05804303533270387,0.0588666186,-0.08235832672961255,2458
group_adult_18_64_not_employed,dep_hour_share_shop_17,0.0601136344812735,0.0587486294,0.13650050812734973,2458
group_adult_18_64_not_employed,dep_hour_share_shop_18,0.03965611489340556,0.04221981042,-0.25636955265944394,2458
group_adult_18_64_not_employed,dep_hour_share_shop_19,0.006924083552816843,0.01853843427,-1.161435071718316,2458
group_adult_18_64_not_employed,dep_hour_share_shop_20,0.0031970050853915087,0.002672043441,0.052496164439150894,2458
group_adult_18_64_not_employed,dep_hour_share_shop_21,0.0007785452798621809,0.00163816871,-0.0859623430137819,2458
group_adult_18_64_not_employed,dep_hour_share_shop_22,0.00033129586377114083,0.0,0.033129586377114086,2458
group_adult_18_64_not_employed,dep_hour_share_shop_23,0.0001987775182626845,0.001342087657,-0.11433101387373155,2458
group_adult_18_64_not_employed,dep_hour_share_shop_4,0.0,0.0,0.0,2458
group_adult_18_64_not_employed,dep_hour_share_shop_5,0.0006294621411651676,0.0,0.06294621411651675,2458
group_adult_18_64_not_employed,dep_hour_share_shop_6,0.006692176448177044,0.005357562722,0.1334613726177044,2458
group_adult_18_64_not_employed,dep_hour_share_shop_7,0.035514916596266294,0.02150480753,1.4010109066266294,2458
group_adult_18_64_not_employed,dep_hour_share_shop_8,0.05721479567327602,0.07514757999,-1.7932784316723986,2458
group_adult_18_64_not_employed,dep_hour_share_shop_9,0.116450496115556,0.1045281684,1.1922327715556,2458
group_adult_18_64_not_employed,dep_hour_share_work_10,0.05695850483924797,0.1156049399,-5.864643506075202,2458
group_adult_18_64_not_employed,dep_hour_share_work_11,0.020024474357548113,0.04138451413,-2.136003977245189,2458
group_adult_18_64_not_employed,dep_hour_share_work_12,0.029925464456558016,0.06788198585,-3.7956521393441993,2458
group_adult_18_64_not_employed,dep_hour_share_work_13,0.06363332962509734,0.05454518513,0.9088144495097338,2458
group_adult_18_64_not_employed,dep_hour_share_work_14,0.03315162976971855,0.05586649894,-2.2714869170281453,2458
group_adult_18_64_not_employed,dep_hour_share_work_15,0.06930693069306931,0.01400574415,5.530118654306931,2458
group_adult_18_64_not_employed,dep_hour_share_work_16,0.02224941595283124,0.04361929056,-2.136987460716876,2458
group_adult_18_64_not_employed,dep_hour_share_work_17,0.027255534542218268,0.02839936065,-0.1143826107781732,2458
group_adult_18_64_not_employed,dep_hour_share_work_18,0.009122260540660808,0.008185955305,0.09363052356608087,2458
group_adult_18_64_not_employed,dep_hour_share_work_19,0.006897318945377684,0.0,0.6897318945377684,2458
group_adult_18_64_not_employed,dep_hour_share_work_20,0.0016687061964623428,0.004766420493,-0.3097714296537657,2458
group_adult_18_64_not_employed,dep_hour_share_work_21,0.001112470797641562,0.0,0.1112470797641562,2458
group_adult_18_64_not_employed,dep_hour_share_work_22,0.000556235398820781,0.0,0.0556235398820781,2458
group_adult_18_64_not_employed,dep_hour_share_work_23,0.000556235398820781,0.0,0.0556235398820781,2458
group_adult_18_64_not_employed,dep_hour_share_work_4,0.0180220269217933,0.0009097479648,1.7112278956993303,2458
group_adult_18_64_not_employed,dep_hour_share_work_5,0.054511069084436536,0.01088578717,4.362528191443653,2458
group_adult_18_64_not_employed,dep_hour_share_work_6,0.12637668261208143,0.1458054349,-1.9428752287918571,2458
group_adult_18_64_not_employed,dep_hour_share_work_7,0.2239403715652464,0.2187024695,0.5237902065246408,2458
group_adult_18_64_not_employed,dep_hour_share_work_8,0.15952831238179999,0.1299270716,2.960124078179999,2458
group_adult_18_64_not_employed,dep_hour_share_work_9,0.0710868839692958,0.05950959379,1.1577290179295798,2458
group_adult_18_64_not_employed,mean_work_activity_h,4.858369488634256,4.550975078,0.30739441063425677,2458
group_adult_18_64_not_employed,mobility_rate,0.7446444386732458,0.7725866508,-2.7942212126754185,2458
group_adult_18_64_not_employed,n_persons_unweighted,150171.0,2458.0,147713.0,2458
group_adult_18_64_not_employed,n_persons_weighted,150171.0,114171.9157,35999.0843,2458
group_adult_18_64_not_employed,n_work_activities_measured,8989.0,282.0,8707.0,2458
group_adult_18_64_not_employed,nonhome_acts_per_mobile,2.216000143081986,2.351816276,-0.1358161329180141,2458
group_adult_18_64_not_employed,participation_education,0.0907898329238002,0.1687395279,-7.794969497619979,2458
group_adult_18_64_not_employed,participation_escort,0.11096683114582709,0.1077951983,0.31716328458270826,2458
group_adult_18_64_not_employed,participation_home,0.7446444386732458,0.7616349267,-1.699048802675418,2458
group_adult_18_64_not_employed,participation_leisure,0.364457851382757,0.4341548031,-6.969695171724299,2458
group_adult_18_64_not_employed,participation_other,0.2861671028361002,0.1849410291,10.122607373610021,2458
group_adult_18_64_not_employed,participation_shop,0.30986009282751,0.3284070753,-1.8546982472490037,2458
group_adult_18_64_not_employed,participation_work,0.049123998641548636,0.09390505204,-4.478105339845137,2458
group_adult_18_64_not_employed,purpose_share_education,0.042596641974357245,0.06888109971,-2.628445773564276,2458
group_adult_18_64_not_employed,purpose_share_escort,0.0734531986013043,0.0636393294,0.9813869201304295,2458
group_adult_18_64_not_employed,purpose_share_home,0.40323761451098633,0.4195905085,-1.6352893989013684,2458
group_adult_18_64_not_employed,purpose_share_leisure,0.1717014574563389,0.1988405727,-2.7139115243661083,2458
group_adult_18_64_not_employed,purpose_share_other,0.14198158191328472,0.07581979676,6.616178515328472,2458
group_adult_18_64_not_employed,purpose_share_shop,0.14538199227442178,0.1351689761,1.0213016174421774,2458
group_adult_18_64_not_employed,purpose_share_work,0.02164751326930672,0.03805971687,-1.6412203600693283,2458
group_adult_18_64_not_employed,share_mobile_first_from_home,1.0,0.969633563,3.036643699999997,2458
group_adult_18_64_not_employed,share_mobile_last_to_home,1.0,0.9743842709,2.5615729099999984,2458
group_adult_18_64_not_employed,share_mobile_odd_trip_count,0.3059987122621262,0.273401065,3.2597647262126217,2458
group_adult_18_64_not_employed,share_trips_0,0.2553555613267542,0.2274133492,2.7942212126754185,2458
group_adult_18_64_not_employed,share_trips_1,0.00036624914264405246,0.00740360456,-0.7037355417355947,2458
group_adult_18_64_not_employed,share_trips_2,0.2951701726698231,0.253900627,4.1269545669823104,2458
group_adult_18_64_not_employed,share_trips_3,0.09993274333925992,0.08350366776,1.642907557925992,2458
group_adult_18_64_not_employed,share_trips_4,0.13874849338420867,0.1850429343,-4.629444091579132,2458
group_adult_18_64_not_employed,share_trips_5,0.08490321034021216,0.06478906281,2.011414753021215,2458
group_adult_18_64_not_employed,share_trips_6,0.058966111965692444,0.08560119518,-2.663508321430756,2458
group_adult_18_64_not_employed,share_trips_7,0.027548594602153545,0.03301947805,-0.5470883447846457,2458
group_adult_18_64_not_employed,share_trips_8plus,0.03900886322925198,0.05932608114,-2.0317217910748018,2458
group_adult_18_64_not_employed,share_trips_followed_by_same_purpose,0.10604849197098573,0.05395199633,5.209649564098573,2458
group_adult_18_64_not_employed,share_trips_home_based,0.7882955563475932,0.8372229323,-4.892737595240682,2458
group_adult_18_64_not_employed,share_trips_unknown_purpose,0.0,0.0009352632633,-0.09352632632999999,2458
group_adult_18_64_not_employed,share_work_activities_lt_2h,0.19256869507175436,0.2523094996,-5.974080452824563,2458
group_adult_18_64_not_employed,tours_per_mobile,1.497370868507655,1.697440792,-0.2000699234923451,2458
group_adult_18_64_not_employed,trips_per_mobile_person,3.713371011589641,4.049257068,-0.3358860564103594,2458
group_adult_18_64_not_employed,trips_per_person,2.765141072510671,3.128401956,-0.3632608834893287,2458
group_adult_18_64_not_employed,trips_per_person_education,0.11778572427432726,0.2152862293,-0.09750050502567273,2458
group_adult_18_64_not_employed,trips_per_person_escort,0.2031084563597499,0.1989032015,0.004205254859749902,2458
group_adult_18_64_not_employed,trips_per_person_home,1.1150088898655532,1.311420096,-0.19641120613444674,2458
group_adult_18_64_not_employed,trips_per_person_leisure,0.4747787522224664,0.6214714529,-0.14669270067753365,2458
group_adult_18_64_not_employed,trips_per_person_other,0.39259910368846185,0.2369729609,0.15562614278846185,2458
group_adult_18_64_not_employed,trips_per_person_shop,0.40200171804143275,0.422467401,-0.020465682958567266,2458
group_adult_18_64_not_employed,trips_per_person_work,0.059858428058679775,0.1189547346,-0.059096306541320226,2458
group_child_0_5,dep_hour_share_all_10,0.02515990464726569,0.03927904023,-1.411913558273431,1081
group_child_0_5,dep_hour_share_all_11,0.028959852722509383,0.04226813044,-1.330827771749062,1081
group_child_0_5,dep_hour_share_all_12,0.05043782010432155,0.03748043204,1.2957388064321556,1081
group_child_0_5,dep_hour_share_all_13,0.06680001888172957,0.05527771632,1.1522302561729565,1081
group_child_0_5,dep_hour_share_all_14,0.08836059383039487,0.1203613924,-3.200079856960514,1081
group_child_0_5,dep_hour_share_all_15,0.12471972432674833,0.1388659157,-1.4146191373251682,1081
group_child_0_5,dep_hour_share_all_16,0.11694281196157567,0.1040704872,1.2872324761575669,1081
group_child_0_5,dep_hour_share_all_17,0.08001722957822936,0.0875289599,-0.7511730321770632,1081
group_child_0_5,dep_hour_share_all_18,0.05971937029431896,0.04142940511,1.8289965184318961,1081
group_child_0_5,dep_hour_share_all_19,0.026540631121810758,0.008109154422,1.843147669981076,1081
group_child_0_5,dep_hour_share_all_20,0.009877504779437796,0.004198027095,0.5679477684437796,1081
group_child_0_5,dep_hour_share_all_21,0.005210177252236305,0.001025825513,0.41843517392363044,1081
group_child_0_5,dep_hour_share_all_22,0.0034636172673416887,0.0,0.3463617267341689,1081
group_child_0_5,dep_hour_share_all_23,0.0011801080979017679,0.0,0.1180108097901768,1081
group_child_0_5,dep_hour_share_all_4,0.0002714248625174066,0.0,0.02714248625174066,1081
group_child_0_5,dep_hour_share_all_5,0.001793764308810687,0.0,0.17937643088106872,1081
group_child_0_5,dep_hour_share_all_6,0.03338525808964101,0.004651560907,2.873369718264101,1081
group_child_0_5,dep_hour_share_all_7,0.14200830796100922,0.1546271582,-1.2618850238990786,1081
group_child_0_5,dep_hour_share_all_8,0.09738252023885388,0.1249925596,-2.7610039361146117,1081
group_child_0_5,dep_hour_share_all_9,0.03694328400481484,0.03583423487,0.11090491348148407,1081
group_child_0_5,dep_hour_share_education_10,0.022039075793919265,0.01012151758,1.1917558213919266,1081
group_child_0_5,dep_hour_share_education_11,0.01709822252291039,0.003528773684,1.356944883891039,1081
group_child_0_5,dep_hour_share_education_12,0.020993501035324026,0.002992244809,1.8001256226324025,1081
group_child_0_5,dep_hour_share_education_13,0.04012136867786047,0.003951932875,3.6169435802860463,1081
group_child_0_5,dep_hour_share_education_14,0.053529327346905305,0.005629101725,4.79002256219053,1081
group_child_0_5,dep_hour_share_education_15,0.05330381122250241,0.01484007092,3.846374030250241,1081
group_child_0_5,dep_hour_share_education_16,0.02302314615495008,0.003396129473,1.9627016681950078,1081
group_child_0_5,dep_hour_share_education_17,0.014207515837382372,0.0,1.4207515837382372,1081
group_child_0_5,dep_hour_share_education_18,0.0071960145150378255,0.0,0.7196014515037825,1081
group_child_0_5,dep_hour_share_education_19,0.004182299034380959,0.0,0.41822990343809585,1081
group_child_0_5,dep_hour_share_education_20,0.0003895278512413638,0.0,0.03895278512413638,1081
group_child_0_5,dep_hour_share_education_21,2.050146585480862e-05,0.0,0.002050146585480862,1081
group_child_0_5,dep_hour_share_education_22,2.050146585480862e-05,0.0,0.002050146585480862,1081
group_child_0_5,dep_hour_share_education_23,2.050146585480862e-05,0.0,0.002050146585480862,1081
group_child_0_5,dep_hour_share_education_4,0.000861061565901962,0.0,0.0861061565901962,1081
group_child_0_5,dep_hour_share_education_5,0.006129938290587777,0.0,0.6129938290587776,1081
group_child_0_5,dep_hour_share_education_6,0.07979170510691515,0.01423413437,6.555757073691515,1081
group_child_0_5,dep_hour_share_education_7,0.3606002829202288,0.5557846062,-19.518432327977127,1081
group_child_0_5,dep_hour_share_education_8,0.25942554892674824,0.3598748049,-10.044925597325177,1081
group_child_0_5,dep_hour_share_education_9,0.03696414293621994,0.02564668343,1.131745950621994,1081
group_child_0_5,dep_hour_share_escort_10,0.0014510278113663846,0.007567602011,-0.6116574199633615,1081
group_child_0_5,dep_hour_share_escort_11,0.020072551390568318,0.0223770094,-0.23044580094316836,1081
group_child_0_5,dep_hour_share_escort_12,0.034461910519951636,0.03126627875,0.31956317699516346,1081
group_child_0_5,dep_hour_share_escort_13,0.041233373639661425,0.1163807025,-7.514732886033857,1081
group_child_0_5,dep_hour_share_escort_14,0.030350665054413542,0.08807880457,-5.772813951558646,1081
group_child_0_5,dep_hour_share_escort_15,0.05332527206771463,0.1710638512,-11.773857913228538,1081
group_child_0_5,dep_hour_share_escort_16,0.10483675937122128,0.05859278952,4.624396985122128,1081
group_child_0_5,dep_hour_share_escort_17,0.002660217654171705,0.04664377303,-4.39835553758283,1081
group_child_0_5,dep_hour_share_escort_18,0.0032648125755743653,0.009686457866,-0.6421645290425635,1081
group_child_0_5,dep_hour_share_escort_19,0.0004836759371221282,0.004172965036,-0.36892890988778715,1081
group_child_0_5,dep_hour_share_escort_20,0.0006045949214026602,0.0,0.06045949214026602,1081
group_child_0_5,dep_hour_share_escort_21,0.0004836759371221282,0.0,0.04836759371221282,1081
group_child_0_5,dep_hour_share_escort_22,0.00012091898428053205,0.0,0.012091898428053204,1081
group_child_0_5,dep_hour_share_escort_23,0.00012091898428053205,0.0,0.012091898428053204,1081
group_child_0_5,dep_hour_share_escort_4,0.0,0.0,0.0,1081
group_child_0_5,dep_hour_share_escort_5,0.0,0.0,0.0,1081
group_child_0_5,dep_hour_share_escort_6,0.07956469165659008,0.01247177688,6.709291477659008,1081
group_child_0_5,dep_hour_share_escort_7,0.47255139056831924,0.2677369862,20.48144043683192,1081
group_child_0_5,dep_hour_share_escort_8,0.1291414752116082,0.163961003,-3.4819527788391786,1081
group_child_0_5,dep_hour_share_escort_9,0.025272067714631197,0.0,2.5272067714631197,1081
group_child_0_5,dep_hour_share_home_10,0.02009629177259235,0.03036516751,-1.026887573740765,1081
group_child_0_5,dep_hour_share_home_11,0.030350371390833818,0.06912766921,-3.877729781916619,1081
group_child_0_5,dep_hour_share_home_12,0.07787135532800273,0.06231455668,1.5556798648002725,1081
group_child_0_5,dep_hour_share_home_13,0.09522659811677153,0.08337989217,1.1846705946771534,1081
group_child_0_5,dep_hour_share_home_14,0.11850421098976012,0.1755057383,-5.700152731023987,1081
group_child_0_5,dep_hour_share_home_15,0.15388220590532728,0.1502221188,0.3660087105327281,1081
group_child_0_5,dep_hour_share_home_16,0.14259135646418883,0.1144395176,2.815183886418883,1081
group_child_0_5,dep_hour_share_home_17,0.1227080995867123,0.1461544406,-2.3446341013287686,1081
group_child_0_5,dep_hour_share_home_18,0.11136044084020963,0.08334545138,2.8014989460209625,1081
group_child_0_5,dep_hour_share_home_19,0.04783343511667211,0.0140982489,3.3735186216672113,1081
group_child_0_5,dep_hour_share_home_20,0.019783840593089148,0.009415860686,1.0367979907089149,1081
group_child_0_5,dep_hour_share_home_21,0.01229921461135334,0.002372423523,0.9926791088353341,1081
group_child_0_5,dep_hour_share_home_22,0.008208944625129597,0.0,0.8208944625129597,1081
group_child_0_5,dep_hour_share_home_23,0.002712644331141441,0.0,0.27126443311414405,1081
group_child_0_5,dep_hour_share_home_4,0.0,0.0,0.0,1081
group_child_0_5,dep_hour_share_home_5,1.4202326341054664e-05,0.0,0.0014202326341054665,1081
group_child_0_5,dep_hour_share_home_6,0.00011361861072843731,0.0005671905054,-0.04535718946715627,1081
group_child_0_5,dep_hour_share_home_7,0.0007953302750990613,0.006578514549,-0.5783184273900939,1081
group_child_0_5,dep_hour_share_home_8,0.012384428569399667,0.03081316199,-1.8428733420600336,1081
group_child_0_5,dep_hour_share_home_9,0.021473917427674655,0.02130004765,0.017386977767465395,1081
group_child_0_5,dep_hour_share_leisure_10,0.03078829035514362,0.08134889579,-5.056060543485638,1081
group_child_0_5,dep_hour_share_leisure_11,0.011103973570707535,0.02061085804,-0.9506884469292465,1081
group_child_0_5,dep_hour_share_leisure_12,0.031109479673304578,0.02430667608,0.6802803593304578,1081
group_child_0_5,dep_hour_share_leisure_13,0.07607598421583922,0.04430382513,3.1772159085839218,1081
group_child_0_5,dep_hour_share_leisure_14,0.11071854638891437,0.1588733201,-4.815477371108562,1081
group_child_0_5,dep_hour_share_leisure_15,0.24901348995136277,0.2605382913,-1.152480134863723,1081
group_child_0_5,dep_hour_share_leisure_16,0.2237313021932642,0.2068195166,1.6911785593264201,1081
group_child_0_5,dep_hour_share_leisure_17,0.10172524548040746,0.05597247131,4.575277417040746,1081
group_child_0_5,dep_hour_share_leisure_18,0.05859410847022116,0.0167333378,4.186077067022116,1081
group_child_0_5,dep_hour_share_leisure_19,0.021152610810314765,0.00559432099,1.5558289820314766,1081
group_child_0_5,dep_hour_share_leisure_20,0.009865100486372395,0.0008138555409,0.9051244945472394,1081
group_child_0_5,dep_hour_share_leisure_21,0.00013765256492612646,0.0,0.013765256492612645,1081
group_child_0_5,dep_hour_share_leisure_22,4.588418830870882e-05,0.0,0.004588418830870882,1081
group_child_0_5,dep_hour_share_leisure_23,0.0002294209415435441,0.0,0.02294209415435441,1081
group_child_0_5,dep_hour_share_leisure_4,0.0,0.0,0.0,1081
group_child_0_5,dep_hour_share_leisure_5,4.588418830870882e-05,0.0,0.004588418830870882,1081
group_child_0_5,dep_hour_share_leisure_6,0.0002753051298522529,0.001575982468,-0.1300677338147747,1081
group_child_0_5,dep_hour_share_leisure_7,0.0016518307791135176,0.005751872642,-0.4100041862886482,1081
group_child_0_5,dep_hour_share_leisure_8,0.03675323483527576,0.03813793091,-0.13846960747242384,1081
group_child_0_5,dep_hour_share_leisure_9,0.03679911902358447,0.07861884525,-4.181972622641553,1081
group_child_0_5,dep_hour_share_other_10,0.03557345414883799,0.08878535176,-5.321189761116202,1081
group_child_0_5,dep_hour_share_other_11,0.08322845876331907,0.03749729285,4.573116591331907,1081
group_child_0_5,dep_hour_share_other_12,0.06670022652907123,0.01596237387,5.073785265907123,1081
group_child_0_5,dep_hour_share_other_13,0.043292222501887745,0.02291171688,2.038050562188775,1081
group_child_0_5,dep_hour_share_other_14,0.06879771792935649,0.2023591065,-13.356138857064352,1081
group_child_0_5,dep_hour_share_other_15,0.08775904018793523,0.1510125408,-6.3253500612064775,1081
group_child_0_5,dep_hour_share_other_16,0.17962916352042957,0.1092854049,7.034375862042958,1081
group_child_0_5,dep_hour_share_other_17,0.12282909640070476,0.07842442186,4.440467454070476,1081
group_child_0_5,dep_hour_share_other_18,0.03272086584445004,0.0,3.2720865844450038,1081
group_child_0_5,dep_hour_share_other_19,0.038677741421260174,0.0,3.8677741421260174,1081
group_child_0_5,dep_hour_share_other_20,0.003523785552479235,0.0,0.3523785552479235,1081
group_child_0_5,dep_hour_share_other_21,0.0007550969041026932,0.0,0.07550969041026932,1081
group_child_0_5,dep_hour_share_other_22,0.0005033979360684622,0.0,0.05033979360684621,1081
group_child_0_5,dep_hour_share_other_23,0.00016779931202282072,0.0,0.01677993120228207,1081
group_child_0_5,dep_hour_share_other_4,0.00033559862404564144,0.0,0.03355986240456414,1081
group_child_0_5,dep_hour_share_other_5,0.0002516989680342311,0.0,0.025169896803423106,1081
group_child_0_5,dep_hour_share_other_6,0.02810638476382247,0.0,2.810638476382247,1081
group_child_0_5,dep_hour_share_other_7,0.05705176608775904,0.03019949616,2.6852269927759043,1081
group_child_0_5,dep_hour_share_other_8,0.05159828844701737,0.1501003408,-9.850205235298265,1081
group_child_0_5,dep_hour_share_other_9,0.0979947982213273,0.1134619536,-1.5467155378672701,1081
group_child_0_5,dep_hour_share_shop_10,0.08486005089058524,0.0995957711,-1.4735720209414758,1081
group_child_0_5,dep_hour_share_shop_11,0.0683206106870229,0.07551405828,-0.7193447592977104,1081
group_child_0_5,dep_hour_share_shop_12,0.036005089058524176,0.04665381932,-1.0648730261475823,1081
group_child_0_5,dep_hour_share_shop_13,0.0183206106870229,0.03537792038,-1.7057309692977096,1081
group_child_0_5,dep_hour_share_shop_14,0.06819338422391857,0.05718852869,1.1004855533918576,1081
group_child_0_5,dep_hour_share_shop_15,0.0994910941475827,0.1708411791,-7.135008495241729,1081
group_child_0_5,dep_hour_share_shop_16,0.09783715012722646,0.187467588,-8.963043787277353,1081
group_child_0_5,dep_hour_share_shop_17,0.06679389312977099,0.1315901505,-6.479625737022901,1081
group_child_0_5,dep_hour_share_shop_18,0.02989821882951654,0.03048643737,-0.05882185404834615,1081
group_child_0_5,dep_hour_share_shop_19,0.0,0.01229764952,-1.229764952,1081
group_child_0_5,dep_hour_share_shop_20,0.0,0.0,0.0,1081
group_child_0_5,dep_hour_share_shop_21,0.0,0.0,0.0,1081
group_child_0_5,dep_hour_share_shop_22,0.0,0.0,0.0,1081
group_child_0_5,dep_hour_share_shop_23,0.0,0.0,0.0,1081
group_child_0_5,dep_hour_share_shop_4,0.0,0.0,0.0,1081
group_child_0_5,dep_hour_share_shop_5,0.0,0.0,0.0,1081
group_child_0_5,dep_hour_share_shop_6,0.0955470737913486,0.0,9.55470737913486,1081
group_child_0_5,dep_hour_share_shop_7,0.1916030534351145,0.03201851834,15.95845350951145,1081
group_child_0_5,dep_hour_share_shop_8,0.05127226463104326,0.0674913207,-1.6219056068956739,1081
group_child_0_5,dep_hour_share_shop_9,0.09185750636132316,0.05347705871,3.838044765132316,1081
group_child_0_5,dep_hour_share_work_10,0.0,,,1081
group_child_0_5,dep_hour_share_work_11,0.0,,,1081
group_child_0_5,dep_hour_share_work_12,0.0,,,1081
group_child_0_5,dep_hour_share_work_13,0.0,,,1081
group_child_0_5,dep_hour_share_work_14,0.0,,,1081
group_child_0_5,dep_hour_share_work_15,0.01348314606741573,,,1081
group_child_0_5,dep_hour_share_work_16,0.006741573033707865,,,1081
group_child_0_5,dep_hour_share_work_17,0.0,,,1081
group_child_0_5,dep_hour_share_work_18,0.0,,,1081
group_child_0_5,dep_hour_share_work_19,0.0,,,1081
group_child_0_5,dep_hour_share_work_20,0.0,,,1081
group_child_0_5,dep_hour_share_work_21,0.0,,,1081
group_child_0_5,dep_hour_share_work_22,0.0,,,1081
group_child_0_5,dep_hour_share_work_23,0.0,,,1081
group_child_0_5,dep_hour_share_work_4,0.0,,,1081
group_child_0_5,dep_hour_share_work_5,0.0,,,1081
group_child_0_5,dep_hour_share_work_6,0.017977528089887642,,,1081
group_child_0_5,dep_hour_share_work_7,0.6561797752808989,,,1081
group_child_0_5,dep_hour_share_work_8,0.20449438202247192,,,1081
group_child_0_5,dep_hour_share_work_9,0.10112359550561797,,,1081
group_child_0_5,mean_work_activity_h,4.481310861423221,,,1081
group_child_0_5,mobility_rate,0.8807710271979305,0.894369307,-1.3598279802069402,1081
group_child_0_5,n_persons_unweighted,55666.0,1081.0,54585.0,1081
group_child_0_5,n_persons_weighted,55666.0,41866.19746,13799.802539999997,1081
group_child_0_5,n_work_activities_measured,445.0,0.0,445.0,1081
group_child_0_5,nonhome_acts_per_mobile,2.0205388647535134,1.849759997,0.17077886775351336,1081
group_child_0_5,participation_education,0.6616785829770416,0.6558256021,0.5852980877041669,1081
group_child_0_5,participation_escort,0.12544461610318686,0.131683716,-0.623909989681315,1081
group_child_0_5,participation_home,0.8807710271979305,0.8872372133,-0.6466186102069504,1081
group_child_0_5,participation_leisure,0.34058491718463696,0.3698573999,-2.9272482715363033,1081
group_child_0_5,participation_other,0.16882836920202637,0.1063940398,6.243432940202637,1081
group_child_0_5,participation_shop,0.11644450831746488,0.1736667987,-5.722229038253514,1081
group_child_0_5,participation_work,0.007994107713864837,0.0,0.7994107713864838,1081
group_child_0_5,purpose_share_education,0.28781066345677264,0.2316162448,5.619441865677263,1081
group_child_0_5,purpose_share_escort,0.0487974698482381,0.06858371484,-1.9786244991761903,1081
group_child_0_5,purpose_share_home,0.41546295640680686,0.4336017334,-1.8138776993193162,1081
group_child_0_5,purpose_share_leisure,0.12859637942835564,0.1552869692,-2.6690589771644375,1081
group_child_0_5,purpose_share_other,0.07032854209445585,0.0414726107,2.885593139445585,1081
group_child_0_5,purpose_share_shop,0.04637824824753947,0.06943872705,-2.3060478802460525,1081
group_child_0_5,purpose_share_work,0.0026257405178314332,0.0,0.2625740517831433,1081
group_child_0_5,share_mobile_first_from_home,1.0,0.981573838,1.8426162000000024,1081
group_child_0_5,share_mobile_last_to_home,1.0,0.9913895519,0.8610448100000001,1081
group_child_0_5,share_mobile_odd_trip_count,0.21481164208937567,0.2665506923,-5.173905021062433,1081
group_child_0_5,share_trips_0,0.11922897280206948,0.105630693,1.3598279802069486,1081
group_child_0_5,share_trips_1,0.0,0.0007377866275,-0.07377866275,1081
group_child_0_5,share_trips_2,0.34689038192074156,0.384519259,-3.762887707925844,1081
group_child_0_5,share_trips_3,0.10816297201164085,0.160445454,-5.228248198835914,1081
group_child_0_5,share_trips_4,0.2672726619480473,0.20986863,5.740403194804728,1081
group_child_0_5,share_trips_5,0.07135414795386771,0.05693658983,1.441755812386771,1081
group_child_0_5,share_trips_6,0.052743146624510476,0.05262935205,0.011379457451047431,1081
group_child_0_5,share_trips_7,0.008640822045773003,0.0172978903,-0.8657068254226997,1081
group_child_0_5,share_trips_8plus,0.025706894693349622,0.01193434526,1.3772549433349621,1081
group_child_0_5,share_trips_followed_by_same_purpose,0.08474356251032594,0.019392394,6.535116851032593,1081
group_child_0_5,share_trips_home_based,0.8132065897236187,0.8641978859,-5.099129617638132,1081
group_child_0_5,share_trips_unknown_purpose,0.0,0.0,0.0,1081
group_child_0_5,share_work_activities_lt_2h,0.020224719101123594,,,1081
group_child_0_5,tours_per_mobile,1.4361092414693344,1.416069201,0.020040040469334386,1081
group_child_0_5,trips_per_mobile_person,3.456648106222848,3.265829198,0.19081890822284775,1081
group_child_0_5,trips_per_person,3.044515503179679,2.920857397,0.1236581061796791,1081
group_child_0_5,trips_per_person_education,0.8762440268745734,0.6765180219,0.19972600497457338,1081
group_child_0_5,trips_per_person_escort,0.14856465346890382,0.2003232508,-0.05175859733109617,1081
group_child_0_5,trips_per_person_home,1.2648834117773866,1.26648883,-0.0016054182226132863,1081
group_child_0_5,trips_per_person_leisure,0.39151367082240507,0.4535710926,-0.062057421777594934,1081
group_child_0_5,trips_per_person_other,0.21411633672259547,0.1211355817,0.09298075502259548,1081
group_child_0_5,trips_per_person_shop,0.1411992957999497,0.2028206195,-0.0616213237000503,1081
group_child_0_5,trips_per_person_work,0.007994107713864837,0.0,0.007994107713864837,1081
group_employed,dep_hour_share_all_10,0.028116362512661162,0.02592923519,0.2187127322661162,8306
group_employed,dep_hour_share_all_11,0.036247096823244056,0.03096329512,0.5283801703244054,8306
group_employed,dep_hour_share_all_12,0.05253186443421469,0.05176068484,0.07711795942146882,8306
group_employed,dep_hour_share_all_13,0.058497632086878255,0.05697384996,0.15237821268782523,8306
group_employed,dep_hour_share_all_14,0.06785340275614787,0.06543240342,0.24209993361478804,8306
group_employed,dep_hour_share_all_15,0.08403332491299667,0.08720226044,-0.31689355270033276,8306
group_employed,dep_hour_share_all_16,0.0952622117363143,0.1065729949,-1.1310783163685696,8306
group_employed,dep_hour_share_all_17,0.08417618450837905,0.1001713914,-1.5995206891620954,8306
group_employed,dep_hour_share_all_18,0.06872895426776181,0.07205410905,-0.3325154782238188,8306
group_employed,dep_hour_share_all_19,0.047609646272284256,0.04682607316,0.0783573112284254,8306
group_employed,dep_hour_share_all_20,0.036056412985630656,0.03089915527,0.5157257715630658,8306
group_employed,dep_hour_share_all_21,0.024160439296321456,0.02160270317,0.2557736126321455,8306
group_employed,dep_hour_share_all_22,0.017563146393684257,0.01633290756,0.12302388336842586,8306
group_employed,dep_hour_share_all_23,0.0096132858197443,0.00420055902,0.54127267997443,8306
group_employed,dep_hour_share_all_4,0.007199387849699443,0.00478671467,0.24126731796994433,8306
group_employed,dep_hour_share_all_5,0.027898700897378986,0.02437039015,0.3528310747378985,8306
group_employed,dep_hour_share_all_6,0.06205992500177808,0.0538363916,0.8223533401778081,8306
group_employed,dep_hour_share_all_7,0.0876275006560505,0.1070187117,-1.9391211043949501,8306
group_employed,dep_hour_share_all_8,0.05480290280887716,0.06174700577,-0.6944102961122842,8306
group_employed,dep_hour_share_all_9,0.03566278268419078,0.02828818893,0.7374593754190778,8306
group_employed,dep_hour_share_education_10,0.016782384447530253,0.002976115898,1.3806268549530254,8306
group_employed,dep_hour_share_education_11,0.07427097798055941,0.01330812501,6.096285297055942,8306
group_employed,dep_hour_share_education_12,0.01265621900416584,0.02065473438,-0.7998515375834162,8306
group_employed,dep_hour_share_education_13,0.025153739337433048,0.0437653951,-1.8611655762566952,8306
group_employed,dep_hour_share_education_14,0.018170997817893275,0.03487658391,-1.6705586092106726,8306
group_employed,dep_hour_share_education_15,0.027930966078159095,0.06818323563,-4.025226955184092,8306
group_employed,dep_hour_share_education_16,0.016147589763935728,0.05012441712,-3.397682735606428,8306
group_employed,dep_hour_share_education_17,0.005395754810553462,0.1093696168,-10.397386198944654,8306
group_employed,dep_hour_share_education_18,0.01463995239039873,0.02728370963,-1.264375723960127,8306
group_employed,dep_hour_share_education_19,0.01138662963697679,0.02723191191,-1.5845282273023211,8306
group_employed,dep_hour_share_education_20,0.002301130728030153,0.0,0.2301130728030153,8306
group_employed,dep_hour_share_education_21,0.0015869867089863122,0.007321444745,-0.5734458036013688,8306
group_employed,dep_hour_share_education_22,0.000833168022217814,0.0,0.0833168022217814,8306
group_employed,dep_hour_share_education_23,0.0005951200158698671,0.0,0.05951200158698671,8306
group_employed,dep_hour_share_education_4,0.002499504066653442,0.0,0.24995040666534418,8306
group_employed,dep_hour_share_education_5,0.004681610791509621,0.004588499629,0.00931111625096211,8306
group_employed,dep_hour_share_education_6,0.19250148780003967,0.1021727155,9.032877230003967,8306
group_employed,dep_hour_share_education_7,0.45459234278912913,0.3332397403,12.135260248912916,8306
group_employed,dep_hour_share_education_8,0.08994247173179924,0.1156759427,-2.5733470968200765,8306
group_employed,dep_hour_share_education_9,0.02693909938504265,0.03922781172,-1.2288712334957346,8306
group_employed,dep_hour_share_escort_10,0.007606352124853619,0.00725036691,0.03559852148536189,8306
group_employed,dep_hour_share_escort_11,0.02646353875956266,0.0187161245,0.774741425956266,8306
group_employed,dep_hour_share_escort_12,0.04570377909840102,0.0361150772,0.9588701898401025,8306
group_employed,dep_hour_share_escort_13,0.0733493121449913,0.07239290238,0.09564097649912978,8306
group_employed,dep_hour_share_escort_14,0.14661106915761019,0.1229300282,2.3681040957610184,8306
group_employed,dep_hour_share_escort_15,0.12211752087642687,0.1365416272,-1.4424106323573118,8306
group_employed,dep_hour_share_escort_16,0.08773024263716059,0.05783566196,2.989458067716059,8306
group_employed,dep_hour_share_escort_17,0.06425452276980662,0.06333451698,0.09200057898066105,8306
group_employed,dep_hour_share_escort_18,0.04984075910299767,0.03552491299,1.4315846112997674,8306
group_employed,dep_hour_share_escort_19,0.02161517330444014,0.02226492744,-0.06497541355598574,8306
group_employed,dep_hour_share_escort_20,0.011316500859134736,0.005169133446,0.6147367413134736,8306
group_employed,dep_hour_share_escort_21,0.004935920587494938,0.005481068222,-0.05451476345050624,8306
group_employed,dep_hour_share_escort_22,0.0029002637598362717,0.021192553,-1.8292289240163728,8306
group_employed,dep_hour_share_escort_23,0.0020028236530190103,0.0,0.20028236530190102,8306
group_employed,dep_hour_share_escort_4,0.0019371573037396987,0.0,0.19371573037396986,8306
group_employed,dep_hour_share_escort_5,0.0024077661402414335,0.001320586759,0.10871793812414336,8306
group_employed,dep_hour_share_escort_6,0.0513839183110615,0.02043478332,3.0949134991061498,8306
group_employed,dep_hour_share_escort_7,0.17111556183034005,0.2588951481,-8.777958626965997,8306
group_employed,dep_hour_share_escort_8,0.08600102877280538,0.1017999596,-1.5798930827194622,8306
group_employed,dep_hour_share_escort_9,0.018857186634709044,0.009016611331,0.9840575303709043,8306
group_employed,dep_hour_share_home_10,0.019831022788123997,0.01905256636,0.07784564281239983,8306
group_employed,dep_hour_share_home_11,0.03187213660974594,0.02850675805,0.33653785597459357,8306
group_employed,dep_hour_share_home_12,0.060394478491104894,0.04234042931,1.8054049181104896,8306
group_employed,dep_hour_share_home_13,0.06732016421729041,0.06193296773,0.5387196487290407,8306
group_employed,dep_hour_share_home_14,0.07631939073005295,0.07640111117,-0.008172043994704448,8306
group_employed,dep_hour_share_home_15,0.11092104480276076,0.1098719387,0.10491061027607523,8306
group_employed,dep_hour_share_home_16,0.12452847028024037,0.1468395251,-2.231105481975963,8306
group_employed,dep_hour_share_home_17,0.10878651752246088,0.1333138252,-2.4527307677539136,8306
group_employed,dep_hour_share_home_18,0.091821859939311,0.1023734337,-1.0551573760689006,8306
group_employed,dep_hour_share_home_19,0.06737520080918664,0.05973276769,0.7642433119186643,8306
group_employed,dep_hour_share_home_20,0.06510382578687451,0.05430222211,1.0801603676874514,8306
group_employed,dep_hour_share_home_21,0.04573987029214018,0.03902908085,0.671078944214018,8306
group_employed,dep_hour_share_home_22,0.03534687927649194,0.03032830419,0.501857508649194,8306
group_employed,dep_hour_share_home_23,0.019967870530136253,0.008209490497,1.1758380033136253,8306
group_employed,dep_hour_share_home_4,7.28862973760933e-05,0.001224523004,-0.11516367066239067,8306
group_employed,dep_hour_share_home_5,0.0009534717677158326,0.004278843255,-0.3325371487284168,8306
group_employed,dep_hour_share_home_6,0.0025480454572499554,0.01000630805,-0.7458262592750043,8306
group_employed,dep_hour_share_home_7,0.012102100315344796,0.02422738691,-1.2125286594655202,8306
group_employed,dep_hour_share_home_8,0.017280002379960732,0.02847279619,-1.1192793810039268,8306
group_employed,dep_hour_share_home_9,0.018452133039804842,0.01566725415,0.2784878889804842,8306
group_employed,dep_hour_share_leisure_10,0.028569089346063052,0.02213746453,0.6431624816063051,8306
group_employed,dep_hour_share_leisure_11,0.028277985745020537,0.02734417788,0.09338078650205361,8306
group_employed,dep_hour_share_leisure_12,0.04860975288033368,0.06674787503,-1.813812214966632,8306
group_employed,dep_hour_share_leisure_13,0.049196508576184995,0.04144754179,0.7748966786184995,8306
group_employed,dep_hour_share_leisure_14,0.06596680509249363,0.05650339878,0.9463406312493629,8306
group_employed,dep_hour_share_leisure_15,0.08175007846151747,0.08961219304,-0.7862114578482529,8306
group_employed,dep_hour_share_leisure_16,0.1486857127262307,0.1436094926,0.5076220126230713,8306
group_employed,dep_hour_share_leisure_17,0.1492451774594843,0.14551962,0.3725557459484302,8306
group_employed,dep_hour_share_leisure_18,0.12878605249871505,0.1329554848,-0.4169432301284942,8306
group_employed,dep_hour_share_leisure_19,0.08774954173925305,0.1164675945,-2.8718052760746944,8306
group_employed,dep_hour_share_leisure_20,0.03540092698302957,0.0383967652,-0.29958382169704356,8306
group_employed,dep_hour_share_leisure_21,0.01867156691061755,0.01538400377,0.3287563140617551,8306
group_employed,dep_hour_share_leisure_22,0.012262739193915935,0.01033552949,0.19272097039159353,8306
group_employed,dep_hour_share_leisure_23,0.00411638685849181,0.001370411711,0.27459751474918104,8306
group_employed,dep_hour_share_leisure_4,0.0003775249826020113,0.004763313359,-0.4385788376397988,8306
group_employed,dep_hour_share_leisure_5,0.005490031975911177,0.008402270469,-0.29122384930888234,8306
group_employed,dep_hour_share_leisure_6,0.016774845010074913,0.01886081721,-0.20859721999250852,8306
group_employed,dep_hour_share_leisure_7,0.021309693295065338,0.02033590724,0.09737860550653385,8306
group_employed,dep_hour_share_leisure_8,0.030934306104533484,0.01965494076,1.1279365344533485,8306
group_employed,dep_hour_share_leisure_9,0.03383624512742605,0.01907205298,1.476419214742605,8306
group_employed,dep_hour_share_other_10,0.05277363449108601,0.06606253844,-1.3288903948913986,8306
group_employed,dep_hour_share_other_11,0.0686483415015271,0.05236923621,1.6279105291527096,8306
group_employed,dep_hour_share_other_12,0.07177356346331415,0.05616173158,1.5611831883314151,8306
group_employed,dep_hour_share_other_13,0.07893316286668087,0.05812354465,2.0809618216680867,8306
group_employed,dep_hour_share_other_14,0.10509979401946161,0.09931085311,0.578894090946161,8306
group_employed,dep_hour_share_other_15,0.09981532779316712,0.1416014315,-4.178610370683289,8306
group_employed,dep_hour_share_other_16,0.09210171176930179,0.1372915667,-4.518985493069821,8306
group_employed,dep_hour_share_other_17,0.07827260458839407,0.08135348469,-0.308088010160594,8306
group_employed,dep_hour_share_other_18,0.05635343419276937,0.03233041899,2.402301520276937,8306
group_employed,dep_hour_share_other_19,0.041558349314582,0.01338285507,2.8175494244582002,8306
group_employed,dep_hour_share_other_20,0.02408551743731799,0.006549134225,1.7536383212317992,8306
group_employed,dep_hour_share_other_21,0.01505788763406492,0.008244270645,0.681361698906492,8306
group_employed,dep_hour_share_other_22,0.007564457702961858,0.007337073398,0.022738430496185846,8306
group_employed,dep_hour_share_other_23,0.006094182825484765,0.005710446521,0.03837363044847646,8306
group_employed,dep_hour_share_other_4,0.0006179416151715321,0.0,0.06179416151715321,8306
group_employed,dep_hour_share_other_5,0.0024646636835002488,0.002096256019,0.036840766450024896,8306
group_employed,dep_hour_share_other_6,0.013878826621208892,0.02156099102,-0.7682164398791108,8306
group_employed,dep_hour_share_other_7,0.04848355707081469,0.05888461311,-1.0401056039185306,8306
group_employed,dep_hour_share_other_8,0.06723488884153704,0.07129094536,-0.40560565184629555,8306
group_employed,dep_hour_share_other_9,0.0614461254350451,0.08033860873,-1.8892483294954896,8306
group_employed,dep_hour_share_shop_10,0.06126853997108854,0.05591371675,0.5354823221088538,8306
group_employed,dep_hour_share_shop_11,0.07609061565575556,0.05266544438,2.342517127575556,8306
group_employed,dep_hour_share_shop_12,0.07771441018634033,0.08580806404,-0.8093653853659677,8306
group_employed,dep_hour_share_shop_13,0.061832907582328366,0.06384179061,-0.20088830276716388,8306
group_employed,dep_hour_share_shop_14,0.08105110992296877,0.07465576374,0.6395346182968762,8306
group_employed,dep_hour_share_shop_15,0.11313095308817997,0.1037784547,0.9352498388179975,8306
group_employed,dep_hour_share_shop_16,0.12556684290778036,0.1473812806,-2.1814437692219633,8306
group_employed,dep_hour_share_shop_17,0.11306164478504525,0.1536418149,-4.058017011495475,8306
group_employed,dep_hour_share_shop_18,0.07414998316798352,0.07146873711,0.2681246057983519,8306
group_employed,dep_hour_share_shop_19,0.03535713578486703,0.03788572205,-0.25285862651329705,8306
group_employed,dep_hour_share_shop_20,0.006653597100932692,0.01477091343,-0.8117316329067308,8306
group_employed,dep_hour_share_shop_21,0.004920889522564803,0.01267547584,-0.7754586317435197,8306
group_employed,dep_hour_share_shop_22,0.004653557496188043,0.001585724788,0.3067832708188043,8306
group_employed,dep_hour_share_shop_23,0.0005940711697261332,0.0006793367892,-0.00852656194738668,8306
group_employed,dep_hour_share_shop_4,0.00022772728172835107,0.0,0.022772728172835106,8306
group_employed,dep_hour_share_shop_5,0.0006534782866987465,0.0003496419423,0.030383634439874654,8306
group_employed,dep_hour_share_shop_6,0.007534802669359789,0.01342551514,-0.5890712470640211,8306
group_employed,dep_hour_share_shop_7,0.03130755064456722,0.03181382153,-0.05062708854327788,8306
group_employed,dep_hour_share_shop_8,0.0432879859007109,0.03678463044,0.6503355460710902,8306
group_employed,dep_hour_share_shop_9,0.07817976593595913,0.04087415121,3.730561472595913,8306
group_employed,dep_hour_share_work_10,0.03024640252316184,0.02586985517,0.4376547353161838,8306
group_employed,dep_hour_share_work_11,0.025846639069584072,0.02843642149,-0.25897824204159264,8306
group_employed,dep_hour_share_work_12,0.03138182534989158,0.05059221051,-1.9210385160108416,8306
group_employed,dep_hour_share_work_13,0.038478218016952496,0.05123948207,-1.2761264053047505,8306
group_employed,dep_hour_share_work_14,0.021076286221170904,0.02640883501,-0.5332548788829096,8306
group_employed,dep_hour_share_work_15,0.018850121558578094,0.01643616099,0.2413960568578094,8306
group_employed,dep_hour_share_work_16,0.01285498390170182,0.007989147693,0.486583620870182,8306
group_employed,dep_hour_share_work_17,0.007611538208817925,0.009139958774,-0.15284205651820748,8306
group_employed,dep_hour_share_work_18,0.004481240554569946,0.00349254232,0.09886982345699456,8306
group_employed,dep_hour_share_work_19,0.0036244168473618505,0.001259650516,0.23647663313618503,8306
group_employed,dep_hour_share_work_20,0.005522044812405546,0.005292720038,0.022932477440554613,8306
group_employed,dep_hour_share_work_21,0.0037899993429266047,0.00620506695,-0.24150676070733954,8306
group_employed,dep_hour_share_work_22,0.0009593271568434194,0.0005429272514,0.041639990544341934,8306
group_employed,dep_hour_share_work_23,0.0006150206978119456,0.001233862967,-0.061884226918805456,8306
group_employed,dep_hour_share_work_4,0.02959458571522439,0.01525278437,1.434180134522439,8306
group_employed,dep_hour_share_work_5,0.11276167947959786,0.0893056299,2.3456049579597864,8306
group_employed,dep_hour_share_work_6,0.21960707010973127,0.1800168007,3.959026940973126,8306
group_employed,dep_hour_share_work_7,0.24447335567382877,0.2929843229,-4.851096722617121,8306
group_employed,dep_hour_share_work_8,0.1235324265720481,0.1393403832,-1.5807956627951896,8306
group_employed,dep_hour_share_work_9,0.05091530323937184,0.04454627175,0.6369031489371839,8306
group_employed,mean_work_activity_h,5.820305079987543,6.413291728,-0.5929866480124568,8306
group_employed,mobility_rate,0.8858703771329925,0.8843540212,0.15163559329925969,8306
group_employed,n_persons_unweighted,481952.0,8306.0,473646.0,8306
group_employed,n_persons_weighted,481952.0,368677.1635,113274.83649999998,8306
group_employed,n_work_activities_measured,379955.0,6381.0,373574.0,8306
group_employed,nonhome_acts_per_mobile,2.2454590382412807,2.230386497,0.015072541241280657,8306
group_employed,participation_education,0.044087377996148994,0.02445410636,1.9633271636148995,8306
group_employed,participation_escort,0.12328613637872651,0.1295177499,-0.6231613521273494,8306
group_employed,participation_home,0.8858703771329925,0.8740086919,1.186168523299258,8306
group_employed,participation_leisure,0.3493812661841843,0.3440728261,0.5308440084184296,8306
group_employed,participation_other,0.21277015138437022,0.1370291684,7.574098298437021,8306
group_employed,participation_shop,0.18136453422747492,0.2560610329,-7.469649867252507,8306
group_employed,participation_work,0.6356276143682359,0.6693693964,-3.3741782031764145,8306
group_employed,purpose_share_education,0.015453974685034446,0.007854271761,0.7599702924034446,8306
group_employed,purpose_share_escort,0.056022420985768,0.06256987029,-0.6547449304231998,8306
group_employed,purpose_share_home,0.41219591752648116,0.4130741417,-0.0878224173518849,8306
group_employed,purpose_share_leisure,0.13479875804121713,0.1393625909,-0.4563832858782868,8306
group_employed,purpose_share_other,0.08632275722697876,0.0500511201,3.6271637126978757,8306
group_employed,purpose_share_shop,0.061925036113434195,0.09055202884,-2.862699272656581,8306
group_employed,purpose_share_work,0.23328113542108633,0.2365359764,-0.32548409789136534,8306
group_employed,share_mobile_first_from_home,1.0,0.9720015975,2.7998402499999964,8306
group_employed,share_mobile_last_to_home,1.0,0.9703182882,2.968171180000001,8306
group_employed,share_mobile_odd_trip_count,0.29394280788950383,0.2325930236,6.134978428950383,8306
group_employed,share_trips_0,0.11412962286700751,0.1156459788,-0.15163559329924858,8306
group_employed,share_trips_1,0.000765636411924839,0.006717092602,-0.5951456190075162,8306
group_employed,share_trips_2,0.311387856052055,0.3303942433,-1.9006387247945011,8306
group_employed,share_trips_3,0.1180283513710909,0.08197741347,3.6050937901090903,8306
group_employed,share_trips_4,0.20410538808844034,0.2274963493,-2.3390961211559675,8306
group_employed,share_trips_5,0.09213988114999004,0.07370601306,1.8433868089990035,8306
group_employed,share_trips_6,0.07540792444060819,0.08066941283,-0.5261488389391805,8306
group_employed,share_trips_7,0.037945687537348116,0.03092519294,0.7020494597348117,8306
group_employed,share_trips_8plus,0.04608965208153509,0.05246830365,-0.6378651568464906,8306
group_employed,share_trips_followed_by_same_purpose,0.10302506726050478,0.04597792575,5.704714151050478,8306
group_employed,share_trips_home_based,0.801739085649539,0.8258944571,-2.4155371450460983,8306
group_employed,share_trips_unknown_purpose,0.0,0.000843737046,-0.0843737046,8306
group_employed,share_work_activities_lt_2h,0.19382558460870367,0.09869562417,9.512996043870366,8306
group_employed,tours_per_mobile,1.5746216743530228,1.567474532,0.007147142353022717,8306
group_employed,trips_per_mobile_person,3.8200807125943035,3.797861029,0.022219683594303596,8306
group_employed,trips_per_person,3.384096341544386,3.358653673,0.025442668544386038,8306
group_employed,trips_per_person_education,0.05229773919394463,0.0263575211,0.025940218093944627,8306
group_employed,trips_per_person_escort,0.1895852699023969,0.2099732129,-0.020387942997603103,8306
group_employed,trips_per_person_home,1.3949106965008964,1.386202405,0.00870829150089647,8306
group_employed,trips_per_person_leisure,0.4561719839320098,0.4676757491,-0.011503765167990176,8306
group_employed,trips_per_person_other,0.29212452692384305,0.1679625425,0.12416198442384305,8306
group_employed,trips_per_person_shop,0.20956028816147665,0.3038762961,-0.09431600793852335,8306
group_employed,trips_per_person_work,0.7894458369298187,0.7937721256,-0.004326288670181255,8306
group_school_age_6_17_not_employed,dep_hour_share_all_10,0.013707420150682052,0.004852529859,0.885489029168205,2039
group_school_age_6_17_not_employed,dep_hour_share_all_11,0.029779619201451505,0.0116889465,1.8090672701451502,2039
group_school_age_6_17_not_employed,dep_hour_share_all_12,0.06648762570666784,0.04704768664,1.9439939066667842,2039
group_school_age_6_17_not_employed,dep_hour_share_all_13,0.09584130812377613,0.1459580498,-5.011674167622386,2039
group_school_age_6_17_not_employed,dep_hour_share_all_14,0.08178816006372457,0.06265069258,1.9137467483724566,2039
group_school_age_6_17_not_employed,dep_hour_share_all_15,0.11257730476053503,0.1208105689,-0.8233264139464971,2039
group_school_age_6_17_not_employed,dep_hour_share_all_16,0.0838680591664915,0.09315958288,-0.9291523713508498,2039
group_school_age_6_17_not_employed,dep_hour_share_all_17,0.07377557003617696,0.0706701085,0.3105461536176968,2039
group_school_age_6_17_not_employed,dep_hour_share_all_18,0.06635763201274492,0.06628889492,0.006873709274492212,2039
group_school_age_6_17_not_employed,dep_hour_share_all_19,0.031154233369104646,0.03485212832,-0.36978949508953557,2039
group_school_age_6_17_not_employed,dep_hour_share_all_20,0.023407162375952827,0.01218693355,1.1220228825952827,2039
group_school_age_6_17_not_employed,dep_hour_share_all_21,0.010493533505183153,0.005751210037,0.47423234681831533,2039
group_school_age_6_17_not_employed,dep_hour_share_all_22,0.005725254179158969,0.0005689665699,0.5156287609258968,2039
group_school_age_6_17_not_employed,dep_hour_share_all_23,0.001670557258073438,0.0,0.16705572580734382,2039
group_school_age_6_17_not_employed,dep_hour_share_all_4,5.531646549912047e-05,0.0,0.005531646549912047,2039
group_school_age_6_17_not_employed,dep_hour_share_all_5,0.0007993229264622908,0.000127114887,0.06722080394622908,2039
group_school_age_6_17_not_employed,dep_hour_share_all_6,0.06984533516246445,0.0318838463,3.7961488862464456,2039
group_school_age_6_17_not_employed,dep_hour_share_all_7,0.18402405159919902,0.2589932479,-7.496919630080098,2039
group_school_age_6_17_not_employed,dep_hour_share_all_8,0.028817112701766807,0.02246919302,0.6347919681766807,2039
group_school_age_6_17_not_employed,dep_hour_share_all_9,0.015582648331102235,0.009455215519,0.6127432812102235,2039
group_school_age_6_17_not_employed,dep_hour_share_education_10,0.013410776243281856,0.00408476501,0.9326011233281856,2039
group_school_age_6_17_not_employed,dep_hour_share_education_11,0.01389550309544867,0.008428312366,0.546719072944867,2039
group_school_age_6_17_not_employed,dep_hour_share_education_12,0.019389074086672564,0.02072226174,-0.13331876533274367,2039
group_school_age_6_17_not_employed,dep_hour_share_education_13,0.02355602421933465,0.01774976563,0.5806258589334649,2039
group_school_age_6_17_not_employed,dep_hour_share_education_14,0.01334274440438125,0.007555601704,0.578714270038125,2039
group_school_age_6_17_not_employed,dep_hour_share_education_15,0.02849683651949112,0.006367729584,2.2129106935491123,2039
group_school_age_6_17_not_employed,dep_hour_share_education_16,0.016965439825838494,0.01031621312,0.6649226705838494,2039
group_school_age_6_17_not_employed,dep_hour_share_education_17,0.005655146608612831,0.005115461704,0.05396849046128312,2039
group_school_age_6_17_not_employed,dep_hour_share_education_18,0.0017688278114157425,0.002411390218,-0.06425624065842574,2039
group_school_age_6_17_not_employed,dep_hour_share_education_19,0.0049663242397442004,0.0,0.49663242397442003,2039
group_school_age_6_17_not_employed,dep_hour_share_education_20,0.0002296074562895435,0.0,0.02296074562895435,2039
group_school_age_6_17_not_employed,dep_hour_share_education_21,0.00020409551670181645,0.0,0.020409551670181644,2039
group_school_age_6_17_not_employed,dep_hour_share_education_22,5.1023879175454114e-05,0.0,0.005102387917545411,2039
group_school_age_6_17_not_employed,dep_hour_share_education_23,2.5511939587727057e-05,0.0,0.0025511939587727055,2039
group_school_age_6_17_not_employed,dep_hour_share_education_4,5.1023879175454114e-05,0.0,0.005102387917545411,2039
group_school_age_6_17_not_employed,dep_hour_share_education_5,0.0022195387441322537,0.0003835214219,0.18360173222322534,2039
group_school_age_6_17_not_employed,dep_hour_share_education_6,0.21038846180012247,0.08895276388,12.143569792012247,2039
group_school_age_6_17_not_employed,dep_hour_share_education_7,0.5444503027416832,0.7528988287,-20.844852595831686,2039
group_school_age_6_17_not_employed,dep_hour_share_education_8,0.06908633240356486,0.05646682635,1.2619506053564864,2039
group_school_age_6_17_not_employed,dep_hour_share_education_9,0.029576841962038233,0.01854655854,1.1030283422038232,2039
group_school_age_6_17_not_employed,dep_hour_share_escort_10,0.005066039442735661,0.0,0.5066039442735661,2039
group_school_age_6_17_not_employed,dep_hour_share_escort_11,0.012846028586936856,0.0,1.2846028586936855,2039
group_school_age_6_17_not_employed,dep_hour_share_escort_12,0.021168807671431155,0.02795913792,-0.6790330248568843,2039
group_school_age_6_17_not_employed,dep_hour_share_escort_13,0.07599059164103492,0.08220767149,-0.6217079848965079,2039
group_school_age_6_17_not_employed,dep_hour_share_escort_14,0.123937036366926,0.07240303599,5.1534000376926,2039
group_school_age_6_17_not_employed,dep_hour_share_escort_15,0.1076533381581328,0.1032585777,0.4394760458132793,2039
group_school_age_6_17_not_employed,dep_hour_share_escort_16,0.1586755925456848,0.12591905,3.2756542545684804,2039
group_school_age_6_17_not_employed,dep_hour_share_escort_17,0.08937941016826488,0.06362312336,2.5756286808264877,2039
group_school_age_6_17_not_employed,dep_hour_share_escort_18,0.07979012122308667,0.1265584136,-4.676829237691334,2039
group_school_age_6_17_not_employed,dep_hour_share_escort_19,0.04631807490501176,0.007267419708,3.905065519701176,2039
group_school_age_6_17_not_employed,dep_hour_share_escort_20,0.0032567396417586395,0.02209321154,-1.883647189824136,2039
group_school_age_6_17_not_employed,dep_hour_share_escort_21,0.001990229781074724,0.0,0.1990229781074724,2039
group_school_age_6_17_not_employed,dep_hour_share_escort_22,0.0009046499004885109,0.0,0.09046499004885108,2039
group_school_age_6_17_not_employed,dep_hour_share_escort_23,0.0005427899402931065,0.0,0.05427899402931065,2039
group_school_age_6_17_not_employed,dep_hour_share_escort_4,0.0025330197213678306,0.0,0.25330197213678307,2039
group_school_age_6_17_not_employed,dep_hour_share_escort_5,0.0009046499004885109,0.0,0.09046499004885108,2039
group_school_age_6_17_not_employed,dep_hour_share_escort_6,0.04885109462637959,0.01359617894,3.525491568637959,2039
group_school_age_6_17_not_employed,dep_hour_share_escort_7,0.14564863397865027,0.2971169262,-15.146829222134976,2039
group_school_age_6_17_not_employed,dep_hour_share_escort_8,0.058259453591460106,0.04864146745,0.9617986141460102,2039
group_school_age_6_17_not_employed,dep_hour_share_escort_9,0.010132078885471322,0.00935578603,0.07762928554713219,2039
group_school_age_6_17_not_employed,dep_hour_share_home_10,0.013832467732812258,0.002365747199,1.1466720533812258,2039
group_school_age_6_17_not_employed,dep_hour_share_home_11,0.037589345400318816,0.01155157767,2.6037767730318815,2039
group_school_age_6_17_not_employed,dep_hour_share_home_12,0.11882938242402427,0.07669321947,4.213616295402427,2039
group_school_age_6_17_not_employed,dep_hour_share_home_13,0.1659253355273307,0.2799588785,-11.403354297266933,2039
group_school_age_6_17_not_employed,dep_hour_share_home_14,0.10653956908520594,0.08111673494,2.5422834145205937,2039
group_school_age_6_17_not_employed,dep_hour_share_home_15,0.13725767470561012,0.1705628224,-3.3305147694389885,2039
group_school_age_6_17_not_employed,dep_hour_share_home_16,0.07700416516686379,0.08199135047,-0.49871853031362157,2039
group_school_age_6_17_not_employed,dep_hour_share_home_17,0.09055381292744383,0.07958448163,1.0969331297443832,2039
group_school_age_6_17_not_employed,dep_hour_share_home_18,0.1094384738005862,0.1105098613,-0.10713874994137951,2039
group_school_age_6_17_not_employed,dep_hour_share_home_19,0.05419216331567851,0.06291849348,-0.8726330164321492,2039
group_school_age_6_17_not_employed,dep_hour_share_home_20,0.03891345708849694,0.02314635867,1.5767098418496939,2039
group_school_age_6_17_not_employed,dep_hour_share_home_21,0.021205070190774927,0.009675159595,1.1529910595774926,2039
group_school_age_6_17_not_employed,dep_hour_share_home_22,0.012276957885535044,0.001259461757,1.1017496128535045,2039
group_school_age_6_17_not_employed,dep_hour_share_home_23,0.0036059546459608167,0.0,0.36059546459608166,2039
group_school_age_6_17_not_employed,dep_hour_share_home_4,0.0,0.0,0.0,2039
group_school_age_6_17_not_employed,dep_hour_share_home_5,6.427726641641384e-06,0.0,0.0006427726641641384,2039
group_school_age_6_17_not_employed,dep_hour_share_home_6,7.713271969969661e-05,0.0,0.007713271969969662,2039
group_school_age_6_17_not_employed,dep_hour_share_home_7,0.0005977785776726487,0.002685606568,-0.20878279903273514,2039
group_school_age_6_17_not_employed,dep_hour_share_home_8,0.0009834421761711319,0.002041453591,-0.10580114148288683,2039
group_school_age_6_17_not_employed,dep_hour_share_home_9,0.004319432303183011,0.002643654981,0.16757773221830105,2039
group_school_age_6_17_not_employed,dep_hour_share_leisure_10,0.004271242818264288,0.01007066789,-0.5799425071735711,2039
group_school_age_6_17_not_employed,dep_hour_share_leisure_11,0.0055185969156335045,0.013950877,-0.8432280084366497,2039
group_school_age_6_17_not_employed,dep_hour_share_leisure_12,0.026572422134865437,0.01751160838,0.9060813754865435,2039
group_school_age_6_17_not_employed,dep_hour_share_leisure_13,0.04843891744783792,0.04175505295,0.6683864497837915,2039
group_school_age_6_17_not_employed,dep_hour_share_leisure_14,0.13892878742062292,0.1012187429,3.7710044520622916,2039
group_school_age_6_17_not_employed,dep_hour_share_leisure_15,0.197233141820381,0.210475159,-1.3242017179618981,2039
group_school_age_6_17_not_employed,dep_hour_share_leisure_16,0.22921076504384638,0.2863656329,-5.7154867856153615,2039
group_school_age_6_17_not_employed,dep_hour_share_leisure_17,0.1718702751738736,0.1771457575,-0.5275482326126402,2039
group_school_age_6_17_not_employed,dep_hour_share_leisure_18,0.07293241608708799,0.07217873783,0.07536782570879835,2039
group_school_age_6_17_not_employed,dep_hour_share_leisure_19,0.02919942546114303,0.03472016856,-0.552074309885697,2039
group_school_age_6_17_not_employed,dep_hour_share_leisure_20,0.039499546416691865,0.009631846735,2.986769968169187,2039
group_school_age_6_17_not_employed,dep_hour_share_leisure_21,0.007465225279709707,0.006517156929,0.09480683507097068,2039
group_school_age_6_17_not_employed,dep_hour_share_leisure_22,0.002419110976716057,0.0,0.24191109767160568,2039
group_school_age_6_17_not_employed,dep_hour_share_leisure_23,0.00022679165406713032,0.0,0.022679165406713032,2039
group_school_age_6_17_not_employed,dep_hour_share_leisure_4,0.0,0.0,0.0,2039
group_school_age_6_17_not_employed,dep_hour_share_leisure_5,0.0,0.0,0.0,2039
group_school_age_6_17_not_employed,dep_hour_share_leisure_6,0.00058587843967342,0.0008331053387,-0.024722689902658,2039
group_school_age_6_17_not_employed,dep_hour_share_leisure_7,0.007314030843664953,0.008579893927,-0.12658630833350462,2039
group_school_age_6_17_not_employed,dep_hour_share_leisure_8,0.010659207741155126,0.002718094349,0.7941113392155126,2039
group_school_age_6_17_not_employed,dep_hour_share_leisure_9,0.006387964922890838,0.006327497793,0.006046712989083748,2039
group_school_age_6_17_not_employed,dep_hour_share_other_10,0.03824796766025498,0.00869146934,2.9556498320254985,2039
group_school_age_6_17_not_employed,dep_hour_share_other_11,0.12056328017413709,0.03675929078,8.380398939413707,2039
group_school_age_6_17_not_employed,dep_hour_share_other_12,0.06179201279374528,0.05742986744,0.4362145353745281,2039
group_school_age_6_17_not_employed,dep_hour_share_other_13,0.13313491182088757,0.1074905899,2.5644321920887574,2039
group_school_age_6_17_not_employed,dep_hour_share_other_14,0.11572120296743814,0.1578693725,-4.214816953256186,2039
group_school_age_6_17_not_employed,dep_hour_share_other_15,0.12860379370085737,0.1724000135,-4.379621979914264,2039
group_school_age_6_17_not_employed,dep_hour_share_other_16,0.11194527120074631,0.1364216281,-2.447635689925369,2039
group_school_age_6_17_not_employed,dep_hour_share_other_17,0.05881569010705877,0.1022874004,-4.347171029294124,2039
group_school_age_6_17_not_employed,dep_hour_share_other_18,0.0514859402070099,0.02318103046,2.8304909747009903,2039
group_school_age_6_17_not_employed,dep_hour_share_other_19,0.017280440673448538,0.002782435136,1.4498005537448537,2039
group_school_age_6_17_not_employed,dep_hour_share_other_20,0.006885522633379237,0.0,0.6885522633379237,2039
group_school_age_6_17_not_employed,dep_hour_share_other_21,0.0023544045133490296,0.008538957137,-0.6184552623650971,2039
group_school_age_6_17_not_employed,dep_hour_share_other_22,0.000488649993336591,0.0,0.0488649993336591,2039
group_school_age_6_17_not_employed,dep_hour_share_other_23,0.0006663409000044422,0.0,0.06663409000044422,2039
group_school_age_6_17_not_employed,dep_hour_share_other_4,0.0,0.0,0.0,2039
group_school_age_6_17_not_employed,dep_hour_share_other_5,0.0,0.0,0.0,2039
group_school_age_6_17_not_employed,dep_hour_share_other_6,0.0064412953667096085,0.05645224043,-5.001094506329039,2039
group_school_age_6_17_not_employed,dep_hour_share_other_7,0.05010883568033406,0.05998543478,-0.9876599099665941,2039
group_school_age_6_17_not_employed,dep_hour_share_other_8,0.04899826751365999,0.03519382514,1.3804442373659984,2039
group_school_age_6_17_not_employed,dep_hour_share_other_9,0.043756385766958374,0.03451644511,0.9239940656958372,2039
group_school_age_6_17_not_employed,dep_hour_share_shop_10,0.014200511218403862,0.02183297751,-0.7632466291596138,2039
group_school_age_6_17_not_employed,dep_hour_share_shop_11,0.026270945754047145,0.02490489922,0.13660465340471462,2039
group_school_age_6_17_not_employed,dep_hour_share_shop_12,0.04799772791820506,0.03117801132,1.6819716598205057,2039
group_school_age_6_17_not_employed,dep_hour_share_shop_13,0.011644419199091167,0.1173670595,-10.572264030090883,2039
group_school_age_6_17_not_employed,dep_hour_share_shop_14,0.11133200795228629,0.1249227788,-1.3590770847713707,2039
group_school_age_6_17_not_employed,dep_hour_share_shop_15,0.28912240840670267,0.185199729,10.392267940670266,2039
group_school_age_6_17_not_employed,dep_hour_share_shop_16,0.11445612042033514,0.2139386303,-9.948250987966485,2039
group_school_age_6_17_not_employed,dep_hour_share_shop_17,0.14200511218403863,0.1164125599,2.559255228403863,2039
group_school_age_6_17_not_employed,dep_hour_share_shop_18,0.18446464072706617,0.0914343131,9.303032762706618,2039
group_school_age_6_17_not_employed,dep_hour_share_shop_19,0.008094291394490201,0.03923174546,-3.11374540655098,2039
group_school_age_6_17_not_employed,dep_hour_share_shop_20,0.016898608349900597,0.0,1.6898608349900597,2039
group_school_age_6_17_not_employed,dep_hour_share_shop_21,0.0017040613462084636,0.00779101139,-0.6086950043791536,2039
group_school_age_6_17_not_employed,dep_hour_share_shop_22,0.0014200511218403862,0.0,0.1420051121840386,2039
group_school_age_6_17_not_employed,dep_hour_share_shop_23,0.0014200511218403862,0.0,0.1420051121840386,2039
group_school_age_6_17_not_employed,dep_hour_share_shop_4,0.0,0.0,0.0,2039
group_school_age_6_17_not_employed,dep_hour_share_shop_5,0.0,0.0,0.0,2039
group_school_age_6_17_not_employed,dep_hour_share_shop_6,0.0007100255609201931,0.001267157411,-0.05571318500798069,2039
group_school_age_6_17_not_employed,dep_hour_share_shop_7,0.007526270945754047,0.01321060733,-0.5684336384245954,2039
group_school_age_6_17_not_employed,dep_hour_share_shop_8,0.005112184038625391,0.006089160854,-0.0976976815374609,2039
group_school_age_6_17_not_employed,dep_hour_share_shop_9,0.010082362965066743,0.005219358949,0.4863004016066743,2039
group_school_age_6_17_not_employed,dep_hour_share_work_10,0.030303030303030304,0.07259115337,-4.228812306696969,2039
group_school_age_6_17_not_employed,dep_hour_share_work_11,0.05808080808080808,0.0,5.808080808080808,2039
group_school_age_6_17_not_employed,dep_hour_share_work_12,0.050505050505050504,0.0944943088,-4.398925829494949,2039
group_school_age_6_17_not_employed,dep_hour_share_work_13,0.015151515151515152,0.0,1.5151515151515151,2039
group_school_age_6_17_not_employed,dep_hour_share_work_14,0.005050505050505051,0.07057305695,-6.552255189949495,2039
group_school_age_6_17_not_employed,dep_hour_share_work_15,0.09090909090909091,0.0,9.090909090909092,2039
group_school_age_6_17_not_employed,dep_hour_share_work_16,0.04292929292929293,0.0,4.292929292929292,2039
group_school_age_6_17_not_employed,dep_hour_share_work_17,0.022727272727272728,0.0,2.272727272727273,2039
group_school_age_6_17_not_employed,dep_hour_share_work_18,0.0,0.0,0.0,2039
group_school_age_6_17_not_employed,dep_hour_share_work_19,0.005050505050505051,0.0,0.5050505050505051,2039
group_school_age_6_17_not_employed,dep_hour_share_work_20,0.0,0.0,0.0,2039
group_school_age_6_17_not_employed,dep_hour_share_work_21,0.0,0.0,0.0,2039
group_school_age_6_17_not_employed,dep_hour_share_work_22,0.0,0.0,0.0,2039
group_school_age_6_17_not_employed,dep_hour_share_work_23,0.0,0.0,0.0,2039
group_school_age_6_17_not_employed,dep_hour_share_work_4,0.0,0.0,0.0,2039
group_school_age_6_17_not_employed,dep_hour_share_work_5,0.05555555555555555,0.0,5.555555555555555,2039
group_school_age_6_17_not_employed,dep_hour_share_work_6,0.12626262626262627,0.2881153767,-16.18527504373737,2039
group_school_age_6_17_not_employed,dep_hour_share_work_7,0.11616161616161616,0.1723300192,-5.616840303838383,2039
group_school_age_6_17_not_employed,dep_hour_share_work_8,0.29545454545454547,0.301896085,-0.6441539545454511,2039
group_school_age_6_17_not_employed,dep_hour_share_work_9,0.08585858585858586,0.0,8.585858585858585,2039
group_school_age_6_17_not_employed,mean_work_activity_h,4.663888888888889,5.907507402,-1.2436185131111115,2039
group_school_age_6_17_not_employed,mobility_rate,0.9496892371834466,0.9367116051,1.29776320834466,2039
group_school_age_6_17_not_employed,n_persons_unweighted,103616.0,2039.0,101577.0,2039
group_school_age_6_17_not_employed,n_persons_weighted,103616.0,89789.72359,13826.276410000006,2039
group_school_age_6_17_not_employed,n_work_activities_measured,396.0,10.0,386.0,2039
group_school_age_6_17_not_employed,nonhome_acts_per_mobile,2.093228864973629,1.741985937,0.3512429279736291,2039
group_school_age_6_17_not_employed,participation_education,0.9124170012353304,0.9042394712,0.8177530035330394,2039
group_school_age_6_17_not_employed,participation_escort,0.044172714638665844,0.04049675403,0.3675960608665846,2039
group_school_age_6_17_not_employed,participation_home,0.9496892371834466,0.9309919452,1.8697291983446607,2039
group_school_age_6_17_not_employed,participation_leisure,0.40494711241507103,0.3735023671,3.144474531507102,2039
group_school_age_6_17_not_employed,participation_other,0.16101760345892527,0.06818021605,9.283738740892526,2039
group_school_age_6_17_not_employed,participation_shop,0.04873764669549104,0.07397364543,-2.5235998734508955,2039
group_school_age_6_17_not_employed,participation_work,0.003262044471896232,0.005583494362,-0.23214498901037678,2039
group_school_age_6_17_not_employed,purpose_share_education,0.3252386905486287,0.3295319444,-0.42932538513713037,2039
group_school_age_6_17_not_employed,purpose_share_escort,0.01528670524068194,0.01580758614,-0.05208808993180589,2039
group_school_age_6_17_not_employed,purpose_share_home,0.4302957218245583,0.4560375202,-2.574179837544172,2039
group_school_age_6_17_not_employed,purpose_share_leisure,0.1463452411244731,0.1422250527,0.412018842447312,2039
group_school_age_6_17_not_employed,purpose_share_other,0.062261447742535045,0.02619794688,3.6063500862535043,2039
group_school_age_6_17_not_employed,purpose_share_shop,0.019476927502240317,0.02833535593,-0.8858428427759684,2039
group_school_age_6_17_not_employed,purpose_share_work,0.0010952660168825853,0.001864593728,-0.07693277111174147,2039
group_school_age_6_17_not_employed,share_mobile_first_from_home,1.0,0.996796643,0.3203356999999962,2039
group_school_age_6_17_not_employed,share_mobile_last_to_home,1.0,0.9931863101,0.6813689899999975,2039
group_school_age_6_17_not_employed,share_mobile_odd_trip_count,0.22350944585022814,0.1291488306,9.436061525022815,2039
group_school_age_6_17_not_employed,share_trips_0,0.05031076281655343,0.06328839487,-1.297763205344657,2039
group_school_age_6_17_not_employed,share_trips_1,9.651019147621989e-05,0.001312846878,-0.12163366865237803,2039
group_school_age_6_17_not_employed,share_trips_2,0.3709176189005559,0.4390186621,-6.81010431994441,2039
group_school_age_6_17_not_employed,share_trips_3,0.06913990117356393,0.07261831676,-0.3478415586436065,2039
group_school_age_6_17_not_employed,share_trips_4,0.2568618746139592,0.3166755863,-5.981371168604078,2039
group_school_age_6_17_not_employed,share_trips_5,0.12089831686226066,0.03707943508,8.381888178226065,2039
group_school_age_6_17_not_employed,share_trips_6,0.07224752933909821,0.05328088329,1.8966646049098215,2039
group_school_age_6_17_not_employed,share_trips_7,0.017005095738109946,0.009326168373,0.7678927365109947,2039
group_school_age_6_17_not_employed,share_trips_8plus,0.042522390364422485,0.007399706353,3.512268401142249,2039
group_school_age_6_17_not_employed,share_trips_followed_by_same_purpose,0.10883238004624457,0.0224786539,8.635372614624456,2039
group_school_age_6_17_not_employed,share_trips_home_based,0.8384731549192933,0.9123354716,-7.386231668070664,2039
group_school_age_6_17_not_employed,share_trips_unknown_purpose,0.0,0.000951513076,-0.0951513076,2039
group_school_age_6_17_not_employed,share_work_activities_lt_2h,0.25,0.0944943088,15.550569120000002,2039
group_school_age_6_17_not_employed,tours_per_mobile,1.5810087090840725,1.457862408,0.12314630108407254,2039
group_school_age_6_17_not_employed,trips_per_mobile_person,3.6742375740577016,3.199848344,0.4743892300577017,2039
group_school_age_6_17_not_employed,trips_per_person,3.4893838789376157,2.997335079,0.49204879993761574,2039
group_school_age_6_17_not_employed,trips_per_person_education,1.1348826436071648,0.9867778301,0.14810481350716487,2039
group_school_age_6_17_not_employed,trips_per_person_escort,0.053341182828906736,0.04733554915,0.006005633678906733,2039
group_school_age_6_17_not_employed,trips_per_person_home,1.5014669549104385,1.365596636,0.13587031891043844,2039
group_school_age_6_17_not_employed,trips_per_person_leisure,0.5106547251389747,0.4258905133,0.0847642118389747,2039
group_school_age_6_17_not_employed,trips_per_person_other,0.2172540920321186,0.07844930853,0.1388047835021186,2039
group_school_age_6_17_not_employed,trips_per_person_shop,0.06796247683755405,0.08484974377,-0.016887266932445952,2039
group_school_age_6_17_not_employed,trips_per_person_work,0.0038218035824583076,0.005583494362,-0.0017616907795416923,2039
group_senior_65plus_not_employed,dep_hour_share_all_10,0.10929569895707379,0.123969224,-1.467352504292621,4339
group_senior_65plus_not_employed,dep_hour_share_all_11,0.08473750383502475,0.1176306263,-3.289312246497525,4339
group_senior_65plus_not_employed,dep_hour_share_all_12,0.07203830813747135,0.08783974196,-1.5801433822528645,4339
group_senior_65plus_not_employed,dep_hour_share_all_13,0.06743627843182078,0.06971876615,-0.2282487718179224,4339
group_senior_65plus_not_employed,dep_hour_share_all_14,0.07882805653979502,0.07765345569,0.11746008497950239,4339
group_senior_65plus_not_employed,dep_hour_share_all_15,0.07557956498286521,0.08177841478,-0.6198849797134796,4339
group_senior_65plus_not_employed,dep_hour_share_all_16,0.073413903944912,0.075231048,-0.18171440550879964,4339
group_senior_65plus_not_employed,dep_hour_share_all_17,0.06263974028109479,0.06176249265,0.08772476310947852,4339
group_senior_65plus_not_employed,dep_hour_share_all_18,0.052260609232533846,0.04587436006,0.6386249172533844,4339
group_senior_65plus_not_employed,dep_hour_share_all_19,0.033882569035458686,0.02398184197,0.9900727065458685,4339
group_senior_65plus_not_employed,dep_hour_share_all_20,0.01819155271880696,0.01225640014,0.5935152578806961,4339
group_senior_65plus_not_employed,dep_hour_share_all_21,0.01387627257651501,0.01389848055,-0.0022207973484990318,4339
group_senior_65plus_not_employed,dep_hour_share_all_22,0.010928567274856475,0.007401073552,0.35274937228564746,4339
group_senior_65plus_not_employed,dep_hour_share_all_23,0.00454788817970174,0.002702357254,0.18455309257017402,4339
group_senior_65plus_not_employed,dep_hour_share_all_4,0.0018307856737511856,0.0005019455823,0.13288400914511855,4339
group_senior_65plus_not_employed,dep_hour_share_all_5,0.00339086371775822,0.0004406899397,0.29501737780582205,4339
group_senior_65plus_not_employed,dep_hour_share_all_6,0.012641043688200957,0.004025912121,0.8615131567200958,4339
group_senior_65plus_not_employed,dep_hour_share_all_7,0.04094904079263194,0.02579421847,1.5154822322631938,4339
group_senior_65plus_not_employed,dep_hour_share_all_8,0.06969017010465356,0.06683868198,0.28514881246535645,4339
group_senior_65plus_not_employed,dep_hour_share_all_9,0.10295512469595523,0.09938054822,0.35745764759552295,4339
group_senior_65plus_not_employed,dep_hour_share_education_10,0.06027852837247973,0.01199914598,4.827938239247973,4339
group_senior_65plus_not_employed,dep_hour_share_education_11,0.03970068592808148,0.08425665059,-4.455596466191851,4339
group_senior_65plus_not_employed,dep_hour_share_education_12,0.0652670962377884,0.01715607438,4.81110218577884,4339
group_senior_65plus_not_employed,dep_hour_share_education_13,0.06298066929952192,0.00989904158,5.308162771952192,4339
group_senior_65plus_not_employed,dep_hour_share_education_14,0.043857825815838705,0.1568402122,-11.298238638416128,4339
group_senior_65plus_not_employed,dep_hour_share_education_15,0.05944710039492829,0.1626272836,-10.318018320507171,4339
group_senior_65plus_not_employed,dep_hour_share_education_16,0.0781542298898358,0.07789404902,0.026018086983579936,4339
group_senior_65plus_not_employed,dep_hour_share_education_17,0.04448139679900229,0.1495685861,-10.508718930099773,4339
group_senior_65plus_not_employed,dep_hour_share_education_18,0.002909997921430056,0.09799489661,-9.508489868856994,4339
group_senior_65plus_not_employed,dep_hour_share_education_19,0.0,0.00764567786,-0.764567786,4339
group_senior_65plus_not_employed,dep_hour_share_education_20,0.00020785699438786114,0.0,0.020785699438786113,4339
group_senior_65plus_not_employed,dep_hour_share_education_21,0.0,0.0,0.0,4339
group_senior_65plus_not_employed,dep_hour_share_education_22,0.0,0.0,0.0,4339
group_senior_65plus_not_employed,dep_hour_share_education_23,0.0,0.0,0.0,4339
group_senior_65plus_not_employed,dep_hour_share_education_4,0.0,0.0,0.0,4339
group_senior_65plus_not_employed,dep_hour_share_education_5,0.0,0.0,0.0,4339
group_senior_65plus_not_employed,dep_hour_share_education_6,0.09499064643525254,0.0,9.499064643525253,4339
group_senior_65plus_not_employed,dep_hour_share_education_7,0.2616919559343172,0.0,26.16919559343172,4339
group_senior_65plus_not_employed,dep_hour_share_education_8,0.0812720848056537,0.1942102471,-11.293816229434631,4339
group_senior_65plus_not_employed,dep_hour_share_education_9,0.10475992517148203,0.02990813501,7.485179016148202,4339
group_senior_65plus_not_employed,dep_hour_share_escort_10,0.050726040658276864,0.04663537097,0.40906696882768645,4339
group_senior_65plus_not_employed,dep_hour_share_escort_11,0.04717650855114553,0.112495649,-6.531914044885448,4339
group_senior_65plus_not_employed,dep_hour_share_escort_12,0.077702484672475,0.1233954962,-4.5693011527525,4339
group_senior_65plus_not_employed,dep_hour_share_escort_13,0.07040980961600517,0.1184254991,-4.801568948399483,4339
group_senior_65plus_not_employed,dep_hour_share_escort_14,0.12849306227815424,0.1115064822,1.6986580078154234,4339
group_senior_65plus_not_employed,dep_hour_share_escort_15,0.1606969990319458,0.06272580147,9.79711975619458,4339
group_senior_65plus_not_employed,dep_hour_share_escort_16,0.030461439173927074,0.0534444049,-2.2982965726072924,4339
group_senior_65plus_not_employed,dep_hour_share_escort_17,0.07757341077767022,0.03374122629,4.383218448767021,4339
group_senior_65plus_not_employed,dep_hour_share_escort_18,0.05298483381736044,0.04046083234,1.2524001477360436,4339
group_senior_65plus_not_employed,dep_hour_share_escort_19,0.01639238464020652,0.01957471194,-0.31823272997934804,4339
group_senior_65plus_not_employed,dep_hour_share_escort_20,0.007550822846079381,0.01177691654,-0.4226093693920619,4339
group_senior_65plus_not_employed,dep_hour_share_escort_21,0.01148757663762504,0.001257406891,1.023016974662504,4339
group_senior_65plus_not_employed,dep_hour_share_escort_22,0.005098418844788641,0.008341346795,-0.3242927950211358,4339
group_senior_65plus_not_employed,dep_hour_share_escort_23,0.0042594385285575995,0.0,0.42594385285576,4339
group_senior_65plus_not_employed,dep_hour_share_escort_4,0.0,0.002305654933,-0.2305654933,4339
group_senior_65plus_not_employed,dep_hour_share_escort_5,0.006776379477250726,0.0,0.6776379477250726,4339
group_senior_65plus_not_employed,dep_hour_share_escort_6,0.016521458535011295,0.004658497359,1.1862961176011293,4339
group_senior_65plus_not_employed,dep_hour_share_escort_7,0.08802839625685704,0.08640632856,0.1622067696857049,4339
group_senior_65plus_not_employed,dep_hour_share_escort_8,0.05330751855437238,0.09850497542,-4.5197456865627625,4339
group_senior_65plus_not_employed,dep_hour_share_escort_9,0.07486285898676992,0.05070407615,2.4158782836769923,4339
group_senior_65plus_not_employed,dep_hour_share_home_10,0.07998112264208249,0.1002612359,-2.028011325791751,4339
group_senior_65plus_not_employed,dep_hour_share_home_11,0.09024685416306485,0.1233054618,-3.3058607636935147,4339
group_senior_65plus_not_employed,dep_hour_share_home_12,0.08486867620191296,0.1068339671,-2.1965290898087035,4339
group_senior_65plus_not_employed,dep_hour_share_home_13,0.06178596627307687,0.06903153087,-0.7245564596923125,4339
group_senior_65plus_not_employed,dep_hour_share_home_14,0.08483596790849154,0.07123050455,1.360546335849154,4339
group_senior_65plus_not_employed,dep_hour_share_home_15,0.07635984729899585,0.08267943615,-0.6319588851004143,4339
group_senior_65plus_not_employed,dep_hour_share_home_16,0.08678444767373944,0.0931523054,-0.6367857726260556,4339
group_senior_65plus_not_employed,dep_hour_share_home_17,0.09520449692308411,0.07063709017,2.456740675308411,4339
group_senior_65plus_not_employed,dep_hour_share_home_18,0.07125268091190722,0.05668713935,1.4565541561907216,4339
group_senior_65plus_not_employed,dep_hour_share_home_19,0.051529579978786336,0.03030490685,2.1224673128786335,4339
group_senior_65plus_not_employed,dep_hour_share_home_20,0.033778321877642944,0.02250499527,1.1273326607642944,4339
group_senior_65plus_not_employed,dep_hour_share_home_21,0.02708713956628803,0.03004900153,-0.2961861963711971,4339
group_senior_65plus_not_employed,dep_hour_share_home_22,0.02104077789666983,0.01488090604,0.615987185666983,4339
group_senior_65plus_not_employed,dep_hour_share_home_23,0.008733114343521187,0.005661182032,0.3071932311521188,4339
group_senior_65plus_not_employed,dep_hour_share_home_4,7.476181353469181e-05,0.000453971782,-0.037920996846530816,4339
group_senior_65plus_not_employed,dep_hour_share_home_5,0.0007289276819632452,0.0001286825985,0.06002450834632452,4339
group_senior_65plus_not_employed,dep_hour_share_home_6,0.0026353539270978867,0.002206542813,0.04288111140978868,4339
group_senior_65plus_not_employed,dep_hour_share_home_7,0.012302990939802722,0.01282550121,-0.05225102701972781,4339
group_senior_65plus_not_employed,dep_hour_share_home_8,0.029358029652404295,0.04417268038,-1.4814650727595708,4339
group_senior_65plus_not_employed,dep_hour_share_home_9,0.06655670449925939,0.06249350161,0.406320288925939,4339
group_senior_65plus_not_employed,dep_hour_share_leisure_10,0.11525884078439894,0.09162066961,2.363817117439894,4339
group_senior_65plus_not_employed,dep_hour_share_leisure_11,0.0721168993427128,0.07996216928,-0.7845269937287194,4339
group_senior_65plus_not_employed,dep_hour_share_leisure_12,0.041295018740833286,0.07939738058,-3.810236183916671,4339
group_senior_65plus_not_employed,dep_hour_share_leisure_13,0.07608235102395568,0.07059226913,0.5490081893955681,4339
group_senior_65plus_not_employed,dep_hour_share_leisure_14,0.08688141669835407,0.08614243829,0.0738978408354074,4339
group_senior_65plus_not_employed,dep_hour_share_leisure_15,0.08558857080775707,0.09801726609,-1.2428695282242928,4339
group_senior_65plus_not_employed,dep_hour_share_leisure_16,0.07430061383019175,0.07179394305,0.2506670780191747,4339
group_senior_65plus_not_employed,dep_hour_share_leisure_17,0.054353848660981044,0.08989302708,-3.553917841901895,4339
group_senior_65plus_not_employed,dep_hour_share_leisure_18,0.0638166114400565,0.07937463061,-1.5558019169943496,4339
group_senior_65plus_not_employed,dep_hour_share_leisure_19,0.04585800423705796,0.04209959088,0.3758413357057955,4339
group_senior_65plus_not_employed,dep_hour_share_leisure_20,0.010255853115324027,0.009755469299,0.050038381632402755,4339
group_senior_65plus_not_employed,dep_hour_share_leisure_21,0.004562985496224673,0.003971118392,0.05918671042246726,4339
group_senior_65plus_not_employed,dep_hour_share_leisure_22,0.006051387908088435,0.003958117353,0.20932705550884356,4339
group_senior_65plus_not_employed,dep_hour_share_leisure_23,0.0011407463740561682,0.001348461563,-0.020771518894383174,4339
group_senior_65plus_not_employed,dep_hour_share_leisure_4,0.0006735835732522136,0.0008958020999,-0.022221852664778642,4339
group_senior_65plus_not_employed,dep_hour_share_leisure_5,0.003270139605627682,0.0007633670105,0.25067725951276826,4339
group_senior_65plus_not_employed,dep_hour_share_leisure_6,0.014862295616274649,0.00616967497,0.869262064627465,4339
group_senior_65plus_not_employed,dep_hour_share_leisure_7,0.03793796512575371,0.02334015425,1.459781087575371,4339
group_senior_65plus_not_employed,dep_hour_share_leisure_8,0.08048237275245804,0.08196618227,-0.14838095175419563,4339
group_senior_65plus_not_employed,dep_hour_share_leisure_9,0.12002824705307187,0.07893826818,4.108997887307186,4339
group_senior_65plus_not_employed,dep_hour_share_other_10,0.1282183100069245,0.1893583864,-6.11400763930755,4339
group_senior_65plus_not_employed,dep_hour_share_other_11,0.08413244644018716,0.1280928911,-4.396044465981283,4339
group_senior_65plus_not_employed,dep_hour_share_other_12,0.07019955095788656,0.04958492373,2.061462722788656,4339
group_senior_65plus_not_employed,dep_hour_share_other_13,0.07304278490043435,0.05484277999,1.820000491043435,4339
group_senior_65plus_not_employed,dep_hour_share_other_14,0.06540487231676353,0.08758521163,-2.2180339313236472,4339
group_senior_65plus_not_employed,dep_hour_share_other_15,0.07876072770002308,0.07364563755,0.511509015002308,4339
group_senior_65plus_not_employed,dep_hour_share_other_16,0.07378769121010555,0.05024453699,2.3543154220105547,4339
group_senior_65plus_not_employed,dep_hour_share_other_17,0.030530667058354492,0.03270927158,-0.21786045216455052,4339
group_senior_65plus_not_employed,dep_hour_share_other_18,0.033950941099943344,0.008584095873,2.5366845226943346,4339
group_senior_65plus_not_employed,dep_hour_share_other_19,0.012054892250876052,0.005231311399,0.6823580851876052,4339
group_senior_65plus_not_employed,dep_hour_share_other_20,0.00656776549090375,0.001934678521,0.4633086969903749,4339
group_senior_65plus_not_employed,dep_hour_share_other_21,0.004941561575424387,0.0005419180645,0.4399643510924387,4339
group_senior_65plus_not_employed,dep_hour_share_other_22,0.002990116876849151,0.0,0.2990116876849151,4339
group_senior_65plus_not_employed,dep_hour_share_other_23,0.002171769100027278,0.0,0.21717691000272782,4339
group_senior_65plus_not_employed,dep_hour_share_other_4,0.0005875317372054473,0.0,0.05875317372054473,4339
group_senior_65plus_not_employed,dep_hour_share_other_5,0.0009547390729588518,0.0005182940076,0.04364450653588517,4339
group_senior_65plus_not_employed,dep_hour_share_other_6,0.02040623622972491,0.002057351153,1.834888507672491,4339
group_senior_65plus_not_employed,dep_hour_share_other_7,0.07934825943722854,0.04624792396,3.3100335477228535,4339
group_senior_65plus_not_employed,dep_hour_share_other_8,0.08715403823152947,0.1059706263,-1.881658806847053,4339
group_senior_65plus_not_employed,dep_hour_share_other_9,0.13340117926012968,0.158098286,-2.469710673987033,4339
group_senior_65plus_not_employed,dep_hour_share_shop_10,0.19180783235704724,0.1827957764,0.9012055957047238,4339
group_senior_65plus_not_employed,dep_hour_share_shop_11,0.10191275312675407,0.1417410105,-3.982825737324591,4339
group_senior_65plus_not_employed,dep_hour_share_shop_12,0.07967645831234438,0.07891649724,0.07599610723443839,4339
group_senior_65plus_not_employed,dep_hour_share_shop_13,0.06873821620299074,0.07532128749,-0.6583071287009259,4339
group_senior_65plus_not_employed,dep_hour_share_shop_14,0.06588851628502757,0.07097441111,-0.5085894824972431,4339
group_senior_65plus_not_employed,dep_hour_share_shop_15,0.045278565363192816,0.07057611148,-2.529754611680718,4339
group_senior_65plus_not_employed,dep_hour_share_shop_16,0.04697687137490825,0.0594904772,-1.2513605825091756,4339
group_senior_65plus_not_employed,dep_hour_share_shop_17,0.021012938789021458,0.03467602334,-1.3663084550978544,4339
group_senior_65plus_not_employed,dep_hour_share_shop_18,0.011830572386695644,0.00998674224,0.1843830146695643,4339
group_senior_65plus_not_employed,dep_hour_share_shop_19,0.003281472632806091,0.004123654261,-0.08421816281939093,4339
group_senior_65plus_not_employed,dep_hour_share_shop_20,0.002216433269526921,0.0,0.2216433269526921,4339
group_senior_65plus_not_employed,dep_hour_share_shop_21,0.0007052287675767476,0.0007303560459,-0.0025127278323252363,4339
group_senior_65plus_not_employed,dep_hour_share_shop_22,0.00035981059570242224,0.0,0.035981059570242224,4339
group_senior_65plus_not_employed,dep_hour_share_shop_23,0.0002878484765619378,0.0,0.028784847656193782,4339
group_senior_65plus_not_employed,dep_hour_share_shop_4,4.317727148429067e-05,0.0,0.004317727148429067,4339
group_senior_65plus_not_employed,dep_hour_share_shop_5,0.0013528878398411076,0.0006641441515,0.06887436883411076,4339
group_senior_65plus_not_employed,dep_hour_share_shop_6,0.007800693714828514,0.003832019375,0.39686743398285146,4339
group_senior_65plus_not_employed,dep_hour_share_shop_7,0.03272837178509233,0.03223980374,0.04885680450923274,4339
group_senior_65plus_not_employed,dep_hour_share_shop_8,0.15375426375555906,0.06482276785,8.893149590555906,4339
group_senior_65plus_not_employed,dep_hour_share_shop_9,0.16303737712468155,0.1691089176,-0.6071540475318438,4339
group_senior_65plus_not_employed,dep_hour_share_work_10,0.020573400584019113,0.06664970941,-4.607630882598087,4339
group_senior_65plus_not_employed,dep_hour_share_work_11,0.03769577913458986,0.1116948473,-7.399906816541013,4339
group_senior_65plus_not_employed,dep_hour_share_work_12,0.02867002920095567,0.05452728097,-2.5857251769044334,4339
group_senior_65plus_not_employed,dep_hour_share_work_13,0.03610299973453677,0.05795050438,-2.184750464546323,4339
group_senior_65plus_not_employed,dep_hour_share_work_14,0.019113352800637112,0.05140635717,-3.2293004369362888,4339
group_senior_65plus_not_employed,dep_hour_share_work_15,0.005574727900185824,0.01959160178,-1.4016873879814176,4339
group_senior_65plus_not_employed,dep_hour_share_work_16,0.007167507300238917,0.06361350919,-5.644600188976108,4339
group_senior_65plus_not_employed,dep_hour_share_work_17,0.009822139633660737,0.0,0.9822139633660737,4339
group_senior_65plus_not_employed,dep_hour_share_work_18,0.006105654366870188,0.0282476518,-2.214199743312981,4339
group_senior_65plus_not_employed,dep_hour_share_work_19,0.002256437483408548,0.0,0.2256437483408548,4339
group_senior_65plus_not_employed,dep_hour_share_work_20,0.00013273161667109106,0.002804761883,-0.2672030266328909,4339
group_senior_65plus_not_employed,dep_hour_share_work_21,0.0006636580833554553,0.0,0.06636580833554552,4339
group_senior_65plus_not_employed,dep_hour_share_work_22,0.00013273161667109106,0.0,0.013273161667109106,4339
group_senior_65plus_not_employed,dep_hour_share_work_23,0.00013273161667109106,0.0,0.013273161667109106,4339
group_senior_65plus_not_employed,dep_hour_share_work_4,0.10299973453676665,0.007607627774,9.539210676276666,4339
group_senior_65plus_not_employed,dep_hour_share_work_5,0.12529864613750996,0.003425336628,12.187330950950996,4339
group_senior_65plus_not_employed,dep_hour_share_work_6,0.1555614547385187,0.08348231066,7.20791440785187,4339
group_senior_65plus_not_employed,dep_hour_share_work_7,0.2436952482081232,0.1242190286,11.947621960812318,4339
group_senior_65plus_not_employed,dep_hour_share_work_8,0.11361826387045394,0.1341059355,-2.048767162954605,4339
group_senior_65plus_not_employed,dep_hour_share_work_9,0.045659676134855325,0.170423871,-12.476419486514468,4339
group_senior_65plus_not_employed,mean_work_activity_h,5.5270086717989555,3.30246543,2.2245432417989557,4339
group_senior_65plus_not_employed,mobility_rate,0.7286797877673007,0.7434022921,-1.4722504332699282,4339
group_senior_65plus_not_employed,n_persons_unweighted,211466.0,4339.0,207127.0,4339
group_senior_65plus_not_employed,n_persons_weighted,211466.0,172745.9997,38720.000300000014,4339
group_senior_65plus_not_employed,n_work_activities_measured,7534.0,114.0,7420.0,4339
group_senior_65plus_not_employed,nonhome_acts_per_mobile,1.8474797360001558,2.325446883,-0.47796714699984433,4339
group_senior_65plus_not_employed,participation_education,0.017019284423973595,0.00987180536,0.7147479063973595,4339
group_senior_65plus_not_employed,participation_escort,0.054765305060860844,0.05132545591,0.34398491508608464,4339
group_senior_65plus_not_employed,participation_home,0.7286797877673007,0.7356316286,-0.6951840832699285,4339
group_senior_65plus_not_employed,participation_leisure,0.3467933379361221,0.4411329338,-9.433959586387791,4339
group_senior_65plus_not_employed,participation_other,0.326454370915419,0.3040992676,2.235510331541901,4339
group_senior_65plus_not_employed,participation_shop,0.2900418979883291,0.4291520673,-13.911016931167092,4339
group_senior_65plus_not_employed,participation_work,0.02996226343714829,0.01745748322,1.2504780217148288,4339
group_senior_65plus_not_employed,purpose_share_education,0.009647217827400826,0.003403748817,0.6243469010400826,4339
group_senior_65plus_not_employed,purpose_share_escort,0.031071220169523135,0.0249097433,0.6161476869523137,4339
group_senior_65plus_not_employed,purpose_share_home,0.4291477923291484,0.4276283164,0.15194759291484172,4339
group_senior_65plus_not_employed,purpose_share_leisure,0.1845724724429659,0.2151874717,-3.0614999257034095,4339
group_senior_65plus_not_employed,purpose_share_other,0.191127607566178,0.1286440155,6.248359206617801,4339
group_senior_65plus_not_employed,purpose_share_shop,0.1393261986833583,0.1926772718,-5.33510731166417,4339
group_senior_65plus_not_employed,purpose_share_work,0.015107490981425446,0.007549432521,0.7558058460425445,4339
group_senior_65plus_not_employed,share_mobile_first_from_home,1.0,0.9863450136,1.3654986399999958,4339
group_senior_65plus_not_employed,share_mobile_last_to_home,1.0,0.9841222301,1.5877769900000005,4339
group_senior_65plus_not_employed,share_mobile_odd_trip_count,0.31406766131701397,0.2620630164,5.200464491701395,4339
group_senior_65plus_not_employed,share_trips_0,0.27132021223269936,0.2565977079,1.4722504332699338,4339
group_senior_65plus_not_employed,share_trips_1,0.0015558056614302063,0.006558269621,-0.5002463959569794,4339
group_senior_65plus_not_employed,share_trips_2,0.3254991346126564,0.2377342317,8.77649029126564,4339
group_senior_65plus_not_employed,share_trips_3,0.1524405814646326,0.0786535077,7.37870737646326,4339
group_senior_65plus_not_employed,share_trips_4,0.12196286873539955,0.1871940612,-6.5231192464600465,4339
group_senior_65plus_not_employed,share_trips_5,0.05328516168083758,0.05648276457,-0.31976028891624253,4339
group_senior_65plus_not_employed,share_trips_6,0.04480152837808442,0.07896744276,-3.416591438191559,4339
group_senior_65plus_not_employed,share_trips_7,0.016948351035154588,0.03795945443,-2.101110339484541,4339
group_senior_65plus_not_employed,share_trips_8plus,0.012186356199105294,0.05985256017,-4.76662039708947,4339
group_senior_65plus_not_employed,share_trips_followed_by_same_purpose,0.09870000180471754,0.05583601869,4.286398311471753,4339
group_senior_65plus_not_employed,share_trips_home_based,0.8255118880754292,0.8557544834,-3.0242595324570853,4339
group_senior_65plus_not_employed,share_trips_unknown_purpose,0.0,5.761510002e-05,-0.005761510002,4339
group_senior_65plus_not_employed,share_work_activities_lt_2h,0.1886116272896204,0.4198636205,-23.12519932103796,4339
group_senior_65plus_not_employed,tours_per_mobile,1.388874106858934,1.737204808,-0.3483307011410659,4339
group_senior_65plus_not_employed,trips_per_mobile_person,3.23635384285909,4.062651691,-0.8262978481409102,4339
group_senior_65plus_not_employed,trips_per_person,2.3582656313544494,3.020184579,-0.6619189476455505,4339
group_senior_65plus_not_employed,trips_per_person_education,0.022750702240549307,0.01027935741,0.012471344830549307,4339
group_senior_65plus_not_employed,trips_per_person_escort,0.07327419065003357,0.07522768809,-0.001953497439966423,4339
group_senior_65plus_not_employed,trips_per_person_home,1.0120444894214673,1.291442036,-0.2793975465785328,4339
group_senior_65plus_not_employed,trips_per_person_leisure,0.4352709182563627,0.6498684392,-0.21459752094363732,4339
group_senior_65plus_not_employed,trips_per_person_other,0.4507296681263182,0.3885062866,0.06222338152631823,4339
group_senior_65plus_not_employed,trips_per_person_shop,0.3285681859022254,0.5818873975,-0.25331921159777454,4339
group_senior_65plus_not_employed,trips_per_person_work,0.03562747675749293,0.02279936601,0.012828110747492929,4339
kreis_03101,dep_hour_share_all_10,0.046679978786920595,0.04768783712,-0.10078583330794047,4519
kreis_03101,dep_hour_share_all_11,0.0489469399137036,0.05982544237,-1.0878502456296402,4519
kreis_03101,dep_hour_share_all_12,0.0611743381494327,0.0566705804,0.4503757749432701,4519
kreis_03101,dep_hour_share_all_13,0.06332801346482787,0.07240278203,-0.9074768565172129,4519
kreis_03101,dep_hour_share_all_14,0.0690396101972169,0.07081130982,-0.17716996227831044,4519
kreis_03101,dep_hour_share_all_15,0.0880579326210851,0.09227897368,-0.42210410589148956,4519
kreis_03101,dep_hour_share_all_16,0.08847746359292798,0.0956105496,-0.713308600707202,4519
kreis_03101,dep_hour_share_all_17,0.08296754050278982,0.09057934006,-0.7611799557210184,4519
kreis_03101,dep_hour_share_all_18,0.06835989532888988,0.06391969238,0.44402029488898737,4519
kreis_03101,dep_hour_share_all_19,0.04566912077761373,0.0429888639,0.26802568776137303,4519
kreis_03101,dep_hour_share_all_20,0.03316037536195439,0.02757435138,0.5586023981954389,4519
kreis_03101,dep_hour_share_all_21,0.02103132414929825,0.02015657983,0.08747443192982512,4519
kreis_03101,dep_hour_share_all_22,0.01630942214277,0.01470191907,0.16075030727700015,4519
kreis_03101,dep_hour_share_all_23,0.008319660192361798,0.006778047623,0.15416125693617977,4519
kreis_03101,dep_hour_share_all_4,0.0043807996733384955,0.001778546951,0.26022527223384956,4519
kreis_03101,dep_hour_share_all_5,0.013139909221963007,0.007976812978,0.5163096243963007,4519
kreis_03101,dep_hour_share_all_6,0.04386152739151328,0.02687070239,1.6990825001513277,4519
kreis_03101,dep_hour_share_all_7,0.08241480533513927,0.09452740564,-1.2112600304860734,4519
kreis_03101,dep_hour_share_all_8,0.05652090558934765,0.0597203073,-0.3199401710652347,4519
kreis_03101,dep_hour_share_all_9,0.04714183632565563,0.04474744367,0.23943926556556291,4519
kreis_03101,dep_hour_share_education_10,0.02392057694108832,0.02053195257,0.33886243710883196,4519
kreis_03101,dep_hour_share_education_11,0.039224501264400115,0.03082812426,0.8396377004400115,4519
kreis_03101,dep_hour_share_education_12,0.03482251568792732,0.03279441828,0.20280974079273165,4519
kreis_03101,dep_hour_share_education_13,0.04042333988948207,0.04742332445,-0.6999984560517931,4519
kreis_03101,dep_hour_share_education_14,0.023808185819986886,0.02829449134,-0.4486305520013112,4519
kreis_03101,dep_hour_share_education_15,0.03349255408822703,0.02188450235,1.160805173822703,4519
kreis_03101,dep_hour_share_education_16,0.02326496206799663,0.02514131497,-0.18763529020033692,4519
kreis_03101,dep_hour_share_education_17,0.009347194904935843,0.008888763946,0.04584309589358432,4519
kreis_03101,dep_hour_share_education_18,0.0061065842465111925,0.003465831918,0.2640752328511192,4519
kreis_03101,dep_hour_share_education_19,0.001048983796946708,0.005285766938,-0.42367831410532913,4519
kreis_03101,dep_hour_share_education_20,0.000599419312540976,0.0009515474552,-0.035212814265902406,4519
kreis_03101,dep_hour_share_education_21,0.000524491898473354,0.0,0.052449189847335397,4519
kreis_03101,dep_hour_share_education_22,0.00022478224220286598,0.0,0.022478224220286596,4519
kreis_03101,dep_hour_share_education_23,9.365926758452749e-05,0.0,0.009365926758452749,4519
kreis_03101,dep_hour_share_education_4,0.00046829633792263745,0.0,0.04682963379226374,4519
kreis_03101,dep_hour_share_education_5,0.002491336517748431,0.0,0.24913365177484312,4519
kreis_03101,dep_hour_share_education_6,0.15348880771752366,0.03835223238,11.513657533752367,4519
kreis_03101,dep_hour_share_education_7,0.42955886484967687,0.5734807602,-14.392189535032319,4519
kreis_03101,dep_hour_share_education_8,0.13089819237613562,0.1071521884,2.3746003976135617,4519
kreis_03101,dep_hour_share_education_9,0.04420717429989698,0.05552478052,-1.131760622010302,4519
kreis_03101,dep_hour_share_escort_10,0.01757002546380502,0.01426058452,0.3309440943805022,4519
kreis_03101,dep_hour_share_escort_11,0.03132048017460895,0.01673303493,1.458744524460895,4519
kreis_03101,dep_hour_share_escort_12,0.06271371407784648,0.04311350857,1.9600205507846482,4519
kreis_03101,dep_hour_share_escort_13,0.0645689341578756,0.06740651589,-0.28375817321244085,4519
kreis_03101,dep_hour_share_escort_14,0.14161513277555474,0.149648673,-0.8033540224445274,4519
kreis_03101,dep_hour_share_escort_15,0.13823208439432522,0.1296761603,0.8555924094325207,4519
kreis_03101,dep_hour_share_escort_16,0.06835212804656239,0.05898405193,0.9368076116562387,4519
kreis_03101,dep_hour_share_escort_17,0.04634412513641324,0.05730475698,-1.0960631843586761,4519
kreis_03101,dep_hour_share_escort_18,0.03852309930883958,0.04755531218,-0.9032212871160427,4519
kreis_03101,dep_hour_share_escort_19,0.01316842488177519,0.006061524081,0.7106900800775191,4519
kreis_03101,dep_hour_share_escort_20,0.013714077846489633,0.003375638135,1.0338439711489633,4519
kreis_03101,dep_hour_share_escort_21,0.007821025827573663,0.005019465352,0.2801560475573663,4519
kreis_03101,dep_hour_share_escort_22,0.004146962531829756,0.04399348222,-3.984651968817024,4519
kreis_03101,dep_hour_share_escort_23,0.0018915969443433977,0.0,0.18915969443433978,4519
kreis_03101,dep_hour_share_escort_4,0.0015278283012004365,0.0,0.15278283012004365,4519
kreis_03101,dep_hour_share_escort_5,0.003019279738086577,0.0,0.30192797380865766,4519
kreis_03101,dep_hour_share_escort_6,0.046198617679156055,0.009420544121,3.677807355815606,4519
kreis_03101,dep_hour_share_escort_7,0.1738086576937068,0.2091592327,-3.5350575006293212,4519
kreis_03101,dep_hour_share_escort_8,0.0999636231356857,0.1103325865,-1.0368963364314296,4519
kreis_03101,dep_hour_share_escort_9,0.022844670789377956,0.02210900321,0.07356675793779577,4519
kreis_03101,dep_hour_share_home_10,0.03244262166735924,0.03475853875,-0.2315917082640756,4519
kreis_03101,dep_hour_share_home_11,0.046766879257077815,0.06199770507,-1.5230825812922184,4519
kreis_03101,dep_hour_share_home_12,0.07172366859985425,0.04503452745,2.668914114985425,4519
kreis_03101,dep_hour_share_home_13,0.07438255433702506,0.09082291551,-1.644036117297494,4519
kreis_03101,dep_hour_share_home_14,0.07825495191120586,0.07274032995,0.5514621961205862,4519
kreis_03101,dep_hour_share_home_15,0.10179346811444952,0.1123338805,-1.054041238555048,4519
kreis_03101,dep_hour_share_home_16,0.10437406276536161,0.122242975,-1.7868912234638392,4519
kreis_03101,dep_hour_share_home_17,0.10868910609646666,0.1193938817,-1.0704775603533334,4519
kreis_03101,dep_hour_share_home_18,0.0933591091678862,0.08822572569,0.5133383477886194,4519
kreis_03101,dep_hour_share_home_19,0.06633663962612996,0.05534110244,1.0995537186129958,4519
kreis_03101,dep_hour_share_home_20,0.05750179166139707,0.04714811709,1.0353674571397076,4519
kreis_03101,dep_hour_share_home_21,0.040813745505790526,0.03676528799,0.40484575157905267,4519
kreis_03101,dep_hour_share_home_22,0.033752491764379965,0.02422624834,0.9526243424379965,4519
kreis_03101,dep_hour_share_home_23,0.017772076580727145,0.01383220433,0.39398722507271444,4519
kreis_03101,dep_hour_share_home_4,6.62463037573699e-05,0.001314338049,-0.124809174524263,4519
kreis_03101,dep_hour_share_home_5,0.0005781495600643192,0.0008203007169,-0.024215115683568086,4519
kreis_03101,dep_hour_share_home_6,0.0019000644395863822,0.004059743068,-0.2159678628413618,4519
kreis_03101,dep_hour_share_home_7,0.008596963510331412,0.01706015141,-0.8463187899668587,4519
kreis_03101,dep_hour_share_home_8,0.018037061795756624,0.02381268918,-0.5775627384243375,4519
kreis_03101,dep_hour_share_home_9,0.024788162387757683,0.02437431795,0.04138444377576843,4519
kreis_03101,dep_hour_share_leisure_10,0.050807383529984186,0.05049671566,0.031066786998418944,4519
kreis_03101,dep_hour_share_leisure_11,0.04029315168470989,0.05309479879,-1.2801647105290108,4519
kreis_03101,dep_hour_share_leisure_12,0.04572892592142075,0.07241167753,-2.6682751608579247,4519
kreis_03101,dep_hour_share_leisure_13,0.055178810363702716,0.05821315957,-0.3034349206297283,4519
kreis_03101,dep_hour_share_leisure_14,0.07321189636297287,0.06831086682,0.4901029542972876,4519
kreis_03101,dep_hour_share_leisure_15,0.10064164943437538,0.1002183477,0.04233017343753809,4519
kreis_03101,dep_hour_share_leisure_16,0.12791175039532904,0.1261105894,0.18011609953290375,4519
kreis_03101,dep_hour_share_leisure_17,0.12491637270405061,0.1180175561,0.6898816604050604,4519
kreis_03101,dep_hour_share_leisure_18,0.10370544945870332,0.1004245207,0.3280928758703311,4519
kreis_03101,dep_hour_share_leisure_19,0.07271773506872643,0.09438887854,-2.1671143471273564,4519
kreis_03101,dep_hour_share_leisure_20,0.03808843206422576,0.03233891003,0.5749522034225761,4519
kreis_03101,dep_hour_share_leisure_21,0.013654056684101691,0.01484423459,-0.11901779058983084,4519
kreis_03101,dep_hour_share_leisure_22,0.006538134046952925,0.0118752588,-0.5337124753047074,4519
kreis_03101,dep_hour_share_leisure_23,0.0027444958034302394,0.002511792798,0.02327030054302395,4519
kreis_03101,dep_hour_share_leisure_4,0.0004029315168470989,0.003523407115,-0.3120475598152901,4519
kreis_03101,dep_hour_share_leisure_5,0.004614706240116774,0.003262851437,0.1351854803116774,4519
kreis_03101,dep_hour_share_leisure_6,0.016246502858533025,0.008722591137,0.7523911721533025,4519
kreis_03101,dep_hour_share_leisure_7,0.025954871670113126,0.01670159881,0.9253272860113126,4519
kreis_03101,dep_hour_share_leisure_8,0.03580008514779224,0.0310501451,0.474994004779224,4519
kreis_03101,dep_hour_share_leisure_9,0.057208672910838095,0.033145983,2.4062689910838095,4519
kreis_03101,dep_hour_share_other_10,0.07927237470855744,0.1097865958,-3.0514221091442555,4519
kreis_03101,dep_hour_share_other_11,0.07759874420000462,0.07884335742,-0.12446132199953747,4519
kreis_03101,dep_hour_share_other_12,0.08442023130727856,0.04660928546,3.7810945847278568,4519
kreis_03101,dep_hour_share_other_13,0.0731087975253353,0.0674063884,0.5702409125335304,4519
kreis_03101,dep_hour_share_other_14,0.08873704379140793,0.1276187168,-3.888167300859208,4519
kreis_03101,dep_hour_share_other_15,0.10554260255315219,0.1215248284,-1.5982225846847817,4519
kreis_03101,dep_hour_share_other_16,0.10113345183406819,0.08850395204,1.2629499794068189,4519
kreis_03101,dep_hour_share_other_17,0.062351393153119876,0.0612286676,0.11227255531198743,4519
kreis_03101,dep_hour_share_other_18,0.04630762482975138,0.01906266383,2.7244960999751378,4519
kreis_03101,dep_hour_share_other_19,0.02539301461252568,0.008143389339,1.724962527352568,4519
kreis_03101,dep_hour_share_other_20,0.013816108405087837,0.006035542698,0.7780565707087836,4519
kreis_03101,dep_hour_share_other_21,0.00870287864447471,0.01073811873,-0.2035240085525289,4519
kreis_03101,dep_hour_share_other_22,0.005067060643135807,0.002364734062,0.27023265811358066,4519
kreis_03101,dep_hour_share_other_23,0.00316258454719638,0.006819974246,-0.36573896988036203,4519
kreis_03101,dep_hour_share_other_4,0.000634825365313142,0.0,0.06348253653131421,4519
kreis_03101,dep_hour_share_other_5,0.0026778088136845263,0.0,0.26778088136845263,4519
kreis_03101,dep_hour_share_other_6,0.013354417230314643,0.01169958313,0.16548341003146427,4519
kreis_03101,dep_hour_share_other_7,0.05025508437406219,0.04960291759,0.06521667840621928,4519
kreis_03101,dep_hour_share_other_8,0.07359357325884716,0.08067309692,-0.7079523661152844,4519
kreis_03101,dep_hour_share_other_9,0.07926083242918812,0.09899760006,-1.9736767630811878,4519
kreis_03101,dep_hour_share_shop_10,0.11930324437851572,0.09419011631,2.511312806851572,4519
kreis_03101,dep_hour_share_shop_11,0.09044310955101562,0.1044476569,-1.4004547348984389,4519
kreis_03101,dep_hour_share_shop_12,0.0779443946715232,0.08265072538,-0.47063307084767997,4519
kreis_03101,dep_hour_share_shop_13,0.06823622717993155,0.07090172509,-0.2665497910068454,4519
kreis_03101,dep_hour_share_shop_14,0.06894120757266438,0.075349347,-0.6408139427335618,4519
kreis_03101,dep_hour_share_shop_15,0.09474642736498891,0.1029787233,-0.8232295935011097,4519
kreis_03101,dep_hour_share_shop_16,0.08721194941765682,0.09980711195,-1.2595162532343176,4519
kreis_03101,dep_hour_share_shop_17,0.09057529337465302,0.1030396687,-1.2464375325346986,4519
kreis_03101,dep_hour_share_shop_18,0.06365385462716819,0.05472815649,0.892569813716819,4519
kreis_03101,dep_hour_share_shop_19,0.026877377472939033,0.02009529869,0.6782078782939034,4519
kreis_03101,dep_hour_share_shop_20,0.006168578436412237,0.01066398826,-0.44954098235877626,4519
kreis_03101,dep_hour_share_shop_21,0.005067046572767195,0.007219031324,-0.21519847512328052,4519
kreis_03101,dep_hour_share_shop_22,0.0051992303964046,0.001594011209,0.36052191874046,4519
kreis_03101,dep_hour_share_shop_23,0.0004993611115190859,0.001428227147,-0.09288660354809142,4519
kreis_03101,dep_hour_share_shop_4,4.406127454580169e-05,0.0,0.004406127454580169,4519
kreis_03101,dep_hour_share_shop_5,0.00042592565394274974,0.0005067921782,-0.008086652425725031,4519
kreis_03101,dep_hour_share_shop_6,0.004817366017007652,0.00837450019,-0.3557134172992348,4519
kreis_03101,dep_hour_share_shop_7,0.024600878288072614,0.02719511611,-0.25942378219273865,4519
kreis_03101,dep_hour_share_shop_8,0.06901464303024073,0.04254401445,2.6470628580240727,4519
kreis_03101,dep_hour_share_shop_9,0.09339521494558432,0.09228578924,0.11094257055843243,4519
kreis_03101,dep_hour_share_work_10,0.031610410579732434,0.03514968477,-0.35392741902675673,4519
kreis_03101,dep_hour_share_work_11,0.02547862524988467,0.03869775956,-1.3219134310115332,4519
kreis_03101,dep_hour_share_work_12,0.02981316315546671,0.0689206516,-3.910748844453328,4519
kreis_03101,dep_hour_share_work_13,0.03841496232508073,0.05130043392,-1.2885471594919269,4519
kreis_03101,dep_hour_share_work_14,0.022047516530831923,0.03559415257,-1.3546636039168078,4519
kreis_03101,dep_hour_share_work_15,0.02411387052129786,0.01882791838,0.5285952141297863,4519
kreis_03101,dep_hour_share_work_16,0.016953713670613563,0.01534365213,0.16100615406135638,4519
kreis_03101,dep_hour_share_work_17,0.007477318160848839,0.01283202216,-0.5354703999151161,4519
kreis_03101,dep_hour_share_work_18,0.00515146855297555,0.002466888062,0.268458049097555,4519
kreis_03101,dep_hour_share_work_19,0.006170229125019222,0.001465515567,0.47047135580192223,4519
kreis_03101,dep_hour_share_work_20,0.00485352914039674,0.005188446893,-0.03349177526032598,4519
kreis_03101,dep_hour_share_work_21,0.001941411656158696,0.005495518164,-0.35541065078413037,4519
kreis_03101,dep_hour_share_work_22,0.001086037213593726,0.0,0.1086037213593726,4519
kreis_03101,dep_hour_share_work_23,0.0005286021836075658,0.0004100550272,0.011854715640756576,4519
kreis_03101,dep_hour_share_work_4,0.03189873904351838,0.004734940982,2.7163798061518376,4519
kreis_03101,dep_hour_share_work_5,0.08917999384899278,0.05358261365,3.559738019899278,4519
kreis_03101,dep_hour_share_work_6,0.20678917422727972,0.1467060386,6.008313562727971,4519
kreis_03101,dep_hour_share_work_7,0.2517491926803014,0.2640257821,-1.2276589419698614,4519
kreis_03101,dep_hour_share_work_8,0.13351530063047823,0.1802284275,-4.671312686952178,4519
kreis_03101,dep_hour_share_work_9,0.05667576503152391,0.05651873313,0.0157031901523913,4519
kreis_03101,mean_work_activity_h,5.702446712650755,5.906851596,-0.20440488334924467,4519
kreis_03101,mobility_rate,0.8484156098795105,0.8532543912,-0.4838781320489538,4519
kreis_03101,n_persons_unweighted,252968.0,4519.0,248449.0,4519
kreis_03101,n_persons_weighted,252968.0,252816.0,152.0,4519
kreis_03101,n_work_activities_measured,103949.0,1988.0,101961.0,4519
kreis_03101,nonhome_acts_per_mobile,2.195413331345342,2.258748975,-0.06333564365465794,4519
kreis_03101,participation_education,0.16721087252142564,0.1758203279,-0.8609455378574354,4519
kreis_03101,participation_escort,0.07277995635811645,0.07505334494,-0.22733885818835564,4519
kreis_03101,participation_home,0.8484156098795105,0.8410964282,0.7319181679510511,4519
kreis_03101,participation_leisure,0.3890847854274058,0.417759712,-2.8674926572594184,4519
kreis_03101,participation_other,0.25113848391891463,0.1661717134,8.496677051891464,4519
kreis_03101,participation_shop,0.2224945447645552,0.3051895512,-8.26950064354448,4519
kreis_03101,participation_work,0.3311090730843427,0.3444301713,-1.33210982156573,4519
kreis_03101,purpose_share_education,0.06645893451582142,0.06254172817,0.39172063458214196,4519
kreis_03101,purpose_share_escort,0.0342222742313371,0.03652324792,-0.23009736886629023,4519
kreis_03101,purpose_share_home,0.4134234972201405,0.4143342663,-0.09107690798594859,4519
kreis_03101,purpose_share_leisure,0.16374903831550222,0.1750090584,-1.126002008449778,4519
kreis_03101,purpose_share_other,0.10785556183537953,0.06245350583,4.540205600537953,4519
kreis_03101,purpose_share_shop,0.08476143999960163,0.1187333581,-3.3971918100398373,4519
kreis_03101,purpose_share_work,0.12952925388221762,0.1304048353,-0.08755814177823784,4519
kreis_03101,share_mobile_first_from_home,1.0,0.9765953407,2.340465930000002,4519
kreis_03101,share_mobile_last_to_home,1.0,0.972429834,2.757016599999995,4519
kreis_03101,share_mobile_odd_trip_count,0.3044888222083477,0.2506396326,5.3849189608347725,4519
kreis_03101,share_trips_0,0.15158439012048955,0.1467456088,0.4838781320489538,4519
kreis_03101,share_trips_1,0.0006127257202492015,0.006412655869,-0.5799930148750799,4519
kreis_03101,share_trips_2,0.297199645805003,0.2915493441,0.5650301705003025,4519
kreis_03101,share_trips_3,0.12042629897852693,0.08743882215,3.298747682852693,4519
kreis_03101,share_trips_4,0.194965371114133,0.23078466,-3.5819288885866998,4519
kreis_03101,share_trips_5,0.09483412921792479,0.07522695049,1.9607178727924792,4519
kreis_03101,share_trips_6,0.07477230321621707,0.08162127706,-0.6848973843782926,4519
kreis_03101,share_trips_7,0.033142531861737455,0.03220095058,0.09415812817374566,4519
kreis_03101,share_trips_8plus,0.032462603965718984,0.04801973094,-1.5557126974281015,4519
kreis_03101,share_trips_followed_by_same_purpose,0.11007272700111294,0.05303718818,5.703553882111294,4519
kreis_03101,share_trips_home_based,0.8036084643174592,0.8289227483,-2.5314283982540764,4519
kreis_03101,share_trips_unknown_purpose,0.0,0.0009975171235,-0.09975171235,4519
kreis_03101,share_work_activities_lt_2h,0.2065435934929629,0.1202949916,8.624860189296289,4519
kreis_03101,tours_per_mobile,1.547343701950406,1.595251636,-0.047907934049594036,4519
kreis_03101,trips_per_mobile_person,3.742757033295748,3.85400061,-0.11124357670425189,4519
kreis_03101,trips_per_person,3.175413491034439,3.288442944,-0.11302945296556066,4519
kreis_03101,trips_per_person_education,0.21103459726131368,0.2054597505,0.005574846761313673,4519
kreis_03101,trips_per_person_escort,0.10866987128806806,0.1199848105,-0.01131493921193194,4519
kreis_03101,trips_per_person_home,1.312790550583473,1.361155463,-0.04836491241652707,4519
kreis_03101,trips_per_person_leisure,0.519970905410961,0.5749332249,-0.05496231948903896,4519
kreis_03101,trips_per_person_other,0.34248600613516333,0.2051699257,0.13731608043516333,4519
kreis_03101,trips_per_person_shop,0.2691526200942412,0.3900583952,-0.12090577510575884,4519
kreis_03101,trips_per_person_work,0.41130894026121884,0.4284010964,-0.017092156138781178,4519
kreis_03102,dep_hour_share_all_10,0.04451859985183617,0.05599799838,-1.1479398528163827,1794
kreis_03102,dep_hour_share_all_11,0.04961503862842629,0.05435093842,-0.4735899791573711,1794
kreis_03102,dep_hour_share_all_12,0.06055204254418457,0.06319435206,-0.26423095158154275,1794
kreis_03102,dep_hour_share_all_13,0.066319848661234,0.06619872613,0.012112253123400252,1794
kreis_03102,dep_hour_share_all_14,0.07468052174833316,0.06538420907,0.9296312678333154,1794
kreis_03102,dep_hour_share_all_15,0.08897105513810985,0.08964608147,-0.06750263318901495,1794
kreis_03102,dep_hour_share_all_16,0.08900082019261298,0.08734953676,0.16512834326129766,1794
kreis_03102,dep_hour_share_all_17,0.07631098528944862,0.07466723082,0.16437544694486161,1794
kreis_03102,dep_hour_share_all_18,0.05743663350619113,0.0545953237,0.28413098061911346,1794
kreis_03102,dep_hour_share_all_19,0.03416366811302783,0.04411365433,-0.9949986216972171,1794
kreis_03102,dep_hour_share_all_20,0.027714572970684727,0.01856791988,0.9146653090684729,1794
kreis_03102,dep_hour_share_all_21,0.017938406180548205,0.02047187277,-0.25334665894517944,1794
kreis_03102,dep_hour_share_all_22,0.013123081807598688,0.01109499983,0.2028081977598687,1794
kreis_03102,dep_hour_share_all_23,0.006882342046777437,0.002286324245,0.45960178017774367,1794
kreis_03102,dep_hour_share_all_4,0.005380860408508837,0.004248621672,0.11322387365088372,1794
kreis_03102,dep_hour_share_all_5,0.018365038628426287,0.02066589265,-0.2300854021573713,1794
kreis_03102,dep_hour_share_all_6,0.049839930151338765,0.03642322146,1.3416708691338763,1794
kreis_03102,dep_hour_share_all_7,0.09730857762726214,0.1066172801,-0.9308702472737864,1794
kreis_03102,dep_hour_share_all_8,0.06086292200232829,0.07298458603,-1.2121664027671717,1794
kreis_03102,dep_hour_share_all_9,0.04749510530214838,0.04805610009,-0.056099478785161944,1794
kreis_03102,dep_hour_share_education_10,0.01892241379310345,0.005463369422,1.345904437110345,1794
kreis_03102,dep_hour_share_education_11,0.023879310344827587,0.008815438064,1.5063872280827588,1794
kreis_03102,dep_hour_share_education_12,0.02021551724137931,0.02082189191,-0.06063746686206899,1794
kreis_03102,dep_hour_share_education_13,0.02961206896551724,0.02006965188,0.954241708551724,1794
kreis_03102,dep_hour_share_education_14,0.023879310344827587,0.01377510542,1.010420492482759,1794
kreis_03102,dep_hour_share_education_15,0.031293103448275864,0.007347558802,2.3945544646275865,1794
kreis_03102,dep_hour_share_education_16,0.019137931034482757,0.01565707294,0.34808580944827583,1794
kreis_03102,dep_hour_share_education_17,0.007801724137931034,0.0292680655,-2.1466341362068966,1794
kreis_03102,dep_hour_share_education_18,0.0047413793103448275,0.008138399725,-0.3397020414655173,1794
kreis_03102,dep_hour_share_education_19,0.001336206896551724,0.0,0.1336206896551724,1794
kreis_03102,dep_hour_share_education_20,0.0004310344827586207,0.0,0.04310344827586207,1794
kreis_03102,dep_hour_share_education_21,0.0001293103448275862,0.0,0.01293103448275862,1794
kreis_03102,dep_hour_share_education_22,0.0001293103448275862,0.0,0.01293103448275862,1794
kreis_03102,dep_hour_share_education_23,8.620689655172413e-05,0.0,0.008620689655172414,1794
kreis_03102,dep_hour_share_education_4,0.0008620689655172414,0.0,0.08620689655172414,1794
kreis_03102,dep_hour_share_education_5,0.004913793103448276,0.0,0.49137931034482757,1794
kreis_03102,dep_hour_share_education_6,0.17336206896551723,0.06901546842,10.434660054551722,1794
kreis_03102,dep_hour_share_education_7,0.4805603448275862,0.6150964299,-13.453608507241382,1794
kreis_03102,dep_hour_share_education_8,0.12150862068965518,0.1660756636,-4.456704291034483,1794
kreis_03102,dep_hour_share_education_9,0.03525862068965517,0.02045588436,1.480273632965517,1794
kreis_03102,dep_hour_share_escort_10,0.021014864172219375,0.01862516033,0.2389703842219374,1794
kreis_03102,dep_hour_share_escort_11,0.032739620707329574,0.02053651758,1.2203103127329573,1794
kreis_03102,dep_hour_share_escort_12,0.06201947719118401,0.0642005887,-0.21811115088159957,1794
kreis_03102,dep_hour_share_escort_13,0.06797796002050231,0.0757287673,-0.7750807279497687,1794
kreis_03102,dep_hour_share_escort_14,0.12467965146078934,0.06950923725,5.517041421078934,1794
kreis_03102,dep_hour_share_escort_15,0.13127883136852897,0.1136989828,1.7579848568528968,1794
kreis_03102,dep_hour_share_escort_16,0.06759354177344952,0.06200208645,0.5591455323449519,1794
kreis_03102,dep_hour_share_escort_17,0.05317785750896976,0.05272871415,0.04491433589697558,1794
kreis_03102,dep_hour_share_escort_18,0.03805740645822655,0.02508727222,1.2970134238226547,1794
kreis_03102,dep_hour_share_escort_19,0.01825986673500769,0.03263084378,-1.4370977044992312,1794
kreis_03102,dep_hour_share_escort_20,0.01230138390568939,0.004882833198,0.7418550707689391,1794
kreis_03102,dep_hour_share_escort_21,0.004228600717580728,0.0,0.42286007175807283,1794
kreis_03102,dep_hour_share_escort_22,0.0019861609431060996,0.0,0.19861609431060995,1794
kreis_03102,dep_hour_share_escort_23,0.0022424397744746282,0.0,0.22424397744746283,1794
kreis_03102,dep_hour_share_escort_4,0.0023065094823167607,0.0,0.23065094823167606,1794
kreis_03102,dep_hour_share_escort_5,0.002370579190158893,0.002065175858,0.030540333215889295,1794
kreis_03102,dep_hour_share_escort_6,0.039595079446437725,0.008083858796,3.1511220650437726,1794
kreis_03102,dep_hour_share_escort_7,0.1901588928754485,0.2779537572,-8.77948643245515,1794
kreis_03102,dep_hour_share_escort_8,0.09591235263967196,0.1447613543,-4.884900166032804,1794
kreis_03102,dep_hour_share_escort_9,0.024410558687852385,0.01123233948,1.3178219207852384,1794
kreis_03102,dep_hour_share_home_10,0.03038710736308998,0.04550045972,-1.5113352356910015,1794
kreis_03102,dep_hour_share_home_11,0.04933997139485264,0.06218986094,-1.2849889545147362,1794
kreis_03102,dep_hour_share_home_12,0.07671806735496174,0.07852345259,-0.18053852350382593,1794
kreis_03102,dep_hour_share_home_13,0.0857607327919718,0.09039482876,-0.4634095968028204,1794
kreis_03102,dep_hour_share_home_14,0.0888322691072224,0.0770255852,1.1806683907222406,1794
kreis_03102,dep_hour_share_home_15,0.11026268278767322,0.1092339116,0.1028771187673222,1794
kreis_03102,dep_hour_share_home_16,0.11470976717285794,0.1190348678,-0.4325100627142059,1794
kreis_03102,dep_hour_share_home_17,0.10422121313961032,0.08377673445,2.0444478689610315,1794
kreis_03102,dep_hour_share_home_18,0.0796254757755043,0.08003307081,-0.04075950344956947,1794
kreis_03102,dep_hour_share_home_19,0.05179407420143964,0.05596458716,-0.4170512958560364,1794
kreis_03102,dep_hour_share_home_20,0.04799568578105339,0.03341743577,1.4578250011053395,1794
kreis_03102,dep_hour_share_home_21,0.033794715081790404,0.03619514563,-0.24004305482095978,1794
kreis_03102,dep_hour_share_home_22,0.0253460363113428,0.02168557803,0.36604582813428016,1794
kreis_03102,dep_hour_share_home_23,0.013653877716902829,0.004497603958,0.9156273758902829,1794
kreis_03102,dep_hour_share_home_4,2.3446842101149678e-05,0.000740800273,-0.07173534308988504,1794
kreis_03102,dep_hour_share_home_5,0.0009847673682482864,0.003578231944,-0.2593464575751714,1794
kreis_03102,dep_hour_share_home_6,0.002024244034732589,0.005518117656,-0.34938736212674115,1794
kreis_03102,dep_hour_share_home_7,0.011410796489226176,0.02080562375,-0.9394827260773823,1794
kreis_03102,dep_hour_share_home_8,0.02139915122431594,0.04005671538,-1.8657564155684065,1794
kreis_03102,dep_hour_share_home_9,0.03038710736308998,0.02873681964,0.16502877230899804,1794
kreis_03102,dep_hour_share_leisure_10,0.05002085224345607,0.05721627985,-0.719542760654393,1794
kreis_03102,dep_hour_share_leisure_11,0.033020140813973455,0.0392547623,-0.6234621486026548,1794
kreis_03102,dep_hour_share_leisure_12,0.049407550965336215,0.07502043453,-2.5612883564663784,1794
kreis_03102,dep_hour_share_leisure_13,0.06267939062385006,0.04863800139,1.404138923385006,1794
kreis_03102,dep_hour_share_leisure_14,0.08522434560753625,0.08592498985,-0.07006442424637438,1794
kreis_03102,dep_hour_share_leisure_15,0.10548781983661654,0.096035257,0.9452562836616538,1794
kreis_03102,dep_hour_share_leisure_16,0.13416578760150136,0.1114906753,2.267511230150136,1794
kreis_03102,dep_hour_share_leisure_17,0.12737040943993327,0.1178850653,0.948534413993328,1794
kreis_03102,dep_hour_share_leisure_18,0.09749037116993352,0.08600026419,1.1490106979933523,1794
kreis_03102,dep_hour_share_leisure_19,0.05225326889581238,0.09524265053,-4.298938163418762,1794
kreis_03102,dep_hour_share_leisure_20,0.026960724186149206,0.01372419589,1.3236528296149206,1794
kreis_03102,dep_hour_share_leisure_21,0.014670166572627137,0.01882117763,-0.4151011057372865,1794
kreis_03102,dep_hour_share_leisure_22,0.0107941024949096,0.01131361043,-0.051950793509039986,1794
kreis_03102,dep_hour_share_leisure_23,0.0018889679366091798,0.002251885305,-0.03629173683908202,1794
kreis_03102,dep_hour_share_leisure_4,0.00031891666462232905,0.002680584327,-0.23616676623776708,1794
kreis_03102,dep_hour_share_leisure_5,0.004759217918210141,0.002492599846,0.22666180722101412,1794
kreis_03102,dep_hour_share_leisure_6,0.01834997424134632,0.01326065175,0.508932249134632,1794
kreis_03102,dep_hour_share_leisure_7,0.02914407673625592,0.02586163569,0.32824410462559195,1794
kreis_03102,dep_hour_share_leisure_8,0.043593454848759906,0.04689578518,-0.3302330331240097,1794
kreis_03102,dep_hour_share_leisure_9,0.049113166351838676,0.04998949377,-0.08763274181613212,1794
kreis_03102,dep_hour_share_other_10,0.08419130380025817,0.1490332128,-6.484190899974183,1794
kreis_03102,dep_hour_share_other_11,0.09099209722615786,0.06521807797,2.5774019256157867,1794
kreis_03102,dep_hour_share_other_12,0.06268694310632537,0.03565917878,2.7027764326325374,1794
kreis_03102,dep_hour_share_other_13,0.06473347816504518,0.02538823107,3.934524709504518,1794
kreis_03102,dep_hour_share_other_14,0.08400239287176096,0.07498158342,0.9020809451760967,1794
kreis_03102,dep_hour_share_other_15,0.08847328484619502,0.1195323042,-3.1059019353804977,1794
kreis_03102,dep_hour_share_other_16,0.08948080979818016,0.0967057086,-0.722489880181984,1794
kreis_03102,dep_hour_share_other_17,0.048613078933282955,0.09062683153,-4.201375259671704,1794
kreis_03102,dep_hour_share_other_18,0.0408677308648972,0.0180191687,2.28485621648972,1794
kreis_03102,dep_hour_share_other_19,0.02622713390636315,0.001435302409,2.4791831497363153,1794
kreis_03102,dep_hour_share_other_20,0.012184754888070274,0.0,1.2184754888070275,1794
kreis_03102,dep_hour_share_other_21,0.006171090330908976,0.0,0.6171090330908976,1794
kreis_03102,dep_hour_share_other_22,0.004754258367179875,0.0,0.4754258367179875,1794
kreis_03102,dep_hour_share_other_23,0.00585623878341362,0.0,0.585623878341362,1794
kreis_03102,dep_hour_share_other_4,0.003872674034192878,0.0,0.38726740341928784,1794
kreis_03102,dep_hour_share_other_5,0.0037152482604452,0.003051138735,0.06641095254452,1794
kreis_03102,dep_hour_share_other_6,0.019237429551966247,0.01267362443,0.6563805121966246,1794
kreis_03102,dep_hour_share_other_7,0.07216397468593558,0.04841632628,2.374764840593558,1794
kreis_03102,dep_hour_share_other_8,0.09536853373634331,0.1178466867,-2.247815296365668,1794
kreis_03102,dep_hour_share_other_9,0.09033090897641761,0.1389144219,-4.858351292358239,1794
kreis_03102,dep_hour_share_shop_10,0.12830301990391216,0.1415361828,-1.3233162896087836,1794
kreis_03102,dep_hour_share_shop_11,0.09960535346602609,0.1278791152,-2.8273761733973917,1794
kreis_03102,dep_hour_share_shop_12,0.07678448867536034,0.06074797599,1.6036512685360333,1794
kreis_03102,dep_hour_share_shop_13,0.0553363074811256,0.05290030681,0.24360006711256002,1794
kreis_03102,dep_hour_share_shop_14,0.07854323953328758,0.05309710309,2.5446136443287584,1794
kreis_03102,dep_hour_share_shop_15,0.09295641729581332,0.09884998315,-0.5893565854186683,1794
kreis_03102,dep_hour_share_shop_16,0.08158888126286891,0.07077933091,1.0809550352868915,1794
kreis_03102,dep_hour_share_shop_17,0.07288091969800961,0.0802868732,-0.7405953501990387,1794
kreis_03102,dep_hour_share_shop_18,0.04744337680164722,0.03013849475,1.7304882051647221,1794
kreis_03102,dep_hour_share_shop_19,0.011195950583390528,0.02756928234,-1.6373331756609475,1794
kreis_03102,dep_hour_share_shop_20,0.004589910775566232,0.00764840668,-0.3058495904433768,1794
kreis_03102,dep_hour_share_shop_21,0.0024879890185312285,0.01330831612,-1.0820327101468772,1794
kreis_03102,dep_hour_share_shop_22,0.0019732326698695952,0.0,0.1973232669869595,1794
kreis_03102,dep_hour_share_shop_23,0.0003860672614962251,0.0,0.03860672614962251,1794
kreis_03102,dep_hour_share_shop_4,0.0003860672614962251,0.0,0.03860672614962251,1794
kreis_03102,dep_hour_share_shop_5,0.0010724090597117365,0.0,0.10724090597117365,1794
kreis_03102,dep_hour_share_shop_6,0.00948009608785175,0.01139650326,-0.1916407172148249,1794
kreis_03102,dep_hour_share_shop_7,0.041223404255319146,0.03371704054,0.7506363715319146,1794
kreis_03102,dep_hour_share_shop_8,0.08420555936856555,0.06660087224,1.7604687128565555,1794
kreis_03102,dep_hour_share_shop_9,0.10732669869595059,0.1235442129,-1.621751420404942,1794
kreis_03102,dep_hour_share_work_10,0.027705845380263983,0.01228181889,1.5424026490263982,1794
kreis_03102,dep_hour_share_work_11,0.02680075424261471,0.01691956326,0.9881190982614709,1794
kreis_03102,dep_hour_share_work_12,0.031703331238214956,0.03380337557,-0.21000443317850462,1794
kreis_03102,dep_hour_share_work_13,0.035977372721558765,0.05840194655,-2.2424573828441234,1794
kreis_03102,dep_hour_share_work_14,0.018654934003771214,0.03017141703,-1.1516483026228788,1794
kreis_03102,dep_hour_share_work_15,0.018654934003771214,0.02302332758,-0.4368393576228785,1794
kreis_03102,dep_hour_share_work_16,0.013123821495914519,0.004292362918,0.8831458577914518,1794
kreis_03102,dep_hour_share_work_17,0.007366436203645506,0.00800506722,-0.06386310163544939,1794
kreis_03102,dep_hour_share_work_18,0.002438717787554997,0.003809781501,-0.13710637134450032,1794
kreis_03102,dep_hour_share_work_19,0.004098051539912005,0.003189842786,0.09082087539120051,1794
kreis_03102,dep_hour_share_work_20,0.011162790697674419,0.008183139739,0.2979650958674418,1794
kreis_03102,dep_hour_share_work_21,0.004500314267756128,0.004693160007,-0.01928457392438715,1794
kreis_03102,dep_hour_share_work_22,0.0013576367064739158,0.0,0.1357636706473916,1794
kreis_03102,dep_hour_share_work_23,0.0006285355122564425,0.0,0.06285355122564425,1794
kreis_03102,dep_hour_share_work_4,0.035776241357636705,0.02932437751,0.6451863847636706,1794
kreis_03102,dep_hour_share_work_5,0.12417347580138278,0.1539003873,-2.972691149861721,1794
kreis_03102,dep_hour_share_work_6,0.2159899434318039,0.2068248526,0.916509083180389,1794
kreis_03102,dep_hour_share_work_7,0.23645505971087366,0.2462323274,-0.9777267689126345,1794
kreis_03102,dep_hour_share_work_8,0.11514770584538027,0.1193508457,-0.42031398546197307,1794
kreis_03102,dep_hour_share_work_9,0.04779384035197989,0.03168121451,1.6112625841979886,1794
kreis_03102,mean_work_activity_h,6.033087380603427,7.072122757,-1.0390353763965727,1794
kreis_03102,mobility_rate,0.8328208479071376,0.8518945471,-1.9073699192862392,1794
kreis_03102,n_persons_unweighted,104068.0,1794.0,102274.0,1794
kreis_03102,n_persons_weighted,104068.0,104215.0,-147.0,1794
kreis_03102,n_work_activities_measured,39574.0,574.0,39000.0,1794
kreis_03102,nonhome_acts_per_mobile,2.0124495211722624,2.028576664,-0.01612714282773764,1794
kreis_03102,participation_education,0.18414882576776723,0.1930437614,-0.8894935632232787,1794
kreis_03102,participation_escort,0.09685013644924473,0.1004531557,-0.36030192507552766,1794
kreis_03102,participation_home,0.8328208479071376,0.8392071382,-0.6386290292862418,1794
kreis_03102,participation_leisure,0.317907522004843,0.3421771265,-2.426960449515697,1794
kreis_03102,participation_other,0.22369027943267863,0.1616519367,6.203834273267864,1794
kreis_03102,participation_shop,0.1905292693239036,0.261744458,-7.121518867609641,1794
kreis_03102,participation_work,0.3181861859553369,0.3302091275,-1.2022941544663102,1794
kreis_03102,purpose_share_education,0.07672769605249233,0.06829222748,0.8435468572492333,1794
kreis_03102,purpose_share_escort,0.051619218964969835,0.05432030239,-0.2701083425030164,1794
kreis_03102,purpose_share_home,0.4231565509577733,0.4340319776,-1.0875426642226682,1794
kreis_03102,purpose_share_leisure,0.1348125463011959,0.1552222015,-2.0409655198804084,1794
kreis_03102,purpose_share_other,0.10504087734151762,0.06476168425,4.027919309151762,1794
kreis_03102,purpose_share_shop,0.0770981056196423,0.1045181978,-2.7420092180357707,1794
kreis_03102,purpose_share_work,0.1315450047624087,0.118853409,1.269159576240872,1794
kreis_03102,share_mobile_first_from_home,1.0,0.9772171382,2.27828618,1794
kreis_03102,share_mobile_last_to_home,1.0,0.971298838,2.8701161999999947,1794
kreis_03102,share_mobile_odd_trip_count,0.25944386754355603,0.2177658142,4.167805334355604,1794
kreis_03102,share_trips_0,0.16717915209286235,0.1481054529,1.9073699192862366,1794
kreis_03102,share_trips_1,0.0006245916131760003,0.005918851816,-0.5294260202824,1794
kreis_03102,share_trips_2,0.3495406849367721,0.3510270143,-0.14863293632279007,1794
kreis_03102,share_trips_3,0.11893185225045162,0.1006662674,1.8265584850451626,1794
kreis_03102,share_trips_4,0.18845370334781106,0.2131422171,-2.4688513752188945,1794
kreis_03102,share_trips_5,0.06558211938348003,0.04508730437,2.0494815013480037,1794
kreis_03102,share_trips_6,0.054867970942076336,0.07288561167,-1.8017640727923667,1794
kreis_03102,share_trips_7,0.025435292308874966,0.02427825241,0.11570398988749661,1794
kreis_03102,share_trips_8plus,0.029384633124495522,0.03888902797,-0.9504394845504475,1794
kreis_03102,share_trips_followed_by_same_purpose,0.0967661921896497,0.03392662003,6.2839572159649695,1794
kreis_03102,share_trips_home_based,0.8212939199915334,0.869356787,-4.806286700846652,1794
kreis_03102,share_trips_unknown_purpose,0.0,0.0004134294961,-0.04134294961,1794
kreis_03102,share_work_activities_lt_2h,0.1780461919442058,0.06516546791,11.288072403420578,1794
kreis_03102,tours_per_mobile,1.4762778354678667,1.554547509,-0.07826967353213332,1794
kreis_03102,trips_per_mobile_person,3.4887273566401293,3.583124174,-0.0943968173598706,1794
kreis_03102,trips_per_person,2.9054848752738596,3.052443945,-0.14695906972614026,1794
kreis_03102,trips_per_person_education,0.22293116039512625,0.2083720135,0.014559146895126246,1794
kreis_03102,trips_per_person_escort,0.14997885997616942,0.1657411275,-0.015762267523830586,1794
kreis_03102,trips_per_person_home,1.2294749586808624,1.324310546,-0.09483558731913755,1794
kreis_03102,trips_per_person_leisure,0.39169581427528155,0.4736111832,-0.08191536892471846,1794
kreis_03102,trips_per_person_other,0.30519468040127606,0.1975996837,0.10759499670127606,1794
kreis_03102,trips_per_person_shop,0.2240073797901372,0.3189040412,-0.09489666140986278,1794
kreis_03102,trips_per_person_work,0.38220202175500634,0.3626433793,0.019558642455006325,1794
kreis_03151,dep_hour_share_all_10,0.04071877100776141,0.05327547111,-1.255670010223859,3574
kreis_03151,dep_hour_share_all_11,0.045199153578194706,0.05378061782,-0.8581464241805294,3574
kreis_03151,dep_hour_share_all_12,0.059031809570372185,0.06318425229,-0.4152442719627822,3574
kreis_03151,dep_hour_share_all_13,0.06639980443683921,0.06681356015,-0.04137557131607961,3574
kreis_03151,dep_hour_share_all_14,0.07371241520503576,0.07630277758,-0.2590362374964239,3574
kreis_03151,dep_hour_share_all_15,0.08912065330318401,0.08661967614,0.25009771631840094,3574
kreis_03151,dep_hour_share_all_16,0.09086620729695044,0.09032553549,0.05406718069504435,3574
kreis_03151,dep_hour_share_all_17,0.07657901973965654,0.08789306024,-1.1314040500343459,3574
kreis_03151,dep_hour_share_all_18,0.06302137444233942,0.06343424151,-0.04128670676605828,3574
kreis_03151,dep_hour_share_all_19,0.041608736173073396,0.03569009255,0.59186436230734,3574
kreis_03151,dep_hour_share_all_20,0.027375022917557904,0.0220156406,0.5359382317557903,3574
kreis_03151,dep_hour_share_all_21,0.017549119965776447,0.01401562092,0.35334990457764476,3574
kreis_03151,dep_hour_share_all_22,0.014220344680070891,0.009160260505,0.5060084175070891,3574
kreis_03151,dep_hour_share_all_23,0.0074214691682454315,0.001397038088,0.6024431080245432,3574
kreis_03151,dep_hour_share_all_4,0.004226379636985883,0.002267490539,0.1958889097985883,3574
kreis_03151,dep_hour_share_all_5,0.016557935586383916,0.009547669686,0.7010265900383916,3574
kreis_03151,dep_hour_share_all_6,0.0508101356719428,0.03465618137,1.6153954301942801,3574
kreis_03151,dep_hour_share_all_7,0.09974103159567317,0.107848736,-0.810770440432683,3574
kreis_03151,dep_hour_share_all_8,0.057188855955509384,0.07190555352,-1.4716697564490615,3574
kreis_03151,dep_hour_share_all_9,0.046705983010450404,0.04831656661,-0.16105835995495962,3574
kreis_03151,dep_hour_share_education_10,0.015469061876247504,0.01203153858,0.34375232962475033,3574
kreis_03151,dep_hour_share_education_11,0.02539920159680639,0.009096817215,1.6302384381806387,3574
kreis_03151,dep_hour_share_education_12,0.026846307385229543,0.01586000299,1.0986304395229542,3574
kreis_03151,dep_hour_share_education_13,0.0281437125748503,0.01389920682,1.42445057548503,3574
kreis_03151,dep_hour_share_education_14,0.023527944111776448,0.01103366649,1.2494277621776448,3574
kreis_03151,dep_hour_share_education_15,0.03323353293413173,0.03138602005,0.18475128841317356,3574
kreis_03151,dep_hour_share_education_16,0.01621756487025948,0.00656040349,0.9657161380259479,3574
kreis_03151,dep_hour_share_education_17,0.007734530938123752,0.01918744175,-1.1452910811876247,3574
kreis_03151,dep_hour_share_education_18,0.003218562874251497,0.01088533825,-0.7666775375748502,3574
kreis_03151,dep_hour_share_education_19,0.007360279441117765,0.0,0.7360279441117765,3574
kreis_03151,dep_hour_share_education_20,0.0005738522954091816,0.0,0.05738522954091816,3574
kreis_03151,dep_hour_share_education_21,0.0002994011976047904,0.0,0.029940119760479042,3574
kreis_03151,dep_hour_share_education_22,0.000124750499001996,0.0,0.012475049900199599,3574
kreis_03151,dep_hour_share_education_23,7.48502994011976e-05,0.0,0.0074850299401197605,3574
kreis_03151,dep_hour_share_education_4,0.0006986027944111777,0.0,0.06986027944111776,3574
kreis_03151,dep_hour_share_education_5,0.004091816367265469,0.001631845133,0.2459971234265469,3574
kreis_03151,dep_hour_share_education_6,0.17260479041916169,0.09518298409,7.742180632916168,3574
kreis_03151,dep_hour_share_education_7,0.48862275449101794,0.5934328793,-10.481012480898205,3574
kreis_03151,dep_hour_share_education_8,0.11492015968063872,0.1648780037,-4.9957844019361275,3574
kreis_03151,dep_hour_share_education_9,0.02901696606786427,0.01493385218,1.4083113887864271,3574
kreis_03151,dep_hour_share_escort_10,0.01160726478219309,0.006751716853,0.48555479291930903,3574
kreis_03151,dep_hour_share_escort_11,0.028369520688242524,0.06136858157,-3.2999060881757467,3574
kreis_03151,dep_hour_share_escort_12,0.06022122081114297,0.04996301876,1.0258202051142973,3574
kreis_03151,dep_hour_share_escort_13,0.07537894305612454,0.1096775581,-3.4298615043875462,3574
kreis_03151,dep_hour_share_escort_14,0.1262119349993172,0.09279235286,3.341958213931721,3574
kreis_03151,dep_hour_share_escort_15,0.11378533387955755,0.1053799514,0.8405382479557549,3574
kreis_03151,dep_hour_share_escort_16,0.08032910009558925,0.06455789437,1.5771205725589252,3574
kreis_03151,dep_hour_share_escort_17,0.06329373207701762,0.02937674321,3.391698886701762,3574
kreis_03151,dep_hour_share_escort_18,0.051447494196367606,0.02991605405,2.1531440146367604,3574
kreis_03151,dep_hour_share_escort_19,0.026252901816195547,0.02766531207,-0.14124102538044525,3574
kreis_03151,dep_hour_share_escort_20,0.005564659292639628,0.009548458349,-0.3983799056360372,3574
kreis_03151,dep_hour_share_escort_21,0.007817834220947699,0.004706234511,0.31115997099476983,3574
kreis_03151,dep_hour_share_escort_22,0.0018776457735900588,0.005124866326,-0.3247220552409941,3574
kreis_03151,dep_hour_share_escort_23,0.0019459238017206064,0.0,0.19459238017206062,3574
kreis_03151,dep_hour_share_escort_4,0.00047794619691383315,0.0,0.047794619691383315,3574
kreis_03151,dep_hour_share_escort_5,0.0015703946470025946,0.0005417023648,0.10286922822025946,3574
kreis_03151,dep_hour_share_escort_6,0.04748736856479585,0.01546537353,3.202199503479585,3574
kreis_03151,dep_hour_share_escort_7,0.1914857298921207,0.2216046364,-3.0118906507879295,3574
kreis_03151,dep_hour_share_escort_8,0.07667622559060494,0.1450352227,-6.835899710939505,3574
kreis_03151,dep_hour_share_escort_9,0.02140516181892667,0.0198520364,0.15531254189266702,3574
kreis_03151,dep_hour_share_home_10,0.029989356405114406,0.04084502196,-1.0855665554885592,3574
kreis_03151,dep_hour_share_home_11,0.043213908848801566,0.06061309749,-1.739918864119843,3574
kreis_03151,dep_hour_share_home_12,0.07443664320203187,0.06997066698,0.44659762220318755,3574
kreis_03151,dep_hour_share_home_13,0.08320276276660378,0.0853597357,-0.21569729333962145,3574
kreis_03151,dep_hour_share_home_14,0.08890827779325845,0.0949945457,-0.6086267906741549,3574
kreis_03151,dep_hour_share_home_15,0.1099396558418718,0.0966377123,1.3301943541871808,3574
kreis_03151,dep_hour_share_home_16,0.11103142372927811,0.09912547335,1.1905950379278107,3574
kreis_03151,dep_hour_share_home_17,0.1004883263061244,0.117556205,-1.706787869387559,3574
kreis_03151,dep_hour_share_home_18,0.09107810936864753,0.08895521924,0.21228901286475393,3574
kreis_03151,dep_hour_share_home_19,0.060074642206193386,0.05168985603,0.8384786176193384,3574
kreis_03151,dep_hour_share_home_20,0.05039490934672081,0.04145329759,0.8941611756720813,3574
kreis_03151,dep_hour_share_home_21,0.03183942332728826,0.02711545077,0.47239725572882574,3574
kreis_03151,dep_hour_share_home_22,0.028098176884670027,0.01784287486,1.0255302024670028,3574
kreis_03151,dep_hour_share_home_23,0.015572538611581876,0.003038706035,1.2533832576581876,3574
kreis_03151,dep_hour_share_home_4,5.938486416854338e-05,0.0003981406923,-0.03387558281314566,3574
kreis_03151,dep_hour_share_home_5,0.0004979192457208638,0.001682486915,-0.11845676692791361,3574
kreis_03151,dep_hour_share_home_6,0.001936860185189415,0.006112698831,-0.4175838645810585,3574
kreis_03151,dep_hour_share_home_7,0.010977063738231518,0.02255023855,-1.1573174811768483,3574
kreis_03151,dep_hour_share_home_8,0.019528484178501764,0.03620096444,-1.6672480261498233,3574
kreis_03151,dep_hour_share_home_9,0.029532549757664072,0.03585285143,-0.6320301672335927,3574
kreis_03151,dep_hour_share_leisure_10,0.040984242800589925,0.05570669057,-1.4722447769410076,3574
kreis_03151,dep_hour_share_leisure_11,0.03456751791766928,0.03804554098,-0.34780230623307207,3574
kreis_03151,dep_hour_share_leisure_12,0.04005278273694016,0.04699122706,-0.6938444323059845,3574
kreis_03151,dep_hour_share_leisure_13,0.054852648192708735,0.03195226994,2.2900378252708733,3574
kreis_03151,dep_hour_share_leisure_14,0.07506015679577738,0.08200482232,-0.6944665524222626,3574
kreis_03151,dep_hour_share_leisure_15,0.11035214365184093,0.1303417906,-1.9989646948159079,3574
kreis_03151,dep_hour_share_leisure_16,0.1606768609795855,0.1547659692,0.5910891779585509,3574
kreis_03151,dep_hour_share_leisure_17,0.12763590261067556,0.1219572218,0.567868081067556,3574
kreis_03151,dep_hour_share_leisure_18,0.09392222308468524,0.1133825256,-1.9460302515314762,3574
kreis_03151,dep_hour_share_leisure_19,0.06364977101606768,0.05896213968,0.4687631336067685,3574
kreis_03151,dep_hour_share_leisure_20,0.021527077026572486,0.01869717184,0.2829905186572487,3574
kreis_03151,dep_hour_share_leisure_21,0.014554063494527671,0.005146799563,0.940726393152767,3574
kreis_03151,dep_hour_share_leisure_22,0.011669124686279076,0.003231748698,0.8437375988279077,3574
kreis_03151,dep_hour_share_leisure_23,0.0022639654324820824,0.0006512571564,0.16127082760820827,3574
kreis_03151,dep_hour_share_leisure_4,0.0001552433439416285,0.003016775514,-0.2861532170058371,3574
kreis_03151,dep_hour_share_leisure_5,0.0026650107376646227,0.003321333035,-0.06563222973353772,3574
kreis_03151,dep_hour_share_leisure_6,0.01794354317058656,0.008843545751,0.9099997419586562,3574
kreis_03151,dep_hour_share_leisure_7,0.02672772904861704,0.01727750194,0.9450227108617041,3574
kreis_03151,dep_hour_share_leisure_8,0.04648244456518927,0.05617735909,-0.9694914524810728,3574
kreis_03151,dep_hour_share_leisure_9,0.05098450153949649,0.04850358488,0.24809166594964918,3574
kreis_03151,dep_hour_share_other_10,0.08565318597301338,0.1237126258,-3.805943982698662,3574
kreis_03151,dep_hour_share_other_11,0.09227683049147442,0.0903879872,0.18888432914744152,3574
kreis_03151,dep_hour_share_other_12,0.06462784580155562,0.07820017067,-1.3572324868444383,3574
kreis_03151,dep_hour_share_other_13,0.08245491190552791,0.0630453521,1.9409559805527916,3574
kreis_03151,dep_hour_share_other_14,0.07991900228988853,0.08562378072,-0.5704778430111468,3574
kreis_03151,dep_hour_share_other_15,0.07969190590639844,0.1008998158,-2.1207909893601564,3574
kreis_03151,dep_hour_share_other_16,0.07407127041501864,0.09468582851,-2.061455809498136,3574
kreis_03151,dep_hour_share_other_17,0.05641452659866392,0.03513973227,2.1274794328663917,3574
kreis_03151,dep_hour_share_other_18,0.04261842130164077,0.02164090522,2.097751608164077,3574
kreis_03151,dep_hour_share_other_19,0.0360894002763006,0.01225358956,2.38358107163006,3574
kreis_03151,dep_hour_share_other_20,0.01875437633655684,0.005215719467,1.3538656869556842,3574
kreis_03151,dep_hour_share_other_21,0.011335894475880471,0.003600892744,0.7735001731880471,3574
kreis_03151,dep_hour_share_other_22,0.004882572245036998,0.01051023822,-0.5627665974963003,3574
kreis_03151,dep_hour_share_other_23,0.0033496716564788706,0.0,0.3349671656478871,3574
kreis_03151,dep_hour_share_other_4,0.0007569879449669764,0.0,0.07569879449669764,3574
kreis_03151,dep_hour_share_other_5,0.0029711776839953822,0.0006855590116,0.2285618672395382,3574
kreis_03151,dep_hour_share_other_6,0.01750534622736133,0.01884942288,-0.1344076652638672,3574
kreis_03151,dep_hour_share_other_7,0.06629321928048296,0.03849861215,2.779460713048296,3574
kreis_03151,dep_hour_share_other_8,0.08020287276925114,0.109142914,-2.894004123074885,3574
kreis_03151,dep_hour_share_other_9,0.08928672810885487,0.1079068537,-1.8620125591145134,3574
kreis_03151,dep_hour_share_shop_10,0.11009609056206397,0.1223811126,-1.2285022037936022,3574
kreis_03151,dep_hour_share_shop_11,0.08553376332762933,0.09411248034,-0.8578717012370674,3574
kreis_03151,dep_hour_share_shop_12,0.08434908516519679,0.1020627898,-1.7713704634803207,3574
kreis_03151,dep_hour_share_shop_13,0.05794392523364486,0.07210519603,-1.4161270796355139,3574
kreis_03151,dep_hour_share_shop_14,0.08084770304067394,0.07698168234,0.3866020700673947,3574
kreis_03151,dep_hour_share_shop_15,0.10870080294853232,0.07081403551,3.7886767438532325,3574
kreis_03151,dep_hour_share_shop_16,0.08448071607213374,0.1143379935,-2.985727742786626,3574
kreis_03151,dep_hour_share_shop_17,0.06610504146373569,0.1143724742,-4.826743273626431,3574
kreis_03151,dep_hour_share_shop_18,0.04296432802422009,0.02866793894,1.429638908422009,3574
kreis_03151,dep_hour_share_shop_19,0.015690404106884298,0.01471347049,0.09769336168842982,3574
kreis_03151,dep_hour_share_shop_20,0.0043701461103067,0.002839077483,0.15310686273066998,3574
kreis_03151,dep_hour_share_shop_21,0.0010267210741082007,0.004475480917,-0.34487598428917987,3574
kreis_03151,dep_hour_share_shop_22,0.0005265236277477951,0.0005915770036,-0.006505337585220486,3574
kreis_03151,dep_hour_share_shop_23,0.00047387126497301565,0.0,0.04738712649730156,3574
kreis_03151,dep_hour_share_shop_4,5.265236277477952e-05,0.0,0.005265236277477952,3574
kreis_03151,dep_hour_share_shop_5,0.0007371330788469132,0.001394360309,-0.06572272301530867,3574
kreis_03151,dep_hour_share_shop_6,0.014690009214163486,0.005051757983,0.9638251231163486,3574
kreis_03151,dep_hour_share_shop_7,0.04817691193892326,0.0227578817,2.5419030238923264,3574
kreis_03151,dep_hour_share_shop_8,0.08129524812425958,0.06498539394,1.6309854184259578,3574
kreis_03151,dep_hour_share_shop_9,0.11017506910622614,0.08735529681,2.281977229622614,3574
kreis_03151,dep_hour_share_work_10,0.028567602553229477,0.04095154438,-1.2383941826770526,3574
kreis_03151,dep_hour_share_work_11,0.02322605603416209,0.01603574633,0.7190309704162092,3574
kreis_03151,dep_hour_share_work_12,0.030650656906069128,0.0507651394,-2.011448249393087,3574
kreis_03151,dep_hour_share_work_13,0.03600708238479965,0.05127197728,-1.5264894895200345,3574
kreis_03151,dep_hour_share_work_14,0.020800785609070213,0.02269270829,-0.18919226809297857,3574
kreis_03151,dep_hour_share_work_15,0.015816334121918196,0.01672250101,-0.09061668880818059,3574
kreis_03151,dep_hour_share_work_16,0.010817003675103036,0.006487427178,0.43295764971030365,3574
kreis_03151,dep_hour_share_work_17,0.008600038685295124,0.008516547155,0.008349153029512356,3574
kreis_03151,dep_hour_share_work_18,0.004180987665342439,0.003206143128,0.09748445373424386,3574
kreis_03151,dep_hour_share_work_19,0.002216964989807913,0.001482325267,0.07346397228079127,3574
kreis_03151,dep_hour_share_work_20,0.004389293100626405,0.001322132511,0.3067160589626404,3574
kreis_03151,dep_hour_share_work_21,0.003198976327575176,0.005578870895,-0.23798945674248242,3574
kreis_03151,dep_hour_share_work_22,0.0008183427814727194,0.0,0.08183427814727194,3574
kreis_03151,dep_hour_share_work_23,0.0006993111041675966,0.0,0.06993111041675966,3574
kreis_03151,dep_hour_share_work_4,0.0313053311312473,0.01329083293,1.8014498201247304,3574
kreis_03151,dep_hour_share_work_5,0.11843651891859722,0.06582489289,5.261162602859722,3574
kreis_03151,dep_hour_share_work_6,0.2232141528664316,0.1816646257,4.15495271664316,3574
kreis_03151,dep_hour_share_work_7,0.25637935395557143,0.3321687438,-7.578938984442857,3574
kreis_03151,dep_hour_share_work_8,0.11752890237914565,0.1202209262,-0.26920238208543446,3574
kreis_03151,dep_hour_share_work_9,0.049948667589162166,0.05773481954,-0.7786151950837837,3574
kreis_03151,mean_work_activity_h,6.01397046413502,6.28423715,-0.27026668586498026,3574
kreis_03151,mobility_rate,0.8324053227691759,0.8358940444,-0.3488721630824143,3574
kreis_03151,n_persons_unweighted,173669.0,3574.0,170095.0,3574
kreis_03151,n_persons_weighted,173669.0,107068.0,66601.0,3574
kreis_03151,n_work_activities_measured,67150.0,1236.0,65914.0,3574
kreis_03151,nonhome_acts_per_mobile,2.107766164232895,2.139120026,-0.031353861767104974,3574
kreis_03151,participation_education,0.18562322579159204,0.1826494134,0.29738123915920567,3574
kreis_03151,participation_escort,0.11099850865727331,0.1150801247,-0.40816160427266795,3574
kreis_03151,participation_home,0.8324053227691759,0.831216451,0.11888717691759254,3574
kreis_03151,participation_leisure,0.3582101584047815,0.3821445253,-2.3934366895218497,3574
kreis_03151,participation_other,0.2188991702606683,0.1633809278,5.551824246066831,3574
kreis_03151,participation_shop,0.1881049582827102,0.2605779723,-7.247301401728981,3574
kreis_03151,participation_work,0.32134117199960843,0.3239381085,-0.25969365003915557,3574
kreis_03151,purpose_share_education,0.076544643402799,0.06233506775,1.4209575652798998,3574
kreis_03151,purpose_share_escort,0.05594175884617735,0.05977979352,-0.3838034673822648,3574
kreis_03151,purpose_share_home,0.4180754598789953,0.4268124939,-0.8737034021004675,3574
kreis_03151,purpose_share_leisure,0.14762344924524842,0.1617405157,-1.4117066454751581,3574
kreis_03151,purpose_share_other,0.10091555643830594,0.06494569828,3.596985815830593,3574
kreis_03151,purpose_share_shop,0.07254361975187924,0.1036245534,-3.108093364812076,3574
kreis_03151,purpose_share_work,0.12835551243659477,0.1207618773,0.7593635136594765,3574
kreis_03151,share_mobile_first_from_home,1.0,0.9778671254,2.213287460000002,3574
kreis_03151,share_mobile_last_to_home,1.0,0.9850407459,1.4959254099999986,3574
kreis_03151,share_mobile_odd_trip_count,0.26400946300228967,0.2196672558,4.434220720228968,3574
kreis_03151,share_trips_0,0.16759467723082416,0.1641059556,0.3488721630824171,3574
kreis_03151,share_trips_1,0.0006506630429149704,0.004752026205,-0.410136316208503,3574
kreis_03151,share_trips_2,0.33484962774012633,0.3298549021,0.49947256401263185,3574
kreis_03151,share_trips_3,0.10855132464630994,0.07512812162,3.342320302630994,3574
kreis_03151,share_trips_4,0.1875291502801306,0.222638183,-3.51090327198694,3574
kreis_03151,share_trips_5,0.07593180130017448,0.05928519041,1.6646610890174476,3574
kreis_03151,share_trips_6,0.06071895387202091,0.06692578753,-0.620683365797909,3574
kreis_03151,share_trips_7,0.025767408115437988,0.02800039044,-0.2232982324562014,3574
kreis_03151,share_trips_8plus,0.03840639377206064,0.04930944301,-1.0903049237939362,3574
kreis_03151,share_trips_followed_by_same_purpose,0.09024743323351464,0.04155748233,4.868995090351464,3574
kreis_03151,share_trips_home_based,0.8150629468923791,0.8513942199,-3.6331273007620846,3574
kreis_03151,share_trips_unknown_purpose,0.0,0.0003608672198,-0.03608672198,3574
kreis_03151,share_work_activities_lt_2h,0.17179448994787788,0.1076775839,6.411690604787788,3574
kreis_03151,tours_per_mobile,1.5142948057248398,1.591849944,-0.07755513827516025,3574
kreis_03151,trips_per_mobile_person,3.622060969957735,3.73096997,-0.108909000042265,3574
kreis_03151,trips_per_person,3.015022830787302,3.118695578,-0.10367274721269792,3574
kreis_03151,trips_per_person_education,0.23078384743391164,0.1943339461,0.036449901333911655,3574
kreis_03151,trips_per_person_escort,0.16866568011562225,0.1863676994,-0.017702019284377757,3574
kreis_03151,trips_per_person_home,1.2605070565270715,1.330617888,-0.0701108314729284,3574
kreis_03151,trips_per_person_leisure,0.44508806983399457,0.5042374028,-0.059149332966005386,3574
kreis_03151,trips_per_person_other,0.3042627066430969,0.2024727699,0.10178993674309691,3574
kreis_03151,trips_per_person_shop,0.2187206697798686,0.3230568139,-0.10433614412013142,3574
kreis_03151,trips_per_person_work,0.3869948004537367,0.3764836232,0.010511177253736681,3574
kreis_03153,dep_hour_share_all_10,0.048494974600588416,0.05240737785,-0.39124032494115835,2258
kreis_03153,dep_hour_share_all_11,0.05386024356453111,0.06342503556,-0.9564791995468884,2258
kreis_03153,dep_hour_share_all_12,0.062395898734439945,0.06509816517,-0.2702266435560055,2258
kreis_03153,dep_hour_share_all_13,0.06823594730205841,0.08363069951,-1.5394752207941593,2258
kreis_03153,dep_hour_share_all_14,0.07786904385095553,0.07815669826,-0.028765440904447714,2258
kreis_03153,dep_hour_share_all_15,0.08474686204409483,0.09058075282,-0.5833890775905168,2258
kreis_03153,dep_hour_share_all_16,0.0885814208103943,0.08266902457,0.5912396240394302,2258
kreis_03153,dep_hour_share_all_17,0.0752097591855584,0.07316620234,0.2043556845558403,2258
kreis_03153,dep_hour_share_all_18,0.062045651485826664,0.05813579809,0.3909853395826661,2258
kreis_03153,dep_hour_share_all_19,0.03665142874933194,0.03465676472,0.19946640293319398,2258
kreis_03153,dep_hour_share_all_20,0.02652279720424863,0.02049735222,0.6025444984248628,2258
kreis_03153,dep_hour_share_all_21,0.018838113127266878,0.01381516028,0.5022952847266877,2258
kreis_03153,dep_hour_share_all_22,0.013428738954239548,0.009684183882,0.37445550722395476,2258
kreis_03153,dep_hour_share_all_23,0.007033483636967429,0.001554154463,0.547932917396743,2258
kreis_03153,dep_hour_share_all_4,0.004514297871015613,0.002316186677,0.21981111940156134,2258
kreis_03153,dep_hour_share_all_5,0.016412326627611936,0.01754223423,-0.11299076023880625,2258
kreis_03153,dep_hour_share_all_6,0.047158846207730344,0.03561214906,1.1546697147730343,2258
kreis_03153,dep_hour_share_all_7,0.085950674809699,0.1024405401,-1.6489865290301011,2258
kreis_03153,dep_hour_share_all_8,0.058729977532287606,0.0641592531,-0.5429275567712388,2258
kreis_03153,dep_hour_share_all_9,0.052114196169592314,0.0486711927,0.3443003469592316,2258
kreis_03153,dep_hour_share_education_10,0.019230769230769232,0.001404834904,1.782593432676923,2258
kreis_03153,dep_hour_share_education_11,0.024346793349168647,0.01986929254,0.44775008091686475,2258
kreis_03153,dep_hour_share_education_12,0.016124611730312443,0.02122449286,-0.5099881129687557,2258
kreis_03153,dep_hour_share_education_13,0.01991595103234058,0.02026308408,-0.0347133047659421,2258
kreis_03153,dep_hour_share_education_14,0.02740727206285401,0.005568766728,2.183850533485401,2258
kreis_03153,dep_hour_share_education_15,0.04060844143979536,0.01293126717,2.7677174269795364,2258
kreis_03153,dep_hour_share_education_16,0.015211035994883975,0.007478930673,0.7732105321883975,2258
kreis_03153,dep_hour_share_education_17,0.0066234240818563855,0.009788265114,-0.3164841032143614,2258
kreis_03153,dep_hour_share_education_18,0.00968390279554175,0.002165938638,0.751796415754175,2258
kreis_03153,dep_hour_share_education_19,0.00817650283208478,0.0,0.817650283208478,2258
kreis_03153,dep_hour_share_education_20,0.0005481454412570802,0.0,0.05481454412570802,2258
kreis_03153,dep_hour_share_education_21,0.00022839393385711677,0.0,0.022839393385711677,2258
kreis_03153,dep_hour_share_education_22,0.0001827151470856934,0.0,0.01827151470856934,2258
kreis_03153,dep_hour_share_education_23,0.00013703636031427006,0.0,0.013703636031427005,2258
kreis_03153,dep_hour_share_education_4,0.0002740727206285401,0.0,0.02740727206285401,2258
kreis_03153,dep_hour_share_education_5,0.002466654485656861,0.009747126451,-0.7280471965343139,2258
kreis_03153,dep_hour_share_education_6,0.1744472866800658,0.05344687683,12.10004098500658,2258
kreis_03153,dep_hour_share_education_7,0.4742371642609172,0.6515028391,-17.726567483908273,2258
kreis_03153,dep_hour_share_education_8,0.12283025762835739,0.1431430873,-2.0312829671642607,2258
kreis_03153,dep_hour_share_education_9,0.03709117485839576,0.04146519763,-0.4374022771604237,2258
kreis_03153,dep_hour_share_escort_10,0.02223111466808946,0.02300717273,-0.07760580619105423,2258
kreis_03153,dep_hour_share_escort_11,0.04312836245609355,0.03402464192,0.9103720536093547,2258
kreis_03153,dep_hour_share_escort_12,0.059179227246454136,0.06737372291,-0.8194495663545867,2258
kreis_03153,dep_hour_share_escort_13,0.06962785114045618,0.09148280048,-2.185494933954382,2258
kreis_03153,dep_hour_share_escort_14,0.13743275087812903,0.1197980689,1.7634681978129034,2258
kreis_03153,dep_hour_share_escort_15,0.11435685385265217,0.1255578193,-1.1200965447347846,2258
kreis_03153,dep_hour_share_escort_16,0.08767951625094482,0.06627425959,2.1405256660944825,2258
kreis_03153,dep_hour_share_escort_17,0.0584233693477391,0.05926481512,-0.08414457722609042,2258
kreis_03153,dep_hour_share_escort_18,0.042817126850740295,0.03847381402,0.4343312830740298,2258
kreis_03153,dep_hour_share_escort_19,0.020852785558667913,0.02083021503,0.0022570528667911066,2258
kreis_03153,dep_hour_share_escort_20,0.005780089813703259,0.005588668526,0.019142128770325856,2258
kreis_03153,dep_hour_share_escort_21,0.004979769685652039,0.009504298913,-0.4524529227347961,2258
kreis_03153,dep_hour_share_escort_22,0.0025343470721621983,0.007078376325,-0.4544029252837802,2258
kreis_03153,dep_hour_share_escort_23,0.001556178026766262,0.0,0.1556178026766262,2258
kreis_03153,dep_hour_share_escort_4,0.00204526254946423,0.003014229552,-0.09689670025357701,2258
kreis_03153,dep_hour_share_escort_5,0.0028455826775154506,0.006069739354,-0.3224156676484549,2258
kreis_03153,dep_hour_share_escort_6,0.04601840736294518,0.01820250643,2.781590093294518,2258
kreis_03153,dep_hour_share_escort_7,0.1661553510293006,0.2125039425,-4.634859147069939,2258
kreis_03153,dep_hour_share_escort_8,0.07447423413809968,0.083059687,-0.8585452861900309,2258
kreis_03153,dep_hour_share_escort_9,0.03490285002890045,0.008891221396,2.6011628632900448,2258
kreis_03153,dep_hour_share_home_10,0.03563917680636924,0.04697630147,-1.1337124663630767,2258
kreis_03153,dep_hour_share_home_11,0.055636923539131744,0.05563228183,0.00046417091317460524,2258
kreis_03153,dep_hour_share_home_12,0.07774397876921536,0.07429116762,0.34528111492153624,2258
kreis_03153,dep_hour_share_home_13,0.08546141905763358,0.1166993292,-3.123791014236642,2258
kreis_03153,dep_hour_share_home_14,0.08613114015322217,0.09251609461,-0.6384954456777836,2258
kreis_03153,dep_hour_share_home_15,0.10121551249311501,0.09748987173,0.3725640763115018,2258
kreis_03153,dep_hour_share_home_16,0.11142406489409644,0.1155813595,-0.41572946059035554,2258
kreis_03153,dep_hour_share_home_17,0.10105903560162235,0.09717924799,0.38797876116223595,2258
kreis_03153,dep_hour_share_home_18,0.08395298182364429,0.07562310874,0.8329873083644288,2258
kreis_03153,dep_hour_share_home_19,0.05457288067698162,0.04678991945,0.778296122698162,2258
kreis_03153,dep_hour_share_home_20,0.050491963346852936,0.03563306282,1.4858900526852938,2258
kreis_03153,dep_hour_share_home_21,0.035570326974112464,0.02619473525,0.9375591724112463,2258
kreis_03153,dep_hour_share_home_22,0.025824946171949328,0.01954933901,0.6275607161949328,2258
kreis_03153,dep_hour_share_home_23,0.014314506033748935,0.00351613514,1.0798370893748936,2258
kreis_03153,dep_hour_share_home_4,6.884983225677232e-05,0.0004532785685,-0.03844287362432276,2258
kreis_03153,dep_hour_share_home_5,0.0008449752140603876,0.001566574905,-0.07215996909396123,2258
kreis_03153,dep_hour_share_home_6,0.0024911121125632167,0.009642484395,-0.7151372282436783,2258
kreis_03153,dep_hour_share_home_7,0.010264884081918783,0.01614052634,-0.5875642258081216,2258
kreis_03153,dep_hour_share_home_8,0.02073631766060788,0.03842244978,-1.7686132119392117,2258
kreis_03153,dep_hour_share_home_9,0.027777777777777776,0.02769443898,0.008333879777777664,2258
kreis_03153,dep_hour_share_leisure_10,0.05107496728360441,0.03417401908,1.6900948203604411,2258
kreis_03153,dep_hour_share_leisure_11,0.044045616002991214,0.05916144904,-1.5115833037008788,2258
kreis_03153,dep_hour_share_leisure_12,0.04557861282482707,0.08092315418,-3.5344541355172927,2258
kreis_03153,dep_hour_share_leisure_13,0.050607590203776406,0.06058897899,-0.9981388786223594,2258
kreis_03153,dep_hour_share_leisure_14,0.07915498223967096,0.09461195817,-1.5456975930329033,2258
kreis_03153,dep_hour_share_leisure_15,0.10085997382688353,0.1225532912,-2.169331737311647,2258
kreis_03153,dep_hour_share_leisure_16,0.12735090671153487,0.09253483615,3.481607056153488,2258
kreis_03153,dep_hour_share_leisure_17,0.11568517479902786,0.09274307075,2.2942104049027856,2258
kreis_03153,dep_hour_share_leisure_18,0.1016638624041877,0.1140735686,-1.240970619581229,2258
kreis_03153,dep_hour_share_leisure_19,0.05791736773228641,0.05972580881,-0.18084410777135934,2258
kreis_03153,dep_hour_share_leisure_20,0.022265844083006168,0.02933975379,-0.7073909706993832,2258
kreis_03153,dep_hour_share_leisure_21,0.013946532062067677,0.01128810366,0.2658428402067677,2258
kreis_03153,dep_hour_share_leisure_22,0.013236118900729107,0.001770099209,1.1466019691729108,2258
kreis_03153,dep_hour_share_leisure_23,0.0035333707234997194,0.0005879270829,0.2945443640599719,2258
kreis_03153,dep_hour_share_leisure_4,0.0006917180781454477,0.0,0.06917180781454477,2258
kreis_03153,dep_hour_share_leisure_5,0.003944662553748364,0.005110367107,-0.11657045532516364,2258
kreis_03153,dep_hour_share_leisure_6,0.01605907646289026,0.01739545402,-0.133637755710974,2258
kreis_03153,dep_hour_share_leisure_7,0.03122078893251075,0.02188765176,0.9333137172510747,2258
kreis_03153,dep_hour_share_leisure_8,0.053094036268461396,0.05173752422,0.13565120484613988,2258
kreis_03153,dep_hour_share_leisure_9,0.06274069919611142,0.04720474733,1.5535951866111417,2258
kreis_03153,dep_hour_share_other_10,0.08824649859943978,0.1315819366,-4.333543800056022,2258
kreis_03153,dep_hour_share_other_11,0.08094117647058824,0.1243874101,-4.344623362941176,2258
kreis_03153,dep_hour_share_other_12,0.06659943977591036,0.04761661363,1.898282614591036,2258
kreis_03153,dep_hour_share_other_13,0.07825210084033614,0.04756339058,3.0688710260336136,2258
kreis_03153,dep_hour_share_other_14,0.09180952380952381,0.05589018401,3.591933979952381,2258
kreis_03153,dep_hour_share_other_15,0.08313725490196078,0.1165910289,-3.3453773998039225,2258
kreis_03153,dep_hour_share_other_16,0.0836078431372549,0.07428514028,0.9322702857254908,2258
kreis_03153,dep_hour_share_other_17,0.055417366946778714,0.0408020817,1.4615285246778713,2258
kreis_03153,dep_hour_share_other_18,0.04338375350140056,0.02317033488,2.021341862140056,2258
kreis_03153,dep_hour_share_other_19,0.025254901960784313,0.005202427901,2.0052474059784315,2258
kreis_03153,dep_hour_share_other_20,0.011607843137254902,0.004642196308,0.6965646829254901,2258
kreis_03153,dep_hour_share_other_21,0.008941176470588235,0.0007686538478,0.8172522622788235,2258
kreis_03153,dep_hour_share_other_22,0.004997198879551821,0.004482402718,0.05147961615518211,2258
kreis_03153,dep_hour_share_other_23,0.003719887955182073,0.0,0.3719887955182073,2258
kreis_03153,dep_hour_share_other_4,0.0016134453781512605,0.0,0.16134453781512606,2258
kreis_03153,dep_hour_share_other_5,0.000896358543417367,0.001831961841,-0.0935603297582633,2258
kreis_03153,dep_hour_share_other_6,0.014184873949579832,0.01387558487,0.030928907957983136,2258
kreis_03153,dep_hour_share_other_7,0.06563585434173669,0.06244021599,0.31956383517366893,2258
kreis_03153,dep_hour_share_other_8,0.08820168067226891,0.09131337718,-0.31116965077310904,2258
kreis_03153,dep_hour_share_other_9,0.09759103641456583,0.1518387067,-5.424767028543416,2258
kreis_03153,dep_hour_share_shop_10,0.11587694375706474,0.1114345698,0.44423739570647464,2258
kreis_03153,dep_hour_share_shop_11,0.08859560687990713,0.1205447312,-3.194912432009288,2258
kreis_03153,dep_hour_share_shop_12,0.08312711942076803,0.06155905795,2.1568061470768027,2258
kreis_03153,dep_hour_share_shop_13,0.06308618214034765,0.07150650735,-0.8420325209652344,2258
kreis_03153,dep_hour_share_shop_14,0.09519445208199676,0.07546879174,1.9725660341996756,2258
kreis_03153,dep_hour_share_shop_15,0.08981761525066446,0.1028407695,-1.3023154249335533,2258
kreis_03153,dep_hour_share_shop_16,0.087740201020377,0.08042503588,0.7315165140377,2258
kreis_03153,dep_hour_share_shop_17,0.06714935997311582,0.08674251959,-1.9593159616884182,2258
kreis_03153,dep_hour_share_shop_18,0.05065224696789173,0.04028822953,1.0364017437891733,2258
kreis_03153,dep_hour_share_shop_19,0.012128433079766597,0.03724363878,-2.51152057002334,2258
kreis_03153,dep_hour_share_shop_20,0.0033910732288516174,0.0,0.33910732288516177,2258
kreis_03153,dep_hour_share_shop_21,0.0005804539761097363,0.004366195127,-0.37857411508902633,2258
kreis_03153,dep_hour_share_shop_22,0.0004277029297650689,0.0,0.04277029297650689,2258
kreis_03153,dep_hour_share_shop_23,9.165062780680047e-05,0.0,0.009165062780680048,2258
kreis_03153,dep_hour_share_shop_4,6.110041853786698e-05,0.0,0.0061100418537866985,2258
kreis_03153,dep_hour_share_shop_5,0.0010692573244126722,0.0002299281066,0.08393292178126721,2258
kreis_03153,dep_hour_share_shop_6,0.01225063391684233,0.005074628411,0.717600550584233,2258
kreis_03153,dep_hour_share_shop_7,0.036324198820761926,0.03182600542,0.44981934007619284,2258
kreis_03153,dep_hour_share_shop_8,0.07035713194635383,0.06811076243,0.22463695163538328,2258
kreis_03153,dep_hour_share_shop_9,0.12116212996059023,0.1023386292,1.8823500760590224,2258
kreis_03153,dep_hour_share_work_10,0.03199651091330809,0.02437427258,0.7622238333308089,2258
kreis_03153,dep_hour_share_work_11,0.02973653430604841,0.03661008216,-0.687354785395159,2258
kreis_03153,dep_hour_share_work_12,0.03596138215411455,0.04602808941,-1.0066707255885452,2258
kreis_03153,dep_hour_share_work_13,0.04720179212180085,0.05766791802,-1.0466125898199155,2258
kreis_03153,dep_hour_share_work_14,0.022104157167495985,0.03265190864,-1.0547751472504012,2258
kreis_03153,dep_hour_share_work_15,0.019586463929583887,0.01129233743,0.8294126499583887,2258
kreis_03153,dep_hour_share_work_16,0.012310925202704041,0.006334458875,0.5976466327704042,2258
kreis_03153,dep_hour_share_work_17,0.010407787007116944,0.01017416613,0.023362087711694367,2258
kreis_03153,dep_hour_share_work_18,0.0058481850801895205,0.001251459409,0.459672567118952,2258
kreis_03153,dep_hour_share_work_19,0.002735761156156454,0.000786676141,0.1949085015156454,2258
kreis_03153,dep_hour_share_work_20,0.0038459251035822613,0.00324327462,0.06026504835822612,2258
kreis_03153,dep_hour_share_work_21,0.005887833792597585,0.0002235143361,0.5664319456497585,2258
kreis_03153,dep_hour_share_work_22,0.0008722716729774201,0.003094140279,-0.22218686060225804,2258
kreis_03153,dep_hour_share_work_23,0.0005550819737129036,0.0,0.05550819737129036,2258
kreis_03153,dep_hour_share_work_4,0.03104494181551454,0.01567304025,1.537190156551454,2258
kreis_03153,dep_hour_share_work_5,0.11472354935273477,0.1217105363,-0.6986986947265239,2258
kreis_03153,dep_hour_share_work_6,0.21870229764288404,0.1891580527,2.9544244942884044,2258
kreis_03153,dep_hour_share_work_7,0.2296056935551018,0.3056586603,-7.60529667448982,2258
kreis_03153,dep_hour_share_work_8,0.1165870388359138,0.1036869266,1.2900112235913794,2258
kreis_03153,dep_hour_share_work_9,0.04708284598457665,0.02845216693,1.8630679054576647,2258
kreis_03153,mean_work_activity_h,5.650405955334988,6.466280458,-0.8158745026650118,2258
kreis_03153,mobility_rate,0.8261932178694804,0.8323700116,-0.6176793730519603,2258
kreis_03153,n_persons_unweighted,127659.0,2258.0,125401.0,2258
kreis_03153,n_persons_weighted,127659.0,95795.0,31864.0,2258
kreis_03153,n_work_activities_measured,50375.0,826.0,49549.0,2258
kreis_03153,nonhome_acts_per_mobile,2.13967820538347,2.220014823,-0.08033661761652988,2258
kreis_03153,participation_education,0.13515694153957025,0.145628591,-1.047164946042975,2258
kreis_03153,participation_escort,0.11612968925026829,0.120012767,-0.388307774973172,2258
kreis_03153,participation_home,0.8261932178694804,0.8247719592,0.14212586694803964,2258
kreis_03153,participation_leisure,0.3223509505792776,0.3479370237,-2.558607312072242,2258
kreis_03153,participation_other,0.2590181655817451,0.1980244057,6.099375988174513,2258
kreis_03153,participation_shop,0.21569963731503458,0.2808092782,-6.510964088496543,2258
kreis_03153,participation_work,0.30944939252226633,0.3284658498,-1.9016457277733656,2258
kreis_03153,purpose_share_education,0.05679713160475506,0.05007344776,0.6723683844755058,2258
kreis_03153,purpose_share_escort,0.0583511916189725,0.06229541015,-0.3944218531027499,2258
kreis_03153,purpose_share_home,0.4145059438255302,0.4189974931,-0.44915492744698193,2258
kreis_03153,purpose_share_leisure,0.13877574317277308,0.1540440778,-1.5268334627226932,2258
kreis_03153,purpose_share_other,0.11577617384716767,0.08123393901,3.454223483716766,2258
kreis_03153,purpose_share_shop,0.08492328288043337,0.1102021466,-2.527886371956663,2258
kreis_03153,purpose_share_work,0.13087053305036814,0.1231534856,0.7717047450368136,2258
kreis_03153,share_mobile_first_from_home,1.0,0.9822715632,1.7728436800000025,2258
kreis_03153,share_mobile_last_to_home,1.0,0.9834002883,1.6599711699999964,2258
kreis_03153,share_mobile_odd_trip_count,0.2945074949512188,0.2276124655,6.68950294512188,2258
kreis_03153,share_trips_0,0.1738067821305196,0.1676299884,0.6176793730519575,2258
kreis_03153,share_trips_1,0.0010340046530209386,0.002313128098,-0.12791234449790612,2258
kreis_03153,share_trips_2,0.3294714826216718,0.3282780951,0.1193387521671807,2258
kreis_03153,share_trips_3,0.1167015251568632,0.08590477545,3.0796749706863205,2258
kreis_03153,share_trips_4,0.16016888742666008,0.194497228,-3.4328340573339915,2258
kreis_03153,share_trips_5,0.08568138556623504,0.05496935306,3.0712032506235047,2258
kreis_03153,share_trips_6,0.06434328954480295,0.07146337992,-0.712009037519705,2258
kreis_03153,share_trips_7,0.027761458259895504,0.03608694801,-0.8325489750104498,2258
kreis_03153,share_trips_8plus,0.041031184640330884,0.058857104,-1.7825919359669116,2258
kreis_03153,share_trips_followed_by_same_purpose,0.10630393159022629,0.04814703654,5.815689505022629,2258
kreis_03153,share_trips_home_based,0.8030806191333586,0.8371207738,-3.4040154666641453,2258
kreis_03153,share_trips_unknown_purpose,0.0,0.0006905355139,-0.06905355139,2258
kreis_03153,share_work_activities_lt_2h,0.20500248138957816,0.1135096853,9.149279608957816,2258
kreis_03153,tours_per_mobile,1.5148050174929601,1.599090611,-0.0842855935070399,2258
kreis_03153,trips_per_mobile_person,3.6544832228764306,3.819105434,-0.16462221112356934,2258
kreis_03153,trips_per_person,3.0193092535583075,3.178908834,-0.15959958044169253,2258
kreis_03153,trips_per_person_education,0.17148810502980597,0.1590690068,0.01241909822980597,2258
kreis_03153,trips_per_person_escort,0.17618029281131764,0.1978946819,-0.021714389088682368,2258
kreis_03153,trips_per_person_home,1.2515216318473432,1.33103507,-0.07951343815265677,2258
kreis_03153,trips_per_person_leisure,0.41900688553098486,0.48935393,-0.07034704446901513,2258
kreis_03153,trips_per_person_other,0.34956407303832865,0.2580569657,0.09150710733832867,2258
kreis_03153,trips_per_person_shop,0.2564096538434423,0.3500806672,-0.0936710133565577,2258
kreis_03153,trips_per_person_work,0.3951386114570849,0.3912233631,0.0039152483570848995,2258
kreis_03154,dep_hour_share_all_10,0.048323091063093584,0.06207068411,-1.374759304690642,1761
kreis_03154,dep_hour_share_all_11,0.05252212150155887,0.05855026925,-0.6028147748441133,1761
kreis_03154,dep_hour_share_all_12,0.05917929679756348,0.06244773228,-0.32684354824365214,1761
kreis_03154,dep_hour_share_all_13,0.06631945070194092,0.07161385978,-0.5294409078059072,1761
kreis_03154,dep_hour_share_all_14,0.0737371370902341,0.07427548446,-0.053834736976589304,1761
kreis_03154,dep_hour_share_all_15,0.0865000270323848,0.09545626666,-0.8956239627615201,1761
kreis_03154,dep_hour_share_all_16,0.08842112851195733,0.1002803984,-1.1859269888042672,1761
kreis_03154,dep_hour_share_all_17,0.07685847645479284,0.0682875799,0.8570896554792831,1761
kreis_03154,dep_hour_share_all_18,0.0637711978950783,0.06295902495,0.08121729450783072,1761
kreis_03154,dep_hour_share_all_19,0.039402404080087945,0.0319258347,0.7476569380087943,1761
kreis_03154,dep_hour_share_all_20,0.02882012651156085,0.02363699647,0.5183130041560849,1761
kreis_03154,dep_hour_share_all_21,0.02008325974517472,0.01439045814,0.569280160517472,1761
kreis_03154,dep_hour_share_all_22,0.014107300546054172,0.005699764231,0.8407536315054173,1761
kreis_03154,dep_hour_share_all_23,0.006516606895060282,0.002423430965,0.4093175930060282,1761
kreis_03154,dep_hour_share_all_4,0.0038097640973886716,0.003195060167,0.06147039303886714,1761
kreis_03154,dep_hour_share_all_5,0.01705923696588513,0.01307586481,0.398337215588513,1761
kreis_03154,dep_hour_share_all_6,0.04661464434392402,0.03685247029,0.9762174053924016,1761
kreis_03154,dep_hour_share_all_7,0.08574312025806917,0.1043748671,-1.8631746841930834,1761
kreis_03154,dep_hour_share_all_8,0.05894862044729586,0.06215595232,-0.3207331872704139,1761
kreis_03154,dep_hour_share_all_9,0.05303393465371515,0.04393311096,0.9100823693715149,1761
kreis_03154,dep_hour_share_education_10,0.01497822931785196,0.003979768808,1.099846050985196,1761
kreis_03154,dep_hour_share_education_11,0.017010159651669087,0.006089696943,1.0920462708669088,1761
kreis_03154,dep_hour_share_education_12,0.020609579100145138,0.01314888278,0.7460696320145139,1761
kreis_03154,dep_hour_share_education_13,0.03076923076923077,0.002655089981,2.811414078823077,1761
kreis_03154,dep_hour_share_education_14,0.026705370101596515,0.03264672969,-0.5941359588403485,1761
kreis_03154,dep_hour_share_education_15,0.031001451378809868,0.005156528215,2.5844923163809868,1761
kreis_03154,dep_hour_share_education_16,0.01660377358490566,0.01384157015,0.2762203434905661,1761
kreis_03154,dep_hour_share_education_17,0.010101596516690856,0.01182236213,-0.1720765613309144,1761
kreis_03154,dep_hour_share_education_18,0.007431059506531204,0.006968813771,0.04622457355312046,1761
kreis_03154,dep_hour_share_education_19,0.007140783744557329,0.001437982093,0.570280165155733,1761
kreis_03154,dep_hour_share_education_20,0.00029027576197387516,0.0,0.029027576197387515,1761
kreis_03154,dep_hour_share_education_21,0.00023222060957910014,0.0,0.023222060957910014,1761
kreis_03154,dep_hour_share_education_22,0.00011611030478955007,0.0,0.011611030478955007,1761
kreis_03154,dep_hour_share_education_23,0.0,0.0,0.0,1761
kreis_03154,dep_hour_share_education_4,0.00029027576197387516,0.0,0.029027576197387515,1761
kreis_03154,dep_hour_share_education_5,0.003251088534107402,0.0,0.3251088534107402,1761
kreis_03154,dep_hour_share_education_6,0.17799709724238025,0.1040818782,7.391521904238024,1761
kreis_03154,dep_hour_share_education_7,0.47158200290275765,0.6825804706,-21.09984676972424,1761
kreis_03154,dep_hour_share_education_8,0.12574746008708274,0.09882488457,2.6922575517082743,1761
kreis_03154,dep_hour_share_education_9,0.03796806966618287,0.01676534205,2.1202727616182875,1761
kreis_03154,dep_hour_share_escort_10,0.021164021164021163,0.0008394805377,2.0324540626321164,1761
kreis_03154,dep_hour_share_escort_11,0.03195217480931767,0.03305299812,-0.11008233106823348,1761
kreis_03154,dep_hour_share_escort_12,0.06349206349206349,0.02678571647,3.670634702206349,1761
kreis_03154,dep_hour_share_escort_13,0.0676149247577819,0.08540865615,-1.7793731392218097,1761
kreis_03154,dep_hour_share_escort_14,0.1330309901738473,0.159562714,-2.653172382615268,1761
kreis_03154,dep_hour_share_escort_15,0.11990654847797705,0.1445334976,-2.462694912202296,1761
kreis_03154,dep_hour_share_escort_16,0.07579193293479007,0.05945111565,1.6340817284790075,1761
kreis_03154,dep_hour_share_escort_17,0.05881948739091596,0.07232574487,-1.3506257479084036,1761
kreis_03154,dep_hour_share_escort_18,0.04267161410018553,0.04177022239,0.09013917101855298,1761
kreis_03154,dep_hour_share_escort_19,0.01841544698687556,0.02122784937,-0.28124023831244405,1761
kreis_03154,dep_hour_share_escort_20,0.006459149316292174,0.01315893533,-0.6699786013707826,1761
kreis_03154,dep_hour_share_escort_21,0.007283721569435855,0.0,0.7283721569435855,1761
kreis_03154,dep_hour_share_escort_22,0.0022675736961451248,0.0,0.22675736961451248,1761
kreis_03154,dep_hour_share_escort_23,0.001924001924001924,0.0,0.1924001924001924,1761
kreis_03154,dep_hour_share_escort_4,0.0008932866075723219,0.0,0.08932866075723218,1761
kreis_03154,dep_hour_share_escort_5,0.0016491445062873633,0.0007529550837,0.08961894225873633,1761
kreis_03154,dep_hour_share_escort_6,0.04274032845461417,0.01834383594,2.4396492514614168,1761
kreis_03154,dep_hour_share_escort_7,0.17501546072974644,0.1984839152,-2.346845447025356,1761
kreis_03154,dep_hour_share_escort_8,0.08788565931423074,0.1134303427,-2.5544683385769265,1761
kreis_03154,dep_hour_share_escort_9,0.036487322201607914,0.01087202053,2.5615301671607913,1761
kreis_03154,dep_hour_share_home_10,0.03539799890279265,0.04492175025,-0.952375134720735,1761
kreis_03154,dep_hour_share_home_11,0.053632540035006136,0.06234447055,-0.8711930514993866,1761
kreis_03154,dep_hour_share_home_12,0.07048250999242404,0.07492357487,-0.4441064877575951,1761
kreis_03154,dep_hour_share_home_13,0.0810191837125665,0.09078154704,-0.9762363327433493,1761
kreis_03154,dep_hour_share_home_14,0.08411052187012896,0.07089193347,1.321858840012896,1761
kreis_03154,dep_hour_share_home_15,0.1026063028466435,0.1238723366,-2.126603375335649,1761
kreis_03154,dep_hour_share_home_16,0.10831874744202652,0.1228347913,-1.4516043857973475,1761
kreis_03154,dep_hour_share_home_17,0.1021099471424715,0.0814453777,2.06645694424715,1761
kreis_03154,dep_hour_share_home_18,0.0908679258427162,0.08995911956,0.09088062827162097,1761
kreis_03154,dep_hour_share_home_19,0.058186821320654496,0.0485103465,0.9676474820654493,1761
kreis_03154,dep_hour_share_home_20,0.052648536621472175,0.04397725021,0.8671286411472177,1761
kreis_03154,dep_hour_share_home_21,0.038019105340613216,0.02563765668,1.2381448660613217,1761
kreis_03154,dep_hour_share_home_22,0.028710258888685704,0.01282509798,1.5885160908685705,1761
kreis_03154,dep_hour_share_home_23,0.013776047789475518,0.005606254156,0.8169793633475517,1761
kreis_03154,dep_hour_share_home_4,7.837195329031584e-05,0.0006030866858,-0.05247147325096841,1761
kreis_03154,dep_hour_share_home_5,0.0007837195329031583,0.00266922052,-0.18855009870968417,1761
kreis_03154,dep_hour_share_home_6,0.0021944146921288434,0.008493714497,-0.6299299804871156,1761
kreis_03154,dep_hour_share_home_7,0.009726830202809199,0.02114835001,-1.14215198071908,1761
kreis_03154,dep_hour_share_home_8,0.019784564208399733,0.04138234612,-2.159778191160027,1761
kreis_03154,dep_hour_share_home_9,0.030408317876642544,0.02587608931,0.45322285666425444,1761
kreis_03154,dep_hour_share_leisure_10,0.04551430688690747,0.07536460558,-2.9850298693092525,1761
kreis_03154,dep_hour_share_leisure_11,0.0401835871202161,0.04516560624,-0.49820191197839025,1761
kreis_03154,dep_hour_share_leisure_12,0.04945856142280018,0.04981854766,-0.0359986237199815,1761
kreis_03154,dep_hour_share_leisure_13,0.05768173451581288,0.03621516808,2.146656643581288,1761
kreis_03154,dep_hour_share_leisure_14,0.07814404895656539,0.09255633098,-1.4412282023434613,1761
kreis_03154,dep_hour_share_leisure_15,0.1052040255300839,0.1058846696,-0.06806440699160948,1761
kreis_03154,dep_hour_share_leisure_16,0.13898118710109245,0.1550299239,-1.604873679890756,1761
kreis_03154,dep_hour_share_leisure_17,0.1178734491908302,0.1215240792,-0.3650630009169792,1761
kreis_03154,dep_hour_share_leisure_18,0.09851074510553869,0.0980332311,0.047751400553867895,1761
kreis_03154,dep_hour_share_leisure_19,0.06191284392704324,0.0421005409,1.9812303027043245,1761
kreis_03154,dep_hour_share_leisure_20,0.02923529271149571,0.008369642156,2.086565055549571,1761
kreis_03154,dep_hour_share_leisure_21,0.014844739798723496,0.005249754289,0.9594985509723496,1761
kreis_03154,dep_hour_share_leisure_22,0.010063825209762628,0.0008060443813,0.9257780828462627,1761
kreis_03154,dep_hour_share_leisure_23,0.0024860755862596514,0.0002329302224,0.22531453638596513,1761
kreis_03154,dep_hour_share_leisure_4,0.0004541868859512825,0.001727608706,-0.12734218200487177,1761
kreis_03154,dep_hour_share_leisure_5,0.0037291133793894773,0.003396528557,0.033258482238947715,1761
kreis_03154,dep_hour_share_leisure_6,0.01647025075897019,0.01623190741,0.023834334897019152,1761
kreis_03154,dep_hour_share_leisure_7,0.025291038175602992,0.02907391021,-0.3782872034397009,1761
kreis_03154,dep_hour_share_leisure_8,0.041211483756842686,0.05683768705,-1.5626203293157317,1761
kreis_03154,dep_hour_share_leisure_9,0.05880524944421868,0.05593859604,0.28666534042186764,1761
kreis_03154,dep_hour_share_other_10,0.0891740074045704,0.1168359878,-2.7661980395429593,1761
kreis_03154,dep_hour_share_other_11,0.08786544108259926,0.1256523253,-3.7786884217400742,1761
kreis_03154,dep_hour_share_other_12,0.0699923400995787,0.04594481099,2.4047529109578707,1761
kreis_03154,dep_hour_share_other_13,0.07755649176560704,0.1219334212,-4.437692943439296,1761
kreis_03154,dep_hour_share_other_14,0.08808885484488702,0.1058910885,-1.7802233655112978,1761
kreis_03154,dep_hour_share_other_15,0.08170560449380825,0.08328690462,-0.15813001261917592,1761
kreis_03154,dep_hour_share_other_16,0.07851397931826887,0.05241096696,2.6103012358268867,1761
kreis_03154,dep_hour_share_other_17,0.05952380952380952,0.02649349131,3.303031821380952,1761
kreis_03154,dep_hour_share_other_18,0.04248053108642921,0.02205314131,2.0427389776429212,1761
kreis_03154,dep_hour_share_other_19,0.025756415166602833,0.02202918232,0.37272328466028337,1761
kreis_03154,dep_hour_share_other_20,0.01219200817056045,0.003557888283,0.863411988756045,1761
kreis_03154,dep_hour_share_other_21,0.00871313672922252,0.0,0.871313672922252,1761
kreis_03154,dep_hour_share_other_22,0.0042448614834673815,0.001193481369,0.30513801144673813,1761
kreis_03154,dep_hour_share_other_23,0.0018511426018128431,0.0,0.18511426018128432,1761
kreis_03154,dep_hour_share_other_4,0.0015319800842589046,0.0,0.15319800842589046,1761
kreis_03154,dep_hour_share_other_5,0.0026171326439422956,0.009020004278,-0.6402871634057704,1761
kreis_03154,dep_hour_share_other_6,0.015287884590833653,0.01720896226,-0.1921077669166346,1761
kreis_03154,dep_hour_share_other_7,0.06297076471339207,0.04298486993,1.9985894783392064,1761
kreis_03154,dep_hour_share_other_8,0.08633346099834036,0.07866410799,0.766935300834036,1761
kreis_03154,dep_hour_share_other_9,0.09772756287501595,0.1248393656,-2.711180272498405,1761
kreis_03154,dep_hour_share_shop_10,0.125776060435028,0.1601016876,-3.432562716497198,1761
kreis_03154,dep_hour_share_shop_11,0.09629661789606217,0.08107734514,1.5219272756062163,1761
kreis_03154,dep_hour_share_shop_12,0.07480571354144054,0.07510487905,-0.029916550855946245,1761
kreis_03154,dep_hour_share_shop_13,0.05787348586810229,0.06445719671,-0.6583710841897711,1761
kreis_03154,dep_hour_share_shop_14,0.07280857899535449,0.09063636929,-1.7827790294645514,1761
kreis_03154,dep_hour_share_shop_15,0.09812008856857553,0.09567766789,0.24424206785755298,1761
kreis_03154,dep_hour_share_shop_16,0.08709243259670907,0.122642756,-3.5550323403290935,1761
kreis_03154,dep_hour_share_shop_17,0.06499370468458299,0.06407174735,0.09219573345829873,1761
kreis_03154,dep_hour_share_shop_18,0.039551947206182436,0.03957267966,-0.002073245381756239,1761
kreis_03154,dep_hour_share_shop_19,0.015412668779577128,0.01306296914,0.23496996395771275,1761
kreis_03154,dep_hour_share_shop_20,0.004341596839317501,0.0008375024452,0.35040943941175007,1761
kreis_03154,dep_hour_share_shop_21,0.0013458950201884253,0.008402424389,-0.7056529368811574,1761
kreis_03154,dep_hour_share_shop_22,0.0006946554942908002,0.0,0.06946554942908002,1761
kreis_03154,dep_hour_share_shop_23,0.0004341596839317501,0.0,0.043415968393175006,1761
kreis_03154,dep_hour_share_shop_4,0.00017366387357270005,0.0,0.017366387357270006,1761
kreis_03154,dep_hour_share_shop_5,0.0011722311466157253,0.0,0.11722311466157254,1761
kreis_03154,dep_hour_share_shop_6,0.010029088698823426,0.01202395152,-0.1994862821176573,1761
kreis_03154,dep_hour_share_shop_7,0.03764164459688273,0.03905452015,-0.14128755531172682,1761
kreis_03154,dep_hour_share_shop_8,0.08231667607345981,0.05067274122,3.1643934853459816,1761
kreis_03154,dep_hour_share_shop_9,0.12686145964485737,0.0826035624,4.425789724485737,1761
kreis_03154,dep_hour_share_work_10,0.0341014091014091,0.02821033718,0.5891071921409103,1761
kreis_03154,dep_hour_share_work_11,0.02896165396165396,0.03649074971,-0.7529095748346037,1761
kreis_03154,dep_hour_share_work_12,0.030636405636405635,0.0691151671,-3.8478761463594364,1761
kreis_03154,dep_hour_share_work_13,0.0405982905982906,0.0547943844,-1.41960938017094,1761
kreis_03154,dep_hour_share_work_14,0.020125895125895125,0.01071592853,0.9409966595895125,1761
kreis_03154,dep_hour_share_work_15,0.020674520674520674,0.00778838231,1.2886138364520674,1761
kreis_03154,dep_hour_share_work_16,0.012243012243012243,0.007751212765,0.4491799478012243,1761
kreis_03154,dep_hour_share_work_17,0.007940632940632941,0.001631617885,0.630901505563294,1761
kreis_03154,dep_hour_share_work_18,0.004215754215754216,0.0004865293025,0.3729224913254216,1761
kreis_03154,dep_hour_share_work_19,0.0030896280896280898,0.0,0.308962808962809,1761
kreis_03154,dep_hour_share_work_20,0.004215754215754216,0.0211683322,-1.6952577984245785,1761
kreis_03154,dep_hour_share_work_21,0.004937629937629938,0.01350213162,-0.8564501682370061,1761
kreis_03154,dep_hour_share_work_22,0.0003465003465003465,0.0002381207411,0.01083796054003465,1761
kreis_03154,dep_hour_share_work_23,0.0007507507507507507,0.0,0.07507507507507508,1761
kreis_03154,dep_hour_share_work_4,0.02769115269115269,0.02197396525,0.5717187441152689,1761
kreis_03154,dep_hour_share_work_5,0.1241048741048741,0.08869688724,3.5407986864874106,1761
kreis_03154,dep_hour_share_work_6,0.21927696927696927,0.1780825382,4.1194431076969265,1761
kreis_03154,dep_hour_share_work_7,0.234003234003234,0.3047986337,-7.079539969676599,1761
kreis_03154,dep_hour_share_work_8,0.12453799953799954,0.1070376473,1.7500352237999548,1761
kreis_03154,dep_hour_share_work_9,0.045997920997921,0.0328678353,1.3130085697921,1761
kreis_03154,mean_work_activity_h,5.655479781926063,6.355170737,-0.6996909550739367,1761
kreis_03154,mobility_rate,0.838028479964676,0.8422844969,-0.42560169353239585,1761
kreis_03154,n_persons_unweighted,90590.0,1761.0,88829.0,1761
kreis_03154,n_persons_weighted,90590.0,55924.0,34666.0,1761
kreis_03154,n_work_activities_measured,34606.0,607.0,33999.0,1761
kreis_03154,nonhome_acts_per_mobile,2.141918147450505,2.168146457,-0.026228309549495066,1761
kreis_03154,participation_education,0.14904514847113368,0.1566083895,-0.7563241028866324,1761
kreis_03154,participation_escort,0.10363174743349156,0.1066033005,-0.29715530665084394,1761
kreis_03154,participation_home,0.838028479964676,0.8384272405,-0.039876053532394984,1761
kreis_03154,participation_leisure,0.36038194061154655,0.3832723827,-2.2890442088453478,1761
kreis_03154,participation_other,0.2531957169665526,0.1766926064,7.650311056655257,1761
kreis_03154,participation_shop,0.21357765757809913,0.2917111385,-7.81334809219009,1761
kreis_03154,participation_work,0.3005077823159289,0.3214259891,-2.091820678407108,1761
kreis_03154,purpose_share_education,0.062084377083746325,0.05299640443,0.9087972653746328,1761
kreis_03154,purpose_share_escort,0.05245363946007317,0.04975880244,0.2694837020073171,1761
kreis_03154,purpose_share_home,0.41390906305754294,0.4269593928,-1.3050329742457067,1761
kreis_03154,purpose_share_leisure,0.15077943376164646,0.1623001646,-1.1520730838353532,1761
kreis_03154,purpose_share_other,0.11293049072789202,0.06896078783,4.396970289789202,1761
kreis_03154,purpose_share_shop,0.0830182558705329,0.1179408427,-3.4922586829467113,1761
kreis_03154,purpose_share_work,0.1248247400385662,0.1210836052,0.3741134838566196,1761
kreis_03154,share_mobile_first_from_home,1.0,0.971415874,2.8584126000000043,1761
kreis_03154,share_mobile_last_to_home,1.0,0.9801030915,1.9896908500000032,1761
kreis_03154,share_mobile_odd_trip_count,0.2996298589248785,0.2300324463,6.959741262487848,1761
kreis_03154,share_trips_0,0.16197152003532397,0.1577155031,0.42560169353239863,1761
kreis_03154,share_trips_1,0.0008830996798763661,0.006616003335,-0.5732903655123633,1761
kreis_03154,share_trips_2,0.3148029583839276,0.3086377183,0.6165240083927603,1761
kreis_03154,share_trips_3,0.12466055856054752,0.08493575231,3.9724806250547515,1761
kreis_03154,share_trips_4,0.1864885748978916,0.2289717101,-4.248313520210839,1761
kreis_03154,share_trips_5,0.08875151782757479,0.05452956044,3.422195738757479,1761
kreis_03154,share_trips_6,0.05890274864775361,0.07674607943,-1.784333078224639,1761
kreis_03154,share_trips_7,0.025146263384479523,0.03869570917,-1.354944578552048,1761
kreis_03154,share_trips_8plus,0.03839275858262502,0.04315196375,-0.47592051673749847,1761
kreis_03154,share_trips_followed_by_same_purpose,0.10801420101281335,0.04074375061,6.727045040281335,1761
kreis_03154,share_trips_home_based,0.803845807277118,0.8514306391,-4.758483182288209,1761
kreis_03154,share_trips_unknown_purpose,0.0,0.0002245328896,-0.02245328896,1761
kreis_03154,share_work_activities_lt_2h,0.20406865861411316,0.1041750996,9.989355901411317,1761
kreis_03154,tours_per_mobile,1.5126651474636774,1.614803253,-0.10213810553632263,1761
kreis_03154,trips_per_mobile_person,3.6545832949141825,3.78294971,-0.12836641508581748,1761
kreis_03154,trips_per_person,3.0626448835412297,3.186319893,-0.12367500945877019,1761
kreis_03154,trips_per_person_education,0.19014239982338008,0.1688255823,0.021316817523380077,1761
kreis_03154,trips_per_person_escort,0.16064687051550944,0.158511863,0.002135007515509435,1761
kreis_03154,trips_per_person_home,1.267656474224528,1.360123746,-0.09246727177547198,1761
kreis_03154,trips_per_person_leisure,0.46178386135335026,0.5170241282,-0.05524026684664973,1761
kreis_03154,trips_per_person_other,0.3458659896235788,0.2196817933,0.12618419632357877,1761
kreis_03154,trips_per_person_shop,0.25425543658240424,0.3757128743,-0.12145743771759576,1761
kreis_03154,trips_per_person_work,0.3822938514184789,0.3857244727,-0.003430621281521107,1761
kreis_03157,dep_hour_share_all_10,0.04415458447640625,0.05040664724,-0.6252062763593746,2446
kreis_03157,dep_hour_share_all_11,0.04572291671190702,0.04791158955,-0.21886728380929796,2446
kreis_03157,dep_hour_share_all_12,0.059396360986649875,0.06730605092,-0.7909689933350124,2446
kreis_03157,dep_hour_share_all_13,0.06885461077613143,0.07105049827,-0.21958874938685646,2446
kreis_03157,dep_hour_share_all_14,0.0752196268334407,0.07151439576,0.3705231073440701,2446
kreis_03157,dep_hour_share_all_15,0.08957107319768466,0.09135650668,-0.17854334823153434,2446
kreis_03157,dep_hour_share_all_16,0.08856251492931647,0.09790233586,-0.9339820930683529,2446
kreis_03157,dep_hour_share_all_17,0.07723674337017708,0.09156566576,-1.4328922389822918,2446
kreis_03157,dep_hour_share_all_18,0.06086335483154905,0.06794690332,-0.7083548488450948,2446
kreis_03157,dep_hour_share_all_19,0.03930723145929695,0.03182552229,0.7481709169296955,2446
kreis_03157,dep_hour_share_all_20,0.027884947147203663,0.02120330303,0.6681644117203664,2446
kreis_03157,dep_hour_share_all_21,0.017558082581137065,0.0145336647,0.3024417881137064,2446
kreis_03157,dep_hour_share_all_22,0.013779608302992137,0.01135253815,0.24270701529921362,2446
kreis_03157,dep_hour_share_all_23,0.006618362033813243,0.0009784164261,0.5639945607713243,2446
kreis_03157,dep_hour_share_all_4,0.003961848508757326,0.002440058689,0.15217898197573257,2446
kreis_03157,dep_hour_share_all_5,0.017529128755250898,0.01403795215,0.34911766052508986,2446
kreis_03157,dep_hour_share_all_6,0.05056303127254477,0.03448410281,1.6078928462544773,2446
kreis_03157,dep_hour_share_all_7,0.09619184805032174,0.113090005,-1.689815694967825,2446
kreis_03157,dep_hour_share_all_8,0.058542223123007914,0.05639258685,0.21496362730079113,2446
kreis_03157,dep_hour_share_all_9,0.04740465143212861,0.04168325467,0.5721396762128607,2446
kreis_03157,dep_hour_share_education_10,0.01718081180811808,0.009375466,0.7805345808118079,2446
kreis_03157,dep_hour_share_education_11,0.02491512915129151,0.01515107299,0.9764056161291511,2446
kreis_03157,dep_hour_share_education_12,0.028693726937269372,0.01130645617,1.7387270767269374,2446
kreis_03157,dep_hour_share_education_13,0.034833948339483396,0.01753060144,1.7303346899483394,2446
kreis_03157,dep_hour_share_education_14,0.02647970479704797,0.01131181449,1.5167890307047969,2446
kreis_03157,dep_hour_share_education_15,0.03424354243542435,0.008302381617,2.594116081842435,2446
kreis_03157,dep_hour_share_education_16,0.018627306273062732,0.01153476899,0.7092537283062732,2446
kreis_03157,dep_hour_share_education_17,0.008501845018450185,0.01531026961,-0.6808424591549814,2446
kreis_03157,dep_hour_share_education_18,0.006642066420664207,0.006235166339,0.04069000816642066,2446
kreis_03157,dep_hour_share_education_19,0.008118081180811807,0.0,0.8118081180811807,2446
kreis_03157,dep_hour_share_education_20,0.00044280442804428045,0.001051387468,-0.06085830399557196,2446
kreis_03157,dep_hour_share_education_21,0.00035424354243542434,0.003428040294,-0.30737967515645753,2446
kreis_03157,dep_hour_share_education_22,5.904059040590406e-05,0.0,0.005904059040590406,2446
kreis_03157,dep_hour_share_education_23,5.904059040590406e-05,0.0,0.005904059040590406,2446
kreis_03157,dep_hour_share_education_4,0.0006494464944649446,0.0,0.06494464944649446,2446
kreis_03157,dep_hour_share_education_5,0.004634686346863468,0.0,0.46346863468634686,2446
kreis_03157,dep_hour_share_education_6,0.18432472324723248,0.08624550358,9.80792196672325,2446
kreis_03157,dep_hour_share_education_7,0.460309963099631,0.6836874772,-22.337751410036898,2446
kreis_03157,dep_hour_share_education_8,0.1067749077490775,0.1016171904,0.5157717349077495,2446
kreis_03157,dep_hour_share_education_9,0.033210332103321034,0.01791240341,1.5297928693321035,2446
kreis_03157,dep_hour_share_escort_10,0.0138939011187297,0.01643404262,-0.2540141501270299,2446
kreis_03157,dep_hour_share_escort_11,0.03153193792854565,0.0275608171,0.3971120828545654,2446
kreis_03157,dep_hour_share_escort_12,0.06220678455431252,0.05907865898,0.31281255743125236,2446
kreis_03157,dep_hour_share_escort_13,0.07461205341032118,0.1144842184,-3.9872164989678827,2446
kreis_03157,dep_hour_share_escort_14,0.1418260555756045,0.1086685359,3.3157519675604483,2446
kreis_03157,dep_hour_share_escort_15,0.1121436304583183,0.1051370628,0.7006567658318295,2446
kreis_03157,dep_hour_share_escort_16,0.07785997834716708,0.05356769621,2.429228213716708,2446
kreis_03157,dep_hour_share_escort_17,0.0566131360519668,0.06544904216,-0.8835906108033198,2446
kreis_03157,dep_hour_share_escort_18,0.04344099603031397,0.02445403048,1.898696555031397,2446
kreis_03157,dep_hour_share_escort_19,0.015292313244316132,0.01603934988,-0.07470366356838697,2446
kreis_03157,dep_hour_share_escort_20,0.006495849873691808,0.004554857828,0.19409920456918078,2446
kreis_03157,dep_hour_share_escort_21,0.005819198845182245,0.005955909995,-0.013671114981775485,2446
kreis_03157,dep_hour_share_escort_22,0.0031125947311439915,0.01087793846,-0.7765343728856009,2446
kreis_03157,dep_hour_share_escort_23,0.00202995308552869,0.0,0.202995308552869,2446
kreis_03157,dep_hour_share_escort_4,0.0005413208228076507,0.001677280153,-0.11359593301923493,2446
kreis_03157,dep_hour_share_escort_5,0.0024810537712017322,0.0,0.24810537712017322,2446
kreis_03157,dep_hour_share_escort_6,0.04123060267051606,0.02231280512,1.8917797550516056,2446
kreis_03157,dep_hour_share_escort_7,0.18107181522915916,0.2606590118,-7.958719657084084,2446
kreis_03157,dep_hour_share_escort_8,0.08967881631180079,0.09204885515,-0.23700388381992094,2446
kreis_03157,dep_hour_share_escort_9,0.032704799711295564,0.01103988698,2.1664912731295565,2446
kreis_03157,dep_hour_share_home_10,0.03411845202889979,0.03864134031,-0.4522888281100208,2446
kreis_03157,dep_hour_share_home_11,0.04796530169664498,0.04567262629,0.22926754066449825,2446
kreis_03157,dep_hour_share_home_12,0.07540966496190377,0.08891004988,-1.3500384918096229,2446
kreis_03157,dep_hour_share_home_13,0.08705307959039302,0.09304391983,-0.5990840239606985,2446
kreis_03157,dep_hour_share_home_14,0.08701248999756463,0.07927661311,0.7735876887564621,2446
kreis_03157,dep_hour_share_home_15,0.10849598163030999,0.113888281,-0.5392299369690003,2446
kreis_03157,dep_hour_share_home_16,0.10761460761460762,0.1149899722,-0.7375364585392383,2446
kreis_03157,dep_hour_share_home_17,0.09972862957937585,0.120698359,-2.0969729420624152,2446
kreis_03157,dep_hour_share_home_18,0.08646163123775064,0.09434014163,-0.7878510392249363,2446
kreis_03157,dep_hour_share_home_19,0.05842581961984947,0.04379358737,1.4632232249849468,2446
kreis_03157,dep_hour_share_home_20,0.05220401489058205,0.03840670697,1.379730792058205,2446
kreis_03157,dep_hour_share_home_21,0.033353048278421414,0.0246708772,0.8682171078421415,2446
kreis_03157,dep_hour_share_home_22,0.027212422734810796,0.02339576701,0.3816655724810797,2446
kreis_03157,dep_hour_share_home_23,0.013997611012536385,0.002119216066,1.1878394946536384,2446
kreis_03157,dep_hour_share_home_4,4.05895928283988e-05,0.0003567160325,-0.031612643967160126,2446
kreis_03157,dep_hour_share_home_5,0.0008523814493963748,0.003148970236,-0.22965887866036253,2446
kreis_03157,dep_hour_share_home_6,0.0023078082779575317,0.004829271289,-0.2521463011042468,2446
kreis_03157,dep_hour_share_home_7,0.011730392327407253,0.01461149749,-0.28811051625927464,2446
kreis_03157,dep_hour_share_home_8,0.020132438042885805,0.02807630003,-0.7943861987114196,2446
kreis_03157,dep_hour_share_home_9,0.02771689338853518,0.02642496843,0.12919249585351783,2446
kreis_03157,dep_hour_share_leisure_10,0.040989727675533945,0.04986634595,-0.8876618274466057,2446
kreis_03157,dep_hour_share_leisure_11,0.03436831012794769,0.04112018317,-0.6751873042052304,2446
kreis_03157,dep_hour_share_leisure_12,0.045404006040591444,0.04638918938,-0.09851833394085574,2446
kreis_03157,dep_hour_share_leisure_13,0.05950978277103835,0.06298794176,-0.34781589889616504,2446
kreis_03157,dep_hour_share_leisure_14,0.08815280704956936,0.07585839861,1.229440843956936,2446
kreis_03157,dep_hour_share_leisure_15,0.11153520635921606,0.1178422143,-0.630700794078394,2446
kreis_03157,dep_hour_share_leisure_16,0.14482483944307076,0.1507206765,-0.5895837056929254,2446
kreis_03157,dep_hour_share_leisure_17,0.1310675583730231,0.1236744464,0.7393111973023114,2446
kreis_03157,dep_hour_share_leisure_18,0.0966162730878375,0.1100027136,-1.3386440512162492,2446
kreis_03157,dep_hour_share_leisure_19,0.06038931943776033,0.06592465554,-0.553533610223967,2446
kreis_03157,dep_hour_share_leisure_20,0.023813870127283893,0.01873725732,0.5076612807283893,2446
kreis_03157,dep_hour_share_leisure_21,0.012562438805821537,0.01198286858,0.057957022582153656,2446
kreis_03157,dep_hour_share_leisure_22,0.010438274780530709,0.004309228184,0.6129046596530708,2446
kreis_03157,dep_hour_share_leisure_23,0.0016926932076536286,0.0004180202683,0.12746729393536285,2446
kreis_03157,dep_hour_share_leisure_4,0.0002489254717137689,0.0,0.02489254717137689,2446
kreis_03157,dep_hour_share_leisure_5,0.0027381801888514577,0.00504694818,-0.23087679911485423,2446
kreis_03157,dep_hour_share_leisure_6,0.01672779169916527,0.0113036418,0.5424149899165269,2446
kreis_03157,dep_hour_share_leisure_7,0.02553975339783269,0.02065448715,0.48852662478326875,2446
kreis_03157,dep_hour_share_leisure_8,0.042035214656731774,0.03447851003,0.7556704626731775,2446
kreis_03157,dep_hour_share_leisure_9,0.04752817006588227,0.04677948641,0.07486836558822721,2446
kreis_03157,dep_hour_share_other_10,0.08369113653770278,0.1521518314,-6.8460694862297204,2446
kreis_03157,dep_hour_share_other_11,0.07535915705433194,0.1007628704,-2.5403713345668057,2446
kreis_03157,dep_hour_share_other_12,0.06445099449950101,0.06561377344,-0.11627789404989874,2446
kreis_03157,dep_hour_share_other_13,0.07976883978926358,0.04204706984,3.772176994926358,2446
kreis_03157,dep_hour_share_other_14,0.07651959987931395,0.1123311418,-3.5811541920686056,2446
kreis_03157,dep_hour_share_other_15,0.09083946433959199,0.07287010809,1.7969356249591992,2446
kreis_03157,dep_hour_share_other_16,0.08403926938519739,0.1080794917,-2.4040222314802615,2446
kreis_03157,dep_hour_share_other_17,0.06482233620349526,0.0736993369,-0.8877000696504739,2446
kreis_03157,dep_hour_share_other_18,0.04138139113885859,0.01983697873,2.1544412408858586,2446
kreis_03157,dep_hour_share_other_19,0.0332582913639845,0.006493111688,2.67651796759845,2446
kreis_03157,dep_hour_share_other_20,0.013577181052289554,0.003512883071,1.0064297981289554,2446
kreis_03157,dep_hour_share_other_21,0.009144289460858263,0.001318428024,0.7825861436858264,2446
kreis_03157,dep_hour_share_other_22,0.005384454707916541,0.0,0.5384454707916541,2446
kreis_03157,dep_hour_share_other_23,0.002993942488453594,0.0,0.29939424884535937,2446
kreis_03157,dep_hour_share_other_4,0.0014621579594773365,0.0,0.14621579594773365,2446
kreis_03157,dep_hour_share_other_5,0.0037598347529417225,0.0,0.37598347529417225,2446
kreis_03157,dep_hour_share_other_6,0.018288578921716526,0.006424926355,1.1863652566716527,2446
kreis_03157,dep_hour_share_other_7,0.06312808967902152,0.04588633064,1.7241759039021518,2446
kreis_03157,dep_hour_share_other_8,0.08863462297212617,0.101739951,-1.3105328027873828,2446
kreis_03157,dep_hour_share_other_9,0.09039849606609883,0.08723176686,0.31667292060988256,2446
kreis_03157,dep_hour_share_shop_10,0.12943193581780538,0.09878747672,3.064445909780537,2446
kreis_03157,dep_hour_share_shop_11,0.08330098343685301,0.08513403848,-0.1833055043146986,2446
kreis_03157,dep_hour_share_shop_12,0.07165502070393374,0.1066141196,-3.495909889606626,2446
kreis_03157,dep_hour_share_shop_13,0.05777691511387163,0.05232446615,0.5452448963871634,2446
kreis_03157,dep_hour_share_shop_14,0.07708980331262939,0.08709761272,-1.0007809407370603,2446
kreis_03157,dep_hour_share_shop_15,0.10335791925465838,0.1078695233,-0.4511604045341622,2446
kreis_03157,dep_hour_share_shop_16,0.0921001552795031,0.1170282527,-2.4928097420496895,2446
kreis_03157,dep_hour_share_shop_17,0.07081392339544514,0.08633566781,-1.5521744414554868,2446
kreis_03157,dep_hour_share_shop_18,0.04241071428571429,0.04407355299,-0.1662838704285713,2446
kreis_03157,dep_hour_share_shop_19,0.012487060041407868,0.007665948329,0.48211117124078684,2446
kreis_03157,dep_hour_share_shop_20,0.003299689440993789,0.006720398303,-0.3420708862006211,2446
kreis_03157,dep_hour_share_shop_21,0.0016498447204968945,0.0,0.16498447204968944,2446
kreis_03157,dep_hour_share_shop_22,0.0010028467908902692,0.0,0.10028467908902693,2446
kreis_03157,dep_hour_share_shop_23,0.00038819875776397513,0.0,0.03881987577639751,2446
kreis_03157,dep_hour_share_shop_4,0.00012939958592132506,0.0,0.012939958592132506,2446
kreis_03157,dep_hour_share_shop_5,0.0011969461697722567,0.0,0.11969461697722568,2446
kreis_03157,dep_hour_share_shop_6,0.012066511387163562,0.004202694124,0.7863817263163563,2446
kreis_03157,dep_hour_share_shop_7,0.04351061076604555,0.02758049166,1.593011910604555,2446
kreis_03157,dep_hour_share_shop_8,0.07621635610766045,0.05805903282,1.8157323287660447,2446
kreis_03157,dep_hour_share_shop_9,0.11704192546583851,0.1105067242,0.6535201265838508,2446
kreis_03157,dep_hour_share_work_10,0.02803033234031029,0.03349005889,-0.5459726549689712,2446
kreis_03157,dep_hour_share_work_11,0.02402599914883739,0.03219821615,-0.817221700116261,2446
kreis_03157,dep_hour_share_work_12,0.029655279142647116,0.02400403544,0.5651243702647114,2446
kreis_03157,dep_hour_share_work_13,0.03638720160947112,0.04438396933,-0.7996767720528881,2446
kreis_03157,dep_hour_share_work_14,0.02197547104112663,0.01752233201,0.44531390311266306,2446
kreis_03157,dep_hour_share_work_15,0.0181065500831818,0.01002949914,0.80770509431818,2446
kreis_03157,dep_hour_share_work_16,0.011490695245096143,0.01039100778,0.10996874650961441,2446
kreis_03157,dep_hour_share_work_17,0.007525051263202693,0.0112437194,-0.3718668136797307,2446
kreis_03157,dep_hour_share_work_18,0.004062367005842071,0.01378795032,-0.972558331415793,2446
kreis_03157,dep_hour_share_work_19,0.002766278484930553,0.0,0.2766278484930553,2446
kreis_03157,dep_hour_share_work_20,0.005281077107594692,0.002694522053,0.2586555054594692,2446
kreis_03157,dep_hour_share_work_21,0.0035207180717297944,0.01089474319,-0.7374025118270205,2446
kreis_03157,dep_hour_share_work_22,0.001063953263434828,0.0,0.10639532634348281,2446
kreis_03157,dep_hour_share_work_23,0.0007544395867992417,0.0,0.07544395867992416,2446
kreis_03157,dep_hour_share_work_4,0.029384454675590976,0.01818388768,1.1200566995590977,2446
kreis_03157,dep_hour_share_work_5,0.12655240453437536,0.09817122256,2.8381181974375362,2446
kreis_03157,dep_hour_share_work_6,0.2172592563933919,0.1898237086,2.7435547793391883,2446
kreis_03157,dep_hour_share_work_7,0.24438039230858513,0.3243751272,-7.999473489141487,2446
kreis_03157,dep_hour_share_work_8,0.12531434982783302,0.119425894,0.5888455827833011,2446
kreis_03157,dep_hour_share_work_9,0.05106975664487175,0.03607658411,1.499317253487175,2446
kreis_03157,mean_work_activity_h,5.747335617366393,6.415477383,-0.6681417656336066,2446
kreis_03157,mobility_rate,0.8285113522305173,0.8212402024,0.7271149830517354,2446
kreis_03157,n_persons_unweighted,136493.0,2446.0,134047.0,2446
kreis_03157,n_persons_weighted,136493.0,104172.0,32321.0,2446
kreis_03157,n_work_activities_measured,51663.0,871.0,50792.0,2446
kreis_03157,nonhome_acts_per_mobile,2.1399200608386537,2.155588382,-0.0156683211613462,2446
kreis_03157,participation_education,0.19149699984614596,0.1901311055,0.13658943461459516,2446
kreis_03157,participation_escort,0.10275984849039878,0.1063565594,-0.3596710909601217,2446
kreis_03157,participation_home,0.8285113522305173,0.8137540321,1.4757320130517337,2446
kreis_03157,participation_leisure,0.34894829771490116,0.3722657309,-2.3317433185098824,2446
kreis_03157,participation_other,0.2313891554878272,0.1664957087,6.489344678782722,2446
kreis_03157,participation_shop,0.192713179430447,0.2322507851,-3.9537605669553,2446
kreis_03157,participation_work,0.303107119046398,0.3164269236,-1.3319804553602044,2446
kreis_03157,purpose_share_education,0.08173423765782852,0.06415113977,1.7583097887828512,2446
kreis_03157,purpose_share_escort,0.053487367687047746,0.05521754869,-0.17301810029522538,2446
kreis_03157,purpose_share_home,0.4161099087230639,0.430629673,-1.4519764276936076,2446
kreis_03157,purpose_share_leisure,0.14539404950621662,0.1663083762,-2.0914326693783374,2446
kreis_03157,purpose_share_other,0.10396112466311017,0.07017784179,3.3783282873110165,2446
kreis_03157,purpose_share_shop,0.07458505548276885,0.09305182129,-1.8466765807231154,2446
kreis_03157,purpose_share_work,0.1247282562799642,0.1204635993,0.42646569799641987,2446
kreis_03157,share_mobile_first_from_home,1.0,0.9810117436,1.8988256400000014,2446
kreis_03157,share_mobile_last_to_home,1.0,0.9814461412,1.8553858800000045,2446
kreis_03157,share_mobile_odd_trip_count,0.2821127283660223,0.2207371556,6.137557276602229,2446
kreis_03157,share_trips_0,0.1714886477694827,0.1787597976,-0.7271149830517298,2446
kreis_03157,share_trips_1,0.0009084714967067908,0.008836270712,-0.792779921529321,2446
kreis_03157,share_trips_2,0.32810473797191064,0.3141973457,1.3907392271910624,2446
kreis_03157,share_trips_3,0.10908251705215652,0.06668096858,4.240154847215652,2446
kreis_03157,share_trips_4,0.17172309202669733,0.2130226015,-4.129950947330266,2446
kreis_03157,share_trips_5,0.08736711772764903,0.06327543051,2.409168721764904,2446
kreis_03157,share_trips_6,0.06521213542086407,0.08170331607,-1.6491180649135933,2446
kreis_03157,share_trips_7,0.02655081212955976,0.02678843864,-0.02376265104402399,2446
kreis_03157,share_trips_8plus,0.03956246840497315,0.04673583062,-0.7173362215026853,2446
kreis_03157,share_trips_followed_by_same_purpose,0.09981107628609276,0.04319098711,5.662008917609276,2446
kreis_03157,share_trips_home_based,0.810516512125621,0.8605857712,-5.006925907437898,2446
kreis_03157,share_trips_unknown_purpose,0.0,0.0006487918246,-0.06487918245999999,2446
kreis_03157,share_work_activities_lt_2h,0.19091032266806032,0.1186540761,7.225624656806032,2446
kreis_03157,tours_per_mobile,1.5250163592310277,1.628471052,-0.10345469276897235,2446
kreis_03157,trips_per_mobile_person,3.6649364200696817,3.784059434,-0.11912301393031832,2446
kreis_03157,trips_per_person,3.036441429230803,3.107621736,-0.07118030676919718,2446
kreis_03157,trips_per_person_education,0.24818122541082693,0.1992281348,0.04895309061082692,2446
kreis_03157,trips_per_person_escort,0.16241125918545274,0.1714839249,-0.009072665714547262,2446
kreis_03157,trips_per_person_home,1.263493365960159,1.337365896,-0.07387253003984107,2446
kreis_03157,trips_per_person_leisure,0.44148051548431055,0.5164882138,-0.07500769831568943,2446
kreis_03157,trips_per_person_other,0.31567186595649593,0.217944694,0.09772717195649594,2446
kreis_03157,trips_per_person_shop,0.2264731524693574,0.2889822513,-0.0625090988306426,2446
kreis_03157,trips_per_person_work,0.37873004476420036,0.3741124209,0.0046176238642003375,2446
kreis_03158,dep_hour_share_all_10,0.04490183814869266,0.05515405448,-1.0252216331307338,1871
kreis_03158,dep_hour_share_all_11,0.04815900839066549,0.05128257631,-0.3123567919334512,1871
kreis_03158,dep_hour_share_all_12,0.060045107611164814,0.05721300189,0.2832105721164817,1871
kreis_03158,dep_hour_share_all_13,0.0655332905542063,0.07577047958,-1.0237189025793694,1871
kreis_03158,dep_hour_share_all_14,0.07296819453131134,0.06910079288,0.38674016513113446,1871
kreis_03158,dep_hour_share_all_15,0.08831994454958723,0.0945681824,-0.6248237850412772,1871
kreis_03158,dep_hour_share_all_16,0.09027208066302232,0.09813400199,-0.7861921326977674,1871
kreis_03158,dep_hour_share_all_17,0.07791216199751448,0.07468157096,0.32305910375144825,1871
kreis_03158,dep_hour_share_all_18,0.06441236912430044,0.06272519837,0.16871707543004433,1871
kreis_03158,dep_hour_share_all_19,0.04005804965086276,0.0362048663,0.3853183350862759,1871
kreis_03158,dep_hour_share_all_20,0.027069981778257916,0.02188639743,0.5183584348257917,1871
kreis_03158,dep_hour_share_all_21,0.019567389309008795,0.01357014316,0.5997246149008796,1871
kreis_03158,dep_hour_share_all_22,0.013678490492474393,0.006890193345,0.6788297147474393,1871
kreis_03158,dep_hour_share_all_23,0.006942131754296189,0.004613050967,0.2329080787296189,1871
kreis_03158,dep_hour_share_all_4,0.0038826119093840618,0.003629293392,0.025331851738406158,1871
kreis_03158,dep_hour_share_all_5,0.016188379781176643,0.01126620152,0.4922178261176644,1871
kreis_03158,dep_hour_share_all_6,0.04988912624986801,0.0406541143,0.9235011949868005,1871
kreis_03158,dep_hour_share_all_7,0.09015836399622028,0.1039640148,-1.3805650803779725,1871
kreis_03158,dep_hour_share_all_8,0.05817419768830261,0.06412901048,-0.5954812791697385,1871
kreis_03158,dep_hour_share_all_9,0.05067972783811079,0.05243075416,-0.17510263218892125,1871
kreis_03158,dep_hour_share_education_10,0.018102883355176933,0.002660874358,1.5442008997176933,1871
kreis_03158,dep_hour_share_education_11,0.032560615989515075,0.00987711508,2.2683500909515075,1871
kreis_03158,dep_hour_share_education_12,0.022976736566186106,0.00972202424,1.3254712326186107,1871
kreis_03158,dep_hour_share_education_13,0.02522935779816514,0.03807245213,-1.2843094331834857,1871
kreis_03158,dep_hour_share_education_14,0.021461336828309304,0.009916532512,1.1544804316309305,1871
kreis_03158,dep_hour_share_education_15,0.035099934469200525,0.02757460069,0.7525333779200526,1871
kreis_03158,dep_hour_share_education_16,0.015645478374836173,0.01405167733,0.15938010448361736,1871
kreis_03158,dep_hour_share_education_17,0.008682830930537353,0.004867861149,0.3814969781537353,1871
kreis_03158,dep_hour_share_education_18,0.004218545216251638,0.0,0.4218545216251638,1871
kreis_03158,dep_hour_share_education_19,0.006921690694626475,0.0,0.6921690694626474,1871
kreis_03158,dep_hour_share_education_20,0.00045052424639580605,0.0,0.045052424639580604,1871
kreis_03158,dep_hour_share_education_21,8.1913499344692e-05,0.0,0.0081913499344692,1871
kreis_03158,dep_hour_share_education_22,4.0956749672346e-05,0.0,0.0040956749672346,1871
kreis_03158,dep_hour_share_education_23,0.000163826998689384,0.0,0.0163826998689384,1871
kreis_03158,dep_hour_share_education_4,0.000368610747051114,0.0,0.0368610747051114,1871
kreis_03158,dep_hour_share_education_5,0.0027031454783748364,0.0,0.27031454783748365,1871
kreis_03158,dep_hour_share_education_6,0.17889908256880735,0.08214585943,9.675322313880736,1871
kreis_03158,dep_hour_share_education_7,0.47161697247706424,0.6373170409,-16.570006842293573,1871
kreis_03158,dep_hour_share_education_8,0.11668577981651376,0.110496553,0.6189226816513765,1871
kreis_03158,dep_hour_share_education_9,0.03677916120576671,0.05329740919,-1.6518247984233292,1871
kreis_03158,dep_hour_share_escort_10,0.016102647991002965,0.02741296507,-1.1310317078997034,1871
kreis_03158,dep_hour_share_escort_11,0.034198957161844394,0.02080495752,1.3393999641844394,1871
kreis_03158,dep_hour_share_escort_12,0.05249974440241284,0.05321798475,-0.07182403475871624,1871
kreis_03158,dep_hour_share_escort_13,0.07356098558429608,0.09225923392,-1.8698248335703924,1871
kreis_03158,dep_hour_share_escort_14,0.1420611389428484,0.102593244,3.9467894942848387,1871
kreis_03158,dep_hour_share_escort_15,0.12754319599222982,0.1687602819,-4.121708590777018,1871
kreis_03158,dep_hour_share_escort_16,0.0985584296084245,0.04451623652,5.404219308842449,1871
kreis_03158,dep_hour_share_escort_17,0.058020652285042426,0.03453654203,2.3484110255042427,1871
kreis_03158,dep_hour_share_escort_18,0.0370616501380227,0.03517520488,0.1886445258022701,1871
kreis_03158,dep_hour_share_escort_19,0.018658623862590738,0.007376827986,1.128179587659074,1871
kreis_03158,dep_hour_share_escort_20,0.00628770064410592,0.002614832101,0.367286854310592,1871
kreis_03158,dep_hour_share_escort_21,0.008945915550557203,0.0,0.8945915550557203,1871
kreis_03158,dep_hour_share_escort_22,0.0020447806972702176,0.001096139809,0.09486408882702177,1871
kreis_03158,dep_hour_share_escort_23,0.0011757489009303751,0.0,0.11757489009303751,1871
kreis_03158,dep_hour_share_escort_4,0.0015847050403844187,0.0,0.15847050403844187,1871
kreis_03158,dep_hour_share_escort_5,0.0015335855229526632,0.0,0.15335855229526632,1871
kreis_03158,dep_hour_share_escort_6,0.04207136284633473,0.03150092254,1.0570440306334736,1871
kreis_03158,dep_hour_share_escort_7,0.16997239546058684,0.2425382786,-7.2565883139413145,1871
kreis_03158,dep_hour_share_escort_8,0.07770166649626828,0.1043624275,-2.6660761003731714,1871
kreis_03158,dep_hour_share_escort_9,0.02704222472139863,0.03123392086,-0.4191696138601372,1871
kreis_03158,dep_hour_share_home_10,0.032354184964705116,0.04367232834,-1.1318143375294882,1871
kreis_03158,dep_hour_share_home_11,0.048040076770436875,0.05756872897,-0.9528652199563121,1871
kreis_03158,dep_hour_share_home_12,0.07537815946130574,0.07114544741,0.4232712051305737,1871
kreis_03158,dep_hour_share_home_13,0.08270388081064377,0.08939421248,-0.6690331669356231,1871
kreis_03158,dep_hour_share_home_14,0.08167593767281481,0.08751906609,-0.5843128417185193,1871
kreis_03158,dep_hour_share_home_15,0.10505188510458345,0.1153993244,-1.0347439295416552,1871
kreis_03158,dep_hour_share_home_16,0.11238411242314823,0.1205004999,-0.811638747685177,1871
kreis_03158,dep_hour_share_home_17,0.10156468559903711,0.0867880434,1.4776642199037113,1871
kreis_03158,dep_hour_share_home_18,0.09239126898929768,0.09740646199,-0.5015193000702314,1871
kreis_03158,dep_hour_share_home_19,0.06111707491623564,0.05202318318,0.9093891736235642,1871
kreis_03158,dep_hour_share_home_20,0.049887772030838294,0.03821740242,1.1670369610838296,1871
kreis_03158,dep_hour_share_home_21,0.03772811554601347,0.02671837785,1.100973769601347,1871
kreis_03158,dep_hour_share_home_22,0.02752024982921831,0.01568993182,1.183031800921831,1871
kreis_03158,dep_hour_share_home_23,0.014618912852542208,0.00638792609,0.823098676254221,1871
kreis_03158,dep_hour_share_home_4,3.903581536059334e-05,0.0007734310221,-0.07343952067394066,1871
kreis_03158,dep_hour_share_home_5,0.0006896327380371491,0.00563800055,-0.49483678119628516,1871
kreis_03158,dep_hour_share_home_6,0.0015484206759702026,0.007895271508,-0.6346850832029798,1871
kreis_03158,dep_hour_share_home_7,0.00928401808659445,0.01212239825,-0.28383801634055494,1871
kreis_03158,dep_hour_share_home_8,0.017364431866237273,0.03462856587,-1.726413400376273,1871
kreis_03158,dep_hour_share_home_9,0.030623597150385477,0.02767257553,0.2951021620385477,1871
kreis_03158,dep_hour_share_leisure_10,0.04576750184928779,0.04393411535,0.1833386499287791,1871
kreis_03158,dep_hour_share_leisure_11,0.029948978624129888,0.03413978358,-0.41908049558701116,1871
kreis_03158,dep_hour_share_leisure_12,0.04119644178062705,0.0515817975,-1.0385355719372948,1871
kreis_03158,dep_hour_share_leisure_13,0.04823321889877283,0.06887164928,-2.0638430381227173,1871
kreis_03158,dep_hour_share_leisure_14,0.08229804829012007,0.05625050905,2.6047539240120066,1871
kreis_03158,dep_hour_share_leisure_15,0.10727765870682625,0.1167850565,-0.950739779317375,1871
kreis_03158,dep_hour_share_leisure_16,0.1416269939115756,0.1247820193,1.6844974611575594,1871
kreis_03158,dep_hour_share_leisure_17,0.1383077594218842,0.1476739585,-0.9366199078115811,1871
kreis_03158,dep_hour_share_leisure_18,0.1069362517307437,0.0844457048,2.2490546930743704,1871
kreis_03158,dep_hour_share_leisure_19,0.06004969368207424,0.06485958293,-0.4809889247925768,1871
kreis_03158,dep_hour_share_leisure_20,0.02460026933217002,0.0308634367,-0.6263167367829978,1871
kreis_03158,dep_hour_share_leisure_21,0.013182102687631585,0.01105487573,0.21272269576315844,1871
kreis_03158,dep_hour_share_leisure_22,0.01012840695711549,0.0005575326329,0.9570874324215491,1871
kreis_03158,dep_hour_share_leisure_23,0.0018398042600003793,0.003073118089,-0.1233313828999621,1871
kreis_03158,dep_hour_share_leisure_4,0.00030347286762892855,0.004135896466,-0.38324235983710714,1871
kreis_03158,dep_hour_share_leisure_5,0.0029588604593820535,0.005569946358,-0.2611085898617947,1871
kreis_03158,dep_hour_share_leisure_6,0.01824630616618933,0.01499059211,0.32557140561893305,1871
kreis_03158,dep_hour_share_leisure_7,0.02452440111526279,0.02605144068,-0.15270395647372093,1871
kreis_03158,dep_hour_share_leisure_8,0.04464844564990611,0.05167739811,-0.7028952460093891,1871
kreis_03158,dep_hour_share_leisure_9,0.05270944369629953,0.05842583073,-0.5716387033700476,1871
kreis_03158,dep_hour_share_other_10,0.08761190603718724,0.1599726669,-7.236076086281276,1871
kreis_03158,dep_hour_share_other_11,0.08585201622159308,0.07557085747,1.0281158751593078,1871
kreis_03158,dep_hour_share_other_12,0.06649322825005739,0.03858206384,2.791116441005739,1871
kreis_03158,dep_hour_share_other_13,0.0792970642997424,0.07530674409,0.39903202097423957,1871
kreis_03158,dep_hour_share_other_14,0.08664269135613538,0.08053868999,0.6104001366135383,1871
kreis_03158,dep_hour_share_other_15,0.08830055857372408,0.0852189803,0.30815782737240865,1871
kreis_03158,dep_hour_share_other_16,0.08993292014181141,0.09817349272,-0.8240572578188596,1871
kreis_03158,dep_hour_share_other_17,0.06039737801923126,0.04801915574,1.2378222279231257,1871
kreis_03158,dep_hour_share_other_18,0.03999285841813962,0.01484022095,2.515263746813962,1871
kreis_03158,dep_hour_share_other_19,0.0289234065345474,0.0009990018478,2.7924404686747404,1871
kreis_03158,dep_hour_share_other_20,0.012931364297191827,0.000445981966,1.2485382331191828,1871
kreis_03158,dep_hour_share_other_21,0.007218098808886168,0.003042066317,0.41760324918861685,1871
kreis_03158,dep_hour_share_other_22,0.004208432167725151,0.0,0.4208432167725151,1871
kreis_03158,dep_hour_share_other_23,0.004004386971714235,0.0,0.40043869717142344,1871
kreis_03158,dep_hour_share_other_4,0.0015813502690846023,0.0,0.15813502690846024,1871
kreis_03158,dep_hour_share_other_5,0.0012752824750682276,0.002421446838,-0.11461643629317723,1871
kreis_03158,dep_hour_share_other_6,0.018593618486494757,0.01059897521,0.7994643276494757,1871
kreis_03158,dep_hour_share_other_7,0.061545132246792665,0.07230242952,-1.0757297273207338,1871
kreis_03158,dep_hour_share_other_8,0.07638942025658683,0.1147094796,-3.8320059343413164,1871
kreis_03158,dep_hour_share_other_9,0.09281505853546561,0.1192577466,-2.64426880645344,1871
kreis_03158,dep_hour_share_shop_10,0.11364861223389922,0.1219647016,-0.8316089366100787,1871
kreis_03158,dep_hour_share_shop_11,0.09081110212880625,0.1097824358,-1.8971333671193746,1871
kreis_03158,dep_hour_share_shop_12,0.08791430881164107,0.06949173784,1.8422570971641072,1871
kreis_03158,dep_hour_share_shop_13,0.06100107787658313,0.08454214989,-2.354107201341687,1871
kreis_03158,dep_hour_share_shop_14,0.07666397197520884,0.06957981999,0.7084151985208842,1871
kreis_03158,dep_hour_share_shop_15,0.10367825383993533,0.07121066525,3.246758858993533,1871
kreis_03158,dep_hour_share_shop_16,0.07582188089463757,0.1397555875,-6.3933706605362435,1871
kreis_03158,dep_hour_share_shop_17,0.05968741579089194,0.07355867656,-1.3871260769108051,1871
kreis_03158,dep_hour_share_shop_18,0.043350848827809214,0.04277831041,0.05725384178092152,1871
kreis_03158,dep_hour_share_shop_19,0.015123955807060092,0.03085819852,-1.573424271293991,1871
kreis_03158,dep_hour_share_shop_20,0.00444624090541633,0.006191894785,-0.17456538795836696,1871
kreis_03158,dep_hour_share_shop_21,0.002088385879816761,0.0,0.2088385879816761,1871
kreis_03158,dep_hour_share_shop_22,0.0014820803018054433,0.0,0.14820803018054432,1871
kreis_03158,dep_hour_share_shop_23,0.0005389382915656157,0.0,0.05389382915656157,1871
kreis_03158,dep_hour_share_shop_4,6.736728644570196e-05,0.0,0.006736728644570197,1871
kreis_03158,dep_hour_share_shop_5,0.0005726219347884667,0.0,0.057262193478846674,1871
kreis_03158,dep_hour_share_shop_6,0.011822958771220695,0.008862747522,0.2960211249220695,1871
kreis_03158,dep_hour_share_shop_7,0.04284559417946645,0.03514281976,0.770277441946645,1871
kreis_03158,dep_hour_share_shop_8,0.08902586903799516,0.0437058696,4.531999943799516,1871
kreis_03158,dep_hour_share_shop_9,0.11772433306386419,0.0925743851,2.5149947963864188,1871
kreis_03158,dep_hour_share_work_10,0.032615212438546703,0.02641494861,0.6200263828546705,1871
kreis_03158,dep_hour_share_work_11,0.025940285383108837,0.01660022885,0.9340056533108838,1871
kreis_03158,dep_hour_share_work_12,0.032255485830768614,0.04021213059,-0.7956644759231385,1871
kreis_03158,dep_hour_share_work_13,0.03945001798633039,0.04043885205,-0.09888340636696122,1871
kreis_03158,dep_hour_share_work_14,0.021603581278228548,0.025826721,-0.4223139721771452,1871
kreis_03158,dep_hour_share_work_15,0.01848595067748511,0.01949787229,-0.10119216125148885,1871
kreis_03158,dep_hour_share_work_16,0.010252208321675527,0.01095984865,-0.07076403283244725,1871
kreis_03158,dep_hour_share_work_17,0.007714137255685679,0.006489062176,0.12250750796856791,1871
kreis_03158,dep_hour_share_work_18,0.005355929493584876,0.004155481623,0.12004478705848762,1871
kreis_03158,dep_hour_share_work_19,0.0023582077621008032,0.0,0.23582077621008032,1871
kreis_03158,dep_hour_share_work_20,0.0051960510012390585,0.0006980929976,0.4497958003639059,1871
kreis_03158,dep_hour_share_work_21,0.004216795235620928,0.003611585871,0.060520936462092785,1871
kreis_03158,dep_hour_share_work_22,0.0007594228386426316,0.001434930602,-0.06755077633573685,1871
kreis_03158,dep_hour_share_work_23,0.0003996962308645429,0.012066013,-1.1666316769135459,1871
kreis_03158,dep_hour_share_work_4,0.026140133498541107,0.02201327391,0.41268595885411086,1871
kreis_03158,dep_hour_share_work_5,0.11099564331108358,0.06533262306,4.566302025108358,1871
kreis_03158,dep_hour_share_work_6,0.2189336104560534,0.2199542112,-0.10206007439466092,1871
kreis_03158,dep_hour_share_work_7,0.24089691834206003,0.2789355718,-3.803865345793997,1871
kreis_03158,dep_hour_share_work_8,0.12902194332307446,0.1334530624,-0.44311190769255326,1871
kreis_03158,dep_hour_share_work_9,0.05337943163195971,0.0644253084,-1.1045876768040295,1871
kreis_03158,mean_work_activity_h,5.759269295894831,6.272497235,-0.5132279391051693,1871
kreis_03158,mobility_rate,0.8513165962665213,0.859850828,-0.853423173347867,1871
kreis_03158,n_persons_unweighted,117424.0,1871.0,115553.0,1871
kreis_03158,n_persons_weighted,117424.0,67261.0,50163.0,1871
kreis_03158,n_work_activities_measured,50002.0,685.0,49317.0,1871
kreis_03158,nonhome_acts_per_mobile,2.1570949832441353,2.19084171,-0.03374672675586465,1871
kreis_03158,participation_education,0.16402949993187083,0.1783423675,-1.4312867568129162,1871
kreis_03158,participation_escort,0.11255790979697507,0.1155273422,-0.2969432403024927,1871
kreis_03158,participation_home,0.8513165962665213,0.8509482999,0.0368296366521359,1871
kreis_03158,participation_leisure,0.35956874233546804,0.3852013769,-2.563263456453196,1871
kreis_03158,participation_other,0.2403597220329745,0.1813403823,5.901933973297452,1871
kreis_03158,participation_shop,0.21153256574465187,0.3003820177,-8.884945195534813,1871
kreis_03158,participation_work,0.34114831720942906,0.3336604347,0.7487882509429056,1871
kreis_03158,purpose_share_education,0.06610728896758804,0.05991894387,0.6188345097588039,1871
kreis_03158,purpose_share_escort,0.05296489133289471,0.05721124417,-0.42463528371052894,1871
kreis_03158,purpose_share_home,0.41616238740019335,0.4209777963,-0.4815408899806639,1871
kreis_03158,purpose_share_leisure,0.1427496148524797,0.1581563002,-1.5406685347520295,1871
kreis_03158,purpose_share_other,0.10615450845970775,0.06567131097,4.048319748970776,1871
kreis_03158,purpose_share_shop,0.08038143819093028,0.1180479127,-3.7666474509069707,1871
kreis_03158,purpose_share_work,0.1354798707962062,0.1200164918,1.5463378996206187,1871
kreis_03158,share_mobile_first_from_home,1.0,0.981267738,1.8732262,1871
kreis_03158,share_mobile_last_to_home,1.0,0.9794394822,2.056051780000001,1871
kreis_03158,share_mobile_odd_trip_count,0.28933126594308006,0.2337599305,5.557133544308007,1871
kreis_03158,share_trips_0,0.1486834037334787,0.140149172,0.8534231733478698,1871
kreis_03158,share_trips_1,0.00080051778171413,0.005121677129,-0.432115934728587,1871
kreis_03158,share_trips_2,0.30574669573511376,0.3023557305,0.33909652351137853,1871
kreis_03158,share_trips_3,0.12381625562065676,0.0894352087,3.438104692065676,1871
kreis_03158,share_trips_4,0.2061673933778444,0.2458050449,-3.9637651522155593,1871
kreis_03158,share_trips_5,0.08532327292546668,0.07536807732,0.9955195605466677,1871
kreis_03158,share_trips_6,0.06364116364627334,0.07578641606,-1.214525241372666,1871
kreis_03158,share_trips_7,0.02810328382613435,0.01798444424,1.011883958613435,1871
kreis_03158,share_trips_8plus,0.03771801335331789,0.04799422912,-1.0276215766682113,1871
kreis_03158,share_trips_followed_by_same_purpose,0.10222857591535148,0.04154866765,6.067990826535148,1871
kreis_03158,share_trips_home_based,0.8081491529462093,0.8419643411,-3.38151881537907,1871
kreis_03158,share_trips_unknown_purpose,0.0,0.0005637387882,-0.05637387882,1871
kreis_03158,share_work_activities_lt_2h,0.1920123195072197,0.1171743165,7.48380030072197,1871
kreis_03158,tours_per_mobile,1.537588155854549,1.59130017,-0.053712014145451015,1871
kreis_03158,trips_per_mobile_person,3.6946831390986845,3.782141881,-0.0874587419013153,1871
kreis_03158,trips_per_person,3.1453450742607987,3.252077828,-0.10673275373920132,1871
kreis_03158,trips_per_person_education,0.20793023572693828,0.1947512181,0.013179017626938266,1871
kreis_03158,trips_per_person_escort,0.16659286006267884,0.185950532,-0.019357671937321158,1871
kreis_03158,trips_per_person_home,1.3089743153018123,1.368280769,-0.05930645369818777,1871
kreis_03158,trips_per_person_leisure,0.44899679792887315,0.5140466457,-0.06504984777112688,1871
kreis_03158,trips_per_person_other,0.333892560294318,0.2134478176,0.12044474269431801,1871
kreis_03158,trips_per_person_shop,0.2528273606758414,0.3836845796,-0.13085721892415864,1871
kreis_03158,trips_per_person_work,0.42613094427033654,0.3900829432,0.036048001070336566,1871
sex_female,dep_hour_share_all_10,0.049122534982946636,0.05564390134,-0.6521366357053366,9081
sex_female,dep_hour_share_all_11,0.05120623006889906,0.06150041106,-1.0294180991100945,9081
sex_female,dep_hour_share_all_12,0.0626127306593434,0.06404882651,-0.1436095850656599,9081
sex_female,dep_hour_share_all_13,0.06922903922562407,0.07936019488,-1.0131155654375932,9081
sex_female,dep_hour_share_all_14,0.07832630331859838,0.07819771704,0.012858627859838045,9081
sex_female,dep_hour_share_all_15,0.09103543370908618,0.09580112016,-0.4765686450913825,9081
sex_female,dep_hour_share_all_16,0.08925480989486054,0.0890369148,0.021789509486053182,9081
sex_female,dep_hour_share_all_17,0.07640151240894245,0.07761570694,-0.1214194531057547,9081
sex_female,dep_hour_share_all_18,0.061350467646020444,0.05914231058,0.22081570660204414,9081
sex_female,dep_hour_share_all_19,0.0396767068903542,0.03458839858,0.50883083103542,9081
sex_female,dep_hour_share_all_20,0.02690926891904793,0.02032991122,0.6579357699047932,9081
sex_female,dep_hour_share_all_21,0.016900228040307837,0.01418941975,0.27108082903078373,9081
sex_female,dep_hour_share_all_22,0.012807164015380387,0.008862348845,0.3944815170380388,9081
sex_female,dep_hour_share_all_23,0.005281641633919378,0.002854619479,0.24270221549193782,9081
sex_female,dep_hour_share_all_4,0.003168472386234541,0.002381063838,0.07874085482345414,9081
sex_female,dep_hour_share_all_5,0.010263415709343757,0.007581775505,0.2681640204343757,9081
sex_female,dep_hour_share_all_6,0.04221725148315904,0.02739186806,1.4825383423159038,9081
sex_female,dep_hour_share_all_7,0.09190363999489969,0.1021297677,-1.0226127705100314,9081
sex_female,dep_hour_share_all_8,0.06170031313093127,0.06774667538,-0.6046362249068724,9081
sex_female,dep_hour_share_all_9,0.05208404749440792,0.0500818887,0.20021587944079183,9081
sex_female,dep_hour_share_education_10,0.015405723967733619,0.008213915878,0.7191808089733619,9081
sex_female,dep_hour_share_education_11,0.026778150208110797,0.02787163858,-0.10934883718892036,9081
sex_female,dep_hour_share_education_12,0.026649232015912187,0.02119910342,0.5450128595912186,9081
sex_female,dep_hour_share_education_13,0.03654830748830528,0.0328745111,0.3673796388305277,9081
sex_female,dep_hour_share_education_14,0.027938413937898265,0.01569082492,1.2247589017898266,9081
sex_female,dep_hour_share_education_15,0.03655751593060518,0.02240920996,1.4148305970605184,9081
sex_female,dep_hour_share_education_16,0.015304431102434712,0.02274942859,-0.7444997487565287,9081
sex_female,dep_hour_share_education_17,0.007293086301521235,0.01516501824,-0.7871931938478766,9081
sex_female,dep_hour_share_education_18,0.007201001878522229,0.005676726778,0.15242751005222288,9081
sex_female,dep_hour_share_education_19,0.00520276989944381,0.0007242699645,0.4478499934943809,9081
sex_female,dep_hour_share_education_20,0.000856385133890751,0.0002856230944,0.0570762039490751,9081
sex_female,dep_hour_share_education_21,0.0005525065379940329,0.0,0.05525065379940329,9081
sex_female,dep_hour_share_education_22,0.00023941949979741428,0.0,0.023941949979741427,9081
sex_female,dep_hour_share_education_23,0.00016575196139820988,0.0,0.01657519613982099,9081
sex_female,dep_hour_share_education_4,5.5250653799403296e-05,0.0,0.005525065379940329,9081
sex_female,dep_hour_share_education_5,0.0014549338833842868,0.0,0.14549338833842868,9081
sex_female,dep_hour_share_education_6,0.16848686876128033,0.07116294589,9.732392287128032,9081
sex_female,dep_hour_share_education_7,0.45214372536741687,0.594652672,-14.250894663258318,9081
sex_female,dep_hour_share_education_8,0.13192935283067517,0.1222619995,0.9667353330675171,9081
sex_female,dep_hour_share_education_9,0.03897012781317912,0.03906211208,-0.009198426682088118,9081
sex_female,dep_hour_share_escort_10,0.017960486928756736,0.01053875373,0.7421733198756737,9081
sex_female,dep_hour_share_escort_11,0.033946370616223256,0.03089559536,0.30507752562232565,9081
sex_female,dep_hour_share_escort_12,0.06311378126017499,0.05254428009,1.0569501170174986,9081
sex_female,dep_hour_share_escort_13,0.07687298469682488,0.108682214,-3.1809229303175117,9081
sex_female,dep_hour_share_escort_14,0.1564768036635192,0.1333373884,2.31394152635192,9081
sex_female,dep_hour_share_escort_15,0.14127866063082273,0.1274622677,1.3816392930822734,9081
sex_female,dep_hour_share_escort_16,0.08840550788265815,0.0594227688,2.898273908265815,9081
sex_female,dep_hour_share_escort_17,0.051203142560052095,0.04881485254,0.23882900200520932,9081
sex_female,dep_hour_share_escort_18,0.02983961600268882,0.02443591942,0.5403696582688821,9081
sex_female,dep_hour_share_escort_19,0.01389574515014337,0.0104643206,0.3431424550143369,9081
sex_female,dep_hour_share_escort_20,0.0027938535222510478,0.006126904052,-0.3333050529748952,9081
sex_female,dep_hour_share_escort_21,0.005850287262758773,0.003275618222,0.2574669040758773,9081
sex_female,dep_hour_share_escort_22,0.0011028369166780452,0.01838105251,-1.7278215593321953,9081
sex_female,dep_hour_share_escort_23,0.0009347855769937716,0.0,0.09347855769937716,9081
sex_female,dep_hour_share_escort_4,0.0016910166055730026,0.0,0.16910166055730025,9081
sex_female,dep_hour_share_escort_5,0.000871766324612169,0.001275581831,-0.04038155063878309,9081
sex_female,dep_hour_share_escort_6,0.04450209539014169,0.01181001373,3.269208166014169,9081
sex_female,dep_hour_share_escort_7,0.16268420002310707,0.2281949606,-6.551076057689293,9081
sex_female,dep_hour_share_escort_8,0.07883708472938483,0.1081020967,-2.9265011970615165,9081
sex_female,dep_hour_share_escort_9,0.025365249083595037,0.01605629947,0.9308949613595037,9081
sex_female,dep_hour_share_home_10,0.038242272202820456,0.04346140692,-0.5219134717179545,9081
sex_female,dep_hour_share_home_11,0.05215895768696583,0.06333577174,-1.1176814053034174,9081
sex_female,dep_hour_share_home_12,0.08048106755423301,0.07737263605,0.31084315042330113,9081
sex_female,dep_hour_share_home_13,0.08601495293568134,0.102654936,-1.663998306431866,9081
sex_female,dep_hour_share_home_14,0.08574429057074186,0.0830329687,0.2711321870741856,9081
sex_female,dep_hour_share_home_15,0.10254237025992867,0.1051328312,-0.2590460940071329,9081
sex_female,dep_hour_share_home_16,0.105477896937958,0.1089339521,-0.34560551620419905,9081
sex_female,dep_hour_share_home_17,0.10238770605139182,0.1036690702,-0.12813641486081884,9081
sex_female,dep_hour_share_home_18,0.08629025522687693,0.08693458957,-0.0644334343123068,9081
sex_female,dep_hour_share_home_19,0.060346880886906436,0.04783156201,1.2515318876906434,9081
sex_female,dep_hour_share_home_20,0.05147688852731834,0.03854229042,1.293459810731834,9081
sex_female,dep_hour_share_home_21,0.03334560336054392,0.02753753849,0.5808064870543923,9081
sex_female,dep_hour_share_home_22,0.025067974919651945,0.01598826247,0.9079712449651944,9081
sex_female,dep_hour_share_home_23,0.011234808108116468,0.004993073923,0.6241734185116468,9081
sex_female,dep_hour_share_home_4,4.021269421957987e-05,0.001321228949,-0.12810162547804202,9081
sex_female,dep_hour_share_home_5,0.0005799907820131712,0.001950612328,-0.1370621545986829,9081
sex_female,dep_hour_share_home_6,0.0017600786931493036,0.003638594392,-0.18785156988506962,9081
sex_female,dep_hour_share_home_7,0.01142349844253142,0.01810501158,-0.668151313746858,9081
sex_female,dep_hour_share_home_8,0.021549364175438707,0.03431543392,-1.2766069744561293,9081
sex_female,dep_hour_share_home_9,0.030051255718709112,0.02927977372,0.07714819987091129,9081
sex_female,dep_hour_share_leisure_10,0.047796044998667915,0.05462172484,-0.6825679841332082,9081
sex_female,dep_hour_share_leisure_11,0.03977345972378587,0.04628751124,-0.6514051516214134,9081
sex_female,dep_hour_share_leisure_12,0.040370749147036325,0.05635633875,-1.5985589602963675,9081
sex_female,dep_hour_share_leisure_13,0.05506235014051341,0.05718385016,-0.21215000194865913,9081
sex_female,dep_hour_share_leisure_14,0.08324667623475623,0.08216268994,0.10839862947562284,9081
sex_female,dep_hour_share_leisure_15,0.11477410428071744,0.1272720321,-1.249792781928255,9081
sex_female,dep_hour_share_leisure_16,0.1370242095583496,0.1253701822,1.1654027358349583,9081
sex_female,dep_hour_share_leisure_17,0.12324358236148472,0.1043263832,1.8917199161484723,9081
sex_female,dep_hour_share_leisure_18,0.10448267860672573,0.09469715799,0.9785520616725731,9081
sex_female,dep_hour_share_leisure_19,0.05581003618112909,0.07038338344,-1.4573347258870912,9081
sex_female,dep_hour_share_leisure_20,0.01989962100052424,0.01967476721,0.022485379052424037,9081
sex_female,dep_hour_share_leisure_21,0.0108328534965065,0.01002472552,0.08081279765065011,9081
sex_female,dep_hour_share_leisure_22,0.011064893991869988,0.003390172062,0.7674721929869988,9081
sex_female,dep_hour_share_leisure_23,0.0023590783695287857,0.001180154656,0.11789237135287857,9081
sex_female,dep_hour_share_leisure_4,0.0001460995711547882,0.003847666622,-0.3701567050845212,9081
sex_female,dep_hour_share_leisure_5,0.002191493567321823,0.003703411029,-0.15119174616781772,9081
sex_female,dep_hour_share_leisure_6,0.016797153636590206,0.01338753767,0.34096159665902065,9081
sex_female,dep_hour_share_leisure_7,0.022873176978145223,0.02613416417,-0.32609871918547784,9081
sex_female,dep_hour_share_leisure_8,0.050851244854287166,0.05113362981,-0.02823849557128319,9081
sex_female,dep_hour_share_leisure_9,0.05808317362644918,0.04835303897,0.9730134656449181,9081
sex_female,dep_hour_share_other_10,0.089168039538715,0.1348110701,-4.564303056128502,9081
sex_female,dep_hour_share_other_11,0.07761303313197877,0.09772038499,-2.0107351858021234,9081
sex_female,dep_hour_share_other_12,0.06653853194215632,0.05525924419,1.1279287752156322,9081
sex_female,dep_hour_share_other_13,0.08365939044481055,0.05908030142,2.457908902481055,9081
sex_female,dep_hour_share_other_14,0.09491694124107633,0.1076915263,-1.2774585058923678,9081
sex_female,dep_hour_share_other_15,0.08963710415522606,0.1050887751,-1.545167094477394,9081
sex_female,dep_hour_share_other_16,0.09041506498261029,0.08102901566,0.9386049322610293,9081
sex_female,dep_hour_share_other_17,0.05535534504850815,0.04118342128,1.417192376850815,9081
sex_female,dep_hour_share_other_18,0.03643259198242724,0.01589284632,2.0539745662427236,9081
sex_female,dep_hour_share_other_19,0.029013362621270366,0.006578379822,2.2434982799270364,9081
sex_female,dep_hour_share_other_20,0.014249267801574227,0.001954714752,1.2294553049574226,9081
sex_female,dep_hour_share_other_21,0.005926231008603331,0.004889097142,0.10371338666033317,9081
sex_female,dep_hour_share_other_22,0.0032834523155775217,0.0004631535536,0.28202987619775216,9081
sex_female,dep_hour_share_other_23,0.0014758374519494783,0.003863407744,-0.2387570292050522,9081
sex_female,dep_hour_share_other_4,0.00041186161449752884,0.0,0.04118616144975289,9081
sex_female,dep_hour_share_other_5,0.0022023155775215083,0.0002735779155,0.19287376620215083,9081
sex_female,dep_hour_share_other_6,0.013459866373787297,0.008011336304,0.5448530069787297,9081
sex_female,dep_hour_share_other_7,0.06077818963939228,0.04816898193,1.2609207709392278,9081
sex_female,dep_hour_share_other_8,0.08504370309353834,0.1128097471,-2.7766044006461654,9081
sex_female,dep_hour_share_other_9,0.094379233022149,0.1124933919,-1.8114158877851005,9081
sex_female,dep_hour_share_shop_10,0.1257382430762466,0.1198761026,0.5862140476246586,9081
sex_female,dep_hour_share_shop_11,0.09160658372567304,0.1169865793,-2.5379995574326966,9081
sex_female,dep_hour_share_shop_12,0.07999181204084882,0.08148095497,-0.14891429291511854,9081
sex_female,dep_hour_share_shop_13,0.06493506493506493,0.07697954792,-1.2044482984935074,9081
sex_female,dep_hour_share_shop_14,0.07736863253500732,0.08357843987,-0.620980733499267,9081
sex_female,dep_hour_share_shop_15,0.10207655741806355,0.1067689247,-0.4692367281936449,9081
sex_female,dep_hour_share_shop_16,0.09183402703542809,0.09405065551,-0.22166284745719078,9081
sex_female,dep_hour_share_shop_17,0.060431687401915075,0.07863250604,-1.820081863808492,9081
sex_female,dep_hour_share_shop_18,0.03891555029908795,0.03048188095,0.8433669349087948,9081
sex_female,dep_hour_share_shop_19,0.01749039052016285,0.01367381603,0.38165744901628473,9081
sex_female,dep_hour_share_shop_20,0.0040939795755907836,0.002363004895,0.17309746805907836,9081
sex_female,dep_hour_share_shop_21,0.0035026269702276708,0.003738169523,-0.023554255277232927,9081
sex_female,dep_hour_share_shop_22,0.0034116496463256533,0.0,0.34116496463256535,9081
sex_female,dep_hour_share_shop_23,0.0003335835209740639,0.0005031517551,-0.016956823412593608,9081
sex_female,dep_hour_share_shop_4,3.0325774634005807e-05,0.0,0.0030325774634005808,9081
sex_female,dep_hour_share_shop_5,0.0007657258095086466,5.093025792e-05,0.07147955515886466,9081
sex_female,dep_hour_share_shop_6,0.008021167390694537,0.002861893683,0.5159273707694536,9081
sex_female,dep_hour_share_shop_7,0.030568380831077855,0.02719172955,0.3376651281077853,9081
sex_female,dep_hour_share_shop_8,0.07623141598623209,0.05326576952,2.2965646466232092,9081
sex_female,dep_hour_share_shop_9,0.12033267374773504,0.1075159429,1.2816730847735047,9081
sex_female,dep_hour_share_work_10,0.03078057429763528,0.03373468881,-0.29541145123647244,9081
sex_female,dep_hour_share_work_11,0.030113466793846227,0.03023797949,-0.012451269615377375,9081
sex_female,dep_hour_share_work_12,0.030441168725532076,0.04202972644,-1.1588557714467922,9081
sex_female,dep_hour_share_work_13,0.030072504052385495,0.05076409518,-2.069159112761451,9081
sex_female,dep_hour_share_work_14,0.01580576638363363,0.03357446312,-1.7768696736366372,9081
sex_female,dep_hour_share_work_15,0.014705624184402558,0.01710203597,-0.23964117855974407,9081
sex_female,dep_hour_share_work_16,0.007109961553541229,0.009453428221,-0.23434666674587704,9081
sex_female,dep_hour_share_work_17,0.0061034484776489725,0.007894201755,-0.17907532773510276,9081
sex_female,dep_hour_share_work_18,0.003025391047885445,0.005078452465,-0.20530614171145553,9081
sex_female,dep_hour_share_work_19,0.0038036831356393404,0.0009776666542,0.28260164814393407,9081
sex_female,dep_hour_share_work_20,0.004055311404612405,0.00161763673,0.2437674674612405,9081
sex_female,dep_hour_share_work_21,0.0010533276375616636,0.0005407050794,0.05126225581616636,9081
sex_female,dep_hour_share_work_22,0.0002925910104337954,0.0007736066358,-0.048101562536620464,9081
sex_female,dep_hour_share_work_23,0.0001228882243821941,0.002223033248,-0.2100145023617806,9081
sex_female,dep_hour_share_work_4,0.02716414940867357,0.01076494928,1.6399200128673568,9081
sex_female,dep_hour_share_work_5,0.08430132192618514,0.05501916658,2.928215534618514,9081
sex_female,dep_hour_share_work_6,0.2042051180019545,0.1623264436,4.1878674401954505,9081
sex_female,dep_hour_share_work_7,0.3012341488820097,0.3213769541,-2.014280521799028,9081
sex_female,dep_hour_share_work_8,0.13911532182085237,0.156185806,-1.7070484179147638,9081
sex_female,dep_hour_share_work_9,0.05455066798527682,0.05463405374,-0.00833857547231781,9081
sex_female,mean_work_activity_h,5.8238758329518285,5.932515233,-0.10863940004817163,9081
sex_female,mobility_rate,0.8243759299711907,0.84224619,-1.7870260028809315,9081
sex_female,n_persons_unweighted,505392.0,9081.0,496311.0,9081
sex_female,n_persons_weighted,505392.0,395486.7894,109905.21059999999,9081
sex_female,n_work_activities_measured,170378.0,3205.0,167173.0,9081
sex_female,nonhome_acts_per_mobile,2.194082081832212,2.269292474,-0.0752103921677878,9081
sex_female,participation_education,0.16860575553233925,0.1721849735,-0.3579217967660753,9081
sex_female,participation_escort,0.11893144331528793,0.1117313844,0.7200058915287938,9081
sex_female,participation_home,0.8243759299711907,0.834559381,-1.0183451028809354,9081
sex_female,participation_leisure,0.35650148795390507,0.392055681,-3.555419304609492,9081
sex_female,participation_other,0.2460862063507139,0.1847525414,6.133366495071391,9081
sex_female,participation_shop,0.22404391046949695,0.3006409647,-7.659705423050306,9081
sex_female,participation_work,0.2921079083167126,0.3096539045,-1.754599618328745,9081
sex_female,purpose_share_education,0.06958208842376669,0.05882261065,1.0759477773766686,9081
sex_female,purpose_share_escort,0.06100446661698775,0.05769020517,0.3314261446987751,9081
sex_female,purpose_share_home,0.41427984691376696,0.4194158484,-0.5136001486233055,9081
sex_female,purpose_share_leisure,0.14911234717486957,0.1676425636,-1.853021642513042,9081
sex_female,purpose_share_other,0.11201206646551619,0.0703652878,4.164677866551619,9081
sex_female,purpose_share_shop,0.08451459579711268,0.1163822848,-3.186768900288732,9081
sex_female,purpose_share_work,0.1094945886079802,0.1096811996,-0.018661099201980336,9081
sex_female,share_mobile_first_from_home,1.0,0.9872184025,1.2781597499999964,9081
sex_female,share_mobile_last_to_home,1.0,0.9845448816,1.5455118400000023,9081
sex_female,share_mobile_odd_trip_count,0.30507184980546426,0.2421011955,6.297065430546425,9081
sex_female,share_trips_0,0.1756240700288093,0.15775381,1.7870260028809315,9081
sex_female,share_trips_1,0.0005184094722512426,0.004967868856,-0.4449459383748758,9081
sex_female,share_trips_2,0.29950018995156236,0.2942299513,0.5270238651562342,9081
sex_female,share_trips_3,0.12647806059454839,0.08520329084,4.127476975454838,9081
sex_female,share_trips_4,0.17326550479627695,0.2225492322,-4.928372740372305,9081
sex_female,share_trips_5,0.08186912337353974,0.06516403908,1.6705084293539743,9081
sex_female,share_trips_6,0.0694253173774021,0.08185637828,-1.2431060902597908,9081
sex_female,share_trips_7,0.03144291955551334,0.03198292832,-0.05400087644866561,9081
sex_female,share_trips_8plus,0.04187640485009656,0.05629250109,-1.441609623990344,9081
sex_female,share_trips_followed_by_same_purpose,0.09223554468571253,0.04767013261,4.456541207571253,9081
sex_female,share_trips_home_based,0.8077387615341686,0.8387695823,-3.1030820765831413,9081
sex_female,share_trips_unknown_purpose,0.0,0.0008899970183,-0.08899970183,9081
sex_female,share_work_activities_lt_2h,0.14752491518858069,0.09601990244,5.150501274858069,9081
sex_female,tours_per_mobile,1.5518741914346679,1.636832751,-0.08495855956533216,9081
sex_female,trips_per_mobile_person,3.74595627326688,3.906125225,-0.16016895173311996,9081
sex_female,trips_per_person,3.0880761864057997,3.289919088,-0.20184290159420026,9081
sex_female,trips_per_person_education,0.21487479026181658,0.1933493959,0.02152539436181658,9081
sex_female,trips_per_person_escort,0.18838644062430746,0.1896271892,-0.0012407485756925352,9081
sex_female,trips_per_person_home,1.279327729762244,1.378616148,-0.09928841823775603,9081
sex_female,trips_per_person_leisure,0.4604702884097888,0.5510396096,-0.09056932119021116,9081
sex_female,trips_per_person_other,0.3459017950422642,0.2312900726,0.1146117224422642,9081
sex_female,trips_per_person_shop,0.2609875106847754,0.3825475307,-0.12156002001522465,9081
sex_female,trips_per_person_work,0.3381276316206034,0.3605211236,-0.022393491979396607,9081
sex_male,dep_hour_share_all_10,0.041311280235894754,0.04834357506,-0.7032294824105244,9108
sex_male,dep_hour_share_all_11,0.04628867013539662,0.05095485764,-0.4666187504603375,9108
sex_male,dep_hour_share_all_12,0.058012132635363624,0.05823432245,-0.022218981463637683,9108
sex_male,dep_hour_share_all_13,0.06275391816014762,0.06452828574,-0.17743675798523734,9108
sex_male,dep_hour_share_all_14,0.06796889230306247,0.06525967651,0.2709215793062464,9108
sex_male,dep_hour_share_all_15,0.08489083004015174,0.08636645508,-0.1475625039848258,9108
sex_male,dep_hour_share_all_16,0.08908353198015907,0.09754007778,-0.8456545799840925,9108
sex_male,dep_hour_share_all_17,0.08030281431735448,0.08951151184,-0.9208697522645526,9108
sex_male,dep_hour_share_all_18,0.06609593651749016,0.06563028858,0.046564793749015454,9108
sex_male,dep_hour_share_all_19,0.04159308154683181,0.04220360217,-0.0610520623168187,9108
sex_male,dep_hour_share_all_20,0.03110241728768548,0.02641174534,0.4690671947685479,9108
sex_male,dep_hour_share_all_21,0.021427458930923703,0.01988387121,0.15435877209237017,9108
sex_male,dep_hour_share_all_22,0.016089732928912154,0.01358920796,0.2500524968912154,9108
sex_male,dep_hour_share_all_23,0.009393157045824722,0.004442027203,0.4951129842824722,9108
sex_male,dep_hour_share_all_4,0.005469057292120386,0.002759885741,0.2709171551120386,9108
sex_male,dep_hour_share_all_5,0.021820132888786814,0.01756621655,0.42539163387868145,9108
sex_male,dep_hour_share_all_6,0.05379435235855158,0.03923958085,1.4554771508551583,9108
sex_male,dep_hour_share_all_7,0.08876543307647837,0.1033327831,-1.4567350023521635,9108
sex_male,dep_hour_share_all_8,0.05424576242103624,0.05924486777,-0.49991053489637644,9108
sex_male,dep_hour_share_all_9,0.045249239070464846,0.04227111085,0.2978128220464844,9108
sex_male,dep_hour_share_education_10,0.02243143054884003,0.0144589015,0.7972529048840031,9108
sex_male,dep_hour_share_education_11,0.03055642462337761,0.007503867829,2.3052556794377606,9108
sex_male,dep_hour_share_education_12,0.02608151540146193,0.02208028019,0.400123521146193,9108
sex_male,dep_hour_share_education_13,0.02622372649961603,0.02356660909,0.2657117409616029,9108
sex_male,dep_hour_share_education_14,0.020999838827422092,0.02053610308,0.04637357474220928,9108
sex_male,dep_hour_share_education_15,0.03143813343193303,0.01296201604,1.8476117391933031,9108
sex_male,dep_hour_share_education_16,0.02186258615622363,0.008798193379,1.306439277722363,9108
sex_male,dep_hour_share_education_17,0.009641912454847976,0.01248523901,-0.28433265551520237,9108
sex_male,dep_hour_share_education_18,0.004275813684499938,0.004980407948,-0.07045942635000614,9108
sex_male,dep_hour_share_education_19,0.005337656550717218,0.003070483552,0.2267172998717218,9108
sex_male,dep_hour_share_education_20,0.00014221109815409994,0.0006518887577,-0.05096776595459,9108
sex_male,dep_hour_share_education_21,5.688443926163998e-05,0.0009383380266,-0.088145358733836,9108
sex_male,dep_hour_share_education_22,2.844221963081999e-05,0.0,0.002844221963081999,9108
sex_male,dep_hour_share_education_23,9.480739876939996e-06,0.0,0.0009480739876939995,9108
sex_male,dep_hour_share_education_4,0.0010334006465864596,0.0,0.10334006465864595,9108
sex_male,dep_hour_share_education_5,0.005555713567886838,0.002397603169,0.31581103988868375,9108
sex_male,dep_hour_share_education_6,0.1738198849038179,0.06190964,11.191024490381789,9108
sex_male,dep_hour_share_education_7,0.4757150848052182,0.6408135672,-16.50984823947819,9108
sex_male,dep_hour_share_education_8,0.10814679977625453,0.1298972859,-2.1750486123745456,9108
sex_male,dep_hour_share_education_9,0.034111702077230105,0.0329495753,0.11621267772301061,9108
sex_male,dep_hour_share_escort_10,0.015583951389509427,0.02326614789,-0.7682196500490575,9108
sex_male,dep_hour_share_escort_11,0.031704047895630416,0.02886709894,0.2836948955630417,9108
sex_male,dep_hour_share_escort_12,0.05554463408095791,0.05347921156,0.2065422520957906,9108
sex_male,dep_hour_share_escort_13,0.06019122509159146,0.06091410776,-0.07228826684085449,9108
sex_male,dep_hour_share_escort_14,0.0998659637208471,0.08791399022,1.1951973500847104,9108
sex_male,dep_hour_share_escort_15,0.08987579304798499,0.1203340072,-3.045821415201501,9108
sex_male,dep_hour_share_escort_16,0.06431954248950049,0.05902922971,0.529031277950049,9108
sex_male,dep_hour_share_escort_17,0.06510588866053078,0.0580609601,0.7044928560530781,9108
sex_male,dep_hour_share_escort_18,0.06417657045840408,0.05167974161,1.2496828848404078,9108
sex_male,dep_hour_share_escort_19,0.027414886962737913,0.02912653228,-0.1711645317262086,9108
sex_male,dep_hour_share_escort_20,0.017103029219908854,0.005028268545,1.2074760674908855,9108
sex_male,dep_hour_share_escort_21,0.008488964346349746,0.005676595916,0.28123684303497454,9108
sex_male,dep_hour_share_escort_22,0.0052542221427933165,0.007935557272,-0.26813351292066834,9108
sex_male,dep_hour_share_escort_23,0.0033240997229916896,0.0,0.33240997229916897,9108
sex_male,dep_hour_share_escort_4,0.0005897596282727191,0.001720820398,-0.11310607697272808,9108
sex_male,dep_hour_share_escort_5,0.004575104995085336,0.001431914086,0.3143190909085336,9108
sex_male,dep_hour_share_escort_6,0.0435349834688589,0.02269539586,2.0839587608858903,9108
sex_male,dep_hour_share_escort_7,0.20532570815834153,0.234177484,-2.885177584165846,9108
sex_male,dep_hour_share_escort_8,0.09734608167277277,0.1216702233,-2.432414162722724,9108
sex_male,dep_hour_share_escort_9,0.032007863461710306,0.0179700834,1.4037780061710308,9108
sex_male,dep_hour_share_home_10,0.02703424095015478,0.03743581122,-1.0401570269845217,9108
sex_male,dep_hour_share_home_11,0.044671173163181505,0.05358675722,-0.8915584056818499,9108
sex_male,dep_hour_share_home_12,0.06791332364647167,0.05507148966,1.2841833986471665,9108
sex_male,dep_hour_share_home_13,0.0773232674205572,0.0832573536,-0.5934086179442799,9108
sex_male,dep_hour_share_home_14,0.08269315812748752,0.07822242687,0.4470731257487523,9108
sex_male,dep_hour_share_home_15,0.10817486891149157,0.1137515748,-0.5576705888508435,9108
sex_male,dep_hour_share_home_16,0.11295880977951861,0.1251375858,-1.2178776020481397,9108
sex_male,dep_hour_share_home_17,0.1040969107334639,0.1095121989,-0.5415288166536094,9108
sex_male,dep_hour_share_home_18,0.09207467306841872,0.0879490827,0.41255903684187245,9108
sex_male,dep_hour_share_home_19,0.05948101585697138,0.05532071646,0.41602993969713786,9108
sex_male,dep_hour_share_home_20,0.05333564975677554,0.04375319559,0.9582454166775535,9108
sex_male,dep_hour_share_home_21,0.03930759997472993,0.03449138369,0.4816216284729925,9108
sex_male,dep_hour_share_home_22,0.032757912691894625,0.02584664579,0.6911266901894624,9108
sex_male,dep_hour_share_home_23,0.019464274433002717,0.009451181261,1.0013093172002716,9108
sex_male,dep_hour_share_home_4,7.107208288584244e-05,0.0002239065549,-0.015283447201415758,9108
sex_male,dep_hour_share_home_5,0.0008370711984332554,0.002539370106,-0.17022989075667444,9108
sex_male,dep_hour_share_home_6,0.0023090530039800365,0.008438483909,-0.6129430905019964,9108
sex_male,dep_hour_share_home_7,0.008748183713437363,0.01737871523,-0.8630531516562638,9108
sex_male,dep_hour_share_home_8,0.017050982374123443,0.02970342999,-1.2652447615876556,9108
sex_male,dep_hour_share_home_9,0.026173479057426244,0.02576093963,0.04125394274262437,9108
sex_male,dep_hour_share_leisure_10,0.04567820093789967,0.0476208566,-0.19426556621003274,9108
sex_male,dep_hour_share_leisure_11,0.03441185874662498,0.04681338628,-1.240152753337502,9108
sex_male,dep_hour_share_leisure_12,0.049492859172943014,0.07180140224,-2.2308543067056994,9108
sex_male,dep_hour_share_leisure_13,0.055456870825635926,0.05005836285,0.5398507975635923,9108
sex_male,dep_hour_share_leisure_14,0.07410384396759984,0.07105050767,0.30533362975998374,9108
sex_male,dep_hour_share_leisure_15,0.09561514139548102,0.09058404604,0.5031095355481019,9108
sex_male,dep_hour_share_leisure_16,0.14053396333664914,0.1339227708,0.661119253664913,9108
sex_male,dep_hour_share_leisure_17,0.12930314764814552,0.1361222554,-0.6819107751854486,9108
sex_male,dep_hour_share_leisure_18,0.09582830041210744,0.1089172928,-1.308899238789256,9108
sex_male,dep_hour_share_leisure_19,0.07158590308370044,0.08238699501,-1.0801091926299564,9108
sex_male,dep_hour_share_leisure_20,0.036805456870825634,0.0298167936,0.6988663270825636,9108
sex_male,dep_hour_share_leisure_21,0.016950582634645446,0.01486654496,0.2084037674645446,9108
sex_male,dep_hour_share_leisure_22,0.008521919852209748,0.01069606242,-0.2174142567790251,9108
sex_male,dep_hour_share_leisure_23,0.0024690919425891717,0.002147782611,0.03213093315891716,9108
sex_male,dep_hour_share_leisure_4,0.0005817464828762256,0.0008314681938,-0.024972171092377433,9108
sex_male,dep_hour_share_leisure_5,0.005262363222964331,0.003971170718,0.12911925049643308,9108
sex_male,dep_hour_share_leisure_6,0.017234794656813983,0.009747817472,0.7486977184813982,9108
sex_male,dep_hour_share_leisure_7,0.030663812704277392,0.01451667347,1.6147139234277395,9108
sex_male,dep_hour_share_leisure_8,0.034176495665766665,0.03308655077,0.10899448957666646,9108
sex_male,dep_hour_share_leisure_9,0.05066967457723462,0.03981018078,1.0859493797234616,9108
sex_male,dep_hour_share_other_10,0.07921771456279296,0.1248488067,-4.563109213720703,9108
sex_male,dep_hour_share_other_11,0.08985938257636981,0.08420165709,0.5657725486369808,9108
sex_male,dep_hour_share_other_12,0.0752351705188298,0.04675220962,2.8482960898829806,9108
sex_male,dep_hour_share_other_13,0.06846613867787296,0.06130791317,0.7158225507872963,9108
sex_male,dep_hour_share_other_14,0.07458865362857604,0.08568848383,-1.1099830201423952,9108
sex_male,dep_hour_share_other_15,0.0914239534507839,0.1061339514,-1.4709997949216098,9108
sex_male,dep_hour_share_other_16,0.08437045417811541,0.09841154706,-1.4041092881884585,9108
sex_male,dep_hour_share_other_17,0.06302893163083885,0.07495270296,-1.1923771329161157,9108
sex_male,dep_hour_share_other_18,0.05049943429772103,0.02460323149,2.5896202807721034,9108
sex_male,dep_hour_share_other_19,0.028246322935186682,0.008847434274,1.9398888661186684,9108
sex_male,dep_hour_share_other_20,0.013421690641668014,0.006429992228,0.6991698413668014,9108
sex_male,dep_hour_share_other_21,0.012038144496524971,0.003661357578,0.8376786918524972,9108
sex_male,dep_hour_share_other_22,0.006639728462906094,0.00566919437,0.09705340929060938,9108
sex_male,dep_hour_share_other_23,0.005747535154355907,0.0,0.5747535154355907,9108
sex_male,dep_hour_share_other_4,0.0025278810408921933,0.0,0.2527881040892193,9108
sex_male,dep_hour_share_other_5,0.002948117019557136,0.003185347439,-0.023723041944286385,9108
sex_male,dep_hour_share_other_6,0.019195086471634072,0.01825104606,0.09440404116340707,9108
sex_male,dep_hour_share_other_7,0.061800549539356715,0.05422895338,0.7571596159356715,9108
sex_male,dep_hour_share_other_8,0.07907548084693712,0.07400193217,0.5073548676937114,9108
sex_male,dep_hour_share_other_9,0.08343946985614999,0.1179305069,-3.449103704385001,9108
sex_male,dep_hour_share_shop_10,0.11221881615121784,0.1058640198,0.6354796351217842,9108
sex_male,dep_hour_share_shop_11,0.08814306669360293,0.08977354814,-0.16304814463970752,9108
sex_male,dep_hour_share_shop_12,0.07921896547180915,0.07957753168,-0.03585662081908442,9108
sex_male,dep_hour_share_shop_13,0.057681666066456444,0.05634335872,0.13383073464564438,9108
sex_male,dep_hour_share_shop_14,0.07767305817354567,0.06437859708,1.3294461093545664,9108
sex_male,dep_hour_share_shop_15,0.09447601647796643,0.08182579393,1.2650222547966425,9108
sex_male,dep_hour_share_shop_16,0.0782791241029785,0.1141000252,-3.582090109702149,9108
sex_male,dep_hour_share_shop_17,0.08838022292685926,0.1088744128,-2.049418987314074,9108
sex_male,dep_hour_share_shop_18,0.06241600716738838,0.05866082733,0.3755179837388385,9108
sex_male,dep_hour_share_shop_19,0.01727727077093343,0.03049092249,-1.321365171906657,9108
sex_male,dep_hour_share_shop_20,0.005252571388417992,0.0113834525,-0.6130881111582008,9108
sex_male,dep_hour_share_shop_21,0.0012560496798390852,0.00851110749,-0.7255057810160914,9108
sex_male,dep_hour_share_shop_22,0.0006587673146009188,0.001417892457,-0.07591251423990812,9108
sex_male,dep_hour_share_shop_23,0.0005094467232913772,0.0005166611297,-0.0007214406408622863,9108
sex_male,dep_hour_share_shop_4,0.00019323841228293618,0.0,0.019323841228293618,9108
sex_male,dep_hour_share_shop_5,0.0008520057268838549,0.0007838084917,0.0068197235183854905,9108
sex_male,dep_hour_share_shop_6,0.012340907693523879,0.01376241825,-0.14215105564761213,9108
sex_male,dep_hour_share_shop_7,0.04485766234222523,0.03272807267,1.212958967222523,9108
sex_male,dep_hour_share_shop_8,0.0781122363832796,0.05444862939,2.3663606993279602,9108
sex_male,dep_hour_share_shop_9,0.0981563298755369,0.0865589205,1.1597409375536896,9108
sex_male,dep_hour_share_work_10,0.03052187246642462,0.02724383376,0.3278038706424621,9108
sex_male,dep_hour_share_work_11,0.02280217843420635,0.02989184421,-0.708966577579365,9108
sex_male,dep_hour_share_work_12,0.03191423737177906,0.05930075687,-2.7386519498220943,9108
sex_male,dep_hour_share_work_13,0.04560876308646762,0.05171918606,-0.6110422973532377,9108
sex_male,dep_hour_share_work_14,0.025388628432443865,0.02355686001,0.18317684224438657,9108
sex_male,dep_hour_share_work_15,0.0236437660826959,0.01577958027,0.78641858126959,9108
sex_male,dep_hour_share_work_16,0.017404561316930453,0.01096399505,0.6440566266930453,9108
sex_male,dep_hour_share_work_17,0.009609961577778561,0.01156810964,-0.19581480622214378,9108
sex_male,dep_hour_share_work_18,0.005798582960273538,0.003114235959,0.26843470012735376,9108
sex_male,dep_hour_share_work_19,0.0035690366244844726,0.001370208538,0.21988280864844728,9108
sex_male,dep_hour_share_work_20,0.006274454510204801,0.008330178763,-0.20557242527951997,9108
sex_male,dep_hour_share_work_21,0.005626740456131693,0.01031335315,-0.4686612693868306,9108
sex_male,dep_hour_share_work_22,0.0014143959956290316,0.0002907829154,0.11236130802290316,9108
sex_male,dep_hour_share_work_23,0.0009649617540272833,0.000265107831,0.06998539230272834,9108
sex_male,dep_hour_share_work_4,0.033293383622968735,0.01759090689,1.5702476732968735,9108
sex_male,dep_hour_share_work_5,0.13197944939899187,0.1098712613,2.210818809899187,9108
sex_male,dep_hour_share_work_6,0.22482727625224716,0.1903818965,3.444537975224715,9108
sex_male,dep_hour_share_work_7,0.20147872677923084,0.2591743915,-5.769566472076915,9108
sex_male,dep_hour_share_work_8,0.11335436568084882,0.1251315612,-1.1777195519151171,9108
sex_male,dep_hour_share_work_9,0.04896189502626106,0.03908736603,0.987452899626106,9108
sex_male,mean_work_activity_h,5.765142261645097,6.601615795,-0.8364735333549032,9108
sex_male,mobility_rate,0.8516158471010836,0.8450434006,0.6572446501083573,9108
sex_male,n_persons_unweighted,497479.0,9108.0,488371.0,9108
sex_male,n_persons_weighted,497479.0,390275.5205,107203.47950000002,9108
sex_male,n_work_activities_measured,226941.0,3566.0,223375.0,9108
sex_male,nonhome_acts_per_mobile,2.0820703345363394,2.092983074,-0.010912739463660781,9108
sex_male,participation_education,0.17014386536919146,0.1794297743,-0.9285908930808551,9108
sex_male,participation_escort,0.07862844461776276,0.08649845022,-0.7870005602237231,9108
sex_male,participation_home,0.8516158471010836,0.8343357191,1.7280128001083583,9108
sex_male,participation_leisure,0.3561878993887179,0.3739004314,-1.771253201128209,9108
sex_male,participation_other,0.23370835753871017,0.157487502,7.622085553871017,9108
sex_male,participation_shop,0.18810241236313494,0.2584351105,-7.033269813686507,9108
sex_male,participation_work,0.3481734907403127,0.3532285264,-0.5055035659687346,9108
sex_male,purpose_share_education,0.06961020345130711,0.06308262542,0.6527578031307115,9108
sex_male,purpose_share_escort,0.03692785094492533,0.0421139333,-0.5186082355074673,9108
sex_male,purpose_share_home,0.41785788766489007,0.4261234955,-0.8265607835109934,9108
sex_male,purpose_share_leisure,0.14861158407974384,0.1616213085,-1.3009724420256163,9108
sex_male,purpose_share_other,0.10207873013861721,0.06366749713,3.841123300861721,9108
sex_male,purpose_share_shop,0.07513535702312223,0.1042435209,-2.910816387687777,9108
sex_male,purpose_share_work,0.14977838669739424,0.1391476193,1.063076739739424,9108
sex_male,share_mobile_first_from_home,1.0,0.9692147464,3.078525359999995,9108
sex_male,share_mobile_last_to_home,1.0,0.9705553993,2.944460069999999,9108
sex_male,share_mobile_odd_trip_count,0.2679831280198083,0.2220121475,4.5970980519808275,9108
sex_male,share_trips_0,0.14838415289891635,0.1549565994,-0.6572446501083656,9108
sex_male,share_trips_1,0.0010070776856912554,0.00676106761,-0.5753989924308746,9108
sex_male,share_trips_2,0.3409390145111653,0.33490715,0.603186451116533,9108
sex_male,share_trips_3,0.1073231231871094,0.08369665326,2.36264699271094,9108
sex_male,share_trips_4,0.19884658447894282,0.2208545976,-2.2008013121057184,9108
sex_male,share_trips_5,0.08753736338619318,0.06125010788,2.628725550619318,9108
sex_male,share_trips_6,0.06031812398111277,0.07099178493,-1.0673660948887227,9108
sex_male,share_trips_7,0.024847279985687837,0.02726642631,-0.24191463243121644,9108
sex_male,share_trips_8plus,0.03079727988518108,0.03931561299,-0.8518333104818917,9108
sex_male,share_trips_followed_by_same_purpose,0.11288419352028574,0.04278463245,7.009956107028574,9108
sex_male,share_trips_home_based,0.80974715756851,0.8515199607,-4.1772803131490015,9108
sex_male,share_trips_unknown_purpose,0.0,0.0004216156738,-0.04216156738,9108
sex_male,share_work_activities_lt_2h,0.22812096536104098,0.1213007249,10.682024046104099,9108
sex_male,tours_per_mobile,1.4944967792645536,1.552972152,-0.05847537273544634,9108
sex_male,trips_per_mobile_person,3.5765671138008925,3.645955225,-0.06938811119910726,9108
sex_male,trips_per_person,3.0458612323334253,3.080990402,-0.03512916966657453,9108
sex_male,trips_per_person_education,0.2120230200671787,0.1942750195,0.017748000567178707,9108
sex_male,trips_per_person_escort,0.11247710958653531,0.1296979185,-0.017220808913464697,9108
sex_male,trips_per_person_home,1.272737140663224,1.312328868,-0.03959172733677607,9108
sex_male,trips_per_person_leisure,0.452650262624151,0.497743755,-0.04509349237584903,9108
sex_male,trips_per_person_other,0.31091764677503975,0.1960762439,0.11484140287503974,9108
sex_male,trips_per_person_shop,0.22885187113425892,0.3210378755,-0.09218600436574109,9108
sex_male,trips_per_person_work,0.4562041814830375,0.4285317276,0.027672453883037462,9108
