segment,metric,model,srv,delta_pp,n_srv
kreis_03101,dep_hour_share_all_10,0.04654538284029798,0.04768783712,-0.11424542797020196,4519.0
kreis_03101,dep_hour_share_all_11,0.04899651923655338,0.05982544237,-1.082892313344662,4519.0
kreis_03101,dep_hour_share_all_12,0.06119229564399116,0.0566705804,0.45217152439911634,4519.0
kreis_03101,dep_hour_share_all_13,0.0632453095807733,0.07240278203,-0.9157472449226698,4519.0
kreis_03101,dep_hour_share_all_14,0.06903493368577779,0.07081130982,-0.17763761342222129,4519.0
kreis_03101,dep_hour_share_all_15,0.08812109911751602,0.09227897368,-0.4157874562483982,4519.0
kreis_03101,dep_hour_share_all_16,0.08854543026554394,0.0956105496,-0.7065119334456055,4519.0
kreis_03101,dep_hour_share_all_17,0.08300915681656788,0.09057934006,-0.7570183243432116,4519.0
kreis_03101,dep_hour_share_all_18,0.06828736204557566,0.06391969238,0.4367669665575655,4519.0
kreis_03101,dep_hour_share_all_19,0.04566427169174588,0.0429888639,0.2675407791745882,4519.0
kreis_03101,dep_hour_share_all_20,0.03308659725108298,0.02757435138,0.5512245871082982,4519.0
kreis_03101,dep_hour_share_all_21,0.02099939969622882,0.02015657983,0.08428198662288194,4519.0
kreis_03101,dep_hour_share_all_22,0.016389166576184288,0.01470191907,0.16872475061842884,4519.0
kreis_03101,dep_hour_share_all_23,0.008323130665288838,0.006778047623,0.15450830422888373,4519.0
kreis_03101,dep_hour_share_all_4,0.00438808328372403,0.001778546951,0.26095363327240295,4519.0
kreis_03101,dep_hour_share_all_5,0.013161753785595455,0.007976812978,0.5184940807595455,4519.0
kreis_03101,dep_hour_share_all_6,0.043964451034057564,0.02687070239,1.7093748644057563,4519.0
kreis_03101,dep_hour_share_all_7,0.08248373501268626,0.09452740564,-1.204367062731375,4519.0
kreis_03101,dep_hour_share_all_8,0.05646225137626816,0.0597203073,-0.3258055923731837,4519.0
kreis_03101,dep_hour_share_all_9,0.047075796775332884,0.04474744367,0.23283531053328865,4519.0
kreis_03101,dep_hour_share_education_10,0.023793959994770558,0.02053195257,0.32620074247705566,4519.0
kreis_03101,dep_hour_share_education_11,0.039687727620790765,0.03082812426,0.8859603360790766,4519.0
kreis_03101,dep_hour_share_education_12,0.03464505164073735,0.03279441828,0.1850633360737347,4519.0
kreis_03101,dep_hour_share_education_13,0.04056552677287414,0.04742332445,-0.6857797677125861,4519.0
kreis_03101,dep_hour_share_education_14,0.023737930261658855,0.02829449134,-0.4556561078341143,4519.0
kreis_03101,dep_hour_share_education_15,0.03356181013391106,0.02188450235,1.167730778391106,4519.0
kreis_03101,dep_hour_share_education_16,0.023252339241357414,0.02514131497,-0.18889757286425848,4519.0
kreis_03101,dep_hour_share_education_17,0.009319612274246866,0.008888763946,0.04308483282468665,4519.0
kreis_03101,dep_hour_share_education_18,0.006013858020656295,0.003465831918,0.25480261026562945,4519.0
kreis_03101,dep_hour_share_education_19,0.0010458883514184861,0.005285766938,-0.4239878586581513,4519.0
kreis_03101,dep_hour_share_education_20,0.0005976504865248492,0.0009515474552,-0.035389696867515086,4519.0
kreis_03101,dep_hour_share_education_21,0.0005229441757092431,0.0,0.052294417570924304,4519.0
kreis_03101,dep_hour_share_education_22,0.00022411893244681845,0.0,0.022411893244681843,4519.0
kreis_03101,dep_hour_share_education_23,9.338288851950768e-05,0.0,0.009338288851950767,4519.0
kreis_03101,dep_hour_share_education_4,0.00046691444259753845,0.0,0.04669144425975384,4519.0
kreis_03101,dep_hour_share_education_5,0.0025586911454345104,0.0,0.25586911454345107,4519.0
kreis_03101,dep_hour_share_education_6,0.15363352819229403,0.03835223238,11.528129581229404,4519.0
kreis_03101,dep_hour_share_education_7,0.42931849167958464,0.5734807602,-14.416226852041541,4519.0
kreis_03101,dep_hour_share_education_8,0.13082942681583026,0.1071521884,2.367723841583026,4519.0
kreis_03101,dep_hour_share_education_9,0.044151429692023236,0.05552478052,-1.137335082797676,4519.0
kreis_03101,dep_hour_share_escort_10,0.017744641192917056,0.01426058452,0.34840566729170563,4519.0
kreis_03101,dep_hour_share_escort_11,0.031239515377446413,0.01673303493,1.4506480447446413,4519.0
kreis_03101,dep_hour_share_escort_12,0.0627027027027027,0.04311350857,1.95891941327027,4519.0
kreis_03101,dep_hour_share_escort_13,0.06490214352283318,0.06740651589,-0.25043723671668294,4519.0
kreis_03101,dep_hour_share_escort_14,0.14285181733457594,0.149648673,-0.6796855665424067,4519.0
kreis_03101,dep_hour_share_escort_15,0.137856477166822,0.1296761603,0.8180316866821996,4519.0
kreis_03101,dep_hour_share_escort_16,0.06821994408201305,0.05898405193,0.923589215201305,4519.0
kreis_03101,dep_hour_share_escort_17,0.04607642124883504,0.05730475698,-1.122833573116496,4519.0
kreis_03101,dep_hour_share_escort_18,0.03791239515377447,0.04755531218,-0.9642917026225537,4519.0
kreis_03101,dep_hour_share_escort_19,0.013159366262814538,0.006061524081,0.7097842181814539,4519.0
kreis_03101,dep_hour_share_escort_20,0.01353215284249767,0.003375638135,1.015651470749767,4519.0
kreis_03101,dep_hour_share_escort_21,0.007082945013979497,0.005019465352,0.20634796619794965,4519.0
kreis_03101,dep_hour_share_escort_22,0.004212488350419385,0.04399348222,-3.9780993869580614,4519.0
kreis_03101,dep_hour_share_escort_23,0.0017893755824790307,0.0,0.17893755824790306,4519.0
kreis_03101,dep_hour_share_escort_4,0.0015284249767008387,0.0,0.15284249767008387,4519.0
kreis_03101,dep_hour_share_escort_5,0.0030195712954333644,0.0,0.3019571295433364,4519.0
kreis_03101,dep_hour_share_escort_6,0.04644920782851817,0.009420544121,3.702866370751817,4519.0
kreis_03101,dep_hour_share_escort_7,0.17427772600186392,0.2091592327,-3.488150669813608,4519.0
kreis_03101,dep_hour_share_escort_8,0.09960857409133271,0.1103325865,-1.0724012408667285,4519.0
kreis_03101,dep_hour_share_escort_9,0.02315004659832246,0.02210900321,0.10410433883224629,4519.0
kreis_03101,dep_hour_share_home_10,0.032307014685829444,0.03475853875,-0.24515240641705544,4519.0
kreis_03101,dep_hour_share_home_11,0.046766583402719955,0.06199770507,-1.5231121667280043,4519.0
kreis_03101,dep_hour_share_home_12,0.07168844803243674,0.04503452745,2.6653920582436736,4519.0
kreis_03101,dep_hour_share_home_13,0.07436737501357564,0.09082291551,-1.6455540496424366,4519.0
kreis_03101,dep_hour_share_home_14,0.07836163100797644,0.07274032995,0.5621301057976438,4519.0
kreis_03101,dep_hour_share_home_15,0.10196514981476788,0.1123338805,-1.0368730685232115,4519.0
kreis_03101,dep_hour_share_home_16,0.10460485827028201,0.122242975,-1.763811672971799,4519.0
kreis_03101,dep_hour_share_home_17,0.10869866898357648,0.1193938817,-1.0695212716423512,4519.0
kreis_03101,dep_hour_share_home_18,0.09328880522270089,0.08822572569,0.5063079532700882,4519.0
kreis_03101,dep_hour_share_home_19,0.06630344278318792,0.05534110244,1.0962340343187924,4519.0
kreis_03101,dep_hour_share_home_20,0.05736765256006468,0.04714811709,1.0219535470064685,4519.0
kreis_03101,dep_hour_share_home_21,0.04079330026909942,0.03676528799,0.40280122790994216,4519.0
kreis_03101,dep_hour_share_home_22,0.03386067166250347,0.02422624834,0.9634423322503471,4519.0
kreis_03101,dep_hour_share_home_23,0.017799177014323812,0.01383220433,0.3966972684323812,4519.0
kreis_03101,dep_hour_share_home_4,6.938662225922843e-05,0.001314338049,-0.12449514267407716,4519.0
kreis_03101,dep_hour_share_home_5,0.000579227455381385,0.0008203007169,-0.0241073261518615,4519.0
kreis_03101,dep_hour_share_home_6,0.001909640516960504,0.004059743068,-0.2150102551039496,4519.0
kreis_03101,dep_hour_share_home_7,0.008564722634519543,0.01706015141,-0.8495428775480455,4519.0
kreis_03101,dep_hour_share_home_8,0.017947000687832605,0.02381268918,-0.5865688492167395,4519.0
kreis_03101,dep_hour_share_home_9,0.02472275519192943,0.02437431795,0.03484372419294314,4519.0
kreis_03101,dep_hour_share_leisure_10,0.05066672755502786,0.05049671566,0.0170011895027862,4519.0
kreis_03101,dep_hour_share_leisure_11,0.04038420555910738,0.05309479879,-1.2710593230892624,4519.0
kreis_03101,dep_hour_share_leisure_12,0.04579565865984717,0.07241167753,-2.661601887015282,4519.0
kreis_03101,dep_hour_share_leisure_13,0.055172466283069994,0.05821315957,-0.30406932869300046,4519.0
kreis_03101,dep_hour_share_leisure_14,0.07340853045940268,0.06831086682,0.5097663639402685,4519.0
kreis_03101,dep_hour_share_leisure_15,0.10078545985934789,0.1002183477,0.05671121593478906,4519.0
kreis_03101,dep_hour_share_leisure_16,0.1277818370018571,0.1261105894,0.16712476018571065,4519.0
kreis_03101,dep_hour_share_leisure_17,0.1249809723871282,0.1180175561,0.6963416287128197,4519.0
kreis_03101,dep_hour_share_leisure_18,0.10349499193229214,0.1004245207,0.3070471232292135,4519.0
kreis_03101,dep_hour_share_leisure_19,0.07278442475720766,0.09438887854,-2.160445378279234,4519.0
kreis_03101,dep_hour_share_leisure_20,0.03808566992419399,0.03233891003,0.5746759894193987,4519.0
kreis_03101,dep_hour_share_leisure_21,0.013562882455018722,0.01484423459,-0.12813521349812773,4519.0
kreis_03101,dep_hour_share_leisure_22,0.0066139982342375255,0.0118752588,-0.5261260565762474,4519.0
kreis_03101,dep_hour_share_leisure_23,0.0027095320729442567,0.002511792798,0.019773927494425678,4519.0
kreis_03101,dep_hour_share_leisure_4,0.00038816330258471094,0.003523407115,-0.31352438124152887,4519.0
kreis_03101,dep_hour_share_leisure_5,0.004589460224678053,0.003262851437,0.1326608787678053,4519.0
kreis_03101,dep_hour_share_leisure_6,0.01617347094102962,0.008722591137,0.7450879804029621,4519.0
kreis_03101,dep_hour_share_leisure_7,0.025968886047432034,0.01670159881,0.9267287237432035,4519.0
kreis_03101,dep_hour_share_leisure_8,0.035825189515024204,0.0310501451,0.4775044415024205,4519.0
kreis_03101,dep_hour_share_leisure_9,0.057158949066885865,0.033145983,2.401296606688587,4519.0
kreis_03101,dep_hour_share_other_10,0.07900345155088143,0.1097865958,-3.078314424911857,4519.0
kreis_03101,dep_hour_share_other_11,0.07763673006092335,0.07884335742,-0.12066273590766452,4519.0
kreis_03101,dep_hour_share_other_12,0.08460932613681114,0.04660928546,3.800004067681115,4519.0
kreis_03101,dep_hour_share_other_13,0.07299219347216752,0.0674063884,0.5585805072167521,4519.0
kreis_03101,dep_hour_share_other_14,0.0880724594037388,0.1276187168,-3.9546257396261204,4519.0
kreis_03101,dep_hour_share_other_15,0.10566610299057194,0.1215248284,-1.5858725409428065,4519.0
kreis_03101,dep_hour_share_other_16,0.10139220273807593,0.08850395204,1.2888250698075934,4519.0
kreis_03101,dep_hour_share_other_17,0.0625680465148602,0.0612286676,0.13393789148601967,4519.0
kreis_03101,dep_hour_share_other_18,0.0464453658875582,0.01906266383,2.7382702057558204,4519.0
kreis_03101,dep_hour_share_other_19,0.025272765178716208,0.008143389339,1.7129375839716208,4519.0
kreis_03101,dep_hour_share_other_20,0.01377145636915379,0.006035542698,0.773591367115379,4519.0
kreis_03101,dep_hour_share_other_21,0.00865204197456508,0.01073811873,-0.20860767554349186,4519.0
kreis_03101,dep_hour_share_other_22,0.005130996780096829,0.002364734062,0.27662627180968286,4519.0
kreis_03101,dep_hour_share_other_23,0.0031504088582084365,0.006819974246,-0.36695653877915635,4519.0
kreis_03101,dep_hour_share_other_4,0.0006370312029465589,0.0,0.06370312029465588,4519.0
kreis_03101,dep_hour_share_other_5,0.002710278208899905,0.0,0.2710278208899905,4519.0
kreis_03101,dep_hour_share_other_6,0.013296578563320902,0.01169958313,0.15969954333209022,4519.0
kreis_03101,dep_hour_share_other_7,0.05039495934582686,0.04960291759,0.07920417558268666,4519.0
kreis_03101,dep_hour_share_other_8,0.07372188375917904,0.08067309692,-0.6951213160820966,4519.0
kreis_03101,dep_hour_share_other_9,0.07926984641756817,0.09899760006,-1.9727753642431831,4519.0
kreis_03101,dep_hour_share_shop_10,0.1190542829785667,0.09419011631,2.4864166668566696,4519.0
kreis_03101,dep_hour_share_shop_11,0.09025557928850261,0.1044476569,-1.4192077611497391,4519.0
kreis_03101,dep_hour_share_shop_12,0.0780584812550637,0.08265072538,-0.4592244124936293,4519.0
kreis_03101,dep_hour_share_shop_13,0.06811519481476026,0.07090172509,-0.2786530275239743,4519.0
kreis_03101,dep_hour_share_shop_14,0.06919054282978566,0.075349347,-0.6158804170214333,4519.0
kreis_03101,dep_hour_share_shop_15,0.09511674154820653,0.1029787233,-0.7861981751793479,4519.0
kreis_03101,dep_hour_share_shop_16,0.08717684319069013,0.09980711195,-1.2630268759309864,4519.0
kreis_03101,dep_hour_share_shop_17,0.09052073359357737,0.1030396687,-1.251893510642263,4519.0
kreis_03101,dep_hour_share_shop_18,0.06356337924431023,0.05472815649,0.8835222754310229,4519.0
kreis_03101,dep_hour_share_shop_19,0.026692200044192385,0.02009529869,0.6596901354192386,4519.0
kreis_03101,dep_hour_share_shop_20,0.006098549016719452,0.01066398826,-0.4565439243280548,4519.0
kreis_03101,dep_hour_share_shop_21,0.005170508948957796,0.007219031324,-0.20485223750422044,4519.0
kreis_03101,dep_hour_share_shop_22,0.005303086101495175,0.001594011209,0.37090748924951755,4519.0
kreis_03101,dep_hour_share_shop_23,0.0004861162259703911,0.001428227147,-0.0942110921029609,4519.0
kreis_03101,dep_hour_share_shop_4,8.838476835825293e-05,0.0,0.008838476835825292,4519.0
kreis_03101,dep_hour_share_shop_5,0.0004124622523385137,0.0005067921782,-0.009432992586148636,4519.0
kreis_03101,dep_hour_share_shop_6,0.004743315901892907,0.00837450019,-0.36311842881070927,4519.0
kreis_03101,dep_hour_share_shop_7,0.02454150401414156,0.02719511611,-0.26536120958584386,4519.0
kreis_03101,dep_hour_share_shop_8,0.06916108124033292,0.04254401445,2.661706679033292,4519.0
kreis_03101,dep_hour_share_shop_9,0.09340796935994697,0.09228578924,0.11221801199469694,4519.0
kreis_03101,dep_hour_share_work_10,0.03155886942951275,0.03514968477,-0.35908153404872534,4519.0
kreis_03101,dep_hour_share_work_11,0.02560545633200393,0.03869775956,-1.3092303227996074,4519.0
kreis_03101,dep_hour_share_work_12,0.029959732578078338,0.0689206516,-3.8960919021921656,4519.0
kreis_03101,dep_hour_share_work_13,0.03792651677167023,0.05130043392,-1.337391714832977,4519.0
kreis_03101,dep_hour_share_work_14,0.02207001522070015,0.03559415257,-1.3524137349299852,4519.0
kreis_03101,dep_hour_share_work_15,0.024006319480569523,0.01882791838,0.5178401100569524,4519.0
kreis_03101,dep_hour_share_work_16,0.0167427701674277,0.01534365213,0.13991180374277012,4519.0
kreis_03101,dep_hour_share_work_17,0.007494749821782941,0.01283202216,-0.5337272338217058,4519.0
kreis_03101,dep_hour_share_work_18,0.005115311253684758,0.002466888062,0.2648423191684758,4519.0
kreis_03101,dep_hour_share_work_19,0.006213513669730073,0.001465515567,0.4747998102730073,4519.0
kreis_03101,dep_hour_share_work_20,0.004749243781669653,0.005188446893,-0.043920311133034684,4519.0
kreis_03101,dep_hour_share_work_21,0.001984471032502938,0.005495518164,-0.35110471314970615,4519.0
kreis_03101,dep_hour_share_work_22,0.0010693023524651754,0.0,0.10693023524651754,4519.0
kreis_03101,dep_hour_share_work_23,0.000529834498969231,0.0004100550272,0.011977947176923102,4519.0
kreis_03101,dep_hour_share_work_4,0.03193457025605456,0.004734940982,2.719962927405456,4519.0
kreis_03101,dep_hour_share_work_5,0.08931082981715893,0.05358261365,3.5728216167158933,4519.0
kreis_03101,dep_hour_share_work_6,0.20737722289655705,0.1467060386,6.067118429655705,4519.0
kreis_03101,dep_hour_share_work_7,0.25201818777334645,0.2640257821,-1.2007594326653548,4519.0
kreis_03101,dep_hour_share_work_8,0.13340269348592568,0.1802284275,-4.682573401407433,4519.0
kreis_03101,dep_hour_share_work_9,0.056306957208639194,0.05651873313,-0.021177592136080448,4519.0
kreis_03101,mean_work_activity_h,5.708626464046489,5.906851596,-0.1982251319535111,4519.0
kreis_03101,mobility_rate,0.8472375952689668,0.8532543912,-0.6016795931033214,4519.0
kreis_03101,n_persons_unweighted,252968.0,4519.0,248449.0,4519.0
kreis_03101,n_persons_weighted,252968.0,252816.0,152.0,4519.0
kreis_03101,n_work_activities_measured,103708.0,1988.0,101720.0,4519.0
kreis_03101,nonhome_acts_per_mobile,2.191938373677236,2.258748975,-0.06681060132276384,4519.0
kreis_03101,participation_education,0.16765361626767022,0.1758203279,-0.8166711632329765,4519.0
kreis_03101,participation_escort,0.0709971221656494,0.07505334494,-0.4056222774350596,4519.0
kreis_03101,participation_home,0.8472375952689668,0.8410964282,0.6141167068966835,4519.0
kreis_03101,participation_leisure,0.3887250561335821,0.417759712,-2.90346558664179,4519.0
kreis_03101,participation_other,0.250347870086335,0.1661717134,8.417615668633502,4519.0
kreis_03101,participation_shop,0.2218857721134689,0.3051895512,-8.33037790865311,4519.0
kreis_03101,participation_work,0.3305042535024193,0.3444301713,-1.3925917797580678,4519.0
kreis_03101,purpose_share_education,0.06682341958487933,0.06254172817,0.42816914148793295,4519.0
kreis_03101,purpose_share_escort,0.03347847954661465,0.03652324792,-0.30447683733853537,4519.0
kreis_03101,purpose_share_home,0.4136929165403033,0.4143342663,-0.06413497596966522,4519.0
kreis_03101,purpose_share_leisure,0.1639765319914485,0.1750090584,-1.1032526408551513,4519.0
kreis_03101,purpose_share_other,0.10775265487774895,0.06245350583,4.529914904774895,4519.0
kreis_03101,purpose_share_shop,0.08472270583492769,0.1187333581,-3.401065226507231,4519.0
kreis_03101,purpose_share_work,0.12955329162407755,0.1304048353,-0.08515436759224393,4519.0
kreis_03101,share_mobile_first_from_home,1.0,0.9765953407,2.340465930000002,4519.0
kreis_03101,share_mobile_last_to_home,1.0,0.972429834,2.757016599999995,4519.0
kreis_03101,share_mobile_odd_trip_count,0.30380638659226217,0.2506396326,5.3166753992262175,4519.0
kreis_03101,share_trips_0,0.15276240473103317,0.1467456088,0.6016795931033159,4519.0
kreis_03101,share_trips_1,0.0006048195819234053,0.006412655869,-0.5807836287076594,4519.0
kreis_03101,share_trips_2,0.29753960975301225,0.2915493441,0.599026565301225,4519.0
kreis_03101,share_trips_3,0.12001122671642263,0.08743882215,3.257240456642263,4519.0
kreis_03101,share_trips_4,0.19486654438506057,0.23078466,-3.591811561493943,4519.0
kreis_03101,share_trips_5,0.09473134941968944,0.07522695049,1.9504398929689444,4519.0
kreis_03101,share_trips_6,0.0745074475823029,0.08162127706,-0.7113829477697092,4519.0
kreis_03101,share_trips_7,0.03279861484456532,0.03220095058,0.05976642645653188,4519.0
kreis_03101,share_trips_8plus,0.032177982985990325,0.04801973094,-1.5841747954009673,4519.0
kreis_03101,share_trips_followed_by_same_purpose,0.10991175160153807,0.05303718818,5.687456342153807,4519.0
kreis_03101,share_trips_home_based,0.8041636869883846,0.8289227483,-2.4759061311615427,4519.0
kreis_03101,share_trips_unknown_purpose,0.0,0.0009975171235,-0.09975171235,4519.0
kreis_03101,share_work_activities_lt_2h,0.20585682878852163,0.1202949916,8.556183718852163,4519.0
kreis_03101,tours_per_mobile,1.5466116720479275,1.595251636,-0.048639963952072485,4519.0
kreis_03101,trips_per_mobile_person,3.7385500457251637,3.85400061,-0.11545056427483624,4519.0
kreis_03101,trips_per_person,3.1674401505328738,3.288442944,-0.12100279346712606,4519.0
kreis_03101,trips_per_person_education,0.21165918218905158,0.2054597505,0.006199431689051571,4519.0
kreis_03101,trips_per_person_escort,0.10604108029474084,0.1199848105,-0.013943730205259158,4519.0
kreis_03101,trips_per_person_home,1.310347553840802,1.361155463,-0.05080790915919797,4519.0
kreis_03101,trips_per_person_leisure,0.5193858511748521,0.5749332249,-0.05554737372514784,4519.0
kreis_03101,trips_per_person_other,0.3413000853862939,0.2051699257,0.1361301596862939,4519.0
kreis_03101,trips_per_person_shop,0.26835410012333577,0.3900583952,-0.12170429507666425,4519.0
kreis_03101,trips_per_person_work,0.4103522975237975,0.4284010964,-0.018048798876202532,4519.0
kreis_03102,dep_hour_share_all_10,0.04451060218276333,0.05599799838,-1.1487396197236668,1794.0
kreis_03102,dep_hour_share_all_11,0.04961277831558567,0.05435093842,-0.47381601044143296,1794.0
kreis_03102,dep_hour_share_all_12,0.06046360513997003,0.06319435206,-0.27307469200299683,1794.0
kreis_03102,dep_hour_share_all_13,0.06623546261056372,0.06619872613,0.003673648056372325,1794.0
kreis_03102,dep_hour_share_all_14,0.0747125674654219,0.06538420907,0.9328358395421898,1794.0
kreis_03102,dep_hour_share_all_15,0.08910740097335862,0.08964608147,-0.05386804966413805,1794.0
kreis_03102,dep_hour_share_all_16,0.08900131284064236,0.08734953676,0.16517760806423615,1794.0
kreis_03102,dep_hour_share_all_17,0.07631715047275524,0.07466723082,0.16499196527552384,1794.0
kreis_03102,dep_hour_share_all_18,0.05745335437414632,0.0545953237,0.2858030674146327,1794.0
kreis_03102,dep_hour_share_all_19,0.034167009242928564,0.04411365433,-0.9946645087071437,1794.0
kreis_03102,dep_hour_share_all_20,0.027659165351615854,0.01856791988,0.9091245471615855,1794.0
kreis_03102,dep_hour_share_all_21,0.017918948666604782,0.02047187277,-0.25529241033952177,1794.0
kreis_03102,dep_hour_share_all_22,0.01313172167778382,0.01109499983,0.2036721847783819,1794.0
kreis_03102,dep_hour_share_all_23,0.006885782864114363,0.002286324245,0.45994586191143627,1794.0
kreis_03102,dep_hour_share_all_4,0.005383972735349892,0.004248621672,0.11353510633498919,1794.0
kreis_03102,dep_hour_share_all_5,0.018416236788712223,0.02066589265,-0.2249655861287777,1794.0
kreis_03102,dep_hour_share_all_6,0.05001060881327163,0.03642322146,1.3587387353271627,1794.0
kreis_03102,dep_hour_share_all_7,0.09734580752960521,0.1066172801,-0.927147257039479,1794.0
kreis_03102,dep_hour_share_all_8,0.06069235767613945,0.07298458603,-1.2292228353860555,1794.0
kreis_03102,dep_hour_share_all_9,0.04751090718614489,0.04805610009,-0.05451929038551087,1794.0
kreis_03102,dep_hour_share_education_10,0.018892283857640833,0.005463369422,1.3428914435640833,1794.0
kreis_03102,dep_hour_share_education_11,0.02379825278650428,0.008815438064,1.498281472250428,1794.0
kreis_03102,dep_hour_share_education_12,0.019968154236777554,0.02082189191,-0.08537376732224468,1794.0
kreis_03102,dep_hour_share_education_13,0.029694022464173516,0.02006965188,0.9624370584173515,1794.0
kreis_03102,dep_hour_share_education_14,0.02379825278650428,0.01377510542,1.0023147366504281,1794.0
kreis_03102,dep_hour_share_education_15,0.03141541507079227,0.007347558802,2.4067856268792274,1794.0
kreis_03102,dep_hour_share_education_16,0.01906442311830271,0.01565707294,0.34073501783027094,1794.0
kreis_03102,dep_hour_share_education_17,0.007789301544949864,0.0292680655,-2.1478763955050133,1794.0
kreis_03102,dep_hour_share_education_18,0.004647760037870637,0.008138399725,-0.3490639687129363,1794.0
kreis_03102,dep_hour_share_education_19,0.0013340792701295348,0.0,0.13340792701295348,1794.0
kreis_03102,dep_hour_share_education_20,0.00043034815165468864,0.0,0.043034815165468865,1794.0
kreis_03102,dep_hour_share_education_21,0.00012910444549640659,0.0,0.01291044454964066,1794.0
kreis_03102,dep_hour_share_education_22,0.00012910444549640659,0.0,0.01291044454964066,1794.0
kreis_03102,dep_hour_share_education_23,8.606963033093773e-05,0.0,0.008606963033093773,1794.0
kreis_03102,dep_hour_share_education_4,0.0008606963033093773,0.0,0.08606963033093773,1794.0
kreis_03102,dep_hour_share_education_5,0.00494900374402892,0.0,0.494900374402892,1794.0
kreis_03102,dep_hour_share_education_6,0.173473339932005,0.06901546842,10.4457871512005,1794.0
kreis_03102,dep_hour_share_education_7,0.4806988853982872,0.6150964299,-13.439754450171282,1794.0
kreis_03102,dep_hour_share_education_8,0.12157335284244954,0.1660756636,-4.450231075755047,1794.0
kreis_03102,dep_hour_share_education_9,0.03533158325084994,0.02045588436,1.4875698890849938,1794.0
kreis_03102,dep_hour_share_escort_10,0.021035386631716908,0.01862516033,0.24102263017169062,1794.0
kreis_03102,dep_hour_share_escort_11,0.03283093053735255,0.02053651758,1.2294412957352552,1794.0
kreis_03102,dep_hour_share_escort_12,0.06166448230668414,0.0642005887,-0.25361063933158623,1794.0
kreis_03102,dep_hour_share_escort_13,0.06743119266055046,0.0757287673,-0.8297574639449536,1794.0
kreis_03102,dep_hour_share_escort_14,0.12503276539973787,0.06950923725,5.552352814973788,1794.0
kreis_03102,dep_hour_share_escort_15,0.13112712975098295,0.1136989828,1.742814695098295,1794.0
kreis_03102,dep_hour_share_escort_16,0.0682175622542595,0.06200208645,0.6215475804259497,1794.0
kreis_03102,dep_hour_share_escort_17,0.05340760157273919,0.05272871415,0.0678887422739187,1794.0
kreis_03102,dep_hour_share_escort_18,0.03840104849279161,0.02508727222,1.331377627279161,1794.0
kreis_03102,dep_hour_share_escort_19,0.01795543905635649,0.03263084378,-1.4675404723643513,1794.0
kreis_03102,dep_hour_share_escort_20,0.012516382699868938,0.004882833198,0.7633549501868939,1794.0
kreis_03102,dep_hour_share_escort_21,0.003800786369593709,0.0,0.3800786369593709,1794.0
kreis_03102,dep_hour_share_escort_22,0.001965923984272608,0.0,0.19659239842726078,1794.0
kreis_03102,dep_hour_share_escort_23,0.0022280471821756226,0.0,0.22280471821756226,1794.0
kreis_03102,dep_hour_share_escort_4,0.0022935779816513763,0.0,0.22935779816513763,1794.0
kreis_03102,dep_hour_share_escort_5,0.00235910878112713,0.002065175858,0.02939329231271301,1794.0
kreis_03102,dep_hour_share_escort_6,0.03964613368283093,0.008083858796,3.156227488683093,1794.0
kreis_03102,dep_hour_share_escort_7,0.19076015727391873,0.2779537572,-8.719359992608124,1794.0
kreis_03102,dep_hour_share_escort_8,0.09567496723460026,0.1447613543,-4.908638706539975,1794.0
kreis_03102,dep_hour_share_escort_9,0.024115334207077326,0.01123233948,1.2882994727077326,1794.0
kreis_03102,dep_hour_share_home_10,0.030413101510086818,0.04550045972,-1.508735820991318,1794.0
kreis_03102,dep_hour_share_home_11,0.04928722962870183,0.06218986094,-1.2902631311298172,1794.0
kreis_03102,dep_hour_share_home_12,0.07660813677675922,0.07852345259,-0.1915315813240781,1794.0
kreis_03102,dep_hour_share_home_13,0.08573598139986378,0.09039482876,-0.465884736013622,1794.0
kreis_03102,dep_hour_share_home_14,0.08894560086424876,0.0770255852,1.192001566424876,1794.0
kreis_03102,dep_hour_share_home_15,0.11069272982049616,0.1092339116,0.14588182204961636,1794.0
kreis_03102,dep_hour_share_home_16,0.1149904885667092,0.1190348678,-0.4044379233290804,1794.0
kreis_03102,dep_hour_share_home_17,0.10417172246968476,0.08377673445,2.0394988019684757,1794.0
kreis_03102,dep_hour_share_home_18,0.07961421939706124,0.08003307081,-0.04188514129387505,1794.0
kreis_03102,dep_hour_share_home_19,0.05173750009785425,0.05596458716,-0.4227087062145751,1794.0
kreis_03102,dep_hour_share_home_20,0.047964240142162655,0.03341743577,1.4546804372162658,1794.0
kreis_03102,dep_hour_share_home_21,0.033779287777612514,0.03619514563,-0.24158578523874874,1794.0
kreis_03102,dep_hour_share_home_22,0.025285538707227908,0.02168557803,0.35999606772279086,1794.0
kreis_03102,dep_hour_share_home_23,0.013668281914185735,0.004497603958,0.9170677956185735,1794.0
kreis_03102,dep_hour_share_home_4,2.348502047110951e-05,0.000740800273,-0.07173152525288905,1794.0
kreis_03102,dep_hour_share_home_5,0.001009855880257709,0.003578231944,-0.2568376063742291,1794.0
kreis_03102,dep_hour_share_home_6,0.002004055080201345,0.005518117656,-0.35140625757986554,1794.0
kreis_03102,dep_hour_share_home_7,0.011288466506446639,0.02080562375,-0.951715724355336,1794.0
kreis_03102,dep_hour_share_home_8,0.021230458505883,0.04005671538,-1.8826256874117004,1794.0
kreis_03102,dep_hour_share_home_9,0.030342646448673488,0.02873681964,0.1605826808673487,1794.0
kreis_03102,dep_hour_share_leisure_10,0.04976664210267748,0.05721627985,-0.7449637747322525,1794.0
kreis_03102,dep_hour_share_leisure_11,0.03316138540899042,0.0392547623,-0.6093376891009583,1794.0
kreis_03102,dep_hour_share_leisure_12,0.04929992630803243,0.07502043453,-2.5720508221967573,1794.0
kreis_03102,dep_hour_share_leisure_13,0.0627364283959715,0.04863800139,1.4098427005971506,1794.0
kreis_03102,dep_hour_share_leisure_14,0.08550724637681159,0.08592498985,-0.04177434731884033,1794.0
kreis_03102,dep_hour_share_leisure_15,0.10567428150331613,0.096035257,0.9639024503316135,1794.0
kreis_03102,dep_hour_share_leisure_16,0.13360353721444362,0.1114906753,2.211286191444363,1794.0
kreis_03102,dep_hour_share_leisure_17,0.12731515598133136,0.1178850653,0.9430090681331369,1794.0
kreis_03102,dep_hour_share_leisure_18,0.09737165315647262,0.08600026419,1.137138896647262,1794.0
kreis_03102,dep_hour_share_leisure_19,0.052517808892164085,0.09524265053,-4.2724841637835915,1794.0
kreis_03102,dep_hour_share_leisure_20,0.026750184229918938,0.01372419589,1.3025988339918937,1794.0
kreis_03102,dep_hour_share_leisure_21,0.01461557356914763,0.01882117763,-0.42056040608523715,1794.0
kreis_03102,dep_hour_share_leisure_22,0.010857283222795382,0.01131361043,-0.04563272072046175,1794.0
kreis_03102,dep_hour_share_leisure_23,0.0018668631785802015,0.002251885305,-0.03850221264197985,1794.0
kreis_03102,dep_hour_share_leisure_4,0.0003193318594939818,0.002680584327,-0.23612524675060187,1794.0
kreis_03102,dep_hour_share_leisure_5,0.004839105870793417,0.002492599846,0.23465060247934172,1794.0
kreis_03102,dep_hour_share_leisure_6,0.018398427904691723,0.01326065175,0.5137776154691723,1794.0
kreis_03102,dep_hour_share_leisure_7,0.029206583149103415,0.02586163569,0.33449474591034156,1794.0
kreis_03102,dep_hour_share_leisure_8,0.04355195283714075,0.04689578518,-0.3343832342859253,1794.0
kreis_03102,dep_hour_share_leisure_9,0.049349054286416116,0.04998949377,-0.06404394835838809,1794.0
kreis_03102,dep_hour_share_other_10,0.08431186868686869,0.1490332128,-6.4721344113131325,1794.0
kreis_03102,dep_hour_share_other_11,0.09084595959595959,0.06521807797,2.5627881625959597,1794.0
kreis_03102,dep_hour_share_other_12,0.06281565656565656,0.03565917878,2.715647778565656,1794.0
kreis_03102,dep_hour_share_other_13,0.06461489898989899,0.02538823107,3.922666791989898,1794.0
kreis_03102,dep_hour_share_other_14,0.08368055555555555,0.07498158342,0.8698972135555552,1794.0
kreis_03102,dep_hour_share_other_15,0.08825757575757576,0.1195323042,-3.1274728442424236,1794.0
kreis_03102,dep_hour_share_other_16,0.08952020202020201,0.0967057086,-0.7185506579797982,1794.0
kreis_03102,dep_hour_share_other_17,0.048863636363636366,0.09062683153,-4.1763195166363625,1794.0
kreis_03102,dep_hour_share_other_18,0.04094065656565657,0.0180191687,2.2921487865656567,1794.0
kreis_03102,dep_hour_share_other_19,0.026199494949494948,0.001435302409,2.4764192540494947,1794.0
kreis_03102,dep_hour_share_other_20,0.012247474747474748,0.0,1.224747474747475,1794.0
kreis_03102,dep_hour_share_other_21,0.00625,0.0,0.625,1794.0
kreis_03102,dep_hour_share_other_22,0.004892676767676768,0.0,0.4892676767676768,1794.0
kreis_03102,dep_hour_share_other_23,0.005839646464646465,0.0,0.5839646464646465,1794.0
kreis_03102,dep_hour_share_other_4,0.003914141414141414,0.0,0.39141414141414144,1794.0
kreis_03102,dep_hour_share_other_5,0.003724747474747475,0.003051138735,0.06736087397474746,1794.0
kreis_03102,dep_hour_share_other_6,0.019318181818181818,0.01267362443,0.6644557388181818,1794.0
kreis_03102,dep_hour_share_other_7,0.07241161616161616,0.04841632628,2.3995289881616166,1794.0
kreis_03102,dep_hour_share_other_8,0.09476010101010102,0.1178466867,-2.3086585689898977,1794.0
kreis_03102,dep_hour_share_other_9,0.09053030303030303,0.1389144219,-4.8384118869696975,1794.0
kreis_03102,dep_hour_share_shop_10,0.12801787095111264,0.1415361828,-1.3518311848887354,1794.0
kreis_03102,dep_hour_share_shop_11,0.0993642065469542,0.1278791152,-2.8514908653045805,1794.0
kreis_03102,dep_hour_share_shop_12,0.07689664060486297,0.06074797599,1.6148664614862966,1794.0
kreis_03102,dep_hour_share_shop_13,0.05498754188504167,0.05290030681,0.2087235075041674,1794.0
kreis_03102,dep_hour_share_shop_14,0.07882979637425895,0.05309710309,2.573269328425895,1794.0
kreis_03102,dep_hour_share_shop_15,0.09313514906778933,0.09884998315,-0.5714834082210671,1794.0
kreis_03102,dep_hour_share_shop_16,0.08102070624624108,0.07077933091,1.0241375336241088,1794.0
kreis_03102,dep_hour_share_shop_17,0.07281553398058252,0.0802868732,-0.7471339219417478,1794.0
kreis_03102,dep_hour_share_shop_18,0.04755563192714151,0.03013849475,1.7417137177141508,1794.0
kreis_03102,dep_hour_share_shop_19,0.011255262479594467,0.02756928234,-1.6314019860405533,1794.0
kreis_03102,dep_hour_share_shop_20,0.0045966148294527024,0.00764840668,-0.30517918505472974,1794.0
kreis_03102,dep_hour_share_shop_21,0.0024916229916659505,0.01330831612,-1.081669312833405,1794.0
kreis_03102,dep_hour_share_shop_22,0.001976114786493685,0.0,0.1976114786493685,1794.0
kreis_03102,dep_hour_share_shop_23,0.0003866311538791992,0.0,0.03866311538791992,1794.0
kreis_03102,dep_hour_share_shop_4,0.00042959017097688807,0.0,0.042959017097688804,1794.0
kreis_03102,dep_hour_share_shop_5,0.001116934444539909,0.0,0.1116934444539909,1794.0
kreis_03102,dep_hour_share_shop_6,0.009493942778589226,0.01139650326,-0.19025604814107733,1794.0
kreis_03102,dep_hour_share_shop_7,0.041197697396683566,0.03371704054,0.7480656856683566,1794.0
kreis_03102,dep_hour_share_shop_8,0.08454334564825157,0.06660087224,1.7942473408251571,1794.0
kreis_03102,dep_hour_share_shop_9,0.10769825586390583,0.1235442129,-1.5845957036094176,1794.0
kreis_03102,dep_hour_share_work_10,0.027787566070979108,0.01228181889,1.5505747180979106,1794.0
kreis_03102,dep_hour_share_work_11,0.027032469166876415,0.01691956326,1.0112905906876417,1794.0
kreis_03102,dep_hour_share_work_12,0.031714069972313116,0.03380337557,-0.20893055976868857,1794.0
kreis_03102,dep_hour_share_work_13,0.035917442738484774,0.05840194655,-2.2484503811515224,1794.0
kreis_03102,dep_hour_share_work_14,0.018776743015353637,0.03017141703,-1.1394674014646364,1794.0
kreis_03102,dep_hour_share_work_15,0.01865089353133652,0.02302332758,-0.4372434048663477,1794.0
kreis_03102,dep_hour_share_work_16,0.01288698716335263,0.004292362918,0.8594624245352631,1794.0
kreis_03102,dep_hour_share_work_17,0.007324439969796124,0.00800506722,-0.06806272502038763,1794.0
kreis_03102,dep_hour_share_work_18,0.0024666498867354646,0.003809781501,-0.13431316142645355,1794.0
kreis_03102,dep_hour_share_work_19,0.004077523282154543,0.003189842786,0.08876804961545433,1794.0
kreis_03102,dep_hour_share_work_20,0.010848225522275358,0.008183139739,0.2665085783275357,1794.0
kreis_03102,dep_hour_share_work_21,0.004480241631009313,0.004693160007,-0.02129183759906868,1794.0
kreis_03102,dep_hour_share_work_22,0.0013843443241882709,0.0,0.13843443241882708,1794.0
kreis_03102,dep_hour_share_work_23,0.0006292474200855776,0.0,0.06292474200855776,1794.0
kreis_03102,dep_hour_share_work_4,0.03571608356405739,0.02932437751,0.6391706054057388,1794.0
kreis_03102,dep_hour_share_work_5,0.1241882708280896,0.1539003873,-2.9712116471910397,1794.0
kreis_03102,dep_hour_share_work_6,0.21673798137427636,0.2068248526,0.9913128774276359,1794.0
kreis_03102,dep_hour_share_work_7,0.23654669015857036,0.2462323274,-0.9685637241429651,1794.0
kreis_03102,dep_hour_share_work_8,0.11495091870123332,0.1193508457,-0.4399926998766679,1794.0
kreis_03102,dep_hour_share_work_9,0.04736974578404229,0.03168121451,1.5688531274042288,1794.0
kreis_03102,mean_work_activity_h,6.0421087247982594,7.072122757,-1.0300140322017404,1794.0
kreis_03102,mobility_rate,0.8321866471922205,0.8518945471,-1.9707899907779547,1794.0
kreis_03102,n_persons_unweighted,104068.0,1794.0,102274.0,1794.0
kreis_03102,n_persons_weighted,104068.0,104215.0,-147.0,1794.0
kreis_03102,n_work_activities_measured,39531.0,574.0,38957.0,1794.0
kreis_03102,nonhome_acts_per_mobile,2.0079326589995845,2.028576664,-0.020644005000415522,1794.0
kreis_03102,participation_education,0.184475535226967,0.1930437614,-0.8568226173033017,1794.0
kreis_03102,participation_escort,0.09457277933658761,0.1004531557,-0.588037636341239,1794.0
kreis_03102,participation_home,0.8321866471922205,0.8392071382,-0.7020491007779572,1794.0
kreis_03102,participation_leisure,0.3176480762578314,0.3421771265,-2.452905024216856,1794.0
kreis_03102,participation_other,0.22328669715954952,0.1616519367,6.163476045954952,1794.0
kreis_03102,participation_shop,0.19036591459430371,0.261744458,-7.13785434056963,1794.0
kreis_03102,participation_work,0.3179747857170312,0.3302091275,-1.2234341782968783,1794.0
kreis_03102,purpose_share_education,0.07703656062273734,0.06829222748,0.8744333142737343,1794.0
kreis_03102,purpose_share_escort,0.05059077828906364,0.05432030239,-0.3729524100936361,1794.0
kreis_03102,purpose_share_home,0.42349388004084393,0.4340319776,-1.0538097559156079,1794.0
kreis_03102,purpose_share_leisure,0.13496399633995942,0.1552222015,-2.0258205160040568,1794.0
kreis_03102,purpose_share_other,0.10502725138909148,0.06476168425,4.026556713909148,1794.0
kreis_03102,purpose_share_shop,0.07717248604278004,0.1045181978,-2.7345711757219964,1794.0
kreis_03102,purpose_share_work,0.13171504727552413,0.118853409,1.2861638275524139,1794.0
kreis_03102,share_mobile_first_from_home,1.0,0.9772171382,2.27828618,1794.0
kreis_03102,share_mobile_last_to_home,1.0,0.971298838,2.8701161999999947,1794.0
kreis_03102,share_mobile_odd_trip_count,0.2587640293750866,0.2177658142,4.0998215175086585,1794.0
kreis_03102,share_trips_0,0.16781335280777954,0.1481054529,1.9707899907779547,1794.0
kreis_03102,share_trips_1,0.0006245916131760003,0.005918851816,-0.5294260202824,1794.0
kreis_03102,share_trips_2,0.35036706768651266,0.3510270143,-0.06599466134873389,1794.0
kreis_03102,share_trips_3,0.11884537033478111,0.1006662674,1.8179102934781115,1794.0
kreis_03102,share_trips_4,0.18828073951647,0.2131422171,-2.4861477583529994,1794.0
kreis_03102,share_trips_5,0.06529384633124495,0.04508730437,2.0206541961244953,1794.0
kreis_03102,share_trips_6,0.054454779567206055,0.07288561167,-1.8430832102793948,1794.0
kreis_03102,share_trips_7,0.02513741015489872,0.02427825241,0.08591577448987218,1794.0
kreis_03102,share_trips_8plus,0.029182841987930967,0.03888902797,-0.9706185982069029,1794.0
kreis_03102,share_trips_followed_by_same_purpose,0.09652693975520163,0.03392662003,6.260031972520164,1794.0
kreis_03102,share_trips_home_based,0.8219841133021257,0.869356787,-4.737267369787423,1794.0
kreis_03102,share_trips_unknown_purpose,0.0,0.0004134294961,-0.04134294961,1794.0
kreis_03102,share_work_activities_lt_2h,0.17715210847183224,0.06516546791,11.198664056183224,1794.0
kreis_03102,tours_per_mobile,1.475001154681077,1.554547509,-0.07954635431892298,1794.0
kreis_03102,trips_per_mobile_person,3.4829338136806616,3.583124174,-0.10019036031933837,1794.0
kreis_03102,trips_per_person,2.8984510127993235,3.052443945,-0.15399293220067634,1794.0
kreis_03102,trips_per_person_education,0.22328669715954952,0.2083720135,0.01491468365954951,1794.0
kreis_03102,trips_per_person_escort,0.14663489257024254,0.1657411275,-0.019106234929757465,1794.0
kreis_03102,trips_per_person_home,1.2274762655186993,1.324310546,-0.09683428048130072,1794.0
kreis_03102,trips_per_person_leisure,0.39118653188299957,0.4736111832,-0.08242465131700044,1794.0
kreis_03102,trips_per_person_other,0.30441634316024135,0.1975996837,0.10681665946024135,1794.0
kreis_03102,trips_per_person_shop,0.22368067033093747,0.3189040412,-0.09522337086906252,1794.0
kreis_03102,trips_per_person_work,0.3817696121766537,0.3626433793,0.019126232876653715,1794.0
kreis_03103,dep_hour_share_all_10,0.04646725798789842,,,
kreis_03103,dep_hour_share_all_11,0.050859336671520795,,,
kreis_03103,dep_hour_share_all_12,0.06347488182660634,,,
kreis_03103,dep_hour_share_all_13,0.06863791049192838,,,
kreis_03103,dep_hour_share_all_14,0.07452516489763497,,,
kreis_03103,dep_hour_share_all_15,0.08550276581550674,,,
kreis_03103,dep_hour_share_all_16,0.08561957641879457,,,
kreis_03103,dep_hour_share_all_17,0.08219832363805327,,,
kreis_03103,dep_hour_share_all_18,0.06334768805858182,,,
kreis_03103,dep_hour_share_all_19,0.03667074205882582,,,
kreis_03103,dep_hour_share_all_20,0.029194863448404756,,,
kreis_03103,dep_hour_share_all_21,0.018912934567891622,,,
kreis_03103,dep_hour_share_all_22,0.014160040909669063,,,
kreis_03103,dep_hour_share_all_23,0.006170195644781551,,,
kreis_03103,dep_hour_share_all_4,0.004664636757960643,,,
kreis_03103,dep_hour_share_all_5,0.015439765963466835,,,
kreis_03103,dep_hour_share_all_6,0.04654253593223947,,,
kreis_03103,dep_hour_share_all_7,0.08978062968702545,,,
kreis_03103,dep_hour_share_all_8,0.056928296460119564,,,
kreis_03103,dep_hour_share_all_9,0.049859957065613816,,,
kreis_03103,dep_hour_share_education_10,0.022961753569319485,,,
kreis_03103,dep_hour_share_education_11,0.025289193038524335,,,
kreis_03103,dep_hour_share_education_12,0.026227116406711364,,,
kreis_03103,dep_hour_share_education_13,0.0367874387744468,,,
kreis_03103,dep_hour_share_education_14,0.02153749956577622,,,
kreis_03103,dep_hour_share_education_15,0.030881995345121063,,,
kreis_03103,dep_hour_share_education_16,0.018550039948587903,,,
kreis_03103,dep_hour_share_education_17,0.008476048216208705,,,
kreis_03103,dep_hour_share_education_18,0.007225483725292667,,,
kreis_03103,dep_hour_share_education_19,0.006808628894987321,,,
kreis_03103,dep_hour_share_education_20,0.00034737902525445514,,,
kreis_03103,dep_hour_share_education_21,0.00017368951262722757,,,
kreis_03103,dep_hour_share_education_22,3.4737902525445515e-05,,,
kreis_03103,dep_hour_share_education_23,3.4737902525445515e-05,,,
kreis_03103,dep_hour_share_education_4,0.0006252822454580193,,,
kreis_03103,dep_hour_share_education_5,0.003161149129815542,,,
kreis_03103,dep_hour_share_education_6,0.16809671032063084,,,
kreis_03103,dep_hour_share_education_7,0.4413797894883107,,,
kreis_03103,dep_hour_share_education_8,0.12957237641991176,,,
kreis_03103,dep_hour_share_education_9,0.05054364817452322,,,
kreis_03103,dep_hour_share_escort_10,0.01858994964105861,,,
kreis_03103,dep_hour_share_escort_11,0.037822779384978036,,,
kreis_03103,dep_hour_share_escort_12,0.07880638594235509,,,
kreis_03103,dep_hour_share_escort_13,0.07093110468231008,,,
kreis_03103,dep_hour_share_escort_14,0.13104039429979641,,,
kreis_03103,dep_hour_share_escort_15,0.12241508625308047,,,
kreis_03103,dep_hour_share_escort_16,0.07312761170041787,,,
kreis_03103,dep_hour_share_escort_17,0.049501767920282866,,,
kreis_03103,dep_hour_share_escort_18,0.037608486017357765,,,
kreis_03103,dep_hour_share_escort_19,0.01617914925533055,,,
kreis_03103,dep_hour_share_escort_20,0.010875388406728812,,,
kreis_03103,dep_hour_share_escort_21,0.007018107789563913,,,
kreis_03103,dep_hour_share_escort_22,0.003910853959069966,,,
kreis_03103,dep_hour_share_escort_23,0.0018750669666773813,,,
kreis_03103,dep_hour_share_escort_4,0.0010178934961962928,,,
kreis_03103,dep_hour_share_escort_5,0.002303653701917926,,,
kreis_03103,dep_hour_share_escort_6,0.042483660130718956,,,
kreis_03103,dep_hour_share_escort_7,0.16495231972570448,,,
kreis_03103,dep_hour_share_escort_8,0.09686060216436301,,,
kreis_03103,dep_hour_share_escort_9,0.02571520411443266,,,
kreis_03103,dep_hour_share_home_10,0.03269113416441461,,,
kreis_03103,dep_hour_share_home_11,0.053520056789170205,,,
kreis_03103,dep_hour_share_home_12,0.07571266672478424,,,
kreis_03103,dep_hour_share_home_13,0.08823492783042954,,,
kreis_03103,dep_hour_share_home_14,0.08751260943746342,,,
kreis_03103,dep_hour_share_home_15,0.09887667036128374,,,
kreis_03103,dep_hour_share_home_16,0.10118061695953771,,,
kreis_03103,dep_hour_share_home_17,0.10816095246397749,,,
kreis_03103,dep_hour_share_home_18,0.08740052554889971,,,
kreis_03103,dep_hour_share_home_19,0.05484638280384074,,,
kreis_03103,dep_hour_share_home_20,0.05463466879210929,,,
kreis_03103,dep_hour_share_home_21,0.03803379951928466,,,
kreis_03103,dep_hour_share_home_22,0.028674794824215102,,,
kreis_03103,dep_hour_share_home_23,0.01280247082705456,,,
kreis_03103,dep_hour_share_home_4,8.094947507378856e-05,,,
kreis_03103,dep_hour_share_home_5,0.0007845872199459507,,,
kreis_03103,dep_hour_share_home_6,0.0026713326774350224,,,
kreis_03103,dep_hour_share_home_7,0.009576945589498984,,,
kreis_03103,dep_hour_share_home_8,0.01990111710275602,,,
kreis_03103,dep_hour_share_home_9,0.027497913994296175,,,
kreis_03103,dep_hour_share_leisure_10,0.04990235737201841,,,
kreis_03103,dep_hour_share_leisure_11,0.033634398102943226,,,
kreis_03103,dep_hour_share_leisure_12,0.05042544287906263,,,
kreis_03103,dep_hour_share_leisure_13,0.05621425582368531,,,
kreis_03103,dep_hour_share_leisure_14,0.0859255126237969,,,
kreis_03103,dep_hour_share_leisure_15,0.11488701353047845,,,
kreis_03103,dep_hour_share_leisure_16,0.13052727019110058,,,
kreis_03103,dep_hour_share_leisure_17,0.13378783651834286,,,
kreis_03103,dep_hour_share_leisure_18,0.0972590319430883,,,
kreis_03103,dep_hour_share_leisure_19,0.056859394615706514,,,
kreis_03103,dep_hour_share_leisure_20,0.02678197796066397,,,
kreis_03103,dep_hour_share_leisure_21,0.009903752266703864,,,
kreis_03103,dep_hour_share_leisure_22,0.00864834704979774,,,
kreis_03103,dep_hour_share_leisure_23,0.0015866927047007951,,,
kreis_03103,dep_hour_share_leisure_4,0.0007846282605663272,,,
kreis_03103,dep_hour_share_leisure_5,0.003766215650718371,,,
kreis_03103,dep_hour_share_leisure_6,0.01583205467987167,,,
kreis_03103,dep_hour_share_leisure_7,0.030059980471474405,,,
kreis_03103,dep_hour_share_leisure_8,0.038969870274794254,,,
kreis_03103,dep_hour_share_leisure_9,0.05101827312037941,,,
kreis_03103,dep_hour_share_other_10,0.09006850955780195,,,
kreis_03103,dep_hour_share_other_11,0.08190006228141618,,,
kreis_03103,dep_hour_share_other_12,0.07195899008288219,,,
kreis_03103,dep_hour_share_other_13,0.07679777703253006,,,
kreis_03103,dep_hour_share_other_14,0.08312173621424807,,,
kreis_03103,dep_hour_share_other_15,0.08479854357303694,,,
kreis_03103,dep_hour_share_other_16,0.08693048435778278,,,
kreis_03103,dep_hour_share_other_17,0.06300004790878168,,,
kreis_03103,dep_hour_share_other_18,0.04594452163081493,,,
kreis_03103,dep_hour_share_other_19,0.022732716907009055,,,
kreis_03103,dep_hour_share_other_20,0.009006850955780195,,,
kreis_03103,dep_hour_share_other_21,0.006036506491639918,,,
kreis_03103,dep_hour_share_other_22,0.0038566569252143916,,,
kreis_03103,dep_hour_share_other_23,0.0032817515450582094,,,
kreis_03103,dep_hour_share_other_4,0.0020361232213864803,,,
kreis_03103,dep_hour_share_other_5,0.002946390073300436,,,
kreis_03103,dep_hour_share_other_6,0.018923968763474346,,,
kreis_03103,dep_hour_share_other_7,0.0662338906721602,,,
kreis_03103,dep_hour_share_other_8,0.07849853878215877,,,
kreis_03103,dep_hour_share_other_9,0.09557801945096536,,,
kreis_03103,dep_hour_share_shop_10,0.1165399476505048,,,
kreis_03103,dep_hour_share_shop_11,0.098840832606257,,,
kreis_03103,dep_hour_share_shop_12,0.08721799825501683,,,
kreis_03103,dep_hour_share_shop_13,0.05537205534089493,,,
kreis_03103,dep_hour_share_shop_14,0.07079646017699115,,,
kreis_03103,dep_hour_share_shop_15,0.08728031908263742,,,
kreis_03103,dep_hour_share_shop_16,0.09809298267480993,,,
kreis_03103,dep_hour_share_shop_17,0.07593792845568989,,,
kreis_03103,dep_hour_share_shop_18,0.0549046491337405,,,
kreis_03103,dep_hour_share_shop_19,0.01165399476505048,,,
kreis_03103,dep_hour_share_shop_20,0.004237816278200175,,,
kreis_03103,dep_hour_share_shop_21,0.0023681914495824507,,,
kreis_03103,dep_hour_share_shop_22,0.0024305122772030415,,,
kreis_03103,dep_hour_share_shop_23,0.0005608874485853173,,,
kreis_03103,dep_hour_share_shop_4,0.0002181228966720678,,,
kreis_03103,dep_hour_share_shop_5,0.0010906144833603391,,,
kreis_03103,dep_hour_share_shop_6,0.008226349245917986,,,
kreis_03103,dep_hour_share_shop_7,0.03349744484606756,,,
kreis_03103,dep_hour_share_shop_8,0.06920727907266609,,,
kreis_03103,dep_hour_share_shop_9,0.1192197432381902,,,
kreis_03103,dep_hour_share_work_10,0.027846615364549368,,,
kreis_03103,dep_hour_share_work_11,0.02269466544932829,,,
kreis_03103,dep_hour_share_work_12,0.029846528411808182,,,
kreis_03103,dep_hour_share_work_13,0.03656362766836224,,,
kreis_03103,dep_hour_share_work_14,0.01999913047258815,,,
kreis_03103,dep_hour_share_work_15,0.020781705143254642,,,
kreis_03103,dep_hour_share_work_16,0.01245598017477501,,,
kreis_03103,dep_hour_share_work_17,0.008434415894961089,,,
kreis_03103,dep_hour_share_work_18,0.004347637059258293,,,
kreis_03103,dep_hour_share_work_19,0.005151949915221077,,,
kreis_03103,dep_hour_share_work_20,0.00460849528281379,,,
kreis_03103,dep_hour_share_work_21,0.003173775053258554,,,
kreis_03103,dep_hour_share_work_22,0.00089126559714795,,,
kreis_03103,dep_hour_share_work_23,0.0008477892265553672,,,
kreis_03103,dep_hour_share_work_4,0.03499847832702926,,,
kreis_03103,dep_hour_share_work_5,0.11551671666449286,,,
kreis_03103,dep_hour_share_work_6,0.21536020173035955,,,
kreis_03103,dep_hour_share_work_7,0.25433676796661014,,,
kreis_03103,dep_hour_share_work_8,0.11877744445893657,,,
kreis_03103,dep_hour_share_work_9,0.04597626190165645,,,
kreis_03103,mean_work_activity_h,5.7997918528366865,,,
kreis_03103,mobility_rate,0.8276821109039344,,,
kreis_03103,n_persons_unweighted,127642.0,,,
kreis_03103,n_persons_weighted,127642.0,,,
kreis_03103,n_work_activities_measured,45881.0,,,
kreis_03103,nonhome_acts_per_mobile,2.126373678381781,,,
kreis_03103,participation_education,0.17857758418075556,,,
kreis_03103,participation_escort,0.09405994891963461,,,
kreis_03103,participation_home,0.8276821109039344,,,
kreis_03103,participation_leisure,0.35828332367089205,,,
kreis_03103,participation_other,0.24035192178123188,,,
kreis_03103,participation_shop,0.2131821814136413,,,
kreis_03103,participation_work,0.2958117234139233,,,
kreis_03103,purpose_share_education,0.07472504081881637,,,
kreis_03103,purpose_share_escort,0.04845303824379152,,,
kreis_03103,purpose_share_home,0.41686848943123617,,,
kreis_03103,purpose_share_leisure,0.1488738159947461,,,
kreis_03103,purpose_share_other,0.10836389877452698,,,
kreis_03103,purpose_share_shop,0.08330413068251137,,,
kreis_03103,purpose_share_work,0.11941158605437144,,,
kreis_03103,share_mobile_first_from_home,1.0,,,
kreis_03103,share_mobile_last_to_home,1.0,,,
kreis_03103,share_mobile_odd_trip_count,0.29858869631887325,,,
kreis_03103,share_trips_0,0.17231788909606555,,,
kreis_03103,share_trips_1,0.0004857335359834537,,,
kreis_03103,share_trips_2,0.3146848216104417,,,
kreis_03103,share_trips_3,0.1238620516757807,,,
kreis_03103,share_trips_4,0.1770812115134517,,,
kreis_03103,share_trips_5,0.08552827439244136,,,
kreis_03103,share_trips_6,0.06283981761489164,,,
kreis_03103,share_trips_7,0.027357766252487425,,,
kreis_03103,share_trips_8plus,0.03584243430845646,,,
kreis_03103,share_trips_followed_by_same_purpose,0.09776528336954463,,,
kreis_03103,share_trips_home_based,0.8113404925254193,,,
kreis_03103,share_trips_unknown_purpose,0.0,,,
kreis_03103,share_work_activities_lt_2h,0.19406726095769491,,,
kreis_03103,tours_per_mobile,1.5200999555122248,,,
kreis_03103,trips_per_mobile_person,3.6464736338940056,,,
kreis_03103,trips_per_person,3.018120994656931,,,
kreis_03103,trips_per_person_education,0.22552921452186583,,,
kreis_03103,trips_per_person_escort,0.14623713197850238,,,
kreis_03103,trips_per_person_home,1.258159539963335,,,
kreis_03103,trips_per_person_leisure,0.4493191896084361,,,
kreis_03103,trips_per_person_other,0.32705535795427837,,,
kreis_03103,trips_per_person_shop,0.2514219457545322,,,
kreis_03103,trips_per_person_work,0.36039861487598124,,,
kreis_03151,dep_hour_share_all_10,0.040680285369736516,0.05327547111,-1.2595185740263484,3574.0
kreis_03151,dep_hour_share_all_11,0.04519628247246541,0.05378061782,-0.858433534753459,3574.0
kreis_03151,dep_hour_share_all_12,0.058931564392614634,0.06318425229,-0.4252687897385372,3574.0
kreis_03151,dep_hour_share_all_13,0.06637732178247151,0.06681356015,-0.04362383675284992,3574.0
kreis_03151,dep_hour_share_all_14,0.07359183260041548,0.07630277758,-0.27109449795845175,3574.0
kreis_03151,dep_hour_share_all_15,0.08913504226461105,0.08661967614,0.25153661246110487,3574.0
kreis_03151,dep_hour_share_all_16,0.09093914775127042,0.09032553549,0.061361226127042146,3574.0
kreis_03151,dep_hour_share_all_17,0.07652159288754345,0.08789306024,-1.1371467352456546,3574.0
kreis_03151,dep_hour_share_all_18,0.06292391223332588,0.06343424151,-0.0510329276674118,3574.0
kreis_03151,dep_hour_share_all_19,0.04162247181562959,0.03569009255,0.5932379265629596,3574.0
kreis_03151,dep_hour_share_all_20,0.027359718376075728,0.0220156406,0.5344077776075727,3574.0
kreis_03151,dep_hour_share_all_21,0.017572828336687364,0.01401562092,0.35572074166873646,3574.0
kreis_03151,dep_hour_share_all_22,0.014274220211714837,0.009160260505,0.5113959706714837,3574.0
kreis_03151,dep_hour_share_all_23,0.007451490775937361,0.001397038088,0.6054452687937361,3574.0
kreis_03151,dep_hour_share_all_4,0.004240794570865607,0.002267490539,0.19733040318656073,3574.0
kreis_03151,dep_hour_share_all_5,0.016630641890794284,0.009547669686,0.7082972204794283,3574.0
kreis_03151,dep_hour_share_all_6,0.05098318015636855,0.03465618137,1.6326998786368556,3574.0
kreis_03151,dep_hour_share_all_7,0.09974180651350881,0.107848736,-0.8106929486491193,3574.0
kreis_03151,dep_hour_share_all_8,0.05716185922243818,0.07190555352,-1.4743694297561818,3574.0
kreis_03151,dep_hour_share_all_9,0.046738563328115955,0.04831656661,-0.15780032818840453,3574.0
kreis_03151,dep_hour_share_education_10,0.015436325158720279,0.01203153858,0.3404786578720278,3574.0
kreis_03151,dep_hour_share_education_11,0.025519731109174656,0.009096817215,1.6422913894174656,3574.0
kreis_03151,dep_hour_share_education_12,0.026714801444043323,0.01586000299,1.0854798454043322,3574.0
kreis_03151,dep_hour_share_education_13,0.028084152869413667,0.01389920682,1.4184946049413667,3574.0
kreis_03151,dep_hour_share_education_14,0.023478152620440684,0.01103366649,1.2444486130440684,3574.0
kreis_03151,dep_hour_share_education_15,0.03326279098717789,0.03138602005,0.18767709371778907,3574.0
kreis_03151,dep_hour_share_education_16,0.01620814141665629,0.00656040349,0.9647737926656291,3574.0
kreis_03151,dep_hour_share_education_17,0.0077181625793601395,0.01918744175,-1.146927917063986,3574.0
kreis_03151,dep_hour_share_education_18,0.003211751524959542,0.01088533825,-0.7673586725040458,3574.0
kreis_03151,dep_hour_share_education_19,0.007369600398356779,0.0,0.7369600398356778,3574.0
kreis_03151,dep_hour_share_education_20,0.0005726378687912362,0.0,0.05726378687912362,3574.0
kreis_03151,dep_hour_share_education_21,0.0002987675837171667,0.0,0.029876758371716668,3574.0
kreis_03151,dep_hour_share_education_22,0.00012448649321548613,0.0,0.012448649321548613,3574.0
kreis_03151,dep_hour_share_education_23,7.469189592929167e-05,0.0,0.007469189592929167,3574.0
kreis_03151,dep_hour_share_education_4,0.0007220216606498195,0.0,0.07220216606498195,3574.0
kreis_03151,dep_hour_share_education_5,0.004083156977467944,0.001631845133,0.24513118444679446,3574.0
kreis_03151,dep_hour_share_education_6,0.17276235528445164,0.09518298409,7.757937119445163,3574.0
kreis_03151,dep_hour_share_education_7,0.4888086642599278,0.5934328793,-10.462421504007219,3574.0
kreis_03151,dep_hour_share_education_8,0.11492593053653678,0.1648780037,-4.995207316346321,3574.0
kreis_03151,dep_hour_share_education_9,0.028806174530063487,0.01493385218,1.3872322350063486,3574.0
kreis_03151,dep_hour_share_escort_10,0.011404854910714286,0.006751716853,0.46531380577142856,3574.0
kreis_03151,dep_hour_share_escort_11,0.028180803571428572,0.06136858157,-3.318777799857142,3574.0
kreis_03151,dep_hour_share_escort_12,0.059814453125,0.04996301876,0.9851434365000001,3574.0
kreis_03151,dep_hour_share_escort_13,0.07582310267857142,0.1096775581,-3.385445542142858,3574.0
kreis_03151,dep_hour_share_escort_14,0.12594168526785715,0.09279235286,3.3149332407857153,3574.0
kreis_03151,dep_hour_share_escort_15,0.11390904017857142,0.1053799514,0.852908877857142,3574.0
kreis_03151,dep_hour_share_escort_16,0.08018275669642858,0.06455789437,1.5624862326428581,3574.0
kreis_03151,dep_hour_share_escort_17,0.06291852678571429,0.02937674321,3.3541783575714286,3574.0
kreis_03151,dep_hour_share_escort_18,0.051548549107142856,0.02991605405,2.1632495057142855,3574.0
kreis_03151,dep_hour_share_escort_19,0.026227678571428572,0.02766531207,-0.14376334985714279,3574.0
kreis_03151,dep_hour_share_escort_20,0.005789620535714286,0.009548458349,-0.3758837813285714,3574.0
kreis_03151,dep_hour_share_escort_21,0.007742745535714286,0.004706234511,0.30365110247142857,3574.0
kreis_03151,dep_hour_share_escort_22,0.0019182477678571428,0.005124866326,-0.3206618558142857,3574.0
kreis_03151,dep_hour_share_escort_23,0.001988002232142857,0.0,0.1988002232142857,3574.0
kreis_03151,dep_hour_share_escort_4,0.00048828125,0.0,0.048828125,3574.0
kreis_03151,dep_hour_share_escort_5,0.0016043526785714285,0.0005417023648,0.10626503137714285,3574.0
kreis_03151,dep_hour_share_escort_6,0.04746791294642857,0.01546537353,3.200253941642857,3574.0
kreis_03151,dep_hour_share_escort_7,0.19241768973214285,0.2216046364,-2.918694666785715,3574.0
kreis_03151,dep_hour_share_escort_8,0.07666015625,0.1450352227,-6.8375066449999995,3574.0
kreis_03151,dep_hour_share_escort_9,0.021170479910714284,0.0198520364,0.13184435107142858,3574.0
kreis_03151,dep_hour_share_home_10,0.02995053913710661,0.04084502196,-1.089448282289339,3574.0
kreis_03151,dep_hour_share_home_11,0.04324514411242185,0.06061309749,-1.7367953377578147,3574.0
kreis_03151,dep_hour_share_home_12,0.07425979969035582,0.06997066698,0.4289132710355817,3574.0
kreis_03151,dep_hour_share_home_13,0.08328880485565923,0.0853597357,-0.20709308443407626,3574.0
kreis_03151,dep_hour_share_home_14,0.08885600632076032,0.0949945457,-0.613853937923968,3574.0
kreis_03151,dep_hour_share_home_15,0.11018857239417065,0.0966377123,1.3550860094170656,3574.0
kreis_03151,dep_hour_share_home_16,0.11132119418526587,0.09912547335,1.2195720835265864,3574.0
kreis_03151,dep_hour_share_home_17,0.10041970944597439,0.117556205,-1.7136495554025606,3574.0
kreis_03151,dep_hour_share_home_18,0.09087919766533767,0.08895521924,0.19239784253376746,3574.0
kreis_03151,dep_hour_share_home_19,0.06011116134836798,0.05168985603,0.8421305318367975,3574.0
kreis_03151,dep_hour_share_home_20,0.050255524956499105,0.04145329759,0.8802227366499105,3574.0
kreis_03151,dep_hour_share_home_21,0.031850420851201815,0.02711545077,0.4734970081201814,3574.0
kreis_03151,dep_hour_share_home_22,0.028173967053493544,0.01784287486,1.0331092193493545,3574.0
kreis_03151,dep_hour_share_home_23,0.01562835390777353,0.003038706035,1.258964787277353,3574.0
kreis_03151,dep_hour_share_home_4,5.480428021428474e-05,0.0003981406923,-0.034333641208571526,3574.0
kreis_03151,dep_hour_share_home_5,0.0005069395919821338,0.001682486915,-0.11755473230178662,3574.0
kreis_03151,dep_hour_share_home_6,0.001945551947607108,0.006112698831,-0.4167146883392892,3574.0
kreis_03151,dep_hour_share_home_7,0.01086951557583314,0.02255023855,-1.1680722974166862,3574.0
kreis_03151,dep_hour_share_home_8,0.01942811733596394,0.03620096444,-1.6772847104036057,3574.0
kreis_03151,dep_hour_share_home_9,0.029580610245660187,0.03585285143,-0.6272241184339812,3574.0
kreis_03151,dep_hour_share_leisure_10,0.040895989246060985,0.05570669057,-1.4810701323939017,3574.0
kreis_03151,dep_hour_share_leisure_11,0.03456253958406039,0.03804554098,-0.3483001395939614,3574.0
kreis_03151,dep_hour_share_leisure_12,0.03991365827807722,0.04699122706,-0.7077568781922783,3574.0
kreis_03151,dep_hour_share_leisure_13,0.05448059250067858,0.03195226994,2.252832256067858,3574.0
kreis_03151,dep_hour_share_leisure_14,0.07498028875360296,0.08200482232,-0.702453356639704,3574.0
kreis_03151,dep_hour_share_leisure_15,0.11017617330386341,0.1303417906,-2.01656172961366,3574.0
kreis_03151,dep_hour_share_leisure_16,0.16072744193260693,0.1547659692,0.5961472732606943,3574.0
kreis_03151,dep_hour_share_leisure_17,0.12766424961546913,0.1219572218,0.5707027815469126,3574.0
kreis_03151,dep_hour_share_leisure_18,0.09399356314707821,0.1133825256,-1.9388962452921792,3574.0
kreis_03151,dep_hour_share_leisure_19,0.0638385875114713,0.05896213968,0.48764478314713006,3574.0
kreis_03151,dep_hour_share_leisure_20,0.021546654258275493,0.01869717184,0.28494824182754946,3574.0
kreis_03151,dep_hour_share_leisure_21,0.014657412074915662,0.005146799563,0.951061251191566,3574.0
kreis_03151,dep_hour_share_leisure_22,0.011710419170964364,0.003231748698,0.8478670472964365,3574.0
kreis_03151,dep_hour_share_leisure_23,0.0022748717153308257,0.0006512571564,0.1623614558930826,3574.0
kreis_03151,dep_hour_share_leisure_4,0.0001551048896816472,0.003016775514,-0.28616706243183526,3574.0
kreis_03151,dep_hour_share_leisure_5,0.002662633939534944,0.003321333035,-0.0658699095465056,3574.0
kreis_03151,dep_hour_share_leisure_6,0.01805679424043843,0.008843545751,0.9213248489438431,3574.0
kreis_03151,dep_hour_share_leisure_7,0.026690966432716793,0.01727750194,0.9413464492716794,3574.0
kreis_03151,dep_hour_share_leisure_8,0.046789975053963574,0.05617735909,-0.9387384036036422,3574.0
kreis_03151,dep_hour_share_leisure_9,0.05095195626042111,0.04850358488,0.2448371380421109,3574.0
kreis_03151,dep_hour_share_other_10,0.08572023550347387,0.1237126258,-3.7992390296526137,3574.0
kreis_03151,dep_hour_share_other_11,0.09204323874070007,0.0903879872,0.16552515407000645,3574.0
kreis_03151,dep_hour_share_other_12,0.06478238646044336,0.07820017067,-1.3417784209556638,3574.0
kreis_03151,dep_hour_share_other_13,0.08235049126327547,0.0630453521,1.9305139163275475,3574.0
kreis_03151,dep_hour_share_other_14,0.07994623554133616,0.08562378072,-0.567754517866384,3574.0
kreis_03151,dep_hour_share_other_15,0.07966226833008348,0.1008998158,-2.1237547469916516,3574.0
kreis_03151,dep_hour_share_other_16,0.07421009787403214,0.09468582851,-2.047573063596786,3574.0
kreis_03151,dep_hour_share_other_17,0.05666092421861689,0.03513973227,2.152119194861689,3574.0
kreis_03151,dep_hour_share_other_18,0.042462563655983186,0.02164090522,2.0821658435983186,3574.0
kreis_03151,dep_hour_share_other_19,0.03598811123942222,0.01225358956,2.3734521679422222,3574.0
kreis_03151,dep_hour_share_other_20,0.0188743539745944,0.005215719467,1.3658634507594403,3574.0
kreis_03151,dep_hour_share_other_21,0.01132082615527327,0.003600892744,0.7719933411273271,3574.0
kreis_03151,dep_hour_share_other_22,0.004884236033545993,0.01051023822,-0.5626002186454008,3574.0
kreis_03151,dep_hour_share_other_23,0.003294019650531019,0.0,0.3294019650531019,3574.0
kreis_03151,dep_hour_share_other_4,0.0007572458966737974,0.0,0.07572458966737974,3574.0
kreis_03151,dep_hour_share_other_5,0.00295325899702781,0.0006855590116,0.226769998542781,3574.0
kreis_03151,dep_hour_share_other_6,0.01760596709766579,0.01884942288,-0.12434557823342123,3574.0
kreis_03151,dep_hour_share_other_7,0.06642939628570887,0.03849861215,2.7930784135708873,3574.0
kreis_03151,dep_hour_share_other_8,0.08007875357325407,0.109142914,-2.906416042674592,3574.0
kreis_03151,dep_hour_share_other_9,0.08937394695492494,0.1079068537,-1.853290674507506,3574.0
kreis_03151,dep_hour_share_shop_10,0.10993038708996941,0.1223811126,-1.2450725510030582,3574.0
kreis_03151,dep_hour_share_shop_11,0.08561860563231727,0.09411248034,-0.849387470768273,3574.0
kreis_03151,dep_hour_share_shop_12,0.0845902330977745,0.1020627898,-1.74725567022255,3574.0
kreis_03151,dep_hour_share_shop_13,0.05816896951798334,0.07210519603,-1.393622651201666,3574.0
kreis_03151,dep_hour_share_shop_14,0.0811623246492986,0.07698168234,0.4180642309298599,3574.0
kreis_03151,dep_hour_share_shop_15,0.10850648665752557,0.07081403551,3.769245114752558,3574.0
kreis_03151,dep_hour_share_shop_16,0.08422107372640017,0.1143379935,-3.011691977359983,3574.0
kreis_03151,dep_hour_share_shop_17,0.06578947368421052,0.1143724742,-4.858300051578948,3574.0
kreis_03151,dep_hour_share_shop_18,0.04284885560594874,0.02866793894,1.4180916665948742,3574.0
kreis_03151,dep_hour_share_shop_19,0.015346482438561333,0.01471347049,0.0633011948561333,3574.0
kreis_03151,dep_hour_share_shop_20,0.004350806876911718,0.002839077483,0.15117293939117182,3574.0
kreis_03151,dep_hour_share_shop_21,0.0010283725345427697,0.004475480917,-0.344710838245723,3574.0
kreis_03151,dep_hour_share_shop_22,0.0005273705305347537,0.0005915770036,-0.006420647306524629,3574.0
kreis_03151,dep_hour_share_shop_23,0.00047463347748127833,0.0,0.047463347748127833,3574.0
kreis_03151,dep_hour_share_shop_4,2.6368526526737685e-05,0.0,0.0026368526526737686,3574.0
kreis_03151,dep_hour_share_shop_5,0.0007646872692753929,0.001394360309,-0.0629673039724607,3574.0
kreis_03151,dep_hour_share_shop_6,0.014660900748866154,0.005051757983,0.9609142765866154,3574.0
kreis_03151,dep_hour_share_shop_7,0.0480698238582428,0.0227578817,2.53119421582428,3574.0
kreis_03151,dep_hour_share_shop_8,0.08134690433498576,0.06498539394,1.6361510394985763,3574.0
kreis_03151,dep_hour_share_shop_9,0.1108269169918785,0.08735529681,2.34716201818785,3574.0
kreis_03151,dep_hour_share_work_10,0.02851245192236297,0.04095154438,-1.2439092457637035,3574.0
kreis_03151,dep_hour_share_work_11,0.023225768128424834,0.01603574633,0.7190021798424835,3574.0
kreis_03151,dep_hour_share_work_12,0.030739987228797578,0.0507651394,-2.002515217120242,3574.0
kreis_03151,dep_hour_share_work_13,0.03596727008123079,0.05127197728,-1.530470719876921,3574.0
kreis_03151,dep_hour_share_work_14,0.020716078349841845,0.02269270829,-0.19766299401581533,3574.0
kreis_03151,dep_hour_share_work_15,0.01580065044030948,0.01672250101,-0.09218505696905223,3574.0
kreis_03151,dep_hour_share_work_16,0.010543667117123807,0.006487427178,0.4056239939123807,3574.0
kreis_03151,dep_hour_share_work_17,0.0085091848705802,0.008516547155,-0.0007362284419800552,3574.0
kreis_03151,dep_hour_share_work_18,0.004143215669968369,0.003206143128,0.09370725419683693,3574.0
kreis_03151,dep_hour_share_work_19,0.002182984600305915,0.001482325267,0.0700659333305915,3574.0
kreis_03151,dep_hour_share_work_20,0.00436596920061183,0.001322132511,0.30438366896118296,3574.0
kreis_03151,dep_hour_share_work_21,0.003207650841265834,0.005578870895,-0.23712200537341657,3574.0
kreis_03151,dep_hour_share_work_22,0.00083161318106892,0.0,0.083161318106892,3574.0
kreis_03151,dep_hour_share_work_23,0.0007276615334353049,0.0,0.0727661533435305,3574.0
kreis_03151,dep_hour_share_work_4,0.031348846879223034,0.01329083293,1.8058013949223035,3574.0
kreis_03151,dep_hour_share_work_5,0.1186533806560834,0.06582489289,5.28284877660834,3574.0
kreis_03151,dep_hour_share_work_6,0.22376334664904438,0.1816646257,4.209872094904438,3574.0
kreis_03151,dep_hour_share_work_7,0.2563596132998708,0.3321687438,-7.580913050012922,3574.0
kreis_03151,dep_hour_share_work_8,0.11742081111985625,0.1202209262,-0.28001150801437447,3574.0
kreis_03151,dep_hour_share_work_9,0.049733438274996655,0.05773481954,-0.8001381265003348,3574.0
kreis_03151,mean_work_activity_h,6.021473268033116,6.28423715,-0.26276388196688405,3574.0
kreis_03151,mobility_rate,0.8335396645342577,0.8358940444,-0.23543798657423842,3574.0
kreis_03151,n_persons_unweighted,173669.0,3574.0,170095.0,3574.0
kreis_03151,n_persons_weighted,173669.0,107068.0,66601.0,3574.0
kreis_03151,n_work_activities_measured,67279.0,1236.0,66043.0,3574.0
kreis_03151,nonhome_acts_per_mobile,2.1020309477756287,2.139120026,-0.03708907822437135,3574.0
kreis_03151,participation_education,0.18603204947342358,0.1826494134,0.3382636073423595,3574.0
kreis_03151,participation_escort,0.10863769584669687,0.1150801247,-0.6442428853303123,3574.0
kreis_03151,participation_home,0.8335396645342577,0.831216451,0.23232135342576843,3574.0
kreis_03151,participation_leisure,0.3585959497665099,0.3821445253,-2.35485755334901,3574.0
kreis_03151,participation_other,0.21897402530100363,0.1633809278,5.559309750100364,3574.0
kreis_03151,participation_shop,0.18786887700165256,0.2605779723,-7.270909529834746,3574.0
kreis_03151,participation_work,0.3221760936033489,0.3239381085,-0.17620148966510651,3574.0
kreis_03151,purpose_share_education,0.07676048397423034,0.06233506775,1.4425416224230339,3574.0
kreis_03151,purpose_share_escort,0.054795881899891256,0.05977979352,-0.4983911620108743,3574.0
kreis_03151,purpose_share_home,0.41846264985637865,0.4268124939,-0.8349844043621324,3574.0
kreis_03151,purpose_share_leisure,0.14785829362963473,0.1617405157,-1.3882222070365269,3574.0
kreis_03151,purpose_share_other,0.10095155097649121,0.06494569828,3.6005852696491205,3574.0
kreis_03151,purpose_share_shop,0.07247764457210784,0.1036245534,-3.114690882789216,3574.0
kreis_03151,purpose_share_work,0.12869349509126596,0.1207618773,0.7931617791265957,3574.0
kreis_03151,share_mobile_first_from_home,1.0,0.9778671254,2.213287460000002,3574.0
kreis_03151,share_mobile_last_to_home,1.0,0.9850407459,1.4959254099999986,3574.0
kreis_03151,share_mobile_odd_trip_count,0.2628833932025421,0.2196672558,4.321613740254213,3574.0
kreis_03151,share_trips_0,0.1664603354657423,0.1641059556,0.2354379865742301,3574.0
kreis_03151,share_trips_1,0.0006449049628891743,0.004752026205,-0.41071212421108255,3574.0
kreis_03151,share_trips_2,0.3366922133483811,0.3298549021,0.6837311248381106,3574.0
kreis_03151,share_trips_3,0.1086031473665421,0.07512812162,3.34750257465421,3574.0
kreis_03151,share_trips_4,0.18791494164185893,0.222638183,-3.472324135814106,3574.0
kreis_03151,share_trips_5,0.0755863164986267,0.05928519041,1.6301126088626696,3574.0
kreis_03151,share_trips_6,0.06050590491106645,0.06692578753,-0.6419882618933552,3574.0
kreis_03151,share_trips_7,0.025531326834380343,0.02800039044,-0.2469063605619659,3574.0
kreis_03151,share_trips_8plus,0.03806090897051287,0.04930944301,-1.1248534039487132,3574.0
kreis_03151,share_trips_followed_by_same_purpose,0.09007722871050414,0.04155748233,4.851974638050414,3574.0
kreis_03151,share_trips_home_based,0.815835994580039,0.8513942199,-3.5558225319961,3574.0
kreis_03151,share_trips_unknown_purpose,0.0,0.0003608672198,-0.03608672198,3574.0
kreis_03151,share_work_activities_lt_2h,0.17112323310394031,0.1076775839,6.344564920394031,3574.0
kreis_03151,tours_per_mobile,1.512579441834761,1.591849944,-0.07927050216523912,3574.0
kreis_03151,trips_per_mobile_person,3.6146103896103896,3.73096997,-0.11635958038961025,3574.0
kreis_03151,trips_per_person,3.0129211315778868,3.118695578,-0.10577444642211331,3574.0
kreis_03151,trips_per_person_education,0.23127328423610433,0.1943339461,0.03693933813610434,3574.0
kreis_03151,trips_per_person_escort,0.16509567049962862,0.1863676994,-0.021272028900371387,3574.0
kreis_03151,trips_per_person_home,1.2607949605283615,1.330617888,-0.06982292747163843,3574.0
kreis_03151,trips_per_person_leisure,0.4454853773557745,0.5042374028,-0.058752025444225475,3574.0
kreis_03151,trips_per_person_other,0.3041590612026326,0.2024727699,0.1016862913026326,3574.0
kreis_03151,trips_per_person_shop,0.21836942689829503,0.3230568139,-0.10468738700170499,3574.0
kreis_03151,trips_per_person_work,0.3877433508570902,0.3764836232,0.011259727657090213,3574.0
kreis_03153,dep_hour_share_all_10,0.04853815032967491,0.05240737785,-0.38692275203250914,2258.0
kreis_03153,dep_hour_share_all_11,0.053878597312061856,0.06342503556,-0.9546438247938139,2258.0
kreis_03153,dep_hour_share_all_12,0.062431127772147876,0.06509816517,-0.26670373978521233,2258.0
kreis_03153,dep_hour_share_all_13,0.06815712897570227,0.08363069951,-1.5473570534297738,2258.0
kreis_03153,dep_hour_share_all_14,0.07776472335182083,0.07815669826,-0.0391974908179174,2258.0
kreis_03153,dep_hour_share_all_15,0.08460570568145406,0.09058075282,-0.5975047138545936,2258.0
kreis_03153,dep_hour_share_all_16,0.08862276385064463,0.08266902457,0.5953739280644632,2258.0
kreis_03153,dep_hour_share_all_17,0.07508928966844942,0.07316620234,0.19230873284494243,2258.0
kreis_03153,dep_hour_share_all_18,0.06207162451187012,0.05813579809,0.3935826421870119,2258.0
kreis_03153,dep_hour_share_all_19,0.036604205146106815,0.03465676472,0.19474404261068182,2258.0
kreis_03153,dep_hour_share_all_20,0.02655374443486348,0.02049735222,0.6056392214863479,2258.0
kreis_03153,dep_hour_share_all_21,0.018733245975777815,0.01381516028,0.49180856957778146,2258.0
kreis_03153,dep_hour_share_all_22,0.01346313658779304,0.009684183882,0.37789527057930405,2258.0
kreis_03153,dep_hour_share_all_23,0.0070441798245728295,0.001554154463,0.549002536157283,2258.0
kreis_03153,dep_hour_share_all_4,0.0045589181556961724,0.002316186677,0.22427314786961725,2258.0
kreis_03153,dep_hour_share_all_5,0.016503283723620147,0.01754223423,-0.10389505063798515,2258.0
kreis_03153,dep_hour_share_all_6,0.04737106728181669,0.03561214906,1.175891822181669,2258.0
kreis_03153,dep_hour_share_all_7,0.08597859132034084,0.1024405401,-1.6461948779659161,2258.0
kreis_03153,dep_hour_share_all_8,0.058586005944829274,0.0641592531,-0.557324715517072,2258.0
kreis_03153,dep_hour_share_all_9,0.0522660428329899,0.0486711927,0.3594850132989901,2258.0
kreis_03153,dep_hour_share_education_10,0.0191612932729684,0.001404834904,1.77564583689684,2258.0
kreis_03153,dep_hour_share_education_11,0.024237435404948094,0.01986929254,0.4368142864948094,2258.0
kreis_03153,dep_hour_share_education_12,0.01577719851831527,0.02122449286,-0.5447294341684731,2258.0
kreis_03153,dep_hour_share_education_13,0.02003018246673069,0.02026308408,-0.023290161326931097,2258.0
kreis_03153,dep_hour_share_education_14,0.02739287510861115,0.005568766728,2.1824108380611147,2258.0
kreis_03153,dep_hour_share_education_15,0.04065486806603558,0.01293126717,2.772360089603558,2258.0
kreis_03153,dep_hour_share_education_16,0.015274157406137101,0.007478930673,0.7795226733137101,2258.0
kreis_03153,dep_hour_share_education_17,0.006630996478712215,0.009788265114,-0.31572686352877843,2258.0
kreis_03153,dep_hour_share_education_18,0.00937485709059313,0.002165938638,0.720891845259313,2258.0
kreis_03153,dep_hour_share_education_19,0.00823158183564275,0.0,0.823158183564275,2258.0
kreis_03153,dep_hour_share_education_20,0.0005487721223761833,0.0,0.05487721223761833,2258.0
kreis_03153,dep_hour_share_education_21,0.00022865505099007636,0.0,0.022865505099007637,2258.0
kreis_03153,dep_hour_share_education_22,0.0001829240407920611,0.0,0.018292404079206112,2258.0
kreis_03153,dep_hour_share_education_23,0.00013719303059404582,0.0,0.013719303059404582,2258.0
kreis_03153,dep_hour_share_education_4,0.0003201170713861069,0.0,0.03201170713861069,2258.0
kreis_03153,dep_hour_share_education_5,0.002469474550692825,0.009747126451,-0.7277651900307175,2258.0
kreis_03153,dep_hour_share_education_6,0.17441807289523026,0.05344687683,12.097119606523027,2258.0
kreis_03153,dep_hour_share_education_7,0.47473361686559656,0.6515028391,-17.67692222344034,2258.0
kreis_03153,dep_hour_share_education_8,0.12315361046325514,0.1431430873,-1.998947683674486,2258.0
kreis_03153,dep_hour_share_education_9,0.0368134632094023,0.04146519763,-0.46517344205977,2258.0
kreis_03153,dep_hour_share_escort_10,0.02193859011627907,0.02300717273,-0.10685826137209302,2258.0
kreis_03153,dep_hour_share_escort_11,0.042923328488372096,0.03402464192,0.8898686568372095,2258.0
kreis_03153,dep_hour_share_escort_12,0.059365915697674417,0.06737372291,-0.8007807212325586,2258.0
kreis_03153,dep_hour_share_escort_13,0.06976744186046512,0.09148280048,-2.1715358619534886,2258.0
kreis_03153,dep_hour_share_escort_14,0.1373092296511628,0.1197980689,1.7511160751162795,2258.0
kreis_03153,dep_hour_share_escort_15,0.11450763081395349,0.1255578193,-1.1050188486046526,2258.0
kreis_03153,dep_hour_share_escort_16,0.08670966569767442,0.06627425959,2.043540610767443,2258.0
kreis_03153,dep_hour_share_escort_17,0.058911700581395346,0.05926481512,-0.03531145386046555,2258.0
kreis_03153,dep_hour_share_escort_18,0.042605377906976744,0.03847381402,0.4131563886976747,2258.0
kreis_03153,dep_hour_share_escort_19,0.02071220930232558,0.02083021503,-0.01180057276744216,2258.0
kreis_03153,dep_hour_share_escort_20,0.005813953488372093,0.005588668526,0.022528496237209268,2258.0
kreis_03153,dep_hour_share_escort_21,0.004814680232558139,0.009504298913,-0.46896186804418605,2258.0
kreis_03153,dep_hour_share_escort_22,0.0025890261627906975,0.007078376325,-0.4489350162209303,2258.0
kreis_03153,dep_hour_share_escort_23,0.0014989098837209303,0.0,0.14989098837209303,2258.0
kreis_03153,dep_hour_share_escort_4,0.0020893895348837207,0.003014229552,-0.09248400171162795,2258.0
kreis_03153,dep_hour_share_escort_5,0.0028161337209302324,0.006069739354,-0.3253605633069767,2258.0
kreis_03153,dep_hour_share_escort_6,0.04646620639534884,0.01820250643,2.826369996534884,2258.0
kreis_03153,dep_hour_share_escort_7,0.16619731104651161,0.2125039425,-4.630663145348837,2258.0
kreis_03153,dep_hour_share_escort_8,0.07458212209302326,0.083059687,-0.8477564906976737,2258.0
kreis_03153,dep_hour_share_escort_9,0.03542877906976744,0.008891221396,2.6537557673767442,2258.0
kreis_03153,dep_hour_share_home_10,0.03566069601140138,0.04697630147,-1.1315605458598623,2258.0
kreis_03153,dep_hour_share_home_11,0.05577006385022508,0.05563228183,0.013778202022508151,2258.0
kreis_03153,dep_hour_share_home_12,0.07773152769668318,0.07429116762,0.3440360076683177,2258.0
kreis_03153,dep_hour_share_home_13,0.0855542789696068,0.1166993292,-3.1145050230393196,2258.0
kreis_03153,dep_hour_share_home_14,0.08620722129094231,0.09251609461,-0.630887331905769,2258.0
kreis_03153,dep_hour_share_home_15,0.1011746683492488,0.09748987173,0.3684796619248809,2258.0
kreis_03153,dep_hour_share_home_16,0.11182265082025879,0.1155813595,-0.3758708679741207,2258.0
kreis_03153,dep_hour_share_home_17,0.10074774452376019,0.09717924799,0.3568496533760193,2258.0
kreis_03153,dep_hour_share_home_18,0.08400981924798624,0.07562310874,0.8386710507986241,2258.0
kreis_03153,dep_hour_share_home_19,0.05447045749910534,0.04678991945,0.7680538049105339,2258.0
kreis_03153,dep_hour_share_home_20,0.050546525279540934,0.03563306282,1.4913462459540936,2258.0
kreis_03153,dep_hour_share_home_21,0.03534050314228492,0.02619473525,0.9145767892284922,2258.0
kreis_03153,dep_hour_share_home_22,0.025828891442060787,0.01954933901,0.6279552432060788,2258.0
kreis_03153,dep_hour_share_home_23,0.014371009360932703,0.00351613514,1.0854874220932702,2258.0
kreis_03153,dep_hour_share_home_4,6.906120706433365e-05,0.0004532785685,-0.038421736143566636,2258.0
kreis_03153,dep_hour_share_home_5,0.000847569359425913,0.001566574905,-0.0719005545574087,2258.0
kreis_03153,dep_hour_share_home_6,0.0025050383289699205,0.009642484395,-0.713744606603008,2258.0
kreis_03153,dep_hour_share_home_7,0.010133162563803137,0.01614052634,-0.6007363776196862,2258.0
kreis_03153,dep_hour_share_home_8,0.02056140483051752,0.03842244978,-1.7861044949482479,2258.0
kreis_03153,dep_hour_share_home_9,0.027938397403298613,0.02769443898,0.02439584232986139,2258.0
kreis_03153,dep_hour_share_leisure_10,0.05110598300219508,0.03417401908,1.693196392219508,2258.0
kreis_03153,dep_hour_share_leisure_11,0.04438941108046753,0.05916144904,-1.477203795953247,2258.0
kreis_03153,dep_hour_share_leisure_12,0.045477570777283725,0.08092315418,-3.544558340271627,2258.0
kreis_03153,dep_hour_share_leisure_13,0.05018667567212623,0.06058897899,-1.0402303317873771,2258.0
kreis_03153,dep_hour_share_leisure_14,0.0791729986304197,0.09461195817,-1.54389595395803,2258.0
kreis_03153,dep_hour_share_leisure_15,0.1007485788259132,0.1225532912,-2.180471237408679,2258.0
kreis_03153,dep_hour_share_leisure_16,0.12731468452749478,0.09253483615,3.477984837749479,2258.0
kreis_03153,dep_hour_share_leisure_17,0.11573891671826045,0.09274307075,2.2995845968260444,2258.0
kreis_03153,dep_hour_share_leisure_18,0.10215568188214105,0.1140735686,-1.191788671785894,2258.0
kreis_03153,dep_hour_share_leisure_19,0.05799140729066997,0.05972580881,-0.17344015193300338,2258.0
kreis_03153,dep_hour_share_leisure_20,0.022194705540233766,0.02933975379,-0.7145048249766233,2258.0
kreis_03153,dep_hour_share_leisure_21,0.013789609951032813,0.01128810366,0.2501506291032813,2258.0
kreis_03153,dep_hour_share_leisure_22,0.01330181422487383,0.001770099209,1.153171501587383,2258.0
kreis_03153,dep_hour_share_leisure_23,0.0034520928312789627,0.0005879270829,0.2864165748378963,2258.0
kreis_03153,dep_hour_share_leisure_4,0.000712932215155438,0.0,0.07129322151554379,2258.0
kreis_03153,dep_hour_share_leisure_5,0.00399617267968706,0.005110367107,-0.111419442731294,2258.0
kreis_03153,dep_hour_share_leisure_6,0.01590964522241609,0.01739545402,-0.14858087975839102,2258.0
kreis_03153,dep_hour_share_leisure_7,0.03138777884092231,0.02188765176,0.9500127080922307,2258.0
kreis_03153,dep_hour_share_leisure_8,0.05268193842517026,0.05173752422,0.09444142051702603,2258.0
kreis_03153,dep_hour_share_leisure_9,0.06300069417084107,0.04720474733,1.5795946840841075,2258.0
kreis_03153,dep_hour_share_other_10,0.08838162130523851,0.1315819366,-4.320031529476149,2258.0
kreis_03153,dep_hour_share_other_11,0.08066004817541253,0.1243874101,-4.3727361924587465,2258.0
kreis_03153,dep_hour_share_other_12,0.0669052925418158,0.04761661363,1.9288678911815806,2258.0
kreis_03153,dep_hour_share_other_13,0.0783638369239774,0.04756339058,3.0800446343977397,2258.0
kreis_03153,dep_hour_share_other_14,0.09148826005718017,0.05589018401,3.5598076047180163,2258.0
kreis_03153,dep_hour_share_other_15,0.08279867630174917,0.1165910289,-3.3792352598250837,2258.0
kreis_03153,dep_hour_share_other_16,0.08331644942707278,0.07428514028,0.9031309147072786,2258.0
kreis_03153,dep_hour_share_other_17,0.055581819409738636,0.0408020817,1.4779737709738636,2258.0
kreis_03153,dep_hour_share_other_18,0.04320028815200018,0.02317033488,2.002995327200018,2258.0
kreis_03153,dep_hour_share_other_19,0.025100740640687964,0.005202427901,1.9898312739687964,2258.0
kreis_03153,dep_hour_share_other_20,0.01159361563224601,0.004642196308,0.6951419324246011,2258.0
kreis_03153,dep_hour_share_other_21,0.008914702505571689,0.0007686538478,0.814604865777169,2258.0
kreis_03153,dep_hour_share_other_22,0.005042660003151662,0.004482402718,0.05602572851516625,2258.0
kreis_03153,dep_hour_share_other_23,0.003691947502307467,0.0,0.3691947502307467,2258.0
kreis_03153,dep_hour_share_other_4,0.0016433668760271042,0.0,0.16433668760271042,2258.0
kreis_03153,dep_hour_share_other_5,0.0008554512505346571,0.001831961841,-0.09765105904653429,2258.0
kreis_03153,dep_hour_share_other_6,0.01434006438396254,0.01387558487,0.04644795139625395,2258.0
kreis_03153,dep_hour_share_other_7,0.06600481754125301,0.06244021599,0.35646015512530094,2258.0
kreis_03153,dep_hour_share_other_8,0.08822403818014002,0.09131337718,-0.30893389998599835,2258.0
kreis_03153,dep_hour_share_other_9,0.09788163256117602,0.1518387067,-5.3957074138823975,2258.0
kreis_03153,dep_hour_share_shop_10,0.11633116484595557,0.1114345698,0.4896595045955576,2258.0
kreis_03153,dep_hour_share_shop_11,0.08856020621087517,0.1205447312,-3.198452498912484,2258.0
kreis_03153,dep_hour_share_shop_12,0.08377316803731436,0.06155905795,2.2214110087314354,2258.0
kreis_03153,dep_hour_share_shop_13,0.0629372775254695,0.07150650735,-0.8569229824530498,2258.0
kreis_03153,dep_hour_share_shop_14,0.09509635448631398,0.07546879174,1.9627562746313985,2258.0
kreis_03153,dep_hour_share_shop_15,0.08963422118571253,0.1028407695,-1.320654831428747,2258.0
kreis_03153,dep_hour_share_shop_16,0.0877316803731435,0.08042503588,0.7306644493143499,2258.0
kreis_03153,dep_hour_share_shop_17,0.06655824229777832,0.08674251959,-2.018427729222168,2258.0
kreis_03153,dep_hour_share_shop_18,0.05041733153307966,0.04028822953,1.0129102003079662,2258.0
kreis_03153,dep_hour_share_shop_19,0.012028967718178471,0.03724363878,-2.5214671061821528,2258.0
kreis_03153,dep_hour_share_shop_20,0.003436847919479563,0.0,0.3436847919479563,2258.0
kreis_03153,dep_hour_share_shop_21,0.000644408984902418,0.004366195127,-0.3721786142097582,2258.0
kreis_03153,dep_hour_share_shop_22,0.0004296059899349454,0.0,0.04296059899349454,2258.0
kreis_03153,dep_hour_share_shop_23,9.205842641463115e-05,0.0,0.009205842641463114,2258.0
kreis_03153,dep_hour_share_shop_4,6.137228427642077e-05,0.0,0.006137228427642077,2258.0
kreis_03153,dep_hour_share_shop_5,0.0010740149748373635,0.0002299281066,0.08440868682373635,2258.0
kreis_03153,dep_hour_share_shop_6,0.012213084571007733,0.005074628411,0.7138456160007733,2258.0
kreis_03153,dep_hour_share_shop_7,0.03596415858598257,0.03182600542,0.4138153165982573,2258.0
kreis_03153,dep_hour_share_shop_8,0.07067018534429852,0.06811076243,0.25594229142985175,2258.0
kreis_03153,dep_hour_share_shop_9,0.12148643672517491,0.1023386292,1.9147807525174907,2258.0
kreis_03153,dep_hour_share_work_10,0.03193030501478439,0.02437427258,0.755603243478439,2258.0
kreis_03153,dep_hour_share_work_11,0.02954892738782719,0.03661008216,-0.7061154772172812,2258.0
kreis_03153,dep_hour_share_work_12,0.035839733285705784,0.04602808941,-1.0188356124294216,2258.0
kreis_03153,dep_hour_share_work_13,0.04673453592903495,0.05766791802,-1.0933382090965054,2258.0
kreis_03153,dep_hour_share_work_14,0.022126967117143934,0.03265190864,-1.0524941522856064,2258.0
kreis_03153,dep_hour_share_work_15,0.01950745172749102,0.01129233743,0.8215114297491021,2258.0
kreis_03153,dep_hour_share_work_16,0.01228393959238753,0.006334458875,0.5949480717387531,2258.0
kreis_03153,dep_hour_share_work_17,0.010478061558611657,0.01017416613,0.03038954286116568,2258.0
kreis_03153,dep_hour_share_work_18,0.00587406481316108,0.001251459409,0.462260540416108,2258.0
kreis_03153,dep_hour_share_work_19,0.002798118711674704,0.000786676141,0.2011442570674704,2258.0
kreis_03153,dep_hour_share_work_20,0.0038102042031315114,0.00324327462,0.056692958313151125,2258.0
kreis_03153,dep_hour_share_work_21,0.005933599253835011,0.0002235143361,0.571008491773501,2258.0
kreis_03153,dep_hour_share_work_22,0.0009128614236669246,0.003094140279,-0.21812788553330756,2258.0
kreis_03153,dep_hour_share_work_23,0.0005556547796233454,0.0,0.05556547796233454,2258.0
kreis_03153,dep_hour_share_work_4,0.03121589172669723,0.01567304025,1.554285147669723,2258.0
kreis_03153,dep_hour_share_work_5,0.11506022900914846,0.1217105363,-0.6650307290851545,2258.0
kreis_03153,dep_hour_share_work_6,0.21958286201901134,0.1891580527,3.0424809319011343,2258.0
kreis_03153,dep_hour_share_work_7,0.22966402730646346,0.3056586603,-7.599463299353654,2258.0
kreis_03153,dep_hour_share_work_8,0.11607231450060526,0.1036869266,1.2385387900605256,2258.0
kreis_03153,dep_hour_share_work_9,0.04689329443749876,0.02845216693,1.844112750749876,2258.0
kreis_03153,mean_work_activity_h,5.66324252179212,6.466280458,-0.8030379362078799,2258.0
kreis_03153,mobility_rate,0.8247988782616188,0.8323700116,-0.757113333838122,2258.0
kreis_03153,n_persons_unweighted,127659.0,2258.0,125401.0,2258.0
kreis_03153,n_persons_weighted,127659.0,95795.0,31864.0,2258.0
kreis_03153,n_work_activities_measured,50324.0,826.0,49498.0,2258.0
kreis_03153,nonhome_acts_per_mobile,2.132943310571453,2.220014823,-0.08707151242854705,2258.0
kreis_03153,participation_education,0.13505510774798488,0.145628591,-1.0573483252015126,2258.0
kreis_03153,participation_escort,0.11359167782921689,0.120012767,-0.6421089170783114,2258.0
kreis_03153,participation_home,0.8247988782616188,0.8247719592,0.002691906161877977,2258.0
kreis_03153,participation_leisure,0.3215362802465944,0.3479370237,-2.6400743453405595,2258.0
kreis_03153,participation_other,0.2579371607172232,0.1980244057,5.991275501722323,2258.0
kreis_03153,participation_shop,0.21501030087968728,0.2808092782,-6.579897732031273,2258.0
kreis_03153,participation_work,0.3094102256793489,0.3284658498,-1.9055624120651093,2258.0
kreis_03153,purpose_share_education,0.056965636177490404,0.05007344776,0.6892188417490404,2258.0
kreis_03153,purpose_share_escort,0.057353795494746826,0.06229541015,-0.4941614655253175,2258.0
kreis_03153,purpose_share_home,0.41493709995493183,0.4189974931,-0.4060393145068175,2258.0
kreis_03153,purpose_share_leisure,0.13885422663814956,0.1540440778,-1.5189851161850454,2258.0
kreis_03153,purpose_share_other,0.11572097336810268,0.08123393901,3.448703435810267,2258.0
kreis_03153,purpose_share_shop,0.08489487134732965,0.1102021466,-2.530727525267035,2258.0
kreis_03153,purpose_share_work,0.13127339701924906,0.1231534856,0.811991141924906,2258.0
kreis_03153,share_mobile_first_from_home,1.0,0.9822715632,1.7728436800000025,2258.0
kreis_03153,share_mobile_last_to_home,1.0,0.9834002883,1.6599711699999964,2258.0
kreis_03153,share_mobile_odd_trip_count,0.2930774125535411,0.2276124655,6.5464947053541085,2258.0
kreis_03153,share_trips_0,0.17520112173838115,0.1676299884,0.7571133338381136,2258.0
kreis_03153,share_trips_1,0.0010026711786869707,0.002313128098,-0.13104569193130292,2258.0
kreis_03153,share_trips_2,0.33047415380035877,0.3282780951,0.21960587003587717,2258.0
kreis_03153,share_trips_3,0.11648219083652543,0.08590477545,3.0577415386525435,2258.0
kreis_03153,share_trips_4,0.15990255289482136,0.194497228,-3.4594675105178636,2258.0
kreis_03153,share_trips_5,0.0850468827109722,0.05496935306,3.0077529650972203,2258.0
kreis_03153,share_trips_6,0.06415528869879915,0.07146337992,-0.7308091221200852,2258.0
kreis_03153,share_trips_7,0.027260122670552018,0.03608694801,-0.8826825339447983,2258.0
kreis_03153,share_trips_8plus,0.04047501547090295,0.058857104,-1.838208852909705,2258.0
kreis_03153,share_trips_followed_by_same_purpose,0.10610035351153928,0.04814703654,5.7953316971539275,2258.0
kreis_03153,share_trips_home_based,0.8039899651698653,0.8371207738,-3.3130808630134734,2258.0
kreis_03153,share_trips_unknown_purpose,0.0,0.0006905355139,-0.06905355139,2258.0
kreis_03153,share_work_activities_lt_2h,0.20375963754868454,0.1135096853,9.024995224868453,2258.0
kreis_03153,tours_per_mobile,1.5127216434140922,1.599090611,-0.08636896758590784,2258.0
kreis_03153,trips_per_mobile_person,3.6456649539855452,3.819105434,-0.17344048001445467,2258.0
kreis_03153,trips_per_person,3.006940364564974,3.178908834,-0.17196846943502608,2258.0
kreis_03153,trips_per_person_education,0.17129227081521867,0.1590690068,0.012223264015218671,2258.0
kreis_03153,trips_per_person_escort,0.17245944273415897,0.1978946819,-0.025435239165841034,2258.0
kreis_03153,trips_per_person_home,1.2476911146100158,1.33103507,-0.08334395538998418,2258.0
kreis_03153,trips_per_person_leisure,0.4175263788687049,0.48935393,-0.07182755113129508,2258.0
kreis_03153,trips_per_person_other,0.34796606584729634,0.2580569657,0.08990910014729636,2258.0
kreis_03153,trips_per_person_shop,0.255273815398836,0.3500806672,-0.094806851801164,2258.0
kreis_03153,trips_per_person_work,0.3947312762907433,0.3912233631,0.0035079131907432837,2258.0
kreis_03154,dep_hour_share_all_10,0.048254623829827176,0.06207068411,-1.3816060280172828,1761.0
kreis_03154,dep_hour_share_all_11,0.05250389004617512,0.05855026925,-0.6046379203824885,1761.0
kreis_03154,dep_hour_share_all_12,0.0591214813584655,0.06244773228,-0.33262509215345043,1761.0
kreis_03154,dep_hour_share_all_13,0.0663239334414002,0.07161385978,-0.5289926338599802,1761.0
kreis_03154,dep_hour_share_all_14,0.07376827238626804,0.07427548446,-0.0507212073731958,1761.0
kreis_03154,dep_hour_share_all_15,0.08644025575022835,0.09545626666,-0.9016010909771652,1761.0
kreis_03154,dep_hour_share_all_16,0.08857030423590828,0.1002803984,-1.1710094164091718,1761.0
kreis_03154,dep_hour_share_all_17,0.07673589925953739,0.0682875799,0.8448319359537382,1761.0
kreis_03154,dep_hour_share_all_18,0.06370650098018332,0.06295902495,0.0747476030183325,1761.0
kreis_03154,dep_hour_share_all_19,0.03952503529021008,0.0319258347,0.7599200590210076,1761.0
kreis_03154,dep_hour_share_all_20,0.028788146821714943,0.02363699647,0.5151150351714942,1761.0
kreis_03154,dep_hour_share_all_21,0.020058558282097846,0.01439045814,0.5668100142097846,1761.0
kreis_03154,dep_hour_share_all_22,0.014144966045583037,0.005699764231,0.8445201814583038,1761.0
kreis_03154,dep_hour_share_all_23,0.006530945272194924,0.002423430965,0.41075143071949244,1761.0
kreis_03154,dep_hour_share_all_4,0.0038232565192119544,0.003195060167,0.06281963522119542,1761.0
kreis_03154,dep_hour_share_all_5,0.01707288015047529,0.01307586481,0.399701534047529,1761.0
kreis_03154,dep_hour_share_all_6,0.04678164114820444,0.03685247029,0.9929170858204439,1761.0
kreis_03154,dep_hour_share_all_7,0.08582290271454823,0.1043748671,-1.8551964385451771,1761.0
kreis_03154,dep_hour_share_all_8,0.05873518442970659,0.06215595232,-0.3420767890293407,1761.0
kreis_03154,dep_hour_share_all_9,0.053081530313478155,0.04393311096,0.9148419353478154,1761.0
kreis_03154,dep_hour_share_education_10,0.014961725817675714,0.003979768808,1.0981957009675714,1761.0
kreis_03154,dep_hour_share_education_11,0.016991417304569705,0.006089696943,1.0901720361569704,1761.0
kreis_03154,dep_hour_share_education_12,0.02070285316631872,0.01314888278,0.755397038631872,1761.0
kreis_03154,dep_hour_share_education_13,0.030793319415448852,0.002655089981,2.8138229434448854,1761.0
kreis_03154,dep_hour_share_education_14,0.026791927627000695,0.03264672969,-0.5854802062999307,1761.0
kreis_03154,dep_hour_share_education_15,0.031025284156808164,0.005156528215,2.586875594180816,1761.0
kreis_03154,dep_hour_share_education_16,0.016643470192530735,0.01384157015,0.28019000425307355,1761.0
kreis_03154,dep_hour_share_education_17,0.010090466249130133,0.01182236213,-0.17318958808698673,1761.0
kreis_03154,dep_hour_share_education_18,0.007422871723498028,0.006968813771,0.04540579524980283,1761.0
kreis_03154,dep_hour_share_education_19,0.0071329157967988865,0.001437982093,0.5694933703798887,1761.0
kreis_03154,dep_hour_share_education_20,0.00028995592669914174,0.0,0.028995592669914173,1761.0
kreis_03154,dep_hour_share_education_21,0.00023196474135931338,0.0,0.023196474135931337,1761.0
kreis_03154,dep_hour_share_education_22,0.00011598237067965669,0.0,0.011598237067965669,1761.0
kreis_03154,dep_hour_share_education_23,0.0,0.0,0.0,1761.0
kreis_03154,dep_hour_share_education_4,0.00028995592669914174,0.0,0.028995592669914173,1761.0
kreis_03154,dep_hour_share_education_5,0.003247506379030387,0.0,0.3247506379030387,1761.0
kreis_03154,dep_hour_share_education_6,0.17774298306657388,0.1040818782,7.366110486657387,1761.0
kreis_03154,dep_hour_share_education_7,0.47170030155416376,0.6825804706,-21.08801690458363,1761.0
kreis_03154,dep_hour_share_education_8,0.12572488981674784,0.09882488457,2.690000524674785,1761.0
kreis_03154,dep_hour_share_education_9,0.037926235212247736,0.01676534205,2.1160893162247736,1761.0
kreis_03154,dep_hour_share_escort_10,0.02087433230250211,0.0008394805377,2.003485176480211,1761.0
kreis_03154,dep_hour_share_escort_11,0.031627776215912284,0.03305299812,-0.14252219040877187,1761.0
kreis_03154,dep_hour_share_escort_12,0.06325555243182457,0.02678571647,3.646983596182457,1761.0
kreis_03154,dep_hour_share_escort_13,0.06782400899634523,0.08540865615,-1.7584647153654764,1761.0
kreis_03154,dep_hour_share_escort_14,0.13318807984256395,0.159562714,-2.6374634157436043,1761.0
kreis_03154,dep_hour_share_escort_15,0.11976384593758785,0.1445334976,-2.4769651662412158,1761.0
kreis_03154,dep_hour_share_escort_16,0.07597694686533596,0.05945111565,1.6525831215335962,1761.0
kreis_03154,dep_hour_share_escort_17,0.05805454034298566,0.07232574487,-1.4271204527014338,1761.0
kreis_03154,dep_hour_share_escort_18,0.04294349170649424,0.04177022239,0.11732693164942382,1761.0
kreis_03154,dep_hour_share_escort_19,0.01862524599381501,0.02122784937,-0.26026033761849876,1761.0
kreis_03154,dep_hour_share_escort_20,0.006466123137475401,0.01315893533,-0.6692812192524599,1761.0
kreis_03154,dep_hour_share_escort_21,0.007450098397526005,0.0,0.7450098397526005,1761.0
kreis_03154,dep_hour_share_escort_22,0.0021085184143941524,0.0,0.21085184143941524,1761.0
kreis_03154,dep_hour_share_escort_23,0.0018976665729547371,0.0,0.1897666572954737,1761.0
kreis_03154,dep_hour_share_escort_4,0.0009136913129041327,0.0,0.09136913129041327,1761.0
kreis_03154,dep_hour_share_escort_5,0.0016165307843688502,0.0007529550837,0.08635757006688502,1761.0
kreis_03154,dep_hour_share_escort_6,0.042451504076468936,0.01834383594,2.4107668136468936,1761.0
kreis_03154,dep_hour_share_escort_7,0.17676412707337644,0.1984839152,-2.1719788126623563,1761.0
kreis_03154,dep_hour_share_escort_8,0.08701152656733202,0.1134303427,-2.6418816132667984,1761.0
kreis_03154,dep_hour_share_escort_9,0.036547652516165305,0.01087202053,2.5675631986165306,1761.0
kreis_03154,dep_hour_share_home_10,0.03531523993794558,0.04492175025,-0.9606510312054423,1761.0
kreis_03154,dep_hour_share_home_11,0.05368753159371786,0.06234447055,-0.865693895628214,1761.0
kreis_03154,dep_hour_share_home_12,0.07042130767487667,0.07492357487,-0.45022671951233245,1761.0
kreis_03154,dep_hour_share_home_13,0.0810367968763618,0.09078154704,-0.9744750163638196,1761.0
kreis_03154,dep_hour_share_home_14,0.08430511251721313,0.07089193347,1.3413179047213133,1761.0
kreis_03154,dep_hour_share_home_15,0.1026512576478586,0.1238723366,-2.12210789521414,1761.0
kreis_03154,dep_hour_share_home_16,0.10861266537677143,0.1228347913,-1.4222125923228566,1761.0
kreis_03154,dep_hour_share_home_17,0.10209346511181998,0.0814453777,2.0648087411819978,1761.0
kreis_03154,dep_hour_share_home_18,0.09065000261465252,0.08995911956,0.06908830546525219,1761.0
kreis_03154,dep_hour_share_home_19,0.058341613066290154,0.0485103465,0.9831266566290152,1761.0
kreis_03154,dep_hour_share_home_20,0.05262423957189423,0.04397725021,0.8646989361894231,1761.0
kreis_03154,dep_hour_share_home_21,0.03792989245062665,0.02563765668,1.2292235770626647,1761.0
kreis_03154,dep_hour_share_home_22,0.028796039672994125,0.01282509798,1.5970941692994123,1761.0
kreis_03154,dep_hour_share_home_23,0.013814080775331625,0.005606254156,0.8207826619331625,1761.0
kreis_03154,dep_hour_share_home_4,7.843957538043194e-05,0.0006030866858,-0.05246471104195681,1761.0
kreis_03154,dep_hour_share_home_5,0.0008018267705555265,0.00266922052,-0.18673937494444737,1761.0
kreis_03154,dep_hour_share_home_6,0.0021963081106520944,0.008493714497,-0.6297406386347906,1761.0
kreis_03154,dep_hour_share_home_7,0.009674214296919939,0.02114835001,-1.1474135713080063,1761.0
kreis_03154,dep_hour_share_home_8,0.019627324861859193,0.04138234612,-2.175502125814081,1761.0
kreis_03154,dep_hour_share_home_9,0.030286391605222333,0.02587608931,0.4410302295222334,1761.0
kreis_03154,dep_hour_share_leisure_10,0.04557083084279737,0.07536460558,-2.979377473720262,1761.0
kreis_03154,dep_hour_share_leisure_11,0.04028690974297669,0.04516560624,-0.4878696497023313,1761.0
kreis_03154,dep_hour_share_leisure_12,0.049372384937238493,0.04981854766,-0.04461627227615034,1761.0
kreis_03154,dep_hour_share_leisure_13,0.057501494321578,0.03621516808,2.1286326241578,1761.0
kreis_03154,dep_hour_share_leisure_14,0.0782068141063957,0.09255633098,-1.4349516873604307,1761.0
kreis_03154,dep_hour_share_leisure_15,0.10512851165570831,0.1058846696,-0.07561579442916799,1761.0
kreis_03154,dep_hour_share_leisure_16,0.13934249850567842,0.1550299239,-1.568742539432158,1761.0
kreis_03154,dep_hour_share_leisure_17,0.11744172145845785,0.1215240792,-0.4082357741542142,1761.0
kreis_03154,dep_hour_share_leisure_18,0.09838613269575612,0.0980332311,0.03529015957561138,1761.0
kreis_03154,dep_hour_share_leisure_19,0.062139868499701136,0.0421005409,2.0039327599701138,1761.0
kreis_03154,dep_hour_share_leisure_20,0.029025702331141663,0.008369642156,2.0656060175141664,1761.0
kreis_03154,dep_hour_share_leisure_21,0.014823670053795576,0.005249754289,0.9573915764795576,1761.0
kreis_03154,dep_hour_share_leisure_22,0.010089659294680215,0.0008060443813,0.9283614913380214,1761.0
kreis_03154,dep_hour_share_leisure_23,0.002510460251046025,0.0002329302224,0.2277530028646025,1761.0
kreis_03154,dep_hour_share_leisure_4,0.0004542737597130903,0.001727608706,-0.12733349462869098,1761.0
kreis_03154,dep_hour_share_leisure_5,0.0037298266586969515,0.003396528557,0.033329810169695134,1761.0
kreis_03154,dep_hour_share_leisure_6,0.016545128511655707,0.01623190741,0.03132211016557071,1761.0
kreis_03154,dep_hour_share_leisure_7,0.02531978481769277,0.02907391021,-0.37541253923072326,1761.0
kreis_03154,dep_hour_share_leisure_8,0.04119545726240287,0.05683768705,-1.5642229787597133,1761.0
kreis_03154,dep_hour_share_leisure_9,0.058936043036461445,0.05593859604,0.2997446996461442,1761.0
kreis_03154,dep_hour_share_other_10,0.08909846547314577,0.1168359878,-2.7737522326854225,1761.0
kreis_03154,dep_hour_share_other_11,0.08781969309462916,0.1256523253,-3.783263220537085,1761.0
kreis_03154,dep_hour_share_other_12,0.07001278772378516,0.04594481099,2.406797673378516,1761.0
kreis_03154,dep_hour_share_other_13,0.07774936061381074,0.1219334212,-4.418406058618926,1761.0
kreis_03154,dep_hour_share_other_14,0.08801150895140665,0.1058910885,-1.7879579548593343,1761.0
kreis_03154,dep_hour_share_other_15,0.08164961636828645,0.08328690462,-0.16372882517135534,1761.0
kreis_03154,dep_hour_share_other_16,0.07838874680306905,0.05241096696,2.597777984306905,1761.0
kreis_03154,dep_hour_share_other_17,0.05959079283887468,0.02649349131,3.309730152887468,1761.0
kreis_03154,dep_hour_share_other_18,0.04271099744245524,0.02205314131,2.065785613245524,1761.0
kreis_03154,dep_hour_share_other_19,0.025831202046035805,0.02202918232,0.38020197260358046,1761.0
kreis_03154,dep_hour_share_other_20,0.012180306905370844,0.003557888283,0.8622418622370844,1761.0
kreis_03154,dep_hour_share_other_21,0.008727621483375959,0.0,0.8727621483375959,1761.0
kreis_03154,dep_hour_share_other_22,0.004251918158567775,0.001193481369,0.3058436789567775,1761.0
kreis_03154,dep_hour_share_other_23,0.0017902813299232737,0.0,0.17902813299232737,1761.0
kreis_03154,dep_hour_share_other_4,0.001534526854219949,0.0,0.1534526854219949,1761.0
kreis_03154,dep_hour_share_other_5,0.0026214833759590794,0.009020004278,-0.6398520902040921,1761.0
kreis_03154,dep_hour_share_other_6,0.015537084398976981,0.01720896226,-0.16718778610230173,1761.0
kreis_03154,dep_hour_share_other_7,0.06285166240409207,0.04298486993,1.9866792474092065,1761.0
kreis_03154,dep_hour_share_other_8,0.08609335038363171,0.07866410799,0.7429242393631713,1761.0
kreis_03154,dep_hour_share_other_9,0.0977621483375959,0.1248393656,-2.70772172624041,1761.0
kreis_03154,dep_hour_share_shop_10,0.12547313465303458,0.1601016876,-3.4628552946965403,1761.0
kreis_03154,dep_hour_share_shop_11,0.096062649554057,0.08107734514,1.4985304414056988,1761.0
kreis_03154,dep_hour_share_shop_12,0.07491842505982162,0.07510487905,-0.018645399017838682,1761.0
kreis_03154,dep_hour_share_shop_13,0.05786382423319556,0.06445719671,-0.6593372476804437,1761.0
kreis_03154,dep_hour_share_shop_14,0.07283010659125516,0.09063636929,-1.7806262698744844,1761.0
kreis_03154,dep_hour_share_shop_15,0.09828148792690886,0.09567766789,0.26038200369088577,1761.0
kreis_03154,dep_hour_share_shop_16,0.08723080269741136,0.122642756,-3.5411953302588643,1761.0
kreis_03154,dep_hour_share_shop_17,0.06478137916032195,0.06407174735,0.07096318103219507,1761.0
kreis_03154,dep_hour_share_shop_18,0.03946051772895367,0.03957267966,-0.011216193104632982,1761.0
kreis_03154,dep_hour_share_shop_19,0.015357842070915815,0.01306296914,0.22948729309158147,1761.0
kreis_03154,dep_hour_share_shop_20,0.0043071568414183165,0.0008375024452,0.34696543962183163,1761.0
kreis_03154,dep_hour_share_shop_21,0.0013051990428540352,0.008402424389,-0.7097225346145963,1761.0
kreis_03154,dep_hour_share_shop_22,0.0006525995214270176,0.0,0.06525995214270176,1761.0
kreis_03154,dep_hour_share_shop_23,0.00043506634761801175,0.0,0.04350663476180117,1761.0
kreis_03154,dep_hour_share_shop_4,0.0001740265390472047,0.0,0.01740265390472047,1761.0
kreis_03154,dep_hour_share_shop_5,0.001261692408092234,0.0,0.1261692408092234,1761.0
kreis_03154,dep_hour_share_shop_6,0.010224059169023277,0.01202395152,-0.17998923509767226,1761.0
kreis_03154,dep_hour_share_shop_7,0.03772025233848162,0.03905452015,-0.13342678115183804,1761.0
kreis_03154,dep_hour_share_shop_8,0.08192299325647161,0.05067274122,3.125025203647161,1761.0
kreis_03154,dep_hour_share_shop_9,0.12751794648683926,0.0826035624,4.491438408683926,1761.0
kreis_03154,dep_hour_share_work_10,0.03407420219666177,0.02821033718,0.5863865016661769,1761.0
kreis_03154,dep_hour_share_work_11,0.028827582230678314,0.03649074971,-0.7663167479321685,1761.0
kreis_03154,dep_hour_share_work_12,0.03061489232898037,0.0691151671,-3.850027477101963,1761.0
kreis_03154,dep_hour_share_work_13,0.04064689094525642,0.0547943844,-1.414749345474358,1761.0
kreis_03154,dep_hour_share_work_14,0.02032344547262821,0.01071592853,0.960751694262821,1761.0
kreis_03154,dep_hour_share_work_15,0.02064054887716567,0.00778838231,1.2852166567165673,1761.0
kreis_03154,dep_hour_share_work_16,0.012049929372423536,0.007751212765,0.4298716607423535,1761.0
kreis_03154,dep_hour_share_work_17,0.007956412695667214,0.001631617885,0.6324794810667214,1761.0
kreis_03154,dep_hour_share_work_18,0.004266482170140391,0.0004865293025,0.37799528676403904,1761.0
kreis_03154,dep_hour_share_work_19,0.003055723716451901,0.0,0.30557237164519013,1761.0
kreis_03154,dep_hour_share_work_20,0.004179999423448356,0.0211683322,-1.6988332776551645,1761.0
kreis_03154,dep_hour_share_work_21,0.004929516561445991,0.01350213162,-0.8572615058554007,1761.0
kreis_03154,dep_hour_share_work_22,0.00034593098676813974,0.0002381207411,0.010781024566813973,1761.0
kreis_03154,dep_hour_share_work_23,0.0007495171379976361,0.0,0.0749517137997636,1761.0
kreis_03154,dep_hour_share_work_4,0.02770330652368186,0.02197396525,0.5729341273681857,1761.0
kreis_03154,dep_hour_share_work_5,0.12369915535184065,0.08869688724,3.5002268111840653,1761.0
kreis_03154,dep_hour_share_work_6,0.21978148692669147,0.1780825382,4.169894872669147,1761.0
kreis_03154,dep_hour_share_work_7,0.23410879529533857,0.3047986337,-7.068983840466142,1761.0
kreis_03154,dep_hour_share_work_8,0.12430453457868489,0.1070376473,1.7266887278684888,1761.0
kreis_03154,dep_hour_share_work_9,0.0461241315690853,0.0328678353,1.3256296269085297,1761.0
kreis_03154,mean_work_activity_h,5.66258065756955,6.355170737,-0.6925900794304498,1761.0
kreis_03154,mobility_rate,0.8383486035986312,0.8422844969,-0.3935893301368787,1761.0
kreis_03154,n_persons_unweighted,90590.0,1761.0,88829.0,1761.0
kreis_03154,n_persons_weighted,90590.0,55924.0,34666.0,1761.0
kreis_03154,n_work_activities_measured,34663.0,607.0,34056.0,1761.0
kreis_03154,nonhome_acts_per_mobile,2.1363995470465857,2.168146457,-0.03174690995341445,1761.0
kreis_03154,participation_education,0.14917761342311514,0.1566083895,-0.743077607688486,1761.0
kreis_03154,participation_escort,0.10130257202781764,0.1066033005,-0.5300728472182353,1761.0
kreis_03154,participation_home,0.8383486035986312,0.8384272405,-0.007863690136877821,1761.0
kreis_03154,participation_leisure,0.36054752180152333,0.3832723827,-2.2724860898476695,1761.0
kreis_03154,participation_other,0.2530301357765758,0.1766926064,7.633752937657579,1761.0
kreis_03154,participation_shop,0.21324649519814548,0.2917111385,-7.846464330185454,1761.0
kreis_03154,participation_work,0.30102660337785625,0.3214259891,-2.0399385722143726,1761.0
kreis_03154,purpose_share_education,0.06225517980858446,0.05299640443,0.925877537858446,1761.0
kreis_03154,purpose_share_escort,0.05136666076992227,0.04975880244,0.16078583299222737,1761.0
kreis_03154,purpose_share_home,0.41423305618634676,0.4269593928,-1.2726336613653244,1761.0
kreis_03154,purpose_share_leisure,0.15099877612468365,0.1623001646,-1.1301388475316338,1761.0
kreis_03154,purpose_share_other,0.11292867225774308,0.06896078783,4.396788442774309,1761.0
kreis_03154,purpose_share_shop,0.08298163464975143,0.1179408427,-3.4959208050248574,1761.0
kreis_03154,purpose_share_work,0.12523602020296834,0.1210836052,0.41524150029683404,1761.0
kreis_03154,share_mobile_first_from_home,1.0,0.971415874,2.8584126000000043,1761.0
kreis_03154,share_mobile_last_to_home,1.0,0.9801030915,1.9896908500000032,1761.0
kreis_03154,share_mobile_odd_trip_count,0.2986990756590209,0.2300324463,6.866662935902087,1761.0
kreis_03154,share_trips_0,0.1616513964013688,0.1577155031,0.39358933013688147,1761.0
kreis_03154,share_trips_1,0.0009051771718732752,0.006616003335,-0.5710826163126724,1761.0
kreis_03154,share_trips_2,0.3161828016337344,0.3086377183,0.7545083333734437,1761.0
kreis_03154,share_trips_3,0.12446186113257533,0.08493575231,3.952610882257533,1761.0
kreis_03154,share_trips_4,0.18675350480185451,0.2289717101,-4.221820529814549,1761.0
kreis_03154,share_trips_5,0.08864113036759025,0.05452956044,3.411156992759025,1761.0
kreis_03154,share_trips_6,0.05857158626779998,0.07674607943,-1.8174493162200025,1761.0
kreis_03154,share_trips_7,0.024892372226515067,0.03869570917,-1.3803336943484936,1761.0
kreis_03154,share_trips_8plus,0.037940169996688373,0.04315196375,-0.5211793753311628,1761.0
kreis_03154,share_trips_followed_by_same_purpose,0.10780572513709931,0.04074375061,6.70619745270993,1761.0
kreis_03154,share_trips_home_based,0.804530143796324,0.8514306391,-4.6900495303676015,1761.0
kreis_03154,share_trips_unknown_purpose,0.0,0.0002245328896,-0.02245328896,1761.0
kreis_03154,share_work_activities_lt_2h,0.20355999192222254,0.1041750996,9.938489232222254,1761.0
kreis_03154,tours_per_mobile,1.5107839780896952,1.614803253,-0.10401927491030483,1761.0
kreis_03154,trips_per_mobile_person,3.647183525136281,3.78294971,-0.13576618486371883,1761.0
kreis_03154,trips_per_person,3.0576112153659345,3.186319893,-0.12870867763406535,1761.0
kreis_03154,trips_per_person_education,0.1903521359973507,0.1688255823,0.02152655369735071,1761.0
kreis_03154,trips_per_person_escort,0.1570592780660117,0.158511863,-0.0014525849339883101,1761.0
kreis_03154,trips_per_person_home,1.266563638370681,1.360123746,-0.09356010762931888,1761.0
kreis_03154,trips_per_person_leisure,0.4616955513853626,0.5170241282,-0.055328576814637376,1761.0
kreis_03154,trips_per_person_other,0.34529197483165913,0.2196817933,0.12561018153165912,1761.0
kreis_03154,trips_per_person_shop,0.25372557677447843,0.3757128743,-0.12198729752552157,1761.0
kreis_03154,trips_per_person_work,0.3829230599403908,0.3857244727,-0.002801412759609212,1761.0
kreis_03157,dep_hour_share_all_10,0.04412421185219861,0.05040664724,-0.628243538780139,2446.0
kreis_03157,dep_hour_share_all_11,0.04570955622422609,0.04791158955,-0.2202033325773914,2446.0
kreis_03157,dep_hour_share_all_12,0.059285123099456834,0.06730605092,-0.8020927820543166,2446.0
kreis_03157,dep_hour_share_all_13,0.06883821041887356,0.07105049827,-0.22122878511264404,2446.0
kreis_03157,dep_hour_share_all_14,0.07519165293264579,0.07151439576,0.367725717264579,2446.0
kreis_03157,dep_hour_share_all_15,0.08948870834248264,0.09135650668,-0.1867798337517365,2446.0
kreis_03157,dep_hour_share_all_16,0.08860313545886912,0.09790233586,-0.9299200401130872,2446.0
kreis_03157,dep_hour_share_all_17,0.07709310097702578,0.09156566576,-1.447256478297422,2446.0
kreis_03157,dep_hour_share_all_18,0.060930792599795856,0.06794690332,-0.7016110720204145,2446.0
kreis_03157,dep_hour_share_all_19,0.0394043738131031,0.03182552229,0.7578851523103101,2446.0
kreis_03157,dep_hour_share_all_20,0.0279232953928493,0.02120330303,0.6719992362849301,2446.0
kreis_03157,dep_hour_share_all_21,0.017576329384852603,0.0145336647,0.30426646848526023,2446.0
kreis_03157,dep_hour_share_all_22,0.013814454383344473,0.01135253815,0.2461916233344472,2446.0
kreis_03157,dep_hour_share_all_23,0.006640590124535195,0.0009784164261,0.5662173698435194,2446.0
kreis_03157,dep_hour_share_all_4,0.003971806448032315,0.002440058689,0.15317477590323147,2446.0
kreis_03157,dep_hour_share_all_5,0.017593220420779834,0.01403795215,0.35552682707798344,2446.0
kreis_03157,dep_hour_share_all_6,0.0506827598022301,0.03448410281,1.6198656992230103,2446.0
kreis_03157,dep_hour_share_all_7,0.09622581867231632,0.113090005,-1.6864186327683675,2446.0
kreis_03157,dep_hour_share_all_8,0.058387485190181,0.05639258685,0.19948983401809964,2446.0
kreis_03157,dep_hour_share_all_9,0.04741796385800912,0.04168325467,0.5734709188009119,2446.0
kreis_03157,dep_hour_share_education_10,0.01719518299325737,0.009375466,0.7819716993257367,2446.0
kreis_03157,dep_hour_share_education_11,0.024791685069045725,0.01515107299,0.9640612079045725,2446.0
kreis_03157,dep_hour_share_education_12,0.028589936106939905,0.01130645617,1.7283479936939905,2446.0
kreis_03157,dep_hour_share_education_13,0.03480257927744899,0.01753060144,1.7271977837448986,2446.0
kreis_03157,dep_hour_share_education_14,0.02649942584577334,0.01131181449,1.518761135577334,2446.0
kreis_03157,dep_hour_share_education_15,0.03433147837352413,0.008302381617,2.6029096756524126,2446.0
kreis_03157,dep_hour_share_education_16,0.01863792951152725,0.01153476899,0.710316052152725,2446.0
kreis_03157,dep_hour_share_education_17,0.008479816270647469,0.01531026961,-0.683045333935253,2446.0
kreis_03157,dep_hour_share_education_18,0.00674263168742455,0.006235166339,0.050746534842455,2446.0
kreis_03157,dep_hour_share_education_19,0.008155934399199129,0.0,0.8155934399199128,2446.0
kreis_03157,dep_hour_share_education_20,0.0004416570974295557,0.001051387468,-0.06097303705704443,2446.0
kreis_03157,dep_hour_share_education_21,0.00035332567794364456,0.003428040294,-0.30747146160563554,2446.0
kreis_03157,dep_hour_share_education_22,5.8887612990607425e-05,0.0,0.0058887612990607425,2446.0
kreis_03157,dep_hour_share_education_23,5.8887612990607425e-05,0.0,0.0058887612990607425,2446.0
kreis_03157,dep_hour_share_education_4,0.0006477637428966817,0.0,0.06477637428966816,2446.0
kreis_03157,dep_hour_share_education_5,0.004652121426257987,0.0,0.4652121426257987,2446.0
kreis_03157,dep_hour_share_education_6,0.1839649029826576,0.08624550358,9.771939940265762,2446.0
kreis_03157,dep_hour_share_education_7,0.4609133468774843,0.6836874772,-22.27741303225157,2446.0
kreis_03157,dep_hour_share_education_8,0.10673379854547596,0.1016171904,0.5116608145475959,2446.0
kreis_03157,dep_hour_share_education_9,0.03300650708123546,0.01791240341,1.5094103671235461,2446.0
kreis_03157,dep_hour_share_escort_10,0.013618317791524328,0.01643404262,-0.28157248284756703,2446.0
kreis_03157,dep_hour_share_escort_11,0.031483704182439294,0.0275608171,0.3922887082439295,2446.0
kreis_03157,dep_hour_share_escort_12,0.06236727910626904,0.05907865898,0.3288620126269043,2446.0
kreis_03157,dep_hour_share_escort_13,0.07460068322407903,0.1144842184,-3.988353517592097,2446.0
kreis_03157,dep_hour_share_escort_14,0.14176899639922444,0.1086685359,3.310046049922444,2446.0
kreis_03157,dep_hour_share_escort_15,0.1129166281968424,0.1051370628,0.7779565396842394,2446.0
kreis_03157,dep_hour_share_escort_16,0.07760132951712677,0.05356769621,2.4033633307126765,2446.0
kreis_03157,dep_hour_share_escort_17,0.05613516757455452,0.06544904216,-0.9313874585445476,2446.0
kreis_03157,dep_hour_share_escort_18,0.04357861693287785,0.02445403048,1.9124586452877852,2446.0
kreis_03157,dep_hour_share_escort_19,0.015326377989105345,0.01603934988,-0.07129718908946564,2446.0
kreis_03157,dep_hour_share_escort_20,0.006509094266457391,0.004554857828,0.1954236438457391,2446.0
kreis_03157,dep_hour_share_escort_21,0.005816637429600221,0.005955909995,-0.01392725653997784,2446.0
kreis_03157,dep_hour_share_escort_22,0.003092973871295356,0.01087793846,-0.7784964588704644,2446.0
kreis_03157,dep_hour_share_escort_23,0.001985042932323885,0.0,0.1985042932323885,2446.0
kreis_03157,dep_hour_share_escort_4,0.0005078016803619241,0.001677280153,-0.11694784726380758,2446.0
kreis_03157,dep_hour_share_escort_5,0.0024928446126858093,0.0,0.24928446126858095,2446.0
kreis_03157,dep_hour_share_escort_6,0.04099344474194442,0.02231280512,1.868063962194442,2446.0
kreis_03157,dep_hour_share_escort_7,0.1812390361000831,0.2606590118,-7.941997569991691,2446.0
kreis_03157,dep_hour_share_escort_8,0.08997322500230819,0.09204885515,-0.2075630147691812,2446.0
kreis_03157,dep_hour_share_escort_9,0.032453143754039335,0.01103988698,2.1413256774039335,2446.0
kreis_03157,dep_hour_share_home_10,0.03402921425136308,0.03864134031,-0.4612126058636923,2446.0
kreis_03157,dep_hour_share_home_11,0.04795842097029324,0.04567262629,0.2285794680293246,2446.0
kreis_03157,dep_hour_share_home_12,0.07533012335807447,0.08891004988,-1.3579926521925523,2446.0
kreis_03157,dep_hour_share_home_13,0.08696483512663179,0.09304391983,-0.6079084703368209,2446.0
kreis_03157,dep_hour_share_home_14,0.087109689605822,0.07927661311,0.7833076495821989,2446.0
kreis_03157,dep_hour_share_home_15,0.10856553506347523,0.113888281,-0.5322745936524764,2446.0
kreis_03157,dep_hour_share_home_16,0.10793396953420593,0.1149899722,-0.7056002665794064,2446.0
kreis_03157,dep_hour_share_home_17,0.09953820392034163,0.120698359,-2.116015507965838,2446.0
kreis_03157,dep_hour_share_home_18,0.0864839182557203,0.09434014163,-0.78562233742797,2446.0
kreis_03157,dep_hour_share_home_19,0.058555974667848676,0.04379358737,1.4762387297848678,2446.0
kreis_03157,dep_hour_share_home_20,0.052222936837652896,0.03840670697,1.3816229867652894,2446.0
kreis_03157,dep_hour_share_home_21,0.03331073603457966,0.0246708772,0.8639858834579659,2446.0
kreis_03157,dep_hour_share_home_22,0.027273201341931896,0.02339576701,0.38774343319318977,2446.0
kreis_03157,dep_hour_share_home_23,0.01403350194394711,0.002119216066,1.191428587794711,2446.0
kreis_03157,dep_hour_share_home_4,4.0559254173257544e-05,0.0003567160325,-0.031615677832674244,2446.0
kreis_03157,dep_hour_share_home_5,0.0008575385168060166,0.003148970236,-0.22914317191939834,2446.0
kreis_03157,dep_hour_share_home_6,0.002282906592037639,0.004829271289,-0.2546364696962361,2446.0
kreis_03157,dep_hour_share_home_7,0.01159415251438405,0.01461149749,-0.3017344975615951,2446.0
kreis_03157,dep_hour_share_home_8,0.019989918128248362,0.02807630003,-0.8086381901751639,2446.0
kreis_03157,dep_hour_share_home_9,0.02771935313783773,0.02642496843,0.12943847078377285,2446.0
kreis_03157,dep_hour_share_leisure_10,0.04075951883885078,0.04986634595,-0.9106827111149219,2446.0
kreis_03157,dep_hour_share_leisure_11,0.034281074990887096,0.04112018317,-0.6839108179112902,2446.0
kreis_03157,dep_hour_share_leisure_12,0.045216555654969015,0.04638918938,-0.1172633725030986,2446.0
kreis_03157,dep_hour_share_leisure_13,0.05943268051827551,0.06298794176,-0.35552612417244916,2446.0
kreis_03157,dep_hour_share_leisure_14,0.08841170427809258,0.07585839861,1.2553305668092583,2446.0
kreis_03157,dep_hour_share_leisure_15,0.11135964476256752,0.1178422143,-0.6482569537432481,2446.0
kreis_03157,dep_hour_share_leisure_16,0.14501110116976507,0.1507206765,-0.5709575330234945,2446.0
kreis_03157,dep_hour_share_leisure_17,0.13082811412665274,0.1236744464,0.715366772665274,2446.0
kreis_03157,dep_hour_share_leisure_18,0.09681214169731915,0.1100027136,-1.3190571902680845,2446.0
kreis_03157,dep_hour_share_leisure_19,0.06059250422507208,0.06592465554,-0.5332151314927924,2446.0
kreis_03157,dep_hour_share_leisure_20,0.023842661629717998,0.01873725732,0.5105404309717999,2446.0
kreis_03157,dep_hour_share_leisure_21,0.012625509493985486,0.01198286858,0.0642640913985486,2446.0
kreis_03157,dep_hour_share_leisure_22,0.010438413361169102,0.004309228184,0.6129185177169102,2446.0
kreis_03157,dep_hour_share_leisure_23,0.0017397355601948504,0.0004180202683,0.13217152918948505,2446.0
kreis_03157,dep_hour_share_leisure_4,0.0002485336514564072,0.0,0.02485336514564072,2446.0
kreis_03157,dep_hour_share_leisure_5,0.0027173012559233854,0.00504694818,-0.23296469240766146,2446.0
kreis_03157,dep_hour_share_leisure_6,0.01668489246777347,0.0113036418,0.538125066777347,2446.0
kreis_03157,dep_hour_share_leisure_7,0.025565828279815753,0.02065448715,0.49113411298157517,2446.0
kreis_03157,dep_hour_share_leisure_8,0.042051893826424096,0.03447851003,0.7573383796424096,2446.0
kreis_03157,dep_hour_share_leisure_9,0.04756934088875634,0.04677948641,0.07898544787563397,2446.0
kreis_03157,dep_hour_share_other_10,0.08397513222603693,0.1521518314,-6.817669917396306,2446.0
kreis_03157,dep_hour_share_other_11,0.07509047044632086,0.1007628704,-2.5672399953679133,2446.0
kreis_03157,dep_hour_share_other_12,0.06455878259255822,0.06561377344,-0.10549908474417752,2446.0
kreis_03157,dep_hour_share_other_13,0.08000835111812192,0.04204706984,3.796128127812192,2446.0
kreis_03157,dep_hour_share_other_14,0.07638953326528719,0.1123311418,-3.5941608534712817,2446.0
kreis_03157,dep_hour_share_other_15,0.09033126101883641,0.07287010809,1.7461152928836419,2446.0
kreis_03157,dep_hour_share_other_16,0.0838823420246822,0.1080794917,-2.4197149675317804,2446.0
kreis_03157,dep_hour_share_other_17,0.06481395564628376,0.0736993369,-0.888538125371624,2446.0
kreis_03157,dep_hour_share_other_18,0.041407627354551356,0.01983697873,2.157064862455136,2446.0
kreis_03157,dep_hour_share_other_19,0.03314929943397977,0.006493111688,2.6656187745979767,2446.0
kreis_03157,dep_hour_share_other_20,0.013616962048807645,0.003512883071,1.0104078977807645,2446.0
kreis_03157,dep_hour_share_other_21,0.009302217685812379,0.001318428024,0.7983789661812379,2446.0
kreis_03157,dep_hour_share_other_22,0.005428226779252111,0.0,0.5428226779252111,2446.0
kreis_03157,dep_hour_share_other_23,0.002992483993690266,0.0,0.2992483993690266,2446.0
kreis_03157,dep_hour_share_other_4,0.0014614456713371068,0.0,0.14614456713371068,2446.0
kreis_03157,dep_hour_share_other_5,0.0038043982555442143,0.0,0.3804398255544214,2446.0
kreis_03157,dep_hour_share_other_6,0.018256472116544492,0.006424926355,1.1831545761544493,2446.0
kreis_03157,dep_hour_share_other_7,0.06349169527697875,0.04588633064,1.7605364636978746,2446.0
kreis_03157,dep_hour_share_other_8,0.08817388883733877,0.101739951,-1.356606216266122,2446.0
kreis_03157,dep_hour_share_other_9,0.09086480467662615,0.08723176686,0.36330378166261473,2446.0
kreis_03157,dep_hour_share_shop_10,0.12948987854251012,0.09878747672,3.070240182251012,2446.0
kreis_03157,dep_hour_share_shop_11,0.08391902834008097,0.08513403848,-0.12150101399190233,2446.0
kreis_03157,dep_hour_share_shop_12,0.07141700404858299,0.1066141196,-3.519711555141701,2446.0
kreis_03157,dep_hour_share_shop_13,0.05817004048582996,0.05232446615,0.584557433582996,2446.0
kreis_03157,dep_hour_share_shop_14,0.07705263157894737,0.08709761272,-1.0044981141052622,2446.0
kreis_03157,dep_hour_share_shop_15,0.10328744939271255,0.1078695233,-0.45820739072874594,2446.0
kreis_03157,dep_hour_share_shop_16,0.09143319838056681,0.1170282527,-2.5595054319433195,2446.0
kreis_03157,dep_hour_share_shop_17,0.07080161943319838,0.08633566781,-1.5534048376801626,2446.0
kreis_03157,dep_hour_share_shop_18,0.04252631578947368,0.04407355299,-0.15472372005263177,2446.0
kreis_03157,dep_hour_share_shop_19,0.01237246963562753,0.007665948329,0.4706521306627531,2446.0
kreis_03157,dep_hour_share_shop_20,0.003336032388663968,0.006720398303,-0.3384365914336032,2446.0
kreis_03157,dep_hour_share_shop_21,0.0016194331983805667,0.0,0.16194331983805668,2446.0
kreis_03157,dep_hour_share_shop_22,0.0010040485829959514,0.0,0.10040485829959514,2446.0
kreis_03157,dep_hour_share_shop_23,0.00038866396761133603,0.0,0.038866396761133605,2446.0
kreis_03157,dep_hour_share_shop_4,0.00012955465587044534,0.0,0.012955465587044534,2446.0
kreis_03157,dep_hour_share_shop_5,0.0011983805668016195,0.0,0.11983805668016195,2446.0
kreis_03157,dep_hour_share_shop_6,0.011951417004048583,0.004202694124,0.7748722880048583,2446.0
kreis_03157,dep_hour_share_shop_7,0.043303643724696354,0.02758049166,1.5723152064696353,2446.0
kreis_03157,dep_hour_share_shop_8,0.07624291497975709,0.05805903282,1.8183882159757088,2446.0
kreis_03157,dep_hour_share_shop_9,0.11724696356275303,0.1105067242,0.6740239362753031,2446.0
kreis_03157,dep_hour_share_work_10,0.028069093152375078,0.03349005889,-0.5420965737624923,2446.0
kreis_03157,dep_hour_share_work_11,0.024001388032078963,0.03219821615,-0.8196828117921038,2446.0
kreis_03157,dep_hour_share_work_12,0.02947640345465762,0.02400403544,0.5472368014657617,2446.0
kreis_03157,dep_hour_share_work_13,0.036416563849475635,0.04438396933,-0.7967405480524368,2446.0
kreis_03157,dep_hour_share_work_14,0.02213140037014189,0.01752233201,0.4609068360141889,2446.0
kreis_03157,dep_hour_share_work_15,0.017986582356570018,0.01002949914,0.7957083216570018,2446.0
kreis_03157,dep_hour_share_work_16,0.011297038864898211,0.01039100778,0.09060310848982116,2446.0
kreis_03157,dep_hour_share_work_17,0.007518507094386181,0.0112437194,-0.37252123056138187,2446.0
kreis_03157,dep_hour_share_work_18,0.004067705120296114,0.01378795032,-0.9720245199703887,2446.0
kreis_03157,dep_hour_share_work_19,0.0028338988278840222,0.0,0.2833898827884022,2446.0
kreis_03157,dep_hour_share_work_20,0.005282233189389266,0.002694522053,0.25877111363892663,2446.0
kreis_03157,dep_hour_share_work_21,0.0035471930906847624,0.01089474319,-0.7347550099315238,2446.0
kreis_03157,dep_hour_share_work_22,0.001041024059222702,0.0,0.1041024059222702,2446.0
kreis_03157,dep_hour_share_work_23,0.0007518507094386182,0.0,0.07518507094386181,2446.0
kreis_03157,dep_hour_share_work_4,0.029380012338062925,0.01818388768,1.1196124658062925,2446.0
kreis_03157,dep_hour_share_work_5,0.12658081431215298,0.09817122256,2.840959175215299,2446.0
kreis_03157,dep_hour_share_work_6,0.2180559839605182,0.1898237086,2.82322753605182,2446.0
kreis_03157,dep_hour_share_work_7,0.24444787168414558,0.3243751272,-7.992725551585441,2446.0
kreis_03157,dep_hour_share_work_8,0.12492288710672425,0.119425894,0.5496993106724246,2446.0
kreis_03157,dep_hour_share_work_9,0.05079811844540407,0.03607658411,1.4721534335404074,2446.0
kreis_03157,mean_work_activity_h,5.752723391395486,6.415477383,-0.6627539916045135,2446.0
kreis_03157,mobility_rate,0.8301158301158301,0.8212402024,0.887562771583017,2446.0
kreis_03157,n_persons_unweighted,136493.0,2446.0,134047.0,2446.0
kreis_03157,n_persons_weighted,136493.0,104172.0,32321.0,2446.0
kreis_03157,n_work_activities_measured,51841.0,871.0,50970.0,2446.0
kreis_03157,nonhome_acts_per_mobile,2.1343630025153346,2.155588382,-0.021225379484665297,2446.0
kreis_03157,participation_education,0.1920318258079169,0.1901311055,0.1900720307916881,2446.0
kreis_03157,participation_escort,0.10043738506736609,0.1063565594,-0.5919174332633905,2446.0
kreis_03157,participation_home,0.8301158301158301,0.8137540321,1.6361798015830153,2446.0
kreis_03157,participation_leisure,0.3497029151678108,0.3722657309,-2.2562815732189154,2446.0
kreis_03157,participation_other,0.2316162733620039,0.1664957087,6.5120564662003915,2446.0
kreis_03157,participation_shop,0.19263258921702944,0.2322507851,-3.9618195882970553,2446.0
kreis_03157,participation_work,0.30419875011905373,0.3164269236,-1.2228173480946292,2446.0
kreis_03157,purpose_share_education,0.08195289331380408,0.06415113977,1.7801753543804075,2446.0
kreis_03157,purpose_share_escort,0.05227051717939004,0.05521754869,-0.294703151060996,2446.0
kreis_03157,purpose_share_home,0.41645331679620484,0.430629673,-1.4176356203795148,2446.0
kreis_03157,purpose_share_leisure,0.1456345117646065,0.1663083762,-2.0673864435393483,2446.0
kreis_03157,purpose_share_other,0.10401982525016831,0.07017784179,3.3841983460168312,2446.0
kreis_03157,purpose_share_shop,0.07450153346476168,0.09305182129,-1.855028782523832,2446.0
kreis_03157,purpose_share_work,0.12516740223106454,0.1204635993,0.4703802931064538,2446.0
kreis_03157,share_mobile_first_from_home,1.0,0.9810117436,1.8988256400000014,2446.0
kreis_03157,share_mobile_last_to_home,1.0,0.9814461412,1.8553858800000045,2446.0
kreis_03157,share_mobile_odd_trip_count,0.28135563302590355,0.2207371556,6.061847742590354,2446.0
kreis_03157,share_trips_0,0.16988416988416988,0.1787597976,-0.8875627715830114,2446.0
kreis_03157,share_trips_1,0.0009084714967067908,0.008836270712,-0.792779921529321,2446.0
kreis_03157,share_trips_2,0.3298703962840585,0.3141973457,1.567305058405849,2446.0
kreis_03157,share_trips_3,0.10937557237367485,0.06668096858,4.269460379367485,2446.0
kreis_03157,share_trips_4,0.1720454528803675,0.2130226015,-4.09771486196325,2446.0
kreis_03157,share_trips_5,0.08730850666334537,0.06327543051,2.403307615334538,2446.0
kreis_03157,share_trips_6,0.06515352435656041,0.08170331607,-1.6549791713439594,2446.0
kreis_03157,share_trips_7,0.026279735957155312,0.02678843864,-0.05087026828446868,2446.0
kreis_03157,share_trips_8plus,0.039174170103961375,0.04673583062,-0.7561660516038626,2446.0
kreis_03157,share_trips_followed_by_same_purpose,0.099635394924485,0.04319098711,5.6444407814485,2446.0
kreis_03157,share_trips_home_based,0.8111920004053849,0.8605857712,-4.939377079461515,2446.0
kreis_03157,share_trips_unknown_purpose,0.0,0.0006487918246,-0.06487918245999999,2446.0
kreis_03157,share_work_activities_lt_2h,0.19081422040469898,0.1186540761,7.216014430469897,2446.0
kreis_03157,tours_per_mobile,1.5232072724063368,1.628471052,-0.10526377959366329,2446.0
kreis_03157,trips_per_mobile_person,3.6575702749216714,3.784059434,-0.12648915907832858,2446.0
kreis_03157,trips_per_person,3.0362069849735884,3.107621736,-0.0714147510264116,2446.0
kreis_03157,trips_per_person_education,0.24882594711816725,0.1992281348,0.049597812318167234,2446.0
kreis_03157,trips_per_person_escort,0.158704109368246,0.1714839249,-0.012779815531754002,2446.0
kreis_03157,trips_per_person_home,1.2644384693720556,1.337365896,-0.07292742662794449,2446.0
kreis_03157,trips_per_person_leisure,0.44217652187291656,0.5164882138,-0.07431169192708342,2446.0
kreis_03157,trips_per_person_other,0.3158257200002931,0.217944694,0.09788102600029308,2446.0
kreis_03157,trips_per_person_shop,0.22620207629695296,0.2889822513,-0.06278017500304703,2446.0
kreis_03157,trips_per_person_work,0.3800341409449569,0.3741124209,0.005921720044956891,2446.0
kreis_03158,dep_hour_share_all_10,0.04495031450295508,0.05515405448,-1.020373997704492,1871.0
kreis_03158,dep_hour_share_all_11,0.04811976619866601,0.05128257631,-0.31628101113339924,1871.0
kreis_03158,dep_hour_share_all_12,0.059967220054379974,0.05721300189,0.2754218164379978,1871.0
kreis_03158,dep_hour_share_all_13,0.06540521765558263,0.07577047958,-1.0365261924417362,1871.0
kreis_03158,dep_hour_share_all_14,0.07288382114306492,0.06910079288,0.3783028263064925,1871.0
kreis_03158,dep_hour_share_all_15,0.0882724860115381,0.0945681824,-0.6295696388461904,1871.0
kreis_03158,dep_hour_share_all_16,0.09025882046467201,0.09813400199,-0.7875181525327984,1871.0
kreis_03158,dep_hour_share_all_17,0.07795277299887658,0.07468157096,0.32712020388765833,1871.0
kreis_03158,dep_hour_share_all_18,0.06447446257713327,0.06272519837,0.17492642071332692,1871.0
kreis_03158,dep_hour_share_all_19,0.04001704123000776,0.0362048663,0.381217493000776,1871.0
kreis_03158,dep_hour_share_all_20,0.027097726569665526,0.02188639743,0.5211329139665526,1871.0
kreis_03158,dep_hour_share_all_21,0.01958656022229579,0.01357014316,0.6016417062295789,1871.0
kreis_03158,dep_hour_share_all_22,0.01377680330404485,0.006890193345,0.688660995904485,1871.0
kreis_03158,dep_hour_share_all_23,0.006968452015912384,0.004613050967,0.23554010489123844,1871.0
kreis_03158,dep_hour_share_all_4,0.003904829614835639,0.003629293392,0.027553622283563867,1871.0
kreis_03158,dep_hour_share_all_5,0.016257007798804943,0.01126620152,0.4990806278804943,1871.0
kreis_03158,dep_hour_share_all_6,0.05013866351168735,0.0406541143,0.948454921168735,1871.0
kreis_03158,dep_hour_share_all_7,0.0899331918657976,0.1039640148,-1.403082293420241,1871.0
kreis_03158,dep_hour_share_all_8,0.05811656418411041,0.06412901048,-0.6012446295889589,1871.0
kreis_03158,dep_hour_share_all_9,0.05071665427468943,0.05243075416,-0.17140998853105716,1871.0
kreis_03158,dep_hour_share_education_10,0.0180732744520772,0.002660874358,1.5412400094077199,1871.0
kreis_03158,dep_hour_share_education_11,0.03275269872423945,0.00987711508,2.287558364423945,1871.0
kreis_03158,dep_hour_share_education_12,0.022857376512921166,0.00972202424,1.3135352272921166,1871.0
kreis_03158,dep_hour_share_education_13,0.02522898266274125,0.03807245213,-1.2843469467258746,1871.0
kreis_03158,dep_hour_share_education_14,0.02138534510958456,0.009916532512,1.1468812597584561,1871.0
kreis_03158,dep_hour_share_education_15,0.03504252535165195,0.02757460069,0.7467924661651949,1871.0
kreis_03158,dep_hour_share_education_16,0.01557899901864573,0.01405167733,0.15273216886457305,1871.0
kreis_03158,dep_hour_share_education_17,0.008791298658815833,0.004867861149,0.3923437509815833,1871.0
kreis_03158,dep_hour_share_education_18,0.00429342492639843,0.0,0.429342492639843,1871.0
kreis_03158,dep_hour_share_education_19,0.006910369643441282,0.0,0.6910369643441282,1871.0
kreis_03158,dep_hour_share_education_20,0.00044978737324174024,0.0,0.044978737324174026,1871.0
kreis_03158,dep_hour_share_education_21,8.177952240758914e-05,0.0,0.008177952240758915,1871.0
kreis_03158,dep_hour_share_education_22,4.088976120379457e-05,0.0,0.0040889761203794575,1871.0
kreis_03158,dep_hour_share_education_23,0.00016355904481517829,0.0,0.01635590448151783,1871.0
kreis_03158,dep_hour_share_education_4,0.00036800785083415113,0.0,0.03680078508341511,1871.0
kreis_03158,dep_hour_share_education_5,0.0026987242394504417,0.0,0.2698724239450442,1871.0
kreis_03158,dep_hour_share_education_6,0.17889270526660125,0.08214585943,9.674684583660126,1871.0
kreis_03158,dep_hour_share_education_7,0.47186784429178935,0.6373170409,-16.544919660821062,1871.0
kreis_03158,dep_hour_share_education_8,0.11657670919201832,0.110496553,0.6080156192018321,1871.0
kreis_03158,dep_hour_share_education_9,0.03663722603859994,0.05329740919,-1.666018315140006,1871.0
kreis_03158,dep_hour_share_escort_10,0.015896332826189602,0.02741296507,-1.1516632243810399,1871.0
kreis_03158,dep_hour_share_escort_11,0.034101044016578354,0.02080495752,1.3296086496578354,1871.0
kreis_03158,dep_hour_share_escort_12,0.05256807093017155,0.05321798475,-0.06499138198284501,1871.0
kreis_03158,dep_hour_share_escort_13,0.07318608677404123,0.09225923392,-1.907314714595877,1871.0
kreis_03158,dep_hour_share_escort_14,0.1417029536750433,0.102593244,3.910970967504329,1871.0
kreis_03158,dep_hour_share_escort_15,0.12748544147736215,0.1687602819,-4.127484042263784,1871.0
kreis_03158,dep_hour_share_escort_16,0.09815854362310476,0.04451623652,5.364230710310476,1871.0
kreis_03158,dep_hour_share_escort_17,0.05854886941923299,0.03453654203,2.4012327389232992,1871.0
kreis_03158,dep_hour_share_escort_18,0.03724883269503174,0.03517520488,0.2073627815031745,1871.0
kreis_03158,dep_hour_share_escort_19,0.01878180578143854,0.007376827986,1.1404977795438542,1871.0
kreis_03158,dep_hour_share_escort_20,0.0060857247783432135,0.002614832101,0.34708926773432136,1871.0
kreis_03158,dep_hour_share_escort_21,0.009076124022873932,0.0,0.9076124022873931,1871.0
kreis_03158,dep_hour_share_escort_22,0.0019411363517129216,0.001096139809,0.08449965427129216,1871.0
kreis_03158,dep_hour_share_escort_23,0.0012066523267404649,0.0,0.12066523267404648,1871.0
kreis_03158,dep_hour_share_escort_4,0.0015214311945858034,0.0,0.15214311945858033,1871.0
kreis_03158,dep_hour_share_escort_5,0.0015738943392266933,0.0,0.15738943392266933,1871.0
kreis_03158,dep_hour_share_escort_6,0.04244268401447983,0.03150092254,1.0941761474479832,1871.0
kreis_03158,dep_hour_share_escort_7,0.16971827291327843,0.2425382786,-7.2820005686721565,1871.0
kreis_03158,dep_hour_share_escort_8,0.07848486438277111,0.1043624275,-2.5877563117228886,1871.0
kreis_03158,dep_hour_share_escort_9,0.026861130056135565,0.03123392086,-0.4372790803864435,1871.0
kreis_03158,dep_hour_share_home_10,0.0324409202561914,0.04367232834,-1.1231408083808598,1871.0
kreis_03158,dep_hour_share_home_11,0.04806520761798031,0.05756872897,-0.9503521352019685,1871.0
kreis_03158,dep_hour_share_home_12,0.07533929723284619,0.07114544741,0.41938498228461796,1871.0
kreis_03158,dep_hour_share_home_13,0.0826432280637742,0.08939421248,-0.6750984416225805,1871.0
kreis_03158,dep_hour_share_home_14,0.08172453560421947,0.08751906609,-0.5794530485780534,1871.0
kreis_03158,dep_hour_share_home_15,0.10510884225203448,0.1153993244,-1.0290482147965518,1871.0
kreis_03158,dep_hour_share_home_16,0.11253005297141629,0.1205004999,-0.7970446928583717,1871.0
kreis_03158,dep_hour_share_home_17,0.10150574345675956,0.0867880434,1.4717700056759555,1871.0
kreis_03158,dep_hour_share_home_18,0.0924686764964588,0.09740646199,-0.4937785493541194,1871.0
kreis_03158,dep_hour_share_home_19,0.06087477765687814,0.05202318318,0.8851594476878138,1871.0
kreis_03158,dep_hour_share_home_20,0.04991562363580685,0.03821740242,1.1698221215806854,1871.0
kreis_03158,dep_hour_share_home_21,0.03773154633532926,0.02671837785,1.1013168485329263,1871.0
kreis_03158,dep_hour_share_home_22,0.027743209168681057,0.01568993182,1.2053277348681057,1871.0
kreis_03158,dep_hour_share_home_23,0.014679532704800005,0.00638792609,0.8291606614800006,1871.0
kreis_03158,dep_hour_share_home_4,3.9093296151265e-05,0.0007734310221,-0.07343377259487349,1871.0
kreis_03158,dep_hour_share_home_5,0.0007036793307227699,0.00563800055,-0.493432121927723,1871.0
kreis_03158,dep_hour_share_home_6,0.0015702473954091439,0.007895271508,-0.6325024112590856,1871.0
kreis_03158,dep_hour_share_home_7,0.009115253552603288,0.01212239825,-0.30071446973967114,1871.0
kreis_03158,dep_hour_share_home_8,0.017246659152066406,0.03462856587,-1.7381906717933597,1871.0
kreis_03158,dep_hour_share_home_9,0.03054489539285505,0.02767257553,0.28723198628550495,1871.0
kreis_03158,dep_hour_share_leisure_10,0.0457771873220725,0.04393411535,0.18430719720725006,1871.0
kreis_03158,dep_hour_share_leisure_11,0.029967735813247295,0.03413978358,-0.41720477667527045,1871.0
kreis_03158,dep_hour_share_leisure_12,0.04080470677547922,0.0515817975,-1.077709072452078,1871.0
kreis_03158,dep_hour_share_leisure_13,0.047978743594609984,0.06887164928,-2.0892905685390017,1871.0
kreis_03158,dep_hour_share_leisure_14,0.08253938128677168,0.05625050905,2.6288872236771685,1871.0
kreis_03158,dep_hour_share_leisure_15,0.10730688935281837,0.1167850565,-0.9478167147181624,1871.0
kreis_03158,dep_hour_share_leisure_16,0.1416208009109888,0.1247820193,1.6838781610988798,1871.0
kreis_03158,dep_hour_share_leisure_17,0.13860315050294172,0.1476739585,-0.9070807997058283,1871.0
kreis_03158,dep_hour_share_leisure_18,0.10696526855190738,0.0844457048,2.2519563751907388,1871.0
kreis_03158,dep_hour_share_leisure_19,0.060334029227557415,0.06485958293,-0.4525553702442592,1871.0
kreis_03158,dep_hour_share_leisure_20,0.024596697665591194,0.0308634367,-0.6266739034408806,1871.0
kreis_03158,dep_hour_share_leisure_21,0.013133421901689125,0.01105487573,0.20785461716891251,1871.0
kreis_03158,dep_hour_share_leisure_22,0.010115771493642057,0.0005575326329,0.9558238860742058,1871.0
kreis_03158,dep_hour_share_leisure_23,0.001821977604858607,0.003073118089,-0.1251140484141393,1871.0
kreis_03158,dep_hour_share_leisure_4,0.00030366293414310115,0.004135896466,-0.3832233531856899,1871.0
kreis_03158,dep_hour_share_leisure_5,0.0030366293414310114,0.005569946358,-0.2533317016568989,1871.0
kreis_03158,dep_hour_share_leisure_6,0.018390586449041565,0.01499059211,0.33999943390415654,1871.0
kreis_03158,dep_hour_share_leisure_7,0.024217118997912318,0.02605144068,-0.18343216820876812,1871.0
kreis_03158,dep_hour_share_leisure_8,0.04442968305181249,0.05167739811,-0.7247715058187512,1871.0
kreis_03158,dep_hour_share_leisure_9,0.0528373505408996,0.05842583073,-0.5588480189100402,1871.0
kreis_03158,dep_hour_share_other_10,0.0874732224829134,0.1599726669,-7.249944441708661,1871.0
kreis_03158,dep_hour_share_other_11,0.08538202591043557,0.07557085747,0.9811168440435571,1871.0
kreis_03158,dep_hour_share_other_12,0.0667142711414873,0.03858206384,2.81322073014873,1871.0
kreis_03158,dep_hour_share_other_13,0.07931245537080485,0.07530674409,0.4005711280804847,1871.0
kreis_03158,dep_hour_share_other_14,0.08652963378557585,0.08053868999,0.5990943795575854,1871.0
kreis_03158,dep_hour_share_other_15,0.08834030398857493,0.0852189803,0.31213236885749285,1871.0
kreis_03158,dep_hour_share_other_16,0.09012547179434867,0.09817349272,-0.8048020925651336,1871.0
kreis_03158,dep_hour_share_other_17,0.060389676629603185,0.04801915574,1.2370520889603185,1871.0
kreis_03158,dep_hour_share_other_18,0.03978373967152912,0.01484022095,2.494351872152912,1871.0
kreis_03158,dep_hour_share_other_19,0.028919718453534634,0.0009990018478,2.7920716605734635,1871.0
kreis_03158,dep_hour_share_other_20,0.012904212996021626,0.000445981966,1.2458231030021627,1871.0
kreis_03158,dep_hour_share_other_21,0.007268183209221667,0.003042066317,0.42261168922216663,1871.0
kreis_03158,dep_hour_share_other_22,0.004284402733856983,0.0,0.4284402733856983,1871.0
kreis_03158,dep_hour_share_other_23,0.003978373967152913,0.0,0.3978373967152913,1871.0
kreis_03158,dep_hour_share_other_4,0.00155564623074569,0.0,0.155564623074569,1871.0
kreis_03158,dep_hour_share_other_5,0.0013006222584922983,0.002421446838,-0.11208245795077017,1871.0
kreis_03158,dep_hour_share_other_6,0.018642252371722942,0.01059897521,0.8043277161722941,1871.0
kreis_03158,dep_hour_share_other_7,0.061511782107518106,0.07230242952,-1.0790647412481897,1871.0
kreis_03158,dep_hour_share_other_8,0.07643068448434152,0.1147094796,-3.8278795115658473,1871.0
kreis_03158,dep_hour_share_other_9,0.09321126185861471,0.1192577466,-2.6046484741385294,1871.0
kreis_03158,dep_hour_share_shop_10,0.11395953659607526,0.1219647016,-0.8005165003924744,1871.0
kreis_03158,dep_hour_share_shop_11,0.0904178065997906,0.1097824358,-1.93646292002094,1871.0
kreis_03158,dep_hour_share_shop_12,0.08788462187996082,0.06949173784,1.8392884039960824,1871.0
kreis_03158,dep_hour_share_shop_13,0.06099908805350086,0.08454214989,-2.3543061836499137,1871.0
kreis_03158,dep_hour_share_shop_14,0.07667105752018104,0.06957981999,0.7091237530181038,1871.0
kreis_03158,dep_hour_share_shop_15,0.10375924612422738,0.07121066525,3.254858087422738,1871.0
kreis_03158,dep_hour_share_shop_16,0.07582666261357111,0.1397555875,-6.392892488642889,1871.0
kreis_03158,dep_hour_share_shop_17,0.05968183199918938,0.07355867656,-1.3876844560810613,1871.0
kreis_03158,dep_hour_share_shop_18,0.043368122403485664,0.04277831041,0.05898119934856644,1871.0
kreis_03158,dep_hour_share_shop_19,0.015030229337656634,0.03085819852,-1.5827969182343367,1871.0
kreis_03158,dep_hour_share_shop_20,0.004424629310635998,0.006191894785,-0.17672654743640018,1871.0
kreis_03158,dep_hour_share_shop_21,0.0021954267571858005,0.0,0.21954267571858005,1871.0
kreis_03158,dep_hour_share_shop_22,0.001452359239369068,0.0,0.1452359239369068,1871.0
kreis_03158,dep_hour_share_shop_23,0.000540412740230351,0.0,0.054041274023035095,1871.0
kreis_03158,dep_hour_share_shop_4,6.755159252879387e-05,0.0,0.006755159252879387,1871.0
kreis_03158,dep_hour_share_shop_5,0.0005741885364947478,0.0,0.057418853649474785,1871.0
kreis_03158,dep_hour_share_shop_6,0.011889080285067721,0.008862747522,0.30263327630677217,1871.0
kreis_03158,dep_hour_share_shop_7,0.04225352112676056,0.03514281976,0.7110701366760563,1871.0
kreis_03158,dep_hour_share_shop_8,0.08896544736042152,0.0437058696,4.525957776042151,1871.0
kreis_03158,dep_hour_share_shop_9,0.11835039011044686,0.0925743851,2.5776005010446856,1871.0
kreis_03158,dep_hour_share_work_10,0.03249155219642893,0.02641494861,0.6076603586428929,1871.0
kreis_03158,dep_hour_share_work_11,0.02601323655849479,0.01660022885,0.9413007708494792,1871.0
kreis_03158,dep_hour_share_work_12,0.03213164577209925,0.04021213059,-0.8080484817900746,1871.0
kreis_03158,dep_hour_share_work_13,0.03924979505328614,0.04043885205,-0.11890569967138581,1871.0
kreis_03158,dep_hour_share_work_14,0.021594385459780457,0.025826721,-0.4232335540219543,1871.0
kreis_03158,dep_hour_share_work_15,0.018415212044868335,0.01949787229,-0.10826602451316641,1871.0
kreis_03158,dep_hour_share_work_16,0.009957411073120988,0.01095984865,-0.10024375768790117,1871.0
kreis_03158,dep_hour_share_work_17,0.007578029712274809,0.006489062176,0.1088967536274809,1871.0
kreis_03158,dep_hour_share_work_18,0.00545858076900006,0.004155481623,0.13030991460000604,1871.0
kreis_03158,dep_hour_share_work_19,0.00237938136084618,0.0,0.237938136084618,1871.0
kreis_03158,dep_hour_share_work_20,0.005298622358186871,0.0006980929976,0.4600529360586871,1871.0
kreis_03158,dep_hour_share_work_21,0.0041989082838462,0.003611585871,0.058732241284620026,1871.0
kreis_03158,dep_hour_share_work_22,0.0007398076500109972,0.001434930602,-0.06951229519890029,1871.0
kreis_03158,dep_hour_share_work_23,0.0003998960270329714,0.012066013,-1.1666116972967029,1871.0
kreis_03158,dep_hour_share_work_4,0.02631315857876952,0.02201327391,0.42998846687695225,1871.0
kreis_03158,dep_hour_share_work_5,0.11115110071381441,0.06533262306,4.581847765381442,1871.0
kreis_03158,dep_hour_share_work_6,0.21994281486813427,0.2199542112,-0.0011396331865726195,1871.0
kreis_03158,dep_hour_share_work_7,0.24051746545898067,0.2789355718,-3.8418106341019334,1871.0
kreis_03158,dep_hour_share_work_8,0.12898646351948492,0.1334530624,-0.4466598880515066,1871.0
kreis_03158,dep_hour_share_work_9,0.053006218383220366,0.0644253084,-1.141909001677964,1871.0
kreis_03158,mean_work_activity_h,5.769249573128435,6.272497235,-0.5032476618715656,1871.0
kreis_03158,mobility_rate,0.8511547894808557,0.859850828,-0.8696038519144356,1871.0
kreis_03158,n_persons_unweighted,117424.0,1871.0,115553.0,1871.0
kreis_03158,n_persons_weighted,117424.0,67261.0,50163.0,1871.0
kreis_03158,n_work_activities_measured,49976.0,685.0,49291.0,1871.0
kreis_03158,nonhome_acts_per_mobile,2.151551837992516,2.19084171,-0.03928987200748413,1871.0
kreis_03158,participation_education,0.16425943589044828,0.1783423675,-1.4082931609551708,1871.0
kreis_03158,participation_escort,0.10972203297451968,0.1155273422,-0.580530922548031,1871.0
kreis_03158,participation_home,0.8511547894808557,0.8509482999,0.020648958085567326,1871.0
kreis_03158,participation_leisure,0.35994345278648315,0.3852013769,-2.525792411351685,1871.0
kreis_03158,participation_other,0.24018939910069492,0.1813403823,5.884901680069493,1871.0
kreis_03158,participation_shop,0.2109194031884453,0.3003820177,-8.946261451155472,1871.0
kreis_03158,participation_work,0.3413612208747786,0.3336604347,0.7700786174778596,1871.0
kreis_03158,purpose_share_education,0.06636310845060485,0.05991894387,0.6444164580604851,1871.0
kreis_03158,purpose_share_escort,0.05172338935954282,0.05721124417,-0.5487854810457181,1871.0
kreis_03158,purpose_share_home,0.4164762643887137,0.4209777963,-0.4501531911286272,1871.0
kreis_03158,purpose_share_leisure,0.14297809062243907,0.1581563002,-1.5178209577560913,1871.0
kreis_03158,purpose_share_other,0.10640457182552819,0.06567131097,4.07332608555282,1871.0
kreis_03158,purpose_share_shop,0.08034071605728893,0.1180479127,-3.7707196642711063,1871.0
kreis_03158,purpose_share_work,0.13571385929588242,0.1200164918,1.5697367495882422,1871.0
kreis_03158,share_mobile_first_from_home,1.0,0.981267738,1.8732262,1871.0
kreis_03158,share_mobile_last_to_home,1.0,0.9794394822,2.056051780000001,1871.0
kreis_03158,share_mobile_odd_trip_count,0.2883357012786905,0.2337599305,5.457577077869052,1871.0
kreis_03158,share_trips_0,0.1488452105191443,0.140149172,0.86960385191443,1871.0
kreis_03158,share_trips_1,0.0007920016351001498,0.005121677129,-0.43296754938998494,1871.0
kreis_03158,share_trips_2,0.306930440114457,0.3023557305,0.4574709614457051,1871.0
kreis_03158,share_trips_3,0.12367999727483309,0.0894352087,3.424478857483308,1871.0
kreis_03158,share_trips_4,0.20639732933642185,0.2458050449,-3.940771556357814,1871.0
kreis_03158,share_trips_5,0.08508482082027524,0.07536807732,0.9716743500275238,1871.0
kreis_03158,share_trips_6,0.06329200163510015,0.07578641606,-1.2494414424899847,1871.0
kreis_03158,share_trips_7,0.027720057228505245,0.01798444424,0.9735612988505244,1871.0
kreis_03158,share_trips_8plus,0.03725814143616297,0.04799422912,-1.0736087683837034,1871.0
kreis_03158,share_trips_followed_by_same_purpose,0.1020004450257518,0.04154866765,6.045177737575179,1871.0
kreis_03158,share_trips_home_based,0.8088288767441482,0.8419643411,-3.3135464355851796,1871.0
kreis_03158,share_trips_unknown_purpose,0.0,0.0005637387882,-0.05637387882,1871.0
kreis_03158,share_work_activities_lt_2h,0.19101168560909237,0.1171743165,7.383736910909238,1871.0
kreis_03158,tours_per_mobile,1.5356192343865687,1.59130017,-0.05568093561343135,1871.0
kreis_03158,trips_per_mobile_person,3.6871710723790847,3.782141881,-0.09497080862091511,1871.0
kreis_03158,trips_per_person,3.138353317890721,3.252077828,-0.1137245101092792,1871.0
kreis_03158,trips_per_person_education,0.20827088159149748,0.1947512181,0.013519663491497469,1871.0
kreis_03158,trips_per_person_escort,0.1623262706090748,0.185950532,-0.02362426139092519,1871.0
kreis_03158,trips_per_person_home,1.3070496661670528,1.368280769,-0.061231102832947304,1871.0
kreis_03158,trips_per_person_leisure,0.4487157650906118,0.5140466457,-0.06533088060938824,1871.0
kreis_03158,trips_per_person_other,0.3339351410273879,0.2134478176,0.12048732342738791,1871.0
kreis_03158,trips_per_person_shop,0.252137552800109,0.3836845796,-0.131547026799891,1871.0
kreis_03158,trips_per_person_work,0.42591804060498706,0.3900829432,0.03583509740498708,1871.0
