segment,metric,model,srv,delta_pp,n_srv
age_0-5,dep_hour_share_all_10,0.02515277654769285,0.03927904023,-1.4126263682307147,1081
age_0-5,dep_hour_share_all_11,0.02900835473681103,0.04226813044,-1.3259775703188974,1081
age_0-5,dep_hour_share_all_12,0.0504708765093142,0.03748043204,1.2990444469314202,1081
age_0-5,dep_hour_share_all_13,0.06683789448823546,0.05527771632,1.1560178168235458,1081
age_0-5,dep_hour_share_all_14,0.08847164408230744,0.1203613924,-3.188974831769256,1081
age_0-5,dep_hour_share_all_15,0.12468337614028872,0.1388659157,-1.4182539559711285,1081
age_0-5,dep_hour_share_all_16,0.11690136687036873,0.1040704872,1.2830879670368722,1081
age_0-5,dep_hour_share_all_17,0.08001653234139285,0.0875289599,-0.7512427558607149,1081
age_0-5,dep_hour_share_all_18,0.05972308328166977,0.04142940511,1.829367817166977,1081
age_0-5,dep_hour_share_all_19,0.026593452011926904,0.008109154422,1.8484297589926904,1081
age_0-5,dep_hour_share_all_20,0.009883978389868037,0.004198027095,0.5685951294868037,1081
age_0-5,dep_hour_share_all_21,0.005231305169308889,0.001025825513,0.4205479656308889,1081
age_0-5,dep_hour_share_all_22,0.00347179169249845,0.0,0.34717916924984504,1081
age_0-5,dep_hour_share_all_23,0.0011867859357010007,0.0,0.11867859357010008,1081
age_0-5,dep_hour_share_all_4,0.0002775071590942639,0.0,0.027750715909426387,1081
age_0-5,dep_hour_share_all_5,0.0018008443302925635,0.0,0.18008443302925636,1081
age_0-5,dep_hour_share_all_6,0.033271337053110146,0.004651560907,2.8619776146110145,1081
age_0-5,dep_hour_share_all_7,0.14181206270480914,0.1546271582,-1.281509549519086,1081
age_0-5,dep_hour_share_all_8,0.09742863047264783,0.1249925596,-2.756392912735217,1081
age_0-5,dep_hour_share_all_9,0.03694387860537891,0.03583423487,0.1109643735378911,1081
age_0-5,dep_hour_share_education_10,0.022041668372150137,0.01012151758,1.1920150792150137,1081
age_0-5,dep_hour_share_education_11,0.017068478572305677,0.003528773684,1.3539704888305677,1081
age_0-5,dep_hour_share_education_12,0.020936515083295814,0.002992244809,1.7944270274295813,1081
age_0-5,dep_hour_share_education_13,0.04017436863001924,0.003951932875,3.622243575501924,1081
age_0-5,dep_hour_share_education_14,0.05349760550120748,0.005629101725,4.786850377620748,1081
age_0-5,dep_hour_share_education_15,0.053272481683107525,0.01484007092,3.8432410763107523,1081
age_0-5,dep_hour_share_education_16,0.022983095247840857,0.003396129473,1.9586965774840857,1081
age_0-5,dep_hour_share_education_17,0.014244197945233515,0.0,1.4244197945233514,1081
age_0-5,dep_hour_share_education_18,0.0072653595841349105,0.0,0.7265359584134911,1081
age_0-5,dep_hour_share_education_19,0.004195489337317343,0.0,0.41954893373173424,1081
age_0-5,dep_hour_share_education_20,0.0003888502312635586,0.0,0.03888502312635586,1081
age_0-5,dep_hour_share_education_21,2.0465801645450452e-05,0.0,0.0020465801645450452,1081
age_0-5,dep_hour_share_education_22,2.0465801645450452e-05,0.0,0.0020465801645450452,1081
age_0-5,dep_hour_share_education_23,2.0465801645450452e-05,0.0,0.0020465801645450452,1081
age_0-5,dep_hour_share_education_4,0.0008800294707543695,0.0,0.08800294707543695,1081
age_0-5,dep_hour_share_education_5,0.006139740493635136,0.0,0.6139740493635135,1081
age_0-5,dep_hour_share_education_6,0.07977569481396586,0.01423413437,6.554156044396587,1081
age_0-5,dep_hour_share_education_7,0.360607424992837,0.5557846062,-19.517718120716303,1081
age_0-5,dep_hour_share_education_8,0.25942450165772996,0.3598748049,-10.045030324227005,1081
age_0-5,dep_hour_share_education_9,0.03696123777168352,0.02564668343,1.1314554341683516,1081
age_0-5,dep_hour_share_escort_10,0.0013523481681829359,0.007567602011,-0.6215253842817065,1081
age_0-5,dep_hour_share_escort_11,0.02016228178018195,0.0223770094,-0.22147276198180507,1081
age_0-5,dep_hour_share_escort_12,0.03405458568969757,0.03126627875,0.2788306939697567,1081
age_0-5,dep_hour_share_escort_13,0.04130808950086059,0.1163807025,-7.507261299913942,1081
age_0-5,dep_hour_share_escort_14,0.03024342267027293,0.08807880457,-5.783538189972708,1081
age_0-5,dep_hour_share_escort_15,0.05335628227194492,0.1710638512,-11.770756892805508,1081
age_0-5,dep_hour_share_escort_16,0.10511433489058274,0.05859278952,4.652154537058274,1081
age_0-5,dep_hour_share_escort_17,0.0027046963363658717,0.04664377303,-4.393907669363413,1081
age_0-5,dep_hour_share_escort_18,0.003196459306614212,0.009686457866,-0.6489998559385788,1081
age_0-5,dep_hour_share_escort_19,0.0003688222276862552,0.004172965036,-0.38041428083137446,1081
age_0-5,dep_hour_share_escort_20,0.0006147037128104253,0.0,0.06147037128104253,1081
age_0-5,dep_hour_share_escort_21,0.0004917629702483403,0.0,0.04917629702483403,1081
age_0-5,dep_hour_share_escort_22,0.00012294074256208508,0.0,0.012294074256208508,1081
age_0-5,dep_hour_share_escort_23,0.00012294074256208508,0.0,0.012294074256208508,1081
age_0-5,dep_hour_share_escort_4,0.0,0.0,0.0,1081
age_0-5,dep_hour_share_escort_5,0.0,0.0,0.0,1081
age_0-5,dep_hour_share_escort_6,0.07941971969510696,0.01247177688,6.694794281510696,1081
age_0-5,dep_hour_share_escort_7,0.4730759773789034,0.2677369862,20.533899117890336,1081
age_0-5,dep_hour_share_escort_8,0.12896483894762725,0.163961003,-3.499616405237274,1081
age_0-5,dep_hour_share_escort_9,0.025325792967789525,0.0,2.5325792967789527,1081
age_0-5,dep_hour_share_home_10,0.020112207939777003,0.03036516751,-1.0252959570222997,1081
age_0-5,dep_hour_share_home_11,0.03038136495987501,0.06912766921,-3.8746304250125,1081
age_0-5,dep_hour_share_home_12,0.07792060222995525,0.06231455668,1.5606045549955254,1081
age_0-5,dep_hour_share_home_13,0.0952063063702862,0.08337989217,1.1826414200286197,1081
age_0-5,dep_hour_share_home_14,0.11865634543001208,0.1755057383,-5.684939286998791,1081
age_0-5,dep_hour_share_home_15,0.15390952347134437,0.1502221188,0.3687404671344374,1081
age_0-5,dep_hour_share_home_16,0.14266032242028265,0.1144395176,2.822080482028265,1081
age_0-5,dep_hour_share_home_17,0.12251970740714438,0.1461544406,-2.363473319285561,1081
age_0-5,dep_hour_share_home_18,0.11117108159931822,0.08334545138,2.7825630219318223,1081
age_0-5,dep_hour_share_home_19,0.04783751154037355,0.0140982489,3.373926264037355,1081
age_0-5,dep_hour_share_home_20,0.019785526596122434,0.009415860686,1.0369665910122434,1081
age_0-5,dep_hour_share_home_21,0.012342873375470492,0.002372423523,0.9970449852470493,1081
age_0-5,dep_hour_share_home_22,0.008223847738086784,0.0,0.8223847738086784,1081
age_0-5,dep_hour_share_home_23,0.0027270790426816276,0.0,0.27270790426816277,1081
age_0-5,dep_hour_share_home_4,0.0,0.0,0.0,1081
age_0-5,dep_hour_share_home_5,1.4203536680633478e-05,0.0,0.0014203536680633478,1081
age_0-5,dep_hour_share_home_6,0.00011362829344506782,0.0005671905054,-0.04535622119549322,1081
age_0-5,dep_hour_share_home_7,0.0007953980541154748,0.006578514549,-0.5783116494884525,1081
age_0-5,dep_hour_share_home_8,0.012357076912151125,0.03081316199,-1.8456085077848878,1081
age_0-5,dep_hour_share_home_9,0.021461543924437186,0.02130004765,0.016149627443718534,1081
age_0-5,dep_hour_share_leisure_10,0.030592558566835095,0.08134889579,-5.07563372231649,1081
age_0-5,dep_hour_share_leisure_11,0.011254019292604502,0.02061085804,-0.9356838747395497,1081
age_0-5,dep_hour_share_leisure_12,0.031097841065686724,0.02430667608,0.6791164985686725,1081
age_0-5,dep_hour_share_leisure_13,0.07629765732659623,0.04430382513,3.1993832196596226,1081
age_0-5,dep_hour_share_leisure_14,0.11084060633899862,0.1588733201,-4.803271376100138,1081
age_0-5,dep_hour_share_leisure_15,0.24864492420762518,0.2605382913,-1.1893367092374818,1081
age_0-5,dep_hour_share_leisure_16,0.223242994947175,0.2068195166,1.6423478347175002,1081
age_0-5,dep_hour_share_leisure_17,0.10165365181442351,0.05597247131,4.568118050442351,1081
age_0-5,dep_hour_share_leisure_18,0.058888378502526414,0.0167333378,4.215504070252642,1081
age_0-5,dep_hour_share_leisure_19,0.021359669269637116,0.00559432099,1.5765348279637117,1081
age_0-5,dep_hour_share_leisure_20,0.009875976113918236,0.0008138555409,0.9062120573018235,1081
age_0-5,dep_hour_share_leisure_21,0.00013780431786862655,0.0,0.013780431786862654,1081
age_0-5,dep_hour_share_leisure_22,4.593477262287552e-05,0.0,0.004593477262287552,1081
age_0-5,dep_hour_share_leisure_23,0.00022967386311437759,0.0,0.022967386311437757,1081
age_0-5,dep_hour_share_leisure_4,0.0,0.0,0.0,1081
age_0-5,dep_hour_share_leisure_5,4.593477262287552e-05,0.0,0.004593477262287552,1081
age_0-5,dep_hour_share_leisure_6,0.0002756086357372531,0.001575982468,-0.13003738322627467,1081
age_0-5,dep_hour_share_leisure_7,0.0016536518144235185,0.005751872642,-0.4098220827576481,1081
age_0-5,dep_hour_share_leisure_8,0.036839687643546164,0.03813793091,-0.12982432664538357,1081
age_0-5,dep_hour_share_leisure_9,0.036839687643546164,0.07861884525,-4.177915760645384,1081
age_0-5,dep_hour_share_other_10,0.0352921451923883,0.08878535176,-5.349320656761171,1081
age_0-5,dep_hour_share_other_11,0.08324251823287786,0.03749729285,4.574522538287786,1081
age_0-5,dep_hour_share_other_12,0.06697962947439014,0.01596237387,5.1017255604390135,1081
age_0-5,dep_hour_share_other_13,0.04300444295414536,0.02291171688,2.0092726074145357,1081
age_0-5,dep_hour_share_other_14,0.06882387459133205,0.2023591065,-13.353523190866795,1081
age_0-5,dep_hour_share_other_15,0.08751781373124319,0.1510125408,-6.349472706875682,1081
age_0-5,dep_hour_share_other_16,0.17981389890183586,0.1092854049,7.052849400183586,1081
age_0-5,dep_hour_share_other_17,0.12297761757062621,0.07842442186,4.455319571062621,1081
age_0-5,dep_hour_share_other_18,0.032693436163970156,0.0,3.2693436163970158,1081
age_0-5,dep_hour_share_other_19,0.03881297677927739,0.0,3.8812976779277393,1081
age_0-5,dep_hour_share_other_20,0.0035208315868890936,0.0,0.3520831586889094,1081
age_0-5,dep_hour_share_other_21,0.0007544639114762344,0.0,0.07544639114762344,1081
age_0-5,dep_hour_share_other_22,0.0005029759409841563,0.0,0.05029759409841563,1081
age_0-5,dep_hour_share_other_23,0.00016765864699471876,0.0,0.016765864699471875,1081
age_0-5,dep_hour_share_other_4,0.0003353172939894375,0.0,0.03353172939894375,1081
age_0-5,dep_hour_share_other_5,0.00025148797049207814,0.0,0.025148797049207815,1081
age_0-5,dep_hour_share_other_6,0.027998994048118033,0.0,2.799899404811803,1081
age_0-5,dep_hour_share_other_7,0.057087769301701737,0.03019949616,2.6888273141701737,1081
age_0-5,dep_hour_share_other_8,0.05172269259787073,0.1501003408,-9.837764820212927,1081
age_0-5,dep_hour_share_other_9,0.09799647916841311,0.1134619536,-1.5465474431586883,1081
age_0-5,dep_hour_share_shop_10,0.08558270436228732,0.0995957711,-1.4013066737712674,1081
age_0-5,dep_hour_share_shop_11,0.06882435717026993,0.07551405828,-0.6689701109730078,1081
age_0-5,dep_hour_share_shop_12,0.036586925930663934,0.04665381932,-1.0066893389336065,1081
age_0-5,dep_hour_share_shop_13,0.01842138927977485,0.03537792038,-1.6956531100225147,1081
age_0-5,dep_hour_share_shop_14,0.06856850454138416,0.05718852869,1.1379975851384165,1081
age_0-5,dep_hour_share_shop_15,0.09991045157988998,0.1708411791,-7.093072752011001,1081
age_0-5,dep_hour_share_shop_16,0.09837533580657541,0.187467588,-8.909225219342458,1081
age_0-5,dep_hour_share_shop_17,0.06754509402584112,0.1315901505,-6.404505647415888,1081
age_0-5,dep_hour_share_shop_18,0.03006268389407701,0.03048643737,-0.04237534759229909,1081
age_0-5,dep_hour_share_shop_19,0.0,0.01229764952,-1.229764952,1081
age_0-5,dep_hour_share_shop_20,0.0,0.0,0.0,1081
age_0-5,dep_hour_share_shop_21,0.0,0.0,0.0,1081
age_0-5,dep_hour_share_shop_22,0.0,0.0,0.0,1081
age_0-5,dep_hour_share_shop_23,0.0,0.0,0.0,1081
age_0-5,dep_hour_share_shop_4,0.0,0.0,0.0,1081
age_0-5,dep_hour_share_shop_5,0.0,0.0,0.0,1081
age_0-5,dep_hour_share_shop_6,0.09402584111551746,0.0,9.402584111551745,1081
age_0-5,dep_hour_share_shop_7,0.18971472431879238,0.03201851834,15.76962059787924,1081
age_0-5,dep_hour_share_shop_8,0.05065882051938084,0.0674913207,-1.6832500180619159,1081
age_0-5,dep_hour_share_shop_9,0.09172316745554561,0.05347705871,3.824610874554561,1081
age_0-5,dep_hour_share_work_10,0.0,,,1081
age_0-5,dep_hour_share_work_11,0.0,,,1081
age_0-5,dep_hour_share_work_12,0.0,,,1081
age_0-5,dep_hour_share_work_13,0.0,,,1081
age_0-5,dep_hour_share_work_14,0.0,,,1081
age_0-5,dep_hour_share_work_15,0.013392857142857142,,,1081
age_0-5,dep_hour_share_work_16,0.006696428571428571,,,1081
age_0-5,dep_hour_share_work_17,0.0,,,1081
age_0-5,dep_hour_share_work_18,0.0,,,1081
age_0-5,dep_hour_share_work_19,0.0,,,1081
age_0-5,dep_hour_share_work_20,0.0,,,1081
age_0-5,dep_hour_share_work_21,0.0,,,1081
age_0-5,dep_hour_share_work_22,0.0,,,1081
age_0-5,dep_hour_share_work_23,0.0,,,1081
age_0-5,dep_hour_share_work_4,0.0,,,1081
age_0-5,dep_hour_share_work_5,0.0,,,1081
age_0-5,dep_hour_share_work_6,0.017857142857142856,,,1081
age_0-5,dep_hour_share_work_7,0.65625,,,1081
age_0-5,dep_hour_share_work_8,0.203125,,,1081
age_0-5,dep_hour_share_work_9,0.10267857142857142,,,1081
age_0-5,mean_work_activity_h,4.48515625,,,1081
age_0-5,mobility_rate,0.8805015628929688,0.894369307,-1.3867744107031177,1081
age_0-5,n_persons_unweighted,55666.0,1081.0,54585.0,1081
age_0-5,n_persons_weighted,55666.0,41866.19746,13799.802539999997,1081
age_0-5,n_work_activities_measured,448.0,0.0,448.0,1081
age_0-5,nonhome_acts_per_mobile,2.019014975313176,1.849759997,0.16925497831317582,1081
age_0-5,participation_education,0.6628642259188733,0.6558256021,0.7038623818873324,1081
age_0-5,participation_escort,0.12352243739445981,0.131683716,-0.8161278605540195,1081
age_0-5,participation_home,0.8805015628929688,0.8872372133,-0.673565040703128,1081
age_0-5,participation_leisure,0.3401358100097007,0.3698573999,-2.972158989029927,1081
age_0-5,participation_other,0.1689900477850034,0.1063940398,6.2596007985003395,1081
age_0-5,participation_shop,0.11569000826357202,0.1736667987,-5.797679043642799,1081
age_0-5,participation_work,0.008048000574857184,0.0,0.8048000574857184,1081
age_0-5,purpose_share_education,0.28850116612050897,0.2316162448,5.688492132050896,1081
age_0-5,purpose_share_escort,0.04802645174622856,0.06858371484,-2.0557263093771443,1081
age_0-5,purpose_share_home,0.415699819915567,0.4336017334,-1.790191348443304,1081
age_0-5,purpose_share_leisure,0.1285389543294069,0.1552869692,-2.674801487059311,1081
age_0-5,purpose_share_other,0.0704336787411803,0.0414726107,2.8961068041180296,1081
age_0-5,purpose_share_shop,0.046154754524252356,0.06943872705,-2.328397252574764,1081
age_0-5,purpose_share_work,0.002645174622855962,0.0,0.2645174622855962,1081
age_0-5,share_mobile_first_from_home,1.0,0.981573838,1.8426162000000024,1081
age_0-5,share_mobile_last_to_home,1.0,0.9913895519,0.8610448100000001,1081
age_0-5,share_mobile_odd_trip_count,0.21530583098706493,0.2665506923,-5.124486131293507,1081
age_0-5,share_trips_0,0.11949843710703122,0.105630693,1.386774410703122,1081
age_0-5,share_trips_1,0.0,0.0007377866275,-0.07377866275,1081
age_0-5,share_trips_2,0.3470700247907161,0.384519259,-3.744923420928392,1081
age_0-5,share_trips_3,0.10834261488161535,0.160445454,-5.210283911838463,1081
age_0-5,share_trips_4,0.26653612618115186,0.20986863,5.666749618115185,1081
age_0-5,share_trips_5,0.0715697193978371,0.05693658983,1.4633129567837098,1081
age_0-5,share_trips_6,0.05272518233751303,0.05262935205,0.009583028751302541,1081
age_0-5,share_trips_7,0.008622857758775554,0.0172978903,-0.8675032541224447,1081
age_0-5,share_trips_8plus,0.025635037545359826,0.01193434526,1.3700692285359826,1081
age_0-5,share_trips_followed_by_same_purpose,0.08489357305228352,0.019392394,6.550117905228353,1081
age_0-5,share_trips_home_based,0.8136214684261801,0.8641978859,-5.057641747381991,1081
age_0-5,share_trips_unknown_purpose,0.0,0.0,0.0,1081
age_0-5,share_work_activities_lt_2h,0.020089285714285716,,,1081
age_0-5,tours_per_mobile,1.4364263271718285,1.416069201,0.0203571261718285,1081
age_0-5,trips_per_mobile_person,3.455441302485004,3.265829198,0.1896121044850041,1081
age_0-5,trips_per_person,3.042521467322962,2.920857397,0.12166407032296211,1081
age_0-5,trips_per_person_education,0.8777709912693565,0.6765180219,0.20125296936935655,1081
age_0-5,trips_per_person_escort,0.14612151043725075,0.2003232508,-0.054201740362749246,1081
age_0-5,trips_per_person_home,1.264775626055402,1.26648883,-0.0017132039445979519,1081
age_0-5,trips_per_person_leisure,0.3910825279344663,0.4535710926,-0.06248856466553371,1081
age_0-5,trips_per_person_other,0.21429597959256996,0.1211355817,0.09316039789256997,1081
age_0-5,trips_per_person_shop,0.1404268314590594,0.2028206195,-0.06239378804094059,1081
age_0-5,trips_per_person_work,0.008048000574857184,0.0,0.008048000574857184,1081
age_10-17,dep_hour_share_all_10,0.01490823284840712,0.00442174633,1.0486486518407119,1356
age_10-17,dep_hour_share_all_11,0.024405577699261924,0.01246946098,1.1936116719261924,1356
age_10-17,dep_hour_share_all_12,0.06494742092182085,0.03513628026,2.981114066182085,1356
age_10-17,dep_hour_share_all_13,0.0987246063379898,0.1750913411,-7.63667347620102,1356
age_10-17,dep_hour_share_all_14,0.07782290343807237,0.06215947784,1.5663425598072371,1356
age_10-17,dep_hour_share_all_15,0.10638199779540891,0.1061258385,0.025615929540891147,1356
age_10-17,dep_hour_share_all_16,0.0748680807902998,0.08023796321,-0.5369882419700198,1356
age_10-17,dep_hour_share_all_17,0.07906350982635701,0.0691471243,0.9916385526357013,1356
age_10-17,dep_hour_share_all_18,0.0766661218057529,0.06126578846,1.5400333345752901,1356
age_10-17,dep_hour_share_all_19,0.03319460336221096,0.04549539783,-1.230079446778904,1356
age_10-17,dep_hour_share_all_20,0.032306060948980066,0.01792879994,1.4377261008980065,1356
age_10-17,dep_hour_share_all_21,0.013843658447649345,0.008667625887,0.5176032560649345,1356
age_10-17,dep_hour_share_all_22,0.007581949177050459,0.0009978874137,0.6584061763350458,1356
age_10-17,dep_hour_share_all_23,0.0021501049905068466,0.0,0.21501049905068464,1356
age_10-17,dep_hour_share_all_4,6.705980477214336e-05,0.0,0.006705980477214336,1356
age_10-17,dep_hour_share_all_5,0.0011735465835125088,0.0007003765575,0.047317002601250886,1356
age_10-17,dep_hour_share_all_6,0.07045470738873312,0.04466560956,2.5789097828733123,1356
age_10-17,dep_hour_share_all_7,0.17054146601115708,0.24253221,-7.199074398884292,1356
age_10-17,dep_hour_share_all_8,0.02663112497013743,0.01949799485,0.7133130120137433,1356
age_10-17,dep_hour_share_all_9,0.018370195269769022,0.01260818799,0.5762007279769021,1356
age_10-17,dep_hour_share_education_10,0.016251235313495115,0.004015895715,1.2235339598495114,1356
age_10-17,dep_hour_share_education_11,0.01513945316789283,0.007404057313,0.773539585489283,1356
age_10-17,dep_hour_share_education_12,0.021878774569012847,0.01370027149,0.8178503079012847,1356
age_10-17,dep_hour_share_education_13,0.016951246294059516,0.01918172748,-0.22304811859404847,1356
age_10-17,dep_hour_share_education_14,0.009457011090370044,0.008485964429,0.09710466613700436,1356
age_10-17,dep_hour_share_education_15,0.019545404633798176,0.008147977648,1.1397426985798176,1356
age_10-17,dep_hour_share_education_16,0.011090370045020314,0.01067460563,0.0415764415020314,1356
age_10-17,dep_hour_share_education_17,0.004145163061381355,0.003872329163,0.02728338983813551,1356
age_10-17,dep_hour_share_education_18,0.004227517294388932,0.003580728232,0.06467890623889318,1356
age_10-17,dep_hour_share_education_19,0.0032941693203030636,0.0,0.32941693203030636,1356
age_10-17,dep_hour_share_education_20,0.00032941693203030636,0.0,0.032941693203030635,1356
age_10-17,dep_hour_share_education_21,0.00028823981552651804,0.0,0.028823981552651805,1356
age_10-17,dep_hour_share_education_22,4.1177116503788295e-05,0.0,0.004117711650378829,1356
age_10-17,dep_hour_share_education_23,2.745141100252553e-05,0.0,0.002745141100252553,1356
age_10-17,dep_hour_share_education_4,4.1177116503788295e-05,0.0,0.004117711650378829,1356
age_10-17,dep_hour_share_education_5,0.0021274843526957288,0.001317372414,0.08101119386957288,1356
age_10-17,dep_hour_share_education_6,0.226336883715823,0.1267340089,9.9602874815823,1356
age_10-17,dep_hour_share_education_7,0.5393653233776217,0.7195300297,-18.016470632237834,1356
age_10-17,dep_hour_share_education_8,0.06581475787855495,0.04666598543,1.9148772448554952,1356
age_10-17,dep_hour_share_education_9,0.04024376852970243,0.02668904647,1.3554722059702424,1356
age_10-17,dep_hour_share_escort_10,0.003582089552238806,0.0,0.3582089552238806,1356
age_10-17,dep_hour_share_escort_11,0.014328358208955224,0.0,1.4328358208955223,1356
age_10-17,dep_hour_share_escort_12,0.02507462686567164,0.03546087084,-1.0386243974328357,1356
age_10-17,dep_hour_share_escort_13,0.08238805970149254,0.04120335327,4.118470643149254,1356
age_10-17,dep_hour_share_escort_14,0.16865671641791044,0.01437659832,15.428011809791045,1356
age_10-17,dep_hour_share_escort_15,0.04746268656716418,0.1124452474,-6.498256083283582,1356
age_10-17,dep_hour_share_escort_16,0.14567164179104478,0.1604631846,-1.4791542808955227,1356
age_10-17,dep_hour_share_escort_17,0.21044776119402986,0.05605201649,15.439574470402986,1356
age_10-17,dep_hour_share_escort_18,0.12029850746268657,0.1499496799,-2.9651172437313424,1356
age_10-17,dep_hour_share_escort_19,0.021492537313432834,0.01535698273,0.6135554583432835,1356
age_10-17,dep_hour_share_escort_20,0.0014925373134328358,0.04668576768,-4.519323036656716,1356
age_10-17,dep_hour_share_escort_21,0.0032835820895522386,0.0,0.3283582089552239,1356
age_10-17,dep_hour_share_escort_22,0.0014925373134328358,0.0,0.1492537313432836,1356
age_10-17,dep_hour_share_escort_23,0.0005970149253731343,0.0,0.05970149253731343,1356
age_10-17,dep_hour_share_escort_4,0.0032835820895522386,0.0,0.3283582089552239,1356
age_10-17,dep_hour_share_escort_5,0.0005970149253731343,0.0,0.05970149253731343,1356
age_10-17,dep_hour_share_escort_6,0.008955223880597015,0.007374775111,0.15804487695970154,1356
age_10-17,dep_hour_share_escort_7,0.08955223880597014,0.3168269311,-22.727469229402985,1356
age_10-17,dep_hour_share_escort_8,0.04149253731343284,0.04380459248,-0.23120551665671632,1356
age_10-17,dep_hour_share_escort_9,0.00208955223880597,0.0,0.208955223880597,1356
age_10-17,dep_hour_share_home_10,0.013175243246364538,0.00178743111,1.138781213636454,1356
age_10-17,dep_hour_share_home_11,0.024801023992608775,0.0135107027,1.1290321292608774,1356
age_10-17,dep_hour_share_home_12,0.11082025272599536,0.05783137855,5.298887417599536,1356
age_10-17,dep_hour_share_home_13,0.1718171056810417,0.3374361694,-16.56190637189583,1356
age_10-17,dep_hour_share_home_14,0.1062392331604223,0.08450475411,2.173447905042231,1356
age_10-17,dep_hour_share_home_15,0.1372284831628283,0.1440732202,-0.68447370371717,1356
age_10-17,dep_hour_share_home_16,0.060544525392899416,0.06445284741,-0.3908322017100584,1356
age_10-17,dep_hour_share_home_17,0.08637531638869374,0.06355814714,2.2817169248693743,1356
age_10-17,dep_hour_share_home_18,0.11585359985371534,0.09341187214,2.244172771371533,1356
age_10-17,dep_hour_share_home_19,0.05708951273735167,0.07886809866,-2.177858592264833,1356
age_10-17,dep_hour_share_home_20,0.0530570606407653,0.03446409868,1.85929619607653,1356
age_10-17,dep_hour_share_home_21,0.02701454184992349,0.01458825569,1.242628615992349,1356
age_10-17,dep_hour_share_home_22,0.01596620054471787,0.002185776683,1.378042386171787,1356
age_10-17,dep_hour_share_home_23,0.004619515528308969,0.0,0.4619515528308969,1356
age_10-17,dep_hour_share_home_4,0.0,0.0,0.0,1356
age_10-17,dep_hour_share_home_5,0.0,0.0,0.0,1356
age_10-17,dep_hour_share_home_6,0.00011548788820772421,0.0,0.011548788820772421,1356
age_10-17,dep_hour_share_home_7,0.0007699192547181615,0.002429963828,-0.16600445732818386,1356
age_10-17,dep_hour_share_home_8,0.0009912710404496327,0.001794973979,-0.08037029385503673,1356
age_10-17,dep_hour_share_home_9,0.004128692003426141,0.003238518905,0.0890173098426141,1356
age_10-17,dep_hour_share_leisure_10,0.003763882630476847,0.007081944441,-0.3318061810523153,1356
age_10-17,dep_hour_share_leisure_11,0.0036048453362313463,0.01273546789,-0.9130622553768654,1356
age_10-17,dep_hour_share_leisure_12,0.03472314257693429,0.01316997792,2.155316465693429,1356
age_10-17,dep_hour_share_leisure_13,0.05773053781111671,0.04503274812,1.2697789691116705,1356
age_10-17,dep_hour_share_leisure_14,0.11453335807246799,0.08878091719,2.575244088246799,1356
age_10-17,dep_hour_share_leisure_15,0.17708802714236488,0.1822424086,-0.515438145763511,1356
age_10-17,dep_hour_share_leisure_16,0.2106448962281655,0.2529597759,-4.23148796718345,1356
age_10-17,dep_hour_share_leisure_17,0.18557001616879157,0.2199202591,-3.4350242931208417,1356
age_10-17,dep_hour_share_leisure_18,0.09094282609271874,0.08414899795,0.6793828142718741,1356
age_10-17,dep_hour_share_leisure_19,0.03546531661674663,0.05331590717,-1.7850590553253374,1356
age_10-17,dep_hour_share_leisure_20,0.05287990033662894,0.0120195797,4.086032063662894,1356
age_10-17,dep_hour_share_leisure_21,0.010310917910249953,0.009688232857,0.06226850532499526,1356
age_10-17,dep_hour_share_leisure_22,0.003339783179155512,0.0,0.33397831791555116,1356
age_10-17,dep_hour_share_leisure_23,0.00031807458849100116,0.0,0.03180745884910011,1356
age_10-17,dep_hour_share_leisure_4,0.0,0.0,0.0,1356
age_10-17,dep_hour_share_leisure_5,0.0,0.0,0.0,1356
age_10-17,dep_hour_share_leisure_6,0.0005301243141516685,0.0,0.05301243141516685,1356
age_10-17,dep_hour_share_leisure_7,0.0023060407665597585,0.008011786758,-0.5705745991440241,1356
age_10-17,dep_hour_share_leisure_8,0.006759085005433774,0.002734710159,0.4024374846433775,1356
age_10-17,dep_hour_share_leisure_9,0.007713308770906778,0.008157286237,-0.04439774660932212,1356
age_10-17,dep_hour_share_other_10,0.03914125700062228,0.0,3.914125700062228,1356
age_10-17,dep_hour_share_other_11,0.1044803982576229,0.03846662925,6.60137690076229,1356
age_10-17,dep_hour_share_other_12,0.05594275046670815,0.01789075402,3.8051996446708145,1356
age_10-17,dep_hour_share_other_13,0.12103298070939639,0.1113795422,0.9653438509396386,1356
age_10-17,dep_hour_share_other_14,0.10914747977598009,0.1453220215,-3.6174541724019917,1356
age_10-17,dep_hour_share_other_15,0.1521468574984443,0.1647685613,-1.2621703801555695,1356
age_10-17,dep_hour_share_other_16,0.11574362165525824,0.1518817946,-3.6138172944741767,1356
age_10-17,dep_hour_share_other_17,0.0582451773490977,0.1120897459,-5.38445685509023,1356
age_10-17,dep_hour_share_other_18,0.06627255756067206,0.02913503778,3.713751978067206,1356
age_10-17,dep_hour_share_other_19,0.019041692594897325,0.0009727619991,1.8068930595797326,1356
age_10-17,dep_hour_share_other_20,0.009707529558182949,0.0,0.9707529558182949,1356
age_10-17,dep_hour_share_other_21,0.003920348475420037,0.01165126497,-0.7730916494579962,1356
age_10-17,dep_hour_share_other_22,0.000373366521468575,0.0,0.0373366521468575,1356
age_10-17,dep_hour_share_other_23,0.0004355942750466708,0.0,0.04355942750466708,1356
age_10-17,dep_hour_share_other_4,0.0,0.0,0.0,1356
age_10-17,dep_hour_share_other_5,0.0,0.0,0.0,1356
age_10-17,dep_hour_share_other_6,0.008027380211574363,0.07230259777,-6.427521755842563,1356
age_10-17,dep_hour_share_other_7,0.04219041692594897,0.0540212516,-1.183083467405103,1356
age_10-17,dep_hour_share_other_8,0.05102675793403858,0.04302092197,0.8005835964038581,1356
age_10-17,dep_hour_share_other_9,0.039950217797137526,0.04709711518,-0.7146897382862477,1356
age_10-17,dep_hour_share_shop_10,0.05434217368694748,0.0275011603,2.684101338694748,1356
age_10-17,dep_hour_share_shop_11,0.06760270410816432,0.03137060099,3.6232103118164325,1356
age_10-17,dep_hour_share_shop_12,0.022880915236609463,0.0392723112,-1.6391395963390538,1356
age_10-17,dep_hour_share_shop_13,0.01612064482579303,0.1435856966,-12.746505177420698,1356
age_10-17,dep_hour_share_shop_14,0.05122204888195528,0.1201428232,-6.892077431804472,1356
age_10-17,dep_hour_share_shop_15,0.09100364014560583,0.1826829485,-9.167930835439417,1356
age_10-17,dep_hour_share_shop_16,0.11752470098803952,0.1789527893,-6.142808831196048,1356
age_10-17,dep_hour_share_shop_17,0.24336973478939158,0.1029522183,14.04175164893916,1356
age_10-17,dep_hour_share_shop_18,0.27223088923556943,0.0975049076,17.472598163556942,1356
age_10-17,dep_hour_share_shop_19,0.0078003120124804995,0.04884875696,-4.1048444947519505,1356
age_10-17,dep_hour_share_shop_20,0.0039001560062402497,0.0,0.39001560062402496,1356
age_10-17,dep_hour_share_shop_21,0.0031201248049922,0.009813679928,-0.66935551230078,1356
age_10-17,dep_hour_share_shop_22,0.0026001040041601664,0.0,0.26001040041601664,1356
age_10-17,dep_hour_share_shop_23,0.0026001040041601664,0.0,0.26001040041601664,1356
age_10-17,dep_hour_share_shop_4,0.0,0.0,0.0,1356
age_10-17,dep_hour_share_shop_5,0.0,0.0,0.0,1356
age_10-17,dep_hour_share_shop_6,0.0013000520020800832,0.001596131314,-0.029607931191991683,1356
age_10-17,dep_hour_share_shop_7,0.013780551222048881,0.008105973574,0.5674577648048882,1356
age_10-17,dep_hour_share_shop_8,0.007280291211648466,0.007670002347,-0.03897111353515347,1356
age_10-17,dep_hour_share_shop_9,0.011180447217888715,0.0,1.1180447217888716,1356
age_10-17,dep_hour_share_work_10,0.014336917562724014,0.0738349554,-5.9498037837275985,1356
age_10-17,dep_hour_share_work_11,0.023894862604540025,0.0,2.3894862604540026,1356
age_10-17,dep_hour_share_work_12,0.007168458781362007,0.04706689957,-3.9898440788637997,1356
age_10-17,dep_hour_share_work_13,0.007168458781362007,0.0,0.7168458781362007,1356
age_10-17,dep_hour_share_work_14,0.0035842293906810036,0.03515190519,-3.1567675799318997,1356
age_10-17,dep_hour_share_work_15,0.07646356033452807,0.05540401136,2.1059548974528073,1356
age_10-17,dep_hour_share_work_16,0.02031063321385902,0.0,2.031063321385902,1356
age_10-17,dep_hour_share_work_17,0.010752688172043012,0.0,1.0752688172043012,1356
age_10-17,dep_hour_share_work_18,0.0,0.0,0.0,1356
age_10-17,dep_hour_share_work_19,0.0023894862604540022,0.0,0.23894862604540024,1356
age_10-17,dep_hour_share_work_20,0.0,0.0,0.0,1356
age_10-17,dep_hour_share_work_21,0.0,0.0,0.0,1356
age_10-17,dep_hour_share_work_22,0.0,0.0,0.0,1356
age_10-17,dep_hour_share_work_23,0.0,0.0,0.0,1356
age_10-17,dep_hour_share_work_4,0.0023894862604540022,0.0,0.23894862604540024,1356
age_10-17,dep_hour_share_work_5,0.14695340501792115,0.04977079272,9.718261229792114,1356
age_10-17,dep_hour_share_work_6,0.14814814814814814,0.2484128487,-10.026470055185186,1356
age_10-17,dep_hour_share_work_7,0.23416965352449223,0.2703012379,-3.613158437550776,1356
age_10-17,dep_hour_share_work_8,0.25567502986857826,0.2200573492,3.561768066857826,1356
age_10-17,dep_hour_share_work_9,0.04659498207885305,0.0,4.659498207885305,1356
age_10-17,mean_work_activity_h,6.06399840700916,6.158400091,-0.09440168399083948,1356
age_10-17,mobility_rate,0.940216040810957,0.9254325783,1.4783462510956968,1356
age_10-17,n_persons_unweighted,68413.0,1356.0,67057.0,1356
age_10-17,n_persons_weighted,68413.0,62009.48908,6403.510920000001,1356
age_10-17,n_work_activities_measured,837.0,21.0,816.0,1356
age_10-17,nonhome_acts_per_mobile,2.093901092921661,1.740651841,0.3532492519216608,1356
age_10-17,participation_education,0.8901086050896759,0.8821687656,0.7939839489675915,1356
age_10-17,participation_escort,0.043807463493780424,0.02915043193,1.4657031563780423,1356
age_10-17,participation_home,0.940216040810957,0.9171505122,2.306552861095701,1356
age_10-17,participation_leisure,0.44044260593746803,0.3678488354,7.259377053746801,1356
age_10-17,participation_other,0.1616651805943315,0.0704082156,9.125696499433149,1356
age_10-17,participation_shop,0.04598541212927368,0.08257518726,-3.6589775130726325,1356
age_10-17,participation_work,0.011445193165041731,0.01443311795,-0.2987924784958268,1356
age_10-17,purpose_share_education,0.30535682102995476,0.3233577547,-1.8000933670045238,1356
age_10-17,purpose_share_escort,0.014040646624167515,0.01089583979,0.31448068341675145,1356
age_10-17,purpose_share_home,0.43549894590369376,0.4602123588,-2.471341289630624,1356
age_10-17,purpose_share_leisure,0.1581228284149158,0.1393511378,1.8771690614915792,1356
age_10-17,purpose_share_other,0.06735319141802149,0.02796532155,3.938786986802148,1356
age_10-17,purpose_share_shop,0.01611950057210396,0.03276509472,-1.664559414789604,1356
age_10-17,purpose_share_work,0.003508066037142749,0.005452492618,-0.19444265808572508,1356
age_10-17,share_mobile_first_from_home,1.0,0.9975792783,0.24207216999999615,1356
age_10-17,share_mobile_last_to_home,1.0,0.9902675592,0.973244080000002,1356
age_10-17,share_mobile_odd_trip_count,0.227305940332385,0.09777002982,12.9535910512385,1356
age_10-17,share_trips_0,0.059783959189043015,0.0745674217,-1.4783462510956982,1356
age_10-17,share_trips_1,0.00014617104936196336,0.001901001929,-0.17548308796380366,1356
age_10-17,share_trips_2,0.3659392220776753,0.439407902,-7.34686799223247,1356
age_10-17,share_trips_3,0.0674433221756099,0.04338212778,2.40611943956099,1356
age_10-17,share_trips_4,0.24154765907064446,0.3327361997,-9.118854062935554,1356
age_10-17,share_trips_5,0.1256047827167351,0.03509807424,9.050670847673512,1356
age_10-17,share_trips_6,0.07733910221741482,0.05676029972,2.0578802497414816,1356
age_10-17,share_trips_7,0.014660956251004926,0.009886829835,0.4774126416004927,1356
age_10-17,share_trips_8plus,0.04753482525251049,0.006260143071,4.127468218151049,1356
age_10-17,share_trips_followed_by_same_purpose,0.09541771971516348,0.02021044301,7.520727670516349,1356
age_10-17,share_trips_home_based,0.849463311999933,0.9214773335,-7.201402150006708,1356
age_10-17,share_trips_unknown_purpose,0.0,0.001322599525,-0.1322599525,1356
age_10-17,share_work_activities_lt_2h,0.12186379928315412,0.1578749223,-3.6011123016845876,1356
age_10-17,tours_per_mobile,1.6153941824852696,1.480413484,0.1349806984852695,1356
age_10-17,trips_per_mobile_person,3.7092952754069306,3.221065325,0.4882299504069305,1356
age_10-17,trips_per_person,3.4875389180418925,2.980878788,0.5066601300418925,1356
age_10-17,trips_per_person_education,1.0649437972315203,0.9626154311,0.1023283661315203,1356
age_10-17,trips_per_person_escort,0.04896730153625773,0.03243622078,0.016531080756257734,1356
age_10-17,trips_per_person_home,1.5188195226053527,1.370022867,0.1487966556053526,1356
age_10-17,trips_per_person_leisure,0.5514595179278792,0.4148394578,0.1366200601278792,1356
age_10-17,trips_per_person_other,0.23489687632467512,0.0832509803,0.15164589602467513,1356
age_10-17,trips_per_person_shop,0.05621738558461111,0.09753959918,-0.041322213595388894,1356
age_10-17,trips_per_person_work,0.012234516831596334,0.01623172309,-0.003997206258403666,1356
age_18-24,dep_hour_share_all_10,0.030026205067705126,0.02518440939,0.48417956777051274,893
age_18-24,dep_hour_share_all_11,0.044679118423937444,0.05090803158,-0.6228913156062554,893
age_18-24,dep_hour_share_all_12,0.04585364835095998,0.05836505411,-1.2511405759040022,893
age_18-24,dep_hour_share_all_13,0.05836108704049779,0.0792229709,-2.08618838595022,893
age_18-24,dep_hour_share_all_14,0.063038326216552,0.05888386204,0.4154464176552006,893
age_18-24,dep_hour_share_all_15,0.09851435014564171,0.09764625903,0.0868091115641706,893
age_18-24,dep_hour_share_all_16,0.08854911623148158,0.09096595024,-0.24168340085184148,893
age_18-24,dep_hour_share_all_17,0.08122526961986991,0.07436101291,0.6864256709869911,893
age_18-24,dep_hour_share_all_18,0.09091383648455363,0.0671115381,2.3802298384553624,893
age_18-24,dep_hour_share_all_19,0.04491924454235094,0.05334741515,-0.8428170607649061,893
age_18-24,dep_hour_share_all_20,0.02959815416096802,0.03905792369,-0.9459769529031982,893
age_18-24,dep_hour_share_all_21,0.03012016746186693,0.03349708147,-0.33769140081330723,893
age_18-24,dep_hour_share_all_22,0.03258407024210977,0.02222615009,1.035792015210977,893
age_18-24,dep_hour_share_all_23,0.011651336876063602,0.01050622403,0.11451128460636013,893
age_18-24,dep_hour_share_all_4,0.0026048463714855455,0.0007791789303,0.18256674411855456,893
age_18-24,dep_hour_share_all_5,0.019721662507960702,0.00986631329,0.9855349217960703,893
age_18-24,dep_hour_share_all_6,0.058319325976425876,0.04215588232,1.6163443656425878,893
age_18-24,dep_hour_share_all_7,0.08485326206111732,0.1076210018,-2.2767739738882686,893
age_18-24,dep_hour_share_all_8,0.038091310566593234,0.03860352794,-0.051221737340676615,893
age_18-24,dep_hour_share_all_9,0.03571615004750321,0.03518651183,0.05296382175032088,893
age_18-24,dep_hour_share_education_10,0.03182925537548988,0.03490101284,-0.3071757464510119,893
age_18-24,dep_hour_share_education_11,0.144264378773435,0.06986012065,7.440425812343501,893
age_18-24,dep_hour_share_education_12,0.02181972248702468,0.04841063952,-2.659091703297532,893
age_18-24,dep_hour_share_education_13,0.03474208240652473,0.08040129635,-4.5659213943475265,893
age_18-24,dep_hour_share_education_14,0.0076263107721639654,0.03089837697,-2.3272066197836034,893
age_18-24,dep_hour_share_education_15,0.004978286198495922,0.02820735963,-2.322907343150408,893
age_18-24,dep_hour_share_education_16,0.0029657875225082087,0.02570737329,-2.274158576749179,893
age_18-24,dep_hour_share_education_17,0.003760194894608622,0.02053196086,-1.6771765965391379,893
age_18-24,dep_hour_share_education_18,0.004342760300815591,0.005045877116,-0.07031168151844089,893
age_18-24,dep_hour_share_education_19,0.002912827031034848,0.0004466295588,0.24661974722348484,893
age_18-24,dep_hour_share_education_20,0.00015888147442008263,0.002221431637,-0.20625501625799172,893
age_18-24,dep_hour_share_education_21,5.296049147336087e-05,0.0,0.005296049147336087,893
age_18-24,dep_hour_share_education_22,5.296049147336087e-05,0.0,0.005296049147336087,893
age_18-24,dep_hour_share_education_23,0.0,0.0,0.0,893
age_18-24,dep_hour_share_education_4,0.0006884863891536913,0.0,0.06884863891536913,893
age_18-24,dep_hour_share_education_5,0.004501641775235674,0.004640286008,-0.013864423276432631,893
age_18-24,dep_hour_share_education_6,0.21745577798961974,0.068343697,14.911208098961975,893
age_18-24,dep_hour_share_education_7,0.3796737633725241,0.3998014518,-2.0127688427475867,893
age_18-24,dep_hour_share_education_8,0.0864844825759983,0.08356063542,0.2923847155998305,893
age_18-24,dep_hour_share_education_9,0.051689439678000215,0.09702185135,-4.533241167199978,893
age_18-24,dep_hour_share_escort_10,0.02683117900509205,0.01375894695,1.3072232055092048,893
age_18-24,dep_hour_share_escort_11,0.027810419114766942,0.09245729675,-6.4646877635233055,893
age_18-24,dep_hour_share_escort_12,0.05385820603211908,0.0,5.385820603211908,893
age_18-24,dep_hour_share_escort_13,0.03721112416764591,0.05387730056,-1.666617639235409,893
age_18-24,dep_hour_share_escort_14,0.06580493537015276,0.002560722335,6.324421303515276,893
age_18-24,dep_hour_share_escort_15,0.021934978456717588,0.1685697225,-14.663474404328241,893
age_18-24,dep_hour_share_escort_16,0.21758715236976106,0.1200561636,9.753098876976106,893
age_18-24,dep_hour_share_escort_17,0.06717587152369761,0.03481375873,3.2362112793697615,893
age_18-24,dep_hour_share_escort_18,0.18899334116725422,0.05679474115,13.219860001725422,893
age_18-24,dep_hour_share_escort_19,0.05033294163728946,0.02043029322,2.9902648417289464,893
age_18-24,dep_hour_share_escort_20,0.006462984723854289,0.02878126346,-2.231827873614571,893
age_18-24,dep_hour_share_escort_21,0.043478260869565216,0.0503793547,-0.690109383043478,893
age_18-24,dep_hour_share_escort_22,0.0,0.005435604866,-0.5435604866,893
age_18-24,dep_hour_share_escort_23,0.0,0.0,0.0,893
age_18-24,dep_hour_share_escort_4,0.0,0.0,0.0,893
age_18-24,dep_hour_share_escort_5,0.0003916960438699569,0.0,0.03916960438699569,893
age_18-24,dep_hour_share_escort_6,0.011555033294163729,0.08831266671,-7.675763341583627,893
age_18-24,dep_hour_share_escort_7,0.08695652173913043,0.2202617057,-13.330518396086957,893
age_18-24,dep_hour_share_escort_8,0.040736388562475516,0.0435104588,-0.2774070237524483,893
age_18-24,dep_hour_share_escort_9,0.03486094790442616,0.0,3.4860947904426163,893
age_18-24,dep_hour_share_home_10,0.019930368054568708,0.01166516689,0.8265201164568707,893
age_18-24,dep_hour_share_home_11,0.023104068968784048,0.04631435463,-2.321028566121595,893
age_18-24,dep_hour_share_home_12,0.040334422812751645,0.05628787982,-1.5953457007248353,893
age_18-24,dep_hour_share_home_13,0.08258727677514092,0.09039552002,-0.780824324485907,893
age_18-24,dep_hour_share_home_14,0.09320970110369002,0.08169424827,1.1515452833690016,893
age_18-24,dep_hour_share_home_15,0.14992184169390366,0.1234329542,2.6488887493903657,893
age_18-24,dep_hour_share_home_16,0.1149163942968121,0.1213479746,-0.6431580303187912,893
age_18-24,dep_hour_share_home_17,0.0867675619345365,0.09271122846,-0.5943666525463507,893
age_18-24,dep_hour_share_home_18,0.10615319027994884,0.08376426422,2.238892605994884,893
age_18-24,dep_hour_share_home_19,0.05794372601961063,0.06886305667,-1.0919330650389378,893
age_18-24,dep_hour_share_home_20,0.047238406517929044,0.05846138833,-1.1222981812070958,893
age_18-24,dep_hour_share_home_21,0.04816209558997679,0.05890813052,-1.0746034930023205,893
age_18-24,dep_hour_share_home_22,0.05395291554166075,0.04590416275,0.804875279166075,893
age_18-24,dep_hour_share_home_23,0.025389607313722702,0.02555811974,-0.01685124262772973,893
age_18-24,dep_hour_share_home_4,0.00013026384349391313,0.0,0.013026384349391313,893
age_18-24,dep_hour_share_home_5,0.000544739709156364,0.0003030322736,0.0241707435556364,893
age_18-24,dep_hour_share_home_6,0.0017763251385533609,0.0002400066681,0.15363184704533608,893
age_18-24,dep_hour_share_home_7,0.004736867036142295,0.006598089243,-0.18612222068577047,893
age_18-24,dep_hour_share_home_8,0.0077921462744540764,0.006845390063,0.09467562114540765,893
age_18-24,dep_hour_share_home_9,0.015832978068305623,0.01014019989,0.5692778178305623,893
age_18-24,dep_hour_share_leisure_10,0.026696366235579642,0.0354571134,-0.8760747164420355,893
age_18-24,dep_hour_share_leisure_11,0.05202965524119818,0.05252686808,-0.049721283880181655,893
age_18-24,dep_hour_share_leisure_12,0.060241364407061404,0.05265061882,0.7590745587061403,893
age_18-24,dep_hour_share_leisure_13,0.03168323415007148,0.06150753248,-2.9824298329928522,893
age_18-24,dep_hour_share_leisure_14,0.04790717776521826,0.04834662628,-0.04394485147817401,893
age_18-24,dep_hour_share_leisure_15,0.0772964526746235,0.1010176195,-2.3721166825376505,893
age_18-24,dep_hour_share_leisure_16,0.14741181555237873,0.1084790178,3.8932797752378736,893
age_18-24,dep_hour_share_leisure_17,0.13398051796934737,0.1137904161,2.019010186934737,893
age_18-24,dep_hour_share_leisure_18,0.15396123541341136,0.1352658494,1.8695386013411364,893
age_18-24,dep_hour_share_leisure_19,0.0865387812094817,0.1165758567,-3.003707549051829,893
age_18-24,dep_hour_share_leisure_20,0.02729479038531866,0.05583868812,-2.854389773468134,893
age_18-24,dep_hour_share_leisure_21,0.01678912197878919,0.03859737112,-2.1808249141210814,893
age_18-24,dep_hour_share_leisure_22,0.0404268758934805,0.01820037088,2.22265050134805,893
age_18-24,dep_hour_share_leisure_23,0.001828518235313674,0.0,0.1828518235313674,893
age_18-24,dep_hour_share_leisure_4,0.0007646530802220818,0.001289111248,-0.052445816777791816,893
age_18-24,dep_hour_share_leisure_5,0.0003657036470627348,0.0,0.036570364706273485,893
age_18-24,dep_hour_share_leisure_6,0.00236045081285947,0.006702918364,-0.434246755114053,893
age_18-24,dep_hour_share_leisure_7,0.01698859669536886,0.008876328858,0.8112267837368861,893
age_18-24,dep_hour_share_leisure_8,0.037634229861365075,0.01015999501,2.7474234851365074,893
age_18-24,dep_hour_share_leisure_9,0.03510755011802254,0.03382672897,0.128082114802254,893
age_18-24,dep_hour_share_other_10,0.0437232185367402,0.117216012,-7.34927934632598,893
age_18-24,dep_hour_share_other_11,0.06562450404697667,0.07209096089,-0.6466456843023327,893
age_18-24,dep_hour_share_other_12,0.10387240120615775,0.05781988174,4.605251946615774,893
age_18-24,dep_hour_share_other_13,0.06308522456752896,0.118511811,-5.542658643247103,893
age_18-24,dep_hour_share_other_14,0.06181558482780511,0.1039058685,-4.209028367219489,893
age_18-24,dep_hour_share_other_15,0.09728614505634027,0.1426642749,-4.5378129843659725,893
age_18-24,dep_hour_share_other_16,0.04142199650849072,0.1481865664,-10.676456989150928,893
age_18-24,dep_hour_share_other_17,0.1268846214886526,0.04089013149,8.599448999865258,893
age_18-24,dep_hour_share_other_18,0.06594191398190763,0.02609496754,3.984694644190763,893
age_18-24,dep_hour_share_other_19,0.013489922234565943,0.008629403325,0.4860518909565943,893
age_18-24,dep_hour_share_other_20,0.027297254404062846,0.0,2.7297254404062845,893
age_18-24,dep_hour_share_other_21,0.040469766703697826,0.0,4.046976670369783,893
age_18-24,dep_hour_share_other_22,0.0056340263450245995,0.0,0.56340263450246,893
age_18-24,dep_hour_share_other_23,0.0023012220282494843,0.0,0.2301222028249484,893
age_18-24,dep_hour_share_other_4,0.0003967624186637042,0.0,0.03967624186637042,893
age_18-24,dep_hour_share_other_5,0.0013489922234565942,0.0,0.13489922234565943,893
age_18-24,dep_hour_share_other_6,0.04285034121568005,0.008060061011,3.479028020468005,893
age_18-24,dep_hour_share_other_7,0.062767814632598,0.02260816915,4.015964548259801,893
age_18-24,dep_hour_share_other_8,0.05816537057609903,0.07815482528,-1.9989454703900975,893
age_18-24,dep_hour_share_other_9,0.07435327725757816,0.05516706685,1.9186210407578161,893
age_18-24,dep_hour_share_shop_10,0.06834304979981738,0.01897096944,4.9372080359817385,893
age_18-24,dep_hour_share_shop_11,0.03666502774460912,0.06281294543,-2.6147917685390882,893
age_18-24,dep_hour_share_shop_12,0.05324155369811056,0.09938698379,-4.614543009188943,893
age_18-24,dep_hour_share_shop_13,0.04755215284118845,0.1007398641,-5.318771125881155,893
age_18-24,dep_hour_share_shop_14,0.08105640233195195,0.06651575496,1.4540647371951945,893
age_18-24,dep_hour_share_shop_15,0.1450446020931376,0.1866778874,-4.163328530686239,893
age_18-24,dep_hour_share_shop_16,0.0616000561916134,0.09368439708,-3.2084340888386595,893
age_18-24,dep_hour_share_shop_17,0.1467303504951886,0.1038333869,4.289696359518859,893
age_18-24,dep_hour_share_shop_18,0.12987286647467866,0.05401011441,7.586275206467866,893
age_18-24,dep_hour_share_shop_19,0.031888740605464636,0.04229752422,-1.0408783614535364,893
age_18-24,dep_hour_share_shop_20,0.0046358081056402335,0.03410551903,-2.946971092435977,893
age_18-24,dep_hour_share_shop_21,0.023951675212474537,0.01732718335,0.6624491862474536,893
age_18-24,dep_hour_share_shop_22,0.027463651050080775,0.0,2.7463651050080773,893
age_18-24,dep_hour_share_shop_23,7.023951675212475e-05,0.0,0.007023951675212475,893
age_18-24,dep_hour_share_shop_4,0.0001404790335042495,0.0,0.01404790335042495,893
age_18-24,dep_hour_share_shop_5,0.00021071855025637425,0.002847337897,-0.26366193467436255,893
age_18-24,dep_hour_share_shop_6,0.0013345508182903702,0.0,0.13345508182903704,893
age_18-24,dep_hour_share_shop_7,0.02381119617897029,0.003504804092,2.0306392086970293,893
age_18-24,dep_hour_share_shop_8,0.0479735899417012,0.05225400101,-0.42804110682988017,893
age_18-24,dep_hour_share_shop_9,0.06750017559879189,0.06103132682,0.6468848778791885,893
age_18-24,dep_hour_share_work_10,0.03829722306988099,0.02259725549,1.569996757988099,893
age_18-24,dep_hour_share_work_11,0.03158376563930424,0.02100725469,1.057651094930424,893
age_18-24,dep_hour_share_work_12,0.030973451327433628,0.0673294876,-3.6356036272566374,893
age_18-24,dep_hour_share_work_13,0.035665242599938966,0.04425739801,-0.8592155410061031,893
age_18-24,dep_hour_share_work_14,0.01338877021666158,0.02296553244,-0.9576762223338418,893
age_18-24,dep_hour_share_work_15,0.0148764113518462,0.01421659067,0.06598206818462013,893
age_18-24,dep_hour_share_work_16,0.009879462923405554,0.02749113726,-1.7611674336594447,893
age_18-24,dep_hour_share_work_17,0.003852609093683247,0.01921930609,-1.5366696996316753,893
age_18-24,dep_hour_share_work_18,0.0035855965822398535,0.008101323702,-0.4515727119760147,893
age_18-24,dep_hour_share_work_19,0.006599023497101007,0.0,0.6599023497101006,893
age_18-24,dep_hour_share_work_20,0.01579188281965212,0.01068788997,0.5103992849652121,893
age_18-24,dep_hour_share_work_21,0.0047299359169972535,0.002276105451,0.24538304659972535,893
age_18-24,dep_hour_share_work_22,0.00026701251144339334,0.0,0.026701251144339334,893
age_18-24,dep_hour_share_work_23,0.00011443393347574,0.0,0.011443393347574,893
age_18-24,dep_hour_share_work_4,0.016974366798901436,0.004549769724,1.2424597074901436,893
age_18-24,dep_hour_share_work_5,0.1378547451937748,0.07302180838,6.48329368137748,893
age_18-24,dep_hour_share_work_6,0.23752670125114433,0.2369148277,0.06118735511443374,893
age_18-24,dep_hour_share_work_7,0.25179279829111995,0.293810017,-4.2017218708880035,893
age_18-24,dep_hour_share_work_8,0.085825450106805,0.1096593637,-2.383391359319499,893
age_18-24,dep_hour_share_work_9,0.05328806835520293,0.02189493214,3.1393136215202926,893
age_18-24,mean_work_activity_h,6.497386992180049,6.812952307,-0.31556531481995087,893
age_18-24,mobility_rate,0.8262494308279295,0.7546605455,7.15888853279295,893
age_18-24,n_persons_unweighted,63689.0,893.0,62796.0,893
age_18-24,n_persons_weighted,63689.0,52074.31211,11614.687890000001,893
age_18-24,n_work_activities_measured,26215.0,309.0,25906.0,893
age_18-24,nonhome_acts_per_mobile,2.0356498109191796,2.084417489,-0.048767678080820165,893
age_18-24,participation_education,0.23680698393757163,0.334489587,-9.768260306242835,893
age_18-24,participation_escort,0.06357455761591484,0.02815135473,3.5423202885914837,893
age_18-24,participation_home,0.8262494308279295,0.7424896041,8.375982672792947,893
age_18-24,participation_leisure,0.3515049694609744,0.3696243154,-1.8119345939025588,893
age_18-24,participation_other,0.17227464711331628,0.07997782929,9.229681782331628,893
age_18-24,participation_shop,0.20816781547834007,0.1781573512,3.001046427834006,893
age_18-24,participation_work,0.357267346009515,0.2871962929,7.0071053109515,893
age_18-24,purpose_share_education,0.0985665514757316,0.159334404,-6.076785252426841,893
age_18-24,purpose_share_escort,0.026653999143898186,0.01309209486,1.3561904283898185,893
age_18-24,purpose_share_home,0.44080891181107296,0.4153081079,2.5500803911072953,893
age_18-24,purpose_share_leisure,0.1570163807773822,0.1797186293,-2.270224852261779,893
age_18-24,purpose_share_other,0.06578411617928025,0.03396281963,3.1821296549280245,893
age_18-24,purpose_share_shop,0.07431903364897738,0.07914112503,-0.4822091381022617,893
age_18-24,purpose_share_work,0.13685100696365743,0.1194428193,1.7408187663657426,893
age_18-24,share_mobile_first_from_home,1.0,0.9406851375,5.931486249999995,893
age_18-24,share_mobile_last_to_home,1.0,0.9660975119,3.390248809999996,893
age_18-24,share_mobile_odd_trip_count,0.34631244892917545,0.2136054659,13.270698302917545,893
age_18-24,share_trips_0,0.17375056917207052,0.2453394545,-7.158888532792948,893
age_18-24,share_trips_1,0.001994064909167988,0.006018493157,-0.4024428247832012,893
age_18-24,share_trips_2,0.28810312612853084,0.3013416917,-1.3238565571469185,893
age_18-24,share_trips_3,0.12681938796338457,0.07133340527,5.5485982693384575,893
age_18-24,share_trips_4,0.17519508863383002,0.210344162,-3.5149073366169987,893
age_18-24,share_trips_5,0.117759738730393,0.05463050607,6.3129232660392995,893
age_18-24,share_trips_6,0.07354488216175478,0.06955324763,0.3991634531754787,893
age_18-24,share_trips_7,0.032360376203111996,0.01833388261,1.4026493593111995,893
age_18-24,share_trips_8plus,0.010472766097756284,0.02310515705,-1.2632390952243715,893
age_18-24,share_trips_followed_by_same_purpose,0.0946044705219089,0.04177658799,5.28278825319089,893
age_18-24,share_trips_home_based,0.8444087155340718,0.8218979499,2.251076563407184,893
age_18-24,share_trips_unknown_purpose,0.0,0.001902570424,-0.1902570424,893
age_18-24,share_work_activities_lt_2h,0.14491703223345412,0.0748682609,7.0048771333454125,893
age_18-24,tours_per_mobile,1.6046975657032096,1.475755717,0.12894184870320968,893
age_18-24,trips_per_mobile_person,3.6403473766223895,3.560173206,0.08017417062238952,893
age_18-24,trips_per_person,3.0078349479501956,2.686722253,0.32111269495019545,893
age_18-24,trips_per_person_education,0.2964719182276374,0.4272728227,-0.1308009044723626,893
age_18-24,trips_per_person_escort,0.08017083012765155,0.03510790004,0.045062930087651554,893
age_18-24,trips_per_person_home,1.3258804503132409,1.113694614,0.21218583631324095,893
age_18-24,trips_per_person_leisure,0.4722793575028655,0.4819353769,-0.009656019397134508,893
age_18-24,trips_per_person_other,0.197867763664055,0.09107505629,0.10679270737405501,893
age_18-24,trips_per_person_shop,0.22353938670728069,0.2122256778,0.011313708907280673,893
age_18-24,trips_per_person_work,0.41162524140746437,0.3202991272,0.09132611420746439,893
age_25-44,dep_hour_share_all_10,0.03377776529263802,0.02935278429,0.442498100263802,4025
age_25-44,dep_hour_share_all_11,0.04154391238241047,0.03903459805,0.2509314332410466,4025
age_25-44,dep_hour_share_all_12,0.05850185345801306,0.05083562843,0.7666225028013056,4025
age_25-44,dep_hour_share_all_13,0.05752450111137252,0.05847497675,-0.09504756386274765,4025
age_25-44,dep_hour_share_all_14,0.06961089671785184,0.07454956686,-0.49386701421481605,4025
age_25-44,dep_hour_share_all_15,0.08471245357576354,0.08547313505,-0.07606814742364548,4025
age_25-44,dep_hour_share_all_16,0.095235085427618,0.1027285578,-0.7493472372382002,4025
age_25-44,dep_hour_share_all_17,0.08140584234311739,0.09686879024,-1.5462947896882615,4025
age_25-44,dep_hour_share_all_18,0.06321304291337615,0.06613640102,-0.29233581066238495,4025
age_25-44,dep_hour_share_all_19,0.04531988683781452,0.04156726866,0.3752618177814526,4025
age_25-44,dep_hour_share_all_20,0.030944028728306584,0.03107559391,-0.013156518169341741,4025
age_25-44,dep_hour_share_all_21,0.0211400727337423,0.01904776471,0.20923080237422975,4025
age_25-44,dep_hour_share_all_22,0.01741911092539466,0.01723390815,0.01852027753946571,4025
age_25-44,dep_hour_share_all_23,0.009310012652908824,0.003892511866,0.5417500786908823,4025
age_25-44,dep_hour_share_all_4,0.005096277984757985,0.003105880327,0.1990397657757985,4025
age_25-44,dep_hour_share_all_5,0.025531720643437283,0.02100437761,0.4527343033437284,4025
age_25-44,dep_hour_share_all_6,0.05893961367075984,0.03752643822,2.141317545075984,4025
age_25-44,dep_hour_share_all_7,0.08476512525911542,0.110174645,-2.540951974088458,4025
age_25-44,dep_hour_share_all_8,0.06088378402737055,0.07897970077,-1.8095916742629448,4025
age_25-44,dep_hour_share_all_9,0.040529104616497474,0.03065365709,0.9875447526497473,4025
age_25-44,dep_hour_share_education_10,0.033692222015964356,0.02641891161,0.7273310405964354,4025
age_25-44,dep_hour_share_education_11,0.043437906070168925,0.02744738155,1.5990524520168925,4025
age_25-44,dep_hour_share_education_12,0.09114534991646557,0.0269026847,6.424266521646557,4025
age_25-44,dep_hour_share_education_13,0.053740486356042325,0.08153439236,-2.7793906003957676,4025
age_25-44,dep_hour_share_education_14,0.03805457583070355,0.1084028729,-7.034829706929646,4025
age_25-44,dep_hour_share_education_15,0.04455169853350659,0.06961964452,-2.506794598649341,4025
age_25-44,dep_hour_share_education_16,0.02116205680341563,0.06204862759,-4.0886570786584375,4025
age_25-44,dep_hour_share_education_17,0.0038982736216818265,0.0367147792,-3.2816505578318176,4025
age_25-44,dep_hour_share_education_18,0.020976424726192686,0.01074641341,1.0230011316192686,4025
age_25-44,dep_hour_share_education_19,0.0,0.01173627202,-1.173627202,4025
age_25-44,dep_hour_share_education_20,0.0,0.0,0.0,4025
age_25-44,dep_hour_share_education_21,0.0,0.008324041908,-0.8324041908,4025
age_25-44,dep_hour_share_education_22,0.0,0.0,0.0,4025
age_25-44,dep_hour_share_education_23,0.0,0.0,0.0,4025
age_25-44,dep_hour_share_education_4,0.0037126415444588825,0.0,0.37126415444588823,4025
age_25-44,dep_hour_share_education_5,0.008539075552255429,0.0,0.8539075552255428,4025
age_25-44,dep_hour_share_education_6,0.07202524596250232,0.02785585686,4.416938910250232,4025
age_25-44,dep_hour_share_education_7,0.4292741785780583,0.2431989634,18.60752151780583,4025
age_25-44,dep_hour_share_education_8,0.11444217560794505,0.1696731779,-5.523100229205495,4025
age_25-44,dep_hour_share_education_9,0.02116205680341563,0.08937598006,-6.8213923256584374,4025
age_25-44,dep_hour_share_escort_10,0.009929567522627806,0.007296551807,0.2633015715627806,4025
age_25-44,dep_hour_share_escort_11,0.023419975215297494,0.02120520619,0.2214769025297495,4025
age_25-44,dep_hour_share_escort_12,0.07076189430422437,0.04721467212,2.3547222184224372,4025
age_25-44,dep_hour_share_escort_13,0.08092675963544527,0.09357296788,-1.264620824455473,4025
age_25-44,dep_hour_share_escort_14,0.16845754443206953,0.130670501,3.778704343206954,4025
age_25-44,dep_hour_share_escort_15,0.12629217713219032,0.1267819293,-0.04897521678096928,4025
age_25-44,dep_hour_share_escort_16,0.06544416383002086,0.05071967507,1.472448876002086,4025
age_25-44,dep_hour_share_escort_17,0.03516917912437842,0.05279784819,-1.7628669065621585,4025
age_25-44,dep_hour_share_escort_18,0.03615742992046934,0.01817284159,1.7984588330469338,4025
age_25-44,dep_hour_share_escort_19,0.01578063969630896,0.007804126756,0.7976512940308961,4025
age_25-44,dep_hour_share_escort_20,0.004376539239831213,0.0003713339033,0.4005205336531213,4025
age_25-44,dep_hour_share_escort_21,0.004784388774725878,0.002670445741,0.21139430337258777,4025
age_25-44,dep_hour_share_escort_22,0.00163139813957866,0.02141109736,-1.9779699220421338,4025
age_25-44,dep_hour_share_escort_23,0.000878445152080817,0.0,0.0878445152080817,4025
age_25-44,dep_hour_share_escort_4,0.00244709720936799,0.0,0.244709720936799,4025
age_25-44,dep_hour_share_escort_5,0.002729454579679681,0.0005714581752,0.21579964044796812,4025
age_25-44,dep_hour_share_escort_6,0.05422830162041758,0.01192044468,4.230785694041758,4025
age_25-44,dep_hour_share_escort_7,0.17441842224976079,0.2583130331,-8.38946108502392,4025
age_25-44,dep_hour_share_escort_8,0.09893488525310201,0.1347702211,-3.5835335846897993,4025
age_25-44,dep_hour_share_escort_9,0.01929442030463223,0.009764125762,0.9530294542632229,4025
age_25-44,dep_hour_share_home_10,0.020140156130664694,0.0257201201,-0.5579963969335306,4025
age_25-44,dep_hour_share_home_11,0.04409904211097054,0.0382674508,0.5831591310970545,4025
age_25-44,dep_hour_share_home_12,0.06949213808060727,0.0410214586,2.847067948060727,4025
age_25-44,dep_hour_share_home_13,0.059257359071378184,0.06200003835,-0.2742679278621818,4025
age_25-44,dep_hour_share_home_14,0.07121202404342275,0.08132017858,-1.010815453657725,4025
age_25-44,dep_hour_share_home_15,0.10538819866723413,0.1010822646,0.43059340672341323,4025
age_25-44,dep_hour_share_home_16,0.12383470438366866,0.1384557829,-1.4621078516331334,4025
age_25-44,dep_hour_share_home_17,0.1112037452703136,0.1331026752,-2.1898929929686393,4025
age_25-44,dep_hour_share_home_18,0.08547833235192948,0.09261052467,-0.7132192318070524,4025
age_25-44,dep_hour_share_home_19,0.06411385062061647,0.05089554471,1.3218305910616477,4025
age_25-44,dep_hour_share_home_20,0.057572453840009793,0.05684347064,0.0728983200009796,4025
age_25-44,dep_hour_share_home_21,0.03994216519067414,0.03274124022,0.7200924970674136,4025
age_25-44,dep_hour_share_home_22,0.037496429050331445,0.02815653928,0.9339889770331445,4025
age_25-44,dep_hour_share_home_23,0.019822414486686916,0.00754118837,1.2281226116686916,4025
age_25-44,dep_hour_share_home_4,3.206567049317001e-05,0.0002017456656,-0.016967999510683,4025
age_25-44,dep_hour_share_home_5,0.0009444797490715531,0.005221632523,-0.42771527739284465,4025
age_25-44,dep_hour_share_home_6,0.0024719716889280157,0.006611835438,-0.41398637490719836,4025
age_25-44,dep_hour_share_home_7,0.01570926348069938,0.03017629035,-1.4467026869300619,4025
age_25-44,dep_hour_share_home_8,0.024023017321292188,0.04812328746,-2.410027013870781,4025
age_25-44,dep_hour_share_home_9,0.022685004343440823,0.01763454772,0.5050456623440822,4025
age_25-44,dep_hour_share_leisure_10,0.0386605503048397,0.02700385503,1.1656695274839697,4025
age_25-44,dep_hour_share_leisure_11,0.03518026215375326,0.037845402,-0.26651398462467435,4025
age_25-44,dep_hour_share_leisure_12,0.05710188438734349,0.0632204461,-0.6118561712656505,4025
age_25-44,dep_hour_share_leisure_13,0.05437635752203484,0.03932223107,1.5054126452034842,4025
age_25-44,dep_hour_share_leisure_14,0.06627642712779785,0.0600168606,0.6259566527797855,4025
age_25-44,dep_hour_share_leisure_15,0.08023112467817817,0.08739013564,-0.7159010961821838,4025
age_25-44,dep_hour_share_leisure_16,0.1376349135798328,0.1438486555,-0.6213741920167215,4025
age_25-44,dep_hour_share_leisure_17,0.13553835445267226,0.1477244444,-1.2186089947327727,4025
age_25-44,dep_hour_share_leisure_18,0.11377607071274624,0.117110796,-0.3334725287253759,4025
age_25-44,dep_hour_share_leisure_19,0.08685625152000537,0.1128861458,-2.6029894279994634,4025
age_25-44,dep_hour_share_leisure_20,0.031817381313787814,0.03746674649,-0.5649365176212187,4025
age_25-44,dep_hour_share_leisure_21,0.020202443749318618,0.01625238859,0.39500551593186184,4025
age_25-44,dep_hour_share_leisure_22,0.009862214134163012,0.01404944481,-0.41872306758369887,4025
age_25-44,dep_hour_share_leisure_23,0.0022307389112987764,0.002662663419,-0.04319245077012237,4025
age_25-44,dep_hour_share_leisure_4,4.193118254321008e-05,0.002551764697,-0.250983351445679,4025
age_25-44,dep_hour_share_leisure_5,0.006205815016395093,0.008189518441,-0.19837034246049076,4025
age_25-44,dep_hour_share_leisure_6,0.01820651946026182,0.01320803356,0.49984859002618187,4025
age_25-44,dep_hour_share_leisure_7,0.02067207299380257,0.01732781009,0.3344262903802572,4025
age_25-44,dep_hour_share_leisure_8,0.03770451934285451,0.02546712609,1.2237393252854507,4025
age_25-44,dep_hour_share_leisure_9,0.04282850984963478,0.02589343178,1.693507806963478,4025
age_25-44,dep_hour_share_other_10,0.0728940066954109,0.05412017233,1.8773834365410906,4025
age_25-44,dep_hour_share_other_11,0.0656124216806263,0.0789802017,-1.3367780019373707,4025
age_25-44,dep_hour_share_other_12,0.05580377496124738,0.05983446371,-0.403068874875262,4025
age_25-44,dep_hour_share_other_13,0.07714051244643019,0.04273636165,3.4404150796430195,4025
age_25-44,dep_hour_share_other_14,0.10373979080097435,0.1265055826,-2.2765791799025643,4025
age_25-44,dep_hour_share_other_15,0.1022027120322005,0.1352309765,-3.3028264467799495,4025
age_25-44,dep_hour_share_other_16,0.094022326720421,0.1316381246,-3.7615797879578987,4025
age_25-44,dep_hour_share_other_17,0.07651526006591203,0.04966564691,2.684961315591203,4025
age_25-44,dep_hour_share_other_18,0.05537391394964113,0.03138908936,2.398482458964114,4025
age_25-44,dep_hour_share_other_19,0.04754523310190311,0.006066265421,4.147896768090311,4025
age_25-44,dep_hour_share_other_20,0.023499068634474853,0.004669368886,1.8829699748474853,4025
age_25-44,dep_hour_share_other_21,0.00920944652138233,0.01009070344,-0.08812569186176702,4025
age_25-44,dep_hour_share_other_22,0.006083184618791439,0.009226448133,-0.3143263514208561,4025
age_25-44,dep_hour_share_other_23,0.008610246323385742,0.0,0.8610246323385742,4025
age_25-44,dep_hour_share_other_4,0.00015631309512954448,0.0,0.01563130951295445,4025
age_25-44,dep_hour_share_other_5,0.0020711485104664643,0.002621566313,-0.05504178025335358,4025
age_25-44,dep_hour_share_other_6,0.013247534812228895,0.01949225706,-0.6244722247771105,4025
age_25-44,dep_hour_share_other_7,0.05323763498287069,0.04723864121,0.5998993772870685,4025
age_25-44,dep_hour_share_other_8,0.058031236566843385,0.09630056464,-3.8269328073156617,4025
age_25-44,dep_hour_share_other_9,0.069259727233649,0.09419356547,-2.4933838236351007,4025
age_25-44,dep_hour_share_shop_10,0.08998637364173159,0.06803486304,2.195151060173159,4025
age_25-44,dep_hour_share_shop_11,0.08467558785507145,0.06635659884,1.8318989015071452,4025
age_25-44,dep_hour_share_shop_12,0.06353726284895705,0.07726087357,-1.3723610721042945,4025
age_25-44,dep_hour_share_shop_13,0.04989343489046504,0.04675210802,0.314132687046504,4025
age_25-44,dep_hour_share_shop_14,0.08574123895042102,0.08259293623,0.314830272042102,4025
age_25-44,dep_hour_share_shop_15,0.10200552042206772,0.0909313898,1.107413062206772,4025
age_25-44,dep_hour_share_shop_16,0.14003703574298593,0.1393931915,0.06438442429859137,4025
age_25-44,dep_hour_share_shop_17,0.0988435065161944,0.1325312315,-3.3687724983805607,4025
age_25-44,dep_hour_share_shop_18,0.061475839418608715,0.0866208823,-2.5145042881391277,4025
age_25-44,dep_hour_share_shop_19,0.023706369449005976,0.03743184982,-1.3725480370994025,4025
age_25-44,dep_hour_share_shop_20,0.005887285559554174,0.01958655162,-1.3699266060445827,4025
age_25-44,dep_hour_share_shop_21,0.0020788931204360436,0.01126433868,-0.9185445559563956,4025
age_25-44,dep_hour_share_shop_22,0.0008909541944725901,0.002536911833,-0.16459576385274097,4025
age_25-44,dep_hour_share_shop_23,0.0007686663638587052,0.0,0.07686663638587052,4025
age_25-44,dep_hour_share_shop_4,0.00029698473149086335,0.0,0.029698473149086337,4025
age_25-44,dep_hour_share_shop_5,0.00020963628105237413,0.0001243325662,0.008530371485237413,4025
age_25-44,dep_hour_share_shop_6,0.00826316341148108,0.003842382528,0.4420780883481081,4025
age_25-44,dep_hour_share_shop_7,0.034013486600747704,0.03503773812,-0.10242515192522977,4025
age_25-44,dep_hour_share_shop_8,0.0453687851577513,0.04984367514,-0.4474889982248702,4025
age_25-44,dep_hour_share_shop_9,0.09629293176339052,0.04985814484,4.643478692339052,4025
age_25-44,dep_hour_share_work_10,0.030491592471911338,0.02775671931,0.27348731619113376,4025
age_25-44,dep_hour_share_work_11,0.023566143216764927,0.03089445661,-0.7328313393235073,4025
age_25-44,dep_hour_share_work_12,0.03225156108671251,0.05180966087,-1.9558099783287493,4025
age_25-44,dep_hour_share_work_13,0.0425988688251256,0.05380842665,-1.12095578248744,4025
age_25-44,dep_hour_share_work_14,0.0169948672122751,0.0228067842,-0.5811916987724899,4025
age_25-44,dep_hour_share_work_15,0.024181859790983293,0.01733496191,0.6846897880983295,4025
age_25-44,dep_hour_share_work_16,0.015458300186349617,0.008581947131,0.6876353055349618,4025
age_25-44,dep_hour_share_work_17,0.007753669779758727,0.008768448911,-0.10147791312412725,4025
age_25-44,dep_hour_share_work_18,0.00444078768130946,0.003612725887,0.082806179430946,4025
age_25-44,dep_hour_share_work_19,0.0019343308305090287,0.00134504902,0.05892818105090287,4025
age_25-44,dep_hour_share_work_20,0.002577291500931748,0.003590311475,-0.10130199740682519,4025
age_25-44,dep_hour_share_work_21,0.004462582958272942,0.008217950353,-0.3755367394727058,4025
age_25-44,dep_hour_share_work_22,0.0012041890522323812,0.0003123685422,0.08918205100323812,4025
age_25-44,dep_hour_share_work_23,0.0006920000435905539,0.002312288664,-0.1620288620409446,4025
age_25-44,dep_hour_share_work_4,0.02241099353770038,0.01340819879,0.900279474770038,4025
age_25-44,dep_hour_share_work_5,0.11067641642056167,0.08837114296,2.230527346056167,4025
age_25-44,dep_hour_share_work_6,0.22674171507034427,0.1519441065,7.479760857034426,4025
age_25-44,dep_hour_share_work_7,0.23313862885912623,0.3004886393,-6.7350010440873795,4025
age_25-44,dep_hour_share_work_8,0.1345150005993701,0.1545272577,-2.00122571006299,4025
age_25-44,dep_hour_share_work_9,0.05149134182622626,0.0457817992,0.5709542626226256,4025
age_25-44,mean_work_activity_h,5.645931574495949,6.30967192,-0.6637403455040518,4025
age_25-44,mobility_rate,0.8754994164346347,0.8781907671,-0.26913506653652997,4025
age_25-44,n_persons_unweighted,251043.0,4025.0,247018.0,4025
age_25-44,n_persons_weighted,251043.0,199882.6486,51160.351400000014,4025
age_25-44,n_work_activities_measured,183265.0,2600.0,180665.0,4025
age_25-44,nonhome_acts_per_mobile,2.326346297341074,2.338478239,-0.01213194165892606,4025
age_25-44,participation_education,0.03617308588568492,0.03817704481,-0.2003958924315076,4025
age_25-44,participation_escort,0.15946272152579438,0.2139314898,-5.446876827420563,4025
age_25-44,participation_home,0.8754994164346347,0.8664663577,0.9033058734634669,4025
age_25-44,participation_leisure,0.3498962329162733,0.3519283511,-0.20321181837266722,4025
age_25-44,participation_other,0.2167158614261302,0.1266739587,9.00419027261302,4025
age_25-44,participation_shop,0.1968348051927359,0.2531729059,-5.633810070726411,4025
age_25-44,participation_work,0.5674167373716853,0.5710853725,-0.36686351283147234,4025
age_25-44,purpose_share_education,0.012610771476293647,0.01234228039,0.026849108629364675,4025
age_25-44,purpose_share_escort,0.07461704759998548,0.1066532473,-3.203619970001452,4025
age_25-44,purpose_share_home,0.40152911749179787,0.4085153751,-0.6986257608202151,4025
age_25-44,purpose_share_leisure,0.13957176750953065,0.1418072416,-0.22354740904693415,4025
age_25-44,purpose_share_other,0.08985672131646436,0.04337982444,4.6476896876464355,4025
age_25-44,purpose_share_shop,0.06700072218730285,0.08947511376,-2.247439157269715,4025
age_25-44,purpose_share_work,0.21481385241862516,0.1978269174,1.6986935018625164,4025
age_25-44,share_mobile_first_from_home,1.0,0.9727469658,2.7253034200000026,4025
age_25-44,share_mobile_last_to_home,1.0,0.9661972261,3.380277389999997,4025
age_25-44,share_mobile_odd_trip_count,0.28956539938486175,0.2489258215,4.063957788486175,4025
age_25-44,share_trips_0,0.1245005835653653,0.1218092329,0.26913506653652997,4025
age_25-44,share_trips_1,0.0002987535999808798,0.006205911764,-0.5907158164019121,4025
age_25-44,share_trips_2,0.2981919432129157,0.3005872781,-0.23953348870843216,4025
age_25-44,share_trips_3,0.11997944575232132,0.09065990804,2.931953771232132,4025
age_25-44,share_trips_4,0.2112745625251451,0.2270095403,-1.5734977774854912,4025
age_25-44,share_trips_5,0.0818863700640926,0.0716958831,1.019048696409261,4025
age_25-44,share_trips_6,0.06999199340352051,0.08548423682,-1.5492243416479492,4025
age_25-44,share_trips_7,0.03785407280824401,0.03189912385,0.5954948958244006,4025
age_25-44,share_trips_8plus,0.056022275068414576,0.06464888519,-0.862661012158543,4025
age_25-44,share_trips_followed_by_same_purpose,0.11012712603397441,0.05382549989,5.630162614397441,4025
age_25-44,share_trips_home_based,0.7829072194150166,0.8176476408,-3.4740421384983344,4025
age_25-44,share_trips_unknown_purpose,0.0,0.001274407943,-0.12744079430000002,4025
age_25-44,share_work_activities_lt_2h,0.2176465773606526,0.1059530374,11.16935399606526,4025
age_25-44,tours_per_mobile,1.5608040475367173,1.611618956,-0.05081490846328274,4025
age_25-44,trips_per_mobile_person,3.8871503448777913,3.950097195,-0.0629468501222088,4025
age_25-44,trips_per_person,3.4031978585341953,3.468938886,-0.06574102746580479,4025
age_25-44,trips_per_person_education,0.04291695048258665,0.04276005311,0.00015689737258664516,4025
age_25-44,trips_per_person_escort,0.2539365766024147,0.3695020997,-0.11556552309758528,4025
age_25-44,trips_per_person_home,1.3664830327872117,1.415308888,-0.04882585521278826,4025
age_25-44,trips_per_person_leisure,0.47499034030026727,0.491293747,-0.016303406699732736,4025
age_25-44,trips_per_person_other,0.30580020155909543,0.1502901845,0.15551001705909542,4025
age_25-44,trips_per_person_shop,0.2280167142680736,0.309988146,-0.08197143173192642,4025
age_25-44,trips_per_person_work,0.7310540425345459,0.6853749247,0.04567911783454581,4025
age_45-64,dep_hour_share_all_10,0.04136401711745962,0.04680343587,-0.5439418752540379,5681
age_45-64,dep_hour_share_all_11,0.04884046260771217,0.04934325941,-0.050279680228782625,5681
age_45-64,dep_hour_share_all_12,0.05799328390689813,0.06233942474,-0.434614083310187,5681
age_45-64,dep_hour_share_all_13,0.06269730244339981,0.06205620181,0.06411006333998104,5681
age_45-64,dep_hour_share_all_14,0.06984652107012715,0.06321266472,0.6633856350127143,5681
age_45-64,dep_hour_share_all_15,0.07909359217790128,0.0843216828,-0.5228090622098724,5681
age_45-64,dep_hour_share_all_16,0.08883097408765656,0.09614078578,-0.7309811692343446,5681
age_45-64,dep_hour_share_all_17,0.08430698327542442,0.09083277066,-0.6525787384575585,5681
age_45-64,dep_hour_share_all_18,0.06395749651328658,0.07157503018,-0.7617533666713416,5681
age_45-64,dep_hour_share_all_19,0.04443296032294856,0.04848706328,-0.4054102957051442,5681
age_45-64,dep_hour_share_all_20,0.037407643129983195,0.02725067037,1.0156972759983194,5681
age_45-64,dep_hour_share_all_21,0.02314097547492902,0.02017086581,0.29701096649290204,5681
age_45-64,dep_hour_share_all_22,0.01516680627640186,0.01174013787,0.34266684064018593,5681
age_45-64,dep_hour_share_all_23,0.009376267474602854,0.00469285664,0.46834108346028547,5681
age_45-64,dep_hour_share_all_4,0.007692478759376003,0.00499284714,0.2699631619376003,5681
age_45-64,dep_hour_share_all_5,0.022001505878964184,0.01948566076,0.2515845118964185,5681
age_45-64,dep_hour_share_all_6,0.048535474463067316,0.05240261375,-0.3867139286932685,5681
age_45-64,dep_hour_share_all_7,0.07872612382306875,0.0849579084,-0.6231784576931256,5681
age_45-64,dep_hour_share_all_8,0.05719374901381872,0.05597711829,0.12166307238187166,5681
age_45-64,dep_hour_share_all_9,0.04560102255747385,0.0407157239,0.48852986574738494,5681
age_45-64,dep_hour_share_education_10,0.012730553327987169,0.0180264043,-0.5295850972012831,5681
age_45-64,dep_hour_share_education_11,0.031676022453889334,0.0,3.167602245388933,5681
age_45-64,dep_hour_share_education_12,0.060846030473135526,0.01280254679,4.804348368313552,5681
age_45-64,dep_hour_share_education_13,0.04771451483560545,0.06836111697,-2.0646602134394545,5681
age_45-64,dep_hour_share_education_14,0.030072173215717722,0.01214647967,1.792569354571772,5681
age_45-64,dep_hour_share_education_15,0.049117882919005616,0.08074472984,-3.1626846920994387,5681
age_45-64,dep_hour_share_education_16,0.014735364875701684,0.0695055698,-5.477020492429832,5681
age_45-64,dep_hour_share_education_17,0.009322373696872494,0.2210425892,-21.17202155031275,5681
age_45-64,dep_hour_share_education_18,0.013031275060144346,0.07639481756,-6.336354249985565,5681
age_45-64,dep_hour_share_education_19,0.007417802726543705,0.05714022957,-4.972242684345629,5681
age_45-64,dep_hour_share_education_20,0.005813953488372093,0.007588080157,-0.17741266686279072,5681
age_45-64,dep_hour_share_education_21,0.00400962309542903,0.0,0.40096230954290296,5681
age_45-64,dep_hour_share_education_22,0.0021050521251002405,0.0,0.21050521251002405,5681
age_45-64,dep_hour_share_education_23,0.001503608660785886,0.0,0.15036086607858862,5681
age_45-64,dep_hour_share_education_4,0.001503608660785886,0.0,0.15036086607858862,5681
age_45-64,dep_hour_share_education_5,0.0011026463512429831,0.0,0.11026463512429832,5681
age_45-64,dep_hour_share_education_6,0.18133520449077786,0.01219940897,16.91357955207779,5681
age_45-64,dep_hour_share_education_7,0.2971130713712911,0.1660867436,13.102632777129111,5681
age_45-64,dep_hour_share_education_8,0.14554931836407378,0.1450687591,0.04805592640737821,5681
age_45-64,dep_hour_share_education_9,0.0809943865276664,0.05289252447,2.8101862057666396,5681
age_45-64,dep_hour_share_escort_10,0.01917157318458837,0.03040798242,-1.123640923541163,5681
age_45-64,dep_hour_share_escort_11,0.043921082532796196,0.01626646173,2.7654620802796197,5681
age_45-64,dep_hour_share_escort_12,0.04993285817580828,0.04870046625,0.12323919258082836,5681
age_45-64,dep_hour_share_escort_13,0.06695589298626176,0.05631628287,1.0639610116261757,5681
age_45-64,dep_hour_share_escort_14,0.11814895155459147,0.09469003003,2.3458921524591476,5681
age_45-64,dep_hour_share_escort_15,0.12918086974486107,0.1349615955,-0.5780725755138938,5681
age_45-64,dep_hour_share_escort_16,0.08757359776882553,0.07123830026,1.6335297508825537,5681
age_45-64,dep_hour_share_escort_17,0.07598388596219399,0.06292308799,1.3060797972193992,5681
age_45-64,dep_hour_share_escort_18,0.0348311124883793,0.07691119255,-4.2080080061620695,5681
age_45-64,dep_hour_share_escort_19,0.018510484454085322,0.05486997196,-3.635948750591468,5681
age_45-64,dep_hour_share_escort_20,0.015163722755913645,0.0160042763,-0.08405535440863532,5681
age_45-64,dep_hour_share_escort_21,0.005371345935337259,0.009413006713,-0.4041660777662742,5681
age_45-64,dep_hour_share_escort_22,0.004152463588472265,0.003357792542,0.0794671046472265,5681
age_45-64,dep_hour_share_escort_23,0.002871604173122611,0.0,0.2871604173122611,5681
age_45-64,dep_hour_share_escort_4,0.0004131804565644045,0.002366420474,-0.19532400174355957,5681
age_45-64,dep_hour_share_escort_5,0.0009709740729263506,0.005212890202,-0.42419161290736496,5681
age_45-64,dep_hour_share_escort_6,0.038012602003925214,0.03188321977,0.6129382233925216,5681
age_45-64,dep_hour_share_escort_7,0.18256378473298213,0.2017532159,-1.9189431167017879,5681
age_45-64,dep_hour_share_escort_8,0.07910339840925525,0.0553452899,2.375810850925525,5681
age_45-64,dep_hour_share_escort_9,0.026732775539716973,0.02737851659,-0.0645741050283026,5681
age_45-64,dep_hour_share_home_10,0.030771832805008368,0.03274615955,-0.1974326744991633,5681
age_45-64,dep_hour_share_home_11,0.04375402009599541,0.04995478944,-0.6200769344004591,5681
age_45-64,dep_hour_share_home_12,0.06269427794591353,0.05941128641,0.3282991535913535,5681
age_45-64,dep_hour_share_home_13,0.07657081647348851,0.06880440994,0.7766406533488507,5681
age_45-64,dep_hour_share_home_14,0.07893610642010931,0.07011377843,0.8822327990109319,5681
age_45-64,dep_hour_share_home_15,0.0885715237541226,0.1030260406,-1.4454516845877396,5681
age_45-64,dep_hour_share_home_16,0.11501766920279735,0.1276099237,-1.2592254497202637,5681
age_45-64,dep_hour_share_home_17,0.10638167015608864,0.1138892697,-0.7507599543911364,5681
age_45-64,dep_hour_share_home_18,0.08505818408259808,0.09739026656,-1.2332082477401918,5681
age_45-64,dep_hour_share_home_19,0.06556183964717972,0.0660255061,-0.046366645282028274,5681
age_45-64,dep_hour_share_home_20,0.06904186537579408,0.04802909426,2.1012771115794084,5681
age_45-64,dep_hour_share_home_21,0.04440748589923301,0.03746494482,0.6942541079233012,5681
age_45-64,dep_hour_share_home_22,0.03012092961276385,0.02501954222,0.5101387392763852,5681
age_45-64,dep_hour_share_home_23,0.019739792479761778,0.008649559118,1.1090233361761779,5681
age_45-64,dep_hour_share_home_4,7.175310780648187e-05,0.001948822672,-0.1877069564193518,5681
age_45-64,dep_hour_share_home_5,0.0009737921773736825,0.002759668717,-0.17858765396263176,5681
age_45-64,dep_hour_share_home_6,0.002557485771102461,0.01180691711,-0.9249431338897539,5681
age_45-64,dep_hour_share_home_7,0.01074502789402066,0.02017840632,-0.9433378425979342,5681
age_45-64,dep_hour_share_home_8,0.02077764993196268,0.02617171359,-0.539406365803732,5681
age_45-64,dep_hour_share_home_9,0.025372411442570606,0.02576795501,-0.039554356742939334,5681
age_45-64,dep_hour_share_leisure_10,0.03215751977298799,0.045839606,-1.368208622701201,5681
age_45-64,dep_hour_share_leisure_11,0.029508543138320353,0.03595036312,-0.6441819981679648,5681
age_45-64,dep_hour_share_leisure_12,0.04234589144478657,0.07327390558,-3.0928014135213435,5681
age_45-64,dep_hour_share_leisure_13,0.042806254905512285,0.05364096284,-1.0834707934487715,5681
age_45-64,dep_hour_share_leisure_14,0.06307734106140192,0.06770694977,-0.46296087085980764,5681
age_45-64,dep_hour_share_leisure_15,0.08785395157882026,0.08657870366,0.12752479188202492,5681
age_45-64,dep_hour_share_leisure_16,0.12730181730362858,0.1145215037,1.278031360362858,5681
age_45-64,dep_hour_share_leisure_17,0.15165579907021676,0.1135313025,3.8124496570216757,5681
age_45-64,dep_hour_share_leisure_18,0.12096238604117611,0.1250131417,-0.40507556588238874,5681
age_45-64,dep_hour_share_leisure_19,0.06743192658334843,0.09221849853,-2.478657194665157,5681
age_45-64,dep_hour_share_leisure_20,0.03393859808005796,0.02974502018,0.4193577900057959,5681
age_45-64,dep_hour_share_leisure_21,0.019365453118396426,0.01528108855,0.4084364568396425,5681
age_45-64,dep_hour_share_leisure_22,0.010648735132524302,0.004577632951,0.6071102181524302,5681
age_45-64,dep_hour_share_leisure_23,0.0049206061703797625,0.002233280054,0.26873261163797624,5681
age_45-64,dep_hour_share_leisure_4,0.00041508180885105355,0.004664541801,-0.4249459992148947,5681
age_45-64,dep_hour_share_leisure_5,0.004799855098714001,0.005880865137,-0.10810100382859988,5681
age_45-64,dep_hour_share_leisure_6,0.030987743766225925,0.02213485708,0.8852886686225924,5681
age_45-64,dep_hour_share_leisure_7,0.039229004407414114,0.02987178994,0.9357214467414113,5681
age_45-64,dep_hour_share_leisure_8,0.03721397089899173,0.04036823063,-0.31542597310082743,5681
age_45-64,dep_hour_share_leisure_9,0.04852683692567772,0.03567584755,1.285098937567772,5681
age_45-64,dep_hour_share_other_10,0.07472302677487501,0.1185990949,-4.387606812512498,5681
age_45-64,dep_hour_share_other_11,0.0886218729985757,0.06569822999,2.2923643008575705,5681
age_45-64,dep_hour_share_other_12,0.07317446206494413,0.05037139347,2.280306859494413,5681
age_45-64,dep_hour_share_other_13,0.07369065030158775,0.06753736176,0.6153288541587754,5681
age_45-64,dep_hour_share_other_14,0.09004617017005535,0.07529869747,1.474747270005536,5681
age_45-64,dep_hour_share_other_15,0.08412912353149227,0.1137791554,-2.9650031868507734,5681
age_45-64,dep_hour_share_other_16,0.08604093181535756,0.1024444725,-1.6403540684642435,5681
age_45-64,dep_hour_share_other_17,0.057545429344345346,0.08398206746,-2.6436638115654656,5681
age_45-64,dep_hour_share_other_18,0.03986120271859138,0.02892033184,1.0940870878591378,5681
age_45-64,dep_hour_share_other_19,0.03362870771319052,0.01294729499,2.068141272319052,5681
age_45-64,dep_hour_share_other_20,0.01421429459053846,0.007570874662,0.6643419928538461,5681
age_45-64,dep_hour_share_other_21,0.010323764732872588,0.006193968075,0.41297966578725875,5681
age_45-64,dep_hour_share_other_22,0.007111926815978894,0.003477762087,0.36341647289788936,5681
age_45-64,dep_hour_share_other_23,0.0020073986980585585,0.006684960276,-0.46775615779414415,5681
age_45-64,dep_hour_share_other_4,0.003699349029279344,0.0,0.3699349029279344,5681
age_45-64,dep_hour_share_other_5,0.005486889774693394,0.002931527197,0.25553625776933936,5681
age_45-64,dep_hour_share_other_6,0.012694407004865552,0.01832017096,-0.5625763955134447,5681
age_45-64,dep_hour_share_other_7,0.05459168554577347,0.06194564389,-0.735395834422653,5681
age_45-64,dep_hour_share_other_8,0.10694655539942455,0.08794837845,1.8998176949424543,5681
age_45-64,dep_hour_share_other_9,0.07550686817125979,0.08534861464,-0.9841746468740211,5681
age_45-64,dep_hour_share_shop_10,0.10143501909501215,0.08757092542,1.3864093675012152,5681
age_45-64,dep_hour_share_shop_11,0.10035875477375304,0.102975855,-0.2617100226246963,5681
age_45-64,dep_hour_share_shop_12,0.10025460016201829,0.09148993228,0.8764667882018282,5681
age_45-64,dep_hour_share_shop_13,0.07125332716120819,0.06784995004,0.34033771212081954,5681
age_45-64,dep_hour_share_shop_14,0.07842842263626895,0.07087680628,0.7551616356268955,5681
age_45-64,dep_hour_share_shop_15,0.11789144774910311,0.1006418467,1.7249601049103114,5681
age_45-64,dep_hour_share_shop_16,0.08025691470894572,0.1129633966,-3.270648189105428,5681
age_45-64,dep_hour_share_shop_17,0.0774447401921074,0.123117931,-4.56731908078926,5681
age_45-64,dep_hour_share_shop_18,0.05017937738687652,0.04776828768,0.24110897068765208,5681
age_45-64,dep_hour_share_shop_19,0.02382826061798403,0.02682088651,-0.29926258920159704,5681
age_45-64,dep_hour_share_shop_20,0.004918412220807777,0.00226830754,0.2650104680807777,5681
age_45-64,dep_hour_share_shop_21,0.0010184006480731397,0.006008597661,-0.499019701292686,5681
age_45-64,dep_hour_share_shop_22,0.0006017822011341279,0.0002402680333,0.0361514167834128,5681
age_45-64,dep_hour_share_shop_23,0.00028931836592986925,0.001653779421,-0.13644610550701308,5681
age_45-64,dep_hour_share_shop_4,6.943640782316862e-05,0.0,0.0069436407823168615,5681
age_45-64,dep_hour_share_shop_5,0.001053118851984724,0.0,0.10531188519847239,5681
age_45-64,dep_hour_share_shop_6,0.007823168614743664,0.01564947456,-0.7826305945256338,5681
age_45-64,dep_hour_share_shop_7,0.034104848975812986,0.02745746482,0.6647384155812986,5681
age_45-64,dep_hour_share_shop_8,0.05192686031709293,0.0479062183,0.4020642017092929,5681
age_45-64,dep_hour_share_shop_9,0.09633144312000926,0.06674007218,2.959137094000926,5681
age_45-64,dep_hour_share_work_10,0.02993657210566669,0.03085346619,-0.09168940843333126,5681
age_45-64,dep_hour_share_work_11,0.027595780767175483,0.02813170863,-0.053592786282451524,5681
age_45-64,dep_hour_share_work_12,0.03104597941497642,0.05048566749,-1.9439688075023578,5681
age_45-64,dep_hour_share_work_13,0.03525708045816779,0.05025438512,-1.499730466183221,5681
age_45-64,dep_hour_share_work_14,0.02659673334727353,0.03233467608,-0.5737942732726469,5681
age_45-64,dep_hour_share_work_15,0.01599056713366325,0.01533741007,0.06531570636632514,5681
age_45-64,dep_hour_share_work_16,0.010513231569898468,0.008334280192,0.2178951377898468,5681
age_45-64,dep_hour_share_work_17,0.00882879115262192,0.01006612954,-0.12373383873780802,5681
age_45-64,dep_hour_share_work_18,0.004954578192885853,0.003416207431,0.15383707618858533,5681
age_45-64,dep_hour_share_work_19,0.005181106386933389,0.00125172506,0.39293813269333894,5681
age_45-64,dep_hour_share_work_20,0.006859738388977951,0.005688787766,0.1170950622977951,5681
age_45-64,dep_hour_share_work_21,0.002840315048442183,0.003364510853,-0.0524195804557817,5681
age_45-64,dep_hour_share_work_22,0.0008073697172463465,0.000788094727,0.0019274990246346516,5681
age_45-64,dep_hour_share_work_23,0.0006389256755186915,0.0003012099019,0.03377157736186915,5681
age_45-64,dep_hour_share_work_4,0.03922422806161567,0.01682920113,2.239502693161567,5681
age_45-64,dep_hour_share_work_5,0.11057480077135755,0.08520683255,2.536796822135755,5681
age_45-64,dep_hour_share_work_6,0.20373016426198276,0.1989858948,0.4744269461982753,5681
age_45-64,dep_hour_share_work_7,0.2584222020863827,0.2848097505,-2.638754841361729,5681
age_45-64,dep_hour_share_work_8,0.11624381403777793,0.1219647874,-0.5720973362222062,5681
age_45-64,dep_hour_share_work_9,0.048819730024860016,0.04684778783,0.19719421948600144,5681
age_45-64,mean_work_activity_h,5.876150421543306,6.316484025,-0.44033360345669426,5681
age_45-64,mobility_rate,0.836728535282355,0.8644561576,-2.772762231764503,5681
age_45-64,n_persons_unweighted,301553.0,5681.0,295872.0,5681
age_45-64,n_persons_weighted,301553.0,223518.2899,78034.7101,5681
age_45-64,n_work_activities_measured,171908.0,3639.0,168269.0,5681
age_45-64,nonhome_acts_per_mobile,2.1959273615041335,2.223968816,-0.028041454495866702,5681
age_45-64,participation_education,0.026237510487377012,0.01172435546,1.4513155027377012,5681
age_45-64,participation_escort,0.0958770100115071,0.07013019229,2.5746817721507096,5681
age_45-64,participation_home,0.836728535282355,0.8552704883,-1.854195301764494,5681
age_45-64,participation_leisure,0.34784266778974177,0.3780919185,-3.024925071025825,5681
age_45-64,participation_other,0.2525061929412077,0.1848890424,6.761715054120768,5681
age_45-64,participation_shop,0.22743265694587683,0.3153023858,-8.786972885412315,5681
age_45-64,participation_work,0.47211601277387394,0.5556875706,-8.357155782612601,5681
age_45-64,purpose_share_education,0.0105644504547818,0.003888154201,0.66762962537818,5681
age_45-64,purpose_share_escort,0.05126024701921743,0.03264918142,1.861106559921743,5681
age_45-64,purpose_share_home,0.41324516916781656,0.4192834901,-0.6038320932183427,5681
age_45-64,purpose_share_leisure,0.14031996221535764,0.1583307923,-1.8010830084642353,5681
age_45-64,purpose_share_other,0.11078376658240663,0.07152975971,3.925400687240663,5681
age_45-64,purpose_share_shop,0.09150703325959257,0.1151502296,-2.364319634040743,5681
age_45-64,purpose_share_work,0.1823193713008274,0.1991683927,-1.6849021399172603,5681
age_45-64,share_mobile_first_from_home,1.0,0.9767372463,2.326275369999997,5681
age_45-64,share_mobile_last_to_home,1.0,0.9768489272,2.315107279999995,5681
age_45-64,share_mobile_odd_trip_count,0.28635689883401105,0.2434248115,4.293208733401105,5681
age_45-64,share_trips_0,0.163271464717645,0.1355438424,2.7727622317645,5681
age_45-64,share_trips_1,0.0006963949952413009,0.007695816698,-0.6999421702758699,5681
age_45-64,share_trips_2,0.3214028711370804,0.322376759,-0.09738878629196313,5681
age_45-64,share_trips_3,0.10269504863158384,0.07971814451,2.297690412158383,5681
age_45-64,share_trips_4,0.17610502962994895,0.2099114625,-3.3806432870051055,5681
age_45-64,share_trips_5,0.08984490288605983,0.07535074869,1.449415419605983,5681
age_45-64,share_trips_6,0.0703425268526594,0.08294875651,-1.2606229657340595,5681
age_45-64,share_trips_7,0.03408687693373967,0.03480625296,-0.0719376026260328,5681
age_45-64,share_trips_8plus,0.04155488421604162,0.05164821675,-1.0093332533958381,5681
age_45-64,share_trips_followed_by_same_purpose,0.09921963276462223,0.04341822701,5.580140575462223,5681
age_45-64,share_trips_home_based,0.8066894066392106,0.838278266,-3.1588859360789368,5681
age_45-64,share_trips_unknown_purpose,0.0,0.0003095111312,-0.030951113120000002,5681
age_45-64,share_work_activities_lt_2h,0.17625125066896247,0.1051738015,7.107744916896247,5681
age_45-64,tours_per_mobile,1.5465682194690826,1.604873481,-0.05830526153091742,5681
age_45-64,trips_per_mobile_person,3.7424955809732166,3.828842297,-0.08634671602678345,5681
age_45-64,trips_per_person,3.1314528457684054,3.3098663,-0.1784134542315945,5681
age_45-64,trips_per_person_education,0.033082078440605796,0.01286528738,0.020216791060605796,5681
age_45-64,trips_per_person_escort,0.16051904640311984,0.1080309782,0.05248806820311984,5681
age_45-64,trips_per_person_home,1.2940577609906052,1.387342763,-0.09328500200939471,5681
age_45-64,trips_per_person_leisure,0.4394053449973968,0.5238915532,-0.08448620820260322,5681
age_45-64,trips_per_person_other,0.34691414112942004,0.2366806631,0.11023347802942005,5681
age_45-64,trips_per_person_shop,0.2865499597085753,0.3810138999,-0.09446394019142473,5681
age_45-64,trips_per_person_work,0.5709245140986825,0.6590167149,-0.08809220080131752,5681
age_6-9,dep_hour_share_all_10,0.013490577080650825,0.006042133365,0.7448443715650825,706
age_6-9,dep_hour_share_all_11,0.03933044597916423,0.009631192766,2.9699253213164227,706
age_6-9,dep_hour_share_all_12,0.06690419056537517,0.07077051279,-0.3866322224624838,706
age_6-9,dep_hour_share_all_13,0.09004448086152406,0.07981330157,1.0231179291524062,706
age_6-9,dep_hour_share_all_14,0.08891782746107925,0.06541848585,2.349934161107925,706
age_6-9,dep_hour_share_all_15,0.12250526747044364,0.1517689726,-2.926370512955635,706
age_6-9,dep_hour_share_all_16,0.09657029146669788,0.1184534808,-2.188318933330212,706
age_6-9,dep_hour_share_all_17,0.06669934449256701,0.07794169231,-1.1242347817432996,706
age_6-9,dep_hour_share_all_18,0.04802177221116704,0.07533580769,-2.7314035478832968,706
age_6-9,dep_hour_share_all_19,0.028707713917827463,0.01254073155,1.6166982367827463,706
age_6-9,dep_hour_share_all_20,0.009430235280346482,0.003323237522,0.6106997758346482,706
age_6-9,dep_hour_share_all_21,0.005889324593234227,0.0,0.5889324593234226,706
age_6-9,dep_hour_share_all_22,0.00252399625424324,0.0,0.252399625424324,706
age_6-9,dep_hour_share_all_23,0.0010242303640407352,0.0,0.10242303640407352,706
age_6-9,dep_hour_share_all_4,3.657965585859768e-05,0.0,0.003657965585859768,706
age_6-9,dep_hour_share_all_5,0.0008120683600608686,0.0,0.08120683600608686,706
age_6-9,dep_hour_share_all_6,0.06895265129345664,0.005521091681,6.343155961245664,706
age_6-9,dep_hour_share_all_7,0.20387305396230831,0.2921771555,-8.830410153769169,706
age_6-9,dep_hour_share_all_8,0.034172714503101956,0.02883290132,0.5339813183101956,706
age_6-9,dep_hour_share_all_9,0.01106168793163994,0.002429302601,0.8632385330639938,706
age_6-9,dep_hour_share_education_10,0.008152173913043478,0.0041498133,0.4002360613043478,706
age_6-9,dep_hour_share_education_11,0.011014769332890806,0.01034856432,0.0666205012890806,706
age_6-9,dep_hour_share_education_12,0.014250746764022569,0.03456182759,-2.0311080825977426,706
age_6-9,dep_hour_share_education_13,0.031841188184533686,0.01452733622,1.7313851964533686,706
age_6-9,dep_hour_share_education_14,0.018254231662794558,0.005534368212,1.271986345079456,706
age_6-9,dep_hour_share_education_15,0.040014105542648525,0.002647424605,3.7366680937648526,706
age_6-9,dep_hour_share_education_16,0.025618154663126454,0.009402735046,1.6215419617126456,706
age_6-9,dep_hour_share_education_17,0.008152173913043478,0.0079930632,0.01591107130434772,706
age_6-9,dep_hour_share_education_18,0.0023025224029206773,0.0,0.23025224029206773,706
age_6-9,dep_hour_share_education_19,0.011574842349817458,0.0,1.1574842349817458,706
age_6-9,dep_hour_share_education_20,6.223033521407235e-05,0.0,0.006223033521407235,706
age_6-9,dep_hour_share_education_21,6.223033521407235e-05,0.0,0.006223033521407235,706
age_6-9,dep_hour_share_education_22,6.223033521407235e-05,0.0,0.006223033521407235,706
age_6-9,dep_hour_share_education_23,2.0743445071357452e-05,0.0,0.0020743445071357454,706
age_6-9,dep_hour_share_education_4,6.223033521407235e-05,0.0,0.006223033521407235,706
age_6-9,dep_hour_share_education_5,0.002219548622635247,0.0,0.22195486226352473,706
age_6-9,dep_hour_share_education_6,0.18971954862263524,0.01282725711,17.689229151263525,706
age_6-9,dep_hour_share_education_7,0.5501161632923997,0.8210027227,-27.08865594076003,706
age_6-9,dep_hour_share_education_8,0.07448971125124461,0.07528160241,-0.07918911587553867,706
age_6-9,dep_hour_share_education_9,0.011616329239960173,0.001723285314,0.9893043925960174,706
age_6-9,dep_hour_share_escort_10,0.006006006006006006,0.0,0.6006006006006006,706
age_6-9,dep_hour_share_escort_11,0.008633633633633633,0.0,0.8633633633633633,706
age_6-9,dep_hour_share_escort_12,0.012387387387387387,0.02104749244,-0.8660105052612612,706
age_6-9,dep_hour_share_escort_13,0.05405405405405406,0.1180780176,-6.402396354594594,706
age_6-9,dep_hour_share_escort_14,0.08220720720720721,0.1235209801,-4.131377289279278,706
age_6-9,dep_hour_share_escort_15,0.16704204204204204,0.09423406151,7.2807980532042045,706
age_6-9,dep_hour_share_escort_16,0.14376876876876876,0.09411512493,4.965364383876876,706
age_6-9,dep_hour_share_escort_17,0.012387387387387387,0.07797335793,-6.558597054261261,706
age_6-9,dep_hour_share_escort_18,0.013888888888888888,0.1046873353,-9.079844641111112,706
age_6-9,dep_hour_share_escort_19,0.0686936936936937,0.0,6.86936936936937,706
age_6-9,dep_hour_share_escort_20,0.00487987987987988,0.0,0.487987987987988,706
age_6-9,dep_hour_share_escort_21,0.0,0.0,0.0,706
age_6-9,dep_hour_share_escort_22,0.00037537537537537537,0.0,0.03753753753753754,706
age_6-9,dep_hour_share_escort_23,0.0,0.0,0.0,706
age_6-9,dep_hour_share_escort_4,0.0007507507507507507,0.0,0.07507507507507508,706
age_6-9,dep_hour_share_escort_5,0.0011261261261261261,0.0,0.11261261261261261,706
age_6-9,dep_hour_share_escort_6,0.09009009009009009,0.01902950721,7.106058288009008,706
age_6-9,dep_hour_share_escort_7,0.20345345345345345,0.2771411129,-7.368765944654654,706
age_6-9,dep_hour_share_escort_8,0.10885885885885886,0.05255649314,5.630236571885886,706
age_6-9,dep_hour_share_escort_9,0.01839339339339339,0.0176165169,0.07768764933933914,706
age_6-9,dep_hour_share_home_10,0.016990333688755264,0.003546510286,1.3443823402755264,706
age_6-9,dep_hour_share_home_11,0.057805590029540804,0.006827028133,5.09785618965408,706
age_6-9,dep_hour_share_home_12,0.12452586131552727,0.1152211857,0.9304675615527267,706
age_6-9,dep_hour_share_home_13,0.14931217116188011,0.1452726888,0.403948236188012,706
age_6-9,dep_hour_share_home_14,0.11312905312101243,0.07939900259,3.3730050531012425,706
age_6-9,dep_hour_share_home_15,0.14391092310650422,0.2295890798,-8.56781566934958,706
age_6-9,dep_hour_share_home_16,0.10669649880263594,0.1194057891,-1.2709290297364062,706
age_6-9,dep_hour_share_home_17,0.09344683528815396,0.1158204572,-2.2373621911846038,706
age_6-9,dep_hour_share_home_18,0.09729238406544424,0.1445112672,-4.721888313455574,706
age_6-9,dep_hour_share_home_19,0.04731772972784003,0.02755063919,1.9767090537840026,706
age_6-9,dep_hour_share_home_20,0.01840619482948487,0.005961987331,1.244420749848487,706
age_6-9,dep_hour_share_home_21,0.013721617228058522,0.0,1.3721617228058522,706
age_6-9,dep_hour_share_home_22,0.005838242234613435,0.0,0.5838242234613435,706
age_6-9,dep_hour_share_home_23,0.0022898494992046707,0.0,0.22898494992046708,706
age_6-9,dep_hour_share_home_4,0.0,0.0,0.0,706
age_6-9,dep_hour_share_home_5,1.7479767169501303e-05,0.0,0.0017479767169501302,706
age_6-9,dep_hour_share_home_6,1.7479767169501303e-05,0.0,0.0017479767169501302,706
age_6-9,dep_hour_share_home_7,0.00027967627471202084,0.003146833533,-0.2867157258287979,706
age_6-9,dep_hour_share_home_8,0.0009439074271530703,0.002506437791,-0.15625303638469298,706
age_6-9,dep_hour_share_home_9,0.006240276879511965,0.001241093512,0.4999183367511965,706
age_6-9,dep_hour_share_leisure_10,0.004883153121730032,0.01564049153,-1.075733840826997,706
age_6-9,dep_hour_share_leisure_11,0.009068712940355772,0.01586788215,-0.6799169209644227,706
age_6-9,dep_hour_share_leisure_12,0.02336937565399372,0.02550094039,-0.21315647360062792,706
age_6-9,dep_hour_share_leisure_13,0.05755144750610394,0.03378208418,2.3769363326103945,706
age_6-9,dep_hour_share_leisure_14,0.18119986048133938,0.122303543,5.8896317481339375,706
age_6-9,dep_hour_share_leisure_15,0.2223578653644925,0.2590167226,-3.665885723550752,706
age_6-9,dep_hour_share_leisure_16,0.24636670154633183,0.3432535177,-9.688681615366818,706
age_6-9,dep_hour_share_leisure_17,0.16033019416346936,0.113918991,4.641120316346936,706
age_6-9,dep_hour_share_leisure_18,0.02883385652831066,0.04831007319,-1.9476216661689336,706
age_6-9,dep_hour_share_leisure_19,0.02127659574468085,0.0009239125357,2.035268320898085,706
age_6-9,dep_hour_share_leisure_20,0.005522613649575631,0.004557757144,0.09648565055756309,706
age_6-9,dep_hour_share_leisure_21,0.0003487966515521451,0.0,0.03487966515521451,706
age_6-9,dep_hour_share_leisure_22,0.0001162655505173817,0.0,0.01162655505173817,706
age_6-9,dep_hour_share_leisure_23,0.0,0.0,0.0,706
age_6-9,dep_hour_share_leisure_4,0.0,0.0,0.0,706
age_6-9,dep_hour_share_leisure_5,0.0,0.0,0.0,706
age_6-9,dep_hour_share_leisure_6,0.0006394605278455994,0.002455406234,-0.18159457061544007,706
age_6-9,dep_hour_share_leisure_7,0.017439832577607256,0.009403228975,0.8036603602607255,706
age_6-9,dep_hour_share_leisure_8,0.017963027554935472,0.002589162095,1.5373865459935472,706
age_6-9,dep_hour_share_leisure_9,0.00273224043715847,0.00247628716,0.025595327715846994,706
age_6-9,dep_hour_share_other_10,0.047791736821655224,0.03253746663,1.5254270191655226,706
age_6-9,dep_hour_share_other_11,0.16733583732677115,0.03207502087,13.526081645677115,706
age_6-9,dep_hour_share_other_12,0.07913482709493588,0.1659097521,-8.677492500506412,706
age_6-9,dep_hour_share_other_13,0.1389716357984717,0.09682082355,4.215081224847168,706
age_6-9,dep_hour_share_other_14,0.1139748737210206,0.192294403,-7.831952927897941,706
age_6-9,dep_hour_share_other_15,0.08094806372231576,0.1933377376,-11.238967387768424,706
age_6-9,dep_hour_share_other_16,0.1093122652506152,0.09400496928,1.5307295970615198,706
age_6-9,dep_hour_share_other_17,0.05128869317445927,0.07539359292,-2.410489974554073,706
age_6-9,dep_hour_share_other_18,0.012822173293614817,0.006845559776,0.5976613517614817,706
age_6-9,dep_hour_share_other_19,0.010749902862323532,0.00774747143,0.3002431432323533,706
age_6-9,dep_hour_share_other_20,0.0025903380391141045,0.0,0.25903380391141045,706
age_6-9,dep_hour_share_other_21,0.0014246859215127573,0.0,0.14246859215127575,706
age_6-9,dep_hour_share_other_22,0.0006475845097785261,0.0,0.06475845097785261,706
age_6-9,dep_hour_share_other_23,0.0010361352156456418,0.0,0.10361352156456419,706
age_6-9,dep_hour_share_other_4,0.0,0.0,0.0,706
age_6-9,dep_hour_share_other_5,0.0,0.0,0.0,706
age_6-9,dep_hour_share_other_6,0.0033674394508483355,0.01296505047,-0.9597611019151664,706
age_6-9,dep_hour_share_other_7,0.06320424815438415,0.07634882402,-1.3144575865615848,706
age_6-9,dep_hour_share_other_8,0.054267581919440484,0.01371932841,4.054825350944048,706
age_6-9,dep_hour_share_other_9,0.05983680870353581,0.0,5.983680870353581,706
age_6-9,dep_hour_share_shop_10,0.0027359781121751026,0.0,0.27359781121751026,706
age_6-9,dep_hour_share_shop_11,0.017236662106703146,0.0,1.7236662106703147,706
age_6-9,dep_hour_share_shop_12,0.07496580027359781,0.0,7.496580027359781,706
age_6-9,dep_hour_share_shop_13,0.006566347469220246,0.01627989073,-0.9713543260779753,706
age_6-9,dep_hour_share_shop_14,0.160328317373461,0.142485743,1.7842574373461013,706
age_6-9,dep_hour_share_shop_15,0.4618331053351573,0.1937399981,26.809310723515733,706
age_6-9,dep_hour_share_shop_16,0.10834473324213406,0.3466340862,-23.828935295786597,706
age_6-9,dep_hour_share_shop_17,0.05225718194254446,0.1731845625,-12.092738055745555,706
age_6-9,dep_hour_share_shop_18,0.06976744186046512,0.06764836851,0.21190733504651144,706
age_6-9,dep_hour_share_shop_19,0.007387140902872777,0.002175522493,0.5211618409872778,706
age_6-9,dep_hour_share_shop_20,0.028727770177838577,0.0,2.8727770177838576,706
age_6-9,dep_hour_share_shop_21,0.0,0.0,0.0,706
age_6-9,dep_hour_share_shop_22,0.0,0.0,0.0,706
age_6-9,dep_hour_share_shop_23,0.0,0.0,0.0,706
age_6-9,dep_hour_share_shop_4,0.0,0.0,0.0,706
age_6-9,dep_hour_share_shop_5,0.0,0.0,0.0,706
age_6-9,dep_hour_share_shop_6,0.0,0.0,0.0,706
age_6-9,dep_hour_share_shop_7,0.0,0.03267823619,-3.267823619,706
age_6-9,dep_hour_share_shop_8,0.002188782489740082,0.0,0.2188782489740082,706
age_6-9,dep_hour_share_shop_9,0.007660738714090287,0.02517359219,-1.7512853475909713,706
age_6-9,dep_hour_share_work_10,0.0,,,706
age_6-9,dep_hour_share_work_11,0.13793103448275862,,,706
age_6-9,dep_hour_share_work_12,0.4827586206896552,,,706
age_6-9,dep_hour_share_work_13,0.0,,,706
age_6-9,dep_hour_share_work_14,0.0,,,706
age_6-9,dep_hour_share_work_15,0.0,,,706
age_6-9,dep_hour_share_work_16,0.0,,,706
age_6-9,dep_hour_share_work_17,0.0,,,706
age_6-9,dep_hour_share_work_18,0.0,,,706
age_6-9,dep_hour_share_work_19,0.0,,,706
age_6-9,dep_hour_share_work_20,0.0,,,706
age_6-9,dep_hour_share_work_21,0.0,,,706
age_6-9,dep_hour_share_work_22,0.0,,,706
age_6-9,dep_hour_share_work_23,0.0,,,706
age_6-9,dep_hour_share_work_4,0.0,,,706
age_6-9,dep_hour_share_work_5,0.0,,,706
age_6-9,dep_hour_share_work_6,0.034482758620689655,,,706
age_6-9,dep_hour_share_work_7,0.034482758620689655,,,706
age_6-9,dep_hour_share_work_8,0.0,,,706
age_6-9,dep_hour_share_work_9,0.3103448275862069,,,706
age_6-9,mean_work_activity_h,2.8649425287356327,,,706
age_6-9,mobility_rate,0.9628357753357754,0.9594813278,0.33544475357754067,706
age_6-9,n_persons_unweighted,39312.0,706.0,38606.0,706
age_6-9,n_persons_weighted,39312.0,28815.5809,10496.4191,706
age_6-9,n_work_activities_measured,29.0,0.0,29.0,706
age_6-9,nonhome_acts_per_mobile,2.0997860030118094,1.741619641,0.3581663620118094,706
age_6-9,participation_education,0.9312932437932437,0.9373912158,-0.6097972006756214,706
age_6-9,participation_escort,0.05257936507936508,0.06409444435,-1.1515079270634923,706
age_6-9,participation_home,0.9628357753357754,0.9594813278,0.33544475357754067,706
age_6-9,participation_leisure,0.35197903947903947,0.388149802,-3.617076252096052,706
age_6-9,participation_other,0.1610958485958486,0.06093596664,10.01598819558486,706
age_6-9,participation_shop,0.06005799755799756,0.05313031927,0.6927678287997563,706
age_6-9,participation_work,0.00027981277981277983,0.0,0.02798127798127798,706
age_6-9,purpose_share_education,0.35268640992625544,0.337628268,1.505814192625543,706
age_6-9,purpose_share_escort,0.019489640641460845,0.02588004279,-0.6390402148539153,706
age_6-9,purpose_share_home,0.418537106402903,0.4480455796,-2.950847319709704,706
age_6-9,purpose_share_leisure,0.12584864801591947,0.1487619505,-2.291330248408052,706
age_6-9,purpose_share_other,0.056486304576846544,0.02157326712,3.491303745684654,706
age_6-9,purpose_share_shop,0.026739728432634904,0.01811089207,0.8628836362634905,706
age_6-9,purpose_share_work,0.00021216200397986655,0.0,0.021216200397986655,706
age_6-9,share_mobile_first_from_home,1.0,0.995279573,0.47204269999999715,706
age_6-9,share_mobile_last_to_home,1.0,0.9994727443,0.052725570000000666,706
age_6-9,share_mobile_odd_trip_count,0.25219941348973607,0.1899499537,6.224945978973606,706
age_6-9,share_trips_0,0.037164224664224664,0.04051867223,-0.33544475657753325,706
age_6-9,share_trips_1,0.0,0.0,0.0,706
age_6-9,share_trips_2,0.36434167684167684,0.4375820244,-7.324034755832315,706
age_6-9,share_trips_3,0.08954008954008955,0.1329237479,-4.338365835991046,706
age_6-9,share_trips_4,0.2705789580789581,0.2857796976,-1.5200739521041895,706
age_6-9,share_trips_5,0.13064713064713065,0.04001094336,9.063618728713067,706
age_6-9,share_trips_6,0.05898962148962149,0.0458142383,1.317538318962149,706
age_6-9,share_trips_7,0.01933251933251933,0.007784566773,1.154795255951933,706
age_6-9,share_trips_8plus,0.029405779405779407,0.009586109528,1.9819669877779407,706
age_6-9,share_trips_followed_by_same_purpose,0.12628028795505092,0.02780519414,9.847509381505091,706
age_6-9,share_trips_home_based,0.8155653751609505,0.8946428729,-7.907749773904948,706
age_6-9,share_trips_unknown_purpose,0.0,0.0001330690646,-0.01330690646,706
age_6-9,share_work_activities_lt_2h,0.6206896551724138,,,706
age_6-9,tours_per_mobile,1.5114263823941243,1.413408148,0.09801823439412427,706
age_6-9,trips_per_mobile_person,3.611212385405934,3.155027789,0.4561845964059339,706
age_6-9,trips_per_person,3.477004477004477,3.027190252,0.44981422500447676,706
age_6-9,trips_per_person_education,1.2262922262922262,1.021928997,0.20436322929222617,706
age_6-9,trips_per_person_escort,0.06776556776556776,0.07833338812,-0.010567820354432239,706
age_6-9,trips_per_person_home,1.4552553927553928,1.356138727,0.0991166657553928,706
age_6-9,trips_per_person_leisure,0.4375763125763126,0.4502708013,-0.012694488723687447,706
age_6-9,trips_per_person_other,0.1964031339031339,0.06529769369,0.13110544021313392,706
age_6-9,trips_per_person_shop,0.09297415547415547,0.05481782042,0.038156335054155464,706
age_6-9,trips_per_person_work,0.0007376882376882377,0.0,0.0007376882376882377,706
age_65-74,dep_hour_share_all_10,0.09425826910778684,0.1108105452,-1.6552276092213158,2722
age_65-74,dep_hour_share_all_11,0.07889688091298071,0.1009700694,-2.2073188487019295,2722
age_65-74,dep_hour_share_all_12,0.07038548513637352,0.08779096375,-1.7405478613626486,2722
age_65-74,dep_hour_share_all_13,0.06701982476150291,0.0771028323,-1.0083007538497086,2722
age_65-74,dep_hour_share_all_14,0.0721952280803539,0.08236054864,-1.0165320559646098,2722
age_65-74,dep_hour_share_all_15,0.08429314539257247,0.07808910197,0.6204043422572469,2722
age_65-74,dep_hour_share_all_16,0.08473157127881908,0.07385285111,1.0878720168819078,2722
age_65-74,dep_hour_share_all_17,0.06730331819170748,0.06362260605,0.3680712141707482,2722
age_65-74,dep_hour_share_all_18,0.054104391511019985,0.04933658805,0.4767803461019987,2722
age_65-74,dep_hour_share_all_19,0.03695633541887802,0.0297690224,0.7187313018878021,2722
age_65-74,dep_hour_share_all_20,0.021202671431114394,0.01412671421,0.7075957221114393,2722
age_65-74,dep_hour_share_all_21,0.01771833938778605,0.0158298169,0.1888522487786048,2722
age_65-74,dep_hour_share_all_22,0.01369998483639792,0.008624455007,0.507552982939792,2722
age_65-74,dep_hour_share_all_23,0.006599463340343752,0.002520268684,0.40791946563437526,2722
age_65-74,dep_hour_share_all_4,0.0027788949030518395,0.0008479624069,0.19309324961518395,2722
age_65-74,dep_hour_share_all_5,0.003935943670514705,0.001426861863,0.25090818075147053,2722
age_65-74,dep_hour_share_all_6,0.01560532440219147,0.007144691404,0.846063299819147,2722
age_65-74,dep_hour_share_all_7,0.03573006151148148,0.02979899475,0.5931066761481484,2722
age_65-74,dep_hour_share_all_8,0.06471561653228199,0.06937082876,-0.4655212227718017,2722
age_65-74,dep_hour_share_all_9,0.09158486013225298,0.09543137519,-0.3846515057747024,2722
age_65-74,dep_hour_share_education_10,0.10806023029229407,0.01526790929,9.279232100229407,2722
age_65-74,dep_hour_share_education_11,0.08237378210806023,0.02232554812,6.004823398806024,2722
age_65-74,dep_hour_share_education_12,0.0008857395925597874,0.02182966921,-2.0943929617440213,2722
age_65-74,dep_hour_share_education_13,0.01948627103631532,0.0,1.9486271036315321,2722
age_65-74,dep_hour_share_education_14,0.010628875110717449,0.1356294567,-12.500058158928256,2722
age_65-74,dep_hour_share_education_15,0.10628875110717449,0.1743245121,-6.803576099282551,2722
age_65-74,dep_hour_share_education_16,0.09255978742249779,0.0535491089,3.9010678522497786,2722
age_65-74,dep_hour_share_education_17,0.0044286979627989375,0.1903135114,-18.588481343720105,2722
age_65-74,dep_hour_share_education_18,0.0,0.1246903067,-12.46903067,2722
age_65-74,dep_hour_share_education_19,0.0,0.009728485365,-0.9728485364999999,2722
age_65-74,dep_hour_share_education_20,0.0,0.0,0.0,2722
age_65-74,dep_hour_share_education_21,0.0,0.0,0.0,2722
age_65-74,dep_hour_share_education_22,0.0,0.0,0.0,2722
age_65-74,dep_hour_share_education_23,0.0,0.0,0.0,2722
age_65-74,dep_hour_share_education_4,0.0,0.0,0.0,2722
age_65-74,dep_hour_share_education_5,0.0,0.0,0.0,2722
age_65-74,dep_hour_share_education_6,0.04295837023914969,0.0,4.295837023914969,2722
age_65-74,dep_hour_share_education_7,0.23693534100974314,0.06322906052,17.37062804897431,2722
age_65-74,dep_hour_share_education_8,0.07883082373782108,0.1891124316,-11.028160786217892,2722
age_65-74,dep_hour_share_education_9,0.21656333038086803,0.0,21.656333038086803,2722
age_65-74,dep_hour_share_escort_10,0.03360316265060241,0.02651622536,0.7086937290602412,2722
age_65-74,dep_hour_share_escort_11,0.047533885542168676,0.09153890488,-4.400501933783132,2722
age_65-74,dep_hour_share_escort_12,0.05581701807228916,0.141575657,-8.575863892771084,2722
age_65-74,dep_hour_share_escort_13,0.06551204819277108,0.1286656259,-6.315357770722891,2722
age_65-74,dep_hour_share_escort_14,0.1667921686746988,0.1357603198,3.1031848874698786,2722
age_65-74,dep_hour_share_escort_15,0.22270331325301204,0.05633190058,16.637141267301203,2722
age_65-74,dep_hour_share_escort_16,0.03510918674698795,0.03503812347,0.007106327698794962,2722
age_65-74,dep_hour_share_escort_17,0.05911144578313253,0.02991063074,2.920081504313253,2722
age_65-74,dep_hour_share_escort_18,0.035391566265060244,0.03914182637,-0.37502601049397566,2722
age_65-74,dep_hour_share_escort_19,0.02579066265060241,0.02602994906,-0.02392864093975905,2722
age_65-74,dep_hour_share_escort_20,0.011765813253012049,0.005195545715,0.6570267538012048,2722
age_65-74,dep_hour_share_escort_21,0.01666039156626506,0.0,1.666039156626506,2722
age_65-74,dep_hour_share_escort_22,0.007247740963855422,0.008081906015,-0.08341650511445778,2722
age_65-74,dep_hour_share_escort_23,0.006306475903614458,0.0,0.6306475903614458,2722
age_65-74,dep_hour_share_escort_4,0.0,0.003419951605,-0.3419951605,2722
age_65-74,dep_hour_share_escort_5,9.412650602409639e-05,0.0,0.00941265060240964,2722
age_65-74,dep_hour_share_escort_6,0.011859939759036145,0.006909895881,0.4950043878036145,2722
age_65-74,dep_hour_share_escort_7,0.08819653614457831,0.107646759,-1.9450222855421682,2722
age_65-74,dep_hour_share_escort_8,0.05412274096385542,0.1116502506,-5.752750963614458,2722
age_65-74,dep_hour_share_escort_9,0.028237951807228916,0.04658652802,-1.834857621277108,2722
age_65-74,dep_hour_share_home_10,0.06347017571507367,0.09317196225,-2.970178653492633,2722
age_65-74,dep_hour_share_home_11,0.07900874635568512,0.1002026003,-2.1193853944314873,2722
age_65-74,dep_hour_share_home_12,0.08242849263257426,0.1018567884,-1.9428295767425732,2722
age_65-74,dep_hour_share_home_13,0.06572374123394531,0.07583051245,-1.0106771216054689,2722
age_65-74,dep_hour_share_home_14,0.06836340713891734,0.07995625316,-1.1592846021082668,2722
age_65-74,dep_hour_share_home_15,0.08045071310377433,0.08047897324,-0.0028260136225671806,2722
age_65-74,dep_hour_share_home_16,0.09856591285162714,0.08794147735,1.062443550162713,2722
age_65-74,dep_hour_share_home_17,0.10526357261051139,0.07288430151,3.2379271100511393,2722
age_65-74,dep_hour_share_home_18,0.07791348199511465,0.06140209029,1.6511391705114646,2722
age_65-74,dep_hour_share_home_19,0.049783311007800805,0.03671343006,1.3069880947800803,2722
age_65-74,dep_hour_share_home_20,0.03672681427783469,0.02564003487,1.1086779407834688,2722
age_65-74,dep_hour_share_home_21,0.034386573162083364,0.03241848579,0.19680873720833644,2722
age_65-74,dep_hour_share_home_22,0.02688519423213301,0.01766250244,0.922269179213301,2722
age_65-74,dep_hour_share_home_23,0.012851627137341424,0.005627739679,0.7223887458341424,2722
age_65-74,dep_hour_share_home_4,6.303679773067528e-05,0.0004939175948,-0.04308807970693247,2722
age_65-74,dep_hour_share_home_5,0.00041761878496572374,0.0001997118877,0.021790689726572374,2722
age_65-74,dep_hour_share_home_6,0.0015601607438342133,0.004816026727,-0.32558659831657866,2722
age_65-74,dep_hour_share_home_7,0.011322984792372547,0.01504409389,-0.3721109097627453,2722
age_65-74,dep_hour_share_home_8,0.025340792687731463,0.04499854426,-1.965775157226854,2722
age_65-74,dep_hour_share_home_9,0.057859900717043576,0.06112449648,-0.32645957629564226,2722
age_65-74,dep_hour_share_leisure_10,0.10268030777035597,0.07963283128,2.3047476490355976,2722
age_65-74,dep_hour_share_leisure_11,0.07307009385304811,0.06882876956,0.42413242930481043,2722
age_65-74,dep_hour_share_leisure_12,0.036425128942250785,0.08417370009,-4.774857114774921,2722
age_65-74,dep_hour_share_leisure_13,0.08492432569544263,0.06888803747,1.6036288225442632,2722
age_65-74,dep_hour_share_leisure_14,0.08396042952566163,0.07989133438,0.40690951456616303,2722
age_65-74,dep_hour_share_leisure_15,0.09332882387756827,0.08893338973,0.4395434147568267,2722
age_65-74,dep_hour_share_leisure_16,0.09760717003466644,0.08305374968,1.4553420354666446,2722
age_65-74,dep_hour_share_leisure_17,0.04998731715566078,0.09243936509,-4.245204793433922,2722
age_65-74,dep_hour_share_leisure_18,0.06740509004819481,0.08480404761,-1.7398957561805193,2722
age_65-74,dep_hour_share_leisure_19,0.06114822017417773,0.05312572113,0.8022499044177733,2722
age_65-74,dep_hour_share_leisure_20,0.016893548659846117,0.01135173756,0.5541811099846117,2722
age_65-74,dep_hour_share_leisure_21,0.005309884163355035,0.005136477281,0.017340688235503547,2722
age_65-74,dep_hour_share_leisure_22,0.006206138496660184,0.003953798833,0.2252339663660184,2722
age_65-74,dep_hour_share_leisure_23,0.0016403145345396128,0.0005950169203,0.10452976142396128,2722
age_65-74,dep_hour_share_leisure_4,0.0007102392829965333,0.0009499591907,-0.023971990770346664,2722
age_65-74,dep_hour_share_leisure_5,0.001454299484230997,0.001154741347,0.029955813723099686,2722
age_65-74,dep_hour_share_leisure_6,0.013815845100194471,0.007152571114,0.6663273986194471,2722
age_65-74,dep_hour_share_leisure_7,0.03305994757757673,0.02113571431,1.1924233267576727,2722
age_65-74,dep_hour_share_leisure_8,0.05969392068994673,0.08109519698,-2.1401276290053275,2722
age_65-74,dep_hour_share_leisure_9,0.10340745751247146,0.08206895309,2.1338504422471467,2722
age_65-74,dep_hour_share_other_10,0.12860748768820715,0.1796732605,-5.106577281179284,2722
age_65-74,dep_hour_share_other_11,0.07717155313928653,0.1211780025,-4.400644936071347,2722
age_65-74,dep_hour_share_other_12,0.09115139533652233,0.05810881301,3.304258232652233,2722
age_65-74,dep_hour_share_other_13,0.06855771097735336,0.07278338269,-0.42256717126466364,2722
age_65-74,dep_hour_share_other_14,0.06349178331244594,0.09234189024,-2.8850106927554062,2722
age_65-74,dep_hour_share_other_15,0.08929800716643425,0.07009777953,1.9200227636434253,2722
age_65-74,dep_hour_share_other_16,0.08130196106119711,0.05290096307,2.8400997991197108,2722
age_65-74,dep_hour_share_other_17,0.04013909236933613,0.03281025241,0.7328839959336135,2722
age_65-74,dep_hour_share_other_18,0.027394842285492382,0.009213382853,1.8181459432492382,2722
age_65-74,dep_hour_share_other_19,0.01366211851093499,0.005383154553,0.8278963957934988,2722
age_65-74,dep_hour_share_other_20,0.00972587506398602,0.002164639023,0.756123604098602,2722
age_65-74,dep_hour_share_other_21,0.008207861896104354,0.0005696483306,0.7638213565504354,2722
age_65-74,dep_hour_share_other_22,0.0049247171376626125,0.0003688176139,0.45558995237626126,2722
age_65-74,dep_hour_share_other_23,0.003406703969780947,0.0,0.3406703969780947,2722
age_65-74,dep_hour_share_other_4,0.0007766578998464335,0.0,0.07766578998464335,2722
age_65-74,dep_hour_share_other_5,0.0010061250066192434,0.0,0.10061250066192434,2722
age_65-74,dep_hour_share_other_6,0.009814131643514024,0.001688546887,0.8125584756514024,2722
age_65-74,dep_hour_share_other_7,0.05028859901505657,0.04600457289,0.42840261250565725,2722
age_65-74,dep_hour_share_other_8,0.07840714525267858,0.106821007,-2.841386174732141,2722
age_65-74,dep_hour_share_other_9,0.13339099429862497,0.1472505132,-1.3859518901375019,2722
age_65-74,dep_hour_share_shop_10,0.17130491946970527,0.16272336,0.8581559469705263,2722
age_65-74,dep_hour_share_shop_11,0.11490632190204887,0.1342749817,-1.9368659797951118,2722
age_65-74,dep_hour_share_shop_12,0.07529856469814836,0.08038347883,-0.5084914131851637,2722
age_65-74,dep_hour_share_shop_13,0.052919907965377454,0.08934954527,-3.642963730462254,2722
age_65-74,dep_hour_share_shop_14,0.07176509258244768,0.0791550925,-0.738999991755232,2722
age_65-74,dep_hour_share_shop_15,0.056836857675030134,0.07319409014,-1.6357232464969869,2722
age_65-74,dep_hour_share_shop_16,0.05872685438807933,0.05350510651,0.522174787807933,2722
age_65-74,dep_hour_share_shop_17,0.0301851648953654,0.03620373575,-0.60185708546346,2722
age_65-74,dep_hour_share_shop_18,0.015585625068478142,0.009277681942,0.6307943126478142,2722
age_65-74,dep_hour_share_shop_19,0.005204338775063,0.005995348713,-0.07910099379370003,2722
age_65-74,dep_hour_share_shop_20,0.0019447792264709104,0.0,0.19447792264709104,2722
age_65-74,dep_hour_share_shop_21,0.0007669551879040211,0.002183770179,-0.1416814991095979,2722
age_65-74,dep_hour_share_shop_22,0.0004930426207954421,0.0,0.04930426207954421,2722
age_65-74,dep_hour_share_shop_23,0.0003286950805302947,0.0,0.032869508053029475,2722
age_65-74,dep_hour_share_shop_4,0.00010956502684343158,0.0,0.010956502684343158,2722
age_65-74,dep_hour_share_shop_5,0.0008765202147474527,0.001077890615,-0.020137040025254724,2722
age_65-74,dep_hour_share_shop_6,0.00871041963405281,0.00725155989,0.14588597440528106,2722
age_65-74,dep_hour_share_shop_7,0.028185603155472774,0.03980447332,-1.1618870164527224,2722
age_65-74,dep_hour_share_shop_8,0.16273145611920675,0.06286044798,9.987100813920675,2722
age_65-74,dep_hour_share_shop_9,0.1420784485592199,0.1627594367,-2.068098814078012,2722
age_65-74,dep_hour_share_work_10,0.028926353149955633,0.07525156395,-4.632521080004437,2722
age_65-74,dep_hour_share_work_11,0.029103815439219166,0.07742704047,-4.832322503078084,2722
age_65-74,dep_hour_share_work_12,0.020319432120674358,0.02367990888,-0.3360476759325642,2722
age_65-74,dep_hour_share_work_13,0.03655723158828749,0.05724041023,-2.0683178641712505,2722
age_65-74,dep_hour_share_work_14,0.02191659272404614,0.05392362555,-3.200703282595386,2722
age_65-74,dep_hour_share_work_15,0.009050576752440106,0.01540678937,-0.6356212617559894,2722
age_65-74,dep_hour_share_work_16,0.008074534161490683,0.04289739038,-3.4822856218509313,2722
age_65-74,dep_hour_share_work_17,0.007808340727595386,0.007523610125,0.02847306025953863,2722
age_65-74,dep_hour_share_work_18,0.0037267080745341614,0.009924118752,-0.6197410677465838,2722
age_65-74,dep_hour_share_work_19,0.003460514640638864,0.0,0.3460514640638864,2722
age_65-74,dep_hour_share_work_20,0.0022182786157941437,0.01563034611,-1.3412067494205855,2722
age_65-74,dep_hour_share_work_21,0.0023957409050576754,0.02102059769,-1.8624856784942325,2722
age_65-74,dep_hour_share_work_22,0.00026619343389529726,0.0,0.026619343389529725,2722
age_65-74,dep_hour_share_work_23,0.0001774622892635315,0.0,0.01774622892635315,2722
age_65-74,dep_hour_share_work_4,0.06610470275066549,0.01534094525,5.076375750066549,2722
age_65-74,dep_hour_share_work_5,0.08562555456965394,0.04015674082,4.546881374965394,2722
age_65-74,dep_hour_share_work_6,0.23265306122448978,0.08163405011,15.101901111448978,2722
age_65-74,dep_hour_share_work_7,0.1860692102928128,0.1315797217,5.448948859281277,2722
age_65-74,dep_hour_share_work_8,0.15527950310559005,0.2020674161,-4.678791299440996,2722
age_65-74,dep_hour_share_work_9,0.07027506654835847,0.1254917876,-5.521672105164152,2722
age_65-74,mean_work_activity_h,5.733210588583259,4.508049344,1.2251612445832594,2722
age_65-74,mobility_rate,0.7747956547892856,0.7677188754,0.7076779389285637,2722
age_65-74,n_persons_unweighted,113044.0,2722.0,110322.0,2722
age_65-74,n_persons_weighted,113044.0,104701.8215,8342.178499999995,2722
age_65-74,n_work_activities_measured,11270.0,195.0,11075.0,2722
age_65-74,nonhome_acts_per_mobile,2.014568538350878,2.40781451,-0.39324597164912234,2722
age_65-74,participation_education,0.015666466154771592,0.01328280801,0.23836581447715927,2722
age_65-74,participation_escort,0.0723788967127844,0.05540560553,1.69732911827844,2722
age_65-74,participation_home,0.7747956547892856,0.7595744755,1.522117928928557,2722
age_65-74,participation_leisure,0.41571423516506845,0.4663659495,-5.065171433493154,2722
age_65-74,participation_other,0.3341442270266445,0.2865291122,4.761511482664449,2722
age_65-74,participation_shop,0.2795637097059552,0.4461536635,-16.658995379404484,2722
age_65-74,participation_work,0.08455999433848767,0.05486659912,2.969339521848767,2722
age_65-74,purpose_share_education,0.007443350760487608,0.004136457692,0.3306893068487608,2722
age_65-74,purpose_share_escort,0.03502132793597004,0.02596832393,0.9053004005970043,2722
age_65-74,purpose_share_home,0.418350595665847,0.4264175128,-0.8066917134153029,2722
age_65-74,purpose_share_leisure,0.1949346976179959,0.2199712748,-2.503657718200411,2722
age_65-74,purpose_share_other,0.1867529453648824,0.1178365822,6.891636316488241,2722
age_65-74,purpose_share_shop,0.12034625755707777,0.1836120308,-6.326577324292222,2722
age_65-74,purpose_share_work,0.03715082509773931,0.02205781785,1.5093007247739307,2722
age_65-74,share_mobile_first_from_home,1.0,0.9858700503,1.4129949700000033,2722
age_65-74,share_mobile_last_to_home,1.0,0.9857838199,1.421618010000003,2722
age_65-74,share_mobile_odd_trip_count,0.3359669353549654,0.2617860696,7.418086575496541,2722
age_65-74,share_trips_0,0.22520434521071442,0.2322811246,-0.7076779389285581,2722
age_65-74,share_trips_1,0.00215845157637734,0.005603553251,-0.34451016746226604,2722
age_65-74,share_trips_2,0.3010155337744595,0.2322006465,6.88148872744595,2722
age_65-74,share_trips_3,0.15378082870386753,0.07505438776,7.872644094386754,2722
age_65-74,share_trips_4,0.14517356073741197,0.1933910899,-4.821752916258804,2722
age_65-74,share_trips_5,0.07207812887017445,0.05876575092,1.3312377950174454,2722
age_65-74,share_trips_6,0.059923569583525,0.08893308525,-2.9009515666475,2722
age_65-74,share_trips_7,0.02463642475496267,0.0455699629,-2.093353814503733,2722
age_65-74,share_trips_8plus,0.01602915678850713,0.06820039893,-5.217124214149287,2722
age_65-74,share_trips_followed_by_same_purpose,0.10837030834855188,0.05751895492,5.085135342855188,2722
age_65-74,share_trips_home_based,0.805539989055835,0.8527795904,-4.723960134416494,2722
age_65-74,share_trips_unknown_purpose,0.0,8.908877103e-05,-0.008908877103,2722
age_65-74,share_work_activities_lt_2h,0.15146406388642414,0.3046651366,-15.320107271357585,2722
age_65-74,tours_per_mobile,1.4489758637225127,1.789759687,-0.34078382327748735,2722
age_65-74,trips_per_mobile_person,3.4635444020733908,4.197574196,-0.7340297939266089,2722
age_65-74,trips_per_person,2.6835391528962176,3.222556941,-0.5390177881037825,2722
age_65-74,trips_per_person_education,0.019974523194508334,0.0133287829,0.006645740294508333,2722
age_65-74,trips_per_person_escort,0.09398110470259367,0.08367694721,0.010304157492593669,2722
age_65-74,trips_per_person_home,1.122660203106755,1.374032294,-0.2513720908932451,2722
age_65-74,trips_per_person_leisure,0.523114893315877,0.7088068062,-0.185691912884123,2722
age_65-74,trips_per_person_other,0.5011588408053501,0.3797012658,0.1214575750053501,2722
age_65-74,trips_per_person_shop,0.3229538940589505,0.5916475104,-0.2686936163410495,2722
age_65-74,trips_per_person_work,0.09969569371218287,0.07107624138,0.028619452332182868,2722
age_75+,dep_hour_share_all_10,0.11622166312073572,0.1402526586,-2.403099547926428,1757
age_75+,dep_hour_share_all_11,0.08439459522442938,0.139188472,-5.479387677557063,1757
age_75+,dep_hour_share_all_12,0.0735582877684802,0.08437790956,-1.081962179151981,1757
age_75+,dep_hour_share_all_13,0.06692099550752845,0.057911365,0.9009630507528448,1757
age_75+,dep_hour_share_all_14,0.08437301755127934,0.06875053446,1.5622483091279338,1757
age_75+,dep_hour_share_all_15,0.06651533525230774,0.08634828577,-1.9832950517692267,1757
age_75+,dep_hour_share_all_16,0.0653156166251656,0.07733575853,-1.20201419048344,1757
age_75+,dep_hour_share_all_17,0.05893725644201432,0.06071213824,-0.17748817979856765,1757
age_75+,dep_hour_share_all_18,0.052882561356113605,0.04213526123,1.0747300126113606,1757
age_75+,dep_hour_share_all_19,0.03413156338873041,0.01603520517,1.8096358218730413,1757
age_75+,dep_hour_share_all_20,0.01882004652146331,0.01106124017,0.775880635146331,1757
age_75+,dep_hour_share_all_21,0.011319647334510036,0.01232677845,-0.10071311154899645,1757
age_75+,dep_hour_share_all_22,0.009088515930796086,0.005184793679,0.39037222517960857,1757
age_75+,dep_hour_share_all_23,0.0025116411546644455,0.002788430283,-0.027678912833555436,1757
age_75+,dep_hour_share_all_4,0.0009709952917517187,0.0009924730995,-0.0021477807748281346,1757
age_75+,dep_hour_share_all_5,0.0038494568899668136,0.0001878658087,0.36615910812668134,1757
age_75+,dep_hour_share_all_6,0.01574738586489787,0.002586154909,1.3161230955897871,1757
age_75+,dep_hour_share_all_7,0.04751835181101411,0.02107308044,2.644527137101411,1757
age_75+,dep_hour_share_all_8,0.07487884136526253,0.06562999095,0.9248850415262535,1757
age_75+,dep_hour_share_all_9,0.1085356959446921,0.1020002288,0.6535467144692109,1757
age_75+,dep_hour_share_education_10,0.017675817976682964,0.0,1.7675817976682964,1757
age_75+,dep_hour_share_education_11,0.0026325686348251222,0.2528978271,-25.02652584651749,1757
age_75+,dep_hour_share_education_12,0.1192177510342234,0.0,11.92177510342234,1757
age_75+,dep_hour_share_education_13,0.10154193305754043,0.03752681402,6.401511903754042,1757
age_75+,dep_hour_share_education_14,0.07145543437382475,0.1904885103,-11.903307592617525,1757
age_75+,dep_hour_share_education_15,0.018804061677322303,0.09714150777,-7.833744609267769,1757
age_75+,dep_hour_share_education_16,0.06318164723580294,0.1357520537,-7.257040646419707,1757
age_75+,dep_hour_share_education_17,0.07709665287702144,0.0,7.709665287702144,1757
age_75+,dep_hour_share_education_18,0.0052651372696502444,0.0,0.5265137269650244,1757
age_75+,dep_hour_share_education_19,0.0,0.0,0.0,1757
age_75+,dep_hour_share_education_20,0.000376081233546446,0.0,0.037608123354644606,1757
age_75+,dep_hour_share_education_21,0.0,0.0,0.0,1757
age_75+,dep_hour_share_education_22,0.0,0.0,0.0,1757
age_75+,dep_hour_share_education_23,0.0,0.0,0.0,1757
age_75+,dep_hour_share_education_4,0.0,0.0,0.0,1757
age_75+,dep_hour_share_education_5,0.0,0.0,0.0,1757
age_75+,dep_hour_share_education_6,0.1414065438134637,0.0,14.140654381346371,1757
age_75+,dep_hour_share_education_7,0.2895825498307634,0.0,28.958254983076344,1757
age_75+,dep_hour_share_education_8,0.08461827754795036,0.1728129148,-8.819463725204963,1757
age_75+,dep_hour_share_education_9,0.007145543437382475,0.1133803723,-10.623482886261753,1757
age_75+,dep_hour_share_escort_10,0.07167955024595925,0.08295596132,-1.1276411074040746,1757
age_75+,dep_hour_share_escort_11,0.06553056921995784,0.1464836642,-8.095309498004216,1757
age_75+,dep_hour_share_escort_12,0.12438510189739986,0.08061840341,4.376669848739986,1757
age_75+,dep_hour_share_escort_13,0.07273366127898806,0.09138832238,-1.8654661101011938,1757
age_75+,dep_hour_share_escort_14,0.07817990161630359,0.0731167491,0.5063152516303584,1757
age_75+,dep_hour_share_escort_15,0.04321855235418131,0.07856438134,-3.5345828985818692,1757
age_75+,dep_hour_share_escort_16,0.015987350667603654,0.09433086214,-7.8343511472396345,1757
age_75+,dep_hour_share_escort_17,0.1157765284609979,0.03916106827,7.66154601909979,1757
age_75+,dep_hour_share_escort_18,0.08538299367533381,0.04059220942,4.479078425533381,1757
age_75+,dep_hour_share_escort_19,0.017392832044975406,0.005843814637,1.1549017407975406,1757
age_75+,dep_hour_share_escort_20,0.0005270555165144061,0.02386732631,-2.334027079348559,1757
age_75+,dep_hour_share_escort_21,0.00035137034434293746,0.003627052286,-0.32756819416570626,1757
age_75+,dep_hour_share_escort_22,0.0,0.008344154487,-0.8344154487000001,1757
age_75+,dep_hour_share_escort_23,0.0,0.0,0.0,1757
age_75+,dep_hour_share_escort_4,0.0,0.0,0.0,1757
age_75+,dep_hour_share_escort_5,0.01809557273366128,0.0,1.8095572733661278,1757
age_75+,dep_hour_share_escort_6,0.024244553759662685,0.0,2.4244553759662684,1757
age_75+,dep_hour_share_escort_7,0.07220660576247365,0.05330566248,1.8900943282473646,1757
age_75+,dep_hour_share_escort_8,0.045326774420238934,0.07561813287,-3.029135844976106,1757
age_75+,dep_hour_share_escort_9,0.14880534082923402,0.06283893447,8.596640635923404,1757
age_75+,dep_hour_share_home_10,0.09131060687669543,0.1072685476,-1.5957940723304573,1757
age_75+,dep_hour_share_home_11,0.09559017950701673,0.1537783162,-5.818813669298326,1757
age_75+,dep_hour_share_home_12,0.08361325198554542,0.111457598,-2.7844346014454584,1757
age_75+,dep_hour_share_home_13,0.057162163485550324,0.05902988695,-0.18677234644496749,1757
age_75+,dep_hour_share_home_14,0.09920382321545738,0.0554112846,4.379253861545738,1757
age_75+,dep_hour_share_home_15,0.07750237482005229,0.08534048539,-0.7838110569947709,1757
age_75+,dep_hour_share_home_16,0.07730651337244034,0.1042695572,-2.6963043827559665,1757
age_75+,dep_hour_share_home_17,0.08374056192649319,0.07229917472,1.1441387206493194,1757
age_75+,dep_hour_share_home_18,0.06947205546796197,0.05317439514,1.629766032796197,1757
age_75+,dep_hour_share_home_19,0.05652561378081145,0.02232961792,3.4195995860811457,1757
age_75+,dep_hour_share_home_20,0.035343198221578054,0.02070951551,1.4633682711578055,1757
age_75+,dep_hour_share_home_21,0.0235915113648605,0.02696688922,-0.3375377855139503,1757
age_75+,dep_hour_share_home_22,0.018107390831725637,0.009924744398,0.8182646433725637,1757
age_75+,dep_hour_share_home_23,0.0052490867960005095,0.005270412678,-0.0021325881999490794,1757
age_75+,dep_hour_share_home_4,0.00012730994094777354,0.001157582957,-0.10302730160522264,1757
age_75+,dep_hour_share_home_5,0.0010772379618657763,0.0,0.10772379618657763,1757
age_75+,dep_hour_share_home_6,0.0037801259389108146,0.0004001626772,0.33799632617108144,1757
age_75+,dep_hour_share_home_7,0.01188878987004593,0.008660138639,0.322865123104593,1757
age_75+,dep_hour_share_home_8,0.03220941505978671,0.04031015037,-0.8100735310213291,1757
age_75+,dep_hour_share_home_9,0.07134253229265618,0.06096797535,1.0374556942656175,1757
age_75+,dep_hour_share_leisure_10,0.11784865540963102,0.1087361696,0.9112485809631019,1757
age_75+,dep_hour_share_leisure_11,0.06256410256410257,0.09637348618,-3.380938361589743,1757
age_75+,dep_hour_share_leisure_12,0.042651657285803626,0.0689004136,-2.6248756314196378,1757
age_75+,dep_hour_share_leisure_13,0.05636022514071295,0.07426174988,-1.7901524739287058,1757
age_75+,dep_hour_share_leisure_14,0.08968105065666042,0.09584862902,-0.6167578363339588,1757
age_75+,dep_hour_share_leisure_15,0.08102564102564103,0.1154246229,-3.439898187435897,1757
age_75+,dep_hour_share_leisure_16,0.0740462789243277,0.05235435328,2.1691925644327705,1757
age_75+,dep_hour_share_leisure_17,0.06368980612883052,0.08548245401,-2.1792647881169485,1757
age_75+,dep_hour_share_leisure_18,0.06133833646028768,0.07529126466,-1.3952928199712313,1757
age_75+,dep_hour_share_leisure_19,0.03717323327079425,0.02724206847,0.993116480079425,1757
age_75+,dep_hour_share_leisure_20,0.01190744215134459,0.007190845342,0.47165968093445904,1757
age_75+,dep_hour_share_leisure_21,0.0032020012507817386,0.002202242151,0.09997590997817386,1757
age_75+,dep_hour_share_leisure_22,0.0053033145716072545,0.003726288702,0.15770258696072545,1757
age_75+,dep_hour_share_leisure_23,0.00027517198248905566,0.002647351203,-0.23721792205109443,1757
age_75+,dep_hour_share_leisure_4,0.000975609756097561,0.002482956162,-0.15073464059024388,1757
age_75+,dep_hour_share_leisure_5,0.005628517823639775,0.0,0.5628517823639775,1757
age_75+,dep_hour_share_leisure_6,0.014634146341463415,0.003994981942,1.0639164399463417,1757
age_75+,dep_hour_share_leisure_7,0.04165103189493433,0.02685075774,1.4800274154934332,1757
age_75+,dep_hour_share_leisure_8,0.10143839899937461,0.08000139048,2.1437008519374605,1757
age_75+,dep_hour_share_leisure_9,0.1273545966228893,0.07098797462,5.636662200288931,1757
age_75+,dep_hour_share_other_10,0.12031525702858487,0.2016516118,-8.133635477141512,1757
age_75+,dep_hour_share_other_11,0.09144806493353723,0.1370475612,-4.559949626646278,1757
age_75+,dep_hour_share_other_12,0.06015762851429243,0.0384005106,2.175711791429243,1757
age_75+,dep_hour_share_other_13,0.07834372426773321,0.03175840438,4.658531988773321,1757
age_75+,dep_hour_share_other_14,0.06507469709445947,0.08103297054,-1.595827344554053,1757
age_75+,dep_hour_share_other_15,0.06283966592165628,0.07709632233,-1.4256656408343713,1757
age_75+,dep_hour_share_other_16,0.06156922714974709,0.04479360352,1.6775623629747085,1757
age_75+,dep_hour_share_other_17,0.020515233501940948,0.03314536162,-1.2630128118059054,1757
age_75+,dep_hour_share_other_18,0.04215974591224562,0.007321502186,3.4838243726245617,1757
age_75+,dep_hour_share_other_19,0.010234090107046229,0.004783734651,0.5450355456046229,1757
age_75+,dep_hour_share_other_20,0.003740736383954829,0.001527661785,0.2213074598954829,1757
age_75+,dep_hour_share_other_21,0.001246912127984943,0.0004788788905,0.0768033237484943,1757
age_75+,dep_hour_share_other_22,0.0008704858251970356,0.0,0.08704858251970357,1757
age_75+,dep_hour_share_other_23,0.0006116927420303493,0.0,0.06116927420303493,1757
age_75+,dep_hour_share_other_4,0.0002823197270909305,0.0,0.02823197270909305,1757
age_75+,dep_hour_share_other_5,0.0007763792495000589,0.00121498969,-0.04386104404999411,1757
age_75+,dep_hour_share_other_6,0.03296082813786613,0.002476732209,3.048409592886613,1757
age_75+,dep_hour_share_other_7,0.11565698153158452,0.04703117968,6.862580185158452,1757
age_75+,dep_hour_share_other_8,0.10194094812375015,0.1042349238,-0.22939756762498514,1757
age_75+,dep_hour_share_other_9,0.12770262322079756,0.175755808,-4.805318477920245,1757
age_75+,dep_hour_share_shop_10,0.20456149264685128,0.2087992818,-0.4237789153148708,1757
age_75+,dep_hour_share_shop_11,0.08332627656871877,0.1533425538,-7.001627723128124,1757
age_75+,dep_hour_share_shop_12,0.08753210827899624,0.07528007254,1.2252035738996234,1757
age_75+,dep_hour_share_shop_13,0.09148389646314957,0.05509187559,3.639202087314957,1757
age_75+,dep_hour_share_shop_14,0.0636237897648686,0.06113938107,0.24844086948686006,1757
age_75+,dep_hour_share_shop_15,0.03375956191605273,0.06822457185,-3.4465009933947273,1757
age_75+,dep_hour_share_shop_16,0.03785248539249725,0.06710347312,-2.925098772750276,1757
age_75+,dep_hour_share_shop_17,0.02117029384367855,0.03537323174,-1.4202937896321446,1757
age_75+,dep_hour_share_shop_18,0.010839190447963418,0.0108462037,-0.0007013252036581,1757
age_75+,dep_hour_share_shop_19,0.0031332034888644253,0.001063710266,0.20694932228644253,1757
age_75+,dep_hour_share_shop_20,0.0031614305473226635,0.0,0.31614305473226634,1757
age_75+,dep_hour_share_shop_21,0.0007339035199141898,0.0008895349251,-0.015563140518581018,1757
age_75+,dep_hour_share_shop_22,0.00019758940920766647,0.0,0.019758940920766646,1757
age_75+,dep_hour_share_shop_23,0.0002540435261241426,0.0,0.02540435261241426,1757
age_75+,dep_hour_share_shop_4,0.0,0.0,0.0,1757
age_75+,dep_hour_share_shop_5,0.0017783046828689982,0.0,0.17783046828689983,1757
age_75+,dep_hour_share_shop_6,0.0064075422700200415,0.003147675821,0.32598664490200413,1757
age_75+,dep_hour_share_shop_7,0.03604595365117001,0.02041468547,1.5631268181170013,1757
age_75+,dep_hour_share_shop_8,0.13498179354729445,0.0646015702,7.038022334729445,1757
age_75+,dep_hour_share_shop_9,0.17763287887769216,0.1746821781,0.2950700777692161,1757
age_75+,dep_hour_share_work_10,0.023880597014925373,0.07434471358,-5.046411656507463,1757
age_75+,dep_hour_share_work_11,0.022388059701492536,0.01929711201,0.3090947691492537,1757
age_75+,dep_hour_share_work_12,0.035522388059701496,0.09843333039,-6.291094233029851,1757
age_75+,dep_hour_share_work_13,0.04835820895522388,0.02364396595,2.4714243005223877,1757
age_75+,dep_hour_share_work_14,0.054029850746268655,0.01643313137,3.7596719376268655,1757
age_75+,dep_hour_share_work_15,0.028955223880597014,0.03231314461,-0.3357920729402983,1757
age_75+,dep_hour_share_work_16,0.0191044776119403,0.0,1.9104477611940298,1757
age_75+,dep_hour_share_work_17,0.02208955223880597,0.0,2.208955223880597,1757
age_75+,dep_hour_share_work_18,0.00955223880597015,0.03378738214,-2.423514333402985,1757
age_75+,dep_hour_share_work_19,0.001791044776119403,0.0,0.1791044776119403,1757
age_75+,dep_hour_share_work_20,0.00029850746268656717,0.0,0.029850746268656716,1757
age_75+,dep_hour_share_work_21,0.0014925373134328358,0.0,0.1492537313432836,1757
age_75+,dep_hour_share_work_22,0.00029850746268656717,0.0,0.029850746268656716,1757
age_75+,dep_hour_share_work_23,0.0,0.0,0.0,1757
age_75+,dep_hour_share_work_4,0.04805970149253731,0.0,4.8059701492537314,1757
age_75+,dep_hour_share_work_5,0.10686567164179105,0.002988362444,10.387730919779106,1757
age_75+,dep_hour_share_work_6,0.16,0.1164616422,4.35383578,1757
age_75+,dep_hour_share_work_7,0.2262686567164179,0.01476200325,21.15066534664179,1757
age_75+,dep_hour_share_work_8,0.12208955223880597,0.4807737085,-35.86841562611941,1757
age_75+,dep_hour_share_work_9,0.05582089552238806,0.04028559832,1.553529720238806,1757
age_75+,mean_work_activity_h,5.032935323383085,4.157264988,0.8756703353830853,1757
age_75+,mobility_rate,0.6960899129376946,0.7161184435,-2.0028530562305358,1757
age_75+,n_persons_unweighted,110151.0,1757.0,108394.0,1757
age_75+,n_persons_weighted,110151.0,74247.32901,35903.67099,1757
age_75+,n_work_activities_measured,3350.0,21.0,3329.0,1757
age_75+,nonhome_acts_per_mobile,1.6903553961525921,2.178282042,-0.4879266458474081,1757
age_75+,participation_education,0.017430617969877712,0.005425378628,1.2005239341877711,1757
age_75+,participation_escort,0.03472505923686576,0.04312282707,-0.8397767833134242,1757
age_75+,participation_home,0.6960899129376946,0.7090660818,-1.2976168862305348,1757
age_75+,participation_leisure,0.29377854036731393,0.3928226251,-9.904408473268605,1757
age_75+,participation_other,0.31021052918266745,0.3145649768,-0.43544476173325575,1757
age_75+,participation_shop,0.28677905783878493,0.3890343395,-10.225528166121507,1757
age_75+,participation_work,0.024103276411471527,0.01256186084,1.1541415571471527,1757
age_75+,purpose_share_education,0.01147500658119031,0.002305597265,0.916940931619031,1757
age_75+,purpose_share_escort,0.024564023114003478,0.02217510901,0.23889141040034784,1757
age_75+,purpose_share_home,0.44067218767397,0.4299173366,1.0754851073970007,1757
age_75+,purpose_share_leisure,0.17251349683455536,0.1993583812,-2.6844884365444632,1757
age_75+,purpose_share_other,0.18343179944847468,0.1410283854,4.240341404847467,1757
age_75+,purpose_share_shop,0.1528864453372806,0.1997667241,-4.6880278762719385,1757
age_75+,purpose_share_work,0.01445704101052559,0.005448466475,0.900857453552559,1757
age_75+,share_mobile_first_from_home,1.0,0.9846670343,1.5332965699999979,1757
age_75+,share_mobile_last_to_home,1.0,0.979422835,2.0577164999999953,1757
age_75+,share_mobile_odd_trip_count,0.2810955330942289,0.2527318391,2.836369399422889,1757
age_75+,share_trips_0,0.3039100870623054,0.2838815565,2.0028530562305358,1757
age_75+,share_trips_1,0.0008261386641973291,0.007999159324,-0.717302065980267,1757
age_75+,share_trips_2,0.3564742943777179,0.2597294843,9.67448100777179,1757
age_75+,share_trips_3,0.14953109821971658,0.07853855337,7.099254484971658,1757
age_75+,share_trips_4,0.09861008978583943,0.1787453697,-8.013527991416055,1757
age_75+,share_trips_5,0.0333178999736725,0.05599159257,-2.2673692596327495,1757
age_75+,share_trips_6,0.036840337355085295,0.06113342987,-2.4293092514914703,1757
age_75+,share_trips_7,0.009559604542854809,0.02487302184,-1.5313417297145189,1757
age_75+,share_trips_8plus,0.010930450018610816,0.04910783257,-3.8177382551389187,1757
age_75+,share_trips_followed_by_same_purpose,0.08891295998204737,0.0518164098,3.7096550182047374,1757
age_75+,share_trips_home_based,0.8465827439032284,0.8612071433,-1.4624399396771626,1757
age_75+,share_trips_unknown_purpose,0.0,0.0,0.0,1757
age_75+,share_work_activities_lt_2h,0.2364179104477612,0.3424019536,-10.598404315223878,1757
age_75+,tours_per_mobile,1.331763938702315,1.642711266,-0.31094732729768504,1757
age_75+,trips_per_mobile_person,3.022119334854907,3.820993308,-0.7988739731450929,1757
age_75+,trips_per_person,2.103666784686476,2.736283781,-0.6326169963135242,1757
age_75+,trips_per_person_education,0.02413959019890877,0.0063087684,0.01783082179890877,1757
age_75+,trips_per_person_escort,0.05167451952319997,0.06067739112,-0.009002871596800029,1757
age_75+,trips_per_person_home,0.9270274441448557,1.176375835,-0.24934839085514426,1757
age_75+,trips_per_person_leisure,0.3629109132009696,0.545501105,-0.18259019179903047,1757
age_75+,trips_per_person_other,0.38587938375502717,0.3858936835,-1.4299744972801065e-05,1757
age_75+,trips_per_person_shop,0.3216221368848217,0.5466184471,-0.22499631021517824,1757
age_75+,trips_per_person_work,0.030412796978692886,0.01490855045,0.015504246528692886,1757
all,dep_hour_share_all_10,0.04523086615076065,0.05208275243,-0.6851886279239349,18223
all,dep_hour_share_all_11,0.048787288607363206,0.05638717976,-0.7599891152636796,18223
all,dep_hour_share_all_12,0.06029891799153012,0.06122048412,-0.09215661284698792,18223
all,dep_hour_share_all_13,0.06597916114945607,0.07229829733,-0.631913618054393,18223
all,dep_hour_share_all_14,0.07318125865041618,0.07193688752,0.1244371130416172,18223
all,dep_hour_share_all_15,0.08800240004768825,0.09129177653,-0.3289376482311743,18223
all,dep_hour_share_all_16,0.08922359695094918,0.09313951947,-0.39159225190508185,18223
all,dep_hour_share_all_17,0.07828396590290557,0.08325053706,-0.49665711570944376,18223
all,dep_hour_share_all_18,0.06366738883085299,0.06232227312,0.13451157108529885,18223
all,dep_hour_share_all_19,0.040635986578234945,0.03832407875,0.23119078282349478,18223
all,dep_hour_share_all_20,0.02895660141781319,0.02323517727,0.5721424147813188,18223
all,dep_hour_share_all_21,0.01911275761505359,0.01689596206,0.22167955550535906,18223
all,dep_hour_share_all_22,0.014479115057335016,0.01114277512,0.33363399373350155,18223
all,dep_hour_share_all_23,0.0073219695896237676,0.003609894486,0.37120751036237676,18223
all,dep_hour_share_all_4,0.004317023888748278,0.002569121759,0.17479021297482777,18223
all,dep_hour_share_all_5,0.016009764363396146,0.01238511537,0.3624648993396146,18223
all,dep_hour_share_all_6,0.04808304008646426,0.03307486761,1.5008172476464257,18223
all,dep_hour_share_all_7,0.09037313119250903,0.102717226,-1.2344094807490964,18223
all,dep_hour_share_all_8,0.05792623241048112,0.06368874809,-0.5762515679518875,18223
all,dep_hour_share_all_9,0.04873517030794423,0.04633409046,0.2401079847944229,18223
all,dep_hour_share_education_10,0.01881804406107938,0.01127198533,0.754605873107938,18223
all,dep_hour_share_education_11,0.028763259121109688,0.01820934422,1.0553914901109689,18223
all,dep_hour_share_education_12,0.026222170416132416,0.02153748165,0.4684688766132417,18223
all,dep_hour_share_education_13,0.03150949994171815,0.02866261207,0.28468878717181517,18223
all,dep_hour_share_education_14,0.02448303998134981,0.01802018268,0.6462857301349809,18223
all,dep_hour_share_education_15,0.03408322648327311,0.01783646586,1.6246760623273109,18223
all,dep_hour_share_education_16,0.0185289660799627,0.01602070108,0.25082649999626994,18223
all,dep_hour_share_education_17,0.008448537125539108,0.01398119051,-0.5532653384460893,18223
all,dep_hour_share_education_18,0.0057162839491782256,0.005305116992,0.041116695717822574,18223
all,dep_hour_share_education_19,0.005278004429420678,0.001884147068,0.3393857361420678,18223
all,dep_hour_share_education_20,0.0005035551929129269,0.0004658888282,0.003766636471292691,18223
all,dep_hour_share_education_21,0.0003077281734467887,0.0004652239367,-0.015749576325321136,18223
all,dep_hour_share_education_22,0.00013521389439328594,0.0,0.013521389439328594,18223
all,dep_hour_share_education_23,8.858841356801492e-05,0.0,0.008858841356801492,18223
all,dep_hour_share_education_4,0.0005455181256556708,0.0,0.054551812565567084,18223
all,dep_hour_share_education_5,0.003496911061895326,0.001188721285,0.23081897768953258,18223
all,dep_hour_share_education_6,0.17110618953257956,0.06624452555,10.486166398257955,18223
all,dep_hour_share_education_7,0.46391887166336404,0.617002642,-15.308377033663595,18223
all,dep_hour_share_education_8,0.12021447721179625,0.1259639598,-0.5749482588203749,18223
all,dep_hour_share_education_9,0.03645180090919688,0.03593981114,0.05119897691968772,18223
all,dep_hour_share_escort_10,0.016936990604099537,0.01565574758,0.12812430240995362,18223
all,dep_hour_share_escort_11,0.03299396171238255,0.03004725867,0.2946703042382551,18223
all,dep_hour_share_escort_12,0.06023394979827246,0.0528680563,0.7365893498272457,18223
all,dep_hour_share_escort_13,0.07078064498659663,0.08932804703,-1.854740204340337,18223
all,dep_hour_share_escort_14,0.13566515935122256,0.115349183,2.0315976351222567,18223
all,dep_hour_share_escort_15,0.12229563239554846,0.1244621437,-0.21665113044515433,18223
all,dep_hour_share_escort_16,0.07928298719233165,0.05920440843,2.0078578762331647,18223
all,dep_hour_share_escort_17,0.05625355392488695,0.05249078204,0.3762771884886946,18223
all,dep_hour_share_escort_18,0.0425387885516233,0.03538729115,0.7151497401623297,18223
all,dep_hour_share_escort_19,0.01888657225636999,0.01797240353,0.09141687263699884,18223
all,dep_hour_share_escort_20,0.00810294874224906,0.005678119723,0.24248290192490596,18223
all,dep_hour_share_escort_21,0.006640762503046222,0.004239624988,0.2401137515046221,18223
all,dep_hour_share_escort_22,0.0026332891067125178,0.01415427905,-1.152098994328748,18223
all,dep_hour_share_escort_23,0.0017938858953182963,0.0,0.17938858953182962,18223
all,dep_hour_share_escort_4,0.001279412959302483,0.0006932826375,0.05861303218024831,18223
all,dep_hour_share_escort_5,0.002247434404700658,0.001337280905,0.0910153499700658,18223
all,dep_hour_share_escort_6,0.044244672497359944,0.01618361979,2.8061052707359946,18223
all,dep_hour_share_escort_7,0.17896888792613252,0.2309359067,-5.196701877386747,18223
all,dep_hour_share_escort_8,0.08566651322736996,0.1134596022,-2.779308897263004,18223
all,dep_hour_share_escort_9,0.02782892421001327,0.0168111617,1.101776251001327,18223
all,dep_hour_share_home_10,0.03265060891320317,0.04046123877,-0.7810629856796827,18223
all,dep_hour_share_home_11,0.04847523314878573,0.0585540642,-1.0078831051214265,18223
all,dep_hour_share_home_12,0.07418985637518473,0.06647582231,0.7714034065184727,18223
all,dep_hour_share_home_13,0.08171883519875832,0.09330815006,-1.158931486124168,18223
all,dep_hour_share_home_14,0.08431298459391313,0.08069255332,0.36204312739131356,18223
all,dep_hour_share_home_15,0.10547767631180174,0.1093322941,-0.38546177881982613,18223
all,dep_hour_share_home_16,0.10945339019183094,0.116839246,-0.7385855808169056,18223
all,dep_hour_share_home_17,0.10314403709414588,0.1064625149,-0.331847780585412,18223
all,dep_hour_share_home_18,0.08909917458171689,0.08747836701,0.1620807571716884,18223
all,dep_hour_share_home_19,0.059900129942163614,0.05159458958,0.8305540362163611,18223
all,dep_hour_share_home_20,0.05234455248184838,0.04105673517,1.1287817311848385,18223
all,dep_hour_share_home_21,0.036246118750396045,0.0308444887,0.5401630050396046,18223
all,dep_hour_share_home_22,0.02895026915473444,0.02079915672,0.8151112434734441,18223
all,dep_hour_share_home_23,0.01534663108707846,0.00713848223,0.820814885707846,18223
all,dep_hour_share_home_4,5.5544212019298096e-05,0.0007880555536,-0.07325113415807019,18223
all,dep_hour_share_home_5,0.0007158162534881374,0.002243374312,-0.15275580585118625,18223
all,dep_hour_share_home_6,0.0020347957107351316,0.005951955834,-0.39171601232648684,18223
all,dep_hour_share_home_7,0.010001869727700369,0.01771765154,-0.7715781812299631,18223
all,dep_hour_share_home_8,0.0191971749118529,0.03211590665,-1.2918731738147098,18223
all,dep_hour_share_home_9,0.028120235225826337,0.02755384938,0.056638584582633864,18223
all,dep_hour_share_leisure_10,0.04665071508953642,0.05123809208,-0.45873769904635764,18223
all,dep_hour_share_leisure_11,0.037210877664514294,0.04645842328,-0.9247545615485707,18223
all,dep_hour_share_leisure_12,0.044751821866771554,0.06364873778,-1.8896915913228451,18223
all,dep_hour_share_leisure_13,0.05509412523080621,0.05387841209,0.12157131408062072,18223
all,dep_hour_share_leisure_14,0.07889038207304948,0.07686726499,0.2023117083049475,18223
all,dep_hour_share_leisure_15,0.1053459634861844,0.1102737997,-0.4927836213815595,18223
all,dep_hour_share_leisure_16,0.13873720322964808,0.1294178436,0.9319359629648083,18223
all,dep_hour_share_leisure_17,0.12621630775618123,0.1191116262,0.7104681556181227,18223
all,dep_hour_share_leisure_18,0.10023927365695369,0.1016873967,-0.1448123043046312,18223
all,dep_hour_share_leisure_19,0.06373201350421187,0.07607784797,-1.234583446578813,18223
all,dep_hour_share_leisure_20,0.02817092224152436,0.0244133345,0.3757587741524359,18223
all,dep_hour_share_leisure_21,0.013810132529199035,0.01228588096,0.1524251569199034,18223
all,dep_hour_share_leisure_22,0.00985720060747102,0.006821451648,0.30357489594710196,18223
all,dep_hour_share_leisure_23,0.002399292012193123,0.001633402206,0.07658898061931232,18223
all,dep_hour_share_leisure_4,0.00035836419854250656,0.002422411664,-0.20640474654574936,18223
all,dep_hour_share_leisure_5,0.0037125656909982848,0.003823253606,-0.01106879150017154,18223
all,dep_hour_share_leisure_6,0.017015743988112796,0.01165320072,0.5362543268112797,18223
all,dep_hour_share_leisure_7,0.026695947643864654,0.02062581758,0.6070130063864653,18223
all,dep_hour_share_leisure_8,0.04263222874124575,0.04255933534,0.007289340124575633,18223
all,dep_hour_share_leisure_9,0.054495394801533974,0.04425437079,1.0241024011533977,18223
all,dep_hour_share_other_10,0.08448224483217885,0.1301118092,-4.562956436782116,18223
all,dep_hour_share_other_11,0.08318990944529925,0.09145098908,-0.8261079634700754,18223
all,dep_hour_share_other_12,0.07078348973125506,0.05132191486,1.9461574871255063,18223
all,dep_hour_share_other_13,0.07653970358387409,0.06001855461,1.6521148973874091,18223
all,dep_hour_share_other_14,0.08508432108300747,0.09755224515,-1.2467924066992528,18223
all,dep_hour_share_other_15,0.09036313103976744,0.1054314224,-1.5068291360232564,18223
all,dep_hour_share_other_16,0.08761425765214588,0.08905000017,-0.14357425178541244,18223
all,dep_hour_share_other_17,0.05910685941215464,0.05648435509,0.26225043221546407,18223
all,dep_hour_share_other_18,0.04302716641022678,0.01983289418,2.3194272230226782,18223
all,dep_hour_share_other_19,0.02858037717948562,0.007601686856,2.0978690323485623,18223
all,dep_hour_share_other_20,0.013875120871368538,0.003986890487,0.9888230384368538,18223
all,dep_hour_share_other_21,0.008812206943946093,0.004324751579,0.4487455364946093,18223
all,dep_hour_share_other_22,0.004910874470142492,0.002829444726,0.20814297441424917,18223
all,dep_hour_share_other_23,0.003454336469400539,0.002102075094,0.1352261375400539,18223
all,dep_hour_share_other_4,0.0014109261635579665,0.0,0.14109261635579665,18223
all,dep_hour_share_other_5,0.0025633852497400126,0.001597040282,0.09663449677400125,18223
all,dep_hour_share_other_6,0.01621044693518862,0.01265661625,0.35538306851886203,18223
all,dep_hour_share_other_7,0.06142698153024673,0.05086334049,1.0563641040246727,18223
all,dep_hour_share_other_8,0.08212259245519397,0.096064651,-1.3942058544806026,18223
all,dep_hour_share_other_9,0.08943264956121412,0.1148234528,-2.539080323878588,18223
all,dep_hour_share_shop_10,0.11943281852966851,0.113573183,0.5859635529668519,18223
all,dep_hour_share_shop_11,0.08994378768224132,0.1045408637,-1.4597076017758683,18223
all,dep_hour_share_shop_12,0.07977417170456307,0.08070060705,-0.09264353454369323,18223
all,dep_hour_share_shop_13,0.06156839709229753,0.06772682363,-0.6158426537702475,18223
all,dep_hour_share_shop_14,0.0776366350931297,0.07479634652,0.2840288573129693,18223
all,dep_hour_share_shop_15,0.09864078778830229,0.09546457991,0.31762078783022923,18223
all,dep_hour_share_shop_16,0.08537908640706203,0.1031216009,-1.7742514492937969,18223
all,dep_hour_share_shop_17,0.0732065496732506,0.09223050614,-1.9023956466749397,18223
all,dep_hour_share_shop_18,0.04974259816759266,0.04335069655,0.6391901617592664,18223
all,dep_hour_share_shop_19,0.01724714655179447,0.02151343125,-0.426628469820553,18223
all,dep_hour_share_shop_20,0.004613652495288445,0.006442516701,-0.1828864205711555,18223
all,dep_hour_share_shop_21,0.0025046707622520823,0.005893960561,-0.33892897987479176,18223
all,dep_hour_share_shop_22,0.002157932953145524,0.0006416588402,0.15162741129455237,18223
all,dep_hour_share_shop_23,0.0004120061025854403,0.0005087035568,-0.009669745421455971,18223
all,dep_hour_share_shop_4,0.00011829878193047295,0.0,0.011829878193047295,18223
all,dep_hour_share_shop_5,0.0008199329368284504,0.0003825330999,0.04373998369284504,18223
all,dep_hour_share_shop_6,0.01000644524398104,0.007791666165,0.22147790789810395,18223
all,dep_hour_share_shop_7,0.03701936020755317,0.02966680839,0.735255181755317,18223
all,dep_hour_share_shop_8,0.07718791557546238,0.05374159274,2.3446322835462388,18223
all,dep_hour_share_shop_9,0.11040539768787071,0.09791192129,1.249347639787071,18223
all,dep_hour_share_work_10,0.0305952141564448,0.0303903156,0.020489855644480193,18223
all,dep_hour_share_work_11,0.02596772571888196,0.03001389447,-0.4046168751118039,18223
all,dep_hour_share_work_12,0.03127890609290167,0.05146979714,-2.0190891047098334,18223
all,dep_hour_share_work_13,0.0387165694751659,0.0513865555,-1.2669986024834101,18223
all,dep_hour_share_work_14,0.02131510154836115,0.02808671787,-0.6771616321638849,18223
all,dep_hour_share_work_15,0.019731550372008848,0.01634328475,0.33882656220088486,18223
all,dep_hour_share_work_16,0.01277146591594611,0.01024163755,0.25298283659461096,18223
all,dep_hour_share_work_17,0.008081138145988338,0.009852105267,-0.17709671210116626,18223
all,dep_hour_share_work_18,0.004614920571083853,0.004006507796,0.060841277508385305,18223
all,dep_hour_share_work_19,0.003687412024934647,0.001186497274,0.2500914750934647,18223
all,dep_hour_share_work_20,0.005263422481399558,0.005229557461,0.003386502039955802,18223
all,dep_hour_share_work_21,0.003679871305047255,0.005844712427,-0.21648411219527447,18223
all,dep_hour_share_work_22,0.0009325356927408003,0.0005113971661,0.042113852664080034,18223
all,dep_hour_share_work_23,0.0006082847375829479,0.001162207318,-0.05539225804170521,18223
all,dep_hour_share_work_4,0.030713352101347274,0.01450336362,1.6209988481347275,18223
all,dep_hour_share_work_5,0.11162527649306254,0.08463918182,2.698609467306254,18223
all,dep_hour_share_work_6,0.2166850995375025,0.1774689088,3.9216190737502514,18223
all,dep_hour_share_work_7,0.244382163683893,0.2873963517,-4.301418801610699,18223
all,dep_hour_share_work_8,0.12420571083852805,0.1391245841,-1.4918873261471954,18223
all,dep_hour_share_work_9,0.051088377237080235,0.04672684261,0.4361534627080235,18223
all,mean_work_activity_h,5.7983940817103825,6.290371181,-0.49197709928961775,18223
all,mobility_rate,0.8377727544220542,0.8437201354,-0.5947380977945782,18223
all,n_persons_unweighted,1002871.0,18223.0,984648.0,18223
all,n_persons_weighted,1002871.0,787251.0,215620.0,18223
all,n_work_activities_measured,397322.0,6787.0,390535.0,18223
all,nonhome_acts_per_mobile,2.1324981134949974,2.181590299,-0.049092185505002384,18223
all,participation_education,0.1696838377019577,0.1760996645,-0.6415826798042312,18223
all,participation_escort,0.09666248201413741,0.0991716453,-0.25091632858625923,18223
all,participation_home,0.8377727544220542,0.8345502806,0.3222473822054206,18223
all,participation_leisure,0.356352910793113,0.3831627093,-2.680979850688703,18223
all,participation_other,0.2395761767964175,0.1711559913,6.8420185496417485,18223
all,participation_shop,0.20580313918739299,0.279384675,-7.358153581260704,18223
all,participation_work,0.32010497860642095,0.3315582716,-1.1453292993579056,18223
all,purpose_share_education,0.06986295167428408,0.06103073209,0.8832219584284082,18223
all,purpose_share_escort,0.048119522896057546,0.0501628758,-0.2043352903942454,18223
all,purpose_share_home,0.41637993458501943,0.4226397423,-0.6259807714980581,18223
all,purpose_share_leisure,0.14906973721627695,0.164692032,-1.5622294783723039,18223
all,purpose_share_other,0.10712330114702605,0.06709773398,4.002556716702604,18223
all,purpose_share_shop,0.07985240097604546,0.1104526704,-3.060026942395454,18223
all,purpose_share_work,0.1295921515052905,0.1239242133,0.566793820529049,18223
all,share_mobile_first_from_home,1.0,0.9781395677,2.186043230000001,18223
all,share_mobile_last_to_home,1.0,0.9776106086,2.238939139999996,18223
all,share_mobile_odd_trip_count,0.28543832378376965,0.2325256214,5.291270238376966,18223
all,share_trips_0,0.1622272455779457,0.1562798646,0.5947380977945699,18223
all,share_trips_1,0.0007548328748164021,0.005847443426,-0.5092610551183598,18223
all,share_trips_2,0.32117789825411247,0.3142358594,0.6942038854112487,18223
all,share_trips_3,0.11684952501368571,0.08457489727,3.227462774368571,18223
all,share_trips_4,0.18603987950593845,0.2217298615,-3.5689981994061535,18223
all,share_trips_5,0.0844385768458755,0.06356429858,2.08742782658755,18223
all,share_trips_6,0.06465836583169719,0.07639621825,-1.1737852418302803,18223
all,share_trips_7,0.02784405970458813,0.02958426773,-0.17402080254118707,18223
all,share_trips_8plus,0.03600961639134046,0.04778728929,-1.177767289865954,18223
all,share_trips_followed_by_same_purpose,0.10221245438427279,0.0453464843,5.686597008427278,18223
all,share_trips_home_based,0.8094242263445626,0.8448585244,-3.5434298055437408,18223
all,share_trips_unknown_purpose,0.0,0.0006637068375,-0.06637068375,18223
all,share_work_activities_lt_2h,0.1928234530179552,0.1095768815,8.32465715179552,18223
all,tours_per_mobile,1.5214168902304035,1.595134658,-0.0737177677695966,18223
all,trips_per_mobile_person,3.653915003725401,3.776724957,-0.12280995327459898,18223
all,trips_per_person,3.0611504370951,3.186498892,-0.12534845490489976,18223
all,trips_per_person_education,0.21386100505448857,0.1943452862,0.01951571885448858,18223
all,trips_per_person_escort,0.14730109854607423,0.1597378586,-0.012436760053925772,18223
all,trips_per_person_home,1.2746016187525615,1.345847229,-0.07124561024743858,18223
all,trips_per_person_leisure,0.45632489123725783,0.5244426702,-0.06811777896274218,18223
all,trips_per_person_other,0.3279205401292888,0.2136649499,0.11425559022928877,18223
all,trips_per_person_shop,0.24444021215091472,0.3517237155,-0.10728350334908526,18223
all,trips_per_person_work,0.3967010712245144,0.394622281,0.002078790224514404,18223
group_adult_18_64_not_employed,dep_hour_share_all_10,0.0712837307102029,0.07749087943,-0.6207148719797106,2458
group_adult_18_64_not_employed,dep_hour_share_all_11,0.07923046247175261,0.09340376641,-1.4173303938247395,2458
group_adult_18_64_not_employed,dep_hour_share_all_12,0.07566796775869777,0.07388465493,0.17833128286977723,2458
group_adult_18_64_not_employed,dep_hour_share_all_13,0.06772848666481372,0.07969863507,-1.1970148405186274,2458
group_adult_18_64_not_employed,dep_hour_share_all_14,0.07417916399801815,0.07648248919,-0.2303325191981856,2458
group_adult_18_64_not_employed,dep_hour_share_all_15,0.08255610204106295,0.0808592829,0.16968191410629552,2458
group_adult_18_64_not_employed,dep_hour_share_all_16,0.07751930490265979,0.06897072023,0.8548584672659787,2458
group_adult_18_64_not_employed,dep_hour_share_all_17,0.0773646239924593,0.06398917418,1.3375449812459306,2458
group_adult_18_64_not_employed,dep_hour_share_all_18,0.05705308697175865,0.05683478658,0.021830039175865096,2458
group_adult_18_64_not_employed,dep_hour_share_all_19,0.03529141641792848,0.04282340685,-0.753199043207152,2458
group_adult_18_64_not_employed,dep_hour_share_all_20,0.026730794794020615,0.02757417458,-0.0843379785979384,2458
group_adult_18_64_not_employed,dep_hour_share_all_21,0.018808231924689733,0.0187906744,0.001755752468973401,2458
group_adult_18_64_not_employed,dep_hour_share_all_22,0.018361107418641467,0.01039494172,0.7966165698641466,2458
group_adult_18_64_not_employed,dep_hour_share_all_23,0.00894732389940907,0.006846699206,0.21006246934090694,2458
group_adult_18_64_not_employed,dep_hour_share_all_4,0.00123986417082573,0.0007159546023,0.05239095685257301,2458
group_adult_18_64_not_employed,dep_hour_share_all_5,0.0031516235453347996,0.001760554318,0.13910692273347997,2458
group_adult_18_64_not_employed,dep_hour_share_all_6,0.0216601612065111,0.01423013081,0.74300303965111,2458
group_adult_18_64_not_employed,dep_hour_share_all_7,0.057703230172445046,0.06504609551,-0.7342865337554954,2458
group_adult_18_64_not_employed,dep_hour_share_all_8,0.0658771495208517,0.07575824832,-0.9881098799148293,2458
group_adult_18_64_not_employed,dep_hour_share_all_9,0.06853814455414436,0.06261902963,0.5919114924144362,2458
group_adult_18_64_not_employed,dep_hour_share_education_10,0.037739042139109835,0.04171194676,-0.3972904620890165,2458
group_adult_18_64_not_employed,dep_hour_share_education_11,0.09082191008066791,0.06752154523,2.3300364850667914,2458
group_adult_18_64_not_employed,dep_hour_share_education_12,0.09522197777401703,0.04650903906,4.871293871401703,2458
group_adult_18_64_not_employed,dep_hour_share_education_13,0.06103683646415073,0.0918277138,-3.0790877335849274,2458
group_adult_18_64_not_employed,dep_hour_share_education_14,0.022113160715293057,0.05329711678,-3.118395606470694,2458
group_adult_18_64_not_employed,dep_hour_share_education_15,0.019856715744344784,0.03223307661,-1.2376360865655216,2458
group_adult_18_64_not_employed,dep_hour_share_education_16,0.003835956450612061,0.03316195321,-2.932599675938794,2458
group_adult_18_64_not_employed,dep_hour_share_education_17,0.005697523551644384,0.01451799987,-0.8820476318355616,2458
group_adult_18_64_not_employed,dep_hour_share_education_18,0.015625881423816778,0.006455578938,0.9170302485816777,2458
group_adult_18_64_not_employed,dep_hour_share_education_19,0.003046200710780166,0.0004042972006,0.2641903510180166,2458
group_adult_18_64_not_employed,dep_hour_share_education_20,0.00016923337282112033,0.002898626742,-0.27293933691788796,2458
group_adult_18_64_not_employed,dep_hour_share_education_21,5.6411124273706776e-05,0.0,0.005641112427370677,2458
group_adult_18_64_not_employed,dep_hour_share_education_22,5.6411124273706776e-05,0.0,0.005641112427370677,2458
group_adult_18_64_not_employed,dep_hour_share_education_23,0.0,0.0,0.0,2458
group_adult_18_64_not_employed,dep_hour_share_education_4,0.0002256444970948271,0.0,0.02256444970948271,2458
group_adult_18_64_not_employed,dep_hour_share_education_5,0.003948778699159474,0.004200471299,-0.025169259984052575,2458
group_adult_18_64_not_employed,dep_hour_share_education_6,0.15253568003610313,0.03496706921,11.756861082610312,2458
group_adult_18_64_not_employed,dep_hour_share_education_7,0.2814915101257968,0.3548291092,-7.333759907420317,2458
group_adult_18_64_not_employed,dep_hour_share_education_8,0.13059175269363119,0.105880584,2.4711168693631187,2458
group_adult_18_64_not_employed,dep_hour_share_education_9,0.07592937327240933,0.1095838721,-3.3654498827590666,2458
group_adult_18_64_not_employed,dep_hour_share_escort_10,0.03458707270343854,0.03256602831,0.20210443934385383,2458
group_adult_18_64_not_employed,dep_hour_share_escort_11,0.052939396995058986,0.02994127091,2.2998126085058983,2458
group_adult_18_64_not_employed,dep_hour_share_escort_12,0.10987865954085577,0.08237514183,2.750351771085577,2458
group_adult_18_64_not_employed,dep_hour_share_escort_13,0.07018251487344963,0.1218795239,-5.169700902655036,2458
group_adult_18_64_not_employed,dep_hour_share_escort_14,0.13690296124500018,0.1097958059,2.7107155345000176,2458
group_adult_18_64_not_employed,dep_hour_share_escort_15,0.12463446606836745,0.1052953933,1.9339072768367451,2458
group_adult_18_64_not_employed,dep_hour_share_escort_16,0.057914019696816914,0.05488630946,0.3027710236816916,2458
group_adult_18_64_not_employed,dep_hour_share_escort_17,0.030015797788309637,0.02622364605,0.3792151738309636,2458
group_adult_18_64_not_employed,dep_hour_share_escort_18,0.01919263218043091,0.02439506307,-0.520243088956909,2458
group_adult_18_64_not_employed,dep_hour_share_escort_19,0.012134045914423044,0.009488462721,0.26455831934230434,2458
group_adult_18_64_not_employed,dep_hour_share_escort_20,0.001579778830963665,0.002935632825,-0.13558539940363348,2458
group_adult_18_64_not_employed,dep_hour_share_escort_21,0.012369332123289974,0.004073584622,0.8295747501289974,2458
group_adult_18_64_not_employed,dep_hour_share_escort_22,0.0015461665154112467,0.001313187094,0.023297942141124673,2458
group_adult_18_64_not_employed,dep_hour_share_escort_23,0.000739470942153205,0.0,0.07394709421532049,2458
group_adult_18_64_not_employed,dep_hour_share_escort_4,0.00010083694665725522,0.002527254833,-0.2426417886342745,2458
group_adult_18_64_not_employed,dep_hour_share_escort_5,0.0003025108399717657,0.002910451063,-0.26079402230282345,2458
group_adult_18_64_not_employed,dep_hour_share_escort_6,0.026116769184229102,0.01011858595,1.59981832342291,2458
group_adult_18_64_not_employed,dep_hour_share_escort_7,0.1734731605660314,0.1922049728,-1.8731812233968608,2458
group_adult_18_64_not_employed,dep_hour_share_escort_8,0.09438338207119089,0.1554195084,-6.10361263288091,2458
group_adult_18_64_not_employed,dep_hour_share_escort_9,0.03438539881012403,0.03165017702,0.2735221790124025,2458
group_adult_18_64_not_employed,dep_hour_share_home_10,0.0466004537916749,0.05875885036,-1.2158396568325105,2458
group_adult_18_64_not_employed,dep_hour_share_home_11,0.07889868711722553,0.09886921688,-1.997052976277447,2458
group_adult_18_64_not_employed,dep_hour_share_home_12,0.07346276573453786,0.08167531352,-0.8212547785462141,2458
group_adult_18_64_not_employed,dep_hour_share_home_13,0.08120356567706556,0.08815433055,-0.6950764872934445,2458
group_adult_18_64_not_employed,dep_hour_share_home_14,0.0804791752725444,0.07535693733,0.5122237942544405,2458
group_adult_18_64_not_employed,dep_hour_share_home_15,0.07028981602878404,0.08284455605,-1.2554740021215969,2458
group_adult_18_64_not_employed,dep_hour_share_home_16,0.09240467680813233,0.07904487975,1.3359797058132326,2458
group_adult_18_64_not_employed,dep_hour_share_home_17,0.09466166178750815,0.07609807943,1.8563582357508144,2458
group_adult_18_64_not_employed,dep_hour_share_home_18,0.07316941755419458,0.06535722585,0.7812191704194573,2458
group_adult_18_64_not_employed,dep_hour_share_home_19,0.05113837054065866,0.05981198901,-0.8673618469341338,2458
group_adult_18_64_not_employed,dep_hour_share_home_20,0.05141375862832786,0.04948082623,0.1932932398327862,2458
group_adult_18_64_not_employed,dep_hour_share_home_21,0.03419601645144489,0.03149289842,0.27031180314448927,2458
group_adult_18_64_not_employed,dep_hour_share_home_22,0.036985817513485036,0.02045744262,1.6528374893485038,2458
group_adult_18_64_not_employed,dep_hour_share_home_23,0.021079162101809778,0.01406666096,0.7012501141809778,2458
group_adult_18_64_not_employed,dep_hour_share_home_4,3.5920185348156394e-05,0.0007207696237,-0.06848494383518436,2458
group_adult_18_64_not_employed,dep_hour_share_home_5,0.0006465633362668151,0.001083878816,-0.04373154797331848,2458
group_adult_18_64_not_employed,dep_hour_share_home_6,0.001819956057639924,0.00448118994,-0.26612338823600756,2458
group_adult_18_64_not_employed,dep_hour_share_home_7,0.011949448325820029,0.01903584544,-0.7086397114179972,2458
group_adult_18_64_not_employed,dep_hour_share_home_8,0.034489364631788165,0.05152469849,-1.7035333858211834,2458
group_adult_18_64_not_employed,dep_hour_share_home_9,0.04258936642779743,0.03840941474,0.41799516877974313,2458
group_adult_18_64_not_employed,dep_hour_share_leisure_10,0.05109345334364672,0.07220772593,-2.1114272586353273,2458
group_adult_18_64_not_employed,dep_hour_share_leisure_11,0.05107938963504676,0.06435222932,-1.3272839684953235,2458
group_adult_18_64_not_employed,dep_hour_share_leisure_12,0.055748540890232755,0.0665997938,-1.0851252909767246,2458
group_adult_18_64_not_employed,dep_hour_share_leisure_13,0.04525701427466423,0.06675049416,-2.149347988533578,2458
group_adult_18_64_not_employed,dep_hour_share_leisure_14,0.05354053864003938,0.07659940437,-2.305886572996062,2458
group_adult_18_64_not_employed,dep_hour_share_leisure_15,0.09183601715772449,0.08561827262,0.6217744537724488,2458
group_adult_18_64_not_employed,dep_hour_share_leisure_16,0.09819281344490542,0.08074362692,1.7449186524905416,2458
group_adult_18_64_not_employed,dep_hour_share_leisure_17,0.12152450601223543,0.08675544929,3.476905672223543,2458
group_adult_18_64_not_employed,dep_hour_share_leisure_18,0.09255326629632234,0.09965420959,-0.7100943293677664,2458
group_adult_18_64_not_employed,dep_hour_share_leisure_19,0.050305885662049084,0.07285013599,-2.254425032795091,2458
group_adult_18_64_not_employed,dep_hour_share_leisure_20,0.026158497995921525,0.02791550979,-0.17570117940784757,2458
group_adult_18_64_not_employed,dep_hour_share_leisure_21,0.019661064622741017,0.02432616829,-0.4665103667258981,2458
group_adult_18_64_not_employed,dep_hour_share_leisure_22,0.015526334294353421,0.008317417922,0.7208916372353422,2458
group_adult_18_64_not_employed,dep_hour_share_leisure_23,0.001096969270796709,0.004043764719,-0.2946795448203291,2458
group_adult_18_64_not_employed,dep_hour_share_leisure_4,0.00028127417199915616,0.001102190702,-0.08209165300008439,2458
group_adult_18_64_not_employed,dep_hour_share_leisure_5,0.0026017860909921947,0.0006184108952,0.1983375195792195,2458
group_adult_18_64_not_employed,dep_hour_share_leisure_6,0.03745165600168764,0.01134456071,2.6107095291687643,2458
group_adult_18_64_not_employed,dep_hour_share_leisure_7,0.05034807678784896,0.0275172567,2.2830820087848958,2458
group_adult_18_64_not_employed,dep_hour_share_leisure_8,0.055411011883833766,0.05853822623,-0.31272143461662305,2458
group_adult_18_64_not_employed,dep_hour_share_leisure_9,0.0748329934603755,0.06183067497,1.3002318490375502,2458
group_adult_18_64_not_employed,dep_hour_share_other_10,0.11622296597067668,0.169113814,-5.289084802932333,2458
group_adult_18_64_not_employed,dep_hour_share_other_11,0.10229184009785766,0.1143691352,-1.2077295102142338,2458
group_adult_18_64_not_employed,dep_hour_share_other_12,0.07276464891863883,0.04959472062,2.3169928298638833,2458
group_adult_18_64_not_employed,dep_hour_share_other_13,0.06180662917721411,0.07178657393,-0.9979944752785886,2458
group_adult_18_64_not_employed,dep_hour_share_other_14,0.0628429690287287,0.08288238907,-2.003942004127131,2458
group_adult_18_64_not_employed,dep_hour_share_other_15,0.07351217274596082,0.07550415151,-0.19919787640391845,2458
group_adult_18_64_not_employed,dep_hour_share_other_16,0.07116766619663274,0.05876633606,1.2401330136632742,2458
group_adult_18_64_not_employed,dep_hour_share_other_17,0.0459217478466217,0.0424966405,0.34251073466217,2458
group_adult_18_64_not_employed,dep_hour_share_other_18,0.0250080698594995,0.02198077364,0.30272962194995007,2458
group_adult_18_64_not_employed,dep_hour_share_other_19,0.026859890249910808,0.002931821981,2.3928068268910807,2458
group_adult_18_64_not_employed,dep_hour_share_other_20,0.0060311581522570126,0.004999646813,0.10315113392570129,2458
group_adult_18_64_not_employed,dep_hour_share_other_21,0.004162348583952023,0.004451078693,-0.02887301090479773,2458
group_adult_18_64_not_employed,dep_hour_share_other_22,0.004128370228164659,0.0007994386029,0.33289316252646595,2458
group_adult_18_64_not_employed,dep_hour_share_other_23,0.0010873073851956304,0.0,0.10873073851956304,2458
group_adult_18_64_not_employed,dep_hour_share_other_4,0.005402558570190789,0.0,0.5402558570190789,2458
group_adult_18_64_not_employed,dep_hour_share_other_5,0.006778681979579008,0.003845782731,0.29328992485790084,2458
group_adult_18_64_not_employed,dep_hour_share_other_6,0.016326599955828136,0.009534652237,0.6791947718828135,2458
group_adult_18_64_not_employed,dep_hour_share_other_7,0.06778681979579008,0.04545373943,2.2333080365790083,2458
group_adult_18_64_not_employed,dep_hour_share_other_8,0.1283022714530844,0.1339107564,-0.5608484946915598,2458
group_adult_18_64_not_employed,dep_hour_share_other_9,0.10015120368325377,0.1075785486,-0.7427344916746237,2458
group_adult_18_64_not_employed,dep_hour_share_shop_10,0.1496920497368727,0.1202345015,2.9457548236872704,2458
group_adult_18_64_not_employed,dep_hour_share_shop_11,0.10930159204475655,0.1652190213,-5.591742925524344,2458
group_adult_18_64_not_employed,dep_hour_share_shop_12,0.09240168003054601,0.0863704511,0.6031228930546015,2458
group_adult_18_64_not_employed,dep_hour_share_shop_13,0.06417982303235553,0.05878271788,0.539710515235553,2458
group_adult_18_64_not_employed,dep_hour_share_shop_14,0.08273984428175374,0.07826749836,0.44723459217537315,2458
group_adult_18_64_not_employed,dep_hour_share_shop_15,0.11418231319620831,0.1005618988,1.3620414396208314,2458
group_adult_18_64_not_employed,dep_hour_share_shop_16,0.05773859919982735,0.0588666186,-0.1128019400172646,2458
group_adult_18_64_not_employed,dep_hour_share_shop_17,0.059996347759682586,0.0587486294,0.12477183596825842,2458
group_adult_18_64_not_employed,dep_hour_share_shop_18,0.03984262164450421,0.04221981042,-0.2377188775495788,2458
group_adult_18_64_not_employed,dep_hour_share_shop_19,0.0069724587877882365,0.01853843427,-1.1565975482211766,2458
group_adult_18_64_not_employed,dep_hour_share_shop_20,0.003154207546856583,0.002672043441,0.04821641058565833,2458
group_adult_18_64_not_employed,dep_hour_share_shop_21,0.0007636502481863307,0.00163816871,-0.08745184618136692,2458
group_adult_18_64_not_employed,dep_hour_share_shop_22,0.00033202184703753505,0.0,0.0332021847037535,2458
group_adult_18_64_not_employed,dep_hour_share_shop_23,0.00019921310822252104,0.001342087657,-0.11428745487774791,2458
group_adult_18_64_not_employed,dep_hour_share_shop_4,3.3202184703753504e-05,0.0,0.0033202184703753504,2458
group_adult_18_64_not_employed,dep_hour_share_shop_5,0.0006308415093713167,0.0,0.06308415093713167,2458
group_adult_18_64_not_employed,dep_hour_share_shop_6,0.006756644587213838,0.005357562722,0.13990818652138381,2458
group_adult_18_64_not_employed,dep_hour_share_shop_7,0.035343725617145605,0.02150480753,1.3838918087145606,2458
group_adult_18_64_not_employed,dep_hour_share_shop_8,0.057091156598104154,0.07514757999,-1.805642339189585,2458
group_adult_18_64_not_employed,dep_hour_share_shop_9,0.11652306721782293,0.1045281684,1.1994898817822939,2458
group_adult_18_64_not_employed,dep_hour_share_work_10,0.057651875622441076,0.1156049399,-5.795306427755892,2458
group_adult_18_64_not_employed,dep_hour_share_work_11,0.020028770609715613,0.04138451413,-2.135574352028439,2458
group_adult_18_64_not_employed,dep_hour_share_work_12,0.029545203054110878,0.06788198585,-3.8336782795889133,2458
group_adult_18_64_not_employed,dep_hour_share_work_13,0.0627420604182804,0.05454518513,0.8196875288280399,2458
group_adult_18_64_not_employed,dep_hour_share_work_14,0.032532920216886134,0.05586649894,-2.333357872311387,2458
group_adult_18_64_not_employed,dep_hour_share_work_15,0.06882815093504481,0.01400574415,5.482240678504481,2458
group_adult_18_64_not_employed,dep_hour_share_work_16,0.022020582051565787,0.04361929056,-2.1598708508434217,2458
group_adult_18_64_not_employed,dep_hour_share_work_17,0.027221423038619012,0.02839936065,-0.1177937611380988,2458
group_adult_18_64_not_employed,dep_hour_share_work_18,0.009184463870753569,0.008185955305,0.09985085657535694,2458
group_adult_18_64_not_employed,dep_hour_share_work_19,0.007413964811331194,0.0,0.7413964811331194,2458
group_adult_18_64_not_employed,dep_hour_share_work_20,0.001881155250636273,0.004766420493,-0.2885265242363727,2458
group_adult_18_64_not_employed,dep_hour_share_work_21,0.001327874294566781,0.0,0.1327874294566781,2458
group_adult_18_64_not_employed,dep_hour_share_work_22,0.0005532809560694921,0.0,0.05532809560694921,2458
group_adult_18_64_not_employed,dep_hour_share_work_23,0.0005532809560694921,0.0,0.05532809560694921,2458
group_adult_18_64_not_employed,dep_hour_share_work_4,0.017704990594223747,0.0009097479648,1.6795242629423748,2458
group_adult_18_64_not_employed,dep_hour_share_work_5,0.054774814650879716,0.01088578717,4.388902748087972,2458
group_adult_18_64_not_employed,dep_hour_share_work_6,0.1268119951311276,0.1458054349,-1.899343976887241,2458
group_adult_18_64_not_employed,dep_hour_share_work_7,0.22452141197299988,0.2187024695,0.5818942472999883,2458
group_adult_18_64_not_employed,dep_hour_share_work_8,0.15956622773044152,0.1299270716,2.963915613044152,2458
group_adult_18_64_not_employed,dep_hour_share_work_9,0.07081996237689499,0.05950959379,1.1310368586894985,2458
group_adult_18_64_not_employed,mean_work_activity_h,4.8567555604736095,4.550975078,0.3057804824736099,2458
group_adult_18_64_not_employed,mobility_rate,0.7435789866219177,0.7725866508,-2.9007664178082315,2458
group_adult_18_64_not_employed,n_persons_unweighted,150171.0,2458.0,147713.0,2458
group_adult_18_64_not_employed,n_persons_weighted,150171.0,114171.9157,35999.0843,2458
group_adult_18_64_not_employed,n_work_activities_measured,9037.0,282.0,8755.0,2458
group_adult_18_64_not_employed,nonhome_acts_per_mobile,2.2094676887806277,2.351816276,-0.14234858721937238,2458
group_adult_18_64_not_employed,participation_education,0.09115608206644425,0.1687395279,-7.758344583355574,2458
group_adult_18_64_not_employed,participation_escort,0.1082232921136571,0.1077951983,0.042809381365709054,2458
group_adult_18_64_not_employed,participation_home,0.7435789866219177,0.7616349267,-1.805594007808231,2458
group_adult_18_64_not_employed,participation_leisure,0.36357885344041124,0.4341548031,-7.057594965958875,2458
group_adult_18_64_not_employed,participation_other,0.28551451345466167,0.1849410291,10.057348435466167,2458
group_adult_18_64_not_employed,participation_shop,0.30980682022494355,0.3284070753,-1.860025507505647,2458
group_adult_18_64_not_employed,participation_work,0.049330429976493465,0.09390505204,-4.457462206350654,2458
group_adult_18_64_not_employed,purpose_share_education,0.04284419523631135,0.06888109971,-2.603690447368866,2458
group_adult_18_64_not_employed,purpose_share_escort,0.07190487124022671,0.0636393294,0.8265541840226709,2458
group_adult_18_64_not_employed,purpose_share_home,0.40370992495558966,0.4195905085,-1.5880583544410354,2458
group_adult_18_64_not_employed,purpose_share_leisure,0.17185290812195622,0.1988405727,-2.6987664578043775,2458
group_adult_18_64_not_employed,purpose_share_other,0.14226051648922672,0.07581979676,6.644071972922672,2458
group_adult_18_64_not_employed,purpose_share_shop,0.14558615605853706,0.1351689761,1.0417179958537055,2458
group_adult_18_64_not_employed,purpose_share_work,0.02184142789815229,0.03805971687,-1.6218288971847714,2458
group_adult_18_64_not_employed,share_mobile_first_from_home,1.0,0.969633563,3.036643699999997,2458
group_adult_18_64_not_employed,share_mobile_last_to_home,1.0,0.9743842709,2.5615729099999984,2458
group_adult_18_64_not_employed,share_mobile_odd_trip_count,0.30501325404785784,0.273401065,3.161218904785784,2458
group_adult_18_64_not_employed,share_trips_0,0.2564210133780823,0.2274133492,2.9007664178082315,2458
group_adult_18_64_not_employed,share_trips_1,0.00036624914264405246,0.00740360456,-0.7037355417355947,2458
group_adult_18_64_not_employed,share_trips_2,0.2953766040047679,0.253900627,4.1475977004767905,2458
group_adult_18_64_not_employed,share_trips_3,0.10018578820145034,0.08350366776,1.6682120441450343,2458
group_adult_18_64_not_employed,share_trips_4,0.1388750158153039,0.1850429343,-4.616791848469609,2458
group_adult_18_64_not_employed,share_trips_5,0.08441043876647289,0.06478906281,1.9621375956472884,2458
group_adult_18_64_not_employed,share_trips_6,0.05885290768523883,0.08560119518,-2.674828749476118,2458
group_adult_18_64_not_employed,share_trips_7,0.02711575470630148,0.03301947805,-0.590372334369852,2458
group_adult_18_64_not_employed,share_trips_8plus,0.0383962282997383,0.05932608114,-2.09298528402617,2458
group_adult_18_64_not_employed,share_trips_followed_by_same_purpose,0.10582832835856969,0.05395199633,5.1876332028569685,2458
group_adult_18_64_not_employed,share_trips_home_based,0.7891239985015287,0.8372229323,-4.80989337984713,2458
group_adult_18_64_not_employed,share_trips_unknown_purpose,0.0,0.0009352632633,-0.09352632632999999,2458
group_adult_18_64_not_employed,share_work_activities_lt_2h,0.19342702224189443,0.2523094996,-5.888247735810556,2458
group_adult_18_64_not_employed,tours_per_mobile,1.4958894540765153,1.697440792,-0.20155133792348479,2458
group_adult_18_64_not_employed,trips_per_mobile_person,3.705357142857143,4.049257068,-0.3438999251428574,2458
group_adult_18_64_not_employed,trips_per_person,2.7552257093579984,3.128401956,-0.37317624664200144,2458
group_adult_18_64_not_employed,trips_per_person_education,0.1180454282118385,0.2152862293,-0.0972408010881615,2458
group_adult_18_64_not_employed,trips_per_person_escort,0.19811414986914916,0.1989032015,-0.0007890516308508289,2458
group_adult_18_64_not_employed,trips_per_person_home,1.112311964360629,1.311420096,-0.19910813163937102,2458
group_adult_18_64_not_employed,trips_per_person_leisure,0.4734935506855518,0.6214714529,-0.14797790221444823,2458
group_adult_18_64_not_employed,trips_per_person_other,0.3919598324576649,0.2369729609,0.1549868715576649,2458
group_adult_18_64_not_employed,trips_per_person_shop,0.40112272009908706,0.422467401,-0.02134468090091296,2458
group_adult_18_64_not_employed,trips_per_person_work,0.06017806367407822,0.1189547346,-0.05877667092592178,2458
group_child_0_5,dep_hour_share_all_10,0.02515277654769285,0.03927904023,-1.4126263682307147,1081
group_child_0_5,dep_hour_share_all_11,0.02900835473681103,0.04226813044,-1.3259775703188974,1081
group_child_0_5,dep_hour_share_all_12,0.0504708765093142,0.03748043204,1.2990444469314202,1081
group_child_0_5,dep_hour_share_all_13,0.06683789448823546,0.05527771632,1.1560178168235458,1081
group_child_0_5,dep_hour_share_all_14,0.08847164408230744,0.1203613924,-3.188974831769256,1081
group_child_0_5,dep_hour_share_all_15,0.12468337614028872,0.1388659157,-1.4182539559711285,1081
group_child_0_5,dep_hour_share_all_16,0.11690136687036873,0.1040704872,1.2830879670368722,1081
group_child_0_5,dep_hour_share_all_17,0.08001653234139285,0.0875289599,-0.7512427558607149,1081
group_child_0_5,dep_hour_share_all_18,0.05972308328166977,0.04142940511,1.829367817166977,1081
group_child_0_5,dep_hour_share_all_19,0.026593452011926904,0.008109154422,1.8484297589926904,1081
group_child_0_5,dep_hour_share_all_20,0.009883978389868037,0.004198027095,0.5685951294868037,1081
group_child_0_5,dep_hour_share_all_21,0.005231305169308889,0.001025825513,0.4205479656308889,1081
group_child_0_5,dep_hour_share_all_22,0.00347179169249845,0.0,0.34717916924984504,1081
group_child_0_5,dep_hour_share_all_23,0.0011867859357010007,0.0,0.11867859357010008,1081
group_child_0_5,dep_hour_share_all_4,0.0002775071590942639,0.0,0.027750715909426387,1081
group_child_0_5,dep_hour_share_all_5,0.0018008443302925635,0.0,0.18008443302925636,1081
group_child_0_5,dep_hour_share_all_6,0.033271337053110146,0.004651560907,2.8619776146110145,1081
group_child_0_5,dep_hour_share_all_7,0.14181206270480914,0.1546271582,-1.281509549519086,1081
group_child_0_5,dep_hour_share_all_8,0.09742863047264783,0.1249925596,-2.756392912735217,1081
group_child_0_5,dep_hour_share_all_9,0.03694387860537891,0.03583423487,0.1109643735378911,1081
group_child_0_5,dep_hour_share_education_10,0.022041668372150137,0.01012151758,1.1920150792150137,1081
group_child_0_5,dep_hour_share_education_11,0.017068478572305677,0.003528773684,1.3539704888305677,1081
group_child_0_5,dep_hour_share_education_12,0.020936515083295814,0.002992244809,1.7944270274295813,1081
group_child_0_5,dep_hour_share_education_13,0.04017436863001924,0.003951932875,3.622243575501924,1081
group_child_0_5,dep_hour_share_education_14,0.05349760550120748,0.005629101725,4.786850377620748,1081
group_child_0_5,dep_hour_share_education_15,0.053272481683107525,0.01484007092,3.8432410763107523,1081
group_child_0_5,dep_hour_share_education_16,0.022983095247840857,0.003396129473,1.9586965774840857,1081
group_child_0_5,dep_hour_share_education_17,0.014244197945233515,0.0,1.4244197945233514,1081
group_child_0_5,dep_hour_share_education_18,0.0072653595841349105,0.0,0.7265359584134911,1081
group_child_0_5,dep_hour_share_education_19,0.004195489337317343,0.0,0.41954893373173424,1081
group_child_0_5,dep_hour_share_education_20,0.0003888502312635586,0.0,0.03888502312635586,1081
group_child_0_5,dep_hour_share_education_21,2.0465801645450452e-05,0.0,0.0020465801645450452,1081
group_child_0_5,dep_hour_share_education_22,2.0465801645450452e-05,0.0,0.0020465801645450452,1081
group_child_0_5,dep_hour_share_education_23,2.0465801645450452e-05,0.0,0.0020465801645450452,1081
group_child_0_5,dep_hour_share_education_4,0.0008800294707543695,0.0,0.08800294707543695,1081
group_child_0_5,dep_hour_share_education_5,0.006139740493635136,0.0,0.6139740493635135,1081
group_child_0_5,dep_hour_share_education_6,0.07977569481396586,0.01423413437,6.554156044396587,1081
group_child_0_5,dep_hour_share_education_7,0.360607424992837,0.5557846062,-19.517718120716303,1081
group_child_0_5,dep_hour_share_education_8,0.25942450165772996,0.3598748049,-10.045030324227005,1081
group_child_0_5,dep_hour_share_education_9,0.03696123777168352,0.02564668343,1.1314554341683516,1081
group_child_0_5,dep_hour_share_escort_10,0.0013523481681829359,0.007567602011,-0.6215253842817065,1081
group_child_0_5,dep_hour_share_escort_11,0.02016228178018195,0.0223770094,-0.22147276198180507,1081
group_child_0_5,dep_hour_share_escort_12,0.03405458568969757,0.03126627875,0.2788306939697567,1081
group_child_0_5,dep_hour_share_escort_13,0.04130808950086059,0.1163807025,-7.507261299913942,1081
group_child_0_5,dep_hour_share_escort_14,0.03024342267027293,0.08807880457,-5.783538189972708,1081
group_child_0_5,dep_hour_share_escort_15,0.05335628227194492,0.1710638512,-11.770756892805508,1081
group_child_0_5,dep_hour_share_escort_16,0.10511433489058274,0.05859278952,4.652154537058274,1081
group_child_0_5,dep_hour_share_escort_17,0.0027046963363658717,0.04664377303,-4.393907669363413,1081
group_child_0_5,dep_hour_share_escort_18,0.003196459306614212,0.009686457866,-0.6489998559385788,1081
group_child_0_5,dep_hour_share_escort_19,0.0003688222276862552,0.004172965036,-0.38041428083137446,1081
group_child_0_5,dep_hour_share_escort_20,0.0006147037128104253,0.0,0.06147037128104253,1081
group_child_0_5,dep_hour_share_escort_21,0.0004917629702483403,0.0,0.04917629702483403,1081
group_child_0_5,dep_hour_share_escort_22,0.00012294074256208508,0.0,0.012294074256208508,1081
group_child_0_5,dep_hour_share_escort_23,0.00012294074256208508,0.0,0.012294074256208508,1081
group_child_0_5,dep_hour_share_escort_4,0.0,0.0,0.0,1081
group_child_0_5,dep_hour_share_escort_5,0.0,0.0,0.0,1081
group_child_0_5,dep_hour_share_escort_6,0.07941971969510696,0.01247177688,6.694794281510696,1081
group_child_0_5,dep_hour_share_escort_7,0.4730759773789034,0.2677369862,20.533899117890336,1081
group_child_0_5,dep_hour_share_escort_8,0.12896483894762725,0.163961003,-3.499616405237274,1081
group_child_0_5,dep_hour_share_escort_9,0.025325792967789525,0.0,2.5325792967789527,1081
group_child_0_5,dep_hour_share_home_10,0.020112207939777003,0.03036516751,-1.0252959570222997,1081
group_child_0_5,dep_hour_share_home_11,0.03038136495987501,0.06912766921,-3.8746304250125,1081
group_child_0_5,dep_hour_share_home_12,0.07792060222995525,0.06231455668,1.5606045549955254,1081
group_child_0_5,dep_hour_share_home_13,0.0952063063702862,0.08337989217,1.1826414200286197,1081
group_child_0_5,dep_hour_share_home_14,0.11865634543001208,0.1755057383,-5.684939286998791,1081
group_child_0_5,dep_hour_share_home_15,0.15390952347134437,0.1502221188,0.3687404671344374,1081
group_child_0_5,dep_hour_share_home_16,0.14266032242028265,0.1144395176,2.822080482028265,1081
group_child_0_5,dep_hour_share_home_17,0.12251970740714438,0.1461544406,-2.363473319285561,1081
group_child_0_5,dep_hour_share_home_18,0.11117108159931822,0.08334545138,2.7825630219318223,1081
group_child_0_5,dep_hour_share_home_19,0.04783751154037355,0.0140982489,3.373926264037355,1081
group_child_0_5,dep_hour_share_home_20,0.019785526596122434,0.009415860686,1.0369665910122434,1081
group_child_0_5,dep_hour_share_home_21,0.012342873375470492,0.002372423523,0.9970449852470493,1081
group_child_0_5,dep_hour_share_home_22,0.008223847738086784,0.0,0.8223847738086784,1081
group_child_0_5,dep_hour_share_home_23,0.0027270790426816276,0.0,0.27270790426816277,1081
group_child_0_5,dep_hour_share_home_4,0.0,0.0,0.0,1081
group_child_0_5,dep_hour_share_home_5,1.4203536680633478e-05,0.0,0.0014203536680633478,1081
group_child_0_5,dep_hour_share_home_6,0.00011362829344506782,0.0005671905054,-0.04535622119549322,1081
group_child_0_5,dep_hour_share_home_7,0.0007953980541154748,0.006578514549,-0.5783116494884525,1081
group_child_0_5,dep_hour_share_home_8,0.012357076912151125,0.03081316199,-1.8456085077848878,1081
group_child_0_5,dep_hour_share_home_9,0.021461543924437186,0.02130004765,0.016149627443718534,1081
group_child_0_5,dep_hour_share_leisure_10,0.030592558566835095,0.08134889579,-5.07563372231649,1081
group_child_0_5,dep_hour_share_leisure_11,0.011254019292604502,0.02061085804,-0.9356838747395497,1081
group_child_0_5,dep_hour_share_leisure_12,0.031097841065686724,0.02430667608,0.6791164985686725,1081
group_child_0_5,dep_hour_share_leisure_13,0.07629765732659623,0.04430382513,3.1993832196596226,1081
group_child_0_5,dep_hour_share_leisure_14,0.11084060633899862,0.1588733201,-4.803271376100138,1081
group_child_0_5,dep_hour_share_leisure_15,0.24864492420762518,0.2605382913,-1.1893367092374818,1081
group_child_0_5,dep_hour_share_leisure_16,0.223242994947175,0.2068195166,1.6423478347175002,1081
group_child_0_5,dep_hour_share_leisure_17,0.10165365181442351,0.05597247131,4.568118050442351,1081
group_child_0_5,dep_hour_share_leisure_18,0.058888378502526414,0.0167333378,4.215504070252642,1081
group_child_0_5,dep_hour_share_leisure_19,0.021359669269637116,0.00559432099,1.5765348279637117,1081
group_child_0_5,dep_hour_share_leisure_20,0.009875976113918236,0.0008138555409,0.9062120573018235,1081
group_child_0_5,dep_hour_share_leisure_21,0.00013780431786862655,0.0,0.013780431786862654,1081
group_child_0_5,dep_hour_share_leisure_22,4.593477262287552e-05,0.0,0.004593477262287552,1081
group_child_0_5,dep_hour_share_leisure_23,0.00022967386311437759,0.0,0.022967386311437757,1081
group_child_0_5,dep_hour_share_leisure_4,0.0,0.0,0.0,1081
group_child_0_5,dep_hour_share_leisure_5,4.593477262287552e-05,0.0,0.004593477262287552,1081
group_child_0_5,dep_hour_share_leisure_6,0.0002756086357372531,0.001575982468,-0.13003738322627467,1081
group_child_0_5,dep_hour_share_leisure_7,0.0016536518144235185,0.005751872642,-0.4098220827576481,1081
group_child_0_5,dep_hour_share_leisure_8,0.036839687643546164,0.03813793091,-0.12982432664538357,1081
group_child_0_5,dep_hour_share_leisure_9,0.036839687643546164,0.07861884525,-4.177915760645384,1081
group_child_0_5,dep_hour_share_other_10,0.0352921451923883,0.08878535176,-5.349320656761171,1081
group_child_0_5,dep_hour_share_other_11,0.08324251823287786,0.03749729285,4.574522538287786,1081
group_child_0_5,dep_hour_share_other_12,0.06697962947439014,0.01596237387,5.1017255604390135,1081
group_child_0_5,dep_hour_share_other_13,0.04300444295414536,0.02291171688,2.0092726074145357,1081
group_child_0_5,dep_hour_share_other_14,0.06882387459133205,0.2023591065,-13.353523190866795,1081
group_child_0_5,dep_hour_share_other_15,0.08751781373124319,0.1510125408,-6.349472706875682,1081
group_child_0_5,dep_hour_share_other_16,0.17981389890183586,0.1092854049,7.052849400183586,1081
group_child_0_5,dep_hour_share_other_17,0.12297761757062621,0.07842442186,4.455319571062621,1081
group_child_0_5,dep_hour_share_other_18,0.032693436163970156,0.0,3.2693436163970158,1081
group_child_0_5,dep_hour_share_other_19,0.03881297677927739,0.0,3.8812976779277393,1081
group_child_0_5,dep_hour_share_other_20,0.0035208315868890936,0.0,0.3520831586889094,1081
group_child_0_5,dep_hour_share_other_21,0.0007544639114762344,0.0,0.07544639114762344,1081
group_child_0_5,dep_hour_share_other_22,0.0005029759409841563,0.0,0.05029759409841563,1081
group_child_0_5,dep_hour_share_other_23,0.00016765864699471876,0.0,0.016765864699471875,1081
group_child_0_5,dep_hour_share_other_4,0.0003353172939894375,0.0,0.03353172939894375,1081
group_child_0_5,dep_hour_share_other_5,0.00025148797049207814,0.0,0.025148797049207815,1081
group_child_0_5,dep_hour_share_other_6,0.027998994048118033,0.0,2.799899404811803,1081
group_child_0_5,dep_hour_share_other_7,0.057087769301701737,0.03019949616,2.6888273141701737,1081
group_child_0_5,dep_hour_share_other_8,0.05172269259787073,0.1501003408,-9.837764820212927,1081
group_child_0_5,dep_hour_share_other_9,0.09799647916841311,0.1134619536,-1.5465474431586883,1081
group_child_0_5,dep_hour_share_shop_10,0.08558270436228732,0.0995957711,-1.4013066737712674,1081
group_child_0_5,dep_hour_share_shop_11,0.06882435717026993,0.07551405828,-0.6689701109730078,1081
group_child_0_5,dep_hour_share_shop_12,0.036586925930663934,0.04665381932,-1.0066893389336065,1081
group_child_0_5,dep_hour_share_shop_13,0.01842138927977485,0.03537792038,-1.6956531100225147,1081
group_child_0_5,dep_hour_share_shop_14,0.06856850454138416,0.05718852869,1.1379975851384165,1081
group_child_0_5,dep_hour_share_shop_15,0.09991045157988998,0.1708411791,-7.093072752011001,1081
group_child_0_5,dep_hour_share_shop_16,0.09837533580657541,0.187467588,-8.909225219342458,1081
group_child_0_5,dep_hour_share_shop_17,0.06754509402584112,0.1315901505,-6.404505647415888,1081
group_child_0_5,dep_hour_share_shop_18,0.03006268389407701,0.03048643737,-0.04237534759229909,1081
group_child_0_5,dep_hour_share_shop_19,0.0,0.01229764952,-1.229764952,1081
group_child_0_5,dep_hour_share_shop_20,0.0,0.0,0.0,1081
group_child_0_5,dep_hour_share_shop_21,0.0,0.0,0.0,1081
group_child_0_5,dep_hour_share_shop_22,0.0,0.0,0.0,1081
group_child_0_5,dep_hour_share_shop_23,0.0,0.0,0.0,1081
group_child_0_5,dep_hour_share_shop_4,0.0,0.0,0.0,1081
group_child_0_5,dep_hour_share_shop_5,0.0,0.0,0.0,1081
group_child_0_5,dep_hour_share_shop_6,0.09402584111551746,0.0,9.402584111551745,1081
group_child_0_5,dep_hour_share_shop_7,0.18971472431879238,0.03201851834,15.76962059787924,1081
group_child_0_5,dep_hour_share_shop_8,0.05065882051938084,0.0674913207,-1.6832500180619159,1081
group_child_0_5,dep_hour_share_shop_9,0.09172316745554561,0.05347705871,3.824610874554561,1081
group_child_0_5,dep_hour_share_work_10,0.0,,,1081
group_child_0_5,dep_hour_share_work_11,0.0,,,1081
group_child_0_5,dep_hour_share_work_12,0.0,,,1081
group_child_0_5,dep_hour_share_work_13,0.0,,,1081
group_child_0_5,dep_hour_share_work_14,0.0,,,1081
group_child_0_5,dep_hour_share_work_15,0.013392857142857142,,,1081
group_child_0_5,dep_hour_share_work_16,0.006696428571428571,,,1081
group_child_0_5,dep_hour_share_work_17,0.0,,,1081
group_child_0_5,dep_hour_share_work_18,0.0,,,1081
group_child_0_5,dep_hour_share_work_19,0.0,,,1081
group_child_0_5,dep_hour_share_work_20,0.0,,,1081
group_child_0_5,dep_hour_share_work_21,0.0,,,1081
group_child_0_5,dep_hour_share_work_22,0.0,,,1081
group_child_0_5,dep_hour_share_work_23,0.0,,,1081
group_child_0_5,dep_hour_share_work_4,0.0,,,1081
group_child_0_5,dep_hour_share_work_5,0.0,,,1081
group_child_0_5,dep_hour_share_work_6,0.017857142857142856,,,1081
group_child_0_5,dep_hour_share_work_7,0.65625,,,1081
group_child_0_5,dep_hour_share_work_8,0.203125,,,1081
group_child_0_5,dep_hour_share_work_9,0.10267857142857142,,,1081
group_child_0_5,mean_work_activity_h,4.48515625,,,1081
group_child_0_5,mobility_rate,0.8805015628929688,0.894369307,-1.3867744107031177,1081
group_child_0_5,n_persons_unweighted,55666.0,1081.0,54585.0,1081
group_child_0_5,n_persons_weighted,55666.0,41866.19746,13799.802539999997,1081
group_child_0_5,n_work_activities_measured,448.0,0.0,448.0,1081
group_child_0_5,nonhome_acts_per_mobile,2.019014975313176,1.849759997,0.16925497831317582,1081
group_child_0_5,participation_education,0.6628642259188733,0.6558256021,0.7038623818873324,1081
group_child_0_5,participation_escort,0.12352243739445981,0.131683716,-0.8161278605540195,1081
group_child_0_5,participation_home,0.8805015628929688,0.8872372133,-0.673565040703128,1081
group_child_0_5,participation_leisure,0.3401358100097007,0.3698573999,-2.972158989029927,1081
group_child_0_5,participation_other,0.1689900477850034,0.1063940398,6.2596007985003395,1081
group_child_0_5,participation_shop,0.11569000826357202,0.1736667987,-5.797679043642799,1081
group_child_0_5,participation_work,0.008048000574857184,0.0,0.8048000574857184,1081
group_child_0_5,purpose_share_education,0.28850116612050897,0.2316162448,5.688492132050896,1081
group_child_0_5,purpose_share_escort,0.04802645174622856,0.06858371484,-2.0557263093771443,1081
group_child_0_5,purpose_share_home,0.415699819915567,0.4336017334,-1.790191348443304,1081
group_child_0_5,purpose_share_leisure,0.1285389543294069,0.1552869692,-2.674801487059311,1081
group_child_0_5,purpose_share_other,0.0704336787411803,0.0414726107,2.8961068041180296,1081
group_child_0_5,purpose_share_shop,0.046154754524252356,0.06943872705,-2.328397252574764,1081
group_child_0_5,purpose_share_work,0.002645174622855962,0.0,0.2645174622855962,1081
group_child_0_5,share_mobile_first_from_home,1.0,0.981573838,1.8426162000000024,1081
group_child_0_5,share_mobile_last_to_home,1.0,0.9913895519,0.8610448100000001,1081
group_child_0_5,share_mobile_odd_trip_count,0.21530583098706493,0.2665506923,-5.124486131293507,1081
group_child_0_5,share_trips_0,0.11949843710703122,0.105630693,1.386774410703122,1081
group_child_0_5,share_trips_1,0.0,0.0007377866275,-0.07377866275,1081
group_child_0_5,share_trips_2,0.3470700247907161,0.384519259,-3.744923420928392,1081
group_child_0_5,share_trips_3,0.10834261488161535,0.160445454,-5.210283911838463,1081
group_child_0_5,share_trips_4,0.26653612618115186,0.20986863,5.666749618115185,1081
group_child_0_5,share_trips_5,0.0715697193978371,0.05693658983,1.4633129567837098,1081
group_child_0_5,share_trips_6,0.05272518233751303,0.05262935205,0.009583028751302541,1081
group_child_0_5,share_trips_7,0.008622857758775554,0.0172978903,-0.8675032541224447,1081
group_child_0_5,share_trips_8plus,0.025635037545359826,0.01193434526,1.3700692285359826,1081
group_child_0_5,share_trips_followed_by_same_purpose,0.08489357305228352,0.019392394,6.550117905228353,1081
group_child_0_5,share_trips_home_based,0.8136214684261801,0.8641978859,-5.057641747381991,1081
group_child_0_5,share_trips_unknown_purpose,0.0,0.0,0.0,1081
group_child_0_5,share_work_activities_lt_2h,0.020089285714285716,,,1081
group_child_0_5,tours_per_mobile,1.4364263271718285,1.416069201,0.0203571261718285,1081
group_child_0_5,trips_per_mobile_person,3.455441302485004,3.265829198,0.1896121044850041,1081
group_child_0_5,trips_per_person,3.042521467322962,2.920857397,0.12166407032296211,1081
group_child_0_5,trips_per_person_education,0.8777709912693565,0.6765180219,0.20125296936935655,1081
group_child_0_5,trips_per_person_escort,0.14612151043725075,0.2003232508,-0.054201740362749246,1081
group_child_0_5,trips_per_person_home,1.264775626055402,1.26648883,-0.0017132039445979519,1081
group_child_0_5,trips_per_person_leisure,0.3910825279344663,0.4535710926,-0.06248856466553371,1081
group_child_0_5,trips_per_person_other,0.21429597959256996,0.1211355817,0.09316039789256997,1081
group_child_0_5,trips_per_person_shop,0.1404268314590594,0.2028206195,-0.06239378804094059,1081
group_child_0_5,trips_per_person_work,0.008048000574857184,0.0,0.008048000574857184,1081
group_employed,dep_hour_share_all_10,0.028075075012322794,0.02592923519,0.2145839822322793,8306
group_employed,dep_hour_share_all_11,0.0362953930571962,0.03096329512,0.53320979371962,8306
group_employed,dep_hour_share_all_12,0.052436717379626886,0.05176068484,0.06760325396268849,8306
group_employed,dep_hour_share_all_13,0.05839406637468916,0.05697384996,0.142021641468916,8306
group_employed,dep_hour_share_all_14,0.06771513878355273,0.06543240342,0.22827353635527375,8306
group_employed,dep_hour_share_all_15,0.08395848724022259,0.08720226044,-0.32437731997774083,8306
group_employed,dep_hour_share_all_16,0.09531942773065137,0.1065729949,-1.1253567169348624,8306
group_employed,dep_hour_share_all_17,0.08417851519237696,0.1001713914,-1.5992876207623046,8306
group_employed,dep_hour_share_all_18,0.0686253661498673,0.07205410905,-0.3428742900132689,8306
group_employed,dep_hour_share_all_19,0.047618842751308184,0.04682607316,0.07927695913081817,8306
group_employed,dep_hour_share_all_20,0.036051395579527815,0.03089915527,0.5152240309527816,8306
group_employed,dep_hour_share_all_21,0.024155135685952504,0.02160270317,0.2552432515952503,8306
group_employed,dep_hour_share_all_22,0.017669227923145098,0.01633290756,0.13363203631450993,8306
group_employed,dep_hour_share_all_23,0.009648655924221882,0.00420055902,0.5448096904221882,8306
group_employed,dep_hour_share_all_4,0.007222817021559052,0.00478671467,0.24361023515590519,8306
group_employed,dep_hour_share_all_5,0.028005010245435648,0.02437039015,0.3634620095435647,8306
group_employed,dep_hour_share_all_6,0.06234350665553825,0.0538363916,0.850711505553825,8306
group_employed,dep_hour_share_all_7,0.08766393004340328,0.1070187117,-1.9354781656596722,8306
group_employed,dep_hour_share_all_8,0.05465604960093813,0.06174700577,-0.709095616906187,8306
group_employed,dep_hour_share_all_9,0.03565190348762742,0.02828818893,0.7363714557627423,8306
group_employed,dep_hour_share_education_10,0.01660175459302097,0.002976115898,1.362563869502097,8306
group_employed,dep_hour_share_education_11,0.0746685550179,0.01330812501,6.13604300079,8306
group_employed,dep_hour_share_education_12,0.012392304968724182,0.02065473438,-0.8262429411275819,8306
group_employed,dep_hour_share_education_13,0.025099335143003266,0.0437653951,-1.8666059956996734,8306
group_employed,dep_hour_share_education_14,0.01817538062079547,0.03487658391,-1.6701203289204534,8306
group_employed,dep_hour_share_education_15,0.028049883945080453,0.06818323563,-4.013335168491955,8306
group_employed,dep_hour_share_education_16,0.016090326133994255,0.05012441712,-3.4034090986005747,8306
group_employed,dep_hour_share_education_17,0.005310987843738935,0.1093696168,-10.405862895626107,8306
group_employed,dep_hour_share_education_18,0.014634722058302845,0.02728370963,-1.2648987571697154,8306
group_employed,dep_hour_share_education_19,0.011330107399976396,0.02723191191,-1.5901804510023605,8306
group_employed,dep_hour_share_education_20,0.002281757740273024,0.0,0.2281757740273024,8306
group_employed,dep_hour_share_education_21,0.0015736260277744993,0.007321444745,-0.57478187172255,8306
group_employed,dep_hour_share_education_22,0.0008261536645816122,0.0,0.08261536645816123,8306
group_employed,dep_hour_share_education_23,0.0005901097604154372,0.0,0.05901097604154372,8306
group_employed,dep_hour_share_education_4,0.002517801644439199,0.0,0.25178016444391993,8306
group_employed,dep_hour_share_education_5,0.004720878083323498,0.004588499629,0.013237845432349793,8306
group_employed,dep_hour_share_education_6,0.1922971005940438,0.1021727155,9.012438509404381,8306
group_employed,dep_hour_share_education_7,0.45568275699280064,0.3332397403,12.244301669280066,8306
group_employed,dep_hour_share_education_8,0.0894606396789803,0.1156759427,-2.621530302101971,8306
group_employed,dep_hour_share_education_9,0.026712301821472127,0.03922781172,-1.2515509898527872,8306
group_employed,dep_hour_share_escort_10,0.007513653542070853,0.00725036691,0.026328663207085285,8306
group_employed,dep_hour_share_escort_11,0.026342645030334975,0.0187161245,0.7626520530334975,8306
group_employed,dep_hour_share_escort_12,0.04557535521638201,0.0361150772,0.9460278016382009,8306
group_employed,dep_hour_share_escort_13,0.07335344450550067,0.07239290238,0.09605421255006741,8306
group_employed,dep_hour_share_escort_14,0.14672931782754484,0.1229300282,2.3799289627544837,8306
group_employed,dep_hour_share_escort_15,0.12222583575377645,0.1365416272,-1.4315791446223538,8306
group_employed,dep_hour_share_escort_16,0.08750602774444606,0.05783566196,2.967036578444606,8306
group_employed,dep_hour_share_escort_17,0.06429220262192865,0.06333451698,0.09576856419286489,8306
group_employed,dep_hour_share_escort_18,0.04980318713483083,0.03552491299,1.4278274144830836,8306
group_employed,dep_hour_share_escort_19,0.021598950331385765,0.02226492744,-0.06659771086142338,8306
group_employed,dep_hour_share_escort_20,0.01136019557928026,0.005169133446,0.6191062133280258,8306
group_employed,dep_hour_share_escort_21,0.00469883706586222,0.005481068222,-0.07822311561377802,8306
group_employed,dep_hour_share_escort_22,0.002904531742382613,0.021192553,-1.8288021257617388,8306
group_employed,dep_hour_share_escort_23,0.001951307039284072,0.0,0.1951307039284072,8306
group_employed,dep_hour_share_escort_4,0.0019400926310123247,0.0,0.19400926310123245,8306
group_employed,dep_hour_share_escort_5,0.0023998833701539737,0.001320586759,0.10792966111539738,8306
group_employed,dep_hour_share_escort_6,0.0515189916004082,0.02043478332,3.10842082804082,8306
group_employed,dep_hour_share_escort_7,0.17152437451637864,0.2588951481,-8.73707735836214,8306
group_employed,dep_hour_share_escort_8,0.08602572585257538,0.1017999596,-1.577423374742462,8306
group_employed,dep_hour_share_escort_9,0.018862634713079366,0.009016611331,0.9846023382079365,8306
group_employed,dep_hour_share_home_10,0.019801552484615924,0.01905256636,0.07489861246159253,8306
group_employed,dep_hour_share_home_11,0.03200007150188214,0.02850675805,0.34933134518821374,8306
group_employed,dep_hour_share_home_12,0.060252252681692986,0.04234042931,1.791182337169299,8306
group_employed,dep_hour_share_home_13,0.06726688524394804,0.06193296773,0.5333917513948038,8306
group_employed,dep_hour_share_home_14,0.07632974880495032,0.07640111117,-0.007136236504967641,8306
group_employed,dep_hour_share_home_15,0.11108264276914873,0.1098719387,0.12107040691487214,8306
group_employed,dep_hour_share_home_16,0.1249495390363036,0.1468395251,-2.188998606369641,8306
group_employed,dep_hour_share_home_17,0.10873350801640372,0.1333138252,-2.4580317183596296,8306
group_employed,dep_hour_share_home_18,0.09167435063629227,0.1023734337,-1.069908306370773,8306
group_employed,dep_hour_share_home_19,0.06733242863590795,0.05973276769,0.759966094590795,8306
group_employed,dep_hour_share_home_20,0.06505181652021194,0.05430222211,1.0749594410211942,8306
group_employed,dep_hour_share_home_21,0.04567033759315727,0.03902908085,0.664125674315727,8306
group_employed,dep_hour_share_home_22,0.03551855995209374,0.03032830419,0.5190255762093744,8306
group_employed,dep_hour_share_home_23,0.020066705297544656,0.008209490497,1.1857214800544655,8306
group_employed,dep_hour_share_home_4,7.150188213808504e-05,0.001224523004,-0.11530211218619148,8306
group_employed,dep_hour_share_home_5,0.0009652754088641479,0.004278843255,-0.3313567846135852,8306
group_employed,dep_hour_share_home_6,0.0025517234188029096,0.01000630805,-0.745458463119709,8306
group_employed,dep_hour_share_home_7,0.011954220919961091,0.02422738691,-1.2273165990038908,8306
group_employed,dep_hour_share_home_8,0.017069584737923256,0.02847279619,-1.1403211452076745,8306
group_employed,dep_hour_share_home_9,0.01841322427310144,0.01566725415,0.2745970123101439,8306
group_employed,dep_hour_share_leisure_10,0.028317037994149148,0.02213746453,0.6179573464149147,8306
group_employed,dep_hour_share_leisure_11,0.0282214952888347,0.02734417788,0.08773174088346977,8306
group_employed,dep_hour_share_leisure_12,0.0484265026365237,0.06674787503,-1.8321372393476303,8306
group_employed,dep_hour_share_leisure_13,0.04906800365792072,0.04144754179,0.7620461867920716,8306
group_employed,dep_hour_share_leisure_14,0.06614739964603703,0.05650339878,0.9644000866037027,8306
group_employed,dep_hour_share_leisure_15,0.08167536408595204,0.08961219304,-0.7936828954047959,8306
group_employed,dep_hour_share_leisure_16,0.14856890676396858,0.1436094926,0.4959414163968584,8306
group_employed,dep_hour_share_leisure_17,0.14937874493282438,0.14551962,0.38591249328243926,8306
group_employed,dep_hour_share_leisure_18,0.12859593170061465,0.1329554848,-0.43595530993853493,8306
group_employed,dep_hour_share_leisure_19,0.08799028194197372,0.1164675945,-2.8477312558026266,8306
group_employed,dep_hour_share_leisure_20,0.03540539679795448,0.0383967652,-0.29913684020455233,8306
group_employed,dep_hour_share_leisure_21,0.01868997302055988,0.01538400377,0.3305969250559879,8306
group_employed,dep_hour_share_leisure_22,0.012347757248734059,0.01033552949,0.20122277587340584,8306
group_employed,dep_hour_share_leisure_23,0.004071939107449146,0.001370411711,0.2701527396449146,8306
group_employed,dep_hour_share_leisure_4,0.0003639722107217114,0.004763313359,-0.43993411482782885,8306
group_employed,dep_hour_share_leisure_5,0.005527827950335992,0.008402270469,-0.2874442518664008,8306
group_employed,dep_hour_share_leisure_6,0.016874661619585344,0.01886081721,-0.19861555904146544,8306
group_employed,dep_hour_share_leisure_7,0.02146526112731293,0.02033590724,0.11293538873129311,8306
group_employed,dep_hour_share_leisure_8,0.031065028185098067,0.01965494076,1.1410087425098068,8306
group_employed,dep_hour_share_leisure_9,0.03377662115497482,0.01907205298,1.4704568174974817,8306
group_employed,dep_hour_share_other_10,0.05299386476837897,0.06606253844,-1.3068673671621025,8306
group_employed,dep_hour_share_other_11,0.0684851464688571,0.05236923621,1.61159102588571,8306
group_employed,dep_hour_share_other_12,0.07196961599578158,0.05616173158,1.5807884415781583,8306
group_employed,dep_hour_share_other_13,0.07902406350427899,0.05812354465,2.090051885427899,8306
group_employed,dep_hour_share_other_14,0.10430606326200503,0.09931085311,0.49952101520050335,8306
group_employed,dep_hour_share_other_15,0.09953184121079972,0.1416014315,-4.206959028920029,8306
group_employed,dep_hour_share_other_16,0.09204272572450602,0.1372915667,-4.524884097549399,8306
group_employed,dep_hour_share_other_17,0.07865352686746901,0.08135348469,-0.26999578225309906,8306
group_employed,dep_hour_share_other_18,0.05623606034046617,0.03233041899,2.390564135046617,8306
group_employed,dep_hour_share_other_19,0.04146447479994585,0.01338285507,2.808161972994585,8306
group_employed,dep_hour_share_other_20,0.024163264142742114,0.006549134225,1.7614129917742114,8306
group_employed,dep_hour_share_other_21,0.015127870768222208,0.008244270645,0.6883600123222209,8306
group_employed,dep_hour_share_other_22,0.007638755281928501,0.007337073398,0.03016818839285014,8306
group_employed,dep_hour_share_other_23,0.006042597461824038,0.005710446521,0.03321509408240374,8306
group_employed,dep_hour_share_other_4,0.0006128105916472491,0.0,0.061281059164724906,8306
group_employed,dep_hour_share_other_5,0.002501122298467261,0.002096256019,0.040486627946726125,8306
group_employed,dep_hour_share_other_6,0.013816741130279257,0.02156099102,-0.7744249889720743,8306
group_employed,dep_hour_share_other_7,0.04873981914961842,0.05888461311,-1.014479396038158,8306
group_employed,dep_hour_share_other_8,0.06721677105823838,0.07129094536,-0.40741743017616155,8306
group_employed,dep_hour_share_other_9,0.061729978551629296,0.08033860873,-1.8608630178370702,8306
group_employed,dep_hour_share_shop_10,0.0611646334794842,0.05591371675,0.5250916729484196,8306
group_employed,dep_hour_share_shop_11,0.07622712043029996,0.05266544438,2.3561676050299956,8306
group_employed,dep_hour_share_shop_12,0.07757926447340949,0.08580806404,-0.8228799566590519,8306
group_employed,dep_hour_share_shop_13,0.06201966574203875,0.06384179061,-0.18221248679612528,8306
group_employed,dep_hour_share_shop_14,0.08125789164951631,0.07465576374,0.6602127909516309,8306
group_employed,dep_hour_share_shop_15,0.11293385430647936,0.1037784547,0.9155399606479362,8306
group_employed,dep_hour_share_shop_16,0.12546107117646474,0.1473812806,-2.1920209423535257,8306
group_employed,dep_hour_share_shop_17,0.11279466300792396,0.1536418149,-4.084715189207605,8306
group_employed,dep_hour_share_shop_18,0.07396029071096927,0.07146873711,0.2491553600969268,8306
group_employed,dep_hour_share_shop_19,0.03503643829351468,0.03788572205,-0.284928375648532,8306
group_employed,dep_hour_share_shop_20,0.006641413388214474,0.01477091343,-0.8129500041785525,8306
group_employed,dep_hour_share_shop_21,0.005030771219216353,0.01267547584,-0.7644704620783647,8306
group_employed,dep_hour_share_shop_22,0.004712619679661169,0.001585724788,0.3126894891661169,8306
group_employed,dep_hour_share_shop_23,0.0005965341366659707,0.0006793367892,-0.008280265253402929,8306
group_employed,dep_hour_share_shop_4,0.00023861365466638828,0.0,0.023861365466638827,8306
group_employed,dep_hour_share_shop_5,0.0006760720215547668,0.0003496419423,0.032643007925476676,8306
group_employed,dep_hour_share_shop_6,0.007566041300046729,0.01342551514,-0.5859473839953272,8306
group_employed,dep_hour_share_shop_7,0.03120867758324137,0.03181382153,-0.060514394675863226,8306
group_employed,dep_hour_share_shop_8,0.04320895596583848,0.03678463044,0.6424325525838479,8306
group_employed,dep_hour_share_shop_9,0.07893140851651903,0.04087415121,3.805725730651903,8306
group_employed,dep_hour_share_work_10,0.03018004994085951,0.02586985517,0.4310194770859508,8306
group_employed,dep_hour_share_work_11,0.025877250624260745,0.02843642149,-0.2559170865739254,8306
group_employed,dep_hour_share_work_12,0.03139440136680247,0.05059221051,-1.9197809143197526,8306
group_employed,dep_hour_share_work_13,0.03827572611381259,0.05123948207,-1.2963755956187415,8306
group_employed,dep_hour_share_work_14,0.021132868970955447,0.02640883501,-0.5275966039044553,8306
group_employed,dep_hour_share_work_15,0.018777763175187277,0.01643616099,0.2341602185187277,8306
group_employed,dep_hour_share_work_16,0.01263766592193455,0.007989147693,0.4648518228934551,8306
group_employed,dep_hour_share_work_17,0.007585753712708635,0.009139958774,-0.15542050612913647,8306
group_employed,dep_hour_share_work_18,0.004486791956893153,0.00349254232,0.09942496368931528,8306
group_employed,dep_hour_share_work_19,0.003629911946379288,0.001259650516,0.2370261430379288,8306
group_employed,dep_hour_share_work_20,0.005456696017873571,0.005292720038,0.01639759798735714,8306
group_employed,dep_hour_share_work_21,0.003803390721513997,0.00620506695,-0.24016762284860033,8306
group_employed,dep_hour_share_work_22,0.0009593901958207386,0.0005429272514,0.04164629444207386,8306
group_employed,dep_hour_share_work_23,0.0006203180444210803,0.001233862967,-0.061354492257891975,8306
group_employed,dep_hour_share_work_4,0.029641214351425943,0.01525278437,1.4388429981425943,8306
group_employed,dep_hour_share_work_5,0.11289262715205678,0.0893056299,2.358699725205678,8306
group_employed,dep_hour_share_work_6,0.22035221448284925,0.1800168007,4.033541378284925,8306
group_employed,dep_hour_share_work_7,0.24453936128269155,0.2929843229,-4.844496161730843,8306
group_employed,dep_hour_share_work_8,0.12332238139045867,0.1393403832,-1.6018001809541327,8306
group_employed,dep_hour_share_work_9,0.05062426074385596,0.04454627175,0.6077988993855963,8306
group_employed,mean_work_activity_h,5.829051031939048,6.413291728,-0.5842406960609523,8306
group_employed,mobility_rate,0.8858475532833145,0.8843540212,0.1493532083314597,8306
group_employed,n_persons_unweighted,481952.0,8306.0,473646.0,8306
group_employed,n_persons_weighted,481952.0,368677.1635,113274.83649999998,8306
group_employed,n_work_activities_measured,379932.0,6381.0,373551.0,8306
group_employed,nonhome_acts_per_mobile,2.238637641238968,2.230386497,0.008251144238967889,8306
group_employed,participation_education,0.04440276210079012,0.02445410636,1.994865574079012,8306
group_employed,participation_escort,0.12020076688134917,0.1295177499,-0.9316983018650832,8306
group_employed,participation_home,0.8858475532833145,0.8740086919,1.183886138331458,8306
group_employed,participation_leisure,0.34957423145873445,0.3440728261,0.5501405358734446,8306
group_employed,participation_other,0.21226387690060422,0.1370291684,7.523470850060421,8306
group_employed,participation_shop,0.18064662041033133,0.2560610329,-7.541441248966866,8306
group_employed,participation_work,0.6359990206493593,0.6693693964,-3.3370375750640724,8306
group_employed,purpose_share_education,0.015622599206178483,0.007854271761,0.7768327445178482,8306
group_employed,purpose_share_escort,0.054804783579768736,0.06256987029,-0.776508671023126,8306
group_employed,purpose_share_home,0.41258990108575805,0.4130741417,-0.048424061424195974,8306
group_employed,purpose_share_leisure,0.13508794357450774,0.1393625909,-0.42746473254922646,8306
group_employed,purpose_share_other,0.08625157184773083,0.0500511201,3.620045174773083,8306
group_employed,purpose_share_shop,0.06181740630066635,0.09055202884,-2.8734622539333654,8306
group_employed,purpose_share_work,0.23382579440538984,0.2365359764,-0.271018199461015,8306
group_employed,share_mobile_first_from_home,1.0,0.9720015975,2.7998402499999964,8306
group_employed,share_mobile_last_to_home,1.0,0.9703182882,2.968171180000001,8306
group_employed,share_mobile_odd_trip_count,0.2925731257143928,0.2325930236,5.998010211439281,8306
group_employed,share_trips_0,0.11415244671668548,0.1156459788,-0.14935320833145138,8306
group_employed,share_trips_1,0.0007573368302237568,0.006717092602,-0.5959755771776243,8306
group_employed,share_trips_2,0.31303117322886925,0.3303942433,-1.7363070071130748,8306
group_employed,share_trips_3,0.11776483965208154,0.08197741347,3.578742618208154,8306
group_employed,share_trips_4,0.20443114667020781,0.2274963493,-2.3065202629792196,8306
group_employed,share_trips_5,0.09182864683619946,0.07370601306,1.812263377619945,8306
group_employed,share_trips_6,0.07507801606799017,0.08066941283,-0.5591396762009828,8306
group_employed,share_trips_7,0.037426963681030476,0.03092519294,0.6501770741030477,8306
group_employed,share_trips_8plus,0.045529430316712034,0.05246830365,-0.6938873333287965,8306
group_employed,share_trips_followed_by_same_purpose,0.1026958955567875,0.04597792575,5.671796980678749,8306
group_employed,share_trips_home_based,0.8026035821533976,0.8258944571,-2.3290874946602425,8306
group_employed,share_trips_unknown_purpose,0.0,0.000843737046,-0.0843737046,8306
group_employed,share_work_activities_lt_2h,0.1930108545739764,0.09869562417,9.431523040397641,8306
group_employed,tours_per_mobile,1.5723925834317087,1.567474532,0.004918051431708648,8306
group_employed,trips_per_mobile_person,3.8110302246706764,3.797861029,0.013169195670676537,8306
group_employed,trips_per_person,3.375991800013279,3.358653673,0.01733812701327908,8306
group_employed,trips_per_person_education,0.052741766814952525,0.0263575211,0.026384245714952525,8306
group_employed,trips_per_person_escort,0.18502049996680167,0.2099732129,-0.02495271293319834,8306
group_employed,trips_per_person_home,1.3929001228338092,1.386202405,0.006697717833809236,8306
group_employed,trips_per_person_leisure,0.45605578978819467,0.4676757491,-0.011619959311805317,8306
group_employed,trips_per_person_other,0.29118459929619545,0.1679625425,0.12322205679619544,8306
group_employed,trips_per_person_shop,0.20869505676913883,0.3038762961,-0.09518123933086117,8306
group_employed,trips_per_person_work,0.789393964544187,0.7937721256,-0.004378161055813012,8306
group_school_age_6_17_not_employed,dep_hour_share_all_10,0.013703479383938028,0.004852529859,0.8850949524938028,2039
group_school_age_6_17_not_employed,dep_hour_share_all_11,0.029788128444883252,0.0116889465,1.8099181944883254,2039
group_school_age_6_17_not_employed,dep_hour_share_all_12,0.06648192551170258,0.04704768664,1.9434238871702578,2039
group_school_age_6_17_not_employed,dep_hour_share_all_13,0.09584968486145796,0.1459580498,-5.010836493854202,2039
group_school_age_6_17_not_employed,dep_hour_share_all_14,0.08178944486389168,0.06265069258,1.9138752283891682,2039
group_school_age_6_17_not_employed,dep_hour_share_all_15,0.11258424666816008,0.1208105689,-0.8226322231839917,2039
group_school_age_6_17_not_employed,dep_hour_share_all_16,0.08385810330570513,0.09315958288,-0.9301479574294863,2039
group_school_age_6_17_not_employed,dep_hour_share_all_17,0.07376371385033201,0.0706701085,0.30936053503320127,2039
group_school_age_6_17_not_employed,dep_hour_share_all_18,0.06635470854870336,0.06628889492,0.006581362870336505,2039
group_school_age_6_17_not_employed,dep_hour_share_all_19,0.031157093590200975,0.03485212832,-0.36950347297990266,2039
group_school_age_6_17_not_employed,dep_hour_share_all_20,0.02341621795031348,0.01218693355,1.1229284400313482,2039
group_school_age_6_17_not_employed,dep_hour_share_all_21,0.010489868275131573,0.005751210037,0.47386582381315734,2039
group_school_age_6_17_not_employed,dep_hour_share_all_22,0.005730294507269343,0.0005689665699,0.5161327937369343,2039
group_school_age_6_17_not_employed,dep_hour_share_all_23,0.0016676484497506823,0.0,0.16676484497506824,2039
group_school_age_6_17_not_employed,dep_hour_share_all_4,5.254613689098336e-05,0.0,0.005254613689098336,2039
group_school_age_6_17_not_employed,dep_hour_share_all_5,0.0007964888118212215,0.000127114887,0.06693739248212215,2039
group_school_age_6_17_not_employed,dep_hour_share_all_6,0.06985594061733415,0.0318838463,3.797209431733415,2039
group_school_age_6_17_not_employed,dep_hour_share_all_7,0.1840248681506802,0.2589932479,-7.49683797493198,2039
group_school_age_6_17_not_employed,dep_hour_share_all_8,0.02880634536086751,0.02246919302,0.633715234086751,2039
group_school_age_6_17_not_employed,dep_hour_share_all_9,0.015586843553556958,0.009455215519,0.6131628034556958,2039
group_school_age_6_17_not_employed,dep_hour_share_education_10,0.013408495731728054,0.00408476501,0.9323730721728054,2039
group_school_age_6_17_not_employed,dep_hour_share_education_11,0.013893140155766419,0.008428312366,0.5464827789766419,2039
group_school_age_6_17_not_employed,dep_hour_share_education_12,0.019394279495289598,0.02072226174,-0.1327982244710403,2039
group_school_age_6_17_not_employed,dep_hour_share_education_13,0.02355201850151345,0.01774976563,0.5802252871513449,2039
group_school_age_6_17_not_employed,dep_hour_share_education_14,0.013340475461687583,0.007555601704,0.5784873757687583,2039
group_school_age_6_17_not_employed,dep_hour_share_education_15,0.028508995680712853,0.006367729584,2.2141266096712853,2039
group_school_age_6_17_not_employed,dep_hour_share_education_16,0.01697955990885284,0.01031621312,0.6663346788852837,2039
group_school_age_6_17_not_employed,dep_hour_share_education_17,0.00565418494711424,0.005115461704,0.05387232431142402,2039
group_school_age_6_17_not_employed,dep_hour_share_education_18,0.0017685270210522736,0.002411390218,-0.06428631969477262,2039
group_school_age_6_17_not_employed,dep_hour_share_education_19,0.004973982246709519,0.0,0.4973982246709519,2039
group_school_age_6_17_not_employed,dep_hour_share_education_20,0.0002295684113865932,0.0,0.02295684113865932,2039
group_school_age_6_17_not_employed,dep_hour_share_education_21,0.00020406081012141618,0.0,0.020406081012141617,2039
group_school_age_6_17_not_employed,dep_hour_share_education_22,5.1015202530354045e-05,0.0,0.005101520253035404,2039
group_school_age_6_17_not_employed,dep_hour_share_education_23,2.5507601265177022e-05,0.0,0.002550760126517702,2039
group_school_age_6_17_not_employed,dep_hour_share_education_4,5.1015202530354045e-05,0.0,0.005101520253035404,2039
group_school_age_6_17_not_employed,dep_hour_share_education_5,0.0022106587763153418,0.0003835214219,0.18271373544153416,2039
group_school_age_6_17_not_employed,dep_hour_share_education_6,0.2104037003026902,0.08895276388,12.145093642269021,2039
group_school_age_6_17_not_employed,dep_hour_share_education_7,0.5444087338026732,0.7528988287,-20.849009489732683,2039
group_school_age_6_17_not_employed,dep_hour_share_education_8,0.06908308675985443,0.05646682635,1.2616260409854432,2039
group_school_age_6_17_not_employed,dep_hour_share_education_9,0.029588817467605347,0.01854655854,1.1042258927605346,2039
group_school_age_6_17_not_employed,dep_hour_share_escort_10,0.005084437988015254,0.0,0.5084437988015253,2039
group_school_age_6_17_not_employed,dep_hour_share_escort_11,0.012892682041038678,0.0,1.2892682041038679,2039
group_school_age_6_17_not_employed,dep_hour_share_escort_12,0.021245687307063738,0.02795913792,-0.671345061293626,2039
group_school_age_6_17_not_employed,dep_hour_share_escort_13,0.0762665698202288,0.08220767149,-0.59411016697712,2039
group_school_age_6_17_not_employed,dep_hour_share_escort_14,0.12420555656437261,0.07240303599,5.180252057437261,2039
group_school_age_6_17_not_employed,dep_hour_share_escort_15,0.10786272017432359,0.1032585777,0.4604142474323586,2039
group_school_age_6_17_not_employed,dep_hour_share_escort_16,0.15761757762847287,0.12591905,3.1698527628472863,2039
group_school_age_6_17_not_employed,dep_hour_share_escort_17,0.08934083893226802,0.06362312336,2.571771557226801,2039
group_school_age_6_17_not_employed,dep_hour_share_escort_18,0.07989831124023969,0.1265584136,-4.666010235976032,2039
group_school_age_6_17_not_employed,dep_hour_share_escort_19,0.046304703105138914,0.007267419708,3.903728339713891,2039
group_school_age_6_17_not_employed,dep_hour_share_escort_20,0.0032685672780098057,0.02209321154,-1.8824644261990195,2039
group_school_age_6_17_not_employed,dep_hour_share_escort_21,0.0019974577810059923,0.0,0.19974577810059924,2039
group_school_age_6_17_not_employed,dep_hour_share_escort_22,0.0010895224260032686,0.0,0.10895224260032686,2039
group_school_age_6_17_not_employed,dep_hour_share_escort_23,0.0003631741420010895,0.0,0.03631741420010895,2039
group_school_age_6_17_not_employed,dep_hour_share_escort_4,0.002360631923007082,0.0,0.23606319230070819,2039
group_school_age_6_17_not_employed,dep_hour_share_escort_5,0.0009079353550027238,0.0,0.09079353550027239,2039
group_school_age_6_17_not_employed,dep_hour_share_escort_6,0.04902850917014709,0.01359617894,3.5432330230147087,2039
group_school_age_6_17_not_employed,dep_hour_share_escort_7,0.14581441801343745,0.2971169262,-15.130250818656258,2039
group_school_age_6_17_not_employed,dep_hour_share_escort_8,0.058107862720174326,0.04864146745,0.9466395270174323,2039
group_school_age_6_17_not_employed,dep_hour_share_escort_9,0.010168875976030507,0.00935578603,0.08130899460305069,2039
group_school_age_6_17_not_employed,dep_hour_share_home_10,0.013824884792626729,0.002365747199,1.145913759362673,2039
group_school_age_6_17_not_employed,dep_hour_share_home_11,0.0376119134386107,0.01155157767,2.60603357686107,2039
group_school_age_6_17_not_employed,dep_hour_share_home_12,0.11880659943826363,0.07669321947,4.211337996826363,2039
group_school_age_6_17_not_employed,dep_hour_share_home_13,0.1659436078386004,0.2799588785,-11.40152706613996,2039
group_school_age_6_17_not_employed,dep_hour_share_home_14,0.10653709452467719,0.08111673494,2.5420359584677183,2039
group_school_age_6_17_not_employed,dep_hour_share_home_15,0.13725906073051436,0.1705628224,-3.330376166948565,2039
group_school_age_6_17_not_employed,dep_hour_share_home_16,0.07699130401249446,0.08199135047,-0.5000046457505541,2039
group_school_age_6_17_not_employed,dep_hour_share_home_17,0.09054624684264312,0.07958448163,1.0961765212643124,2039
group_school_age_6_17_not_employed,dep_hour_share_home_18,0.1094293298369422,0.1105098613,-0.10805314630577961,2039
group_school_age_6_17_not_employed,dep_hour_share_home_19,0.05420048975184621,0.06291849348,-0.8718003728153796,2039
group_school_age_6_17_not_employed,dep_hour_share_home_20,0.03892306011350417,0.02314635867,1.5776701443504169,2039
group_school_age_6_17_not_employed,dep_hour_share_home_21,0.0212032984336939,0.009675159595,1.15281388386939,2039
group_school_age_6_17_not_employed,dep_hour_share_home_22,0.012282359292752058,0.001259461757,1.1022897535752056,2039
group_school_age_6_17_not_employed,dep_hour_share_home_23,0.0036056533559570406,0.0,0.3605653355957041,2039
group_school_age_6_17_not_employed,dep_hour_share_home_4,0.0,0.0,0.0,2039
group_school_age_6_17_not_employed,dep_hour_share_home_5,6.4271895828111244e-06,0.0,0.0006427189582811125,2039
group_school_age_6_17_not_employed,dep_hour_share_home_6,7.712627499373349e-05,0.0,0.00771262749937335,2039
group_school_age_6_17_not_employed,dep_hour_share_home_7,0.0006041558207842457,0.002685606568,-0.20814507472157545,2039
group_school_age_6_17_not_employed,dep_hour_share_home_8,0.0009769328165872909,0.002041453591,-0.10645207744127093,2039
group_school_age_6_17_not_employed,dep_hour_share_home_9,0.004319071399649076,0.002643654981,0.16754164186490758,2039
group_school_age_6_17_not_employed,dep_hour_share_leisure_10,0.004269951632406288,0.01007066789,-0.5800716257593711,2039
group_school_age_6_17_not_employed,dep_hour_share_leisure_11,0.005516928657799274,0.013950877,-0.8433948342200727,2039
group_school_age_6_17_not_employed,dep_hour_share_leisure_12,0.026583282950423216,0.01751160838,0.9071674570423214,2039
group_school_age_6_17_not_employed,dep_hour_share_leisure_13,0.048424274486094314,0.04175505295,0.6669221536094311,2039
group_school_age_6_17_not_employed,dep_hour_share_leisure_14,0.13896236396614267,0.1012187429,3.7743621066142667,2039
group_school_age_6_17_not_employed,dep_hour_share_leisure_15,0.1972490931076179,0.210475159,-1.3226065892382093,2039
group_school_age_6_17_not_employed,dep_hour_share_leisure_16,0.22925483675937122,0.2863656329,-5.711079614062878,2039
group_school_age_6_17_not_employed,dep_hour_share_leisure_17,0.17185610640870616,0.1771457575,-0.528965109129384,2039
group_school_age_6_17_not_employed,dep_hour_share_leisure_18,0.07289147521160823,0.07217873783,0.07127373816082222,2039
group_school_age_6_17_not_employed,dep_hour_share_leisure_19,0.02919059854897219,0.03472016856,-0.5529570011027811,2039
group_school_age_6_17_not_employed,dep_hour_share_leisure_20,0.039487605804111245,0.009631846735,2.9855759069111247,2039
group_school_age_6_17_not_employed,dep_hour_share_leisure_21,0.007462968561064087,0.006517156929,0.09458116320640872,2039
group_school_age_6_17_not_employed,dep_hour_share_leisure_22,0.0024183796856106408,0.0,0.24183796856106407,2039
group_school_age_6_17_not_employed,dep_hour_share_leisure_23,0.00022672309552599758,0.0,0.02267230955259976,2039
group_school_age_6_17_not_employed,dep_hour_share_leisure_4,0.0,0.0,0.0,2039
group_school_age_6_17_not_employed,dep_hour_share_leisure_5,0.0,0.0,0.0,2039
group_school_age_6_17_not_employed,dep_hour_share_leisure_6,0.0005857013301088271,0.0008331053387,-0.02474040085911729,2039
group_school_age_6_17_not_employed,dep_hour_share_leisure_7,0.007311819830713422,0.008579893927,-0.1268074096286577,2039
group_school_age_6_17_not_employed,dep_hour_share_leisure_8,0.010655985489721886,0.002718094349,0.7937891140721887,2039
group_school_age_6_17_not_employed,dep_hour_share_leisure_9,0.006386033857315599,0.006327497793,0.005853606431559851,2039
group_school_age_6_17_not_employed,dep_hour_share_other_10,0.03824796766025498,0.00869146934,2.9556498320254985,2039
group_school_age_6_17_not_employed,dep_hour_share_other_11,0.12056328017413709,0.03675929078,8.380398939413707,2039
group_school_age_6_17_not_employed,dep_hour_share_other_12,0.06179201279374528,0.05742986744,0.4362145353745281,2039
group_school_age_6_17_not_employed,dep_hour_share_other_13,0.13317933454755454,0.1074905899,2.568874464755454,2039
group_school_age_6_17_not_employed,dep_hour_share_other_14,0.11572120296743814,0.1578693725,-4.214816953256186,2039
group_school_age_6_17_not_employed,dep_hour_share_other_15,0.1285593709741904,0.1724000135,-4.38406425258096,2039
group_school_age_6_17_not_employed,dep_hour_share_other_16,0.11194527120074631,0.1364216281,-2.447635689925369,2039
group_school_age_6_17_not_employed,dep_hour_share_other_17,0.05881569010705877,0.1022874004,-4.347171029294124,2039
group_school_age_6_17_not_employed,dep_hour_share_other_18,0.0514859402070099,0.02318103046,2.8304909747009903,2039
group_school_age_6_17_not_employed,dep_hour_share_other_19,0.017280440673448538,0.002782435136,1.4498005537448537,2039
group_school_age_6_17_not_employed,dep_hour_share_other_20,0.006929945360046199,0.0,0.6929945360046199,2039
group_school_age_6_17_not_employed,dep_hour_share_other_21,0.0023099817866820667,0.008538957137,-0.6228975350317933,2039
group_school_age_6_17_not_employed,dep_hour_share_other_22,0.000488649993336591,0.0,0.0488649993336591,2039
group_school_age_6_17_not_employed,dep_hour_share_other_23,0.0006663409000044422,0.0,0.06663409000044422,2039
group_school_age_6_17_not_employed,dep_hour_share_other_4,0.0,0.0,0.0,2039
group_school_age_6_17_not_employed,dep_hour_share_other_5,0.0,0.0,0.0,2039
group_school_age_6_17_not_employed,dep_hour_share_other_6,0.0064412953667096085,0.05645224043,-5.001094506329039,2039
group_school_age_6_17_not_employed,dep_hour_share_other_7,0.05015325840700102,0.05998543478,-0.9832176372998978,2039
group_school_age_6_17_not_employed,dep_hour_share_other_8,0.04895384478699302,0.03519382514,1.376001964699302,2039
group_school_age_6_17_not_employed,dep_hour_share_other_9,0.043756385766958374,0.03451644511,0.9239940656958372,2039
group_school_age_6_17_not_employed,dep_hour_share_shop_10,0.014196479273140262,0.02183297751,-0.7636498236859739,2039
group_school_age_6_17_not_employed,dep_hour_share_shop_11,0.026263486655309483,0.02490489922,0.13585874353094843,2039
group_school_age_6_17_not_employed,dep_hour_share_shop_12,0.047984099943214086,0.03117801132,1.6806088623214084,2039
group_school_age_6_17_not_employed,dep_hour_share_shop_13,0.011641113003975015,0.1173670595,-10.572594649602499,2039
group_school_age_6_17_not_employed,dep_hour_share_shop_14,0.11115843270868825,0.1249227788,-1.3764346091311745,2039
group_school_age_6_17_not_employed,dep_hour_share_shop_15,0.2890403180011357,0.185199729,10.38405890011357,2039
group_school_age_6_17_not_employed,dep_hour_share_shop_16,0.11456558773424191,0.2139386303,-9.937304256575807,2039
group_school_age_6_17_not_employed,dep_hour_share_shop_17,0.1416808631459398,0.1164125599,2.52683032459398,2039
group_school_age_6_17_not_employed,dep_hour_share_shop_18,0.1848381601362862,0.0914343131,9.34038470362862,2039
group_school_age_6_17_not_employed,dep_hour_share_shop_19,0.008091993185689948,0.03923174546,-3.1139752274310055,2039
group_school_age_6_17_not_employed,dep_hour_share_shop_20,0.017035775127768313,0.0,1.7035775127768313,2039
group_school_age_6_17_not_employed,dep_hour_share_shop_21,0.0017035775127768314,0.00779101139,-0.6087433877223168,2039
group_school_age_6_17_not_employed,dep_hour_share_shop_22,0.0014196479273140261,0.0,0.1419647927314026,2039
group_school_age_6_17_not_employed,dep_hour_share_shop_23,0.0014196479273140261,0.0,0.1419647927314026,2039
group_school_age_6_17_not_employed,dep_hour_share_shop_4,0.0,0.0,0.0,2039
group_school_age_6_17_not_employed,dep_hour_share_shop_5,0.0,0.0,0.0,2039
group_school_age_6_17_not_employed,dep_hour_share_shop_6,0.0007098239636570131,0.001267157411,-0.05573334473429869,2039
group_school_age_6_17_not_employed,dep_hour_share_shop_7,0.007524134014764338,0.01321060733,-0.5686473315235663,2039
group_school_age_6_17_not_employed,dep_hour_share_shop_8,0.005110732538330494,0.006089160854,-0.09784283156695062,2039
group_school_age_6_17_not_employed,dep_hour_share_shop_9,0.010079500283929585,0.005219358949,0.4860141334929585,2039
group_school_age_6_17_not_employed,dep_hour_share_work_10,0.030303030303030304,0.07259115337,-4.228812306696969,2039
group_school_age_6_17_not_employed,dep_hour_share_work_11,0.05808080808080808,0.0,5.808080808080808,2039
group_school_age_6_17_not_employed,dep_hour_share_work_12,0.050505050505050504,0.0944943088,-4.398925829494949,2039
group_school_age_6_17_not_employed,dep_hour_share_work_13,0.015151515151515152,0.0,1.5151515151515151,2039
group_school_age_6_17_not_employed,dep_hour_share_work_14,0.005050505050505051,0.07057305695,-6.552255189949495,2039
group_school_age_6_17_not_employed,dep_hour_share_work_15,0.09090909090909091,0.0,9.090909090909092,2039
group_school_age_6_17_not_employed,dep_hour_share_work_16,0.04292929292929293,0.0,4.292929292929292,2039
group_school_age_6_17_not_employed,dep_hour_share_work_17,0.022727272727272728,0.0,2.272727272727273,2039
group_school_age_6_17_not_employed,dep_hour_share_work_18,0.0,0.0,0.0,2039
group_school_age_6_17_not_employed,dep_hour_share_work_19,0.005050505050505051,0.0,0.5050505050505051,2039
group_school_age_6_17_not_employed,dep_hour_share_work_20,0.0,0.0,0.0,2039
group_school_age_6_17_not_employed,dep_hour_share_work_21,0.0,0.0,0.0,2039
group_school_age_6_17_not_employed,dep_hour_share_work_22,0.0,0.0,0.0,2039
group_school_age_6_17_not_employed,dep_hour_share_work_23,0.0,0.0,0.0,2039
group_school_age_6_17_not_employed,dep_hour_share_work_4,0.0,0.0,0.0,2039
group_school_age_6_17_not_employed,dep_hour_share_work_5,0.05555555555555555,0.0,5.555555555555555,2039
group_school_age_6_17_not_employed,dep_hour_share_work_6,0.12626262626262627,0.2881153767,-16.18527504373737,2039
group_school_age_6_17_not_employed,dep_hour_share_work_7,0.11616161616161616,0.1723300192,-5.616840303838383,2039
group_school_age_6_17_not_employed,dep_hour_share_work_8,0.29545454545454547,0.301896085,-0.6441539545454511,2039
group_school_age_6_17_not_employed,dep_hour_share_work_9,0.08585858585858586,0.0,8.585858585858585,2039
group_school_age_6_17_not_employed,mean_work_activity_h,4.663888888888889,5.907507402,-1.2436185131111115,2039
group_school_age_6_17_not_employed,mobility_rate,0.9497953983940705,0.9367116051,1.30837932940705,2039
group_school_age_6_17_not_employed,n_persons_unweighted,103616.0,2039.0,101577.0,2039
group_school_age_6_17_not_employed,n_persons_weighted,103616.0,89789.72359,13826.276410000006,2039
group_school_age_6_17_not_employed,n_work_activities_measured,396.0,10.0,386.0,2039
group_school_age_6_17_not_employed,nonhome_acts_per_mobile,2.0931777999065173,1.741985937,0.3511918629065174,2039
group_school_age_6_17_not_employed,participation_education,0.9125424644842496,0.9042394712,0.8302993284249549,2039
group_school_age_6_17_not_employed,participation_escort,0.0439796942557134,0.04049675403,0.34829402257134034,2039
group_school_age_6_17_not_employed,participation_home,0.9497953983940705,0.9309919452,1.8803453194070507,2039
group_school_age_6_17_not_employed,participation_leisure,0.40507257566399013,0.3735023671,3.1570208563990123,2039
group_school_age_6_17_not_employed,participation_other,0.16101760345892527,0.06818021605,9.283738740892526,2039
group_school_age_6_17_not_employed,participation_shop,0.04873764669549104,0.07397364543,-2.5235998734508955,2039
group_school_age_6_17_not_employed,participation_work,0.003262044471896232,0.005583494362,-0.23214498901037678,2039
group_school_age_6_17_not_employed,purpose_share_education,0.3252661185274913,0.3295319444,-0.42658258725086773,2039
group_school_age_6_17_not_employed,purpose_share_escort,0.015230082939928703,0.01580758614,-0.05775032000712964,2039
group_school_age_6_17_not_employed,purpose_share_home,0.43029478382795844,0.4560375202,-2.574273637204155,2039
group_school_age_6_17_not_employed,purpose_share_leisure,0.1463769438613667,0.1422250527,0.41518911613667164,2039
group_school_age_6_17_not_employed,purpose_share_other,0.06225610987120665,0.02619794688,3.605816299120665,2039
group_school_age_6_17_not_employed,purpose_share_shop,0.019480788855794042,0.02833535593,-0.8854567074205958,2039
group_school_age_6_17_not_employed,purpose_share_work,0.0010951721162541794,0.001864593728,-0.07694216117458207,2039
group_school_age_6_17_not_employed,share_mobile_first_from_home,1.0,0.996796643,0.3203356999999962,2039
group_school_age_6_17_not_employed,share_mobile_last_to_home,1.0,0.9931863101,0.6813689899999975,2039
group_school_age_6_17_not_employed,share_mobile_odd_trip_count,0.22355559168411,0.1291488306,9.440676108411001,2039
group_school_age_6_17_not_employed,share_trips_0,0.050204601605929586,0.06328839487,-1.3083793264070414,2039
group_school_age_6_17_not_employed,share_trips_1,9.651019147621989e-05,0.001312846878,-0.12163366865237803,2039
group_school_age_6_17_not_employed,share_trips_2,0.3710044780728845,0.4390186621,-6.801418402711551,2039
group_school_age_6_17_not_employed,share_trips_3,0.06914955219271154,0.07261831676,-0.34687645672884515,2039
group_school_age_6_17_not_employed,share_trips_4,0.256842572575664,0.3166755863,-5.983301372433597,2039
group_school_age_6_17_not_employed,share_trips_5,0.12094657195799877,0.03707943508,8.386713687799876,2039
group_school_age_6_17_not_employed,share_trips_6,0.0721992742433601,0.05328088329,1.8918390953360107,2039
group_school_age_6_17_not_employed,share_trips_7,0.017014746757257566,0.009326168373,0.7688578384257566,2039
group_school_age_6_17_not_employed,share_trips_8plus,0.042541692402717726,0.007399706353,3.514198604971773,2039
group_school_age_6_17_not_employed,share_trips_followed_by_same_purpose,0.10884517419044379,0.0224786539,8.636652029044377,2039
group_school_age_6_17_not_employed,share_trips_home_based,0.8384731751971172,0.9123354716,-7.386229640288278,2039
group_school_age_6_17_not_employed,share_trips_unknown_purpose,0.0,0.000951513076,-0.0951513076,2039
group_school_age_6_17_not_employed,share_work_activities_lt_2h,0.25,0.0944943088,15.550569120000002,2039
group_school_age_6_17_not_employed,tours_per_mobile,1.5809640904749325,1.457862408,0.12310168247493247,2039
group_school_age_6_17_not_employed,trips_per_mobile_person,3.67414189038145,3.199848344,0.47429354638145016,2039
group_school_age_6_17_not_employed,trips_per_person,3.489683060531192,2.997335079,0.49234798153119197,2039
group_school_age_6_17_not_employed,trips_per_person_education,1.1350756639901174,0.9867778301,0.14829783389011741,2039
group_school_age_6_17_not_employed,trips_per_person_escort,0.05314816244595429,0.04733554915,0.00581261329595429,2039
group_school_age_6_17_not_employed,trips_per_person_home,1.5015924181593576,1.365596636,0.1359957821593576,2039
group_school_age_6_17_not_employed,trips_per_person_leisure,0.5108091414453366,0.4258905133,0.08491862814533663,2039
group_school_age_6_17_not_employed,trips_per_person_other,0.2172540920321186,0.07844930853,0.1388047835021186,2039
group_school_age_6_17_not_employed,trips_per_person_shop,0.06798177887584929,0.08484974377,-0.01686796489415071,2039
group_school_age_6_17_not_employed,trips_per_person_work,0.0038218035824583076,0.005583494362,-0.0017616907795416923,2039
group_senior_65plus_not_employed,dep_hour_share_all_10,0.10933504093013173,0.123969224,-1.4634183069868274,4339
group_senior_65plus_not_employed,dep_hour_share_all_11,0.08481710915638563,0.1176306263,-3.281351714361437,4339
group_senior_65plus_not_employed,dep_hour_share_all_12,0.07206633933267224,0.08783974196,-1.577340262732775,4339
group_senior_65plus_not_employed,dep_hour_share_all_13,0.06732695527193747,0.06971876615,-0.23918108780625336,4339
group_senior_65plus_not_employed,dep_hour_share_all_14,0.07875888759971576,0.07765345569,0.1105431909715765,4339
group_senior_65plus_not_employed,dep_hour_share_all_15,0.07542064291822405,0.08177841478,-0.6357771861775954,4339
group_senior_65plus_not_employed,dep_hour_share_all_16,0.0735196701501106,0.075231048,-0.1711377849889395,4339
group_senior_65plus_not_employed,dep_hour_share_all_17,0.06248720306082711,0.06176249265,0.07247104108271119,4339
group_senior_65plus_not_employed,dep_hour_share_all_18,0.05235804932492382,0.04587436006,0.648368926492382,4339
group_senior_65plus_not_employed,dep_hour_share_all_19,0.03392242746393773,0.02398184197,0.9940585493937726,4339
group_senior_65plus_not_employed,dep_hour_share_all_20,0.018138532135874387,0.01225640014,0.5882131995874387,4339
group_senior_65plus_not_employed,dep_hour_share_all_21,0.01387489310791985,0.01389848055,-0.0023587442080150525,4339
group_senior_65plus_not_employed,dep_hour_share_all_22,0.010928084212892892,0.007401073552,0.3527010660892892,4339
group_senior_65plus_not_employed,dep_hour_share_all_23,0.004562736116073759,0.002702357254,0.18603788620737585,4339
group_senior_65plus_not_employed,dep_hour_share_all_4,0.0018507886929256512,0.0005019455823,0.13488431106256513,4339
group_senior_65plus_not_employed,dep_hour_share_all_5,0.003384414030664477,0.0004406899397,0.29437240909644774,4339
group_senior_65plus_not_employed,dep_hour_share_all_6,0.012684526844465499,0.004025912121,0.8658614723465498,4339
group_senior_65plus_not_employed,dep_hour_share_all_7,0.04089199182601783,0.02579421847,1.5097773356017832,4339
group_senior_65plus_not_employed,dep_hour_share_all_8,0.06970969516185369,0.06683868198,0.28710131818536905,4339
group_senior_65plus_not_employed,dep_hour_share_all_9,0.10308812725075578,0.09938054822,0.37075790307557754,4339
group_senior_65plus_not_employed,dep_hour_share_education_10,0.059938208032955714,0.01199914598,4.793906205295571,4339
group_senior_65plus_not_employed,dep_hour_share_education_11,0.03975283213182286,0.08425665059,-4.450381845817714,4339
group_senior_65plus_not_employed,dep_hour_share_education_12,0.06529351184346036,0.01715607438,4.813743746346036,4339
group_senior_65plus_not_employed,dep_hour_share_education_13,0.06282183316168898,0.00989904158,5.292279158168897,4339
group_senior_65plus_not_employed,dep_hour_share_education_14,0.04407826982492276,0.1568402122,-11.276194237507724,4339
group_senior_65plus_not_employed,dep_hour_share_education_15,0.05952626158599382,0.1626272836,-10.31010220140062,4339
group_senior_65plus_not_employed,dep_hour_share_education_16,0.0776519052523172,0.07789404902,-0.024214376768279255,4339
group_senior_65plus_not_employed,dep_hour_share_education_17,0.044284243048403706,0.1495685861,-10.528434305159632,4339
group_senior_65plus_not_employed,dep_hour_share_education_18,0.002883625128733265,0.09799489661,-9.511127148126675,4339
group_senior_65plus_not_employed,dep_hour_share_education_19,0.0,0.00764567786,-0.764567786,4339
group_senior_65plus_not_employed,dep_hour_share_education_20,0.00020597322348094748,0.0,0.02059732234809475,4339
group_senior_65plus_not_employed,dep_hour_share_education_21,0.0,0.0,0.0,4339
group_senior_65plus_not_employed,dep_hour_share_education_22,0.0,0.0,0.0,4339
group_senior_65plus_not_employed,dep_hour_share_education_23,0.0,0.0,0.0,4339
group_senior_65plus_not_employed,dep_hour_share_education_4,0.0,0.0,0.0,4339
group_senior_65plus_not_employed,dep_hour_share_education_5,0.0,0.0,0.0,4339
group_senior_65plus_not_employed,dep_hour_share_education_6,0.09515962924819774,0.0,9.515962924819773,4339
group_senior_65plus_not_employed,dep_hour_share_education_7,0.2630278063851699,0.0,26.302780638516992,4339
group_senior_65plus_not_employed,dep_hour_share_education_8,0.08094747682801236,0.1942102471,-11.326277027198765,4339
group_senior_65plus_not_employed,dep_hour_share_education_9,0.10442842430484037,0.02990813501,7.452028929484037,4339
group_senior_65plus_not_employed,dep_hour_share_escort_10,0.05039245432359343,0.04663537097,0.37570833535934334,4339
group_senior_65plus_not_employed,dep_hour_share_escort_11,0.047160477541059294,0.112495649,-6.533517145894072,4339
group_senior_65plus_not_employed,dep_hour_share_escort_12,0.07723764923158102,0.1233954962,-4.615784696841898,4339
group_senior_65plus_not_employed,dep_hour_share_escort_13,0.07064177824681749,0.1184254991,-4.778372085318251,4339
group_senior_65plus_not_employed,dep_hour_share_escort_14,0.12888331904227954,0.1115064822,1.737683684227953,4339
group_senior_65plus_not_employed,dep_hour_share_escort_15,0.16034562363960161,0.06272580147,9.761982216960162,4339
group_senior_65plus_not_employed,dep_hour_share_escort_16,0.03053888265945518,0.0534444049,-2.2905522240544816,4339
group_senior_65plus_not_employed,dep_hour_share_escort_17,0.0771716905217334,0.03374122629,4.343046423173339,4339
group_senior_65plus_not_employed,dep_hour_share_escort_18,0.053162720137194114,0.04046083234,1.2701887797194111,4339
group_senior_65plus_not_employed,dep_hour_share_escort_19,0.016159883912670668,0.01957471194,-0.34148280273293313,4339
group_senior_65plus_not_employed,dep_hour_share_escort_20,0.007519292922630433,0.01177691654,-0.42576236173695664,4339
group_senior_65plus_not_employed,dep_hour_share_escort_21,0.011806609062726733,0.001257406891,1.0549202171726733,4339
group_senior_65plus_not_employed,dep_hour_share_escort_22,0.005078820658267924,0.008341346795,-0.3262526136732075,4339
group_senior_65plus_not_employed,dep_hour_share_escort_23,0.004353274849943935,0.0,0.43532748499439355,4339
group_senior_65plus_not_employed,dep_hour_share_escort_4,0.0,0.002305654933,-0.2305654933,4339
group_senior_65plus_not_employed,dep_hour_share_escort_5,0.00685970582415408,0.0,0.685970582415408,4339
group_senior_65plus_not_employed,dep_hour_share_escort_6,0.01642371875206121,0.004658497359,1.1765221393061207,4339
group_senior_65plus_not_employed,dep_hour_share_escort_7,0.0877910428072027,0.08640632856,0.1384714247202698,4339
group_senior_65plus_not_employed,dep_hour_share_escort_8,0.05322867884704175,0.09850497542,-4.527629657295825,4339
group_senior_65plus_not_employed,dep_hour_share_escort_9,0.07545676406569488,0.05070407615,2.4752687915694875,4339
group_senior_65plus_not_employed,dep_hour_share_home_10,0.07989940117521117,0.1002612359,-2.036183472478882,4339
group_senior_65plus_not_employed,dep_hour_share_home_11,0.090277160981493,0.1233054618,-3.302830081850701,4339
group_senior_65plus_not_employed,dep_hour_share_home_12,0.08481715041674652,0.1068339671,-2.2016816683253477,4339
group_senior_65plus_not_employed,dep_hour_share_home_13,0.06177571884685325,0.06903153087,-0.7255812023146748,4339
group_senior_65plus_not_employed,dep_hour_share_home_14,0.08489194508201703,0.07123050455,1.3661440532017024,4339
group_senior_65plus_not_employed,dep_hour_share_home_15,0.0763092572422272,0.08267943615,-0.6370178907772792,4339
group_senior_65plus_not_employed,dep_hour_share_home_16,0.08681790771273239,0.0931523054,-0.633439768726761,4339
group_senior_65plus_not_employed,dep_hour_share_home_17,0.0950125982264315,0.07063709017,2.4375508056431503,4339
group_senior_65plus_not_employed,dep_hour_share_home_18,0.07140553200043007,0.05668713935,1.4718392650430068,4339
group_senior_65plus_not_employed,dep_hour_share_home_19,0.05153352437137421,0.03030490685,2.122861752137421,4339
group_senior_65plus_not_employed,dep_hour_share_home_20,0.03367162337146303,0.02250499527,1.116662810146303,4339
group_senior_65plus_not_employed,dep_hour_share_home_21,0.027080343494500256,0.03004900153,-0.29686580354997444,4339
group_senior_65plus_not_employed,dep_hour_share_home_22,0.02100795160785157,0.01488090604,0.6127045567851572,4339
group_senior_65plus_not_employed,dep_hour_share_home_23,0.008750975836648451,0.005661182032,0.30897938046484513,4339
group_senior_65plus_not_employed,dep_hour_share_home_4,7.946933184990581e-05,0.000453971782,-0.03745024501500942,4339
group_senior_65plus_not_employed,dep_hour_share_home_5,0.0007339226529667771,0.0001286825985,0.060524005446677714,4339
group_senior_65plus_not_employed,dep_hour_share_home_6,0.00263651195078511,0.002206542813,0.042996913778511024,4339
group_senior_65plus_not_employed,dep_hour_share_home_7,0.01221957843856787,0.01282550121,-0.060592277143213004,4339
group_senior_65plus_not_employed,dep_hour_share_home_8,0.029436375450520993,0.04417268038,-1.473630492947901,4339
group_senior_65plus_not_employed,dep_hour_share_home_9,0.06678696141997673,0.06249350161,0.4293459809976724,4339
group_senior_65plus_not_employed,dep_hour_share_leisure_10,0.1151735752702776,0.09162066961,2.3552905660277608,4339
group_senior_65plus_not_employed,dep_hour_share_leisure_11,0.07233117835606019,0.07996216928,-0.7630990923939804,4339
group_senior_65plus_not_employed,dep_hour_share_leisure_12,0.04115825501168034,0.07939738058,-3.8239125568319654,4339
group_senior_65plus_not_employed,dep_hour_share_leisure_13,0.0759059053620905,0.07059226913,0.5313636232090511,4339
group_senior_65plus_not_employed,dep_hour_share_leisure_14,0.0868039332862498,0.08614243829,0.06614949962498035,4339
group_senior_65plus_not_employed,dep_hour_share_leisure_15,0.08556527408051284,0.09801726609,-1.2451992009487156,4339
group_senior_65plus_not_employed,dep_hour_share_leisure_16,0.0745368609768023,0.07179394305,0.2742917926802299,4339
group_senior_65plus_not_employed,dep_hour_share_leisure_17,0.05408811865051339,0.08989302708,-3.5804908429486604,4339
group_senior_65plus_not_employed,dep_hour_share_leisure_18,0.06396479600152116,0.07937463061,-1.5409834608478834,4339
group_senior_65plus_not_employed,dep_hour_share_leisure_19,0.04605856467648178,0.04209959088,0.3958973796481774,4339
group_senior_65plus_not_employed,dep_hour_share_leisure_20,0.010267832889661542,0.009755469299,0.05123635906615423,4339
group_senior_65plus_not_employed,dep_hour_share_leisure_21,0.004520019557776932,0.003971118392,0.054890116577693215,4339
group_senior_65plus_not_employed,dep_hour_share_leisure_22,0.006128103438909111,0.003958117353,0.2169986085909111,4339
group_senior_65plus_not_employed,dep_hour_share_leisure_23,0.001173466615961319,0.001348461563,-0.017499494703868093,4339
group_senior_65plus_not_employed,dep_hour_share_leisure_4,0.0006953876242733742,0.0008958020999,-0.020041447562662577,4339
group_senior_65plus_not_employed,dep_hour_share_leisure_5,0.003237898625522899,0.0007633670105,0.2474531615022899,4339
group_senior_65plus_not_employed,dep_hour_share_leisure_6,0.014972564785136089,0.00616967497,0.8802889815136088,4339
group_senior_65plus_not_employed,dep_hour_share_leisure_7,0.03798554897593307,0.02334015425,1.464539472593307,4339
group_senior_65plus_not_employed,dep_hour_share_leisure_8,0.08014342369750638,0.08196618227,-0.18227585724936157,4339
group_senior_65plus_not_employed,dep_hour_share_leisure_9,0.12010648122996687,0.07893826818,4.1168213049966855,4339
group_senior_65plus_not_employed,dep_hour_share_other_10,0.12836049735360833,0.1893583864,-6.0997889046391665,4339
group_senior_65plus_not_employed,dep_hour_share_other_11,0.08421196337057885,0.1280928911,-4.388092772942115,4339
group_senior_65plus_not_employed,dep_hour_share_other_12,0.07041292111232463,0.04958492373,2.0827997382324623,4339
group_senior_65plus_not_employed,dep_hour_share_other_13,0.07279677392254054,0.05484277999,1.795399393254054,4339
group_senior_65plus_not_employed,dep_hour_share_other_14,0.06529866420230195,0.08758521163,-2.2286547427698062,4339
group_senior_65plus_not_employed,dep_hour_share_other_15,0.07859363185751492,0.07364563755,0.49479943075149135,4339
group_senior_65plus_not_employed,dep_hour_share_other_16,0.0739519448878434,0.05024453699,2.37074078978434,4339
group_senior_65plus_not_employed,dep_hour_share_other_17,0.030517516592455683,0.03270927158,-0.21917549875443143,4339
group_senior_65plus_not_employed,dep_hour_share_other_18,0.033993531042594304,0.008584095873,2.5409435169594303,4339
group_senior_65plus_not_employed,dep_hour_share_other_19,0.012045282701839872,0.005231311399,0.6813971302839872,4339
group_senior_65plus_not_employed,dep_hour_share_other_20,0.006500462068386121,0.001934678521,0.45657835473861214,4339
group_senior_65plus_not_employed,dep_hour_share_other_21,0.004925228933882215,0.0005419180645,0.43833108693822154,4339
group_senior_65plus_not_employed,dep_hour_share_other_22,0.0029719398470973704,0.0,0.297193984709737,4339
group_senior_65plus_not_employed,dep_hour_share_other_23,0.002173821725615391,0.0,0.2173821725615391,4339
group_senior_65plus_not_employed,dep_hour_share_other_4,0.0005880870368814584,0.0,0.05880870368814584,4339
group_senior_65plus_not_employed,dep_hour_share_other_5,0.000945139880702344,0.0005182940076,0.04268458731023439,4339
group_senior_65plus_not_employed,dep_hour_share_other_6,0.020499033857010837,0.002057351153,1.8441682704010836,4339
group_senior_65plus_not_employed,dep_hour_share_other_7,0.07940225153322691,0.04624792396,3.3154327573226916,4339
group_senior_65plus_not_employed,dep_hour_share_other_8,0.08719440477190624,0.1059706263,-1.877622152809376,4339
group_senior_65plus_not_employed,dep_hour_share_other_9,0.13335923716710074,0.158098286,-2.473904883289926,4339
group_senior_65plus_not_employed,dep_hour_share_shop_10,0.19204468565999164,0.1827957764,0.9248909259991639,4339
group_senior_65plus_not_employed,dep_hour_share_shop_11,0.10185278493586514,0.1417410105,-3.988822556413485,4339
group_senior_65plus_not_employed,dep_hour_share_shop_12,0.08008580107395304,0.07891649724,0.1169303833953042,4339
group_senior_65plus_not_employed,dep_hour_share_shop_13,0.06856887839569267,0.07532128749,-0.6752409094307327,4339
group_senior_65plus_not_employed,dep_hour_share_shop_14,0.0655888746526928,0.07097441111,-0.5385536457307203,4339
group_senior_65plus_not_employed,dep_hour_share_shop_15,0.04501677151865022,0.07057611148,-2.5559339961349776,4339
group_senior_65plus_not_employed,dep_hour_share_shop_16,0.04688827145386753,0.0594904772,-1.2602205746132473,4339
group_senior_65plus_not_employed,dep_hour_share_shop_17,0.021032780041173,0.03467602334,-1.3643243298827001,4339
group_senior_65plus_not_employed,dep_hour_share_shop_18,0.011776053438521228,0.00998674224,0.17893111985212273,4339
group_senior_65plus_not_employed,dep_hour_share_shop_19,0.0032679268099563797,0.004123654261,-0.08557274510436205,4339
group_senior_65plus_not_employed,dep_hour_share_shop_20,0.0022026114622172954,0.0,0.22026114622172954,4339
group_senior_65plus_not_employed,dep_hour_share_shop_21,0.000719807667391273,0.0007303560459,-0.0010548378508726947,4339
group_senior_65plus_not_employed,dep_hour_share_shop_22,0.0003599038336956365,0.0,0.03599038336956365,4339
group_senior_65plus_not_employed,dep_hour_share_shop_23,0.0002735269136086838,0.0,0.02735269136086838,4339
group_senior_65plus_not_employed,dep_hour_share_shop_4,4.3188460043476384e-05,0.0,0.004318846004347638,4339
group_senior_65plus_not_employed,dep_hour_share_shop_5,0.001367634568043419,0.0006641441515,0.07034904165434189,4339
group_senior_65plus_not_employed,dep_hour_share_shop_6,0.007845903574564876,0.003832019375,0.40138841995648755,4339
group_senior_65plus_not_employed,dep_hour_share_shop_7,0.03269366425291162,0.03223980374,0.04538605129116163,4339
group_senior_65plus_not_employed,dep_hour_share_shop_8,0.15411082158847156,0.06482276785,8.928805373847155,4339
group_senior_65plus_not_employed,dep_hour_share_shop_9,0.1629500597440364,0.1691089176,-0.6158857855963595,4339
group_senior_65plus_not_employed,dep_hour_share_work_10,0.02090824344120389,0.06664970941,-4.5741465968796104,4339
group_senior_65plus_not_employed,dep_hour_share_work_11,0.037554934079105075,0.1116948473,-7.413991322089491,4339
group_senior_65plus_not_employed,dep_hour_share_work_12,0.02836596084698362,0.05452728097,-2.616132012301638,4339
group_senior_65plus_not_employed,dep_hour_share_work_13,0.03569050472766014,0.05795050438,-2.225999965233986,4339
group_senior_65plus_not_employed,dep_hour_share_work_14,0.019176987614862164,0.05140635717,-3.2229369555137835,4339
group_senior_65plus_not_employed,dep_hour_share_work_15,0.005593288054334798,0.01959160178,-1.39983137256652,4339
group_senior_65plus_not_employed,dep_hour_share_work_16,0.007191370355573312,0.06361350919,-5.642213883442669,4339
group_senior_65plus_not_employed,dep_hour_share_work_17,0.009854840857637501,0.0,0.9854840857637501,4339
group_senior_65plus_not_employed,dep_hour_share_work_18,0.006125982154747636,0.0282476518,-2.2121669645252364,4339
group_senior_65plus_not_employed,dep_hour_share_work_19,0.002263949926754561,0.0,0.2263949926754561,4339
group_senior_65plus_not_employed,dep_hour_share_work_20,0.00013317352510320947,0.002804761883,-0.2671588357896791,4339
group_senior_65plus_not_employed,dep_hour_share_work_21,0.0006658676255160474,0.0,0.06658676255160474,4339
group_senior_65plus_not_employed,dep_hour_share_work_22,0.00013317352510320947,0.0,0.013317352510320946,4339
group_senior_65plus_not_employed,dep_hour_share_work_23,0.00013317352510320947,0.0,0.013317352510320946,4339
group_senior_65plus_not_employed,dep_hour_share_work_4,0.10414169663070981,0.007607627774,9.653406885670982,4339
group_senior_65plus_not_employed,dep_hour_share_work_5,0.12544946064722334,0.003425336628,12.202412401922334,4339
group_senior_65plus_not_employed,dep_hour_share_work_6,0.1556798508456519,0.08348231066,7.2197540185651885,4339
group_senior_65plus_not_employed,dep_hour_share_work_7,0.24250898921294448,0.1242190286,11.828996061294447,4339
group_senior_65plus_not_employed,dep_hour_share_work_8,0.11266480223731522,0.1341059355,-2.144113326268478,4339
group_senior_65plus_not_employed,dep_hour_share_work_9,0.04594486616060727,0.170423871,-12.447900483939273,4339
group_senior_65plus_not_employed,mean_work_activity_h,5.518679806454476,3.30246543,2.2162143764544764,4339
group_senior_65plus_not_employed,mobility_rate,0.7289587924299887,0.7434022921,-1.444349967001124,4339
group_senior_65plus_not_employed,n_persons_unweighted,211466.0,4339.0,207127.0,4339
group_senior_65plus_not_employed,n_persons_weighted,211466.0,172745.9997,38720.000300000014,4339
group_senior_65plus_not_employed,n_work_activities_measured,7509.0,114.0,7395.0,4339
group_senior_65plus_not_employed,nonhome_acts_per_mobile,1.843963671748297,2.325446883,-0.4814832112517031,4339
group_senior_65plus_not_employed,participation_education,0.017161151201611605,0.00987180536,0.7289345841611606,4339
group_senior_65plus_not_employed,participation_escort,0.053549979665761874,0.05132545591,0.22245237557618758,4339
group_senior_65plus_not_employed,participation_home,0.7289587924299887,0.7356316286,-0.6672836170011243,4339
group_senior_65plus_not_employed,participation_leisure,0.3470676137062223,0.4411329338,-9.406532009377772,4339
group_senior_65plus_not_employed,participation_other,0.3262746729970775,0.3040992676,2.217540539707752,4339
group_senior_65plus_not_employed,participation_shop,0.28996150681433425,0.4291520673,-13.919056048566574,4339
group_senior_65plus_not_employed,participation_work,0.029834583337274078,0.01745748322,1.2377100117274078,4339
group_senior_65plus_not_employed,purpose_share_education,0.009745747401468587,0.003403748817,0.6341998584468587,4339
group_senior_65plus_not_employed,purpose_share_escort,0.030433630556882644,0.0249097433,0.5523887256882645,4339
group_senior_65plus_not_employed,purpose_share_home,0.4294130872038638,0.4276283164,0.17847708038638,4339
group_senior_65plus_not_employed,purpose_share_leisure,0.18474765439632573,0.2151874717,-3.043981730367426,4339
group_senior_65plus_not_employed,purpose_share_other,0.19114913502728006,0.1286440155,6.250511952728008,4339
group_senior_65plus_not_employed,purpose_share_shop,0.13943745659077497,0.1926772718,-5.323981520922502,4339
group_senior_65plus_not_employed,purpose_share_work,0.015073288823404246,0.007549432521,0.7523856302404246,4339
group_senior_65plus_not_employed,share_mobile_first_from_home,1.0,0.9863450136,1.3654986399999958,4339
group_senior_65plus_not_employed,share_mobile_last_to_home,1.0,0.9841222301,1.5877769900000005,4339
group_senior_65plus_not_employed,share_mobile_odd_trip_count,0.3133052221861823,0.2620630164,5.124220578618227,4339
group_senior_65plus_not_employed,share_trips_0,0.27104120757001127,0.2565977079,1.444349967001124,4339
group_senior_65plus_not_employed,share_trips_1,0.0015463478762543388,0.006558269621,-0.5011921744745661,4339
group_senior_65plus_not_employed,share_trips_2,0.3268374112150417,0.2377342317,8.910317951504169,4339
group_senior_65plus_not_employed,share_trips_3,0.15220886572782386,0.0786535077,7.355535802782385,4339
group_senior_65plus_not_employed,share_trips_4,0.12173588189117872,0.1871940612,-6.545817930882129,4339
group_senior_65plus_not_employed,share_trips_5,0.053114921547671966,0.05648276457,-0.33678430223280376,4339
group_senior_65plus_not_employed,share_trips_6,0.044479963682104925,0.07896744276,-3.448747907789508,4339
group_senior_65plus_not_employed,share_trips_7,0.016886875431511447,0.03795945443,-2.107257899848855,4339
group_senior_65plus_not_employed,share_trips_8plus,0.012148525058401824,0.05985256017,-4.7704035111598175,4339
group_senior_65plus_not_employed,share_trips_followed_by_same_purpose,0.09870404644235055,0.05583601869,4.286802775235055,4339
group_senior_65plus_not_employed,share_trips_home_based,0.8260499512210789,0.8557544834,-2.9704532178921106,4339
group_senior_65plus_not_employed,share_trips_unknown_purpose,0.0,5.761510002e-05,-0.005761510002,4339
group_senior_65plus_not_employed,share_work_activities_lt_2h,0.18990544679717672,0.4198636205,-22.995817370282325,4339
group_senior_65plus_not_employed,tours_per_mobile,1.3877327278624716,1.737204808,-0.3494720801375284,4339
group_senior_65plus_not_employed,trips_per_mobile_person,3.231696399610769,4.062651691,-0.8309552913892313,4339
group_senior_65plus_not_employed,trips_per_person,2.355773504960608,3.020184579,-0.6644110740393918,4339
group_senior_65plus_not_employed,trips_per_person_education,0.022958773514418395,0.01027935741,0.012679416104418395,4339
group_senior_65plus_not_employed,trips_per_person_escort,0.0716947405256637,0.07522768809,-0.0035329475643362945,4339
group_senior_65plus_not_employed,trips_per_person_home,1.0115999735182015,1.291442036,-0.27984206248179855,4339
group_senior_65plus_not_employed,trips_per_person_leisure,0.43522362933048336,0.6498684392,-0.21464480986951667,4339
group_senior_65plus_not_employed,trips_per_person_other,0.45030406779340415,0.3885062866,0.06179778119340418,4339
group_senior_65plus_not_employed,trips_per_person_shop,0.32848306583564263,0.5818873975,-0.25340433166435733,4339
group_senior_65plus_not_employed,trips_per_person_work,0.03550925444279459,0.02279936601,0.012709888432794591,4339
kreis_03101,dep_hour_share_all_10,0.04654538284029798,0.04768783712,-0.11424542797020196,4519
kreis_03101,dep_hour_share_all_11,0.04899651923655338,0.05982544237,-1.082892313344662,4519
kreis_03101,dep_hour_share_all_12,0.06119229564399116,0.0566705804,0.45217152439911634,4519
kreis_03101,dep_hour_share_all_13,0.0632453095807733,0.07240278203,-0.9157472449226698,4519
kreis_03101,dep_hour_share_all_14,0.06903493368577779,0.07081130982,-0.17763761342222129,4519
kreis_03101,dep_hour_share_all_15,0.08812109911751602,0.09227897368,-0.4157874562483982,4519
kreis_03101,dep_hour_share_all_16,0.08854543026554394,0.0956105496,-0.7065119334456055,4519
kreis_03101,dep_hour_share_all_17,0.08300915681656788,0.09057934006,-0.7570183243432116,4519
kreis_03101,dep_hour_share_all_18,0.06828736204557566,0.06391969238,0.4367669665575655,4519
kreis_03101,dep_hour_share_all_19,0.04566427169174588,0.0429888639,0.2675407791745882,4519
kreis_03101,dep_hour_share_all_20,0.03308659725108298,0.02757435138,0.5512245871082982,4519
kreis_03101,dep_hour_share_all_21,0.02099939969622882,0.02015657983,0.08428198662288194,4519
kreis_03101,dep_hour_share_all_22,0.016389166576184288,0.01470191907,0.16872475061842884,4519
kreis_03101,dep_hour_share_all_23,0.008323130665288838,0.006778047623,0.15450830422888373,4519
kreis_03101,dep_hour_share_all_4,0.00438808328372403,0.001778546951,0.26095363327240295,4519
kreis_03101,dep_hour_share_all_5,0.013161753785595455,0.007976812978,0.5184940807595455,4519
kreis_03101,dep_hour_share_all_6,0.043964451034057564,0.02687070239,1.7093748644057563,4519
kreis_03101,dep_hour_share_all_7,0.08248373501268626,0.09452740564,-1.204367062731375,4519
kreis_03101,dep_hour_share_all_8,0.05646225137626816,0.0597203073,-0.3258055923731837,4519
kreis_03101,dep_hour_share_all_9,0.047075796775332884,0.04474744367,0.23283531053328865,4519
kreis_03101,dep_hour_share_education_10,0.023793959994770558,0.02053195257,0.32620074247705566,4519
kreis_03101,dep_hour_share_education_11,0.039687727620790765,0.03082812426,0.8859603360790766,4519
kreis_03101,dep_hour_share_education_12,0.03464505164073735,0.03279441828,0.1850633360737347,4519
kreis_03101,dep_hour_share_education_13,0.04056552677287414,0.04742332445,-0.6857797677125861,4519
kreis_03101,dep_hour_share_education_14,0.023737930261658855,0.02829449134,-0.4556561078341143,4519
kreis_03101,dep_hour_share_education_15,0.03356181013391106,0.02188450235,1.167730778391106,4519
kreis_03101,dep_hour_share_education_16,0.023252339241357414,0.02514131497,-0.18889757286425848,4519
kreis_03101,dep_hour_share_education_17,0.009319612274246866,0.008888763946,0.04308483282468665,4519
kreis_03101,dep_hour_share_education_18,0.006013858020656295,0.003465831918,0.25480261026562945,4519
kreis_03101,dep_hour_share_education_19,0.0010458883514184861,0.005285766938,-0.4239878586581513,4519
kreis_03101,dep_hour_share_education_20,0.0005976504865248492,0.0009515474552,-0.035389696867515086,4519
kreis_03101,dep_hour_share_education_21,0.0005229441757092431,0.0,0.052294417570924304,4519
kreis_03101,dep_hour_share_education_22,0.00022411893244681845,0.0,0.022411893244681843,4519
kreis_03101,dep_hour_share_education_23,9.338288851950768e-05,0.0,0.009338288851950767,4519
kreis_03101,dep_hour_share_education_4,0.00046691444259753845,0.0,0.04669144425975384,4519
kreis_03101,dep_hour_share_education_5,0.0025586911454345104,0.0,0.25586911454345107,4519
kreis_03101,dep_hour_share_education_6,0.15363352819229403,0.03835223238,11.528129581229404,4519
kreis_03101,dep_hour_share_education_7,0.42931849167958464,0.5734807602,-14.416226852041541,4519
kreis_03101,dep_hour_share_education_8,0.13082942681583026,0.1071521884,2.367723841583026,4519
kreis_03101,dep_hour_share_education_9,0.044151429692023236,0.05552478052,-1.137335082797676,4519
kreis_03101,dep_hour_share_escort_10,0.017744641192917056,0.01426058452,0.34840566729170563,4519
kreis_03101,dep_hour_share_escort_11,0.031239515377446413,0.01673303493,1.4506480447446413,4519
kreis_03101,dep_hour_share_escort_12,0.0627027027027027,0.04311350857,1.95891941327027,4519
kreis_03101,dep_hour_share_escort_13,0.06490214352283318,0.06740651589,-0.25043723671668294,4519
kreis_03101,dep_hour_share_escort_14,0.14285181733457594,0.149648673,-0.6796855665424067,4519
kreis_03101,dep_hour_share_escort_15,0.137856477166822,0.1296761603,0.8180316866821996,4519
kreis_03101,dep_hour_share_escort_16,0.06821994408201305,0.05898405193,0.923589215201305,4519
kreis_03101,dep_hour_share_escort_17,0.04607642124883504,0.05730475698,-1.122833573116496,4519
kreis_03101,dep_hour_share_escort_18,0.03791239515377447,0.04755531218,-0.9642917026225537,4519
kreis_03101,dep_hour_share_escort_19,0.013159366262814538,0.006061524081,0.7097842181814539,4519
kreis_03101,dep_hour_share_escort_20,0.01353215284249767,0.003375638135,1.015651470749767,4519
kreis_03101,dep_hour_share_escort_21,0.007082945013979497,0.005019465352,0.20634796619794965,4519
kreis_03101,dep_hour_share_escort_22,0.004212488350419385,0.04399348222,-3.9780993869580614,4519
kreis_03101,dep_hour_share_escort_23,0.0017893755824790307,0.0,0.17893755824790306,4519
kreis_03101,dep_hour_share_escort_4,0.0015284249767008387,0.0,0.15284249767008387,4519
kreis_03101,dep_hour_share_escort_5,0.0030195712954333644,0.0,0.3019571295433364,4519
kreis_03101,dep_hour_share_escort_6,0.04644920782851817,0.009420544121,3.702866370751817,4519
kreis_03101,dep_hour_share_escort_7,0.17427772600186392,0.2091592327,-3.488150669813608,4519
kreis_03101,dep_hour_share_escort_8,0.09960857409133271,0.1103325865,-1.0724012408667285,4519
kreis_03101,dep_hour_share_escort_9,0.02315004659832246,0.02210900321,0.10410433883224629,4519
kreis_03101,dep_hour_share_home_10,0.032307014685829444,0.03475853875,-0.24515240641705544,4519
kreis_03101,dep_hour_share_home_11,0.046766583402719955,0.06199770507,-1.5231121667280043,4519
kreis_03101,dep_hour_share_home_12,0.07168844803243674,0.04503452745,2.6653920582436736,4519
kreis_03101,dep_hour_share_home_13,0.07436737501357564,0.09082291551,-1.6455540496424366,4519
kreis_03101,dep_hour_share_home_14,0.07836163100797644,0.07274032995,0.5621301057976438,4519
kreis_03101,dep_hour_share_home_15,0.10196514981476788,0.1123338805,-1.0368730685232115,4519
kreis_03101,dep_hour_share_home_16,0.10460485827028201,0.122242975,-1.763811672971799,4519
kreis_03101,dep_hour_share_home_17,0.10869866898357648,0.1193938817,-1.0695212716423512,4519
kreis_03101,dep_hour_share_home_18,0.09328880522270089,0.08822572569,0.5063079532700882,4519
kreis_03101,dep_hour_share_home_19,0.06630344278318792,0.05534110244,1.0962340343187924,4519
kreis_03101,dep_hour_share_home_20,0.05736765256006468,0.04714811709,1.0219535470064685,4519
kreis_03101,dep_hour_share_home_21,0.04079330026909942,0.03676528799,0.40280122790994216,4519
kreis_03101,dep_hour_share_home_22,0.03386067166250347,0.02422624834,0.9634423322503471,4519
kreis_03101,dep_hour_share_home_23,0.017799177014323812,0.01383220433,0.3966972684323812,4519
kreis_03101,dep_hour_share_home_4,6.938662225922843e-05,0.001314338049,-0.12449514267407716,4519
kreis_03101,dep_hour_share_home_5,0.000579227455381385,0.0008203007169,-0.0241073261518615,4519
kreis_03101,dep_hour_share_home_6,0.001909640516960504,0.004059743068,-0.2150102551039496,4519
kreis_03101,dep_hour_share_home_7,0.008564722634519543,0.01706015141,-0.8495428775480455,4519
kreis_03101,dep_hour_share_home_8,0.017947000687832605,0.02381268918,-0.5865688492167395,4519
kreis_03101,dep_hour_share_home_9,0.02472275519192943,0.02437431795,0.03484372419294314,4519
kreis_03101,dep_hour_share_leisure_10,0.05066672755502786,0.05049671566,0.0170011895027862,4519
kreis_03101,dep_hour_share_leisure_11,0.04038420555910738,0.05309479879,-1.2710593230892624,4519
kreis_03101,dep_hour_share_leisure_12,0.04579565865984717,0.07241167753,-2.661601887015282,4519
kreis_03101,dep_hour_share_leisure_13,0.055172466283069994,0.05821315957,-0.30406932869300046,4519
kreis_03101,dep_hour_share_leisure_14,0.07340853045940268,0.06831086682,0.5097663639402685,4519
kreis_03101,dep_hour_share_leisure_15,0.10078545985934789,0.1002183477,0.05671121593478906,4519
kreis_03101,dep_hour_share_leisure_16,0.1277818370018571,0.1261105894,0.16712476018571065,4519
kreis_03101,dep_hour_share_leisure_17,0.1249809723871282,0.1180175561,0.6963416287128197,4519
kreis_03101,dep_hour_share_leisure_18,0.10349499193229214,0.1004245207,0.3070471232292135,4519
kreis_03101,dep_hour_share_leisure_19,0.07278442475720766,0.09438887854,-2.160445378279234,4519
kreis_03101,dep_hour_share_leisure_20,0.03808566992419399,0.03233891003,0.5746759894193987,4519
kreis_03101,dep_hour_share_leisure_21,0.013562882455018722,0.01484423459,-0.12813521349812773,4519
kreis_03101,dep_hour_share_leisure_22,0.0066139982342375255,0.0118752588,-0.5261260565762474,4519
kreis_03101,dep_hour_share_leisure_23,0.0027095320729442567,0.002511792798,0.019773927494425678,4519
kreis_03101,dep_hour_share_leisure_4,0.00038816330258471094,0.003523407115,-0.31352438124152887,4519
kreis_03101,dep_hour_share_leisure_5,0.004589460224678053,0.003262851437,0.1326608787678053,4519
kreis_03101,dep_hour_share_leisure_6,0.01617347094102962,0.008722591137,0.7450879804029621,4519
kreis_03101,dep_hour_share_leisure_7,0.025968886047432034,0.01670159881,0.9267287237432035,4519
kreis_03101,dep_hour_share_leisure_8,0.035825189515024204,0.0310501451,0.4775044415024205,4519
kreis_03101,dep_hour_share_leisure_9,0.057158949066885865,0.033145983,2.401296606688587,4519
kreis_03101,dep_hour_share_other_10,0.07900345155088143,0.1097865958,-3.078314424911857,4519
kreis_03101,dep_hour_share_other_11,0.07763673006092335,0.07884335742,-0.12066273590766452,4519
kreis_03101,dep_hour_share_other_12,0.08460932613681114,0.04660928546,3.800004067681115,4519
kreis_03101,dep_hour_share_other_13,0.07299219347216752,0.0674063884,0.5585805072167521,4519
kreis_03101,dep_hour_share_other_14,0.0880724594037388,0.1276187168,-3.9546257396261204,4519
kreis_03101,dep_hour_share_other_15,0.10566610299057194,0.1215248284,-1.5858725409428065,4519
kreis_03101,dep_hour_share_other_16,0.10139220273807593,0.08850395204,1.2888250698075934,4519
kreis_03101,dep_hour_share_other_17,0.0625680465148602,0.0612286676,0.13393789148601967,4519
kreis_03101,dep_hour_share_other_18,0.0464453658875582,0.01906266383,2.7382702057558204,4519
kreis_03101,dep_hour_share_other_19,0.025272765178716208,0.008143389339,1.7129375839716208,4519
kreis_03101,dep_hour_share_other_20,0.01377145636915379,0.006035542698,0.773591367115379,4519
kreis_03101,dep_hour_share_other_21,0.00865204197456508,0.01073811873,-0.20860767554349186,4519
kreis_03101,dep_hour_share_other_22,0.005130996780096829,0.002364734062,0.27662627180968286,4519
kreis_03101,dep_hour_share_other_23,0.0031504088582084365,0.006819974246,-0.36695653877915635,4519
kreis_03101,dep_hour_share_other_4,0.0006370312029465589,0.0,0.06370312029465588,4519
kreis_03101,dep_hour_share_other_5,0.002710278208899905,0.0,0.2710278208899905,4519
kreis_03101,dep_hour_share_other_6,0.013296578563320902,0.01169958313,0.15969954333209022,4519
kreis_03101,dep_hour_share_other_7,0.05039495934582686,0.04960291759,0.07920417558268666,4519
kreis_03101,dep_hour_share_other_8,0.07372188375917904,0.08067309692,-0.6951213160820966,4519
kreis_03101,dep_hour_share_other_9,0.07926984641756817,0.09899760006,-1.9727753642431831,4519
kreis_03101,dep_hour_share_shop_10,0.1190542829785667,0.09419011631,2.4864166668566696,4519
kreis_03101,dep_hour_share_shop_11,0.09025557928850261,0.1044476569,-1.4192077611497391,4519
kreis_03101,dep_hour_share_shop_12,0.0780584812550637,0.08265072538,-0.4592244124936293,4519
kreis_03101,dep_hour_share_shop_13,0.06811519481476026,0.07090172509,-0.2786530275239743,4519
kreis_03101,dep_hour_share_shop_14,0.06919054282978566,0.075349347,-0.6158804170214333,4519
kreis_03101,dep_hour_share_shop_15,0.09511674154820653,0.1029787233,-0.7861981751793479,4519
kreis_03101,dep_hour_share_shop_16,0.08717684319069013,0.09980711195,-1.2630268759309864,4519
kreis_03101,dep_hour_share_shop_17,0.09052073359357737,0.1030396687,-1.251893510642263,4519
kreis_03101,dep_hour_share_shop_18,0.06356337924431023,0.05472815649,0.8835222754310229,4519
kreis_03101,dep_hour_share_shop_19,0.026692200044192385,0.02009529869,0.6596901354192386,4519
kreis_03101,dep_hour_share_shop_20,0.006098549016719452,0.01066398826,-0.4565439243280548,4519
kreis_03101,dep_hour_share_shop_21,0.005170508948957796,0.007219031324,-0.20485223750422044,4519
kreis_03101,dep_hour_share_shop_22,0.005303086101495175,0.001594011209,0.37090748924951755,4519
kreis_03101,dep_hour_share_shop_23,0.0004861162259703911,0.001428227147,-0.0942110921029609,4519
kreis_03101,dep_hour_share_shop_4,8.838476835825293e-05,0.0,0.008838476835825292,4519
kreis_03101,dep_hour_share_shop_5,0.0004124622523385137,0.0005067921782,-0.009432992586148636,4519
kreis_03101,dep_hour_share_shop_6,0.004743315901892907,0.00837450019,-0.36311842881070927,4519
kreis_03101,dep_hour_share_shop_7,0.02454150401414156,0.02719511611,-0.26536120958584386,4519
kreis_03101,dep_hour_share_shop_8,0.06916108124033292,0.04254401445,2.661706679033292,4519
kreis_03101,dep_hour_share_shop_9,0.09340796935994697,0.09228578924,0.11221801199469694,4519
kreis_03101,dep_hour_share_work_10,0.03155886942951275,0.03514968477,-0.35908153404872534,4519
kreis_03101,dep_hour_share_work_11,0.02560545633200393,0.03869775956,-1.3092303227996074,4519
kreis_03101,dep_hour_share_work_12,0.029959732578078338,0.0689206516,-3.8960919021921656,4519
kreis_03101,dep_hour_share_work_13,0.03792651677167023,0.05130043392,-1.337391714832977,4519
kreis_03101,dep_hour_share_work_14,0.02207001522070015,0.03559415257,-1.3524137349299852,4519
kreis_03101,dep_hour_share_work_15,0.024006319480569523,0.01882791838,0.5178401100569524,4519
kreis_03101,dep_hour_share_work_16,0.0167427701674277,0.01534365213,0.13991180374277012,4519
kreis_03101,dep_hour_share_work_17,0.007494749821782941,0.01283202216,-0.5337272338217058,4519
kreis_03101,dep_hour_share_work_18,0.005115311253684758,0.002466888062,0.2648423191684758,4519
kreis_03101,dep_hour_share_work_19,0.006213513669730073,0.001465515567,0.4747998102730073,4519
kreis_03101,dep_hour_share_work_20,0.004749243781669653,0.005188446893,-0.043920311133034684,4519
kreis_03101,dep_hour_share_work_21,0.001984471032502938,0.005495518164,-0.35110471314970615,4519
kreis_03101,dep_hour_share_work_22,0.0010693023524651754,0.0,0.10693023524651754,4519
kreis_03101,dep_hour_share_work_23,0.000529834498969231,0.0004100550272,0.011977947176923102,4519
kreis_03101,dep_hour_share_work_4,0.03193457025605456,0.004734940982,2.719962927405456,4519
kreis_03101,dep_hour_share_work_5,0.08931082981715893,0.05358261365,3.5728216167158933,4519
kreis_03101,dep_hour_share_work_6,0.20737722289655705,0.1467060386,6.067118429655705,4519
kreis_03101,dep_hour_share_work_7,0.25201818777334645,0.2640257821,-1.2007594326653548,4519
kreis_03101,dep_hour_share_work_8,0.13340269348592568,0.1802284275,-4.682573401407433,4519
kreis_03101,dep_hour_share_work_9,0.056306957208639194,0.05651873313,-0.021177592136080448,4519
kreis_03101,mean_work_activity_h,5.708626464046489,5.906851596,-0.1982251319535111,4519
kreis_03101,mobility_rate,0.8472375952689668,0.8532543912,-0.6016795931033214,4519
kreis_03101,n_persons_unweighted,252968.0,4519.0,248449.0,4519
kreis_03101,n_persons_weighted,252968.0,252816.0,152.0,4519
kreis_03101,n_work_activities_measured,103708.0,1988.0,101720.0,4519
kreis_03101,nonhome_acts_per_mobile,2.191938373677236,2.258748975,-0.06681060132276384,4519
kreis_03101,participation_education,0.16765361626767022,0.1758203279,-0.8166711632329765,4519
kreis_03101,participation_escort,0.0709971221656494,0.07505334494,-0.4056222774350596,4519
kreis_03101,participation_home,0.8472375952689668,0.8410964282,0.6141167068966835,4519
kreis_03101,participation_leisure,0.3887250561335821,0.417759712,-2.90346558664179,4519
kreis_03101,participation_other,0.250347870086335,0.1661717134,8.417615668633502,4519
kreis_03101,participation_shop,0.2218857721134689,0.3051895512,-8.33037790865311,4519
kreis_03101,participation_work,0.3305042535024193,0.3444301713,-1.3925917797580678,4519
kreis_03101,purpose_share_education,0.06682341958487933,0.06254172817,0.42816914148793295,4519
kreis_03101,purpose_share_escort,0.03347847954661465,0.03652324792,-0.30447683733853537,4519
kreis_03101,purpose_share_home,0.4136929165403033,0.4143342663,-0.06413497596966522,4519
kreis_03101,purpose_share_leisure,0.1639765319914485,0.1750090584,-1.1032526408551513,4519
kreis_03101,purpose_share_other,0.10775265487774895,0.06245350583,4.529914904774895,4519
kreis_03101,purpose_share_shop,0.08472270583492769,0.1187333581,-3.401065226507231,4519
kreis_03101,purpose_share_work,0.12955329162407755,0.1304048353,-0.08515436759224393,4519
kreis_03101,share_mobile_first_from_home,1.0,0.9765953407,2.340465930000002,4519
kreis_03101,share_mobile_last_to_home,1.0,0.972429834,2.757016599999995,4519
kreis_03101,share_mobile_odd_trip_count,0.30380638659226217,0.2506396326,5.3166753992262175,4519
kreis_03101,share_trips_0,0.15276240473103317,0.1467456088,0.6016795931033159,4519
kreis_03101,share_trips_1,0.0006048195819234053,0.006412655869,-0.5807836287076594,4519
kreis_03101,share_trips_2,0.29753960975301225,0.2915493441,0.599026565301225,4519
kreis_03101,share_trips_3,0.12001122671642263,0.08743882215,3.257240456642263,4519
kreis_03101,share_trips_4,0.19486654438506057,0.23078466,-3.591811561493943,4519
kreis_03101,share_trips_5,0.09473134941968944,0.07522695049,1.9504398929689444,4519
kreis_03101,share_trips_6,0.0745074475823029,0.08162127706,-0.7113829477697092,4519
kreis_03101,share_trips_7,0.03279861484456532,0.03220095058,0.05976642645653188,4519
kreis_03101,share_trips_8plus,0.032177982985990325,0.04801973094,-1.5841747954009673,4519
kreis_03101,share_trips_followed_by_same_purpose,0.10991175160153807,0.05303718818,5.687456342153807,4519
kreis_03101,share_trips_home_based,0.8041636869883846,0.8289227483,-2.4759061311615427,4519
kreis_03101,share_trips_unknown_purpose,0.0,0.0009975171235,-0.09975171235,4519
kreis_03101,share_work_activities_lt_2h,0.20585682878852163,0.1202949916,8.556183718852163,4519
kreis_03101,tours_per_mobile,1.5466116720479275,1.595251636,-0.048639963952072485,4519
kreis_03101,trips_per_mobile_person,3.7385500457251637,3.85400061,-0.11545056427483624,4519
kreis_03101,trips_per_person,3.1674401505328738,3.288442944,-0.12100279346712606,4519
kreis_03101,trips_per_person_education,0.21165918218905158,0.2054597505,0.006199431689051571,4519
kreis_03101,trips_per_person_escort,0.10604108029474084,0.1199848105,-0.013943730205259158,4519
kreis_03101,trips_per_person_home,1.310347553840802,1.361155463,-0.05080790915919797,4519
kreis_03101,trips_per_person_leisure,0.5193858511748521,0.5749332249,-0.05554737372514784,4519
kreis_03101,trips_per_person_other,0.3413000853862939,0.2051699257,0.1361301596862939,4519
kreis_03101,trips_per_person_shop,0.26835410012333577,0.3900583952,-0.12170429507666425,4519
kreis_03101,trips_per_person_work,0.4103522975237975,0.4284010964,-0.018048798876202532,4519
kreis_03102,dep_hour_share_all_10,0.04451060218276333,0.05599799838,-1.1487396197236668,1794
kreis_03102,dep_hour_share_all_11,0.04961277831558567,0.05435093842,-0.47381601044143296,1794
kreis_03102,dep_hour_share_all_12,0.06046360513997003,0.06319435206,-0.27307469200299683,1794
kreis_03102,dep_hour_share_all_13,0.06623546261056372,0.06619872613,0.003673648056372325,1794
kreis_03102,dep_hour_share_all_14,0.0747125674654219,0.06538420907,0.9328358395421898,1794
kreis_03102,dep_hour_share_all_15,0.08910740097335862,0.08964608147,-0.05386804966413805,1794
kreis_03102,dep_hour_share_all_16,0.08900131284064236,0.08734953676,0.16517760806423615,1794
kreis_03102,dep_hour_share_all_17,0.07631715047275524,0.07466723082,0.16499196527552384,1794
kreis_03102,dep_hour_share_all_18,0.05745335437414632,0.0545953237,0.2858030674146327,1794
kreis_03102,dep_hour_share_all_19,0.034167009242928564,0.04411365433,-0.9946645087071437,1794
kreis_03102,dep_hour_share_all_20,0.027659165351615854,0.01856791988,0.9091245471615855,1794
kreis_03102,dep_hour_share_all_21,0.017918948666604782,0.02047187277,-0.25529241033952177,1794
kreis_03102,dep_hour_share_all_22,0.01313172167778382,0.01109499983,0.2036721847783819,1794
kreis_03102,dep_hour_share_all_23,0.006885782864114363,0.002286324245,0.45994586191143627,1794
kreis_03102,dep_hour_share_all_4,0.005383972735349892,0.004248621672,0.11353510633498919,1794
kreis_03102,dep_hour_share_all_5,0.018416236788712223,0.02066589265,-0.2249655861287777,1794
kreis_03102,dep_hour_share_all_6,0.05001060881327163,0.03642322146,1.3587387353271627,1794
kreis_03102,dep_hour_share_all_7,0.09734580752960521,0.1066172801,-0.927147257039479,1794
kreis_03102,dep_hour_share_all_8,0.06069235767613945,0.07298458603,-1.2292228353860555,1794
kreis_03102,dep_hour_share_all_9,0.04751090718614489,0.04805610009,-0.05451929038551087,1794
kreis_03102,dep_hour_share_education_10,0.018892283857640833,0.005463369422,1.3428914435640833,1794
kreis_03102,dep_hour_share_education_11,0.02379825278650428,0.008815438064,1.498281472250428,1794
kreis_03102,dep_hour_share_education_12,0.019968154236777554,0.02082189191,-0.08537376732224468,1794
kreis_03102,dep_hour_share_education_13,0.029694022464173516,0.02006965188,0.9624370584173515,1794
kreis_03102,dep_hour_share_education_14,0.02379825278650428,0.01377510542,1.0023147366504281,1794
kreis_03102,dep_hour_share_education_15,0.03141541507079227,0.007347558802,2.4067856268792274,1794
kreis_03102,dep_hour_share_education_16,0.01906442311830271,0.01565707294,0.34073501783027094,1794
kreis_03102,dep_hour_share_education_17,0.007789301544949864,0.0292680655,-2.1478763955050133,1794
kreis_03102,dep_hour_share_education_18,0.004647760037870637,0.008138399725,-0.3490639687129363,1794
kreis_03102,dep_hour_share_education_19,0.0013340792701295348,0.0,0.13340792701295348,1794
kreis_03102,dep_hour_share_education_20,0.00043034815165468864,0.0,0.043034815165468865,1794
kreis_03102,dep_hour_share_education_21,0.00012910444549640659,0.0,0.01291044454964066,1794
kreis_03102,dep_hour_share_education_22,0.00012910444549640659,0.0,0.01291044454964066,1794
kreis_03102,dep_hour_share_education_23,8.606963033093773e-05,0.0,0.008606963033093773,1794
kreis_03102,dep_hour_share_education_4,0.0008606963033093773,0.0,0.08606963033093773,1794
kreis_03102,dep_hour_share_education_5,0.00494900374402892,0.0,0.494900374402892,1794
kreis_03102,dep_hour_share_education_6,0.173473339932005,0.06901546842,10.4457871512005,1794
kreis_03102,dep_hour_share_education_7,0.4806988853982872,0.6150964299,-13.439754450171282,1794
kreis_03102,dep_hour_share_education_8,0.12157335284244954,0.1660756636,-4.450231075755047,1794
kreis_03102,dep_hour_share_education_9,0.03533158325084994,0.02045588436,1.4875698890849938,1794
kreis_03102,dep_hour_share_escort_10,0.021035386631716908,0.01862516033,0.24102263017169062,1794
kreis_03102,dep_hour_share_escort_11,0.03283093053735255,0.02053651758,1.2294412957352552,1794
kreis_03102,dep_hour_share_escort_12,0.06166448230668414,0.0642005887,-0.25361063933158623,1794
kreis_03102,dep_hour_share_escort_13,0.06743119266055046,0.0757287673,-0.8297574639449536,1794
kreis_03102,dep_hour_share_escort_14,0.12503276539973787,0.06950923725,5.552352814973788,1794
kreis_03102,dep_hour_share_escort_15,0.13112712975098295,0.1136989828,1.742814695098295,1794
kreis_03102,dep_hour_share_escort_16,0.0682175622542595,0.06200208645,0.6215475804259497,1794
kreis_03102,dep_hour_share_escort_17,0.05340760157273919,0.05272871415,0.0678887422739187,1794
kreis_03102,dep_hour_share_escort_18,0.03840104849279161,0.02508727222,1.331377627279161,1794
kreis_03102,dep_hour_share_escort_19,0.01795543905635649,0.03263084378,-1.4675404723643513,1794
kreis_03102,dep_hour_share_escort_20,0.012516382699868938,0.004882833198,0.7633549501868939,1794
kreis_03102,dep_hour_share_escort_21,0.003800786369593709,0.0,0.3800786369593709,1794
kreis_03102,dep_hour_share_escort_22,0.001965923984272608,0.0,0.19659239842726078,1794
kreis_03102,dep_hour_share_escort_23,0.0022280471821756226,0.0,0.22280471821756226,1794
kreis_03102,dep_hour_share_escort_4,0.0022935779816513763,0.0,0.22935779816513763,1794
kreis_03102,dep_hour_share_escort_5,0.00235910878112713,0.002065175858,0.02939329231271301,1794
kreis_03102,dep_hour_share_escort_6,0.03964613368283093,0.008083858796,3.156227488683093,1794
kreis_03102,dep_hour_share_escort_7,0.19076015727391873,0.2779537572,-8.719359992608124,1794
kreis_03102,dep_hour_share_escort_8,0.09567496723460026,0.1447613543,-4.908638706539975,1794
kreis_03102,dep_hour_share_escort_9,0.024115334207077326,0.01123233948,1.2882994727077326,1794
kreis_03102,dep_hour_share_home_10,0.030413101510086818,0.04550045972,-1.508735820991318,1794
kreis_03102,dep_hour_share_home_11,0.04928722962870183,0.06218986094,-1.2902631311298172,1794
kreis_03102,dep_hour_share_home_12,0.07660813677675922,0.07852345259,-0.1915315813240781,1794
kreis_03102,dep_hour_share_home_13,0.08573598139986378,0.09039482876,-0.465884736013622,1794
kreis_03102,dep_hour_share_home_14,0.08894560086424876,0.0770255852,1.192001566424876,1794
kreis_03102,dep_hour_share_home_15,0.11069272982049616,0.1092339116,0.14588182204961636,1794
kreis_03102,dep_hour_share_home_16,0.1149904885667092,0.1190348678,-0.4044379233290804,1794
kreis_03102,dep_hour_share_home_17,0.10417172246968476,0.08377673445,2.0394988019684757,1794
kreis_03102,dep_hour_share_home_18,0.07961421939706124,0.08003307081,-0.04188514129387505,1794
kreis_03102,dep_hour_share_home_19,0.05173750009785425,0.05596458716,-0.4227087062145751,1794
kreis_03102,dep_hour_share_home_20,0.047964240142162655,0.03341743577,1.4546804372162658,1794
kreis_03102,dep_hour_share_home_21,0.033779287777612514,0.03619514563,-0.24158578523874874,1794
kreis_03102,dep_hour_share_home_22,0.025285538707227908,0.02168557803,0.35999606772279086,1794
kreis_03102,dep_hour_share_home_23,0.013668281914185735,0.004497603958,0.9170677956185735,1794
kreis_03102,dep_hour_share_home_4,2.348502047110951e-05,0.000740800273,-0.07173152525288905,1794
kreis_03102,dep_hour_share_home_5,0.001009855880257709,0.003578231944,-0.2568376063742291,1794
kreis_03102,dep_hour_share_home_6,0.002004055080201345,0.005518117656,-0.35140625757986554,1794
kreis_03102,dep_hour_share_home_7,0.011288466506446639,0.02080562375,-0.951715724355336,1794
kreis_03102,dep_hour_share_home_8,0.021230458505883,0.04005671538,-1.8826256874117004,1794
kreis_03102,dep_hour_share_home_9,0.030342646448673488,0.02873681964,0.1605826808673487,1794
kreis_03102,dep_hour_share_leisure_10,0.04976664210267748,0.05721627985,-0.7449637747322525,1794
kreis_03102,dep_hour_share_leisure_11,0.03316138540899042,0.0392547623,-0.6093376891009583,1794
kreis_03102,dep_hour_share_leisure_12,0.04929992630803243,0.07502043453,-2.5720508221967573,1794
kreis_03102,dep_hour_share_leisure_13,0.0627364283959715,0.04863800139,1.4098427005971506,1794
kreis_03102,dep_hour_share_leisure_14,0.08550724637681159,0.08592498985,-0.04177434731884033,1794
kreis_03102,dep_hour_share_leisure_15,0.10567428150331613,0.096035257,0.9639024503316135,1794
kreis_03102,dep_hour_share_leisure_16,0.13360353721444362,0.1114906753,2.211286191444363,1794
kreis_03102,dep_hour_share_leisure_17,0.12731515598133136,0.1178850653,0.9430090681331369,1794
kreis_03102,dep_hour_share_leisure_18,0.09737165315647262,0.08600026419,1.137138896647262,1794
kreis_03102,dep_hour_share_leisure_19,0.052517808892164085,0.09524265053,-4.2724841637835915,1794
kreis_03102,dep_hour_share_leisure_20,0.026750184229918938,0.01372419589,1.3025988339918937,1794
kreis_03102,dep_hour_share_leisure_21,0.01461557356914763,0.01882117763,-0.42056040608523715,1794
kreis_03102,dep_hour_share_leisure_22,0.010857283222795382,0.01131361043,-0.04563272072046175,1794
kreis_03102,dep_hour_share_leisure_23,0.0018668631785802015,0.002251885305,-0.03850221264197985,1794
kreis_03102,dep_hour_share_leisure_4,0.0003193318594939818,0.002680584327,-0.23612524675060187,1794
kreis_03102,dep_hour_share_leisure_5,0.004839105870793417,0.002492599846,0.23465060247934172,1794
kreis_03102,dep_hour_share_leisure_6,0.018398427904691723,0.01326065175,0.5137776154691723,1794
kreis_03102,dep_hour_share_leisure_7,0.029206583149103415,0.02586163569,0.33449474591034156,1794
kreis_03102,dep_hour_share_leisure_8,0.04355195283714075,0.04689578518,-0.3343832342859253,1794
kreis_03102,dep_hour_share_leisure_9,0.049349054286416116,0.04998949377,-0.06404394835838809,1794
kreis_03102,dep_hour_share_other_10,0.08431186868686869,0.1490332128,-6.4721344113131325,1794
kreis_03102,dep_hour_share_other_11,0.09084595959595959,0.06521807797,2.5627881625959597,1794
kreis_03102,dep_hour_share_other_12,0.06281565656565656,0.03565917878,2.715647778565656,1794
kreis_03102,dep_hour_share_other_13,0.06461489898989899,0.02538823107,3.922666791989898,1794
kreis_03102,dep_hour_share_other_14,0.08368055555555555,0.07498158342,0.8698972135555552,1794
kreis_03102,dep_hour_share_other_15,0.08825757575757576,0.1195323042,-3.1274728442424236,1794
kreis_03102,dep_hour_share_other_16,0.08952020202020201,0.0967057086,-0.7185506579797982,1794
kreis_03102,dep_hour_share_other_17,0.048863636363636366,0.09062683153,-4.1763195166363625,1794
kreis_03102,dep_hour_share_other_18,0.04094065656565657,0.0180191687,2.2921487865656567,1794
kreis_03102,dep_hour_share_other_19,0.026199494949494948,0.001435302409,2.4764192540494947,1794
kreis_03102,dep_hour_share_other_20,0.012247474747474748,0.0,1.224747474747475,1794
kreis_03102,dep_hour_share_other_21,0.00625,0.0,0.625,1794
kreis_03102,dep_hour_share_other_22,0.004892676767676768,0.0,0.4892676767676768,1794
kreis_03102,dep_hour_share_other_23,0.005839646464646465,0.0,0.5839646464646465,1794
kreis_03102,dep_hour_share_other_4,0.003914141414141414,0.0,0.39141414141414144,1794
kreis_03102,dep_hour_share_other_5,0.003724747474747475,0.003051138735,0.06736087397474746,1794
kreis_03102,dep_hour_share_other_6,0.019318181818181818,0.01267362443,0.6644557388181818,1794
kreis_03102,dep_hour_share_other_7,0.07241161616161616,0.04841632628,2.3995289881616166,1794
kreis_03102,dep_hour_share_other_8,0.09476010101010102,0.1178466867,-2.3086585689898977,1794
kreis_03102,dep_hour_share_other_9,0.09053030303030303,0.1389144219,-4.8384118869696975,1794
kreis_03102,dep_hour_share_shop_10,0.12801787095111264,0.1415361828,-1.3518311848887354,1794
kreis_03102,dep_hour_share_shop_11,0.0993642065469542,0.1278791152,-2.8514908653045805,1794
kreis_03102,dep_hour_share_shop_12,0.07689664060486297,0.06074797599,1.6148664614862966,1794
kreis_03102,dep_hour_share_shop_13,0.05498754188504167,0.05290030681,0.2087235075041674,1794
kreis_03102,dep_hour_share_shop_14,0.07882979637425895,0.05309710309,2.573269328425895,1794
kreis_03102,dep_hour_share_shop_15,0.09313514906778933,0.09884998315,-0.5714834082210671,1794
kreis_03102,dep_hour_share_shop_16,0.08102070624624108,0.07077933091,1.0241375336241088,1794
kreis_03102,dep_hour_share_shop_17,0.07281553398058252,0.0802868732,-0.7471339219417478,1794
kreis_03102,dep_hour_share_shop_18,0.04755563192714151,0.03013849475,1.7417137177141508,1794
kreis_03102,dep_hour_share_shop_19,0.011255262479594467,0.02756928234,-1.6314019860405533,1794
kreis_03102,dep_hour_share_shop_20,0.0045966148294527024,0.00764840668,-0.30517918505472974,1794
kreis_03102,dep_hour_share_shop_21,0.0024916229916659505,0.01330831612,-1.081669312833405,1794
kreis_03102,dep_hour_share_shop_22,0.001976114786493685,0.0,0.1976114786493685,1794
kreis_03102,dep_hour_share_shop_23,0.0003866311538791992,0.0,0.03866311538791992,1794
kreis_03102,dep_hour_share_shop_4,0.00042959017097688807,0.0,0.042959017097688804,1794
kreis_03102,dep_hour_share_shop_5,0.001116934444539909,0.0,0.1116934444539909,1794
kreis_03102,dep_hour_share_shop_6,0.009493942778589226,0.01139650326,-0.19025604814107733,1794
kreis_03102,dep_hour_share_shop_7,0.041197697396683566,0.03371704054,0.7480656856683566,1794
kreis_03102,dep_hour_share_shop_8,0.08454334564825157,0.06660087224,1.7942473408251571,1794
kreis_03102,dep_hour_share_shop_9,0.10769825586390583,0.1235442129,-1.5845957036094176,1794
kreis_03102,dep_hour_share_work_10,0.027787566070979108,0.01228181889,1.5505747180979106,1794
kreis_03102,dep_hour_share_work_11,0.027032469166876415,0.01691956326,1.0112905906876417,1794
kreis_03102,dep_hour_share_work_12,0.031714069972313116,0.03380337557,-0.20893055976868857,1794
kreis_03102,dep_hour_share_work_13,0.035917442738484774,0.05840194655,-2.2484503811515224,1794
kreis_03102,dep_hour_share_work_14,0.018776743015353637,0.03017141703,-1.1394674014646364,1794
kreis_03102,dep_hour_share_work_15,0.01865089353133652,0.02302332758,-0.4372434048663477,1794
kreis_03102,dep_hour_share_work_16,0.01288698716335263,0.004292362918,0.8594624245352631,1794
kreis_03102,dep_hour_share_work_17,0.007324439969796124,0.00800506722,-0.06806272502038763,1794
kreis_03102,dep_hour_share_work_18,0.0024666498867354646,0.003809781501,-0.13431316142645355,1794
kreis_03102,dep_hour_share_work_19,0.004077523282154543,0.003189842786,0.08876804961545433,1794
kreis_03102,dep_hour_share_work_20,0.010848225522275358,0.008183139739,0.2665085783275357,1794
kreis_03102,dep_hour_share_work_21,0.004480241631009313,0.004693160007,-0.02129183759906868,1794
kreis_03102,dep_hour_share_work_22,0.0013843443241882709,0.0,0.13843443241882708,1794
kreis_03102,dep_hour_share_work_23,0.0006292474200855776,0.0,0.06292474200855776,1794
kreis_03102,dep_hour_share_work_4,0.03571608356405739,0.02932437751,0.6391706054057388,1794
kreis_03102,dep_hour_share_work_5,0.1241882708280896,0.1539003873,-2.9712116471910397,1794
kreis_03102,dep_hour_share_work_6,0.21673798137427636,0.2068248526,0.9913128774276359,1794
kreis_03102,dep_hour_share_work_7,0.23654669015857036,0.2462323274,-0.9685637241429651,1794
kreis_03102,dep_hour_share_work_8,0.11495091870123332,0.1193508457,-0.4399926998766679,1794
kreis_03102,dep_hour_share_work_9,0.04736974578404229,0.03168121451,1.5688531274042288,1794
kreis_03102,mean_work_activity_h,6.0421087247982594,7.072122757,-1.0300140322017404,1794
kreis_03102,mobility_rate,0.8321866471922205,0.8518945471,-1.9707899907779547,1794
kreis_03102,n_persons_unweighted,104068.0,1794.0,102274.0,1794
kreis_03102,n_persons_weighted,104068.0,104215.0,-147.0,1794
kreis_03102,n_work_activities_measured,39531.0,574.0,38957.0,1794
kreis_03102,nonhome_acts_per_mobile,2.0079326589995845,2.028576664,-0.020644005000415522,1794
kreis_03102,participation_education,0.184475535226967,0.1930437614,-0.8568226173033017,1794
kreis_03102,participation_escort,0.09457277933658761,0.1004531557,-0.588037636341239,1794
kreis_03102,participation_home,0.8321866471922205,0.8392071382,-0.7020491007779572,1794
kreis_03102,participation_leisure,0.3176480762578314,0.3421771265,-2.452905024216856,1794
kreis_03102,participation_other,0.22328669715954952,0.1616519367,6.163476045954952,1794
kreis_03102,participation_shop,0.19036591459430371,0.261744458,-7.13785434056963,1794
kreis_03102,participation_work,0.3179747857170312,0.3302091275,-1.2234341782968783,1794
kreis_03102,purpose_share_education,0.07703656062273734,0.06829222748,0.8744333142737343,1794
kreis_03102,purpose_share_escort,0.05059077828906364,0.05432030239,-0.3729524100936361,1794
kreis_03102,purpose_share_home,0.42349388004084393,0.4340319776,-1.0538097559156079,1794
kreis_03102,purpose_share_leisure,0.13496399633995942,0.1552222015,-2.0258205160040568,1794
kreis_03102,purpose_share_other,0.10502725138909148,0.06476168425,4.026556713909148,1794
kreis_03102,purpose_share_shop,0.07717248604278004,0.1045181978,-2.7345711757219964,1794
kreis_03102,purpose_share_work,0.13171504727552413,0.118853409,1.2861638275524139,1794
kreis_03102,share_mobile_first_from_home,1.0,0.9772171382,2.27828618,1794
kreis_03102,share_mobile_last_to_home,1.0,0.971298838,2.8701161999999947,1794
kreis_03102,share_mobile_odd_trip_count,0.2587640293750866,0.2177658142,4.0998215175086585,1794
kreis_03102,share_trips_0,0.16781335280777954,0.1481054529,1.9707899907779547,1794
kreis_03102,share_trips_1,0.0006245916131760003,0.005918851816,-0.5294260202824,1794
kreis_03102,share_trips_2,0.35036706768651266,0.3510270143,-0.06599466134873389,1794
kreis_03102,share_trips_3,0.11884537033478111,0.1006662674,1.8179102934781115,1794
kreis_03102,share_trips_4,0.18828073951647,0.2131422171,-2.4861477583529994,1794
kreis_03102,share_trips_5,0.06529384633124495,0.04508730437,2.0206541961244953,1794
kreis_03102,share_trips_6,0.054454779567206055,0.07288561167,-1.8430832102793948,1794
kreis_03102,share_trips_7,0.02513741015489872,0.02427825241,0.08591577448987218,1794
kreis_03102,share_trips_8plus,0.029182841987930967,0.03888902797,-0.9706185982069029,1794
kreis_03102,share_trips_followed_by_same_purpose,0.09652693975520163,0.03392662003,6.260031972520164,1794
kreis_03102,share_trips_home_based,0.8219841133021257,0.869356787,-4.737267369787423,1794
kreis_03102,share_trips_unknown_purpose,0.0,0.0004134294961,-0.04134294961,1794
kreis_03102,share_work_activities_lt_2h,0.17715210847183224,0.06516546791,11.198664056183224,1794
kreis_03102,tours_per_mobile,1.475001154681077,1.554547509,-0.07954635431892298,1794
kreis_03102,trips_per_mobile_person,3.4829338136806616,3.583124174,-0.10019036031933837,1794
kreis_03102,trips_per_person,2.8984510127993235,3.052443945,-0.15399293220067634,1794
kreis_03102,trips_per_person_education,0.22328669715954952,0.2083720135,0.01491468365954951,1794
kreis_03102,trips_per_person_escort,0.14663489257024254,0.1657411275,-0.019106234929757465,1794
kreis_03102,trips_per_person_home,1.2274762655186993,1.324310546,-0.09683428048130072,1794
kreis_03102,trips_per_person_leisure,0.39118653188299957,0.4736111832,-0.08242465131700044,1794
kreis_03102,trips_per_person_other,0.30441634316024135,0.1975996837,0.10681665946024135,1794
kreis_03102,trips_per_person_shop,0.22368067033093747,0.3189040412,-0.09522337086906252,1794
kreis_03102,trips_per_person_work,0.3817696121766537,0.3626433793,0.019126232876653715,1794
kreis_03151,dep_hour_share_all_10,0.040680285369736516,0.05327547111,-1.2595185740263484,3574
kreis_03151,dep_hour_share_all_11,0.04519628247246541,0.05378061782,-0.858433534753459,3574
kreis_03151,dep_hour_share_all_12,0.058931564392614634,0.06318425229,-0.4252687897385372,3574
kreis_03151,dep_hour_share_all_13,0.06637732178247151,0.06681356015,-0.04362383675284992,3574
kreis_03151,dep_hour_share_all_14,0.07359183260041548,0.07630277758,-0.27109449795845175,3574
kreis_03151,dep_hour_share_all_15,0.08913504226461105,0.08661967614,0.25153661246110487,3574
kreis_03151,dep_hour_share_all_16,0.09093914775127042,0.09032553549,0.061361226127042146,3574
kreis_03151,dep_hour_share_all_17,0.07652159288754345,0.08789306024,-1.1371467352456546,3574
kreis_03151,dep_hour_share_all_18,0.06292391223332588,0.06343424151,-0.0510329276674118,3574
kreis_03151,dep_hour_share_all_19,0.04162247181562959,0.03569009255,0.5932379265629596,3574
kreis_03151,dep_hour_share_all_20,0.027359718376075728,0.0220156406,0.5344077776075727,3574
kreis_03151,dep_hour_share_all_21,0.017572828336687364,0.01401562092,0.35572074166873646,3574
kreis_03151,dep_hour_share_all_22,0.014274220211714837,0.009160260505,0.5113959706714837,3574
kreis_03151,dep_hour_share_all_23,0.007451490775937361,0.001397038088,0.6054452687937361,3574
kreis_03151,dep_hour_share_all_4,0.004240794570865607,0.002267490539,0.19733040318656073,3574
kreis_03151,dep_hour_share_all_5,0.016630641890794284,0.009547669686,0.7082972204794283,3574
kreis_03151,dep_hour_share_all_6,0.05098318015636855,0.03465618137,1.6326998786368556,3574
kreis_03151,dep_hour_share_all_7,0.09974180651350881,0.107848736,-0.8106929486491193,3574
kreis_03151,dep_hour_share_all_8,0.05716185922243818,0.07190555352,-1.4743694297561818,3574
kreis_03151,dep_hour_share_all_9,0.046738563328115955,0.04831656661,-0.15780032818840453,3574
kreis_03151,dep_hour_share_education_10,0.015436325158720279,0.01203153858,0.3404786578720278,3574
kreis_03151,dep_hour_share_education_11,0.025519731109174656,0.009096817215,1.6422913894174656,3574
kreis_03151,dep_hour_share_education_12,0.026714801444043323,0.01586000299,1.0854798454043322,3574
kreis_03151,dep_hour_share_education_13,0.028084152869413667,0.01389920682,1.4184946049413667,3574
kreis_03151,dep_hour_share_education_14,0.023478152620440684,0.01103366649,1.2444486130440684,3574
kreis_03151,dep_hour_share_education_15,0.03326279098717789,0.03138602005,0.18767709371778907,3574
kreis_03151,dep_hour_share_education_16,0.01620814141665629,0.00656040349,0.9647737926656291,3574
kreis_03151,dep_hour_share_education_17,0.0077181625793601395,0.01918744175,-1.146927917063986,3574
kreis_03151,dep_hour_share_education_18,0.003211751524959542,0.01088533825,-0.7673586725040458,3574
kreis_03151,dep_hour_share_education_19,0.007369600398356779,0.0,0.7369600398356778,3574
kreis_03151,dep_hour_share_education_20,0.0005726378687912362,0.0,0.05726378687912362,3574
kreis_03151,dep_hour_share_education_21,0.0002987675837171667,0.0,0.029876758371716668,3574
kreis_03151,dep_hour_share_education_22,0.00012448649321548613,0.0,0.012448649321548613,3574
kreis_03151,dep_hour_share_education_23,7.469189592929167e-05,0.0,0.007469189592929167,3574
kreis_03151,dep_hour_share_education_4,0.0007220216606498195,0.0,0.07220216606498195,3574
kreis_03151,dep_hour_share_education_5,0.004083156977467944,0.001631845133,0.24513118444679446,3574
kreis_03151,dep_hour_share_education_6,0.17276235528445164,0.09518298409,7.757937119445163,3574
kreis_03151,dep_hour_share_education_7,0.4888086642599278,0.5934328793,-10.462421504007219,3574
kreis_03151,dep_hour_share_education_8,0.11492593053653678,0.1648780037,-4.995207316346321,3574
kreis_03151,dep_hour_share_education_9,0.028806174530063487,0.01493385218,1.3872322350063486,3574
kreis_03151,dep_hour_share_escort_10,0.011404854910714286,0.006751716853,0.46531380577142856,3574
kreis_03151,dep_hour_share_escort_11,0.028180803571428572,0.06136858157,-3.318777799857142,3574
kreis_03151,dep_hour_share_escort_12,0.059814453125,0.04996301876,0.9851434365000001,3574
kreis_03151,dep_hour_share_escort_13,0.07582310267857142,0.1096775581,-3.385445542142858,3574
kreis_03151,dep_hour_share_escort_14,0.12594168526785715,0.09279235286,3.3149332407857153,3574
kreis_03151,dep_hour_share_escort_15,0.11390904017857142,0.1053799514,0.852908877857142,3574
kreis_03151,dep_hour_share_escort_16,0.08018275669642858,0.06455789437,1.5624862326428581,3574
kreis_03151,dep_hour_share_escort_17,0.06291852678571429,0.02937674321,3.3541783575714286,3574
kreis_03151,dep_hour_share_escort_18,0.051548549107142856,0.02991605405,2.1632495057142855,3574
kreis_03151,dep_hour_share_escort_19,0.026227678571428572,0.02766531207,-0.14376334985714279,3574
kreis_03151,dep_hour_share_escort_20,0.005789620535714286,0.009548458349,-0.3758837813285714,3574
kreis_03151,dep_hour_share_escort_21,0.007742745535714286,0.004706234511,0.30365110247142857,3574
kreis_03151,dep_hour_share_escort_22,0.0019182477678571428,0.005124866326,-0.3206618558142857,3574
kreis_03151,dep_hour_share_escort_23,0.001988002232142857,0.0,0.1988002232142857,3574
kreis_03151,dep_hour_share_escort_4,0.00048828125,0.0,0.048828125,3574
kreis_03151,dep_hour_share_escort_5,0.0016043526785714285,0.0005417023648,0.10626503137714285,3574
kreis_03151,dep_hour_share_escort_6,0.04746791294642857,0.01546537353,3.200253941642857,3574
kreis_03151,dep_hour_share_escort_7,0.19241768973214285,0.2216046364,-2.918694666785715,3574
kreis_03151,dep_hour_share_escort_8,0.07666015625,0.1450352227,-6.8375066449999995,3574
kreis_03151,dep_hour_share_escort_9,0.021170479910714284,0.0198520364,0.13184435107142858,3574
kreis_03151,dep_hour_share_home_10,0.02995053913710661,0.04084502196,-1.089448282289339,3574
kreis_03151,dep_hour_share_home_11,0.04324514411242185,0.06061309749,-1.7367953377578147,3574
kreis_03151,dep_hour_share_home_12,0.07425979969035582,0.06997066698,0.4289132710355817,3574
kreis_03151,dep_hour_share_home_13,0.08328880485565923,0.0853597357,-0.20709308443407626,3574
kreis_03151,dep_hour_share_home_14,0.08885600632076032,0.0949945457,-0.613853937923968,3574
kreis_03151,dep_hour_share_home_15,0.11018857239417065,0.0966377123,1.3550860094170656,3574
kreis_03151,dep_hour_share_home_16,0.11132119418526587,0.09912547335,1.2195720835265864,3574
kreis_03151,dep_hour_share_home_17,0.10041970944597439,0.117556205,-1.7136495554025606,3574
kreis_03151,dep_hour_share_home_18,0.09087919766533767,0.08895521924,0.19239784253376746,3574
kreis_03151,dep_hour_share_home_19,0.06011116134836798,0.05168985603,0.8421305318367975,3574
kreis_03151,dep_hour_share_home_20,0.050255524956499105,0.04145329759,0.8802227366499105,3574
kreis_03151,dep_hour_share_home_21,0.031850420851201815,0.02711545077,0.4734970081201814,3574
kreis_03151,dep_hour_share_home_22,0.028173967053493544,0.01784287486,1.0331092193493545,3574
kreis_03151,dep_hour_share_home_23,0.01562835390777353,0.003038706035,1.258964787277353,3574
kreis_03151,dep_hour_share_home_4,5.480428021428474e-05,0.0003981406923,-0.034333641208571526,3574
kreis_03151,dep_hour_share_home_5,0.0005069395919821338,0.001682486915,-0.11755473230178662,3574
kreis_03151,dep_hour_share_home_6,0.001945551947607108,0.006112698831,-0.4167146883392892,3574
kreis_03151,dep_hour_share_home_7,0.01086951557583314,0.02255023855,-1.1680722974166862,3574
kreis_03151,dep_hour_share_home_8,0.01942811733596394,0.03620096444,-1.6772847104036057,3574
kreis_03151,dep_hour_share_home_9,0.029580610245660187,0.03585285143,-0.6272241184339812,3574
kreis_03151,dep_hour_share_leisure_10,0.040895989246060985,0.05570669057,-1.4810701323939017,3574
kreis_03151,dep_hour_share_leisure_11,0.03456253958406039,0.03804554098,-0.3483001395939614,3574
kreis_03151,dep_hour_share_leisure_12,0.03991365827807722,0.04699122706,-0.7077568781922783,3574
kreis_03151,dep_hour_share_leisure_13,0.05448059250067858,0.03195226994,2.252832256067858,3574
kreis_03151,dep_hour_share_leisure_14,0.07498028875360296,0.08200482232,-0.702453356639704,3574
kreis_03151,dep_hour_share_leisure_15,0.11017617330386341,0.1303417906,-2.01656172961366,3574
kreis_03151,dep_hour_share_leisure_16,0.16072744193260693,0.1547659692,0.5961472732606943,3574
kreis_03151,dep_hour_share_leisure_17,0.12766424961546913,0.1219572218,0.5707027815469126,3574
kreis_03151,dep_hour_share_leisure_18,0.09399356314707821,0.1133825256,-1.9388962452921792,3574
kreis_03151,dep_hour_share_leisure_19,0.0638385875114713,0.05896213968,0.48764478314713006,3574
kreis_03151,dep_hour_share_leisure_20,0.021546654258275493,0.01869717184,0.28494824182754946,3574
kreis_03151,dep_hour_share_leisure_21,0.014657412074915662,0.005146799563,0.951061251191566,3574
kreis_03151,dep_hour_share_leisure_22,0.011710419170964364,0.003231748698,0.8478670472964365,3574
kreis_03151,dep_hour_share_leisure_23,0.0022748717153308257,0.0006512571564,0.1623614558930826,3574
kreis_03151,dep_hour_share_leisure_4,0.0001551048896816472,0.003016775514,-0.28616706243183526,3574
kreis_03151,dep_hour_share_leisure_5,0.002662633939534944,0.003321333035,-0.0658699095465056,3574
kreis_03151,dep_hour_share_leisure_6,0.01805679424043843,0.008843545751,0.9213248489438431,3574
kreis_03151,dep_hour_share_leisure_7,0.026690966432716793,0.01727750194,0.9413464492716794,3574
kreis_03151,dep_hour_share_leisure_8,0.046789975053963574,0.05617735909,-0.9387384036036422,3574
kreis_03151,dep_hour_share_leisure_9,0.05095195626042111,0.04850358488,0.2448371380421109,3574
kreis_03151,dep_hour_share_other_10,0.08572023550347387,0.1237126258,-3.7992390296526137,3574
kreis_03151,dep_hour_share_other_11,0.09204323874070007,0.0903879872,0.16552515407000645,3574
kreis_03151,dep_hour_share_other_12,0.06478238646044336,0.07820017067,-1.3417784209556638,3574
kreis_03151,dep_hour_share_other_13,0.08235049126327547,0.0630453521,1.9305139163275475,3574
kreis_03151,dep_hour_share_other_14,0.07994623554133616,0.08562378072,-0.567754517866384,3574
kreis_03151,dep_hour_share_other_15,0.07966226833008348,0.1008998158,-2.1237547469916516,3574
kreis_03151,dep_hour_share_other_16,0.07421009787403214,0.09468582851,-2.047573063596786,3574
kreis_03151,dep_hour_share_other_17,0.05666092421861689,0.03513973227,2.152119194861689,3574
kreis_03151,dep_hour_share_other_18,0.042462563655983186,0.02164090522,2.0821658435983186,3574
kreis_03151,dep_hour_share_other_19,0.03598811123942222,0.01225358956,2.3734521679422222,3574
kreis_03151,dep_hour_share_other_20,0.0188743539745944,0.005215719467,1.3658634507594403,3574
kreis_03151,dep_hour_share_other_21,0.01132082615527327,0.003600892744,0.7719933411273271,3574
kreis_03151,dep_hour_share_other_22,0.004884236033545993,0.01051023822,-0.5626002186454008,3574
kreis_03151,dep_hour_share_other_23,0.003294019650531019,0.0,0.3294019650531019,3574
kreis_03151,dep_hour_share_other_4,0.0007572458966737974,0.0,0.07572458966737974,3574
kreis_03151,dep_hour_share_other_5,0.00295325899702781,0.0006855590116,0.226769998542781,3574
kreis_03151,dep_hour_share_other_6,0.01760596709766579,0.01884942288,-0.12434557823342123,3574
kreis_03151,dep_hour_share_other_7,0.06642939628570887,0.03849861215,2.7930784135708873,3574
kreis_03151,dep_hour_share_other_8,0.08007875357325407,0.109142914,-2.906416042674592,3574
kreis_03151,dep_hour_share_other_9,0.08937394695492494,0.1079068537,-1.853290674507506,3574
kreis_03151,dep_hour_share_shop_10,0.10993038708996941,0.1223811126,-1.2450725510030582,3574
kreis_03151,dep_hour_share_shop_11,0.08561860563231727,0.09411248034,-0.849387470768273,3574
kreis_03151,dep_hour_share_shop_12,0.0845902330977745,0.1020627898,-1.74725567022255,3574
kreis_03151,dep_hour_share_shop_13,0.05816896951798334,0.07210519603,-1.393622651201666,3574
kreis_03151,dep_hour_share_shop_14,0.0811623246492986,0.07698168234,0.4180642309298599,3574
kreis_03151,dep_hour_share_shop_15,0.10850648665752557,0.07081403551,3.769245114752558,3574
kreis_03151,dep_hour_share_shop_16,0.08422107372640017,0.1143379935,-3.011691977359983,3574
kreis_03151,dep_hour_share_shop_17,0.06578947368421052,0.1143724742,-4.858300051578948,3574
kreis_03151,dep_hour_share_shop_18,0.04284885560594874,0.02866793894,1.4180916665948742,3574
kreis_03151,dep_hour_share_shop_19,0.015346482438561333,0.01471347049,0.0633011948561333,3574
kreis_03151,dep_hour_share_shop_20,0.004350806876911718,0.002839077483,0.15117293939117182,3574
kreis_03151,dep_hour_share_shop_21,0.0010283725345427697,0.004475480917,-0.344710838245723,3574
kreis_03151,dep_hour_share_shop_22,0.0005273705305347537,0.0005915770036,-0.006420647306524629,3574
kreis_03151,dep_hour_share_shop_23,0.00047463347748127833,0.0,0.047463347748127833,3574
kreis_03151,dep_hour_share_shop_4,2.6368526526737685e-05,0.0,0.0026368526526737686,3574
kreis_03151,dep_hour_share_shop_5,0.0007646872692753929,0.001394360309,-0.0629673039724607,3574
kreis_03151,dep_hour_share_shop_6,0.014660900748866154,0.005051757983,0.9609142765866154,3574
kreis_03151,dep_hour_share_shop_7,0.0480698238582428,0.0227578817,2.53119421582428,3574
kreis_03151,dep_hour_share_shop_8,0.08134690433498576,0.06498539394,1.6361510394985763,3574
kreis_03151,dep_hour_share_shop_9,0.1108269169918785,0.08735529681,2.34716201818785,3574
kreis_03151,dep_hour_share_work_10,0.02851245192236297,0.04095154438,-1.2439092457637035,3574
kreis_03151,dep_hour_share_work_11,0.023225768128424834,0.01603574633,0.7190021798424835,3574
kreis_03151,dep_hour_share_work_12,0.030739987228797578,0.0507651394,-2.002515217120242,3574
kreis_03151,dep_hour_share_work_13,0.03596727008123079,0.05127197728,-1.530470719876921,3574
kreis_03151,dep_hour_share_work_14,0.020716078349841845,0.02269270829,-0.19766299401581533,3574
kreis_03151,dep_hour_share_work_15,0.01580065044030948,0.01672250101,-0.09218505696905223,3574
kreis_03151,dep_hour_share_work_16,0.010543667117123807,0.006487427178,0.4056239939123807,3574
kreis_03151,dep_hour_share_work_17,0.0085091848705802,0.008516547155,-0.0007362284419800552,3574
kreis_03151,dep_hour_share_work_18,0.004143215669968369,0.003206143128,0.09370725419683693,3574
kreis_03151,dep_hour_share_work_19,0.002182984600305915,0.001482325267,0.0700659333305915,3574
kreis_03151,dep_hour_share_work_20,0.00436596920061183,0.001322132511,0.30438366896118296,3574
kreis_03151,dep_hour_share_work_21,0.003207650841265834,0.005578870895,-0.23712200537341657,3574
kreis_03151,dep_hour_share_work_22,0.00083161318106892,0.0,0.083161318106892,3574
kreis_03151,dep_hour_share_work_23,0.0007276615334353049,0.0,0.0727661533435305,3574
kreis_03151,dep_hour_share_work_4,0.031348846879223034,0.01329083293,1.8058013949223035,3574
kreis_03151,dep_hour_share_work_5,0.1186533806560834,0.06582489289,5.28284877660834,3574
kreis_03151,dep_hour_share_work_6,0.22376334664904438,0.1816646257,4.209872094904438,3574
kreis_03151,dep_hour_share_work_7,0.2563596132998708,0.3321687438,-7.580913050012922,3574
kreis_03151,dep_hour_share_work_8,0.11742081111985625,0.1202209262,-0.28001150801437447,3574
kreis_03151,dep_hour_share_work_9,0.049733438274996655,0.05773481954,-0.8001381265003348,3574
kreis_03151,mean_work_activity_h,6.021473268033116,6.28423715,-0.26276388196688405,3574
kreis_03151,mobility_rate,0.8335396645342577,0.8358940444,-0.23543798657423842,3574
kreis_03151,n_persons_unweighted,173669.0,3574.0,170095.0,3574
kreis_03151,n_persons_weighted,173669.0,107068.0,66601.0,3574
kreis_03151,n_work_activities_measured,67279.0,1236.0,66043.0,3574
kreis_03151,nonhome_acts_per_mobile,2.1020309477756287,2.139120026,-0.03708907822437135,3574
kreis_03151,participation_education,0.18603204947342358,0.1826494134,0.3382636073423595,3574
kreis_03151,participation_escort,0.10863769584669687,0.1150801247,-0.6442428853303123,3574
kreis_03151,participation_home,0.8335396645342577,0.831216451,0.23232135342576843,3574
kreis_03151,participation_leisure,0.3585959497665099,0.3821445253,-2.35485755334901,3574
kreis_03151,participation_other,0.21897402530100363,0.1633809278,5.559309750100364,3574
kreis_03151,participation_shop,0.18786887700165256,0.2605779723,-7.270909529834746,3574
kreis_03151,participation_work,0.3221760936033489,0.3239381085,-0.17620148966510651,3574
kreis_03151,purpose_share_education,0.07676048397423034,0.06233506775,1.4425416224230339,3574
kreis_03151,purpose_share_escort,0.054795881899891256,0.05977979352,-0.4983911620108743,3574
kreis_03151,purpose_share_home,0.41846264985637865,0.4268124939,-0.8349844043621324,3574
kreis_03151,purpose_share_leisure,0.14785829362963473,0.1617405157,-1.3882222070365269,3574
kreis_03151,purpose_share_other,0.10095155097649121,0.06494569828,3.6005852696491205,3574
kreis_03151,purpose_share_shop,0.07247764457210784,0.1036245534,-3.114690882789216,3574
kreis_03151,purpose_share_work,0.12869349509126596,0.1207618773,0.7931617791265957,3574
kreis_03151,share_mobile_first_from_home,1.0,0.9778671254,2.213287460000002,3574
kreis_03151,share_mobile_last_to_home,1.0,0.9850407459,1.4959254099999986,3574
kreis_03151,share_mobile_odd_trip_count,0.2628833932025421,0.2196672558,4.321613740254213,3574
kreis_03151,share_trips_0,0.1664603354657423,0.1641059556,0.2354379865742301,3574
kreis_03151,share_trips_1,0.0006449049628891743,0.004752026205,-0.41071212421108255,3574
kreis_03151,share_trips_2,0.3366922133483811,0.3298549021,0.6837311248381106,3574
kreis_03151,share_trips_3,0.1086031473665421,0.07512812162,3.34750257465421,3574
kreis_03151,share_trips_4,0.18791494164185893,0.222638183,-3.472324135814106,3574
kreis_03151,share_trips_5,0.0755863164986267,0.05928519041,1.6301126088626696,3574
kreis_03151,share_trips_6,0.06050590491106645,0.06692578753,-0.6419882618933552,3574
kreis_03151,share_trips_7,0.025531326834380343,0.02800039044,-0.2469063605619659,3574
kreis_03151,share_trips_8plus,0.03806090897051287,0.04930944301,-1.1248534039487132,3574
kreis_03151,share_trips_followed_by_same_purpose,0.09007722871050414,0.04155748233,4.851974638050414,3574
kreis_03151,share_trips_home_based,0.815835994580039,0.8513942199,-3.5558225319961,3574
kreis_03151,share_trips_unknown_purpose,0.0,0.0003608672198,-0.03608672198,3574
kreis_03151,share_work_activities_lt_2h,0.17112323310394031,0.1076775839,6.344564920394031,3574
kreis_03151,tours_per_mobile,1.512579441834761,1.591849944,-0.07927050216523912,3574
kreis_03151,trips_per_mobile_person,3.6146103896103896,3.73096997,-0.11635958038961025,3574
kreis_03151,trips_per_person,3.0129211315778868,3.118695578,-0.10577444642211331,3574
kreis_03151,trips_per_person_education,0.23127328423610433,0.1943339461,0.03693933813610434,3574
kreis_03151,trips_per_person_escort,0.16509567049962862,0.1863676994,-0.021272028900371387,3574
kreis_03151,trips_per_person_home,1.2607949605283615,1.330617888,-0.06982292747163843,3574
kreis_03151,trips_per_person_leisure,0.4454853773557745,0.5042374028,-0.058752025444225475,3574
kreis_03151,trips_per_person_other,0.3041590612026326,0.2024727699,0.1016862913026326,3574
kreis_03151,trips_per_person_shop,0.21836942689829503,0.3230568139,-0.10468738700170499,3574
kreis_03151,trips_per_person_work,0.3877433508570902,0.3764836232,0.011259727657090213,3574
kreis_03153,dep_hour_share_all_10,0.04853815032967491,0.05240737785,-0.38692275203250914,2258
kreis_03153,dep_hour_share_all_11,0.053878597312061856,0.06342503556,-0.9546438247938139,2258
kreis_03153,dep_hour_share_all_12,0.062431127772147876,0.06509816517,-0.26670373978521233,2258
kreis_03153,dep_hour_share_all_13,0.06815712897570227,0.08363069951,-1.5473570534297738,2258
kreis_03153,dep_hour_share_all_14,0.07776472335182083,0.07815669826,-0.0391974908179174,2258
kreis_03153,dep_hour_share_all_15,0.08460570568145406,0.09058075282,-0.5975047138545936,2258
kreis_03153,dep_hour_share_all_16,0.08862276385064463,0.08266902457,0.5953739280644632,2258
kreis_03153,dep_hour_share_all_17,0.07508928966844942,0.07316620234,0.19230873284494243,2258
kreis_03153,dep_hour_share_all_18,0.06207162451187012,0.05813579809,0.3935826421870119,2258
kreis_03153,dep_hour_share_all_19,0.036604205146106815,0.03465676472,0.19474404261068182,2258
kreis_03153,dep_hour_share_all_20,0.02655374443486348,0.02049735222,0.6056392214863479,2258
kreis_03153,dep_hour_share_all_21,0.018733245975777815,0.01381516028,0.49180856957778146,2258
kreis_03153,dep_hour_share_all_22,0.01346313658779304,0.009684183882,0.37789527057930405,2258
kreis_03153,dep_hour_share_all_23,0.0070441798245728295,0.001554154463,0.549002536157283,2258
kreis_03153,dep_hour_share_all_4,0.0045589181556961724,0.002316186677,0.22427314786961725,2258
kreis_03153,dep_hour_share_all_5,0.016503283723620147,0.01754223423,-0.10389505063798515,2258
kreis_03153,dep_hour_share_all_6,0.04737106728181669,0.03561214906,1.175891822181669,2258
kreis_03153,dep_hour_share_all_7,0.08597859132034084,0.1024405401,-1.6461948779659161,2258
kreis_03153,dep_hour_share_all_8,0.058586005944829274,0.0641592531,-0.557324715517072,2258
kreis_03153,dep_hour_share_all_9,0.0522660428329899,0.0486711927,0.3594850132989901,2258
kreis_03153,dep_hour_share_education_10,0.0191612932729684,0.001404834904,1.77564583689684,2258
kreis_03153,dep_hour_share_education_11,0.024237435404948094,0.01986929254,0.4368142864948094,2258
kreis_03153,dep_hour_share_education_12,0.01577719851831527,0.02122449286,-0.5447294341684731,2258
kreis_03153,dep_hour_share_education_13,0.02003018246673069,0.02026308408,-0.023290161326931097,2258
kreis_03153,dep_hour_share_education_14,0.02739287510861115,0.005568766728,2.1824108380611147,2258
kreis_03153,dep_hour_share_education_15,0.04065486806603558,0.01293126717,2.772360089603558,2258
kreis_03153,dep_hour_share_education_16,0.015274157406137101,0.007478930673,0.7795226733137101,2258
kreis_03153,dep_hour_share_education_17,0.006630996478712215,0.009788265114,-0.31572686352877843,2258
kreis_03153,dep_hour_share_education_18,0.00937485709059313,0.002165938638,0.720891845259313,2258
kreis_03153,dep_hour_share_education_19,0.00823158183564275,0.0,0.823158183564275,2258
kreis_03153,dep_hour_share_education_20,0.0005487721223761833,0.0,0.05487721223761833,2258
kreis_03153,dep_hour_share_education_21,0.00022865505099007636,0.0,0.022865505099007637,2258
kreis_03153,dep_hour_share_education_22,0.0001829240407920611,0.0,0.018292404079206112,2258
kreis_03153,dep_hour_share_education_23,0.00013719303059404582,0.0,0.013719303059404582,2258
kreis_03153,dep_hour_share_education_4,0.0003201170713861069,0.0,0.03201170713861069,2258
kreis_03153,dep_hour_share_education_5,0.002469474550692825,0.009747126451,-0.7277651900307175,2258
kreis_03153,dep_hour_share_education_6,0.17441807289523026,0.05344687683,12.097119606523027,2258
kreis_03153,dep_hour_share_education_7,0.47473361686559656,0.6515028391,-17.67692222344034,2258
kreis_03153,dep_hour_share_education_8,0.12315361046325514,0.1431430873,-1.998947683674486,2258
kreis_03153,dep_hour_share_education_9,0.0368134632094023,0.04146519763,-0.46517344205977,2258
kreis_03153,dep_hour_share_escort_10,0.02193859011627907,0.02300717273,-0.10685826137209302,2258
kreis_03153,dep_hour_share_escort_11,0.042923328488372096,0.03402464192,0.8898686568372095,2258
kreis_03153,dep_hour_share_escort_12,0.059365915697674417,0.06737372291,-0.8007807212325586,2258
kreis_03153,dep_hour_share_escort_13,0.06976744186046512,0.09148280048,-2.1715358619534886,2258
kreis_03153,dep_hour_share_escort_14,0.1373092296511628,0.1197980689,1.7511160751162795,2258
kreis_03153,dep_hour_share_escort_15,0.11450763081395349,0.1255578193,-1.1050188486046526,2258
kreis_03153,dep_hour_share_escort_16,0.08670966569767442,0.06627425959,2.043540610767443,2258
kreis_03153,dep_hour_share_escort_17,0.058911700581395346,0.05926481512,-0.03531145386046555,2258
kreis_03153,dep_hour_share_escort_18,0.042605377906976744,0.03847381402,0.4131563886976747,2258
kreis_03153,dep_hour_share_escort_19,0.02071220930232558,0.02083021503,-0.01180057276744216,2258
kreis_03153,dep_hour_share_escort_20,0.005813953488372093,0.005588668526,0.022528496237209268,2258
kreis_03153,dep_hour_share_escort_21,0.004814680232558139,0.009504298913,-0.46896186804418605,2258
kreis_03153,dep_hour_share_escort_22,0.0025890261627906975,0.007078376325,-0.4489350162209303,2258
kreis_03153,dep_hour_share_escort_23,0.0014989098837209303,0.0,0.14989098837209303,2258
kreis_03153,dep_hour_share_escort_4,0.0020893895348837207,0.003014229552,-0.09248400171162795,2258
kreis_03153,dep_hour_share_escort_5,0.0028161337209302324,0.006069739354,-0.3253605633069767,2258
kreis_03153,dep_hour_share_escort_6,0.04646620639534884,0.01820250643,2.826369996534884,2258
kreis_03153,dep_hour_share_escort_7,0.16619731104651161,0.2125039425,-4.630663145348837,2258
kreis_03153,dep_hour_share_escort_8,0.07458212209302326,0.083059687,-0.8477564906976737,2258
kreis_03153,dep_hour_share_escort_9,0.03542877906976744,0.008891221396,2.6537557673767442,2258
kreis_03153,dep_hour_share_home_10,0.03566069601140138,0.04697630147,-1.1315605458598623,2258
kreis_03153,dep_hour_share_home_11,0.05577006385022508,0.05563228183,0.013778202022508151,2258
kreis_03153,dep_hour_share_home_12,0.07773152769668318,0.07429116762,0.3440360076683177,2258
kreis_03153,dep_hour_share_home_13,0.0855542789696068,0.1166993292,-3.1145050230393196,2258
kreis_03153,dep_hour_share_home_14,0.08620722129094231,0.09251609461,-0.630887331905769,2258
kreis_03153,dep_hour_share_home_15,0.1011746683492488,0.09748987173,0.3684796619248809,2258
kreis_03153,dep_hour_share_home_16,0.11182265082025879,0.1155813595,-0.3758708679741207,2258
kreis_03153,dep_hour_share_home_17,0.10074774452376019,0.09717924799,0.3568496533760193,2258
kreis_03153,dep_hour_share_home_18,0.08400981924798624,0.07562310874,0.8386710507986241,2258
kreis_03153,dep_hour_share_home_19,0.05447045749910534,0.04678991945,0.7680538049105339,2258
kreis_03153,dep_hour_share_home_20,0.050546525279540934,0.03563306282,1.4913462459540936,2258
kreis_03153,dep_hour_share_home_21,0.03534050314228492,0.02619473525,0.9145767892284922,2258
kreis_03153,dep_hour_share_home_22,0.025828891442060787,0.01954933901,0.6279552432060788,2258
kreis_03153,dep_hour_share_home_23,0.014371009360932703,0.00351613514,1.0854874220932702,2258
kreis_03153,dep_hour_share_home_4,6.906120706433365e-05,0.0004532785685,-0.038421736143566636,2258
kreis_03153,dep_hour_share_home_5,0.000847569359425913,0.001566574905,-0.0719005545574087,2258
kreis_03153,dep_hour_share_home_6,0.0025050383289699205,0.009642484395,-0.713744606603008,2258
kreis_03153,dep_hour_share_home_7,0.010133162563803137,0.01614052634,-0.6007363776196862,2258
kreis_03153,dep_hour_share_home_8,0.02056140483051752,0.03842244978,-1.7861044949482479,2258
kreis_03153,dep_hour_share_home_9,0.027938397403298613,0.02769443898,0.02439584232986139,2258
kreis_03153,dep_hour_share_leisure_10,0.05110598300219508,0.03417401908,1.693196392219508,2258
kreis_03153,dep_hour_share_leisure_11,0.04438941108046753,0.05916144904,-1.477203795953247,2258
kreis_03153,dep_hour_share_leisure_12,0.045477570777283725,0.08092315418,-3.544558340271627,2258
kreis_03153,dep_hour_share_leisure_13,0.05018667567212623,0.06058897899,-1.0402303317873771,2258
kreis_03153,dep_hour_share_leisure_14,0.0791729986304197,0.09461195817,-1.54389595395803,2258
kreis_03153,dep_hour_share_leisure_15,0.1007485788259132,0.1225532912,-2.180471237408679,2258
kreis_03153,dep_hour_share_leisure_16,0.12731468452749478,0.09253483615,3.477984837749479,2258
kreis_03153,dep_hour_share_leisure_17,0.11573891671826045,0.09274307075,2.2995845968260444,2258
kreis_03153,dep_hour_share_leisure_18,0.10215568188214105,0.1140735686,-1.191788671785894,2258
kreis_03153,dep_hour_share_leisure_19,0.05799140729066997,0.05972580881,-0.17344015193300338,2258
kreis_03153,dep_hour_share_leisure_20,0.022194705540233766,0.02933975379,-0.7145048249766233,2258
kreis_03153,dep_hour_share_leisure_21,0.013789609951032813,0.01128810366,0.2501506291032813,2258
kreis_03153,dep_hour_share_leisure_22,0.01330181422487383,0.001770099209,1.153171501587383,2258
kreis_03153,dep_hour_share_leisure_23,0.0034520928312789627,0.0005879270829,0.2864165748378963,2258
kreis_03153,dep_hour_share_leisure_4,0.000712932215155438,0.0,0.07129322151554379,2258
kreis_03153,dep_hour_share_leisure_5,0.00399617267968706,0.005110367107,-0.111419442731294,2258
kreis_03153,dep_hour_share_leisure_6,0.01590964522241609,0.01739545402,-0.14858087975839102,2258
kreis_03153,dep_hour_share_leisure_7,0.03138777884092231,0.02188765176,0.9500127080922307,2258
kreis_03153,dep_hour_share_leisure_8,0.05268193842517026,0.05173752422,0.09444142051702603,2258
kreis_03153,dep_hour_share_leisure_9,0.06300069417084107,0.04720474733,1.5795946840841075,2258
kreis_03153,dep_hour_share_other_10,0.08838162130523851,0.1315819366,-4.320031529476149,2258
kreis_03153,dep_hour_share_other_11,0.08066004817541253,0.1243874101,-4.3727361924587465,2258
kreis_03153,dep_hour_share_other_12,0.0669052925418158,0.04761661363,1.9288678911815806,2258
kreis_03153,dep_hour_share_other_13,0.0783638369239774,0.04756339058,3.0800446343977397,2258
kreis_03153,dep_hour_share_other_14,0.09148826005718017,0.05589018401,3.5598076047180163,2258
kreis_03153,dep_hour_share_other_15,0.08279867630174917,0.1165910289,-3.3792352598250837,2258
kreis_03153,dep_hour_share_other_16,0.08331644942707278,0.07428514028,0.9031309147072786,2258
kreis_03153,dep_hour_share_other_17,0.055581819409738636,0.0408020817,1.4779737709738636,2258
kreis_03153,dep_hour_share_other_18,0.04320028815200018,0.02317033488,2.002995327200018,2258
kreis_03153,dep_hour_share_other_19,0.025100740640687964,0.005202427901,1.9898312739687964,2258
kreis_03153,dep_hour_share_other_20,0.01159361563224601,0.004642196308,0.6951419324246011,2258
kreis_03153,dep_hour_share_other_21,0.008914702505571689,0.0007686538478,0.814604865777169,2258
kreis_03153,dep_hour_share_other_22,0.005042660003151662,0.004482402718,0.05602572851516625,2258
kreis_03153,dep_hour_share_other_23,0.003691947502307467,0.0,0.3691947502307467,2258
kreis_03153,dep_hour_share_other_4,0.0016433668760271042,0.0,0.16433668760271042,2258
kreis_03153,dep_hour_share_other_5,0.0008554512505346571,0.001831961841,-0.09765105904653429,2258
kreis_03153,dep_hour_share_other_6,0.01434006438396254,0.01387558487,0.04644795139625395,2258
kreis_03153,dep_hour_share_other_7,0.06600481754125301,0.06244021599,0.35646015512530094,2258
kreis_03153,dep_hour_share_other_8,0.08822403818014002,0.09131337718,-0.30893389998599835,2258
kreis_03153,dep_hour_share_other_9,0.09788163256117602,0.1518387067,-5.3957074138823975,2258
kreis_03153,dep_hour_share_shop_10,0.11633116484595557,0.1114345698,0.4896595045955576,2258
kreis_03153,dep_hour_share_shop_11,0.08856020621087517,0.1205447312,-3.198452498912484,2258
kreis_03153,dep_hour_share_shop_12,0.08377316803731436,0.06155905795,2.2214110087314354,2258
kreis_03153,dep_hour_share_shop_13,0.0629372775254695,0.07150650735,-0.8569229824530498,2258
kreis_03153,dep_hour_share_shop_14,0.09509635448631398,0.07546879174,1.9627562746313985,2258
kreis_03153,dep_hour_share_shop_15,0.08963422118571253,0.1028407695,-1.320654831428747,2258
kreis_03153,dep_hour_share_shop_16,0.0877316803731435,0.08042503588,0.7306644493143499,2258
kreis_03153,dep_hour_share_shop_17,0.06655824229777832,0.08674251959,-2.018427729222168,2258
kreis_03153,dep_hour_share_shop_18,0.05041733153307966,0.04028822953,1.0129102003079662,2258
kreis_03153,dep_hour_share_shop_19,0.012028967718178471,0.03724363878,-2.5214671061821528,2258
kreis_03153,dep_hour_share_shop_20,0.003436847919479563,0.0,0.3436847919479563,2258
kreis_03153,dep_hour_share_shop_21,0.000644408984902418,0.004366195127,-0.3721786142097582,2258
kreis_03153,dep_hour_share_shop_22,0.0004296059899349454,0.0,0.04296059899349454,2258
kreis_03153,dep_hour_share_shop_23,9.205842641463115e-05,0.0,0.009205842641463114,2258
kreis_03153,dep_hour_share_shop_4,6.137228427642077e-05,0.0,0.006137228427642077,2258
kreis_03153,dep_hour_share_shop_5,0.0010740149748373635,0.0002299281066,0.08440868682373635,2258
kreis_03153,dep_hour_share_shop_6,0.012213084571007733,0.005074628411,0.7138456160007733,2258
kreis_03153,dep_hour_share_shop_7,0.03596415858598257,0.03182600542,0.4138153165982573,2258
kreis_03153,dep_hour_share_shop_8,0.07067018534429852,0.06811076243,0.25594229142985175,2258
kreis_03153,dep_hour_share_shop_9,0.12148643672517491,0.1023386292,1.9147807525174907,2258
kreis_03153,dep_hour_share_work_10,0.03193030501478439,0.02437427258,0.755603243478439,2258
kreis_03153,dep_hour_share_work_11,0.02954892738782719,0.03661008216,-0.7061154772172812,2258
kreis_03153,dep_hour_share_work_12,0.035839733285705784,0.04602808941,-1.0188356124294216,2258
kreis_03153,dep_hour_share_work_13,0.04673453592903495,0.05766791802,-1.0933382090965054,2258
kreis_03153,dep_hour_share_work_14,0.022126967117143934,0.03265190864,-1.0524941522856064,2258
kreis_03153,dep_hour_share_work_15,0.01950745172749102,0.01129233743,0.8215114297491021,2258
kreis_03153,dep_hour_share_work_16,0.01228393959238753,0.006334458875,0.5949480717387531,2258
kreis_03153,dep_hour_share_work_17,0.010478061558611657,0.01017416613,0.03038954286116568,2258
kreis_03153,dep_hour_share_work_18,0.00587406481316108,0.001251459409,0.462260540416108,2258
kreis_03153,dep_hour_share_work_19,0.002798118711674704,0.000786676141,0.2011442570674704,2258
kreis_03153,dep_hour_share_work_20,0.0038102042031315114,0.00324327462,0.056692958313151125,2258
kreis_03153,dep_hour_share_work_21,0.005933599253835011,0.0002235143361,0.571008491773501,2258
kreis_03153,dep_hour_share_work_22,0.0009128614236669246,0.003094140279,-0.21812788553330756,2258
kreis_03153,dep_hour_share_work_23,0.0005556547796233454,0.0,0.05556547796233454,2258
kreis_03153,dep_hour_share_work_4,0.03121589172669723,0.01567304025,1.554285147669723,2258
kreis_03153,dep_hour_share_work_5,0.11506022900914846,0.1217105363,-0.6650307290851545,2258
kreis_03153,dep_hour_share_work_6,0.21958286201901134,0.1891580527,3.0424809319011343,2258
kreis_03153,dep_hour_share_work_7,0.22966402730646346,0.3056586603,-7.599463299353654,2258
kreis_03153,dep_hour_share_work_8,0.11607231450060526,0.1036869266,1.2385387900605256,2258
kreis_03153,dep_hour_share_work_9,0.04689329443749876,0.02845216693,1.844112750749876,2258
kreis_03153,mean_work_activity_h,5.66324252179212,6.466280458,-0.8030379362078799,2258
kreis_03153,mobility_rate,0.8247988782616188,0.8323700116,-0.757113333838122,2258
kreis_03153,n_persons_unweighted,127659.0,2258.0,125401.0,2258
kreis_03153,n_persons_weighted,127659.0,95795.0,31864.0,2258
kreis_03153,n_work_activities_measured,50324.0,826.0,49498.0,2258
kreis_03153,nonhome_acts_per_mobile,2.132943310571453,2.220014823,-0.08707151242854705,2258
kreis_03153,participation_education,0.13505510774798488,0.145628591,-1.0573483252015126,2258
kreis_03153,participation_escort,0.11359167782921689,0.120012767,-0.6421089170783114,2258
kreis_03153,participation_home,0.8247988782616188,0.8247719592,0.002691906161877977,2258
kreis_03153,participation_leisure,0.3215362802465944,0.3479370237,-2.6400743453405595,2258
kreis_03153,participation_other,0.2579371607172232,0.1980244057,5.991275501722323,2258
kreis_03153,participation_shop,0.21501030087968728,0.2808092782,-6.579897732031273,2258
kreis_03153,participation_work,0.3094102256793489,0.3284658498,-1.9055624120651093,2258
kreis_03153,purpose_share_education,0.056965636177490404,0.05007344776,0.6892188417490404,2258
kreis_03153,purpose_share_escort,0.057353795494746826,0.06229541015,-0.4941614655253175,2258
kreis_03153,purpose_share_home,0.41493709995493183,0.4189974931,-0.4060393145068175,2258
kreis_03153,purpose_share_leisure,0.13885422663814956,0.1540440778,-1.5189851161850454,2258
kreis_03153,purpose_share_other,0.11572097336810268,0.08123393901,3.448703435810267,2258
kreis_03153,purpose_share_shop,0.08489487134732965,0.1102021466,-2.530727525267035,2258
kreis_03153,purpose_share_work,0.13127339701924906,0.1231534856,0.811991141924906,2258
kreis_03153,share_mobile_first_from_home,1.0,0.9822715632,1.7728436800000025,2258
kreis_03153,share_mobile_last_to_home,1.0,0.9834002883,1.6599711699999964,2258
kreis_03153,share_mobile_odd_trip_count,0.2930774125535411,0.2276124655,6.5464947053541085,2258
kreis_03153,share_trips_0,0.17520112173838115,0.1676299884,0.7571133338381136,2258
kreis_03153,share_trips_1,0.0010026711786869707,0.002313128098,-0.13104569193130292,2258
kreis_03153,share_trips_2,0.33047415380035877,0.3282780951,0.21960587003587717,2258
kreis_03153,share_trips_3,0.11648219083652543,0.08590477545,3.0577415386525435,2258
kreis_03153,share_trips_4,0.15990255289482136,0.194497228,-3.4594675105178636,2258
kreis_03153,share_trips_5,0.0850468827109722,0.05496935306,3.0077529650972203,2258
kreis_03153,share_trips_6,0.06415528869879915,0.07146337992,-0.7308091221200852,2258
kreis_03153,share_trips_7,0.027260122670552018,0.03608694801,-0.8826825339447983,2258
kreis_03153,share_trips_8plus,0.04047501547090295,0.058857104,-1.838208852909705,2258
kreis_03153,share_trips_followed_by_same_purpose,0.10610035351153928,0.04814703654,5.7953316971539275,2258
kreis_03153,share_trips_home_based,0.8039899651698653,0.8371207738,-3.3130808630134734,2258
kreis_03153,share_trips_unknown_purpose,0.0,0.0006905355139,-0.06905355139,2258
kreis_03153,share_work_activities_lt_2h,0.20375963754868454,0.1135096853,9.024995224868453,2258
kreis_03153,tours_per_mobile,1.5127216434140922,1.599090611,-0.08636896758590784,2258
kreis_03153,trips_per_mobile_person,3.6456649539855452,3.819105434,-0.17344048001445467,2258
kreis_03153,trips_per_person,3.006940364564974,3.178908834,-0.17196846943502608,2258
kreis_03153,trips_per_person_education,0.17129227081521867,0.1590690068,0.012223264015218671,2258
kreis_03153,trips_per_person_escort,0.17245944273415897,0.1978946819,-0.025435239165841034,2258
kreis_03153,trips_per_person_home,1.2476911146100158,1.33103507,-0.08334395538998418,2258
kreis_03153,trips_per_person_leisure,0.4175263788687049,0.48935393,-0.07182755113129508,2258
kreis_03153,trips_per_person_other,0.34796606584729634,0.2580569657,0.08990910014729636,2258
kreis_03153,trips_per_person_shop,0.255273815398836,0.3500806672,-0.094806851801164,2258
kreis_03153,trips_per_person_work,0.3947312762907433,0.3912233631,0.0035079131907432837,2258
kreis_03154,dep_hour_share_all_10,0.048254623829827176,0.06207068411,-1.3816060280172828,1761
kreis_03154,dep_hour_share_all_11,0.05250389004617512,0.05855026925,-0.6046379203824885,1761
kreis_03154,dep_hour_share_all_12,0.0591214813584655,0.06244773228,-0.33262509215345043,1761
kreis_03154,dep_hour_share_all_13,0.0663239334414002,0.07161385978,-0.5289926338599802,1761
kreis_03154,dep_hour_share_all_14,0.07376827238626804,0.07427548446,-0.0507212073731958,1761
kreis_03154,dep_hour_share_all_15,0.08644025575022835,0.09545626666,-0.9016010909771652,1761
kreis_03154,dep_hour_share_all_16,0.08857030423590828,0.1002803984,-1.1710094164091718,1761
kreis_03154,dep_hour_share_all_17,0.07673589925953739,0.0682875799,0.8448319359537382,1761
kreis_03154,dep_hour_share_all_18,0.06370650098018332,0.06295902495,0.0747476030183325,1761
kreis_03154,dep_hour_share_all_19,0.03952503529021008,0.0319258347,0.7599200590210076,1761
kreis_03154,dep_hour_share_all_20,0.028788146821714943,0.02363699647,0.5151150351714942,1761
kreis_03154,dep_hour_share_all_21,0.020058558282097846,0.01439045814,0.5668100142097846,1761
kreis_03154,dep_hour_share_all_22,0.014144966045583037,0.005699764231,0.8445201814583038,1761
kreis_03154,dep_hour_share_all_23,0.006530945272194924,0.002423430965,0.41075143071949244,1761
kreis_03154,dep_hour_share_all_4,0.0038232565192119544,0.003195060167,0.06281963522119542,1761
kreis_03154,dep_hour_share_all_5,0.01707288015047529,0.01307586481,0.399701534047529,1761
kreis_03154,dep_hour_share_all_6,0.04678164114820444,0.03685247029,0.9929170858204439,1761
kreis_03154,dep_hour_share_all_7,0.08582290271454823,0.1043748671,-1.8551964385451771,1761
kreis_03154,dep_hour_share_all_8,0.05873518442970659,0.06215595232,-0.3420767890293407,1761
kreis_03154,dep_hour_share_all_9,0.053081530313478155,0.04393311096,0.9148419353478154,1761
kreis_03154,dep_hour_share_education_10,0.014961725817675714,0.003979768808,1.0981957009675714,1761
kreis_03154,dep_hour_share_education_11,0.016991417304569705,0.006089696943,1.0901720361569704,1761
kreis_03154,dep_hour_share_education_12,0.02070285316631872,0.01314888278,0.755397038631872,1761
kreis_03154,dep_hour_share_education_13,0.030793319415448852,0.002655089981,2.8138229434448854,1761
kreis_03154,dep_hour_share_education_14,0.026791927627000695,0.03264672969,-0.5854802062999307,1761
kreis_03154,dep_hour_share_education_15,0.031025284156808164,0.005156528215,2.586875594180816,1761
kreis_03154,dep_hour_share_education_16,0.016643470192530735,0.01384157015,0.28019000425307355,1761
kreis_03154,dep_hour_share_education_17,0.010090466249130133,0.01182236213,-0.17318958808698673,1761
kreis_03154,dep_hour_share_education_18,0.007422871723498028,0.006968813771,0.04540579524980283,1761
kreis_03154,dep_hour_share_education_19,0.0071329157967988865,0.001437982093,0.5694933703798887,1761
kreis_03154,dep_hour_share_education_20,0.00028995592669914174,0.0,0.028995592669914173,1761
kreis_03154,dep_hour_share_education_21,0.00023196474135931338,0.0,0.023196474135931337,1761
kreis_03154,dep_hour_share_education_22,0.00011598237067965669,0.0,0.011598237067965669,1761
kreis_03154,dep_hour_share_education_23,0.0,0.0,0.0,1761
kreis_03154,dep_hour_share_education_4,0.00028995592669914174,0.0,0.028995592669914173,1761
kreis_03154,dep_hour_share_education_5,0.003247506379030387,0.0,0.3247506379030387,1761
kreis_03154,dep_hour_share_education_6,0.17774298306657388,0.1040818782,7.366110486657387,1761
kreis_03154,dep_hour_share_education_7,0.47170030155416376,0.6825804706,-21.08801690458363,1761
kreis_03154,dep_hour_share_education_8,0.12572488981674784,0.09882488457,2.690000524674785,1761
kreis_03154,dep_hour_share_education_9,0.037926235212247736,0.01676534205,2.1160893162247736,1761
kreis_03154,dep_hour_share_escort_10,0.02087433230250211,0.0008394805377,2.003485176480211,1761
kreis_03154,dep_hour_share_escort_11,0.031627776215912284,0.03305299812,-0.14252219040877187,1761
kreis_03154,dep_hour_share_escort_12,0.06325555243182457,0.02678571647,3.646983596182457,1761
kreis_03154,dep_hour_share_escort_13,0.06782400899634523,0.08540865615,-1.7584647153654764,1761
kreis_03154,dep_hour_share_escort_14,0.13318807984256395,0.159562714,-2.6374634157436043,1761
kreis_03154,dep_hour_share_escort_15,0.11976384593758785,0.1445334976,-2.4769651662412158,1761
kreis_03154,dep_hour_share_escort_16,0.07597694686533596,0.05945111565,1.6525831215335962,1761
kreis_03154,dep_hour_share_escort_17,0.05805454034298566,0.07232574487,-1.4271204527014338,1761
kreis_03154,dep_hour_share_escort_18,0.04294349170649424,0.04177022239,0.11732693164942382,1761
kreis_03154,dep_hour_share_escort_19,0.01862524599381501,0.02122784937,-0.26026033761849876,1761
kreis_03154,dep_hour_share_escort_20,0.006466123137475401,0.01315893533,-0.6692812192524599,1761
kreis_03154,dep_hour_share_escort_21,0.007450098397526005,0.0,0.7450098397526005,1761
kreis_03154,dep_hour_share_escort_22,0.0021085184143941524,0.0,0.21085184143941524,1761
kreis_03154,dep_hour_share_escort_23,0.0018976665729547371,0.0,0.1897666572954737,1761
kreis_03154,dep_hour_share_escort_4,0.0009136913129041327,0.0,0.09136913129041327,1761
kreis_03154,dep_hour_share_escort_5,0.0016165307843688502,0.0007529550837,0.08635757006688502,1761
kreis_03154,dep_hour_share_escort_6,0.042451504076468936,0.01834383594,2.4107668136468936,1761
kreis_03154,dep_hour_share_escort_7,0.17676412707337644,0.1984839152,-2.1719788126623563,1761
kreis_03154,dep_hour_share_escort_8,0.08701152656733202,0.1134303427,-2.6418816132667984,1761
kreis_03154,dep_hour_share_escort_9,0.036547652516165305,0.01087202053,2.5675631986165306,1761
kreis_03154,dep_hour_share_home_10,0.03531523993794558,0.04492175025,-0.9606510312054423,1761
kreis_03154,dep_hour_share_home_11,0.05368753159371786,0.06234447055,-0.865693895628214,1761
kreis_03154,dep_hour_share_home_12,0.07042130767487667,0.07492357487,-0.45022671951233245,1761
kreis_03154,dep_hour_share_home_13,0.0810367968763618,0.09078154704,-0.9744750163638196,1761
kreis_03154,dep_hour_share_home_14,0.08430511251721313,0.07089193347,1.3413179047213133,1761
kreis_03154,dep_hour_share_home_15,0.1026512576478586,0.1238723366,-2.12210789521414,1761
kreis_03154,dep_hour_share_home_16,0.10861266537677143,0.1228347913,-1.4222125923228566,1761
kreis_03154,dep_hour_share_home_17,0.10209346511181998,0.0814453777,2.0648087411819978,1761
kreis_03154,dep_hour_share_home_18,0.09065000261465252,0.08995911956,0.06908830546525219,1761
kreis_03154,dep_hour_share_home_19,0.058341613066290154,0.0485103465,0.9831266566290152,1761
kreis_03154,dep_hour_share_home_20,0.05262423957189423,0.04397725021,0.8646989361894231,1761
kreis_03154,dep_hour_share_home_21,0.03792989245062665,0.02563765668,1.2292235770626647,1761
kreis_03154,dep_hour_share_home_22,0.028796039672994125,0.01282509798,1.5970941692994123,1761
kreis_03154,dep_hour_share_home_23,0.013814080775331625,0.005606254156,0.8207826619331625,1761
kreis_03154,dep_hour_share_home_4,7.843957538043194e-05,0.0006030866858,-0.05246471104195681,1761
kreis_03154,dep_hour_share_home_5,0.0008018267705555265,0.00266922052,-0.18673937494444737,1761
kreis_03154,dep_hour_share_home_6,0.0021963081106520944,0.008493714497,-0.6297406386347906,1761
kreis_03154,dep_hour_share_home_7,0.009674214296919939,0.02114835001,-1.1474135713080063,1761
kreis_03154,dep_hour_share_home_8,0.019627324861859193,0.04138234612,-2.175502125814081,1761
kreis_03154,dep_hour_share_home_9,0.030286391605222333,0.02587608931,0.4410302295222334,1761
kreis_03154,dep_hour_share_leisure_10,0.04557083084279737,0.07536460558,-2.979377473720262,1761
kreis_03154,dep_hour_share_leisure_11,0.04028690974297669,0.04516560624,-0.4878696497023313,1761
kreis_03154,dep_hour_share_leisure_12,0.049372384937238493,0.04981854766,-0.04461627227615034,1761
kreis_03154,dep_hour_share_leisure_13,0.057501494321578,0.03621516808,2.1286326241578,1761
kreis_03154,dep_hour_share_leisure_14,0.0782068141063957,0.09255633098,-1.4349516873604307,1761
kreis_03154,dep_hour_share_leisure_15,0.10512851165570831,0.1058846696,-0.07561579442916799,1761
kreis_03154,dep_hour_share_leisure_16,0.13934249850567842,0.1550299239,-1.568742539432158,1761
kreis_03154,dep_hour_share_leisure_17,0.11744172145845785,0.1215240792,-0.4082357741542142,1761
kreis_03154,dep_hour_share_leisure_18,0.09838613269575612,0.0980332311,0.03529015957561138,1761
kreis_03154,dep_hour_share_leisure_19,0.062139868499701136,0.0421005409,2.0039327599701138,1761
kreis_03154,dep_hour_share_leisure_20,0.029025702331141663,0.008369642156,2.0656060175141664,1761
kreis_03154,dep_hour_share_leisure_21,0.014823670053795576,0.005249754289,0.9573915764795576,1761
kreis_03154,dep_hour_share_leisure_22,0.010089659294680215,0.0008060443813,0.9283614913380214,1761
kreis_03154,dep_hour_share_leisure_23,0.002510460251046025,0.0002329302224,0.2277530028646025,1761
kreis_03154,dep_hour_share_leisure_4,0.0004542737597130903,0.001727608706,-0.12733349462869098,1761
kreis_03154,dep_hour_share_leisure_5,0.0037298266586969515,0.003396528557,0.033329810169695134,1761
kreis_03154,dep_hour_share_leisure_6,0.016545128511655707,0.01623190741,0.03132211016557071,1761
kreis_03154,dep_hour_share_leisure_7,0.02531978481769277,0.02907391021,-0.37541253923072326,1761
kreis_03154,dep_hour_share_leisure_8,0.04119545726240287,0.05683768705,-1.5642229787597133,1761
kreis_03154,dep_hour_share_leisure_9,0.058936043036461445,0.05593859604,0.2997446996461442,1761
kreis_03154,dep_hour_share_other_10,0.08909846547314577,0.1168359878,-2.7737522326854225,1761
kreis_03154,dep_hour_share_other_11,0.08781969309462916,0.1256523253,-3.783263220537085,1761
kreis_03154,dep_hour_share_other_12,0.07001278772378516,0.04594481099,2.406797673378516,1761
kreis_03154,dep_hour_share_other_13,0.07774936061381074,0.1219334212,-4.418406058618926,1761
kreis_03154,dep_hour_share_other_14,0.08801150895140665,0.1058910885,-1.7879579548593343,1761
kreis_03154,dep_hour_share_other_15,0.08164961636828645,0.08328690462,-0.16372882517135534,1761
kreis_03154,dep_hour_share_other_16,0.07838874680306905,0.05241096696,2.597777984306905,1761
kreis_03154,dep_hour_share_other_17,0.05959079283887468,0.02649349131,3.309730152887468,1761
kreis_03154,dep_hour_share_other_18,0.04271099744245524,0.02205314131,2.065785613245524,1761
kreis_03154,dep_hour_share_other_19,0.025831202046035805,0.02202918232,0.38020197260358046,1761
kreis_03154,dep_hour_share_other_20,0.012180306905370844,0.003557888283,0.8622418622370844,1761
kreis_03154,dep_hour_share_other_21,0.008727621483375959,0.0,0.8727621483375959,1761
kreis_03154,dep_hour_share_other_22,0.004251918158567775,0.001193481369,0.3058436789567775,1761
kreis_03154,dep_hour_share_other_23,0.0017902813299232737,0.0,0.17902813299232737,1761
kreis_03154,dep_hour_share_other_4,0.001534526854219949,0.0,0.1534526854219949,1761
kreis_03154,dep_hour_share_other_5,0.0026214833759590794,0.009020004278,-0.6398520902040921,1761
kreis_03154,dep_hour_share_other_6,0.015537084398976981,0.01720896226,-0.16718778610230173,1761
kreis_03154,dep_hour_share_other_7,0.06285166240409207,0.04298486993,1.9866792474092065,1761
kreis_03154,dep_hour_share_other_8,0.08609335038363171,0.07866410799,0.7429242393631713,1761
kreis_03154,dep_hour_share_other_9,0.0977621483375959,0.1248393656,-2.70772172624041,1761
kreis_03154,dep_hour_share_shop_10,0.12547313465303458,0.1601016876,-3.4628552946965403,1761
kreis_03154,dep_hour_share_shop_11,0.096062649554057,0.08107734514,1.4985304414056988,1761
kreis_03154,dep_hour_share_shop_12,0.07491842505982162,0.07510487905,-0.018645399017838682,1761
kreis_03154,dep_hour_share_shop_13,0.05786382423319556,0.06445719671,-0.6593372476804437,1761
kreis_03154,dep_hour_share_shop_14,0.07283010659125516,0.09063636929,-1.7806262698744844,1761
kreis_03154,dep_hour_share_shop_15,0.09828148792690886,0.09567766789,0.26038200369088577,1761
kreis_03154,dep_hour_share_shop_16,0.08723080269741136,0.122642756,-3.5411953302588643,1761
kreis_03154,dep_hour_share_shop_17,0.06478137916032195,0.06407174735,0.07096318103219507,1761
kreis_03154,dep_hour_share_shop_18,0.03946051772895367,0.03957267966,-0.011216193104632982,1761
kreis_03154,dep_hour_share_shop_19,0.015357842070915815,0.01306296914,0.22948729309158147,1761
kreis_03154,dep_hour_share_shop_20,0.0043071568414183165,0.0008375024452,0.34696543962183163,1761
kreis_03154,dep_hour_share_shop_21,0.0013051990428540352,0.008402424389,-0.7097225346145963,1761
kreis_03154,dep_hour_share_shop_22,0.0006525995214270176,0.0,0.06525995214270176,1761
kreis_03154,dep_hour_share_shop_23,0.00043506634761801175,0.0,0.04350663476180117,1761
kreis_03154,dep_hour_share_shop_4,0.0001740265390472047,0.0,0.01740265390472047,1761
kreis_03154,dep_hour_share_shop_5,0.001261692408092234,0.0,0.1261692408092234,1761
kreis_03154,dep_hour_share_shop_6,0.010224059169023277,0.01202395152,-0.17998923509767226,1761
kreis_03154,dep_hour_share_shop_7,0.03772025233848162,0.03905452015,-0.13342678115183804,1761
kreis_03154,dep_hour_share_shop_8,0.08192299325647161,0.05067274122,3.125025203647161,1761
kreis_03154,dep_hour_share_shop_9,0.12751794648683926,0.0826035624,4.491438408683926,1761
kreis_03154,dep_hour_share_work_10,0.03407420219666177,0.02821033718,0.5863865016661769,1761
kreis_03154,dep_hour_share_work_11,0.028827582230678314,0.03649074971,-0.7663167479321685,1761
kreis_03154,dep_hour_share_work_12,0.03061489232898037,0.0691151671,-3.850027477101963,1761
kreis_03154,dep_hour_share_work_13,0.04064689094525642,0.0547943844,-1.414749345474358,1761
kreis_03154,dep_hour_share_work_14,0.02032344547262821,0.01071592853,0.960751694262821,1761
kreis_03154,dep_hour_share_work_15,0.02064054887716567,0.00778838231,1.2852166567165673,1761
kreis_03154,dep_hour_share_work_16,0.012049929372423536,0.007751212765,0.4298716607423535,1761
kreis_03154,dep_hour_share_work_17,0.007956412695667214,0.001631617885,0.6324794810667214,1761
kreis_03154,dep_hour_share_work_18,0.004266482170140391,0.0004865293025,0.37799528676403904,1761
kreis_03154,dep_hour_share_work_19,0.003055723716451901,0.0,0.30557237164519013,1761
kreis_03154,dep_hour_share_work_20,0.004179999423448356,0.0211683322,-1.6988332776551645,1761
kreis_03154,dep_hour_share_work_21,0.004929516561445991,0.01350213162,-0.8572615058554007,1761
kreis_03154,dep_hour_share_work_22,0.00034593098676813974,0.0002381207411,0.010781024566813973,1761
kreis_03154,dep_hour_share_work_23,0.0007495171379976361,0.0,0.0749517137997636,1761
kreis_03154,dep_hour_share_work_4,0.02770330652368186,0.02197396525,0.5729341273681857,1761
kreis_03154,dep_hour_share_work_5,0.12369915535184065,0.08869688724,3.5002268111840653,1761
kreis_03154,dep_hour_share_work_6,0.21978148692669147,0.1780825382,4.169894872669147,1761
kreis_03154,dep_hour_share_work_7,0.23410879529533857,0.3047986337,-7.068983840466142,1761
kreis_03154,dep_hour_share_work_8,0.12430453457868489,0.1070376473,1.7266887278684888,1761
kreis_03154,dep_hour_share_work_9,0.0461241315690853,0.0328678353,1.3256296269085297,1761
kreis_03154,mean_work_activity_h,5.66258065756955,6.355170737,-0.6925900794304498,1761
kreis_03154,mobility_rate,0.8383486035986312,0.8422844969,-0.3935893301368787,1761
kreis_03154,n_persons_unweighted,90590.0,1761.0,88829.0,1761
kreis_03154,n_persons_weighted,90590.0,55924.0,34666.0,1761
kreis_03154,n_work_activities_measured,34663.0,607.0,34056.0,1761
kreis_03154,nonhome_acts_per_mobile,2.1363995470465857,2.168146457,-0.03174690995341445,1761
kreis_03154,participation_education,0.14917761342311514,0.1566083895,-0.743077607688486,1761
kreis_03154,participation_escort,0.10130257202781764,0.1066033005,-0.5300728472182353,1761
kreis_03154,participation_home,0.8383486035986312,0.8384272405,-0.007863690136877821,1761
kreis_03154,participation_leisure,0.36054752180152333,0.3832723827,-2.2724860898476695,1761
kreis_03154,participation_other,0.2530301357765758,0.1766926064,7.633752937657579,1761
kreis_03154,participation_shop,0.21324649519814548,0.2917111385,-7.846464330185454,1761
kreis_03154,participation_work,0.30102660337785625,0.3214259891,-2.0399385722143726,1761
kreis_03154,purpose_share_education,0.06225517980858446,0.05299640443,0.925877537858446,1761
kreis_03154,purpose_share_escort,0.05136666076992227,0.04975880244,0.16078583299222737,1761
kreis_03154,purpose_share_home,0.41423305618634676,0.4269593928,-1.2726336613653244,1761
kreis_03154,purpose_share_leisure,0.15099877612468365,0.1623001646,-1.1301388475316338,1761
kreis_03154,purpose_share_other,0.11292867225774308,0.06896078783,4.396788442774309,1761
kreis_03154,purpose_share_shop,0.08298163464975143,0.1179408427,-3.4959208050248574,1761
kreis_03154,purpose_share_work,0.12523602020296834,0.1210836052,0.41524150029683404,1761
kreis_03154,share_mobile_first_from_home,1.0,0.971415874,2.8584126000000043,1761
kreis_03154,share_mobile_last_to_home,1.0,0.9801030915,1.9896908500000032,1761
kreis_03154,share_mobile_odd_trip_count,0.2986990756590209,0.2300324463,6.866662935902087,1761
kreis_03154,share_trips_0,0.1616513964013688,0.1577155031,0.39358933013688147,1761
kreis_03154,share_trips_1,0.0009051771718732752,0.006616003335,-0.5710826163126724,1761
kreis_03154,share_trips_2,0.3161828016337344,0.3086377183,0.7545083333734437,1761
kreis_03154,share_trips_3,0.12446186113257533,0.08493575231,3.952610882257533,1761
kreis_03154,share_trips_4,0.18675350480185451,0.2289717101,-4.221820529814549,1761
kreis_03154,share_trips_5,0.08864113036759025,0.05452956044,3.411156992759025,1761
kreis_03154,share_trips_6,0.05857158626779998,0.07674607943,-1.8174493162200025,1761
kreis_03154,share_trips_7,0.024892372226515067,0.03869570917,-1.3803336943484936,1761
kreis_03154,share_trips_8plus,0.037940169996688373,0.04315196375,-0.5211793753311628,1761
kreis_03154,share_trips_followed_by_same_purpose,0.10780572513709931,0.04074375061,6.70619745270993,1761
kreis_03154,share_trips_home_based,0.804530143796324,0.8514306391,-4.6900495303676015,1761
kreis_03154,share_trips_unknown_purpose,0.0,0.0002245328896,-0.02245328896,1761
kreis_03154,share_work_activities_lt_2h,0.20355999192222254,0.1041750996,9.938489232222254,1761
kreis_03154,tours_per_mobile,1.5107839780896952,1.614803253,-0.10401927491030483,1761
kreis_03154,trips_per_mobile_person,3.647183525136281,3.78294971,-0.13576618486371883,1761
kreis_03154,trips_per_person,3.0576112153659345,3.186319893,-0.12870867763406535,1761
kreis_03154,trips_per_person_education,0.1903521359973507,0.1688255823,0.02152655369735071,1761
kreis_03154,trips_per_person_escort,0.1570592780660117,0.158511863,-0.0014525849339883101,1761
kreis_03154,trips_per_person_home,1.266563638370681,1.360123746,-0.09356010762931888,1761
kreis_03154,trips_per_person_leisure,0.4616955513853626,0.5170241282,-0.055328576814637376,1761
kreis_03154,trips_per_person_other,0.34529197483165913,0.2196817933,0.12561018153165912,1761
kreis_03154,trips_per_person_shop,0.25372557677447843,0.3757128743,-0.12198729752552157,1761
kreis_03154,trips_per_person_work,0.3829230599403908,0.3857244727,-0.002801412759609212,1761
kreis_03157,dep_hour_share_all_10,0.04412421185219861,0.05040664724,-0.628243538780139,2446
kreis_03157,dep_hour_share_all_11,0.04570955622422609,0.04791158955,-0.2202033325773914,2446
kreis_03157,dep_hour_share_all_12,0.059285123099456834,0.06730605092,-0.8020927820543166,2446
kreis_03157,dep_hour_share_all_13,0.06883821041887356,0.07105049827,-0.22122878511264404,2446
kreis_03157,dep_hour_share_all_14,0.07519165293264579,0.07151439576,0.367725717264579,2446
kreis_03157,dep_hour_share_all_15,0.08948870834248264,0.09135650668,-0.1867798337517365,2446
kreis_03157,dep_hour_share_all_16,0.08860313545886912,0.09790233586,-0.9299200401130872,2446
kreis_03157,dep_hour_share_all_17,0.07709310097702578,0.09156566576,-1.447256478297422,2446
kreis_03157,dep_hour_share_all_18,0.060930792599795856,0.06794690332,-0.7016110720204145,2446
kreis_03157,dep_hour_share_all_19,0.0394043738131031,0.03182552229,0.7578851523103101,2446
kreis_03157,dep_hour_share_all_20,0.0279232953928493,0.02120330303,0.6719992362849301,2446
kreis_03157,dep_hour_share_all_21,0.017576329384852603,0.0145336647,0.30426646848526023,2446
kreis_03157,dep_hour_share_all_22,0.013814454383344473,0.01135253815,0.2461916233344472,2446
kreis_03157,dep_hour_share_all_23,0.006640590124535195,0.0009784164261,0.5662173698435194,2446
kreis_03157,dep_hour_share_all_4,0.003971806448032315,0.002440058689,0.15317477590323147,2446
kreis_03157,dep_hour_share_all_5,0.017593220420779834,0.01403795215,0.35552682707798344,2446
kreis_03157,dep_hour_share_all_6,0.0506827598022301,0.03448410281,1.6198656992230103,2446
kreis_03157,dep_hour_share_all_7,0.09622581867231632,0.113090005,-1.6864186327683675,2446
kreis_03157,dep_hour_share_all_8,0.058387485190181,0.05639258685,0.19948983401809964,2446
kreis_03157,dep_hour_share_all_9,0.04741796385800912,0.04168325467,0.5734709188009119,2446
kreis_03157,dep_hour_share_education_10,0.01719518299325737,0.009375466,0.7819716993257367,2446
kreis_03157,dep_hour_share_education_11,0.024791685069045725,0.01515107299,0.9640612079045725,2446
kreis_03157,dep_hour_share_education_12,0.028589936106939905,0.01130645617,1.7283479936939905,2446
kreis_03157,dep_hour_share_education_13,0.03480257927744899,0.01753060144,1.7271977837448986,2446
kreis_03157,dep_hour_share_education_14,0.02649942584577334,0.01131181449,1.518761135577334,2446
kreis_03157,dep_hour_share_education_15,0.03433147837352413,0.008302381617,2.6029096756524126,2446
kreis_03157,dep_hour_share_education_16,0.01863792951152725,0.01153476899,0.710316052152725,2446
kreis_03157,dep_hour_share_education_17,0.008479816270647469,0.01531026961,-0.683045333935253,2446
kreis_03157,dep_hour_share_education_18,0.00674263168742455,0.006235166339,0.050746534842455,2446
kreis_03157,dep_hour_share_education_19,0.008155934399199129,0.0,0.8155934399199128,2446
kreis_03157,dep_hour_share_education_20,0.0004416570974295557,0.001051387468,-0.06097303705704443,2446
kreis_03157,dep_hour_share_education_21,0.00035332567794364456,0.003428040294,-0.30747146160563554,2446
kreis_03157,dep_hour_share_education_22,5.8887612990607425e-05,0.0,0.0058887612990607425,2446
kreis_03157,dep_hour_share_education_23,5.8887612990607425e-05,0.0,0.0058887612990607425,2446
kreis_03157,dep_hour_share_education_4,0.0006477637428966817,0.0,0.06477637428966816,2446
kreis_03157,dep_hour_share_education_5,0.004652121426257987,0.0,0.4652121426257987,2446
kreis_03157,dep_hour_share_education_6,0.1839649029826576,0.08624550358,9.771939940265762,2446
kreis_03157,dep_hour_share_education_7,0.4609133468774843,0.6836874772,-22.27741303225157,2446
kreis_03157,dep_hour_share_education_8,0.10673379854547596,0.1016171904,0.5116608145475959,2446
kreis_03157,dep_hour_share_education_9,0.03300650708123546,0.01791240341,1.5094103671235461,2446
kreis_03157,dep_hour_share_escort_10,0.013618317791524328,0.01643404262,-0.28157248284756703,2446
kreis_03157,dep_hour_share_escort_11,0.031483704182439294,0.0275608171,0.3922887082439295,2446
kreis_03157,dep_hour_share_escort_12,0.06236727910626904,0.05907865898,0.3288620126269043,2446
kreis_03157,dep_hour_share_escort_13,0.07460068322407903,0.1144842184,-3.988353517592097,2446
kreis_03157,dep_hour_share_escort_14,0.14176899639922444,0.1086685359,3.310046049922444,2446
kreis_03157,dep_hour_share_escort_15,0.1129166281968424,0.1051370628,0.7779565396842394,2446
kreis_03157,dep_hour_share_escort_16,0.07760132951712677,0.05356769621,2.4033633307126765,2446
kreis_03157,dep_hour_share_escort_17,0.05613516757455452,0.06544904216,-0.9313874585445476,2446
kreis_03157,dep_hour_share_escort_18,0.04357861693287785,0.02445403048,1.9124586452877852,2446
kreis_03157,dep_hour_share_escort_19,0.015326377989105345,0.01603934988,-0.07129718908946564,2446
kreis_03157,dep_hour_share_escort_20,0.006509094266457391,0.004554857828,0.1954236438457391,2446
kreis_03157,dep_hour_share_escort_21,0.005816637429600221,0.005955909995,-0.01392725653997784,2446
kreis_03157,dep_hour_share_escort_22,0.003092973871295356,0.01087793846,-0.7784964588704644,2446
kreis_03157,dep_hour_share_escort_23,0.001985042932323885,0.0,0.1985042932323885,2446
kreis_03157,dep_hour_share_escort_4,0.0005078016803619241,0.001677280153,-0.11694784726380758,2446
kreis_03157,dep_hour_share_escort_5,0.0024928446126858093,0.0,0.24928446126858095,2446
kreis_03157,dep_hour_share_escort_6,0.04099344474194442,0.02231280512,1.868063962194442,2446
kreis_03157,dep_hour_share_escort_7,0.1812390361000831,0.2606590118,-7.941997569991691,2446
kreis_03157,dep_hour_share_escort_8,0.08997322500230819,0.09204885515,-0.2075630147691812,2446
kreis_03157,dep_hour_share_escort_9,0.032453143754039335,0.01103988698,2.1413256774039335,2446
kreis_03157,dep_hour_share_home_10,0.03402921425136308,0.03864134031,-0.4612126058636923,2446
kreis_03157,dep_hour_share_home_11,0.04795842097029324,0.04567262629,0.2285794680293246,2446
kreis_03157,dep_hour_share_home_12,0.07533012335807447,0.08891004988,-1.3579926521925523,2446
kreis_03157,dep_hour_share_home_13,0.08696483512663179,0.09304391983,-0.6079084703368209,2446
kreis_03157,dep_hour_share_home_14,0.087109689605822,0.07927661311,0.7833076495821989,2446
kreis_03157,dep_hour_share_home_15,0.10856553506347523,0.113888281,-0.5322745936524764,2446
kreis_03157,dep_hour_share_home_16,0.10793396953420593,0.1149899722,-0.7056002665794064,2446
kreis_03157,dep_hour_share_home_17,0.09953820392034163,0.120698359,-2.116015507965838,2446
kreis_03157,dep_hour_share_home_18,0.0864839182557203,0.09434014163,-0.78562233742797,2446
kreis_03157,dep_hour_share_home_19,0.058555974667848676,0.04379358737,1.4762387297848678,2446
kreis_03157,dep_hour_share_home_20,0.052222936837652896,0.03840670697,1.3816229867652894,2446
kreis_03157,dep_hour_share_home_21,0.03331073603457966,0.0246708772,0.8639858834579659,2446
kreis_03157,dep_hour_share_home_22,0.027273201341931896,0.02339576701,0.38774343319318977,2446
kreis_03157,dep_hour_share_home_23,0.01403350194394711,0.002119216066,1.191428587794711,2446
kreis_03157,dep_hour_share_home_4,4.0559254173257544e-05,0.0003567160325,-0.031615677832674244,2446
kreis_03157,dep_hour_share_home_5,0.0008575385168060166,0.003148970236,-0.22914317191939834,2446
kreis_03157,dep_hour_share_home_6,0.002282906592037639,0.004829271289,-0.2546364696962361,2446
kreis_03157,dep_hour_share_home_7,0.01159415251438405,0.01461149749,-0.3017344975615951,2446
kreis_03157,dep_hour_share_home_8,0.019989918128248362,0.02807630003,-0.8086381901751639,2446
kreis_03157,dep_hour_share_home_9,0.02771935313783773,0.02642496843,0.12943847078377285,2446
kreis_03157,dep_hour_share_leisure_10,0.04075951883885078,0.04986634595,-0.9106827111149219,2446
kreis_03157,dep_hour_share_leisure_11,0.034281074990887096,0.04112018317,-0.6839108179112902,2446
kreis_03157,dep_hour_share_leisure_12,0.045216555654969015,0.04638918938,-0.1172633725030986,2446
kreis_03157,dep_hour_share_leisure_13,0.05943268051827551,0.06298794176,-0.35552612417244916,2446
kreis_03157,dep_hour_share_leisure_14,0.08841170427809258,0.07585839861,1.2553305668092583,2446
kreis_03157,dep_hour_share_leisure_15,0.11135964476256752,0.1178422143,-0.6482569537432481,2446
kreis_03157,dep_hour_share_leisure_16,0.14501110116976507,0.1507206765,-0.5709575330234945,2446
kreis_03157,dep_hour_share_leisure_17,0.13082811412665274,0.1236744464,0.715366772665274,2446
kreis_03157,dep_hour_share_leisure_18,0.09681214169731915,0.1100027136,-1.3190571902680845,2446
kreis_03157,dep_hour_share_leisure_19,0.06059250422507208,0.06592465554,-0.5332151314927924,2446
kreis_03157,dep_hour_share_leisure_20,0.023842661629717998,0.01873725732,0.5105404309717999,2446
kreis_03157,dep_hour_share_leisure_21,0.012625509493985486,0.01198286858,0.0642640913985486,2446
kreis_03157,dep_hour_share_leisure_22,0.010438413361169102,0.004309228184,0.6129185177169102,2446
kreis_03157,dep_hour_share_leisure_23,0.0017397355601948504,0.0004180202683,0.13217152918948505,2446
kreis_03157,dep_hour_share_leisure_4,0.0002485336514564072,0.0,0.02485336514564072,2446
kreis_03157,dep_hour_share_leisure_5,0.0027173012559233854,0.00504694818,-0.23296469240766146,2446
kreis_03157,dep_hour_share_leisure_6,0.01668489246777347,0.0113036418,0.538125066777347,2446
kreis_03157,dep_hour_share_leisure_7,0.025565828279815753,0.02065448715,0.49113411298157517,2446
kreis_03157,dep_hour_share_leisure_8,0.042051893826424096,0.03447851003,0.7573383796424096,2446
kreis_03157,dep_hour_share_leisure_9,0.04756934088875634,0.04677948641,0.07898544787563397,2446
kreis_03157,dep_hour_share_other_10,0.08397513222603693,0.1521518314,-6.817669917396306,2446
kreis_03157,dep_hour_share_other_11,0.07509047044632086,0.1007628704,-2.5672399953679133,2446
kreis_03157,dep_hour_share_other_12,0.06455878259255822,0.06561377344,-0.10549908474417752,2446
kreis_03157,dep_hour_share_other_13,0.08000835111812192,0.04204706984,3.796128127812192,2446
kreis_03157,dep_hour_share_other_14,0.07638953326528719,0.1123311418,-3.5941608534712817,2446
kreis_03157,dep_hour_share_other_15,0.09033126101883641,0.07287010809,1.7461152928836419,2446
kreis_03157,dep_hour_share_other_16,0.0838823420246822,0.1080794917,-2.4197149675317804,2446
kreis_03157,dep_hour_share_other_17,0.06481395564628376,0.0736993369,-0.888538125371624,2446
kreis_03157,dep_hour_share_other_18,0.041407627354551356,0.01983697873,2.157064862455136,2446
kreis_03157,dep_hour_share_other_19,0.03314929943397977,0.006493111688,2.6656187745979767,2446
kreis_03157,dep_hour_share_other_20,0.013616962048807645,0.003512883071,1.0104078977807645,2446
kreis_03157,dep_hour_share_other_21,0.009302217685812379,0.001318428024,0.7983789661812379,2446
kreis_03157,dep_hour_share_other_22,0.005428226779252111,0.0,0.5428226779252111,2446
kreis_03157,dep_hour_share_other_23,0.002992483993690266,0.0,0.2992483993690266,2446
kreis_03157,dep_hour_share_other_4,0.0014614456713371068,0.0,0.14614456713371068,2446
kreis_03157,dep_hour_share_other_5,0.0038043982555442143,0.0,0.3804398255544214,2446
kreis_03157,dep_hour_share_other_6,0.018256472116544492,0.006424926355,1.1831545761544493,2446
kreis_03157,dep_hour_share_other_7,0.06349169527697875,0.04588633064,1.7605364636978746,2446
kreis_03157,dep_hour_share_other_8,0.08817388883733877,0.101739951,-1.356606216266122,2446
kreis_03157,dep_hour_share_other_9,0.09086480467662615,0.08723176686,0.36330378166261473,2446
kreis_03157,dep_hour_share_shop_10,0.12948987854251012,0.09878747672,3.070240182251012,2446
kreis_03157,dep_hour_share_shop_11,0.08391902834008097,0.08513403848,-0.12150101399190233,2446
kreis_03157,dep_hour_share_shop_12,0.07141700404858299,0.1066141196,-3.519711555141701,2446
kreis_03157,dep_hour_share_shop_13,0.05817004048582996,0.05232446615,0.584557433582996,2446
kreis_03157,dep_hour_share_shop_14,0.07705263157894737,0.08709761272,-1.0044981141052622,2446
kreis_03157,dep_hour_share_shop_15,0.10328744939271255,0.1078695233,-0.45820739072874594,2446
kreis_03157,dep_hour_share_shop_16,0.09143319838056681,0.1170282527,-2.5595054319433195,2446
kreis_03157,dep_hour_share_shop_17,0.07080161943319838,0.08633566781,-1.5534048376801626,2446
kreis_03157,dep_hour_share_shop_18,0.04252631578947368,0.04407355299,-0.15472372005263177,2446
kreis_03157,dep_hour_share_shop_19,0.01237246963562753,0.007665948329,0.4706521306627531,2446
kreis_03157,dep_hour_share_shop_20,0.003336032388663968,0.006720398303,-0.3384365914336032,2446
kreis_03157,dep_hour_share_shop_21,0.0016194331983805667,0.0,0.16194331983805668,2446
kreis_03157,dep_hour_share_shop_22,0.0010040485829959514,0.0,0.10040485829959514,2446
kreis_03157,dep_hour_share_shop_23,0.00038866396761133603,0.0,0.038866396761133605,2446
kreis_03157,dep_hour_share_shop_4,0.00012955465587044534,0.0,0.012955465587044534,2446
kreis_03157,dep_hour_share_shop_5,0.0011983805668016195,0.0,0.11983805668016195,2446
kreis_03157,dep_hour_share_shop_6,0.011951417004048583,0.004202694124,0.7748722880048583,2446
kreis_03157,dep_hour_share_shop_7,0.043303643724696354,0.02758049166,1.5723152064696353,2446
kreis_03157,dep_hour_share_shop_8,0.07624291497975709,0.05805903282,1.8183882159757088,2446
kreis_03157,dep_hour_share_shop_9,0.11724696356275303,0.1105067242,0.6740239362753031,2446
kreis_03157,dep_hour_share_work_10,0.028069093152375078,0.03349005889,-0.5420965737624923,2446
kreis_03157,dep_hour_share_work_11,0.024001388032078963,0.03219821615,-0.8196828117921038,2446
kreis_03157,dep_hour_share_work_12,0.02947640345465762,0.02400403544,0.5472368014657617,2446
kreis_03157,dep_hour_share_work_13,0.036416563849475635,0.04438396933,-0.7967405480524368,2446
kreis_03157,dep_hour_share_work_14,0.02213140037014189,0.01752233201,0.4609068360141889,2446
kreis_03157,dep_hour_share_work_15,0.017986582356570018,0.01002949914,0.7957083216570018,2446
kreis_03157,dep_hour_share_work_16,0.011297038864898211,0.01039100778,0.09060310848982116,2446
kreis_03157,dep_hour_share_work_17,0.007518507094386181,0.0112437194,-0.37252123056138187,2446
kreis_03157,dep_hour_share_work_18,0.004067705120296114,0.01378795032,-0.9720245199703887,2446
kreis_03157,dep_hour_share_work_19,0.0028338988278840222,0.0,0.2833898827884022,2446
kreis_03157,dep_hour_share_work_20,0.005282233189389266,0.002694522053,0.25877111363892663,2446
kreis_03157,dep_hour_share_work_21,0.0035471930906847624,0.01089474319,-0.7347550099315238,2446
kreis_03157,dep_hour_share_work_22,0.001041024059222702,0.0,0.1041024059222702,2446
kreis_03157,dep_hour_share_work_23,0.0007518507094386182,0.0,0.07518507094386181,2446
kreis_03157,dep_hour_share_work_4,0.029380012338062925,0.01818388768,1.1196124658062925,2446
kreis_03157,dep_hour_share_work_5,0.12658081431215298,0.09817122256,2.840959175215299,2446
kreis_03157,dep_hour_share_work_6,0.2180559839605182,0.1898237086,2.82322753605182,2446
kreis_03157,dep_hour_share_work_7,0.24444787168414558,0.3243751272,-7.992725551585441,2446
kreis_03157,dep_hour_share_work_8,0.12492288710672425,0.119425894,0.5496993106724246,2446
kreis_03157,dep_hour_share_work_9,0.05079811844540407,0.03607658411,1.4721534335404074,2446
kreis_03157,mean_work_activity_h,5.752723391395486,6.415477383,-0.6627539916045135,2446
kreis_03157,mobility_rate,0.8301158301158301,0.8212402024,0.887562771583017,2446
kreis_03157,n_persons_unweighted,136493.0,2446.0,134047.0,2446
kreis_03157,n_persons_weighted,136493.0,104172.0,32321.0,2446
kreis_03157,n_work_activities_measured,51841.0,871.0,50970.0,2446
kreis_03157,nonhome_acts_per_mobile,2.1343630025153346,2.155588382,-0.021225379484665297,2446
kreis_03157,participation_education,0.1920318258079169,0.1901311055,0.1900720307916881,2446
kreis_03157,participation_escort,0.10043738506736609,0.1063565594,-0.5919174332633905,2446
kreis_03157,participation_home,0.8301158301158301,0.8137540321,1.6361798015830153,2446
kreis_03157,participation_leisure,0.3497029151678108,0.3722657309,-2.2562815732189154,2446
kreis_03157,participation_other,0.2316162733620039,0.1664957087,6.5120564662003915,2446
kreis_03157,participation_shop,0.19263258921702944,0.2322507851,-3.9618195882970553,2446
kreis_03157,participation_work,0.30419875011905373,0.3164269236,-1.2228173480946292,2446
kreis_03157,purpose_share_education,0.08195289331380408,0.06415113977,1.7801753543804075,2446
kreis_03157,purpose_share_escort,0.05227051717939004,0.05521754869,-0.294703151060996,2446
kreis_03157,purpose_share_home,0.41645331679620484,0.430629673,-1.4176356203795148,2446
kreis_03157,purpose_share_leisure,0.1456345117646065,0.1663083762,-2.0673864435393483,2446
kreis_03157,purpose_share_other,0.10401982525016831,0.07017784179,3.3841983460168312,2446
kreis_03157,purpose_share_shop,0.07450153346476168,0.09305182129,-1.855028782523832,2446
kreis_03157,purpose_share_work,0.12516740223106454,0.1204635993,0.4703802931064538,2446
kreis_03157,share_mobile_first_from_home,1.0,0.9810117436,1.8988256400000014,2446
kreis_03157,share_mobile_last_to_home,1.0,0.9814461412,1.8553858800000045,2446
kreis_03157,share_mobile_odd_trip_count,0.28135563302590355,0.2207371556,6.061847742590354,2446
kreis_03157,share_trips_0,0.16988416988416988,0.1787597976,-0.8875627715830114,2446
kreis_03157,share_trips_1,0.0009084714967067908,0.008836270712,-0.792779921529321,2446
kreis_03157,share_trips_2,0.3298703962840585,0.3141973457,1.567305058405849,2446
kreis_03157,share_trips_3,0.10937557237367485,0.06668096858,4.269460379367485,2446
kreis_03157,share_trips_4,0.1720454528803675,0.2130226015,-4.09771486196325,2446
kreis_03157,share_trips_5,0.08730850666334537,0.06327543051,2.403307615334538,2446
kreis_03157,share_trips_6,0.06515352435656041,0.08170331607,-1.6549791713439594,2446
kreis_03157,share_trips_7,0.026279735957155312,0.02678843864,-0.05087026828446868,2446
kreis_03157,share_trips_8plus,0.039174170103961375,0.04673583062,-0.7561660516038626,2446
kreis_03157,share_trips_followed_by_same_purpose,0.099635394924485,0.04319098711,5.6444407814485,2446
kreis_03157,share_trips_home_based,0.8111920004053849,0.8605857712,-4.939377079461515,2446
kreis_03157,share_trips_unknown_purpose,0.0,0.0006487918246,-0.06487918245999999,2446
kreis_03157,share_work_activities_lt_2h,0.19081422040469898,0.1186540761,7.216014430469897,2446
kreis_03157,tours_per_mobile,1.5232072724063368,1.628471052,-0.10526377959366329,2446
kreis_03157,trips_per_mobile_person,3.6575702749216714,3.784059434,-0.12648915907832858,2446
kreis_03157,trips_per_person,3.0362069849735884,3.107621736,-0.0714147510264116,2446
kreis_03157,trips_per_person_education,0.24882594711816725,0.1992281348,0.049597812318167234,2446
kreis_03157,trips_per_person_escort,0.158704109368246,0.1714839249,-0.012779815531754002,2446
kreis_03157,trips_per_person_home,1.2644384693720556,1.337365896,-0.07292742662794449,2446
kreis_03157,trips_per_person_leisure,0.44217652187291656,0.5164882138,-0.07431169192708342,2446
kreis_03157,trips_per_person_other,0.3158257200002931,0.217944694,0.09788102600029308,2446
kreis_03157,trips_per_person_shop,0.22620207629695296,0.2889822513,-0.06278017500304703,2446
kreis_03157,trips_per_person_work,0.3800341409449569,0.3741124209,0.005921720044956891,2446
kreis_03158,dep_hour_share_all_10,0.04495031450295508,0.05515405448,-1.020373997704492,1871
kreis_03158,dep_hour_share_all_11,0.04811976619866601,0.05128257631,-0.31628101113339924,1871
kreis_03158,dep_hour_share_all_12,0.059967220054379974,0.05721300189,0.2754218164379978,1871
kreis_03158,dep_hour_share_all_13,0.06540521765558263,0.07577047958,-1.0365261924417362,1871
kreis_03158,dep_hour_share_all_14,0.07288382114306492,0.06910079288,0.3783028263064925,1871
kreis_03158,dep_hour_share_all_15,0.0882724860115381,0.0945681824,-0.6295696388461904,1871
kreis_03158,dep_hour_share_all_16,0.09025882046467201,0.09813400199,-0.7875181525327984,1871
kreis_03158,dep_hour_share_all_17,0.07795277299887658,0.07468157096,0.32712020388765833,1871
kreis_03158,dep_hour_share_all_18,0.06447446257713327,0.06272519837,0.17492642071332692,1871
kreis_03158,dep_hour_share_all_19,0.04001704123000776,0.0362048663,0.381217493000776,1871
kreis_03158,dep_hour_share_all_20,0.027097726569665526,0.02188639743,0.5211329139665526,1871
kreis_03158,dep_hour_share_all_21,0.01958656022229579,0.01357014316,0.6016417062295789,1871
kreis_03158,dep_hour_share_all_22,0.01377680330404485,0.006890193345,0.688660995904485,1871
kreis_03158,dep_hour_share_all_23,0.006968452015912384,0.004613050967,0.23554010489123844,1871
kreis_03158,dep_hour_share_all_4,0.003904829614835639,0.003629293392,0.027553622283563867,1871
kreis_03158,dep_hour_share_all_5,0.016257007798804943,0.01126620152,0.4990806278804943,1871
kreis_03158,dep_hour_share_all_6,0.05013866351168735,0.0406541143,0.948454921168735,1871
kreis_03158,dep_hour_share_all_7,0.0899331918657976,0.1039640148,-1.403082293420241,1871
kreis_03158,dep_hour_share_all_8,0.05811656418411041,0.06412901048,-0.6012446295889589,1871
kreis_03158,dep_hour_share_all_9,0.05071665427468943,0.05243075416,-0.17140998853105716,1871
kreis_03158,dep_hour_share_education_10,0.0180732744520772,0.002660874358,1.5412400094077199,1871
kreis_03158,dep_hour_share_education_11,0.03275269872423945,0.00987711508,2.287558364423945,1871
kreis_03158,dep_hour_share_education_12,0.022857376512921166,0.00972202424,1.3135352272921166,1871
kreis_03158,dep_hour_share_education_13,0.02522898266274125,0.03807245213,-1.2843469467258746,1871
kreis_03158,dep_hour_share_education_14,0.02138534510958456,0.009916532512,1.1468812597584561,1871
kreis_03158,dep_hour_share_education_15,0.03504252535165195,0.02757460069,0.7467924661651949,1871
kreis_03158,dep_hour_share_education_16,0.01557899901864573,0.01405167733,0.15273216886457305,1871
kreis_03158,dep_hour_share_education_17,0.008791298658815833,0.004867861149,0.3923437509815833,1871
kreis_03158,dep_hour_share_education_18,0.00429342492639843,0.0,0.429342492639843,1871
kreis_03158,dep_hour_share_education_19,0.006910369643441282,0.0,0.6910369643441282,1871
kreis_03158,dep_hour_share_education_20,0.00044978737324174024,0.0,0.044978737324174026,1871
kreis_03158,dep_hour_share_education_21,8.177952240758914e-05,0.0,0.008177952240758915,1871
kreis_03158,dep_hour_share_education_22,4.088976120379457e-05,0.0,0.0040889761203794575,1871
kreis_03158,dep_hour_share_education_23,0.00016355904481517829,0.0,0.01635590448151783,1871
kreis_03158,dep_hour_share_education_4,0.00036800785083415113,0.0,0.03680078508341511,1871
kreis_03158,dep_hour_share_education_5,0.0026987242394504417,0.0,0.2698724239450442,1871
kreis_03158,dep_hour_share_education_6,0.17889270526660125,0.08214585943,9.674684583660126,1871
kreis_03158,dep_hour_share_education_7,0.47186784429178935,0.6373170409,-16.544919660821062,1871
kreis_03158,dep_hour_share_education_8,0.11657670919201832,0.110496553,0.6080156192018321,1871
kreis_03158,dep_hour_share_education_9,0.03663722603859994,0.05329740919,-1.666018315140006,1871
kreis_03158,dep_hour_share_escort_10,0.015896332826189602,0.02741296507,-1.1516632243810399,1871
kreis_03158,dep_hour_share_escort_11,0.034101044016578354,0.02080495752,1.3296086496578354,1871
kreis_03158,dep_hour_share_escort_12,0.05256807093017155,0.05321798475,-0.06499138198284501,1871
kreis_03158,dep_hour_share_escort_13,0.07318608677404123,0.09225923392,-1.907314714595877,1871
kreis_03158,dep_hour_share_escort_14,0.1417029536750433,0.102593244,3.910970967504329,1871
kreis_03158,dep_hour_share_escort_15,0.12748544147736215,0.1687602819,-4.127484042263784,1871
kreis_03158,dep_hour_share_escort_16,0.09815854362310476,0.04451623652,5.364230710310476,1871
kreis_03158,dep_hour_share_escort_17,0.05854886941923299,0.03453654203,2.4012327389232992,1871
kreis_03158,dep_hour_share_escort_18,0.03724883269503174,0.03517520488,0.2073627815031745,1871
kreis_03158,dep_hour_share_escort_19,0.01878180578143854,0.007376827986,1.1404977795438542,1871
kreis_03158,dep_hour_share_escort_20,0.0060857247783432135,0.002614832101,0.34708926773432136,1871
kreis_03158,dep_hour_share_escort_21,0.009076124022873932,0.0,0.9076124022873931,1871
kreis_03158,dep_hour_share_escort_22,0.0019411363517129216,0.001096139809,0.08449965427129216,1871
kreis_03158,dep_hour_share_escort_23,0.0012066523267404649,0.0,0.12066523267404648,1871
kreis_03158,dep_hour_share_escort_4,0.0015214311945858034,0.0,0.15214311945858033,1871
kreis_03158,dep_hour_share_escort_5,0.0015738943392266933,0.0,0.15738943392266933,1871
kreis_03158,dep_hour_share_escort_6,0.04244268401447983,0.03150092254,1.0941761474479832,1871
kreis_03158,dep_hour_share_escort_7,0.16971827291327843,0.2425382786,-7.2820005686721565,1871
kreis_03158,dep_hour_share_escort_8,0.07848486438277111,0.1043624275,-2.5877563117228886,1871
kreis_03158,dep_hour_share_escort_9,0.026861130056135565,0.03123392086,-0.4372790803864435,1871
kreis_03158,dep_hour_share_home_10,0.0324409202561914,0.04367232834,-1.1231408083808598,1871
kreis_03158,dep_hour_share_home_11,0.04806520761798031,0.05756872897,-0.9503521352019685,1871
kreis_03158,dep_hour_share_home_12,0.07533929723284619,0.07114544741,0.41938498228461796,1871
kreis_03158,dep_hour_share_home_13,0.0826432280637742,0.08939421248,-0.6750984416225805,1871
kreis_03158,dep_hour_share_home_14,0.08172453560421947,0.08751906609,-0.5794530485780534,1871
kreis_03158,dep_hour_share_home_15,0.10510884225203448,0.1153993244,-1.0290482147965518,1871
kreis_03158,dep_hour_share_home_16,0.11253005297141629,0.1205004999,-0.7970446928583717,1871
kreis_03158,dep_hour_share_home_17,0.10150574345675956,0.0867880434,1.4717700056759555,1871
kreis_03158,dep_hour_share_home_18,0.0924686764964588,0.09740646199,-0.4937785493541194,1871
kreis_03158,dep_hour_share_home_19,0.06087477765687814,0.05202318318,0.8851594476878138,1871
kreis_03158,dep_hour_share_home_20,0.04991562363580685,0.03821740242,1.1698221215806854,1871
kreis_03158,dep_hour_share_home_21,0.03773154633532926,0.02671837785,1.1013168485329263,1871
kreis_03158,dep_hour_share_home_22,0.027743209168681057,0.01568993182,1.2053277348681057,1871
kreis_03158,dep_hour_share_home_23,0.014679532704800005,0.00638792609,0.8291606614800006,1871
kreis_03158,dep_hour_share_home_4,3.9093296151265e-05,0.0007734310221,-0.07343377259487349,1871
kreis_03158,dep_hour_share_home_5,0.0007036793307227699,0.00563800055,-0.493432121927723,1871
kreis_03158,dep_hour_share_home_6,0.0015702473954091439,0.007895271508,-0.6325024112590856,1871
kreis_03158,dep_hour_share_home_7,0.009115253552603288,0.01212239825,-0.30071446973967114,1871
kreis_03158,dep_hour_share_home_8,0.017246659152066406,0.03462856587,-1.7381906717933597,1871
kreis_03158,dep_hour_share_home_9,0.03054489539285505,0.02767257553,0.28723198628550495,1871
kreis_03158,dep_hour_share_leisure_10,0.0457771873220725,0.04393411535,0.18430719720725006,1871
kreis_03158,dep_hour_share_leisure_11,0.029967735813247295,0.03413978358,-0.41720477667527045,1871
kreis_03158,dep_hour_share_leisure_12,0.04080470677547922,0.0515817975,-1.077709072452078,1871
kreis_03158,dep_hour_share_leisure_13,0.047978743594609984,0.06887164928,-2.0892905685390017,1871
kreis_03158,dep_hour_share_leisure_14,0.08253938128677168,0.05625050905,2.6288872236771685,1871
kreis_03158,dep_hour_share_leisure_15,0.10730688935281837,0.1167850565,-0.9478167147181624,1871
kreis_03158,dep_hour_share_leisure_16,0.1416208009109888,0.1247820193,1.6838781610988798,1871
kreis_03158,dep_hour_share_leisure_17,0.13860315050294172,0.1476739585,-0.9070807997058283,1871
kreis_03158,dep_hour_share_leisure_18,0.10696526855190738,0.0844457048,2.2519563751907388,1871
kreis_03158,dep_hour_share_leisure_19,0.060334029227557415,0.06485958293,-0.4525553702442592,1871
kreis_03158,dep_hour_share_leisure_20,0.024596697665591194,0.0308634367,-0.6266739034408806,1871
kreis_03158,dep_hour_share_leisure_21,0.013133421901689125,0.01105487573,0.20785461716891251,1871
kreis_03158,dep_hour_share_leisure_22,0.010115771493642057,0.0005575326329,0.9558238860742058,1871
kreis_03158,dep_hour_share_leisure_23,0.001821977604858607,0.003073118089,-0.1251140484141393,1871
kreis_03158,dep_hour_share_leisure_4,0.00030366293414310115,0.004135896466,-0.3832233531856899,1871
kreis_03158,dep_hour_share_leisure_5,0.0030366293414310114,0.005569946358,-0.2533317016568989,1871
kreis_03158,dep_hour_share_leisure_6,0.018390586449041565,0.01499059211,0.33999943390415654,1871
kreis_03158,dep_hour_share_leisure_7,0.024217118997912318,0.02605144068,-0.18343216820876812,1871
kreis_03158,dep_hour_share_leisure_8,0.04442968305181249,0.05167739811,-0.7247715058187512,1871
kreis_03158,dep_hour_share_leisure_9,0.0528373505408996,0.05842583073,-0.5588480189100402,1871
kreis_03158,dep_hour_share_other_10,0.0874732224829134,0.1599726669,-7.249944441708661,1871
kreis_03158,dep_hour_share_other_11,0.08538202591043557,0.07557085747,0.9811168440435571,1871
kreis_03158,dep_hour_share_other_12,0.0667142711414873,0.03858206384,2.81322073014873,1871
kreis_03158,dep_hour_share_other_13,0.07931245537080485,0.07530674409,0.4005711280804847,1871
kreis_03158,dep_hour_share_other_14,0.08652963378557585,0.08053868999,0.5990943795575854,1871
kreis_03158,dep_hour_share_other_15,0.08834030398857493,0.0852189803,0.31213236885749285,1871
kreis_03158,dep_hour_share_other_16,0.09012547179434867,0.09817349272,-0.8048020925651336,1871
kreis_03158,dep_hour_share_other_17,0.060389676629603185,0.04801915574,1.2370520889603185,1871
kreis_03158,dep_hour_share_other_18,0.03978373967152912,0.01484022095,2.494351872152912,1871
kreis_03158,dep_hour_share_other_19,0.028919718453534634,0.0009990018478,2.7920716605734635,1871
kreis_03158,dep_hour_share_other_20,0.012904212996021626,0.000445981966,1.2458231030021627,1871
kreis_03158,dep_hour_share_other_21,0.007268183209221667,0.003042066317,0.42261168922216663,1871
kreis_03158,dep_hour_share_other_22,0.004284402733856983,0.0,0.4284402733856983,1871
kreis_03158,dep_hour_share_other_23,0.003978373967152913,0.0,0.3978373967152913,1871
kreis_03158,dep_hour_share_other_4,0.00155564623074569,0.0,0.155564623074569,1871
kreis_03158,dep_hour_share_other_5,0.0013006222584922983,0.002421446838,-0.11208245795077017,1871
kreis_03158,dep_hour_share_other_6,0.018642252371722942,0.01059897521,0.8043277161722941,1871
kreis_03158,dep_hour_share_other_7,0.061511782107518106,0.07230242952,-1.0790647412481897,1871
kreis_03158,dep_hour_share_other_8,0.07643068448434152,0.1147094796,-3.8278795115658473,1871
kreis_03158,dep_hour_share_other_9,0.09321126185861471,0.1192577466,-2.6046484741385294,1871
kreis_03158,dep_hour_share_shop_10,0.11395953659607526,0.1219647016,-0.8005165003924744,1871
kreis_03158,dep_hour_share_shop_11,0.0904178065997906,0.1097824358,-1.93646292002094,1871
kreis_03158,dep_hour_share_shop_12,0.08788462187996082,0.06949173784,1.8392884039960824,1871
kreis_03158,dep_hour_share_shop_13,0.06099908805350086,0.08454214989,-2.3543061836499137,1871
kreis_03158,dep_hour_share_shop_14,0.07667105752018104,0.06957981999,0.7091237530181038,1871
kreis_03158,dep_hour_share_shop_15,0.10375924612422738,0.07121066525,3.254858087422738,1871
kreis_03158,dep_hour_share_shop_16,0.07582666261357111,0.1397555875,-6.392892488642889,1871
kreis_03158,dep_hour_share_shop_17,0.05968183199918938,0.07355867656,-1.3876844560810613,1871
kreis_03158,dep_hour_share_shop_18,0.043368122403485664,0.04277831041,0.05898119934856644,1871
kreis_03158,dep_hour_share_shop_19,0.015030229337656634,0.03085819852,-1.5827969182343367,1871
kreis_03158,dep_hour_share_shop_20,0.004424629310635998,0.006191894785,-0.17672654743640018,1871
kreis_03158,dep_hour_share_shop_21,0.0021954267571858005,0.0,0.21954267571858005,1871
kreis_03158,dep_hour_share_shop_22,0.001452359239369068,0.0,0.1452359239369068,1871
kreis_03158,dep_hour_share_shop_23,0.000540412740230351,0.0,0.054041274023035095,1871
kreis_03158,dep_hour_share_shop_4,6.755159252879387e-05,0.0,0.006755159252879387,1871
kreis_03158,dep_hour_share_shop_5,0.0005741885364947478,0.0,0.057418853649474785,1871
kreis_03158,dep_hour_share_shop_6,0.011889080285067721,0.008862747522,0.30263327630677217,1871
kreis_03158,dep_hour_share_shop_7,0.04225352112676056,0.03514281976,0.7110701366760563,1871
kreis_03158,dep_hour_share_shop_8,0.08896544736042152,0.0437058696,4.525957776042151,1871
kreis_03158,dep_hour_share_shop_9,0.11835039011044686,0.0925743851,2.5776005010446856,1871
kreis_03158,dep_hour_share_work_10,0.03249155219642893,0.02641494861,0.6076603586428929,1871
kreis_03158,dep_hour_share_work_11,0.02601323655849479,0.01660022885,0.9413007708494792,1871
kreis_03158,dep_hour_share_work_12,0.03213164577209925,0.04021213059,-0.8080484817900746,1871
kreis_03158,dep_hour_share_work_13,0.03924979505328614,0.04043885205,-0.11890569967138581,1871
kreis_03158,dep_hour_share_work_14,0.021594385459780457,0.025826721,-0.4232335540219543,1871
kreis_03158,dep_hour_share_work_15,0.018415212044868335,0.01949787229,-0.10826602451316641,1871
kreis_03158,dep_hour_share_work_16,0.009957411073120988,0.01095984865,-0.10024375768790117,1871
kreis_03158,dep_hour_share_work_17,0.007578029712274809,0.006489062176,0.1088967536274809,1871
kreis_03158,dep_hour_share_work_18,0.00545858076900006,0.004155481623,0.13030991460000604,1871
kreis_03158,dep_hour_share_work_19,0.00237938136084618,0.0,0.237938136084618,1871
kreis_03158,dep_hour_share_work_20,0.005298622358186871,0.0006980929976,0.4600529360586871,1871
kreis_03158,dep_hour_share_work_21,0.0041989082838462,0.003611585871,0.058732241284620026,1871
kreis_03158,dep_hour_share_work_22,0.0007398076500109972,0.001434930602,-0.06951229519890029,1871
kreis_03158,dep_hour_share_work_23,0.0003998960270329714,0.012066013,-1.1666116972967029,1871
kreis_03158,dep_hour_share_work_4,0.02631315857876952,0.02201327391,0.42998846687695225,1871
kreis_03158,dep_hour_share_work_5,0.11115110071381441,0.06533262306,4.581847765381442,1871
kreis_03158,dep_hour_share_work_6,0.21994281486813427,0.2199542112,-0.0011396331865726195,1871
kreis_03158,dep_hour_share_work_7,0.24051746545898067,0.2789355718,-3.8418106341019334,1871
kreis_03158,dep_hour_share_work_8,0.12898646351948492,0.1334530624,-0.4466598880515066,1871
kreis_03158,dep_hour_share_work_9,0.053006218383220366,0.0644253084,-1.141909001677964,1871
kreis_03158,mean_work_activity_h,5.769249573128435,6.272497235,-0.5032476618715656,1871
kreis_03158,mobility_rate,0.8511547894808557,0.859850828,-0.8696038519144356,1871
kreis_03158,n_persons_unweighted,117424.0,1871.0,115553.0,1871
kreis_03158,n_persons_weighted,117424.0,67261.0,50163.0,1871
kreis_03158,n_work_activities_measured,49976.0,685.0,49291.0,1871
kreis_03158,nonhome_acts_per_mobile,2.151551837992516,2.19084171,-0.03928987200748413,1871
kreis_03158,participation_education,0.16425943589044828,0.1783423675,-1.4082931609551708,1871
kreis_03158,participation_escort,0.10972203297451968,0.1155273422,-0.580530922548031,1871
kreis_03158,participation_home,0.8511547894808557,0.8509482999,0.020648958085567326,1871
kreis_03158,participation_leisure,0.35994345278648315,0.3852013769,-2.525792411351685,1871
kreis_03158,participation_other,0.24018939910069492,0.1813403823,5.884901680069493,1871
kreis_03158,participation_shop,0.2109194031884453,0.3003820177,-8.946261451155472,1871
kreis_03158,participation_work,0.3413612208747786,0.3336604347,0.7700786174778596,1871
kreis_03158,purpose_share_education,0.06636310845060485,0.05991894387,0.6444164580604851,1871
kreis_03158,purpose_share_escort,0.05172338935954282,0.05721124417,-0.5487854810457181,1871
kreis_03158,purpose_share_home,0.4164762643887137,0.4209777963,-0.4501531911286272,1871
kreis_03158,purpose_share_leisure,0.14297809062243907,0.1581563002,-1.5178209577560913,1871
kreis_03158,purpose_share_other,0.10640457182552819,0.06567131097,4.07332608555282,1871
kreis_03158,purpose_share_shop,0.08034071605728893,0.1180479127,-3.7707196642711063,1871
kreis_03158,purpose_share_work,0.13571385929588242,0.1200164918,1.5697367495882422,1871
kreis_03158,share_mobile_first_from_home,1.0,0.981267738,1.8732262,1871
kreis_03158,share_mobile_last_to_home,1.0,0.9794394822,2.056051780000001,1871
kreis_03158,share_mobile_odd_trip_count,0.2883357012786905,0.2337599305,5.457577077869052,1871
kreis_03158,share_trips_0,0.1488452105191443,0.140149172,0.86960385191443,1871
kreis_03158,share_trips_1,0.0007920016351001498,0.005121677129,-0.43296754938998494,1871
kreis_03158,share_trips_2,0.306930440114457,0.3023557305,0.4574709614457051,1871
kreis_03158,share_trips_3,0.12367999727483309,0.0894352087,3.424478857483308,1871
kreis_03158,share_trips_4,0.20639732933642185,0.2458050449,-3.940771556357814,1871
kreis_03158,share_trips_5,0.08508482082027524,0.07536807732,0.9716743500275238,1871
kreis_03158,share_trips_6,0.06329200163510015,0.07578641606,-1.2494414424899847,1871
kreis_03158,share_trips_7,0.027720057228505245,0.01798444424,0.9735612988505244,1871
kreis_03158,share_trips_8plus,0.03725814143616297,0.04799422912,-1.0736087683837034,1871
kreis_03158,share_trips_followed_by_same_purpose,0.1020004450257518,0.04154866765,6.045177737575179,1871
kreis_03158,share_trips_home_based,0.8088288767441482,0.8419643411,-3.3135464355851796,1871
kreis_03158,share_trips_unknown_purpose,0.0,0.0005637387882,-0.05637387882,1871
kreis_03158,share_work_activities_lt_2h,0.19101168560909237,0.1171743165,7.383736910909238,1871
kreis_03158,tours_per_mobile,1.5356192343865687,1.59130017,-0.05568093561343135,1871
kreis_03158,trips_per_mobile_person,3.6871710723790847,3.782141881,-0.09497080862091511,1871
kreis_03158,trips_per_person,3.138353317890721,3.252077828,-0.1137245101092792,1871
kreis_03158,trips_per_person_education,0.20827088159149748,0.1947512181,0.013519663491497469,1871
kreis_03158,trips_per_person_escort,0.1623262706090748,0.185950532,-0.02362426139092519,1871
kreis_03158,trips_per_person_home,1.3070496661670528,1.368280769,-0.061231102832947304,1871
kreis_03158,trips_per_person_leisure,0.4487157650906118,0.5140466457,-0.06533088060938824,1871
kreis_03158,trips_per_person_other,0.3339351410273879,0.2134478176,0.12048732342738791,1871
kreis_03158,trips_per_person_shop,0.252137552800109,0.3836845796,-0.131547026799891,1871
kreis_03158,trips_per_person_work,0.42591804060498706,0.3900829432,0.03583509740498708,1871
sex_female,dep_hour_share_all_10,0.04913708310124553,0.05564390134,-0.6506818238754473,9081
sex_female,dep_hour_share_all_11,0.051212221085072306,0.06150041106,-1.0288189974927697,9081
sex_female,dep_hour_share_all_12,0.06261777050515797,0.06404882651,-0.14310560048420295,9081
sex_female,dep_hour_share_all_13,0.06912586579189643,0.07936019488,-1.0234329088103566,9081
sex_female,dep_hour_share_all_14,0.0781960819082018,0.07819771704,-0.0001635131798197187,9081
sex_female,dep_hour_share_all_15,0.09094950733140468,0.09580112016,-0.48516128285953225,9081
sex_female,dep_hour_share_all_16,0.08932730194157106,0.0890369148,0.02903871415710496,9081
sex_female,dep_hour_share_all_17,0.07633359738339877,0.07761570694,-0.1282109556601227,9081
sex_female,dep_hour_share_all_18,0.061350844157137416,0.05914231058,0.2208533577137413,9081
sex_female,dep_hour_share_all_19,0.03968910192782246,0.03458839858,0.5100703347822464,9081
sex_female,dep_hour_share_all_20,0.026920899980276553,0.02032991122,0.6590988760276553,9081
sex_female,dep_hour_share_all_21,0.016902416475696153,0.01418941975,0.2712996725696153,9081
sex_female,dep_hour_share_all_22,0.012883844311969692,0.008862348845,0.40214954669696923,9081
sex_female,dep_hour_share_all_23,0.005316336475593358,0.002854619479,0.24617169965933577,9081
sex_female,dep_hour_share_all_4,0.003161533751830201,0.002381063838,0.07804699138302014,9081
sex_female,dep_hour_share_all_5,0.010266472130511402,0.007581775505,0.26846966255114024,9081
sex_female,dep_hour_share_all_6,0.04234630647924894,0.02739186806,1.4954438419248939,9081
sex_female,dep_hour_share_all_7,0.09192861268352603,0.1021297677,-1.0201155016473964,9081
sex_female,dep_hour_share_all_8,0.06158469871630551,0.06774667538,-0.6161976663694488,9081
sex_female,dep_hour_share_all_9,0.05221895211313935,0.0500818887,0.21370634131393507,9081
sex_female,dep_hour_share_education_10,0.01535420401783662,0.008213915878,0.7140288139836621,9081
sex_female,dep_hour_share_education_11,0.026690571415436952,0.02787163858,-0.11810671645630481,9081
sex_female,dep_hour_share_education_12,0.02652507700087344,0.02119910342,0.5325973580873441,9081
sex_female,dep_hour_share_education_13,0.036565071484392954,0.0328745111,0.369056038439295,9081
sex_female,dep_hour_share_education_14,0.027959361927090517,0.01569082492,1.2268537007090519,9081
sex_female,dep_hour_share_education_15,0.036675401094101966,0.02240920996,1.4266191134101966,9081
sex_female,dep_hour_share_education_16,0.015299039212982117,0.02274942859,-0.7450389377017882,9081
sex_female,dep_hour_share_education_17,0.007318530777364041,0.01516501824,-0.7846487462635958,9081
sex_female,dep_hour_share_education_18,0.007254171838367122,0.005676726778,0.15774450603671214,9081
sex_female,dep_hour_share_education_19,0.005222268192892935,0.0007242699645,0.44979982283929343,9081
sex_female,dep_hour_share_education_20,0.0008550544752447938,0.0002856230944,0.05694313808447938,9081
sex_female,dep_hour_share_education_21,0.0005516480485450283,0.0,0.05516480485450283,9081
sex_female,dep_hour_share_education_22,0.00023904748770284557,0.0,0.02390474877028456,9081
sex_female,dep_hour_share_education_23,0.0001654944145635085,0.0,0.01654944145635085,9081
sex_female,dep_hour_share_education_4,5.5164804854502824e-05,0.0,0.005516480485450282,9081
sex_female,dep_hour_share_education_5,0.0014802555969291593,0.0,0.14802555969291592,9081
sex_female,dep_hour_share_education_6,0.1683445961476578,0.07116294589,9.71816502576578,9081
sex_female,dep_hour_share_education_7,0.45221348779478693,0.594652672,-14.243918420521313,9081
sex_female,dep_hour_share_education_8,0.13203696041925253,0.1222619995,0.9774960919252534,9081
sex_female,dep_hour_share_education_9,0.038927963958994165,0.03906211208,-0.01341481210058379,9081
sex_female,dep_hour_share_escort_10,0.017849658803933157,0.01053875373,0.7310905073933158,9081
sex_female,dep_hour_share_escort_11,0.03375423136854548,0.03089559536,0.28586360085454815,9081
sex_female,dep_hour_share_escort_12,0.06323142227714793,0.05254428009,1.0687142187147927,9081
sex_female,dep_hour_share_escort_13,0.0765568749664177,0.108682214,-3.212533903358229,9081
sex_female,dep_hour_share_escort_14,0.15666003976143142,0.1333373884,2.3322651361431412,9081
sex_female,dep_hour_share_escort_15,0.14142173983128256,0.1274622677,1.3959472131282569,9081
sex_female,dep_hour_share_escort_16,0.08827037773359842,0.0594227688,2.8847608933598416,9081
sex_female,dep_hour_share_escort_17,0.05114179786147977,0.04881485254,0.23269453214797703,9081
sex_female,dep_hour_share_escort_18,0.029842566224275967,0.02443591942,0.5406646804275966,9081
sex_female,dep_hour_share_escort_19,0.013830530331524368,0.0104643206,0.3366209731524367,9081
sex_female,dep_hour_share_escort_20,0.0028047928644350114,0.006126904052,-0.33221111875649884,9081
sex_female,dep_hour_share_escort_21,0.00573854172263715,0.003275618222,0.24629235006371503,9081
sex_female,dep_hour_share_escort_22,0.0010961259470205792,0.01838105251,-1.728492656297942,9081
sex_female,dep_hour_share_escort_23,0.0009241846219977432,0.0,0.09241846219977433,9081
sex_female,dep_hour_share_escort_4,0.0016764279189726507,0.0,0.16764279189726505,9081
sex_female,dep_hour_share_escort_5,0.0008811992907420343,0.001275581831,-0.039438254025796565,9081
sex_female,dep_hour_share_escort_6,0.044554295846542365,0.01181001373,3.2744282116542367,9081
sex_female,dep_hour_share_escort_7,0.16315082478104348,0.2281949606,-6.504413581895651,9081
sex_female,dep_hour_share_escort_8,0.07873838052764494,0.1081020967,-2.9363716172355057,9081
sex_female,dep_hour_share_escort_9,0.025490301434635432,0.01605629947,0.9434001964635431,9081
sex_female,dep_hour_share_home_10,0.03824984194280189,0.04346140692,-0.5211564977198109,9081
sex_female,dep_hour_share_home_11,0.05221930901111979,0.06333577174,-1.1116462728880214,9081
sex_female,dep_hour_share_home_12,0.08048520460659253,0.07737263605,0.3112568556592532,9081
sex_female,dep_hour_share_home_13,0.08602495444233701,0.102654936,-1.6629981557662987,9081
sex_female,dep_hour_share_home_14,0.08569799298350007,0.0830329687,0.26650242835000726,9081
sex_female,dep_hour_share_home_15,0.10254967954677874,0.1051328312,-0.25831516532212606,9081
sex_female,dep_hour_share_home_16,0.10565348903516927,0.1089339521,-0.32804630648307215,9081
sex_female,dep_hour_share_home_17,0.10222271808794178,0.1036690702,-0.14463521120582218,9081
sex_female,dep_hour_share_home_18,0.08633022177594307,0.08693458957,-0.06043677940569259,9081
sex_female,dep_hour_share_home_19,0.060342209329713514,0.04783156201,1.2510647319713513,9081
sex_female,dep_hour_share_home_20,0.05147706001214871,0.03854229042,1.2934769592148712,9081
sex_female,dep_hour_share_home_21,0.0333237259350168,0.02753753849,0.5786187445016799,9081
sex_female,dep_hour_share_home_22,0.025185329812686723,0.01598826247,0.9197067342686722,9081
sex_female,dep_hour_share_home_23,0.011324333370523262,0.004993073923,0.6331259447523262,9081
sex_female,dep_hour_share_home_4,4.183867008814013e-05,0.001321228949,-0.12793902789118597,9081
sex_female,dep_hour_share_home_5,0.0005888405419812315,0.001950612328,-0.13617717860187686,9081
sex_female,dep_hour_share_home_6,0.0017541249829546158,0.003638594392,-0.1884469409045384,9081
sex_female,dep_hour_share_home_7,0.011270098057446044,0.01810501158,-0.6834913522553956,9081
sex_female,dep_hour_share_home_8,0.021433795728116826,0.03431543392,-1.2881638191883173,9081
sex_female,dep_hour_share_home_9,0.030085102954120025,0.02927977372,0.08053292341200259,9081
sex_female,dep_hour_share_leisure_10,0.04760942818828869,0.05462172484,-0.7012296651711304,9081
sex_female,dep_hour_share_leisure_11,0.03976549874497129,0.04628751124,-0.6522012495028713,9081
sex_female,dep_hour_share_leisure_12,0.040264071794519136,0.05635633875,-1.6092266955480863,9081
sex_female,dep_hour_share_leisure_13,0.054791458927896025,0.05718385016,-0.23923912321039756,9081
sex_female,dep_hour_share_leisure_14,0.08340353471099955,0.08216268994,0.12408447709995468,9081
sex_female,dep_hour_share_leisure_15,0.1146803974830657,0.1272720321,-1.2591634616934286,9081
sex_female,dep_hour_share_leisure_16,0.1373912594986762,0.1253701822,1.2021077298676186,9081
sex_female,dep_hour_share_leisure_17,0.12324639823952137,0.1043263832,1.892001503952137,9081
sex_female,dep_hour_share_leisure_18,0.10421036344256095,0.09469715799,0.9513205452560944,9081
sex_female,dep_hour_share_leisure_19,0.05597771894233745,0.07038338344,-1.4405664497662556,9081
sex_female,dep_hour_share_leisure_20,0.019942921981913834,0.01967476721,0.026815477191383455,9081
sex_female,dep_hour_share_leisure_21,0.01087405013237974,0.01002472552,0.0849324612379741,9081
sex_female,dep_hour_share_leisure_22,0.011131932744214833,0.003390172062,0.7741760682214832,9081
sex_female,dep_hour_share_leisure_23,0.0023338376371075885,0.001180154656,0.11536829811075884,9081
sex_female,dep_hour_share_leisure_4,0.00015043152357047072,0.003847666622,-0.36972350984295294,9081
sex_female,dep_hour_share_leisure_5,0.0021662139394147783,0.003703411029,-0.15371970895852216,9081
sex_female,dep_hour_share_leisure_6,0.01685692672695389,0.01338753767,0.3469389056953891,9081
sex_female,dep_hour_share_leisure_7,0.02299023484509851,0.02613416417,-0.3143929324901491,9081
sex_female,dep_hour_share_leisure_8,0.05077278822679916,0.05113362981,-0.03608415832008355,9081
sex_female,dep_hour_share_leisure_9,0.0581224426640993,0.04835303897,0.9769403694099301,9081
sex_female,dep_hour_share_other_10,0.08917522521747608,0.1348110701,-4.563584488252394,9081
sex_female,dep_hour_share_other_11,0.07748283989058817,0.09772038499,-2.0237545099411838,9081
sex_female,dep_hour_share_other_12,0.06683411034079376,0.05525924419,1.1574866150793754,9081
sex_female,dep_hour_share_other_13,0.0836358214775184,0.05908030142,2.45555200575184,9081
sex_female,dep_hour_share_other_14,0.09442791033735312,0.1076915263,-1.3263615962646886,9081
sex_female,dep_hour_share_other_15,0.08945620946515509,0.1050887751,-1.5632565634844915,9081
sex_female,dep_hour_share_other_16,0.0904253184010276,0.08102901566,0.9396302741027609,9081
sex_female,dep_hour_share_other_17,0.055422709261584865,0.04118342128,1.4239287981584865,9081
sex_female,dep_hour_share_other_18,0.036235499205789425,0.01589284632,2.0342652885789425,9081
sex_female,dep_hour_share_other_19,0.028912705648930254,0.006578379822,2.2334325826930255,9081
sex_female,dep_hour_share_other_20,0.014307259142023201,0.001954714752,1.2352544390023201,9081
sex_female,dep_hour_share_other_21,0.005935075435668943,0.004889097142,0.10459782936689437,9081
sex_female,dep_hour_share_other_22,0.003325935992935253,0.0004631535536,0.2862782439335253,9081
sex_female,dep_hour_share_other_23,0.0014679993348128014,0.003863407744,-0.23954084091871988,9081
sex_female,dep_hour_share_other_4,0.0004128748129161004,0.0,0.04128748129161004,9081
sex_female,dep_hour_share_other_5,0.0022077333746208148,0.0002735779155,0.1934155459120815,9081
sex_female,dep_hour_share_other_6,0.013521650123002289,0.008011336304,0.5510313819002289,9081
sex_female,dep_hour_share_other_7,0.06103665984276351,0.04816898193,1.286767791276351,9081
sex_female,dep_hour_share_other_8,0.08506368020551991,0.1128097471,-2.774606689448009,9081
sex_female,dep_hour_share_other_9,0.09469742584022892,0.1124933919,-1.7795966059771087,9081
sex_female,dep_hour_share_shop_10,0.1259127554005486,0.1198761026,0.6036652800548603,9081
sex_female,dep_hour_share_shop_11,0.09164406148609117,0.1169865793,-2.534251781390884,9081
sex_female,dep_hour_share_shop_12,0.08017810602779488,0.08148095497,-0.13028489422051287,9081
sex_female,dep_hour_share_shop_13,0.06465461563594642,0.07697954792,-1.2324932284053582,9081
sex_female,dep_hour_share_shop_14,0.0775794600591154,0.08357843987,-0.5998979810884597,9081
sex_female,dep_hour_share_shop_15,0.10219061296131665,0.1067689247,-0.4578311738683352,9081
sex_female,dep_hour_share_shop_16,0.09146929874550745,0.09405065551,-0.25813567644925456,9081
sex_female,dep_hour_share_shop_17,0.060194366561049185,0.07863250604,-1.8438139478950808,9081
sex_female,dep_hour_share_shop_18,0.038964492770141405,0.03048188095,0.8482611820141404,9081
sex_female,dep_hour_share_shop_19,0.01724072427758402,0.01367381603,0.35669082475840197,9081
sex_female,dep_hour_share_shop_20,0.004080330073628302,0.002363004895,0.17173251786283023,9081
sex_female,dep_hour_share_shop_21,0.003548443471851801,0.003738169523,-0.018972605114819883,9081
sex_female,dep_hour_share_shop_22,0.0034496645315218798,0.0,0.344966453152188,9081
sex_female,dep_hour_share_shop_23,0.0003343287211166579,0.0005031517551,-0.016882303398334204,9081
sex_female,dep_hour_share_shop_4,3.039352010151436e-05,0.0,0.003039352010151436,9081
sex_female,dep_hour_share_shop_5,0.0007826331426139948,5.093025792e-05,0.07317028846939948,9081
sex_female,dep_hour_share_shop_6,0.008046684446875925,0.002861893683,0.5184790763875925,9081
sex_female,dep_hour_share_shop_7,0.030347929821362085,0.02719172955,0.31562002713620835,9081
sex_female,dep_hour_share_shop_8,0.07603698891396354,0.05326576952,2.2771219393963547,9081
sex_female,dep_hour_share_shop_9,0.12103459542425554,0.1075159429,1.3518652524255548,9081
sex_female,dep_hour_share_work_10,0.03086539081126361,0.03373468881,-0.2869297998736392,9081
sex_female,dep_hour_share_work_11,0.03013900848812892,0.03023797949,-0.009897100187107946,9081
sex_female,dep_hour_share_work_12,0.030355751600677175,0.04202972644,-1.1673974839322823,9081
sex_female,dep_hour_share_work_13,0.030098003034403575,0.05076409518,-2.0666092145596426,9081
sex_female,dep_hour_share_work_14,0.015869110591708698,0.03357446312,-1.7705352528291303,9081
sex_female,dep_hour_share_work_15,0.014679952433673678,0.01710203597,-0.24220835363263205,9081
sex_female,dep_hour_share_work_16,0.007070511806641712,0.009453428221,-0.2382916414358288,9081
sex_female,dep_hour_share_work_17,0.006033659619586548,0.007894201755,-0.1860542135413452,9081
sex_female,dep_hour_share_work_18,0.003063693185479383,0.005078452465,-0.20147592795206173,9081
sex_female,dep_hour_share_work_19,0.0037842175866533104,0.0009776666542,0.28065509324533106,9081
sex_female,dep_hour_share_work_20,0.0038486547282217108,0.00161763673,0.22310179982217107,9081
sex_female,dep_hour_share_work_21,0.0010427101090159277,0.0005407050794,0.05020050296159277,9081
sex_female,dep_hour_share_work_22,0.0002870381760774183,0.0007736066358,-0.048656845972258174,9081
sex_female,dep_hour_share_work_23,0.00011715843921527277,0.002223033248,-0.21058748087847273,9081
sex_female,dep_hour_share_work_4,0.027069457380688774,0.01076494928,1.6304508100688773,9081
sex_female,dep_hour_share_work_5,0.08414904896636967,0.05501916658,2.912988238636967,9081
sex_female,dep_hour_share_work_6,0.20494525771927666,0.1623264436,4.261881411927665,9081
sex_female,dep_hour_share_work_7,0.3014603799448184,0.3213769541,-1.991657415518161,9081
sex_female,dep_hour_share_work_8,0.138739023718726,0.156185806,-1.7446782281273998,9081
sex_female,dep_hour_share_work_9,0.05443766878137649,0.05463405374,-0.01963849586235078,9081
sex_female,mean_work_activity_h,5.826600647074262,5.932515233,-0.10591458592573844,9081
sex_female,mobility_rate,0.8237605660556558,0.84224619,-1.8485623944344165,9081
sex_female,n_persons_unweighted,505392.0,9081.0,496311.0,9081
sex_female,n_persons_weighted,505392.0,395486.7894,109905.21059999999,9081
sex_female,n_work_activities_measured,170202.0,3205.0,166997.0,9081
sex_female,nonhome_acts_per_mobile,2.188659258938994,2.269292474,-0.08063321506100563,9081
sex_female,participation_education,0.1688669389305727,0.1721849735,-0.33180345694273083,9081
sex_female,participation_escort,0.11618506030962104,0.1117313844,0.44536759096210493,9081
sex_female,participation_home,0.8237605660556558,0.834559381,-1.0798814944344204,9081
sex_female,participation_leisure,0.35660042105929657,0.392055681,-3.545525994070342,9081
sex_female,participation_other,0.2455025010289043,0.1847525414,6.074995962890431,9081
sex_female,participation_shop,0.2236204767784215,0.3006409647,-7.702048792157851,9081
sex_female,participation_work,0.2918031943521069,0.3096539045,-1.7850710147893134,9081
sex_female,purpose_share_education,0.06987689870307089,0.05882261065,1.1054288053070884,9081
sex_female,purpose_share_escort,0.05978389011919515,0.05769020517,0.20936849491951515,9081
sex_female,purpose_share_home,0.41460100493214685,0.4194158484,-0.4814843467853158,9081
sex_female,purpose_share_leisure,0.14947675042386138,0.1676425636,-1.8165813176138608,9081
sex_female,purpose_share_other,0.11203625002650137,0.0703652878,4.167096222650138,9081
sex_female,purpose_share_shop,0.08455191474844895,0.1163822848,-3.1830370051551053,9081
sex_female,purpose_share_work,0.10967329104677541,0.1096811996,-0.0007908553224592052,9081
sex_female,share_mobile_first_from_home,1.0,0.9872184025,1.2781597499999964,9081
sex_female,share_mobile_last_to_home,1.0,0.9845448816,1.5455118400000023,9081
sex_female,share_mobile_odd_trip_count,0.30409875048640234,0.2421011955,6.199755498640233,9081
sex_female,share_trips_0,0.1762394339443442,0.15775381,1.8485623944344192,9081
sex_female,share_trips_1,0.0005144521480355842,0.004967868856,-0.4453416707964416,9081
sex_female,share_trips_2,0.3006497926362111,0.2942299513,0.6419841336211096,9081
sex_female,share_trips_3,0.12616741064361922,0.08520329084,4.096411980361922,9081
sex_female,share_trips_4,0.17312897711083675,0.2225492322,-4.942025508916325,9081
sex_female,share_trips_5,0.08171280906702125,0.06516403908,1.6548769987021248,9081
sex_female,share_trips_6,0.06903947826637541,0.08185637828,-1.2816900013624593,9081
sex_female,share_trips_7,0.03107290974134929,0.03198292832,-0.09100185786507092,9081
sex_female,share_trips_8plus,0.041474736442207234,0.05629250109,-1.4817764647792768,9081
sex_female,share_trips_followed_by_same_purpose,0.09213419910916831,0.04767013261,4.446406649916831,9081
sex_female,share_trips_home_based,0.8083895965559134,0.8387695823,-3.0379985744086624,9081
sex_female,share_trips_unknown_purpose,0.0,0.0008899970183,-0.08899970183,9081
sex_female,share_work_activities_lt_2h,0.14752470593765055,0.09601990244,5.150480349765055,9081
sex_female,tours_per_mobile,1.5500886333174801,1.636832751,-0.08674411768251988,9081
sex_female,trips_per_mobile_person,3.7387478922564745,3.906125225,-0.1673773327435253,9081
sex_female,trips_per_person,3.0798330800645837,3.289919088,-0.21008600793541632,9081
sex_female,trips_per_person_education,0.2152091841580397,0.1933493959,0.021859788258039692,9081
sex_female,trips_per_person_escort,0.18412440244404343,0.1896271892,-0.005502786755956557,9081
sex_female,trips_per_person_home,1.2769018900180453,1.378616148,-0.10171425798195477,9081
sex_female,trips_per_person_leisure,0.46036344065596607,0.5510396096,-0.09067616894403391,9081
sex_female,trips_per_person_other,0.3450529489980055,0.2312900726,0.11376287639800547,9081
sex_female,trips_per_person_shop,0.2604057840250736,0.3825475307,-0.12214174667492644,9081
sex_female,trips_per_person_work,0.3377754297654098,0.3605211236,-0.022745693834590186,9081
sex_male,dep_hour_share_all_10,0.041213387462535084,0.04834357506,-0.7130187597464914,9108
sex_male,dep_hour_share_all_11,0.04629328618172399,0.05095485764,-0.46615714582760037,9108
sex_male,dep_hour_share_all_12,0.057914017031668756,0.05823432245,-0.032030541833124454,9108
sex_male,dep_hour_share_all_13,0.06274282814507048,0.06452828574,-0.17854575949295126,9108
sex_male,dep_hour_share_all_14,0.06802359694888914,0.06525967651,0.27639204388891364,9108
sex_male,dep_hour_share_all_15,0.08497134958266597,0.08636645508,-0.13951054973340288,9108
sex_male,dep_hour_share_all_16,0.08911693810558366,0.09754007778,-0.8423139674416338,9108
sex_male,dep_hour_share_all_17,0.08028988724844986,0.08951151184,-0.9221624591550139,9108
sex_male,dep_hour_share_all_18,0.06604991621603049,0.06563028858,0.0419627636030484,9108
sex_male,dep_hour_share_all_19,0.04160984157693588,0.04220360217,-0.05937605930641174,9108
sex_male,dep_hour_share_all_20,0.0310502862398706,0.02641174534,0.4638540899870598,9108
sex_male,dep_hour_share_all_21,0.021386056444493783,0.01988387121,0.15021852344937817,9108
sex_male,dep_hour_share_all_22,0.016119824291536498,0.01358920796,0.2530616331536497,9108
sex_male,dep_hour_share_all_23,0.009384729644724253,0.004442027203,0.49427024417242527,9108
sex_male,dep_hour_share_all_4,0.005505426135312432,0.002759885741,0.2745540394312432,9108
sex_male,dep_hour_share_all_5,0.02191664420093352,0.01756621655,0.43504276509335194,9108
sex_male,dep_hour_share_all_6,0.05398317448738483,0.03923958085,1.474359363738483,9108
sex_male,dep_hour_share_all_7,0.08877334453976964,0.1033327831,-1.4559438560230369,9108
sex_male,dep_hour_share_all_8,0.054163561109437194,0.05924486777,-0.5081306660562807,9108
sex_male,dep_hour_share_all_9,0.045152159089107025,0.04227111085,0.2881048239107023,9108
sex_male,dep_hour_share_education_10,0.02238198845899158,0.0144589015,0.792308695899158,9108
sex_male,dep_hour_share_education_11,0.03089584712893766,0.007503867829,2.339197929993766,9108
sex_male,dep_hour_share_education_12,0.0259105098855359,0.02208028019,0.38302296955359005,9108
sex_male,dep_hour_share_education_13,0.026307823290133384,0.02356660909,0.27412142001333845,9108
sex_male,dep_hour_share_education_14,0.020906252956200928,0.02053610308,0.037014987620092796,9108
sex_male,dep_hour_share_education_15,0.03141613849210103,0.01296201604,1.845412245210103,9108
sex_male,dep_hour_share_education_16,0.021852237252861603,0.008798193379,1.3054043873861603,9108
sex_male,dep_hour_share_education_17,0.009611200454072462,0.01248523901,-0.2874038555927537,9108
sex_male,dep_hour_share_education_18,0.004133951376407151,0.004980407948,-0.08464565715928483,9108
sex_male,dep_hour_share_education_19,0.00533535143316621,0.003070483552,0.22648678811662099,9108
sex_male,dep_hour_share_education_20,0.00014189764449910132,0.0006518887577,-0.050999111320089864,9108
sex_male,dep_hour_share_education_21,5.6759057799640525e-05,0.0009383380266,-0.08815789688003596,9108
sex_male,dep_hour_share_education_22,2.8379528899820262e-05,0.0,0.0028379528899820264,9108
sex_male,dep_hour_share_education_23,9.459842966606754e-06,0.0,0.0009459842966606754,9108
sex_male,dep_hour_share_education_4,0.0010500425692933498,0.0,0.10500425692933499,9108
sex_male,dep_hour_share_education_5,0.005571847507331379,0.002397603169,0.31742443383313784,9108
sex_male,dep_hour_share_education_6,0.173947592469965,0.06190964,11.2037952469965,9108
sex_male,dep_hour_share_education_7,0.47596253902185226,0.6408135672,-16.485102817814777,9108
sex_male,dep_hour_share_education_8,0.10805032636458235,0.1298972859,-2.184695953541764,9108
sex_male,dep_hour_share_education_9,0.03390407719231861,0.0329495753,0.09545018923186113,9108
sex_male,dep_hour_share_escort_10,0.015383489729096929,0.02326614789,-0.7882658160903073,9108
sex_male,dep_hour_share_escort_11,0.03169986646911412,0.02886709894,0.2832767529114124,9108
sex_male,dep_hour_share_escort_12,0.05513179315517021,0.05347921156,0.1652581595170205,9108
sex_male,dep_hour_share_escort_13,0.060948618046790685,0.06091410776,0.0034510286790682965,9108
sex_male,dep_hour_share_escort_14,0.09992866158151786,0.08791399022,1.2014671361517861,9108
sex_male,dep_hour_share_escort_15,0.08974007207009457,0.1203340072,-3.059393512990542,9108
sex_male,dep_hour_share_escort_16,0.06398507380782528,0.05902922971,0.4955844097825284,9108
sex_male,dep_hour_share_escort_17,0.06495454462309536,0.0580609601,0.6893584523095353,9108
sex_male,dep_hour_share_escort_18,0.06414970092739944,0.05167974161,1.2469959317399435,9108
sex_male,dep_hour_share_escort_19,0.027492728968885473,0.02912653228,-0.16338033111145261,9108
sex_male,dep_hour_share_escort_20,0.01712122043571311,0.005028268545,1.2092951890713113,9108
sex_male,dep_hour_share_escort_21,0.008176480272183505,0.005676595916,0.24998843561835046,9108
sex_male,dep_hour_share_escort_22,0.0052497759241983575,0.007935557272,-0.26857813478016423,9108
sex_male,dep_hour_share_escort_23,0.003274250489308383,0.0,0.3274250489308383,9108
sex_male,dep_hour_share_escort_4,0.0006036327717719366,0.001720820398,-0.11171876262280633,9108
sex_male,dep_hour_share_escort_5,0.004572975543726792,0.001431914086,0.3141061457726792,9108
sex_male,dep_hour_share_escort_6,0.043717646198028134,0.02269539586,2.1022250338028137,9108
sex_male,dep_hour_share_escort_7,0.2058936508807551,0.234177484,-2.82838331192449,9108
sex_male,dep_hour_share_escort_8,0.09745925478790539,0.1216702233,-2.4210968512094615,9108
sex_male,dep_hour_share_escort_9,0.03180961788216356,0.0179700834,1.3839534482163562,9108
sex_male,dep_hour_share_home_10,0.026941580756013744,0.03743581122,-1.0494230463986252,9108
sex_male,dep_hour_share_home_11,0.04465773985859304,0.05358675722,-0.8929017361406965,9108
sex_male,dep_hour_share_home_12,0.06777106292214717,0.05507148966,1.269957326214717,9108
sex_male,dep_hour_share_home_13,0.07732827744203499,0.0832573536,-0.5929076157965008,9108
sex_male,dep_hour_share_home_14,0.08290081763242091,0.07822242687,0.46783907624209087,9108
sex_male,dep_hour_share_home_15,0.10846308804360706,0.1137515748,-0.5288486756392943,9108
sex_male,dep_hour_share_home_16,0.11332780345222578,0.1251375858,-1.1809782347774231,9108
sex_male,dep_hour_share_home_17,0.10408342220642257,0.1095121989,-0.5428776693577428,9108
sex_male,dep_hour_share_home_18,0.09192242366789113,0.0879490827,0.3973340967891134,9108
sex_male,dep_hour_share_home_19,0.059449381838290474,0.05532071646,0.4128665378290472,9108
sex_male,dep_hour_share_home_20,0.053229055575305134,0.04375319559,0.9475859985305133,9108
sex_male,dep_hour_share_home_21,0.03922581664494213,0.03449138369,0.47344329549421293,9108
sex_male,dep_hour_share_home_22,0.03278903503574673,0.02584664579,0.6942389245746732,9108
sex_male,dep_hour_share_home_23,0.019447801872259748,0.009451181261,0.9996620611259747,9108
sex_male,dep_hour_share_home_4,6.951850535213493e-05,0.0002239065549,-0.015438804954786509,9108
sex_male,dep_hour_share_home_5,0.0008452818264407315,0.002539370106,-0.16940882795592685,9108
sex_male,dep_hour_share_home_6,0.0023209700991428683,0.008438483909,-0.6117513809857132,9108
sex_male,dep_hour_share_home_7,0.00870877276138563,0.01737871523,-0.8669942468614371,9108
sex_male,dep_hour_share_home_8,0.016916696291029744,0.02970342999,-1.2786733698970254,9108
sex_male,dep_hour_share_home_9,0.02611683848797251,0.02576093963,0.035589885797250934,9108
sex_male,dep_hour_share_leisure_10,0.04565921829924746,0.0476208566,-0.19616383007525356,9108
sex_male,dep_hour_share_leisure_11,0.034568899991554464,0.04681338628,-1.2244486288445537,9108
sex_male,dep_hour_share_leisure_12,0.049393032879793394,0.07180140224,-2.2408369360206613,9108
sex_male,dep_hour_share_leisure_13,0.05540714136488703,0.05005836285,0.5348778514887027,9108
sex_male,dep_hour_share_leisure_14,0.07422289984042388,0.07105050767,0.31723921704238794,9108
sex_male,dep_hour_share_leisure_15,0.09569233367856302,0.09058404604,0.5108287638563012,9108
sex_male,dep_hour_share_leisure_16,0.14012917220441745,0.1339227708,0.6206401404417444,9108
sex_male,dep_hour_share_leisure_17,0.12928777486876086,0.1361222554,-0.683448053123914,9108
sex_male,dep_hour_share_leisure_18,0.0961323903969845,0.1089172928,-1.2784902403015497,9108
sex_male,dep_hour_share_leisure_19,0.07175147018949109,0.08238699501,-1.0635524820508917,9108
sex_male,dep_hour_share_leisure_20,0.03668028323650604,0.0298167936,0.6863489636506039,9108
sex_male,dep_hour_share_leisure_21,0.016846615786034646,0.01486654496,0.19800708260346456,9108
sex_male,dep_hour_share_leisure_22,0.008538878344319935,0.01069606242,-0.21571840756800642,9108
sex_male,dep_hour_share_leisure_23,0.0024669846335749943,0.002147782611,0.03192020225749942,9108
sex_male,dep_hour_share_leisure_4,0.0005734072391552689,0.0008314681938,-0.025806095464473107,9108
sex_male,dep_hour_share_leisure_5,0.005311795742562375,0.003971170718,0.13406250245623746,9108
sex_male,dep_hour_share_leisure_6,0.017179992087869102,0.009747817472,0.7432174615869102,9108
sex_male,dep_hour_share_leisure_7,0.030528379213320828,0.01451667347,1.601170574332083,9108
sex_male,dep_hour_share_leisure_8,0.03421329860293104,0.03308655077,0.1126747832931041,9108
sex_male,dep_hour_share_leisure_9,0.0507443181565624,0.03981018078,1.0934137376562396,9108
sex_male,dep_hour_share_other_10,0.07918433403463343,0.1248488067,-4.566447266536657,9108
sex_male,dep_hour_share_other_11,0.08963262663861467,0.08420165709,0.5430969548614661,9108
sex_male,dep_hour_share_other_12,0.0752419485353617,0.04675220962,2.84897389153617,9108
sex_male,dep_hour_share_other_13,0.06852888816960673,0.06130791317,0.7220974999606729,9108
sex_male,dep_hour_share_other_14,0.07453633273992555,0.08568848383,-1.1152151090074447,9108
sex_male,dep_hour_share_other_15,0.09138695581809354,0.1061339514,-1.4746995581906452,9108
sex_male,dep_hour_share_other_16,0.0844408480336624,0.09841154706,-1.3970699026337587,9108
sex_male,dep_hour_share_other_17,0.06326590063117009,0.07495270296,-1.1686802328829917,9108
sex_male,dep_hour_share_other_18,0.05069428710147273,0.02460323149,2.609105561147273,9108
sex_male,dep_hour_share_other_19,0.028205211199223174,0.008847434274,1.9357776925223176,9108
sex_male,dep_hour_share_other_20,0.013387279495063926,0.006429992228,0.6957287267063926,9108
sex_male,dep_hour_share_other_21,0.012060203916491341,0.003661357578,0.839884633849134,9108
sex_male,dep_hour_share_other_22,0.006700113286939634,0.00566919437,0.1030918916939634,9108
sex_male,dep_hour_share_other_23,0.005696714678750607,0.0,0.5696714678750607,9108
sex_male,dep_hour_share_other_4,0.0025376274478070885,0.0,0.25376274478070887,9108
sex_male,dep_hour_share_other_5,0.002964881048713384,0.003185347439,-0.022046639028661587,9108
sex_male,dep_hour_share_other_6,0.019245832659006312,0.01825104606,0.09947865990063108,9108
sex_male,dep_hour_share_other_7,0.06186761611911312,0.05422895338,0.7638662739113122,9108
sex_male,dep_hour_share_other_8,0.07880239520958084,0.07400193217,0.48004630395808295,9108
sex_male,dep_hour_share_other_9,0.08348923774073475,0.1179305069,-3.444126915926525,9108
sex_male,dep_hour_share_shop_10,0.1119214339190558,0.1058640198,0.6057414119055804,9108
sex_male,dep_hour_share_shop_11,0.08797287180164706,0.08977354814,-0.1800676338352944,9108
sex_male,dep_hour_share_shop_12,0.07930594089928215,0.07957753168,-0.02715907807178397,9108
sex_male,dep_hour_share_shop_13,0.05799092790769366,0.05634335872,0.16475691876936607,9108
sex_male,dep_hour_share_shop_14,0.07770291099660898,0.06437859708,1.3324313916608974,9108
sex_male,dep_hour_share_shop_15,0.09452591711806932,0.08182579393,1.2700123188069319,9108
sex_male,dep_hour_share_shop_16,0.07831946095917558,0.1141000252,-3.5780564240824417,9108
sex_male,dep_hour_share_shop_17,0.08828995463953847,0.1088744128,-2.058445816046153,9108
sex_male,dep_hour_share_shop_18,0.06223631479279517,0.05866082733,0.35754874627951727,9108
sex_male,dep_hour_share_shop_19,0.01725459109525697,0.03049092249,-1.323633139474303,9108
sex_male,dep_hour_share_shop_20,0.005231866825208086,0.0113834525,-0.6151585674791914,9108
sex_male,dep_hour_share_shop_21,0.0012947549213898797,0.00851110749,-0.7216352568610119,9108
sex_male,dep_hour_share_shop_22,0.0006605892456070815,0.001417892457,-0.07573032113929185,9108
sex_male,dep_hour_share_shop_23,0.000502047826661382,0.0005166611297,-0.0014613303038618088,9108
sex_male,dep_hour_share_shop_4,0.0002201964152023605,0.0,0.02201964152023605,9108
sex_male,dep_hour_share_shop_5,0.0008631699475932532,0.0007838084917,0.007936145589325318,9108
sex_male,dep_hour_share_shop_6,0.012278152111683621,0.01376241825,-0.14842661383163788,9108
sex_male,dep_hour_share_shop_7,0.04475271942572775,0.03272807267,1.202464675572775,9108
sex_male,dep_hour_share_shop_8,0.07852204166116175,0.05444862939,2.407341227116175,9108
sex_male,dep_hour_share_shop_9,0.09808429118773947,0.0865589205,1.152537068773947,9108
sex_male,dep_hour_share_work_10,0.03039215254632789,0.02724383376,0.3148318786327892,9108
sex_male,dep_hour_share_work_11,0.022832638433327022,0.02989184421,-0.7059205776672979,9108
sex_male,dep_hour_share_work_12,0.03197273819954123,0.05930075687,-2.7328018670458767,9108
sex_male,dep_hour_share_work_13,0.04519418309257653,0.05171918606,-0.652500296742347,9108
sex_male,dep_hour_share_work_14,0.02540824458132091,0.02355686001,0.18513845713209118,9108
sex_male,dep_hour_share_work_15,0.023528272230562978,0.01577958027,0.7748691960562979,9108
sex_male,dep_hour_share_work_16,0.01705623626893731,0.01096399505,0.6092241218937309,9108
sex_male,dep_hour_share_work_17,0.009619999031395978,0.01156810964,-0.19481106086040206,9108
sex_male,dep_hour_share_work_18,0.005780804909941839,0.003114235959,0.26665689509418394,9108
sex_male,dep_hour_share_work_19,0.0036146540982956972,0.001370208538,0.22444455602956973,9108
sex_male,dep_hour_share_work_20,0.006326745358405501,0.008330178763,-0.2003433404594499,9108
sex_male,dep_hour_share_work_21,0.005661930780034429,0.01031335315,-0.465142236996557,9108
sex_male,dep_hour_share_work_22,0.0014176840677846705,0.0002907829154,0.11269011523846705,9108
sex_male,dep_hour_share_work_23,0.00097740951257204,0.000265107831,0.071230168157204,9108
sex_male,dep_hour_share_work_4,0.03345206070505567,0.01759090689,1.586115381505567,9108
sex_male,dep_hour_share_work_5,0.13227608736808275,0.1098712613,2.240482606808275,9108
sex_male,dep_hour_share_work_6,0.22550862717990938,0.1903818965,3.5126730679909373,9108
sex_male,dep_hour_share_work_7,0.20148284470195613,0.2591743915,-5.7691546798043865,9108
sex_male,dep_hour_share_work_8,0.11328264305620986,0.1251315612,-1.1848918143790133,9108
sex_male,dep_hour_share_work_9,0.04857108893105741,0.03908736603,0.948372290105741,9108
sex_male,mean_work_activity_h,5.777256296231066,6.601615795,-0.824359498768934,9108
sex_male,mobility_rate,0.8520078234458138,0.8450434006,0.6964422845813778,9108
sex_male,n_persons_unweighted,497479.0,9108.0,488371.0,9108
sex_male,n_persons_weighted,497479.0,390275.5205,107203.47950000002,9108
sex_male,n_work_activities_measured,227120.0,3566.0,223554.0,9108
sex_male,nonhome_acts_per_mobile,2.077335227058246,2.092983074,-0.01564784694175403,9108
sex_male,participation_education,0.1705137302278086,0.1794297743,-0.8916044072191404,9108
sex_male,participation_escort,0.07682937370220652,0.08649845022,-0.9669076517793473,9108
sex_male,participation_home,0.8520078234458138,0.8343357191,1.7672104345813788,9108
sex_male,participation_leisure,0.3561014635793672,0.3739004314,-1.7798967820632838,9108
sex_male,participation_other,0.2335555872710205,0.157487502,7.606808527102049,9108
sex_male,participation_shop,0.18770239547800008,0.2584351105,-7.073271502199993,9108
sex_male,participation_work,0.3488569366747139,0.3532285264,-0.4371589725286118,9108
sex_male,purpose_share_education,0.06984860738884748,0.06308262542,0.6765981968847479,9108
sex_male,purpose_share_escort,0.03612291663362882,0.0421139333,-0.5991016666371183,9108
sex_male,purpose_share_home,0.4182095339285431,0.4261234955,-0.7913961571456907,9108
sex_male,purpose_share_leisure,0.148651130951437,0.1616213085,-1.2970177548563,9108
sex_male,purpose_share_other,0.10207041553677244,0.06366749713,3.8402918406772444,9108
sex_male,purpose_share_shop,0.07501902979749124,0.1042435209,-2.922449110250876,9108
sex_male,purpose_share_work,0.1500783657632799,0.1391476193,1.0930746463279906,9108
sex_male,share_mobile_first_from_home,1.0,0.9692147464,3.078525359999995,9108
sex_male,share_mobile_last_to_home,1.0,0.9705553993,2.944460069999999,9108
sex_male,share_mobile_odd_trip_count,0.2671095843871504,0.2220121475,4.509743688715037,9108
sex_male,share_trips_0,0.1479921765541862,0.1549565994,-0.6964422845813806,9108
sex_male,share_trips_1,0.0009990371452865347,0.00676106761,-0.5762030464713466,9108
sex_male,share_trips_2,0.3420325280062073,0.33490715,0.7125378006207328,9108
sex_male,share_trips_3,0.10738342724014481,0.08369665326,2.368677398014481,9108
sex_male,share_trips_4,0.19915614528452458,0.2208545976,-2.169845231547543,9108
sex_male,share_trips_5,0.08720770122959964,0.06125010788,2.5957593349599644,9108
sex_male,share_trips_6,0.06020756655054786,0.07099178493,-1.0784218379452135,9108
sex_male,share_trips_7,0.02456385093642144,0.02726642631,-0.2702575373578563,9108
sex_male,share_trips_8plus,0.030457567053081638,0.03931561299,-0.8858045936918361,9108
sex_male,share_trips_followed_by_same_purpose,0.11257777108210829,0.04278463245,6.9793138632108285,9108
sex_male,share_trips_home_based,0.8104883257478446,0.8515199607,-4.103163495215545,9108
sex_male,share_trips_unknown_purpose,0.0,0.0004216156738,-0.04216156738,9108
sex_male,share_work_activities_lt_2h,0.22676998943289892,0.1213007249,10.546926453289892,9108
sex_male,tours_per_mobile,1.4932547846438413,1.552972152,-0.059717367356158624,9108
sex_male,trips_per_mobile_person,3.5705900117020875,3.645955225,-0.07536521329791235,9108
sex_male,trips_per_person,3.0421706242876585,3.080990402,-0.03881977771234135,9108
sex_male,trips_per_person_education,0.2124913815457537,0.1942750195,0.018216362045753692,9108
sex_male,trips_per_person_escort,0.10989207584641764,0.1296979185,-0.019805842653582373,9108
sex_male,trips_per_person_home,1.2722647589144467,1.312328868,-0.04006410908555336,9108
sex_male,trips_per_person_leisure,0.4522221038475996,0.497743755,-0.04552165115240042,9108
sex_male,trips_per_person_other,0.31051561975480374,0.1960762439,0.11443937585480374,9108
sex_male,trips_per_person_shop,0.22822068871248838,0.3210378755,-0.09281718678751164,9108
sex_male,trips_per_person_work,0.45656399566614875,0.4285317276,0.028032268066148724,9108
