{
"type": "FeatureCollection",
"license": "ODbL-1.0: every polygon is derived from OpenStreetMap data (OSM outlines, OSM streets, or a georeference on OSM street centrelines); Open Database License 1.0, https://opendatacommons.org/licenses/odbl/1-0/", "attribution": "(c) OpenStreetMap contributors (https://www.openstreetmap.org/copyright). Zone boundaries after the parking maps and ordinances of the City of Braunschweig (Abt. Geoinformation), the TU Braunschweig GB3 parking pages and the municipal parking pages of Wolfsburg, Salzgitter, Peine, Goslar, Wolfenbuettel, Gifhorn and Helmstedt (source_url per feature).",
"name": "parking_zones_2026",
"crs": { "type": "name", "properties": { "name": "urn:ogc:def:crs:OGC:1.3:CRS84" } },
"xy_coordinate_resolution": 1e-07,
"features": [
{ "type": "Feature", "properties": { "zone_id": "bs_zone_ia", "geometry_source": "ordinance_map", "source_url": "https://www.braunschweig.de/leben/stadtplan_verkehr/parken-in-braunschweig/ausweitung-parkgebuehrenpflicht/20251126_Karte-Parkzone-Innenstadt-a-b-2025-01.jpg.scaled/a72c34d0df9f9693b72eca1f31da2e9f.jpg", "source_date": "2026-09-29", "digitised_on": "2026-09-29", "digitising_note": "Traced from the City of Braunschweig overview map of parking zones 1a/1b (image 20251126_Karte-Parkzone-Innenstadt-a-b-2025-01, published on parken-in-der-innenstadt.php): the region enclosed by the dotted zone-1a outline (dark pixels joined by a 4 px dilation, flood-filled from the core, grown back by 4 px), minus the green zone-1b fill; georeferenced by an affine fit of the map to OSM street centrelines (Overpass 2026-09-29; 120 windowed chamfer control points, RMS 3.0 px = 4.5 m at 1.49 m/px; px = 0.670924731 E + 0.000373187 N + -406690.105, py = -0.000812658 E + -0.671331978 N + 3889280.876, EPSG:25832, 1920x1450 px image; scripts/curation/parking_zones_2026); simplified 1 m. The outline leaves the map at its lower edge (Buergerpark / Wolfenbuetteler Strasse); the polygon is closed along that edge, so the part of zone 1a south of the map extent (drawn on the ParkGO annex) is missing. The BgA car parks of the Entgeltordnung are cut out (own zones). The zone extents are defined by the ParkGO annex map (sec. 2(1); 'Anlage zur ParkGO', published on page 3 of 2_08_Parkgebuehrenordnung_2025.pdf), which also draws zone II; the annex was not digitised in v1 because it could not be georeferenced to an RMS of 10 m or better (best affine fit, about 3.7 m per pixel: 11.1 m RMS between the zone 1a/1b outline of this file and the annex zone lines, 26.8 m RMS at the five BgA car parks as check points), so this overview map is used instead. The city describes 1a as the area inside the City-Ring plus Grosser Hof, Werder, Wilhelmstrasse and Nimesstrasse." }, "geometry": { "type": "Polygon", "coordinates": [ [ [ 10.5148618, 52.2672286 ], [ 10.5149055, 52.267228 ], [ 10.514905, 52.2672146 ], [ 10.5149622, 52.2672254 ], [ 10.5149919, 52.2672 ], [ 10.5150356, 52.2671994 ], [ 10.5150352, 52.267186 ], [ 10.5151225, 52.2671849 ], [ 10.515122, 52.2671715 ], [ 10.5151366, 52.2671713 ], [ 10.5151648, 52.2671441 ], [ 10.5152213, 52.2671548 ], [ 10.5152945, 52.2671022 ], [ 10.5153725, 52.267113 ], [ 10.5154246, 52.2670736 ], [ 10.5154845, 52.267085 ], [ 10.5155115, 52.267059 ], [ 10.515557, 52.2670561 ], [ 10.5155761, 52.2670314 ], [ 10.5155979, 52.2670311 ], [ 10.5155984, 52.2670445 ], [ 10.5156857, 52.2670433 ], [ 10.5157066, 52.2670162 ], [ 10.5157503, 52.2670156 ], [ 10.5157508, 52.267029 ], [ 10.5157835, 52.2670285 ], [ 10.515794, 52.267015 ], [ 10.5158376, 52.2670144 ], [ 10.5158586, 52.2669873 ], [ 10.5159464, 52.2669995 ], [ 10.5159459, 52.2669862 ], [ 10.5159579, 52.2669884 ], [ 10.5159887, 52.2669588 ], [ 10.5160983, 52.2669707 ], [ 10.5160979, 52.2669573 ], [ 10.5161415, 52.2669567 ], [ 10.5161411, 52.2669433 ], [ 10.5161976, 52.266954 ], [ 10.5162066, 52.2669424 ], [ 10.5162503, 52.2669418 ], [ 10.5162712, 52.2669148 ], [ 10.5163492, 52.2669256 ], [ 10.5163585, 52.2669136 ], [ 10.5164022, 52.266913 ], [ 10.5164231, 52.2668859 ], [ 10.516445, 52.2668856 ], [ 10.5164454, 52.266899 ], [ 10.5165546, 52.2668975 ], [ 10.5165541, 52.2668841 ], [ 10.5165978, 52.2668835 ], [ 10.5165982, 52.2668969 ], [ 10.5166856, 52.2668957 ], [ 10.5167065, 52.2668687 ], [ 10.516838, 52.2668803 ], [ 10.5168589, 52.2668532 ], [ 10.516903, 52.266866 ], [ 10.5169035, 52.2668794 ], [ 10.5169253, 52.2668791 ], [ 10.5169249, 52.2668657 ], [ 10.5169467, 52.2668654 ], [ 10.5169469, 52.2668721 ], [ 10.516969, 52.2668785 ], [ 10.5169899, 52.2668514 ], [ 10.5170336, 52.2668508 ], [ 10.5170563, 52.2668773 ], [ 10.5170779, 52.2668703 ], [ 10.5170777, 52.2668636 ], [ 10.5170995, 52.2668633 ], [ 10.5171, 52.2668767 ], [ 10.5171218, 52.2668764 ], [ 10.5171427, 52.2668494 ], [ 10.5172523, 52.2668613 ], [ 10.5172519, 52.2668479 ], [ 10.5172956, 52.2668473 ], [ 10.5172951, 52.2668339 ], [ 10.517317, 52.2668336 ], [ 10.5173174, 52.266847 ], [ 10.5174484, 52.2668452 ], [ 10.517448, 52.2668318 ], [ 10.5174698, 52.2668315 ], [ 10.5174702, 52.2668449 ], [ 10.5175794, 52.2668434 ], [ 10.517579, 52.26683 ], [ 10.5176226, 52.2668294 ], [ 10.5176231, 52.2668428 ], [ 10.5177123, 52.2668391 ], [ 10.5177313, 52.2668146 ], [ 10.517775, 52.266814 ], [ 10.5177755, 52.2668274 ], [ 10.517906, 52.2668122 ], [ 10.5179064, 52.2668256 ], [ 10.5179938, 52.2668244 ], [ 10.5180147, 52.2667973 ], [ 10.5180584, 52.2667967 ], [ 10.5180811, 52.2668232 ], [ 10.5181029, 52.2668229 ], [ 10.5181025, 52.2668095 ], [ 10.518168, 52.2668086 ], [ 10.5181676, 52.2667952 ], [ 10.5182112, 52.2667946 ], [ 10.5182117, 52.266808 ], [ 10.518299, 52.2668068 ], [ 10.5182986, 52.2667935 ], [ 10.5184549, 52.2668007 ], [ 10.5184728, 52.2667777 ], [ 10.5184946, 52.2667774 ], [ 10.518495, 52.2667908 ], [ 10.5186042, 52.2667893 ], [ 10.5186038, 52.2667759 ], [ 10.5186697, 52.2667884 ], [ 10.5186693, 52.266775 ], [ 10.5186911, 52.2667747 ], [ 10.5186915, 52.2667881 ], [ 10.5187352, 52.2667875 ], [ 10.5187562, 52.2667604 ], [ 10.5188003, 52.2667732 ], [ 10.5188007, 52.2667866 ], [ 10.5188225, 52.2667863 ], [ 10.5188221, 52.2667729 ], [ 10.5188876, 52.266772 ], [ 10.5188872, 52.2667587 ], [ 10.5189308, 52.2667581 ], [ 10.5189313, 52.2667714 ], [ 10.5190404, 52.26677 ], [ 10.51904, 52.2667566 ], [ 10.5191496, 52.2667685 ], [ 10.5191491, 52.2667551 ], [ 10.5191928, 52.2667545 ], [ 10.5191924, 52.2667411 ], [ 10.5193238, 52.2667527 ], [ 10.5193448, 52.2667256 ], [ 10.5193889, 52.2667384 ], [ 10.5193893, 52.2667518 ], [ 10.5194111, 52.2667515 ], [ 10.5194107, 52.2667381 ], [ 10.5194325, 52.2667378 ], [ 10.5194328, 52.2667445 ], [ 10.5194548, 52.2667509 ], [ 10.5194757, 52.2667239 ], [ 10.5195194, 52.2667233 ], [ 10.5195199, 52.2667367 ], [ 10.519629, 52.2667352 ], [ 10.5196286, 52.2667218 ], [ 10.51976, 52.2667334 ], [ 10.519781, 52.2667063 ], [ 10.5198474, 52.2667322 ], [ 10.5198683, 52.2667051 ], [ 10.5198901, 52.2667048 ], [ 10.5198904, 52.2667115 ], [ 10.5199124, 52.2667179 ], [ 10.5199333, 52.2666908 ], [ 10.5199552, 52.2666905 ], [ 10.5199556, 52.2667039 ], [ 10.5200648, 52.2667024 ], [ 10.5200643, 52.2666891 ], [ 10.5200862, 52.2666888 ], [ 10.5200866, 52.2667021 ], [ 10.5201303, 52.2667016 ], [ 10.5201298, 52.2666882 ], [ 10.5201953, 52.2666873 ], [ 10.5201949, 52.2666739 ], [ 10.5202729, 52.2666847 ], [ 10.5202822, 52.2666727 ], [ 10.5203477, 52.2666718 ], [ 10.5203473, 52.2666584 ], [ 10.5203909, 52.2666578 ], [ 10.5203914, 52.2666712 ], [ 10.5205006, 52.2666697 ], [ 10.5205001, 52.2666563 ], [ 10.5205438, 52.2666557 ], [ 10.5205442, 52.2666691 ], [ 10.5206534, 52.2666676 ], [ 10.5206529, 52.2666543 ], [ 10.5206748, 52.266654 ], [ 10.5206752, 52.2666673 ], [ 10.5207626, 52.2666662 ], [ 10.5207835, 52.2666391 ], [ 10.5208272, 52.2666385 ], [ 10.5208276, 52.2666519 ], [ 10.5208717, 52.2666647 ], [ 10.5208713, 52.2666513 ], [ 10.5209368, 52.2666504 ], [ 10.5209363, 52.266637 ], [ 10.52098, 52.2666364 ], [ 10.5209804, 52.2666498 ], [ 10.5210896, 52.2666483 ], [ 10.5210892, 52.2666349 ], [ 10.5211328, 52.2666343 ], [ 10.5211333, 52.2666477 ], [ 10.5211769, 52.2666471 ], [ 10.5211774, 52.2666605 ], [ 10.521221, 52.2666599 ], [ 10.5212206, 52.2666465 ], [ 10.5213302, 52.2666584 ], [ 10.5213403, 52.2666702 ], [ 10.5214175, 52.2666572 ], [ 10.5214403, 52.2666837 ], [ 10.5215708, 52.2666685 ], [ 10.5215713, 52.2666819 ], [ 10.5216149, 52.2666813 ], [ 10.5216436, 52.2667065 ], [ 10.5217027, 52.2666935 ], [ 10.5217254, 52.26672 ], [ 10.5217691, 52.2667194 ], [ 10.5217788, 52.2667307 ], [ 10.5218346, 52.2667185 ], [ 10.521835, 52.2667319 ], [ 10.521901, 52.2667444 ], [ 10.5219133, 52.2667552 ], [ 10.5219665, 52.2667435 ], [ 10.5220115, 52.2667831 ], [ 10.5221207, 52.2667816 ], [ 10.5221507, 52.266808 ], [ 10.5221652, 52.2668078 ], [ 10.5221775, 52.2668185 ], [ 10.5222307, 52.2668069 ], [ 10.5222534, 52.2668333 ], [ 10.5222316, 52.2668336 ], [ 10.5222321, 52.266847 ], [ 10.5222976, 52.2668461 ], [ 10.5222766, 52.2668732 ], [ 10.5222984, 52.2668729 ], [ 10.5222993, 52.2668997 ], [ 10.5222563, 52.2669204 ], [ 10.5222566, 52.2669271 ], [ 10.5222133, 52.266941 ], [ 10.5222365, 52.2669809 ], [ 10.5222033, 52.2669917 ], [ 10.5221955, 52.2670618 ], [ 10.5221523, 52.2670758 ], [ 10.5221532, 52.2671026 ], [ 10.5221356, 52.2671101 ], [ 10.5221545, 52.2671427 ], [ 10.5221113, 52.2671567 ], [ 10.5220908, 52.2671972 ], [ 10.5220723, 52.2672032 ], [ 10.5220922, 52.2672373 ], [ 10.5220703, 52.2672376 ], [ 10.5220498, 52.2672781 ], [ 10.5220322, 52.2672857 ], [ 10.5220512, 52.2673183 ], [ 10.522008, 52.2673323 ], [ 10.5220089, 52.267359 ], [ 10.5219989, 52.2673633 ], [ 10.5219884, 52.2673995 ], [ 10.5219451, 52.2674135 ], [ 10.5219246, 52.2674539 ], [ 10.5219074, 52.2674595 ], [ 10.5219255, 52.2674807 ], [ 10.5219037, 52.267481 ], [ 10.5218832, 52.2675215 ], [ 10.5218647, 52.2675275 ], [ 10.5218846, 52.2675616 ], [ 10.5218413, 52.2675756 ], [ 10.5218422, 52.2676024 ], [ 10.5218011, 52.26762 ], [ 10.5218222, 52.2676562 ], [ 10.5217792, 52.2676769 ], [ 10.5217794, 52.2676836 ], [ 10.5217362, 52.2676976 ], [ 10.5217594, 52.2677374 ], [ 10.5217375, 52.2677377 ], [ 10.521717, 52.2677782 ], [ 10.5216997, 52.2677838 ], [ 10.5217179, 52.267805 ], [ 10.5216747, 52.267819 ], [ 10.521676, 52.2678591 ], [ 10.5216639, 52.2678643 ], [ 10.5216555, 52.2678996 ], [ 10.5215717, 52.2679446 ], [ 10.5215927, 52.2679808 ], [ 10.5215495, 52.2679948 ], [ 10.5215504, 52.2680216 ], [ 10.521538, 52.2680256 ], [ 10.5215294, 52.2680486 ], [ 10.5215513, 52.2680483 ], [ 10.5215517, 52.2680617 ], [ 10.5215299, 52.268062 ], [ 10.5215094, 52.2681025 ], [ 10.5214909, 52.2681085 ], [ 10.5215107, 52.2681426 ], [ 10.5214675, 52.2681566 ], [ 10.521447, 52.2681971 ], [ 10.5214285, 52.2682031 ], [ 10.5214484, 52.2682373 ], [ 10.5214051, 52.2682512 ], [ 10.5214065, 52.2682914 ], [ 10.5213849, 52.2682984 ], [ 10.5213851, 52.2683051 ], [ 10.5214069, 52.2683048 ], [ 10.5214074, 52.2683182 ], [ 10.5213642, 52.2683322 ], [ 10.521365, 52.2683589 ], [ 10.5213432, 52.2683592 ], [ 10.5213668, 52.2684125 ], [ 10.5213048, 52.2684461 ], [ 10.5213258, 52.2684934 ], [ 10.5212826, 52.2685074 ], [ 10.5212835, 52.2685342 ], [ 10.5212712, 52.2685382 ], [ 10.5212626, 52.2685612 ], [ 10.5212844, 52.2685609 ], [ 10.5212848, 52.2685743 ], [ 10.5212416, 52.2685883 ], [ 10.5212425, 52.2686151 ], [ 10.5212241, 52.268623 ], [ 10.5212443, 52.2686686 ], [ 10.5211797, 52.2686963 ], [ 10.521181, 52.2687365 ], [ 10.5212029, 52.2687362 ], [ 10.5212033, 52.2687495 ], [ 10.5211388, 52.2687806 ], [ 10.5211391, 52.2687906 ], [ 10.5211173, 52.2687909 ], [ 10.5211409, 52.2688442 ], [ 10.5210977, 52.2688581 ], [ 10.5210986, 52.2688849 ], [ 10.5210801, 52.2688909 ], [ 10.5210999, 52.2689251 ], [ 10.5210567, 52.2689391 ], [ 10.5210581, 52.2689792 ], [ 10.5210799, 52.2689789 ], [ 10.5211472, 52.2690316 ], [ 10.5211908, 52.269031 ], [ 10.5212668, 52.2690817 ], [ 10.5213232, 52.2690694 ], [ 10.5213905, 52.269122 ], [ 10.5214341, 52.2691214 ], [ 10.5215124, 52.2691739 ], [ 10.5215669, 52.2691732 ], [ 10.5216135, 52.2692096 ], [ 10.5216338, 52.2692125 ], [ 10.5216488, 52.2692256 ], [ 10.5216997, 52.269225 ], [ 10.5217749, 52.2692751 ], [ 10.5218102, 52.2692636 ], [ 10.5218723, 52.2693122 ], [ 10.521943, 52.2693154 ], [ 10.5219935, 52.2693549 ], [ 10.5220099, 52.2693547 ], [ 10.5220249, 52.2693679 ], [ 10.5220758, 52.2693672 ], [ 10.5221208, 52.2694067 ], [ 10.5221863, 52.2694058 ], [ 10.5222338, 52.269443 ], [ 10.5222532, 52.2694451 ], [ 10.52227, 52.2694583 ], [ 10.5223191, 52.2694576 ], [ 10.5223864, 52.2695103 ], [ 10.5224519, 52.2695094 ], [ 10.5225192, 52.269562 ], [ 10.5225624, 52.269548 ], [ 10.5226297, 52.2696007 ], [ 10.5226734, 52.2696001 ], [ 10.5227238, 52.2696396 ], [ 10.5227402, 52.2696394 ], [ 10.5227552, 52.2696525 ], [ 10.522828, 52.2696516 ], [ 10.5228953, 52.2697042 ], [ 10.5229385, 52.2696902 ], [ 10.5230058, 52.2697429 ], [ 10.5230713, 52.269742 ], [ 10.5231163, 52.2697816 ], [ 10.5232032, 52.269767 ], [ 10.5232041, 52.2697938 ], [ 10.5231395, 52.2698214 ], [ 10.5231845, 52.269861 ], [ 10.5231018, 52.269908 ], [ 10.5231217, 52.2699422 ], [ 10.5230785, 52.2699562 ], [ 10.5230794, 52.269983 ], [ 10.5230684, 52.2699831 ], [ 10.5230673, 52.2699919 ], [ 10.5231025, 52.2700228 ], [ 10.523061, 52.2700406 ], [ 10.5230598, 52.2700502 ], [ 10.5230379, 52.2700505 ], [ 10.523062, 52.2701171 ], [ 10.5230188, 52.2701311 ], [ 10.5230206, 52.2701847 ], [ 10.5230424, 52.2701844 ], [ 10.5230428, 52.2701978 ], [ 10.523021, 52.2701981 ], [ 10.5230228, 52.2702516 ], [ 10.5230669, 52.2702644 ], [ 10.5230678, 52.2702912 ], [ 10.5230246, 52.2703052 ], [ 10.5230259, 52.2703453 ], [ 10.52307, 52.2703581 ], [ 10.5230709, 52.2703849 ], [ 10.5230491, 52.2703852 ], [ 10.5230281, 52.2704123 ], [ 10.52305, 52.270412 ], [ 10.5230509, 52.2704387 ], [ 10.523095, 52.2704515 ], [ 10.5230749, 52.2705054 ], [ 10.5230968, 52.2705051 ], [ 10.5230977, 52.2705319 ], [ 10.5231418, 52.2705446 ], [ 10.5231422, 52.270558 ], [ 10.5231204, 52.2705583 ], [ 10.5231217, 52.2705985 ], [ 10.5231436, 52.2705982 ], [ 10.5231398, 52.2706056 ], [ 10.5231881, 52.2706244 ], [ 10.5231886, 52.2706378 ], [ 10.5231668, 52.2706381 ], [ 10.5231681, 52.2706782 ], [ 10.5232345, 52.2707041 ], [ 10.523214, 52.2707446 ], [ 10.5233027, 52.2707835 ], [ 10.5232851, 52.2708182 ], [ 10.5233709, 52.270863 ], [ 10.5233722, 52.2709031 ], [ 10.5234163, 52.2709159 ], [ 10.5234168, 52.2709293 ], [ 10.5234386, 52.270929 ], [ 10.5234836, 52.2709686 ], [ 10.5235273, 52.270968 ], [ 10.5235482, 52.2709409 ], [ 10.5235813, 52.2709505 ], [ 10.5235919, 52.2709403 ], [ 10.5236356, 52.2709397 ], [ 10.5236565, 52.2709126 ], [ 10.523713, 52.2709234 ], [ 10.5237862, 52.2708707 ], [ 10.5238517, 52.2708698 ], [ 10.5239154, 52.2708154 ], [ 10.5239694, 52.2708256 ], [ 10.5239809, 52.2708145 ], [ 10.5240001, 52.2708118 ], [ 10.5240451, 52.2707734 ], [ 10.5241106, 52.2707725 ], [ 10.5241743, 52.2707181 ], [ 10.5242184, 52.2707309 ], [ 10.524218, 52.2707175 ], [ 10.5242371, 52.2707148 ], [ 10.5242821, 52.2706764 ], [ 10.5243421, 52.2706878 ], [ 10.5244118, 52.2706345 ], [ 10.5244664, 52.2706337 ], [ 10.524541, 52.2705791 ], [ 10.5245796, 52.2705903 ], [ 10.5246488, 52.2705375 ], [ 10.5247139, 52.2705232 ], [ 10.5247776, 52.2704687 ], [ 10.5248217, 52.2704815 ], [ 10.5248854, 52.2704271 ], [ 10.5249509, 52.2704262 ], [ 10.5250147, 52.2703717 ], [ 10.5250583, 52.2703712 ], [ 10.5250793, 52.2703441 ], [ 10.5250902, 52.2703439 ], [ 10.525122, 52.2703167 ], [ 10.5251657, 52.2703161 ], [ 10.5252508, 52.270248 ], [ 10.5252754, 52.2702476 ], [ 10.525294, 52.270234 ], [ 10.5253104, 52.2702338 ], [ 10.5253582, 52.2701929 ], [ 10.5254079, 52.2701717 ], [ 10.5254149, 52.2701475 ], [ 10.5253992, 52.270112 ], [ 10.5254638, 52.2700843 ], [ 10.5254624, 52.2700442 ], [ 10.5254406, 52.2700445 ], [ 10.5254402, 52.2700311 ], [ 10.5255228, 52.269984 ], [ 10.525503, 52.2699499 ], [ 10.5255462, 52.2699359 ], [ 10.5255453, 52.2699091 ], [ 10.5255638, 52.2699031 ], [ 10.525544, 52.269869 ], [ 10.525587, 52.2698505 ], [ 10.5255867, 52.2698416 ], [ 10.5256086, 52.2698413 ], [ 10.5256077, 52.2698145 ], [ 10.5256291, 52.2698008 ], [ 10.5256072, 52.2698011 ], [ 10.5256063, 52.2697743 ], [ 10.5256496, 52.2697604 ], [ 10.5256487, 52.2697336 ], [ 10.5256586, 52.2697293 ], [ 10.5256692, 52.2696931 ], [ 10.5257124, 52.2696791 ], [ 10.5257115, 52.2696524 ], [ 10.5257363, 52.2696417 ], [ 10.5257529, 52.2695848 ], [ 10.525793, 52.2695655 ], [ 10.525773, 52.269531 ], [ 10.5258188, 52.2695089 ], [ 10.5258157, 52.2695036 ], [ 10.5258417, 52.2694979 ], [ 10.5258543, 52.2694817 ], [ 10.5258358, 52.2694498 ], [ 10.525879, 52.2694358 ], [ 10.5258781, 52.269409 ], [ 10.5259172, 52.2693902 ], [ 10.5258986, 52.2693685 ], [ 10.5259418, 52.2693546 ], [ 10.5259409, 52.2693278 ], [ 10.525982, 52.2693102 ], [ 10.525961, 52.2692739 ], [ 10.526047, 52.2692326 ], [ 10.5260238, 52.2691927 ], [ 10.5261052, 52.2691461 ], [ 10.526087, 52.2691249 ], [ 10.5261303, 52.2691109 ], [ 10.5261294, 52.2690841 ], [ 10.5261685, 52.2690653 ], [ 10.5261499, 52.2690437 ], [ 10.5261717, 52.2690434 ], [ 10.5261926, 52.2690163 ], [ 10.5262145, 52.269016 ], [ 10.5262136, 52.2689892 ], [ 10.5262309, 52.2689836 ], [ 10.5262127, 52.2689624 ], [ 10.5262559, 52.2689485 ], [ 10.526255, 52.2689217 ], [ 10.5262954, 52.2689044 ], [ 10.5262755, 52.2688812 ], [ 10.5263598, 52.2688361 ], [ 10.5263379, 52.2687866 ], [ 10.5264197, 52.2687404 ], [ 10.5264011, 52.2687188 ], [ 10.5264443, 52.2687048 ], [ 10.5264434, 52.268678 ], [ 10.5264838, 52.2686607 ], [ 10.5264639, 52.2686376 ], [ 10.5265466, 52.2685905 ], [ 10.5265267, 52.2685563 ], [ 10.5266094, 52.2685093 ], [ 10.5265896, 52.2684751 ], [ 10.5266328, 52.2684611 ], [ 10.5266319, 52.2684344 ], [ 10.526671, 52.2684156 ], [ 10.5266524, 52.2683939 ], [ 10.5267384, 52.2683525 ], [ 10.526737, 52.2683124 ], [ 10.5267944, 52.2682848 ], [ 10.5268012, 52.2682713 ], [ 10.526823, 52.268271 ], [ 10.5267998, 52.2682312 ], [ 10.5268662, 52.268257 ], [ 10.5268667, 52.2682704 ], [ 10.5269103, 52.2682698 ], [ 10.5269226, 52.2682806 ], [ 10.5269758, 52.2682689 ], [ 10.5270263, 52.2683084 ], [ 10.5270427, 52.2683082 ], [ 10.527055, 52.268319 ], [ 10.5271082, 52.2683073 ], [ 10.5271848, 52.2683579 ], [ 10.5272405, 52.2683457 ], [ 10.5272799, 52.2683803 ], [ 10.5273729, 52.268384 ], [ 10.5273956, 52.2684105 ], [ 10.5274393, 52.2684099 ], [ 10.5274516, 52.2684207 ], [ 10.5275048, 52.268409 ], [ 10.5275553, 52.2684485 ], [ 10.5275716, 52.2684483 ], [ 10.5275839, 52.2684591 ], [ 10.5276371, 52.2684474 ], [ 10.5276821, 52.268487 ], [ 10.5277258, 52.2684864 ], [ 10.5277356, 52.2684977 ], [ 10.5277913, 52.2684855 ], [ 10.5278679, 52.2685361 ], [ 10.5279237, 52.2685238 ], [ 10.5279573, 52.2685502 ], [ 10.5279682, 52.26855 ], [ 10.527976, 52.2685648 ], [ 10.5280126, 52.2685717 ], [ 10.528056, 52.2685622 ], [ 10.5280769, 52.2685351 ], [ 10.5281628, 52.2684911 ], [ 10.5281625, 52.2684804 ], [ 10.5281801, 52.2684728 ], [ 10.5281611, 52.2684402 ], [ 10.5282438, 52.2683932 ], [ 10.528224, 52.268359 ], [ 10.5282672, 52.268345 ], [ 10.5282658, 52.2683049 ], [ 10.5282831, 52.2682993 ], [ 10.5282649, 52.2682781 ], [ 10.528308, 52.2682596 ], [ 10.5283077, 52.2682507 ], [ 10.5283295, 52.2682504 ], [ 10.5283055, 52.2681838 ], [ 10.5283701, 52.2681561 ], [ 10.5283464, 52.2681028 ], [ 10.5283897, 52.2680889 ], [ 10.5283888, 52.2680621 ], [ 10.528408, 52.2680559 ], [ 10.528387, 52.2680085 ], [ 10.52843, 52.2679901 ], [ 10.5284297, 52.2679812 ], [ 10.5284482, 52.2679733 ], [ 10.5284279, 52.2679276 ], [ 10.5284925, 52.2678999 ], [ 10.5284912, 52.2678598 ], [ 10.5284694, 52.2678601 ], [ 10.5284689, 52.2678467 ], [ 10.5285335, 52.267819 ], [ 10.5285094, 52.2677524 ], [ 10.5285525, 52.2677339 ], [ 10.5285522, 52.267725 ], [ 10.528574, 52.2677247 ], [ 10.5285727, 52.2676845 ], [ 10.5285509, 52.2676848 ], [ 10.5285504, 52.2676715 ], [ 10.5285723, 52.2676712 ], [ 10.5285709, 52.267631 ], [ 10.5285923, 52.2676173 ], [ 10.5285691, 52.2675774 ], [ 10.5286122, 52.267559 ], [ 10.5286119, 52.2675501 ], [ 10.5286337, 52.2675498 ], [ 10.5286324, 52.2675096 ], [ 10.5286105, 52.2675099 ], [ 10.5286101, 52.2674965 ], [ 10.5286533, 52.2674825 ], [ 10.528652, 52.2674424 ], [ 10.5286738, 52.2674421 ], [ 10.5286506, 52.2674022 ], [ 10.5286725, 52.2674019 ], [ 10.5287175, 52.2674415 ], [ 10.528783, 52.2674406 ], [ 10.5287825, 52.2674272 ], [ 10.528848, 52.2674263 ], [ 10.5288476, 52.2674129 ], [ 10.5289122, 52.2673852 ], [ 10.5289113, 52.2673585 ], [ 10.5289524, 52.2673409 ], [ 10.5289313, 52.2673046 ], [ 10.5289531, 52.2673043 ], [ 10.5289522, 52.2672775 ], [ 10.5289955, 52.2672636 ], [ 10.5289723, 52.2672237 ], [ 10.5289941, 52.2672234 ], [ 10.5289928, 52.2671832 ], [ 10.5290339, 52.2671656 ], [ 10.5290128, 52.2671294 ], [ 10.5290559, 52.2671109 ], [ 10.5290556, 52.267102 ], [ 10.5290774, 52.2671017 ], [ 10.5290538, 52.2670485 ], [ 10.529097, 52.2670345 ], [ 10.5290961, 52.2670077 ], [ 10.5291146, 52.2670017 ], [ 10.5290948, 52.2669675 ], [ 10.529138, 52.2669535 ], [ 10.5291366, 52.2669134 ], [ 10.5291552, 52.2669074 ], [ 10.5291353, 52.2668732 ], [ 10.5291918, 52.266849 ], [ 10.5291985, 52.2668054 ], [ 10.5291767, 52.2668057 ], [ 10.5291763, 52.2667923 ], [ 10.5291981, 52.266792 ], [ 10.5292186, 52.2667515 ], [ 10.5292362, 52.266744 ], [ 10.5292172, 52.2667114 ], [ 10.5292642, 52.2666913 ], [ 10.52926, 52.266684 ], [ 10.5292818, 52.2666837 ], [ 10.5292809, 52.2666569 ], [ 10.5292946, 52.2666494 ], [ 10.5292578, 52.2666171 ], [ 10.5293224, 52.2665894 ], [ 10.5293206, 52.2665358 ], [ 10.5293424, 52.2665355 ], [ 10.5293415, 52.2665088 ], [ 10.5293633, 52.2665085 ], [ 10.529362, 52.2664683 ], [ 10.5293402, 52.2664686 ], [ 10.5293397, 52.2664552 ], [ 10.5293615, 52.2664549 ], [ 10.5293825, 52.2664278 ], [ 10.5294043, 52.2664275 ], [ 10.5294034, 52.2664008 ], [ 10.5294252, 52.2664005 ], [ 10.5294021, 52.2663606 ], [ 10.5294453, 52.2663466 ], [ 10.5294439, 52.2663065 ], [ 10.5294656, 52.2662995 ], [ 10.5294653, 52.2662928 ], [ 10.5294435, 52.2662931 ], [ 10.529443, 52.2662797 ], [ 10.5294649, 52.2662794 ], [ 10.529464, 52.2662526 ], [ 10.5294749, 52.2662525 ], [ 10.5294849, 52.2662255 ], [ 10.5295034, 52.2662195 ], [ 10.5294836, 52.2661854 ], [ 10.5295268, 52.2661714 ], [ 10.5295259, 52.2661446 ], [ 10.5295477, 52.2661443 ], [ 10.5295245, 52.2661045 ], [ 10.5295678, 52.2660905 ], [ 10.529566, 52.2660369 ], [ 10.5295441, 52.2660372 ], [ 10.5295437, 52.2660238 ], [ 10.5296083, 52.2659962 ], [ 10.5296065, 52.2659426 ], [ 10.5295847, 52.2659429 ], [ 10.5295842, 52.2659295 ], [ 10.5296274, 52.2659155 ], [ 10.5296265, 52.2658888 ], [ 10.5296484, 52.2658885 ], [ 10.5296252, 52.2658486 ], [ 10.5296682, 52.2658301 ], [ 10.5296679, 52.2658212 ], [ 10.5296898, 52.2658209 ], [ 10.5296889, 52.2657941 ], [ 10.5297325, 52.2657935 ], [ 10.5297553, 52.26582 ], [ 10.5297988, 52.265815 ], [ 10.5297985, 52.265806 ], [ 10.5298203, 52.2658057 ], [ 10.5298256, 52.2658118 ], [ 10.5298858, 52.2658048 ], [ 10.5298863, 52.2658182 ], [ 10.5299518, 52.2658173 ], [ 10.5299522, 52.2658307 ], [ 10.5300173, 52.2658164 ], [ 10.53004, 52.2658429 ], [ 10.5301705, 52.2658277 ], [ 10.5301933, 52.2658542 ], [ 10.5302806, 52.265853 ], [ 10.5302802, 52.2658396 ], [ 10.530302, 52.2658393 ], [ 10.530322, 52.2658626 ], [ 10.5303902, 52.2658649 ], [ 10.5304, 52.2658762 ], [ 10.5304557, 52.265864 ], [ 10.5304562, 52.2658774 ], [ 10.5305217, 52.2658765 ], [ 10.5305221, 52.2658899 ], [ 10.530609, 52.2658753 ], [ 10.5306094, 52.2658887 ], [ 10.5306749, 52.2658878 ], [ 10.5306847, 52.2658991 ], [ 10.5307404, 52.2658869 ], [ 10.5307632, 52.2659134 ], [ 10.5308723, 52.2659119 ], [ 10.5308548, 52.2659465 ], [ 10.5308737, 52.265952 ], [ 10.5308746, 52.2659788 ], [ 10.5309187, 52.2659916 ], [ 10.5308986, 52.2660454 ], [ 10.5309205, 52.2660451 ], [ 10.5309208, 52.2660552 ], [ 10.5309873, 52.2660844 ], [ 10.5309882, 52.2661112 ], [ 10.5310101, 52.2661109 ], [ 10.5310328, 52.2661374 ], [ 10.5310546, 52.2661371 ], [ 10.5311888, 52.266229 ], [ 10.5312324, 52.2662284 ], [ 10.5312611, 52.2662536 ], [ 10.5313202, 52.2662406 ], [ 10.5313934, 52.2662919 ], [ 10.5314525, 52.2662789 ], [ 10.531453, 52.2662923 ], [ 10.5315189, 52.2663048 ], [ 10.5315275, 52.2663147 ], [ 10.531584, 52.2662905 ], [ 10.5316067, 52.266317 ], [ 10.5316504, 52.2663164 ], [ 10.5316508, 52.2663298 ], [ 10.5316945, 52.2663292 ], [ 10.531694, 52.2663158 ], [ 10.5318037, 52.2663277 ], [ 10.5318134, 52.266339 ], [ 10.5318692, 52.2663268 ], [ 10.5318919, 52.2663533 ], [ 10.5319574, 52.2663524 ], [ 10.5319578, 52.2663658 ], [ 10.5320229, 52.2663515 ], [ 10.5320456, 52.2663779 ], [ 10.5321762, 52.2663628 ], [ 10.5321959, 52.2663858 ], [ 10.5323081, 52.2663877 ], [ 10.5323085, 52.2664011 ], [ 10.5324177, 52.2663996 ], [ 10.5324172, 52.2663862 ], [ 10.5324609, 52.2663856 ], [ 10.5324613, 52.266399 ], [ 10.5325268, 52.2663981 ], [ 10.5325382, 52.2664114 ], [ 10.5325709, 52.2664109 ], [ 10.5325705, 52.2663975 ], [ 10.5326142, 52.2663969 ], [ 10.5326146, 52.2664103 ], [ 10.5327238, 52.2664088 ], [ 10.5327233, 52.2663954 ], [ 10.5327452, 52.2663951 ], [ 10.5327456, 52.2664085 ], [ 10.5328548, 52.266407 ], [ 10.5328543, 52.2663936 ], [ 10.5328762, 52.2663933 ], [ 10.5328929, 52.2664128 ], [ 10.5329205, 52.2664131 ], [ 10.5329203, 52.2664061 ], [ 10.53299, 52.2664137 ], [ 10.5330072, 52.2663915 ], [ 10.533029, 52.2663912 ], [ 10.5330487, 52.2664142 ], [ 10.5331402, 52.266415 ], [ 10.53316, 52.2663894 ], [ 10.5332165, 52.2664001 ], [ 10.5332896, 52.2663475 ], [ 10.5333337, 52.2663603 ], [ 10.5335044, 52.2662374 ], [ 10.533548, 52.2662368 ], [ 10.5336331, 52.2661686 ], [ 10.5336977, 52.266141 ], [ 10.5336963, 52.2661008 ], [ 10.5337609, 52.2660731 ], [ 10.53376, 52.2660464 ], [ 10.5337382, 52.2660467 ], [ 10.5337155, 52.2660202 ], [ 10.5338015, 52.2659788 ], [ 10.533801, 52.2659654 ], [ 10.5337569, 52.2659526 ], [ 10.533756, 52.2659259 ], [ 10.5338206, 52.2658982 ], [ 10.5338197, 52.2658714 ], [ 10.5337979, 52.2658717 ], [ 10.5337751, 52.2658452 ], [ 10.5338611, 52.2658039 ], [ 10.5338607, 52.2657905 ], [ 10.5338165, 52.2657777 ], [ 10.5338156, 52.2657509 ], [ 10.5338802, 52.2657233 ], [ 10.5338793, 52.2656965 ], [ 10.5338575, 52.2656968 ], [ 10.5338348, 52.2656703 ], [ 10.5339208, 52.2656289 ], [ 10.5339203, 52.2656156 ], [ 10.5338762, 52.2656028 ], [ 10.5338753, 52.265576 ], [ 10.5339613, 52.2655346 ], [ 10.5339608, 52.2655212 ], [ 10.5339167, 52.2655085 ], [ 10.5339158, 52.2654817 ], [ 10.5339804, 52.265454 ], [ 10.5339795, 52.2654272 ], [ 10.5339577, 52.2654275 ], [ 10.5339349, 52.2654011 ], [ 10.5340209, 52.2653597 ], [ 10.5339759, 52.2653201 ], [ 10.5340405, 52.2652925 ], [ 10.5340396, 52.2652657 ], [ 10.5339955, 52.2652529 ], [ 10.533995, 52.2652395 ], [ 10.534081, 52.2651981 ], [ 10.5340801, 52.2651714 ], [ 10.5340583, 52.2651717 ], [ 10.5340356, 52.2651452 ], [ 10.5341215, 52.2651038 ], [ 10.5341211, 52.2650904 ], [ 10.534077, 52.2650777 ], [ 10.5340761, 52.2650509 ], [ 10.5341407, 52.2650232 ], [ 10.5341398, 52.2649964 ], [ 10.5341179, 52.2649967 ], [ 10.5340952, 52.2649703 ], [ 10.5341812, 52.2649289 ], [ 10.5341807, 52.2649155 ], [ 10.5341366, 52.2649027 ], [ 10.5341357, 52.2648759 ], [ 10.5342003, 52.2648483 ], [ 10.5341994, 52.2648215 ], [ 10.5341553, 52.2648087 ], [ 10.5341548, 52.2647953 ], [ 10.5342408, 52.264754 ], [ 10.5342181, 52.2647275 ], [ 10.5341963, 52.2647278 ], [ 10.5341954, 52.264701 ], [ 10.53426, 52.2646733 ], [ 10.5342591, 52.2646466 ], [ 10.5342149, 52.2646338 ], [ 10.534214, 52.264607 ], [ 10.5343, 52.2645656 ], [ 10.5342768, 52.2645258 ], [ 10.5343628, 52.2644844 ], [ 10.5343401, 52.2644579 ], [ 10.5344261, 52.2644166 ], [ 10.5344029, 52.2643767 ], [ 10.5344888, 52.2643353 ], [ 10.5344875, 52.2642952 ], [ 10.5346804, 52.2641854 ], [ 10.5346795, 52.2641586 ], [ 10.5347655, 52.2641172 ], [ 10.5348933, 52.2640217 ], [ 10.5349151, 52.2640214 ], [ 10.5349147, 52.264008 ], [ 10.5350648, 52.2639256 ], [ 10.5350639, 52.2638988 ], [ 10.5351499, 52.2638575 ], [ 10.5351271, 52.263831 ], [ 10.5352131, 52.2637896 ], [ 10.5351899, 52.2637498 ], [ 10.5352759, 52.2637084 ], [ 10.5352309, 52.2636689 ], [ 10.5352732, 52.2636281 ], [ 10.5351845, 52.2635891 ], [ 10.5352268, 52.2635484 ], [ 10.5351382, 52.2635094 ], [ 10.5351586, 52.2634689 ], [ 10.53507, 52.26343 ], [ 10.5350909, 52.2634029 ], [ 10.5349799, 52.2633509 ], [ 10.5350009, 52.2633238 ], [ 10.5349122, 52.2632848 ], [ 10.5349327, 52.2632444 ], [ 10.534844, 52.2632054 ], [ 10.5348431, 52.2631786 ], [ 10.5347544, 52.2631397 ], [ 10.5347531, 52.2630995 ], [ 10.5346644, 52.2630605 ], [ 10.5346635, 52.2630338 ], [ 10.5347067, 52.2630198 ], [ 10.5347058, 52.262993 ], [ 10.5346394, 52.2629671 ], [ 10.5346385, 52.2629403 ], [ 10.5346603, 52.26294 ], [ 10.5346813, 52.262913 ], [ 10.5346149, 52.2628871 ], [ 10.5346349, 52.2628332 ], [ 10.5345685, 52.2628074 ], [ 10.5345676, 52.2627806 ], [ 10.5346108, 52.2627666 ], [ 10.5346099, 52.2627398 ], [ 10.5345435, 52.262714 ], [ 10.5345426, 52.2626872 ], [ 10.5346286, 52.2626458 ], [ 10.5346059, 52.2626193 ], [ 10.5345841, 52.2626196 ], [ 10.534605, 52.2625926 ], [ 10.5346696, 52.2625649 ], [ 10.5346246, 52.2625253 ], [ 10.5347105, 52.262484 ], [ 10.5347101, 52.2624706 ], [ 10.534666, 52.2624578 ], [ 10.5346651, 52.262431 ], [ 10.534751, 52.2623897 ], [ 10.534706, 52.2623501 ], [ 10.534792, 52.2623087 ], [ 10.5347916, 52.2622953 ], [ 10.5347474, 52.2622826 ], [ 10.5347465, 52.2622558 ], [ 10.5348111, 52.2622281 ], [ 10.5348102, 52.2622013 ], [ 10.5347661, 52.2621886 ], [ 10.5347652, 52.2621618 ], [ 10.5347871, 52.2621615 ], [ 10.534808, 52.2621344 ], [ 10.5347416, 52.2621085 ], [ 10.5347407, 52.2620818 ], [ 10.5346743, 52.2620559 ], [ 10.5346739, 52.2620425 ], [ 10.534652, 52.2620428 ], [ 10.5346507, 52.2620026 ], [ 10.5344506, 52.2618982 ], [ 10.5344497, 52.2618715 ], [ 10.5344279, 52.2618718 ], [ 10.534316, 52.2617929 ], [ 10.5342942, 52.2617932 ], [ 10.5341601, 52.2617013 ], [ 10.5339377, 52.2615838 ], [ 10.5339368, 52.2615571 ], [ 10.5338258, 52.261505 ], [ 10.5336917, 52.2614131 ], [ 10.5336699, 52.2614134 ], [ 10.5335358, 52.2613215 ], [ 10.5335139, 52.2613218 ], [ 10.5335135, 52.2613084 ], [ 10.5334916, 52.2613087 ], [ 10.5334912, 52.2612953 ], [ 10.5333357, 52.2612171 ], [ 10.5332461, 52.2611513 ], [ 10.5332025, 52.2611519 ], [ 10.5332016, 52.2611252 ], [ 10.5331129, 52.2610862 ], [ 10.533112, 52.2610594 ], [ 10.533001, 52.2610074 ], [ 10.533022, 52.2609803 ], [ 10.5329333, 52.2609413 ], [ 10.5329538, 52.2609009 ], [ 10.5328651, 52.2608619 ], [ 10.5328856, 52.2608214 ], [ 10.5327969, 52.2607825 ], [ 10.532796, 52.2607557 ], [ 10.5328392, 52.2607417 ], [ 10.5328383, 52.2607149 ], [ 10.5328165, 52.2607152 ], [ 10.5327715, 52.2606757 ], [ 10.5327933, 52.2606754 ], [ 10.5328356, 52.2606346 ], [ 10.532747, 52.2605957 ], [ 10.5327679, 52.2605686 ], [ 10.5327897, 52.2605683 ], [ 10.5327888, 52.2605415 ], [ 10.5327225, 52.2605156 ], [ 10.5327216, 52.2604889 ], [ 10.5327648, 52.2604749 ], [ 10.5327857, 52.2604478 ], [ 10.5327639, 52.2604481 ], [ 10.5327189, 52.2604085 ], [ 10.5327834, 52.2603809 ], [ 10.5327825, 52.2603541 ], [ 10.5327162, 52.2603282 ], [ 10.5327798, 52.2602738 ], [ 10.532758, 52.2602741 ], [ 10.532713, 52.2602345 ], [ 10.5327767, 52.26018 ], [ 10.5327103, 52.2601542 ], [ 10.5327308, 52.2601137 ], [ 10.5326644, 52.2600878 ], [ 10.532664, 52.2600744 ], [ 10.5326203, 52.260075 ], [ 10.5325994, 52.2601021 ], [ 10.5325775, 52.2601024 ], [ 10.5325553, 52.2600893 ], [ 10.5325343, 52.2601164 ], [ 10.5325125, 52.2601167 ], [ 10.5325121, 52.2601033 ], [ 10.5324029, 52.2601048 ], [ 10.5324034, 52.2601182 ], [ 10.5323597, 52.2601188 ], [ 10.5323592, 52.2601054 ], [ 10.5322938, 52.2601063 ], [ 10.5322728, 52.2601334 ], [ 10.5322296, 52.2601474 ], [ 10.532231, 52.2601875 ], [ 10.5322091, 52.2601878 ], [ 10.5322541, 52.2602274 ], [ 10.5322109, 52.2602414 ], [ 10.5322123, 52.2602815 ], [ 10.5321938, 52.2602875 ], [ 10.5322136, 52.2603217 ], [ 10.5321918, 52.260322 ], [ 10.5321931, 52.2603622 ], [ 10.5321716, 52.2603714 ], [ 10.5321727, 52.2604026 ], [ 10.5320898, 52.2604493 ], [ 10.5321099, 52.2604839 ], [ 10.532064, 52.2605059 ], [ 10.5320671, 52.2605112 ], [ 10.5320239, 52.2605252 ], [ 10.5320471, 52.2605651 ], [ 10.5319899, 52.2605543 ], [ 10.5319174, 52.260607 ], [ 10.5318575, 52.2605957 ], [ 10.5318306, 52.2606216 ], [ 10.5317869, 52.2606222 ], [ 10.531766, 52.2606493 ], [ 10.531635, 52.2606511 ], [ 10.5316355, 52.2606645 ], [ 10.5316136, 52.2606648 ], [ 10.5316132, 52.2606514 ], [ 10.531504, 52.2606529 ], [ 10.5315045, 52.2606663 ], [ 10.5314608, 52.2606669 ], [ 10.5314604, 52.2606535 ], [ 10.5313512, 52.260655 ], [ 10.5313517, 52.2606684 ], [ 10.531308, 52.260669 ], [ 10.5313076, 52.2606556 ], [ 10.5311766, 52.2606574 ], [ 10.5311539, 52.2606309 ], [ 10.5311102, 52.2606315 ], [ 10.5310973, 52.2606202 ], [ 10.5310229, 52.2606327 ], [ 10.5309929, 52.2606063 ], [ 10.5309783, 52.2606065 ], [ 10.5309615, 52.2605934 ], [ 10.5309124, 52.260594 ], [ 10.5307783, 52.2605021 ], [ 10.5307564, 52.2605024 ], [ 10.5307555, 52.2604756 ], [ 10.5307114, 52.2604629 ], [ 10.5307297, 52.2604392 ], [ 10.5306882, 52.260423 ], [ 10.5306873, 52.2603962 ], [ 10.5306432, 52.2603834 ], [ 10.5306623, 52.2603588 ], [ 10.5305532, 52.2603043 ], [ 10.5305718, 52.2602675 ], [ 10.530485, 52.2602249 ], [ 10.5305022, 52.2602027 ], [ 10.5304173, 52.2601588 ], [ 10.5304359, 52.260122 ], [ 10.5303491, 52.2600794 ], [ 10.5303481, 52.2600482 ], [ 10.530326, 52.2600395 ], [ 10.5303251, 52.2600128 ], [ 10.5302809, 52.26 ], [ 10.5302799, 52.2599687 ], [ 10.5302578, 52.2599601 ], [ 10.5302523, 52.2599478 ], [ 10.5301909, 52.2599208 ], [ 10.5301891, 52.2598673 ], [ 10.5301228, 52.2598414 ], [ 10.5301127, 52.2597846 ], [ 10.5300546, 52.259762 ], [ 10.5300732, 52.2597252 ], [ 10.5299864, 52.2596826 ], [ 10.5300047, 52.2596589 ], [ 10.5299632, 52.2596427 ], [ 10.52994, 52.2596028 ], [ 10.5299182, 52.2596031 ], [ 10.5299365, 52.2595794 ], [ 10.5298282, 52.259524 ], [ 10.5298439, 52.2595037 ], [ 10.5298273, 52.2594972 ], [ 10.5298264, 52.2594705 ], [ 10.5297823, 52.2594577 ], [ 10.5297819, 52.2594443 ], [ 10.52976, 52.2594446 ], [ 10.5297757, 52.2594243 ], [ 10.5297591, 52.2594178 ], [ 10.529748, 52.2593871 ], [ 10.5296918, 52.2593652 ], [ 10.5297102, 52.2593415 ], [ 10.5296241, 52.2592991 ], [ 10.5296231, 52.2592679 ], [ 10.5296009, 52.2592592 ], [ 10.5296, 52.2592325 ], [ 10.5295559, 52.2592197 ], [ 10.5295746, 52.2591829 ], [ 10.5294878, 52.2591403 ], [ 10.5294866, 52.2591068 ], [ 10.5293978, 52.2590611 ], [ 10.5294145, 52.259028 ], [ 10.5293964, 52.259021 ], [ 10.5293961, 52.2590109 ], [ 10.5293296, 52.2589817 ], [ 10.5293473, 52.2589466 ], [ 10.5292614, 52.2589023 ], [ 10.5292797, 52.2588786 ], [ 10.5292382, 52.2588624 ], [ 10.5292373, 52.2588356 ], [ 10.5291932, 52.2588228 ], [ 10.5292115, 52.2587992 ], [ 10.52917, 52.258783 ], [ 10.5291691, 52.2587562 ], [ 10.529125, 52.2587434 ], [ 10.5291121, 52.2587075 ], [ 10.5291019, 52.2587036 ], [ 10.529101, 52.2586768 ], [ 10.5290569, 52.258664 ], [ 10.5290744, 52.2586293 ], [ 10.529011, 52.2585976 ], [ 10.5288769, 52.2585057 ], [ 10.5287895, 52.2585069 ], [ 10.52879, 52.2585203 ], [ 10.5287682, 52.2585206 ], [ 10.5287677, 52.2585072 ], [ 10.5286367, 52.258509 ], [ 10.5286372, 52.2585224 ], [ 10.5286154, 52.2585227 ], [ 10.5286149, 52.2585093 ], [ 10.5285708, 52.2584965 ], [ 10.5285713, 52.2585099 ], [ 10.5284626, 52.2585248 ], [ 10.5284398, 52.2584983 ], [ 10.5283525, 52.2584995 ], [ 10.528353, 52.2585129 ], [ 10.5283311, 52.2585132 ], [ 10.5283084, 52.2584867 ], [ 10.5282429, 52.2584876 ], [ 10.5282332, 52.2584763 ], [ 10.5281774, 52.2584885 ], [ 10.5281984, 52.2584614 ], [ 10.5281765, 52.2584617 ], [ 10.5281756, 52.258435 ], [ 10.528197, 52.2584213 ], [ 10.5281752, 52.2584216 ], [ 10.5281743, 52.2583948 ], [ 10.5282175, 52.2583808 ], [ 10.5282162, 52.2583407 ], [ 10.5282378, 52.2583337 ], [ 10.5282375, 52.258327 ], [ 10.5282157, 52.2583273 ], [ 10.5282148, 52.2583005 ], [ 10.5282366, 52.2583002 ], [ 10.5282358, 52.2582734 ], [ 10.528255, 52.2582672 ], [ 10.528234, 52.2582199 ], [ 10.5283171, 52.2581752 ], [ 10.5282972, 52.258152 ], [ 10.5282754, 52.2581523 ], [ 10.5282963, 52.2581253 ], [ 10.5283181, 52.258125 ], [ 10.5283163, 52.2580714 ], [ 10.5282945, 52.2580717 ], [ 10.5282936, 52.2580449 ], [ 10.5283154, 52.2580446 ], [ 10.5283132, 52.2579777 ], [ 10.5282914, 52.257978 ], [ 10.5282909, 52.2579646 ], [ 10.5283128, 52.2579643 ], [ 10.5283121, 52.2579442 ], [ 10.52829, 52.2579378 ], [ 10.5282887, 52.2578977 ], [ 10.5282669, 52.257898 ], [ 10.5282869, 52.2578441 ], [ 10.5282651, 52.2578444 ], [ 10.5282637, 52.2578043 ], [ 10.5282419, 52.2578046 ], [ 10.5282595, 52.2577699 ], [ 10.5282406, 52.2577644 ], [ 10.5282329, 52.2577224 ], [ 10.5281951, 52.2577114 ], [ 10.5281947, 52.2576981 ], [ 10.5282165, 52.2576978 ], [ 10.5282147, 52.2576442 ], [ 10.5281706, 52.2576314 ], [ 10.5281695, 52.2576002 ], [ 10.5281474, 52.2575916 ], [ 10.5281679, 52.2575511 ], [ 10.5281238, 52.2575383 ], [ 10.5281233, 52.2575249 ], [ 10.5281452, 52.2575246 ], [ 10.5281438, 52.2574845 ], [ 10.528122, 52.2574848 ], [ 10.5281217, 52.2574758 ], [ 10.5280774, 52.2574586 ], [ 10.528095, 52.2574239 ], [ 10.5280761, 52.2574184 ], [ 10.5280752, 52.2573916 ], [ 10.5280311, 52.2573788 ], [ 10.5280487, 52.2573442 ], [ 10.5280298, 52.2573387 ], [ 10.5280289, 52.2573119 ], [ 10.5279625, 52.257286 ], [ 10.5279792, 52.2572529 ], [ 10.5279611, 52.2572459 ], [ 10.5279602, 52.2572191 ], [ 10.5279161, 52.2572063 ], [ 10.5279337, 52.2571716 ], [ 10.5278034, 52.2571007 ], [ 10.527803, 52.2570873 ], [ 10.5277593, 52.2570879 ], [ 10.5277598, 52.2571013 ], [ 10.5277165, 52.2571153 ], [ 10.5277161, 52.2571019 ], [ 10.5276497, 52.257076 ], [ 10.5276074, 52.2571168 ], [ 10.5275856, 52.2571171 ], [ 10.5275183, 52.2570644 ], [ 10.5274965, 52.2570647 ], [ 10.5274542, 52.2571055 ], [ 10.5273878, 52.2570796 ], [ 10.5273873, 52.2570662 ], [ 10.5273437, 52.2570668 ], [ 10.5273227, 52.2570939 ], [ 10.5272791, 52.2570945 ], [ 10.5272341, 52.2570549 ], [ 10.5271904, 52.2570555 ], [ 10.5271695, 52.2570826 ], [ 10.5271258, 52.2570832 ], [ 10.5270808, 52.2570436 ], [ 10.5270376, 52.2570576 ], [ 10.5270381, 52.257071 ], [ 10.5269944, 52.2570716 ], [ 10.5269494, 52.257032 ], [ 10.5269058, 52.2570326 ], [ 10.5268848, 52.2570597 ], [ 10.5268412, 52.2570603 ], [ 10.5267962, 52.2570207 ], [ 10.5267525, 52.2570213 ], [ 10.5267316, 52.2570484 ], [ 10.5266879, 52.257049 ], [ 10.5266429, 52.2570094 ], [ 10.5265997, 52.2570234 ], [ 10.5266002, 52.2570368 ], [ 10.5265565, 52.2570374 ], [ 10.5264892, 52.2569847 ], [ 10.5264674, 52.256985 ], [ 10.5264465, 52.2570121 ], [ 10.5264028, 52.2570127 ], [ 10.5263578, 52.2569731 ], [ 10.526271, 52.2569877 ], [ 10.526226, 52.2569482 ], [ 10.5261823, 52.2569488 ], [ 10.5261614, 52.2569758 ], [ 10.5261396, 52.2569761 ], [ 10.5260723, 52.2569235 ], [ 10.5260077, 52.2569511 ], [ 10.5259404, 52.2568985 ], [ 10.5258536, 52.2569131 ], [ 10.5257863, 52.2568604 ], [ 10.5257208, 52.2568613 ], [ 10.5256535, 52.2568087 ], [ 10.5256103, 52.2568226 ], [ 10.525543, 52.25677 ], [ 10.5254776, 52.2567709 ], [ 10.5254103, 52.2567182 ], [ 10.5253452, 52.2567325 ], [ 10.525278, 52.2566798 ], [ 10.5252125, 52.2566807 ], [ 10.5251452, 52.2566281 ], [ 10.525102, 52.2566421 ], [ 10.5250347, 52.2565894 ], [ 10.5249693, 52.2565903 ], [ 10.524902, 52.2565377 ], [ 10.5248588, 52.2565516 ], [ 10.5247915, 52.256499 ], [ 10.5247265, 52.2565133 ], [ 10.5246592, 52.2564606 ], [ 10.5245719, 52.2564618 ], [ 10.5245269, 52.2564222 ], [ 10.5244618, 52.2564365 ], [ 10.5243946, 52.2563839 ], [ 10.5243509, 52.2563845 ], [ 10.5243514, 52.2563978 ], [ 10.5243082, 52.2564118 ], [ 10.5242409, 52.2563592 ], [ 10.5241758, 52.2563735 ], [ 10.5241086, 52.2563208 ], [ 10.5240867, 52.2563211 ], [ 10.5240658, 52.2563482 ], [ 10.5240222, 52.2563488 ], [ 10.5239549, 52.2562961 ], [ 10.5239112, 52.2562967 ], [ 10.523844, 52.2562441 ], [ 10.5238003, 52.2562446 ], [ 10.523733, 52.256192 ], [ 10.5236676, 52.2561929 ], [ 10.5236003, 52.2561402 ], [ 10.5235566, 52.2561408 ], [ 10.5234894, 52.2560882 ], [ 10.5234239, 52.2560891 ], [ 10.5233789, 52.2560495 ], [ 10.5233138, 52.2560638 ], [ 10.5232466, 52.2560111 ], [ 10.5231597, 52.2560257 ], [ 10.5230924, 52.255973 ], [ 10.5230274, 52.2559873 ], [ 10.5229601, 52.2559347 ], [ 10.5228951, 52.2559489 ], [ 10.5228942, 52.2559222 ], [ 10.5228278, 52.2558963 ], [ 10.5228269, 52.2558695 ], [ 10.5229129, 52.2558282 ], [ 10.5228679, 52.2557886 ], [ 10.5229539, 52.2557472 ], [ 10.5229089, 52.2557077 ], [ 10.5229084, 52.2556943 ], [ 10.522973, 52.2556666 ], [ 10.5229721, 52.2556398 ], [ 10.522928, 52.2556271 ], [ 10.5229276, 52.2556137 ], [ 10.5229922, 52.255586 ], [ 10.5229913, 52.2555592 ], [ 10.5229472, 52.2555464 ], [ 10.5229467, 52.255533 ], [ 10.5230327, 52.2554917 ], [ 10.5230091, 52.2554384 ], [ 10.5230951, 52.2553971 ], [ 10.5230723, 52.2553706 ], [ 10.5231797, 52.2553156 ], [ 10.5231565, 52.2552757 ], [ 10.5232425, 52.2552343 ], [ 10.5231975, 52.2551948 ], [ 10.5232835, 52.2551534 ], [ 10.5232821, 52.2551133 ], [ 10.5233681, 52.2550719 ], [ 10.5233449, 52.255032 ], [ 10.5233881, 52.2550181 ], [ 10.5234091, 52.254991 ], [ 10.523365, 52.2549782 ], [ 10.5233423, 52.2549517 ], [ 10.521225, 52.2549806 ], [ 10.5212041, 52.2550077 ], [ 10.5211181, 52.255049 ], [ 10.5211631, 52.2550886 ], [ 10.5212072, 52.2551014 ], [ 10.5211435, 52.2551558 ], [ 10.5212099, 52.2551817 ], [ 10.5212108, 52.2552085 ], [ 10.5211676, 52.2552225 ], [ 10.5211685, 52.2552492 ], [ 10.5212348, 52.2552751 ], [ 10.5212357, 52.2553019 ], [ 10.5212139, 52.2553022 ], [ 10.5211716, 52.255343 ], [ 10.521238, 52.2553688 ], [ 10.5212389, 52.2553956 ], [ 10.5211743, 52.2554233 ], [ 10.5211747, 52.2554367 ], [ 10.5211965, 52.2554364 ], [ 10.5212415, 52.2554759 ], [ 10.5211556, 52.2555173 ], [ 10.521156, 52.2555307 ], [ 10.5212001, 52.2555435 ], [ 10.521201, 52.2555702 ], [ 10.5211364, 52.2555979 ], [ 10.5211373, 52.2556247 ], [ 10.5211814, 52.2556375 ], [ 10.5211823, 52.2556643 ], [ 10.5211177, 52.2556919 ], [ 10.5211181, 52.2557053 ], [ 10.5211622, 52.2557181 ], [ 10.5211631, 52.2557449 ], [ 10.5210985, 52.2557725 ], [ 10.5210994, 52.2557993 ], [ 10.5211213, 52.255799 ], [ 10.521144, 52.2558255 ], [ 10.521058, 52.2558669 ], [ 10.5210585, 52.2558802 ], [ 10.5211026, 52.255893 ], [ 10.5211035, 52.2559198 ], [ 10.5210389, 52.2559475 ], [ 10.5210398, 52.2559742 ], [ 10.5210839, 52.255987 ], [ 10.5210847, 52.2560138 ], [ 10.5209988, 52.2560552 ], [ 10.5209992, 52.2560686 ], [ 10.5210433, 52.2560813 ], [ 10.5210438, 52.2560947 ], [ 10.5209578, 52.2561361 ], [ 10.5209805, 52.2561626 ], [ 10.5210023, 52.2561623 ], [ 10.5210032, 52.256189 ], [ 10.5209386, 52.2562167 ], [ 10.5209623, 52.25627 ], [ 10.5208763, 52.2563113 ], [ 10.5208767, 52.2563247 ], [ 10.5209208, 52.2563375 ], [ 10.5209217, 52.2563643 ], [ 10.5208571, 52.2563919 ], [ 10.5208807, 52.2564452 ], [ 10.5207948, 52.2564865 ], [ 10.5208398, 52.2565261 ], [ 10.5207538, 52.2565675 ], [ 10.5207988, 52.256607 ], [ 10.5207128, 52.2566484 ], [ 10.5207132, 52.2566618 ], [ 10.5207573, 52.2566746 ], [ 10.5207582, 52.2567013 ], [ 10.5206936, 52.256729 ], [ 10.5206945, 52.2567558 ], [ 10.5207386, 52.2567686 ], [ 10.5207395, 52.2567954 ], [ 10.5206536, 52.2568367 ], [ 10.5206763, 52.2568632 ], [ 10.5206981, 52.2568629 ], [ 10.5206772, 52.25689 ], [ 10.520634, 52.2569039 ], [ 10.5206349, 52.2569307 ], [ 10.520679, 52.2569435 ], [ 10.5206798, 52.2569703 ], [ 10.5206153, 52.256998 ], [ 10.5206161, 52.2570247 ], [ 10.520638, 52.2570244 ], [ 10.5206607, 52.2570509 ], [ 10.5205747, 52.2570923 ], [ 10.5205752, 52.2571056 ], [ 10.5206193, 52.2571184 ], [ 10.5206202, 52.2571452 ], [ 10.5205556, 52.2571729 ], [ 10.5205565, 52.2571997 ], [ 10.5206006, 52.2572124 ], [ 10.520601, 52.2572258 ], [ 10.5205364, 52.2572535 ], [ 10.5205373, 52.2572803 ], [ 10.5206037, 52.2573062 ], [ 10.5205614, 52.2573469 ], [ 10.5205395, 52.2573472 ], [ 10.5205845, 52.2573868 ], [ 10.5206064, 52.2573865 ], [ 10.5206072, 52.2574133 ], [ 10.520564, 52.2574272 ], [ 10.5205649, 52.257454 ], [ 10.5206313, 52.2574799 ], [ 10.5206317, 52.2574933 ], [ 10.5205672, 52.257521 ], [ 10.520568, 52.2575477 ], [ 10.5205899, 52.2575474 ], [ 10.5206349, 52.257587 ], [ 10.520613, 52.2575873 ], [ 10.5205707, 52.2576281 ], [ 10.5206371, 52.2576539 ], [ 10.520638, 52.2576807 ], [ 10.5205948, 52.2576947 ], [ 10.5205957, 52.2577215 ], [ 10.520662, 52.2577474 ], [ 10.5206197, 52.2577881 ], [ 10.5205979, 52.2577884 ], [ 10.5206429, 52.257828 ], [ 10.5206647, 52.2578277 ], [ 10.5206656, 52.2578545 ], [ 10.520601, 52.2578821 ], [ 10.520646, 52.2579217 ], [ 10.5206678, 52.2579214 ], [ 10.5206687, 52.2579482 ], [ 10.5206041, 52.2579758 ], [ 10.5206491, 52.2580154 ], [ 10.520671, 52.2580151 ], [ 10.5206719, 52.2580419 ], [ 10.5206286, 52.2580559 ], [ 10.5206295, 52.2580826 ], [ 10.5206959, 52.2581085 ], [ 10.520675, 52.2581356 ], [ 10.5206531, 52.2581359 ], [ 10.520654, 52.2581627 ], [ 10.5207204, 52.2581886 ], [ 10.5207213, 52.2582153 ], [ 10.5206995, 52.2582156 ], [ 10.5206785, 52.2582427 ], [ 10.5207672, 52.2582817 ], [ 10.5207249, 52.2583224 ], [ 10.5208135, 52.2583614 ], [ 10.5208144, 52.2583882 ], [ 10.5207926, 52.2583885 ], [ 10.5207717, 52.2584155 ], [ 10.5208603, 52.2584545 ], [ 10.520818, 52.2584953 ], [ 10.5209066, 52.2585342 ], [ 10.5209075, 52.258561 ], [ 10.5208857, 52.2585613 ], [ 10.5208648, 52.2585884 ], [ 10.5209534, 52.2586274 ], [ 10.5209325, 52.2586544 ], [ 10.5208893, 52.2586684 ], [ 10.5208897, 52.2586818 ], [ 10.5209561, 52.2587077 ], [ 10.520957, 52.2587345 ], [ 10.5209138, 52.2587485 ], [ 10.5208928, 52.2587755 ], [ 10.5209592, 52.2588014 ], [ 10.5209601, 52.2588282 ], [ 10.5209169, 52.2588422 ], [ 10.5209178, 52.2588689 ], [ 10.5209842, 52.2588948 ], [ 10.5209846, 52.2589082 ], [ 10.52092, 52.2589359 ], [ 10.5209205, 52.2589493 ], [ 10.5209868, 52.2589751 ], [ 10.5209873, 52.2589885 ], [ 10.5209013, 52.2590299 ], [ 10.5209018, 52.2590433 ], [ 10.5209459, 52.2590561 ], [ 10.5209468, 52.2590828 ], [ 10.5208608, 52.2591242 ], [ 10.5209058, 52.2591638 ], [ 10.5208198, 52.2592051 ], [ 10.5208434, 52.2592584 ], [ 10.520777, 52.2592325 ], [ 10.5207133, 52.2592869 ], [ 10.5206256, 52.2592747 ], [ 10.5205832, 52.2593155 ], [ 10.5205173, 52.259303 ], [ 10.5204536, 52.2593574 ], [ 10.5203658, 52.2593452 ], [ 10.5203021, 52.2593997 ], [ 10.5202358, 52.2593738 ], [ 10.520172, 52.2594282 ], [ 10.5201284, 52.2594288 ], [ 10.5201279, 52.2594154 ], [ 10.5200838, 52.2594027 ], [ 10.5200201, 52.2594571 ], [ 10.5199538, 52.2594312 ], [ 10.51989, 52.2594857 ], [ 10.5198464, 52.2594862 ], [ 10.5198459, 52.2594729 ], [ 10.5198018, 52.2594601 ], [ 10.5197381, 52.2595145 ], [ 10.5196718, 52.2594886 ], [ 10.519608, 52.2595431 ], [ 10.5195644, 52.2595437 ], [ 10.5195417, 52.2595172 ], [ 10.519498, 52.2595178 ], [ 10.5194771, 52.2595449 ], [ 10.5194334, 52.2595454 ], [ 10.5193884, 52.2595059 ], [ 10.5193448, 52.2595065 ], [ 10.5193238, 52.2595335 ], [ 10.5192802, 52.2595341 ], [ 10.5192352, 52.2594946 ], [ 10.5191915, 52.2594952 ], [ 10.5191706, 52.2595222 ], [ 10.5191487, 52.2595225 ], [ 10.5191037, 52.259483 ], [ 10.5190601, 52.2594836 ], [ 10.5190391, 52.2595106 ], [ 10.5189955, 52.2595112 ], [ 10.5189505, 52.2594717 ], [ 10.5188645, 52.259513 ], [ 10.5187972, 52.2594604 ], [ 10.518754, 52.2594743 ], [ 10.5187331, 52.2595014 ], [ 10.5186667, 52.2594755 ], [ 10.5186663, 52.2594621 ], [ 10.5186226, 52.2594627 ], [ 10.5186017, 52.2594898 ], [ 10.518558, 52.2594904 ], [ 10.5184907, 52.2594377 ], [ 10.5184475, 52.2594517 ], [ 10.518448, 52.2594651 ], [ 10.5184043, 52.2594657 ], [ 10.5183593, 52.2594261 ], [ 10.5182733, 52.2594675 ], [ 10.5182061, 52.2594148 ], [ 10.5181629, 52.2594288 ], [ 10.5181633, 52.2594422 ], [ 10.5181196, 52.2594428 ], [ 10.5180746, 52.2594032 ], [ 10.5179878, 52.2594178 ], [ 10.5179205, 52.2593651 ], [ 10.5178773, 52.2593791 ], [ 10.5178777, 52.2593925 ], [ 10.5178341, 52.2593931 ], [ 10.5177891, 52.2593535 ], [ 10.5177022, 52.2593681 ], [ 10.5176349, 52.2593154 ], [ 10.5175917, 52.2593294 ], [ 10.5175922, 52.2593428 ], [ 10.5175485, 52.2593434 ], [ 10.5175035, 52.2593038 ], [ 10.5174167, 52.2593184 ], [ 10.5173494, 52.2592657 ], [ 10.5172848, 52.2592934 ], [ 10.5172398, 52.2592538 ], [ 10.5171734, 52.259228 ], [ 10.5172371, 52.2591735 ], [ 10.5171707, 52.2591476 ], [ 10.5171699, 52.2591209 ], [ 10.5172131, 52.2591069 ], [ 10.5172122, 52.2590801 ], [ 10.5171681, 52.2590673 ], [ 10.5171454, 52.2590408 ], [ 10.5171886, 52.2590268 ], [ 10.5171877, 52.2590001 ], [ 10.5171213, 52.2589742 ], [ 10.5171204, 52.2589474 ], [ 10.5171636, 52.2589334 ], [ 10.5171627, 52.2589067 ], [ 10.5170964, 52.2588808 ], [ 10.5170959, 52.2588674 ], [ 10.5171391, 52.2588534 ], [ 10.5171601, 52.2588263 ], [ 10.5170714, 52.2587874 ], [ 10.517071, 52.258774 ], [ 10.5171142, 52.25876 ], [ 10.5171133, 52.2587332 ], [ 10.5170469, 52.2587073 ], [ 10.517046, 52.2586806 ], [ 10.5170892, 52.2586666 ], [ 10.5170884, 52.2586398 ], [ 10.5170665, 52.2586401 ], [ 10.5170215, 52.2586005 ], [ 10.5170425, 52.2585735 ], [ 10.5170643, 52.2585732 ], [ 10.5170634, 52.2585464 ], [ 10.516997, 52.2585205 ], [ 10.5169966, 52.2585071 ], [ 10.5170398, 52.2584931 ], [ 10.5170389, 52.2584664 ], [ 10.5169725, 52.2584405 ], [ 10.5169717, 52.2584137 ], [ 10.5170149, 52.2583997 ], [ 10.517014, 52.2583729 ], [ 10.5169476, 52.258347 ], [ 10.5169026, 52.2583075 ], [ 10.5168589, 52.2583081 ], [ 10.5167917, 52.2582554 ], [ 10.5167048, 52.25827 ], [ 10.5166598, 52.2582304 ], [ 10.516573, 52.258245 ], [ 10.5165057, 52.2581923 ], [ 10.5164411, 52.25822 ], [ 10.5163738, 52.2581673 ], [ 10.516287, 52.2581819 ], [ 10.516242, 52.2581423 ], [ 10.5161551, 52.2581569 ], [ 10.5160878, 52.2581043 ], [ 10.5160228, 52.2581185 ], [ 10.5159555, 52.2580659 ], [ 10.5159123, 52.2580799 ], [ 10.5159128, 52.2580932 ], [ 10.5158691, 52.2580938 ], [ 10.5158241, 52.2580543 ], [ 10.5157372, 52.2580688 ], [ 10.51567, 52.2580162 ], [ 10.5156049, 52.2580305 ], [ 10.5155377, 52.2579778 ], [ 10.5154731, 52.2580055 ], [ 10.5154058, 52.2579528 ], [ 10.5153189, 52.2579674 ], [ 10.5152739, 52.2579278 ], [ 10.5151871, 52.2579424 ], [ 10.5151198, 52.2578897 ], [ 10.5150552, 52.2579174 ], [ 10.514988, 52.2578647 ], [ 10.5149011, 52.2578793 ], [ 10.5148561, 52.2578397 ], [ 10.5147911, 52.257854 ], [ 10.5147238, 52.2578013 ], [ 10.5146801, 52.2578019 ], [ 10.5146806, 52.2578153 ], [ 10.5146374, 52.2578293 ], [ 10.5145701, 52.2577766 ], [ 10.5145055, 52.2578043 ], [ 10.5144382, 52.2577516 ], [ 10.5143309, 52.2578089 ], [ 10.5143313, 52.2578201 ], [ 10.5143065, 52.2578307 ], [ 10.5142899, 52.2578876 ], [ 10.5142498, 52.2579069 ], [ 10.5142698, 52.2579414 ], [ 10.5141859, 52.2579864 ], [ 10.514207, 52.2580226 ], [ 10.5141463, 52.2580518 ], [ 10.5141428, 52.2580637 ], [ 10.5141252, 52.2580712 ], [ 10.5141442, 52.2581039 ], [ 10.5140613, 52.2581505 ], [ 10.5140814, 52.2581851 ], [ 10.5139975, 52.25823 ], [ 10.5140185, 52.2582663 ], [ 10.5139967, 52.2582666 ], [ 10.513998, 52.2583067 ], [ 10.5139762, 52.258307 ], [ 10.5139998, 52.2583603 ], [ 10.513978, 52.2583606 ], [ 10.5139789, 52.2583874 ], [ 10.5140007, 52.2583871 ], [ 10.514002, 52.2584272 ], [ 10.5140239, 52.2584269 ], [ 10.5140076, 52.258462 ], [ 10.5140252, 52.2584671 ], [ 10.5140261, 52.2584939 ], [ 10.5140702, 52.2585067 ], [ 10.5140706, 52.2585201 ], [ 10.5140925, 52.2585198 ], [ 10.5141374, 52.2585593 ], [ 10.5141811, 52.2585587 ], [ 10.5142038, 52.2585852 ], [ 10.5142475, 52.2585846 ], [ 10.5142477, 52.2585913 ], [ 10.5142916, 52.2585974 ], [ 10.5142911, 52.258584 ], [ 10.5143348, 52.2585834 ], [ 10.5143352, 52.2585968 ], [ 10.5144444, 52.2585953 ], [ 10.5144439, 52.258582 ], [ 10.5144876, 52.2585814 ], [ 10.5145468, 52.2586277 ], [ 10.5145693, 52.2586294 ], [ 10.5145981, 52.2586201 ], [ 10.5146431, 52.2586596 ], [ 10.5147086, 52.2586587 ], [ 10.5147081, 52.2586453 ], [ 10.5147299, 52.258645 ], [ 10.5147804, 52.2586845 ], [ 10.5147968, 52.2586843 ], [ 10.5148096, 52.2586956 ], [ 10.5148841, 52.2586831 ], [ 10.51496, 52.2587339 ], [ 10.5150164, 52.2587215 ], [ 10.5150668, 52.258761 ], [ 10.5150832, 52.2587608 ], [ 10.5150836, 52.2587742 ], [ 10.5151487, 52.2587599 ], [ 10.5151787, 52.2587863 ], [ 10.5151932, 52.2587861 ], [ 10.5151937, 52.2587995 ], [ 10.5152592, 52.2587986 ], [ 10.5152587, 52.2587852 ], [ 10.5152805, 52.2587849 ], [ 10.515331, 52.2588244 ], [ 10.5153474, 52.2588242 ], [ 10.5153596, 52.258835 ], [ 10.5154129, 52.2588233 ], [ 10.5154874, 52.2588758 ], [ 10.5155238, 52.2588754 ], [ 10.5155447, 52.2588483 ], [ 10.5155665, 52.258848 ], [ 10.5156338, 52.2589006 ], [ 10.515677, 52.2588867 ], [ 10.5157275, 52.2589262 ], [ 10.5157438, 52.2589259 ], [ 10.5157561, 52.2589367 ], [ 10.5158093, 52.258925 ], [ 10.5158726, 52.2589746 ], [ 10.5159421, 52.2589768 ], [ 10.5160186, 52.2590274 ], [ 10.5160744, 52.2590152 ], [ 10.5161417, 52.2590679 ], [ 10.5161635, 52.2590676 ], [ 10.5161644, 52.2590943 ], [ 10.5161079, 52.2591186 ], [ 10.5161016, 52.2591756 ], [ 10.5160187, 52.2592222 ], [ 10.5160387, 52.2592568 ], [ 10.5159549, 52.2593017 ], [ 10.5159759, 52.259338 ], [ 10.5159327, 52.259352 ], [ 10.5159336, 52.2593787 ], [ 10.5159151, 52.2593847 ], [ 10.5159349, 52.2594189 ], [ 10.5158917, 52.2594329 ], [ 10.5158926, 52.2594597 ], [ 10.5158515, 52.2594773 ], [ 10.5158725, 52.2595135 ], [ 10.5157899, 52.2595606 ], [ 10.5158097, 52.2595947 ], [ 10.5157258, 52.2596397 ], [ 10.5157469, 52.2596759 ], [ 10.5156642, 52.259723 ], [ 10.5156841, 52.2597572 ], [ 10.5156409, 52.2597711 ], [ 10.5156418, 52.2597979 ], [ 10.5156202, 52.2598071 ], [ 10.5156213, 52.2598384 ], [ 10.51556, 52.2598717 ], [ 10.5155798, 52.2599059 ], [ 10.5155366, 52.2599199 ], [ 10.5155375, 52.2599467 ], [ 10.5154964, 52.2599643 ], [ 10.5155174, 52.2600005 ], [ 10.5154742, 52.2600145 ], [ 10.5154751, 52.2600413 ], [ 10.5154575, 52.2600488 ], [ 10.5154764, 52.2600814 ], [ 10.515412, 52.2601124 ], [ 10.5154123, 52.2601225 ], [ 10.5153905, 52.2601228 ], [ 10.5154136, 52.2601626 ], [ 10.5153704, 52.2601766 ], [ 10.5153713, 52.2602034 ], [ 10.5153537, 52.2602109 ], [ 10.5153726, 52.2602436 ], [ 10.5153294, 52.2602575 ], [ 10.5153089, 52.260298 ], [ 10.5152913, 52.2603055 ], [ 10.5153103, 52.2603382 ], [ 10.5152644, 52.2603602 ], [ 10.5152675, 52.2603655 ], [ 10.5152243, 52.2603795 ], [ 10.5152474, 52.2604194 ], [ 10.5152256, 52.2604197 ], [ 10.5152265, 52.2604464 ], [ 10.5151835, 52.2604671 ], [ 10.5151846, 52.2605006 ], [ 10.5151414, 52.2605146 ], [ 10.5151423, 52.2605413 ], [ 10.5151207, 52.2605506 ], [ 10.5151218, 52.2605818 ], [ 10.5150379, 52.2606268 ], [ 10.515059, 52.260663 ], [ 10.5149983, 52.2606922 ], [ 10.5149948, 52.2607041 ], [ 10.5149772, 52.2607116 ], [ 10.5149961, 52.2607442 ], [ 10.5149101, 52.2607856 ], [ 10.5149329, 52.2608121 ], [ 10.5148899, 52.2608327 ], [ 10.5148901, 52.2608394 ], [ 10.5148469, 52.2608534 ], [ 10.5148705, 52.2609067 ], [ 10.514794, 52.2609434 ], [ 10.5147883, 52.2609547 ], [ 10.5148077, 52.2609879 ], [ 10.5147647, 52.2610086 ], [ 10.5147649, 52.2610152 ], [ 10.5147408, 52.26102 ], [ 10.5147294, 52.2610425 ], [ 10.5147448, 52.2610691 ], [ 10.5146609, 52.2611141 ], [ 10.514682, 52.2611503 ], [ 10.5146001, 52.2611965 ], [ 10.5146187, 52.2612181 ], [ 10.5145135, 52.2612768 ], [ 10.5145345, 52.261313 ], [ 10.5144485, 52.2613544 ], [ 10.5144712, 52.2613809 ], [ 10.514428, 52.2613948 ], [ 10.5144289, 52.2614216 ], [ 10.5143885, 52.2614389 ], [ 10.5144084, 52.2614621 ], [ 10.5143652, 52.2614761 ], [ 10.514346, 52.2615567 ], [ 10.5143028, 52.2615707 ], [ 10.5143037, 52.2615974 ], [ 10.5142861, 52.261605 ], [ 10.514305, 52.2616376 ], [ 10.5142592, 52.2616596 ], [ 10.5142623, 52.261665 ], [ 10.514219, 52.2616789 ], [ 10.5142422, 52.2617188 ], [ 10.514199, 52.2617328 ], [ 10.5141999, 52.2617596 ], [ 10.5141823, 52.2617671 ], [ 10.5142012, 52.2617997 ], [ 10.5141542, 52.2618198 ], [ 10.5141584, 52.2618271 ], [ 10.5141366, 52.2618274 ], [ 10.5141379, 52.2618676 ], [ 10.5141598, 52.2618673 ], [ 10.5141602, 52.2618806 ], [ 10.514117, 52.2618946 ], [ 10.5141183, 52.2619348 ], [ 10.5140965, 52.2619351 ], [ 10.5141415, 52.2619747 ], [ 10.5140983, 52.2619886 ], [ 10.5140992, 52.2620154 ], [ 10.5140773, 52.2620157 ], [ 10.5141223, 52.2620553 ], [ 10.5140791, 52.2620693 ], [ 10.5140804, 52.2621094 ], [ 10.5140586, 52.2621097 ], [ 10.5140591, 52.2621231 ], [ 10.5140818, 52.2621496 ], [ 10.5140386, 52.2621636 ], [ 10.514039, 52.2621769 ], [ 10.5140608, 52.2621767 ], [ 10.5140403, 52.2622171 ], [ 10.5140622, 52.2622168 ], [ 10.514063, 52.2622436 ], [ 10.5140198, 52.2622576 ], [ 10.5140203, 52.262271 ], [ 10.5140421, 52.2622707 ], [ 10.5140216, 52.2623111 ], [ 10.5140434, 52.2623108 ], [ 10.5140443, 52.2623376 ], [ 10.5140225, 52.2623379 ], [ 10.5140238, 52.2623781 ], [ 10.5140053, 52.2623841 ], [ 10.5140252, 52.2624182 ], [ 10.5140033, 52.2624185 ], [ 10.5140047, 52.2624587 ], [ 10.5139828, 52.262459 ], [ 10.5139837, 52.2624858 ], [ 10.5140055, 52.2624855 ], [ 10.5139864, 52.2625661 ], [ 10.5139679, 52.2625721 ], [ 10.5139877, 52.2626062 ], [ 10.5139659, 52.2626065 ], [ 10.5139672, 52.2626467 ], [ 10.5139454, 52.262647 ], [ 10.5139681, 52.2626735 ], [ 10.5139899, 52.2626732 ], [ 10.5139904, 52.2626866 ], [ 10.5139472, 52.2627005 ], [ 10.5139489, 52.2627541 ], [ 10.5139708, 52.2627538 ], [ 10.5139516, 52.2628344 ], [ 10.5139957, 52.2628472 ], [ 10.5139748, 52.2628743 ], [ 10.5139529, 52.2628746 ], [ 10.5139538, 52.2629014 ], [ 10.5139756, 52.2629011 ], [ 10.5139765, 52.2629278 ], [ 10.5139984, 52.2629275 ], [ 10.5139993, 52.2629543 ], [ 10.5139774, 52.2629546 ], [ 10.5139997, 52.2629677 ], [ 10.5140006, 52.2629945 ], [ 10.5139788, 52.2629948 ], [ 10.5139796, 52.2630216 ], [ 10.5140237, 52.2630343 ], [ 10.5140242, 52.2630477 ], [ 10.5140024, 52.263048 ], [ 10.5140046, 52.263115 ], [ 10.5140264, 52.2631147 ], [ 10.5140269, 52.2631281 ], [ 10.5140064, 52.2631685 ], [ 10.5140282, 52.2631682 ], [ 10.5140291, 52.263195 ], [ 10.5140732, 52.2632078 ], [ 10.5140736, 52.2632212 ], [ 10.5140518, 52.2632215 ], [ 10.5140536, 52.263275 ], [ 10.5140977, 52.2632878 ], [ 10.5140772, 52.2633283 ], [ 10.514099, 52.263328 ], [ 10.5140999, 52.2633548 ], [ 10.514144, 52.2633676 ], [ 10.5141244, 52.2634348 ], [ 10.5141462, 52.2634345 ], [ 10.5141471, 52.2634613 ], [ 10.5141689, 52.263461 ], [ 10.5141514, 52.2634957 ], [ 10.5141703, 52.2635011 ], [ 10.5141716, 52.2635413 ], [ 10.5141934, 52.263541 ], [ 10.5141734, 52.2635948 ], [ 10.5141952, 52.2635946 ], [ 10.5141965, 52.2636347 ], [ 10.5142184, 52.2636344 ], [ 10.5142193, 52.2636612 ], [ 10.5141974, 52.2636615 ], [ 10.5141997, 52.2637284 ], [ 10.5142215, 52.2637281 ], [ 10.5142219, 52.2637415 ], [ 10.5142014, 52.263782 ], [ 10.5142233, 52.2637817 ], [ 10.5142246, 52.2638218 ], [ 10.5142464, 52.2638216 ], [ 10.5142255, 52.2638486 ], [ 10.51425, 52.2639287 ], [ 10.5142281, 52.2639289 ], [ 10.5142295, 52.2639691 ], [ 10.5142076, 52.2639694 ], [ 10.5142085, 52.2639962 ], [ 10.5142304, 52.2639959 ], [ 10.5142313, 52.2640227 ], [ 10.5142094, 52.264023 ], [ 10.5142116, 52.2640899 ], [ 10.5142335, 52.2640896 ], [ 10.5142339, 52.264103 ], [ 10.5141907, 52.264117 ], [ 10.5141903, 52.2641036 ], [ 10.5140593, 52.2641054 ], [ 10.5140588, 52.264092 ], [ 10.5139933, 52.2640929 ], [ 10.5139929, 52.2640795 ], [ 10.513971, 52.2640798 ], [ 10.5139501, 52.2641068 ], [ 10.5139064, 52.2641074 ], [ 10.5138837, 52.264081 ], [ 10.5137532, 52.2640961 ], [ 10.5137527, 52.2640827 ], [ 10.5136872, 52.2640836 ], [ 10.5136868, 52.2640702 ], [ 10.513665, 52.2640705 ], [ 10.513644, 52.2640976 ], [ 10.5135781, 52.2640851 ], [ 10.5135357, 52.2641259 ], [ 10.5135194, 52.2641261 ], [ 10.5135371, 52.264166 ], [ 10.5135152, 52.2641663 ], [ 10.5135157, 52.2641797 ], [ 10.5135598, 52.2641925 ], [ 10.5135602, 52.2642059 ], [ 10.5135384, 52.2642062 ], [ 10.5135397, 52.2642463 ], [ 10.5135179, 52.2642466 ], [ 10.5135406, 52.2642731 ], [ 10.5135625, 52.2642728 ], [ 10.5135633, 52.2642996 ], [ 10.5135415, 52.2642999 ], [ 10.5135437, 52.2643668 ], [ 10.5135656, 52.2643665 ], [ 10.5135464, 52.2644472 ], [ 10.5135468, 52.2644605 ], [ 10.5135687, 52.2644602 ], [ 10.5135482, 52.2645007 ], [ 10.5135722, 52.2645673 ], [ 10.5135504, 52.2645676 ], [ 10.5135736, 52.2646075 ], [ 10.5135626, 52.2646077 ], [ 10.5135522, 52.2646212 ], [ 10.5135963, 52.264634 ], [ 10.5135771, 52.2647146 ], [ 10.5136212, 52.2647274 ], [ 10.5136045, 52.2647491 ], [ 10.5136221, 52.2647542 ], [ 10.5136234, 52.2647943 ], [ 10.5136675, 52.2648071 ], [ 10.5136475, 52.264861 ], [ 10.5136693, 52.2648607 ], [ 10.5136929, 52.2649139 ], [ 10.5138261, 52.2649791 ], [ 10.5138489, 52.2650056 ], [ 10.5139803, 52.2650172 ], [ 10.5139904, 52.265029 ], [ 10.5140676, 52.265016 ], [ 10.5140467, 52.2650431 ], [ 10.5140903, 52.2650425 ], [ 10.5140906, 52.2650514 ], [ 10.5141126, 52.2650556 ], [ 10.5140939, 52.2651496 ], [ 10.5141166, 52.2651761 ], [ 10.5140734, 52.26519 ], [ 10.5140979, 52.2652701 ], [ 10.5140761, 52.2652704 ], [ 10.5140783, 52.2653373 ], [ 10.5141001, 52.265337 ], [ 10.514101, 52.2653638 ], [ 10.5140578, 52.2653778 ], [ 10.5140582, 52.2653912 ], [ 10.51408, 52.2653909 ], [ 10.5140805, 52.2654042 ], [ 10.514062, 52.2654102 ], [ 10.5140818, 52.2654444 ], [ 10.5140386, 52.2654584 ], [ 10.5140404, 52.2655119 ], [ 10.5140622, 52.2655116 ], [ 10.5140627, 52.265525 ], [ 10.5140631, 52.2655384 ], [ 10.5140413, 52.2655387 ], [ 10.5140435, 52.2656057 ], [ 10.5140653, 52.2656054 ], [ 10.5140662, 52.2656321 ], [ 10.514023, 52.2656461 ], [ 10.5140243, 52.2656863 ], [ 10.5140684, 52.2656991 ], [ 10.5140475, 52.2657261 ], [ 10.5140257, 52.2657264 ], [ 10.5140274, 52.26578 ], [ 10.5140715, 52.2657928 ], [ 10.5140506, 52.2658199 ], [ 10.5140288, 52.2658202 ], [ 10.5140296, 52.2658469 ], [ 10.5140305, 52.2658737 ], [ 10.5140746, 52.2658865 ], [ 10.5140537, 52.2659136 ], [ 10.5140319, 52.2659139 ], [ 10.5140332, 52.265954 ], [ 10.5140773, 52.2659668 ], [ 10.5140564, 52.2659939 ], [ 10.5140345, 52.2659942 ], [ 10.5140363, 52.2660477 ], [ 10.5140804, 52.2660605 ], [ 10.5140595, 52.2660876 ], [ 10.5140376, 52.2660879 ], [ 10.5140381, 52.2661013 ], [ 10.5140599, 52.266101 ], [ 10.5140604, 52.2661144 ], [ 10.5140494, 52.2661145 ], [ 10.514039, 52.2661281 ], [ 10.5140831, 52.2661409 ], [ 10.5140639, 52.2662215 ], [ 10.514108, 52.2662343 ], [ 10.5140904, 52.266269 ], [ 10.5141094, 52.2662744 ], [ 10.5141107, 52.2663146 ], [ 10.5141325, 52.2663143 ], [ 10.5141162, 52.2663494 ], [ 10.5141338, 52.2663545 ], [ 10.5141352, 52.2663946 ], [ 10.5141793, 52.2664074 ], [ 10.5141601, 52.2664881 ], [ 10.5142042, 52.2665008 ], [ 10.5141837, 52.2665413 ], [ 10.5142056, 52.266541 ], [ 10.5142129, 52.2665811 ], [ 10.5142287, 52.2665809 ], [ 10.514217, 52.266604 ], [ 10.5142201, 52.2666212 ], [ 10.5142301, 52.266621 ], [ 10.5142309, 52.2666478 ], [ 10.5142751, 52.2666606 ], [ 10.5142607, 52.2666991 ], [ 10.5142747, 52.2667231 ], [ 10.5143437, 52.2667534 ], [ 10.5143454, 52.266807 ], [ 10.5144118, 52.2668329 ], [ 10.5144184, 52.2668753 ], [ 10.5145018, 52.266912 ], [ 10.5144809, 52.2669391 ], [ 10.5145695, 52.2669781 ], [ 10.5145709, 52.2670182 ], [ 10.5146373, 52.2670441 ], [ 10.5146604, 52.267084 ], [ 10.5147491, 52.267123 ], [ 10.5147504, 52.2671631 ], [ 10.5147723, 52.2671628 ], [ 10.5147727, 52.2671762 ], [ 10.5148391, 52.2672021 ], [ 10.5148618, 52.2672286 ] ], [ [ 10.5288716, 52.2598588 ], [ 10.5282458, 52.2598796 ], [ 10.5282555, 52.2596384 ], [ 10.5283598, 52.2596408 ], [ 10.5283682, 52.2594894 ], [ 10.5287338, 52.2594857 ], [ 10.5288447, 52.2595873 ], [ 10.5288716, 52.2598588 ] ], [ [ 10.5230725, 52.2678823 ], [ 10.5229224, 52.2683988 ], [ 10.5228783, 52.2685149 ], [ 10.5223429, 52.2684426 ], [ 10.5225175, 52.2678592 ], [ 10.5225963, 52.2678268 ], [ 10.5226098, 52.2677826 ], [ 10.5228679, 52.2678159 ], [ 10.5228538, 52.2678557 ], [ 10.5230725, 52.2678823 ] ], [ [ 10.5196977, 52.2648863 ], [ 10.5196714, 52.2647327 ], [ 10.5198435, 52.26473 ], [ 10.5198702, 52.2648795 ], [ 10.5198949, 52.2655092 ], [ 10.5197176, 52.2655139 ], [ 10.5196977, 52.2648863 ] ], [ [ 10.5191722, 52.2645116 ], [ 10.5197048, 52.2646335 ], [ 10.5196409, 52.2647386 ], [ 10.5191079, 52.2646167 ], [ 10.5191722, 52.2645116 ] ], [ [ 10.5160011, 52.262134 ], [ 10.5170924, 52.2621891 ], [ 10.5170746, 52.2623219 ], [ 10.516806, 52.2623083 ], [ 10.5170825, 52.2623373 ], [ 10.5170461, 52.2624673 ], [ 10.5159663, 52.2623543 ], [ 10.5160011, 52.262134 ] ], [ [ 10.5157721, 52.2601021 ], [ 10.5159496, 52.2598871 ], [ 10.5167188, 52.2600996 ], [ 10.5165992, 52.2602692 ], [ 10.5163717, 52.2602345 ], [ 10.5163042, 52.2602338 ], [ 10.5157721, 52.2601021 ] ] ] } },
{ "type": "Feature", "properties": { "zone_id": "bs_zone_ib", "geometry_source": "ordinance_map", "source_url": "https://www.braunschweig.de/leben/stadtplan_verkehr/parken-in-braunschweig/ausweitung-parkgebuehrenpflicht/20251126_Karte-Parkzone-Innenstadt-a-b-2025-01.jpg.scaled/a72c34d0df9f9693b72eca1f31da2e9f.jpg", "source_date": "2026-09-29", "digitised_on": "2026-09-29", "digitising_note": "Traced from the same City of Braunschweig zone map as bs_zone_ia: the green zone-1b fill (pixels with G-R > 12 and G-B > 40, closed by 3 px, holes filled, specks < 400 px dropped), two parts (Wallring; Loewenwall / Windmuehlenberg); georeferenced by an affine fit of the map to OSM street centrelines (Overpass 2026-09-29; 120 windowed chamfer control points, RMS 3.0 px = 4.5 m at 1.49 m/px; px = 0.670924731 E + 0.000373187 N + -406690.105, py = -0.000812658 E + -0.671331978 N + 3889280.876, EPSG:25832, 1920x1450 px image; scripts/curation/parking_zones_2026); simplified 1 m. The city describes 1b as the Wallring without the Theaterumfahrt and the Steintorwall (both belong to 1a). The zone extents are defined by the ParkGO annex map (sec. 2(1); 'Anlage zur ParkGO', published on page 3 of 2_08_Parkgebuehrenordnung_2025.pdf), which also draws zone II; the annex was not digitised in v1 because it could not be georeferenced to an RMS of 10 m or better (best affine fit, about 3.7 m per pixel: 11.1 m RMS between the zone 1a/1b outline of this file and the annex zone lines, 26.8 m RMS at the five BgA car parks as check points), so this overview map is used instead." }, "geometry": { "type": "MultiPolygon", "coordinates": [ [ [ [ 10.5284617, 52.258498 ], [ 10.5284612, 52.2584846 ], [ 10.528483, 52.2584843 ], [ 10.5284835, 52.2584977 ], [ 10.5285271, 52.2584971 ], [ 10.5285276, 52.2585105 ], [ 10.5285713, 52.2585099 ], [ 10.5285708, 52.2584965 ], [ 10.5286358, 52.2584822 ], [ 10.5286586, 52.2585087 ], [ 10.5289205, 52.2585051 ], [ 10.5289878, 52.2585578 ], [ 10.5290542, 52.2585837 ], [ 10.5290554, 52.2586198 ], [ 10.5290996, 52.2586366 ], [ 10.5291019, 52.2587036 ], [ 10.5291683, 52.2587294 ], [ 10.52917, 52.258783 ], [ 10.5292364, 52.2588089 ], [ 10.5292382, 52.2588624 ], [ 10.5293046, 52.2588883 ], [ 10.5293058, 52.2589252 ], [ 10.5293946, 52.2589674 ], [ 10.5293964, 52.259021 ], [ 10.5294628, 52.2590468 ], [ 10.5294644, 52.2590954 ], [ 10.5295087, 52.2591132 ], [ 10.5295299, 52.259161 ], [ 10.5295987, 52.2591923 ], [ 10.5296009, 52.2592592 ], [ 10.5296673, 52.2592851 ], [ 10.5296685, 52.259321 ], [ 10.5297351, 52.2593512 ], [ 10.5297591, 52.2594178 ], [ 10.5298255, 52.2594437 ], [ 10.5298273, 52.2594972 ], [ 10.5298937, 52.2595231 ], [ 10.5298949, 52.2595581 ], [ 10.5299614, 52.2595892 ], [ 10.5299632, 52.2596427 ], [ 10.5300296, 52.2596686 ], [ 10.5300308, 52.2597044 ], [ 10.5300973, 52.2597346 ], [ 10.5301219, 52.2598146 ], [ 10.5301882, 52.2598405 ], [ 10.53019, 52.2598941 ], [ 10.5302341, 52.2599069 ], [ 10.5302578, 52.2599601 ], [ 10.5303242, 52.259986 ], [ 10.530326, 52.2600395 ], [ 10.5303923, 52.2600654 ], [ 10.5303935, 52.2601012 ], [ 10.5304601, 52.2601315 ], [ 10.5304618, 52.2601818 ], [ 10.5305505, 52.260224 ], [ 10.530532, 52.2602479 ], [ 10.530596, 52.2602769 ], [ 10.5305976, 52.2603265 ], [ 10.5306864, 52.2603694 ], [ 10.5306882, 52.260423 ], [ 10.5307546, 52.2604489 ], [ 10.5307564, 52.2605024 ], [ 10.5307783, 52.2605021 ], [ 10.5308549, 52.2605546 ], [ 10.530911, 52.2605539 ], [ 10.5309783, 52.2606065 ], [ 10.5310438, 52.2606056 ], [ 10.5310434, 52.2605922 ], [ 10.5310652, 52.2605919 ], [ 10.5311102, 52.2606315 ], [ 10.5311975, 52.2606303 ], [ 10.5312202, 52.2606568 ], [ 10.5317442, 52.2606496 ], [ 10.5317651, 52.2606225 ], [ 10.5318306, 52.2606216 ], [ 10.5318729, 52.2605809 ], [ 10.5319549, 52.2605797 ], [ 10.5320239, 52.2605252 ], [ 10.5320671, 52.2605112 ], [ 10.5320439, 52.2604714 ], [ 10.5321298, 52.2604268 ], [ 10.5321286, 52.2603898 ], [ 10.5321931, 52.2603622 ], [ 10.5321918, 52.260322 ], [ 10.53217, 52.2603223 ], [ 10.5321691, 52.2602955 ], [ 10.5322123, 52.2602815 ], [ 10.5322105, 52.260228 ], [ 10.5321887, 52.2602283 ], [ 10.5321882, 52.2602149 ], [ 10.53221, 52.2602146 ], [ 10.5322091, 52.2601878 ], [ 10.532231, 52.2601875 ], [ 10.5322296, 52.2601474 ], [ 10.5322728, 52.2601334 ], [ 10.5322938, 52.2601063 ], [ 10.5324902, 52.2601036 ], [ 10.5325112, 52.2600765 ], [ 10.5325548, 52.2600759 ], [ 10.5325775, 52.2601024 ], [ 10.5325994, 52.2601021 ], [ 10.5326203, 52.260075 ], [ 10.5327072, 52.2600605 ], [ 10.5327013, 52.2598864 ], [ 10.5326795, 52.2598867 ], [ 10.5326759, 52.2597796 ], [ 10.5326541, 52.2597799 ], [ 10.5326469, 52.2595657 ], [ 10.5326251, 52.259566 ], [ 10.5326228, 52.2594991 ], [ 10.532601, 52.2594994 ], [ 10.5325738, 52.259339 ], [ 10.5324851, 52.2593001 ], [ 10.5324842, 52.2592733 ], [ 10.5323955, 52.2592343 ], [ 10.5323946, 52.2592075 ], [ 10.532351, 52.2592081 ], [ 10.5323282, 52.2591817 ], [ 10.5322846, 52.2591823 ], [ 10.5322619, 52.2591558 ], [ 10.5322182, 52.2591564 ], [ 10.5322177, 52.259143 ], [ 10.5321741, 52.2591436 ], [ 10.5321514, 52.2591171 ], [ 10.5320854, 52.2591046 ], [ 10.532085, 52.2590913 ], [ 10.5320413, 52.2590919 ], [ 10.531974, 52.2590392 ], [ 10.5319304, 52.2590398 ], [ 10.5319076, 52.2590133 ], [ 10.5317758, 52.2589883 ], [ 10.531753, 52.2589619 ], [ 10.5316871, 52.2589494 ], [ 10.5316867, 52.258936 ], [ 10.5315993, 52.2589372 ], [ 10.5315766, 52.2589107 ], [ 10.5314452, 52.2588991 ], [ 10.5314447, 52.2588857 ], [ 10.5314229, 52.258886 ], [ 10.5314002, 52.2588596 ], [ 10.5313565, 52.2588602 ], [ 10.5313338, 52.2588337 ], [ 10.5312247, 52.2588352 ], [ 10.5312019, 52.2588087 ], [ 10.5310923, 52.2587968 ], [ 10.5310473, 52.2587573 ], [ 10.5310037, 52.2587579 ], [ 10.5309809, 52.2587314 ], [ 10.5309155, 52.2587323 ], [ 10.5308482, 52.2586796 ], [ 10.5308041, 52.2586668 ], [ 10.5308032, 52.2586401 ], [ 10.53067, 52.2585749 ], [ 10.5306691, 52.2585481 ], [ 10.5306027, 52.2585223 ], [ 10.5306018, 52.2584955 ], [ 10.5305799, 52.2584958 ], [ 10.5305568, 52.2584559 ], [ 10.5305127, 52.2584431 ], [ 10.5304886, 52.2583765 ], [ 10.5304445, 52.2583637 ], [ 10.5304427, 52.2583102 ], [ 10.5303986, 52.2582974 ], [ 10.5303522, 52.2582176 ], [ 10.5303304, 52.2582179 ], [ 10.5303027, 52.2580442 ], [ 10.5302809, 52.2580445 ], [ 10.5302791, 52.257991 ], [ 10.5302573, 52.2579913 ], [ 10.5302283, 52.2577774 ], [ 10.5302065, 52.2577776 ], [ 10.5301801, 52.2576441 ], [ 10.5301583, 52.2576444 ], [ 10.5301302, 52.2574572 ], [ 10.5301084, 52.2574575 ], [ 10.5300812, 52.2572972 ], [ 10.5300593, 52.2572975 ], [ 10.5300557, 52.2571904 ], [ 10.5300339, 52.2571907 ], [ 10.530033, 52.2571639 ], [ 10.5300112, 52.2571642 ], [ 10.5300076, 52.2570571 ], [ 10.5299858, 52.2570574 ], [ 10.529984, 52.2570039 ], [ 10.5299622, 52.2570042 ], [ 10.5299599, 52.2569372 ], [ 10.5298713, 52.2568983 ], [ 10.5298708, 52.2568849 ], [ 10.5298271, 52.2568855 ], [ 10.5297821, 52.2568459 ], [ 10.5297385, 52.2568465 ], [ 10.529738, 52.2568331 ], [ 10.5296289, 52.2568346 ], [ 10.5296293, 52.256848 ], [ 10.5295202, 52.2568495 ], [ 10.5295207, 52.2568629 ], [ 10.529346, 52.2568653 ], [ 10.5293465, 52.2568787 ], [ 10.5292373, 52.2568802 ], [ 10.5292378, 52.2568935 ], [ 10.5291068, 52.2568953 ], [ 10.5290859, 52.2569224 ], [ 10.5289335, 52.2569379 ], [ 10.528934, 52.2569513 ], [ 10.5288903, 52.2569519 ], [ 10.5288908, 52.2569653 ], [ 10.5286952, 52.2569947 ], [ 10.5286957, 52.2570081 ], [ 10.528652, 52.2570087 ], [ 10.5286525, 52.2570221 ], [ 10.5285652, 52.2570233 ], [ 10.5285442, 52.2570504 ], [ 10.5284133, 52.2570522 ], [ 10.5284137, 52.2570656 ], [ 10.5283482, 52.2570665 ], [ 10.5283487, 52.2570798 ], [ 10.5282177, 52.2570816 ], [ 10.5282181, 52.257095 ], [ 10.5279562, 52.2570986 ], [ 10.5279567, 52.257112 ], [ 10.5278916, 52.2571263 ], [ 10.5279107, 52.2571591 ], [ 10.5279589, 52.2571789 ], [ 10.5279611, 52.2572459 ], [ 10.5280275, 52.2572717 ], [ 10.5280298, 52.2573387 ], [ 10.5280739, 52.2573515 ], [ 10.5280761, 52.2574184 ], [ 10.5281202, 52.2574312 ], [ 10.528122, 52.2574848 ], [ 10.5281438, 52.2574845 ], [ 10.528167, 52.2575243 ], [ 10.5281888, 52.257524 ], [ 10.5281902, 52.2575642 ], [ 10.5281683, 52.2575645 ], [ 10.5281474, 52.2575916 ], [ 10.5282138, 52.2576174 ], [ 10.5282406, 52.2577644 ], [ 10.5282847, 52.2577772 ], [ 10.5282651, 52.2578444 ], [ 10.5282869, 52.2578441 ], [ 10.5282878, 52.2578709 ], [ 10.5283096, 52.2578706 ], [ 10.52829, 52.2579378 ], [ 10.5283341, 52.2579506 ], [ 10.5283154, 52.2580446 ], [ 10.5283373, 52.2580443 ], [ 10.5283386, 52.2580845 ], [ 10.5283168, 52.2580848 ], [ 10.5283413, 52.2581648 ], [ 10.5282787, 52.2581958 ], [ 10.5282999, 52.2582324 ], [ 10.5282781, 52.2582327 ], [ 10.528279, 52.2582594 ], [ 10.5282358, 52.2582734 ], [ 10.5282594, 52.2583267 ], [ 10.5282162, 52.2583407 ], [ 10.5282189, 52.258421 ], [ 10.5281756, 52.258435 ], [ 10.5281765, 52.2584617 ], [ 10.5282202, 52.2584611 ], [ 10.5282429, 52.2584876 ], [ 10.5283084, 52.2584867 ], [ 10.528308, 52.2584733 ], [ 10.5283298, 52.258473 ], [ 10.5283525, 52.2584995 ], [ 10.5284617, 52.258498 ] ] ], [ [ [ 10.5096327, 52.2663083 ], [ 10.5096982, 52.2663074 ], [ 10.5096987, 52.2663208 ], [ 10.5098306, 52.2663458 ], [ 10.509831, 52.2663592 ], [ 10.5098747, 52.2663586 ], [ 10.5098751, 52.266372 ], [ 10.5099188, 52.2663714 ], [ 10.5099192, 52.2663848 ], [ 10.5099847, 52.2663839 ], [ 10.5100074, 52.2664104 ], [ 10.5100948, 52.2664092 ], [ 10.5101175, 52.2664357 ], [ 10.5101612, 52.2664351 ], [ 10.5101616, 52.2664485 ], [ 10.5102712, 52.2664604 ], [ 10.5102939, 52.2664869 ], [ 10.5103376, 52.2664863 ], [ 10.5103603, 52.2665128 ], [ 10.510404, 52.2665122 ], [ 10.510449, 52.2665517 ], [ 10.5104926, 52.2665512 ], [ 10.5105154, 52.2665776 ], [ 10.510559, 52.266577 ], [ 10.5105595, 52.2665904 ], [ 10.5106031, 52.2665898 ], [ 10.5106036, 52.2666032 ], [ 10.51067, 52.2666291 ], [ 10.5106936, 52.2666824 ], [ 10.5107377, 52.2666952 ], [ 10.5107386, 52.2667219 ], [ 10.5107827, 52.2667347 ], [ 10.510829, 52.2668145 ], [ 10.5108508, 52.2668142 ], [ 10.5108517, 52.266841 ], [ 10.5108735, 52.2668407 ], [ 10.5108967, 52.2668805 ], [ 10.5109185, 52.2668802 ], [ 10.5109435, 52.2669736 ], [ 10.5109876, 52.2669864 ], [ 10.5109894, 52.26704 ], [ 10.5110112, 52.2670397 ], [ 10.5110121, 52.2670665 ], [ 10.5110339, 52.2670662 ], [ 10.5110348, 52.2670929 ], [ 10.5110566, 52.2670927 ], [ 10.5110584, 52.2671462 ], [ 10.5110802, 52.2671459 ], [ 10.5111266, 52.2672256 ], [ 10.5111484, 52.2672253 ], [ 10.5111747, 52.2673589 ], [ 10.5111965, 52.2673586 ], [ 10.5111974, 52.2673854 ], [ 10.5112192, 52.2673851 ], [ 10.511221, 52.2674387 ], [ 10.5112428, 52.2674384 ], [ 10.5112437, 52.2674651 ], [ 10.5112655, 52.2674648 ], [ 10.5112669, 52.267505 ], [ 10.5113332, 52.2675309 ], [ 10.5113564, 52.2675708 ], [ 10.5114001, 52.2675702 ], [ 10.5114451, 52.2676097 ], [ 10.5114887, 52.2676092 ], [ 10.5114892, 52.2676225 ], [ 10.511511, 52.2676222 ], [ 10.5115337, 52.2676487 ], [ 10.5115774, 52.2676481 ], [ 10.5116001, 52.2676746 ], [ 10.5116438, 52.267674 ], [ 10.5117111, 52.2677267 ], [ 10.5117547, 52.2677261 ], [ 10.5117552, 52.2677395 ], [ 10.5118211, 52.267752 ], [ 10.5118438, 52.2677785 ], [ 10.5119316, 52.2677907 ], [ 10.5119766, 52.2678302 ], [ 10.5120421, 52.2678293 ], [ 10.5120648, 52.2678558 ], [ 10.5121303, 52.2678549 ], [ 10.5121531, 52.2678814 ], [ 10.5122186, 52.2678805 ], [ 10.5122413, 52.267907 ], [ 10.5123068, 52.2679061 ], [ 10.5123072, 52.2679195 ], [ 10.5123509, 52.2679189 ], [ 10.5123513, 52.2679323 ], [ 10.512395, 52.2679317 ], [ 10.5124177, 52.2679582 ], [ 10.5124832, 52.2679573 ], [ 10.5125059, 52.2679838 ], [ 10.5125714, 52.2679829 ], [ 10.5125942, 52.2680094 ], [ 10.5126378, 52.2680088 ], [ 10.5126606, 52.2680353 ], [ 10.5127702, 52.2680472 ], [ 10.5128152, 52.2680867 ], [ 10.5129248, 52.2680986 ], [ 10.5129475, 52.2681251 ], [ 10.513013, 52.2681242 ], [ 10.5130357, 52.2681507 ], [ 10.5130794, 52.2681501 ], [ 10.5131244, 52.2681897 ], [ 10.5132117, 52.2681885 ], [ 10.5132344, 52.268215 ], [ 10.5132999, 52.2682141 ], [ 10.5133004, 52.2682275 ], [ 10.5133663, 52.26824 ], [ 10.5133891, 52.2682665 ], [ 10.5134546, 52.2682656 ], [ 10.5134996, 52.2683052 ], [ 10.5135432, 52.2683046 ], [ 10.5135882, 52.2683441 ], [ 10.5136319, 52.2683435 ], [ 10.5136992, 52.2683962 ], [ 10.5137428, 52.2683956 ], [ 10.5137656, 52.2684221 ], [ 10.5138092, 52.2684215 ], [ 10.5138319, 52.268448 ], [ 10.5138756, 52.2684474 ], [ 10.5139429, 52.2685 ], [ 10.5139647, 52.2684997 ], [ 10.5139652, 52.2685131 ], [ 10.5140984, 52.2685783 ], [ 10.5140993, 52.2686051 ], [ 10.5142548, 52.2686833 ], [ 10.5142557, 52.2687101 ], [ 10.5144112, 52.2687883 ], [ 10.5144121, 52.2688151 ], [ 10.5144562, 52.2688279 ], [ 10.5144571, 52.2688547 ], [ 10.5145012, 52.2688675 ], [ 10.5145016, 52.2688809 ], [ 10.5145457, 52.2688937 ], [ 10.5145466, 52.2689204 ], [ 10.5145907, 52.2689332 ], [ 10.5146143, 52.2689865 ], [ 10.5146362, 52.2689862 ], [ 10.5146375, 52.2690264 ], [ 10.5146593, 52.2690261 ], [ 10.5146847, 52.2691329 ], [ 10.5147288, 52.2691457 ], [ 10.5147306, 52.2691992 ], [ 10.5147525, 52.2691989 ], [ 10.514777, 52.2692789 ], [ 10.5147988, 52.2692786 ], [ 10.5148228, 52.2693453 ], [ 10.5148447, 52.269345 ], [ 10.5148701, 52.2694518 ], [ 10.5149142, 52.2694646 ], [ 10.514916, 52.2695181 ], [ 10.5149601, 52.2695309 ], [ 10.5149623, 52.2695979 ], [ 10.5150064, 52.2696107 ], [ 10.5150082, 52.2696642 ], [ 10.51503, 52.2696639 ], [ 10.5150541, 52.2697306 ], [ 10.5150759, 52.2697303 ], [ 10.5150772, 52.2697704 ], [ 10.5150554, 52.2697707 ], [ 10.5150563, 52.2697975 ], [ 10.5150131, 52.2698115 ], [ 10.515014, 52.2698383 ], [ 10.5149707, 52.2698522 ], [ 10.5149716, 52.269879 ], [ 10.5150371, 52.2698781 ], [ 10.5150598, 52.2699046 ], [ 10.5151035, 52.269904 ], [ 10.5151262, 52.2699305 ], [ 10.5151699, 52.2699299 ], [ 10.5151926, 52.2699564 ], [ 10.5152363, 52.2699558 ], [ 10.5152367, 52.2699692 ], [ 10.5153245, 52.2699814 ], [ 10.5153695, 52.2700209 ], [ 10.5154136, 52.2700337 ], [ 10.5154145, 52.2700605 ], [ 10.5156146, 52.2701649 ], [ 10.5156382, 52.2702182 ], [ 10.5157269, 52.2702572 ], [ 10.5157282, 52.2702973 ], [ 10.5157723, 52.2703101 ], [ 10.5157732, 52.2703369 ], [ 10.5158173, 52.2703497 ], [ 10.5158182, 52.2703765 ], [ 10.5158846, 52.2704024 ], [ 10.5158855, 52.2704291 ], [ 10.5159519, 52.270455 ], [ 10.5159751, 52.2704949 ], [ 10.5159969, 52.2704946 ], [ 10.5160045, 52.2707222 ], [ 10.5160263, 52.2707219 ], [ 10.5160476, 52.2713645 ], [ 10.5160258, 52.2713648 ], [ 10.5160231, 52.2719407 ], [ 10.5160013, 52.271941 ], [ 10.516007, 52.2721151 ], [ 10.5159852, 52.2721154 ], [ 10.5160017, 52.2726107 ], [ 10.5160672, 52.2726098 ], [ 10.5160676, 52.2726232 ], [ 10.5162423, 52.2726208 ], [ 10.5162418, 52.2726075 ], [ 10.5164165, 52.2726051 ], [ 10.5164161, 52.2725917 ], [ 10.5166781, 52.2725881 ], [ 10.5166777, 52.2725747 ], [ 10.516896, 52.2725718 ], [ 10.5168956, 52.2725584 ], [ 10.5170484, 52.2725563 ], [ 10.517048, 52.2725429 ], [ 10.5172882, 52.2725397 ], [ 10.5172877, 52.2725263 ], [ 10.5173969, 52.2725248 ], [ 10.5173965, 52.2725114 ], [ 10.517462, 52.2725105 ], [ 10.5174615, 52.2724971 ], [ 10.5176362, 52.2724947 ], [ 10.5176358, 52.2724814 ], [ 10.517745, 52.2724799 ], [ 10.5177445, 52.2724665 ], [ 10.5178537, 52.272465 ], [ 10.5178532, 52.2724516 ], [ 10.5181148, 52.2724347 ], [ 10.5181144, 52.2724213 ], [ 10.5190529, 52.2723951 ], [ 10.5190533, 52.2724085 ], [ 10.5191407, 52.2724073 ], [ 10.5191411, 52.2724207 ], [ 10.5192721, 52.2724189 ], [ 10.5192726, 52.2724323 ], [ 10.5193381, 52.2724314 ], [ 10.5193385, 52.2724448 ], [ 10.5194477, 52.2724433 ], [ 10.5194482, 52.2724567 ], [ 10.5194918, 52.2724561 ], [ 10.5194923, 52.2724695 ], [ 10.5195359, 52.2724689 ], [ 10.5195587, 52.2724954 ], [ 10.5196242, 52.2724945 ], [ 10.5196469, 52.272521 ], [ 10.5196906, 52.2725204 ], [ 10.519691, 52.2725338 ], [ 10.5197574, 52.2725596 ], [ 10.5197583, 52.2725864 ], [ 10.5198247, 52.2726123 ], [ 10.519826, 52.2726525 ], [ 10.5198924, 52.2726783 ], [ 10.5199161, 52.2727316 ], [ 10.5199825, 52.2727575 ], [ 10.5200061, 52.2728107 ], [ 10.5200502, 52.2728235 ], [ 10.5200511, 52.2728503 ], [ 10.5200729, 52.27285 ], [ 10.5200961, 52.2728899 ], [ 10.5201402, 52.2729027 ], [ 10.5201411, 52.2729294 ], [ 10.5201852, 52.2729422 ], [ 10.5201861, 52.272969 ], [ 10.5202302, 52.2729818 ], [ 10.5202316, 52.273022 ], [ 10.5203203, 52.2730609 ], [ 10.5203216, 52.2731011 ], [ 10.520388, 52.273127 ], [ 10.5203884, 52.2731404 ], [ 10.5205199, 52.273152 ], [ 10.5205204, 52.2731654 ], [ 10.520564, 52.2731648 ], [ 10.5205645, 52.2731781 ], [ 10.5206955, 52.2731764 ], [ 10.520695, 52.273163 ], [ 10.5211536, 52.2731567 ], [ 10.5211532, 52.2731433 ], [ 10.521306, 52.2731413 ], [ 10.5213056, 52.2731279 ], [ 10.521786, 52.2731213 ], [ 10.5217864, 52.2731347 ], [ 10.5220266, 52.2731314 ], [ 10.522027, 52.2731448 ], [ 10.5222891, 52.2731412 ], [ 10.5222895, 52.2731546 ], [ 10.5225524, 52.2731778 ], [ 10.5225529, 52.2731912 ], [ 10.5226402, 52.27319 ], [ 10.5226407, 52.2732034 ], [ 10.5227499, 52.2732019 ], [ 10.5227503, 52.2732153 ], [ 10.5229036, 52.2732266 ], [ 10.5229041, 52.27324 ], [ 10.5231229, 52.2732504 ], [ 10.5231233, 52.2732638 ], [ 10.5231888, 52.2732629 ], [ 10.5231893, 52.2732763 ], [ 10.5232984, 52.2732748 ], [ 10.5232989, 52.2732882 ], [ 10.5233426, 52.2732876 ], [ 10.523343, 52.273301 ], [ 10.5235395, 52.2732983 ], [ 10.5235819, 52.2732575 ], [ 10.5236037, 52.2732573 ], [ 10.5236028, 52.2732305 ], [ 10.5236888, 52.2731891 ], [ 10.5236879, 52.2731623 ], [ 10.5237739, 52.273121 ], [ 10.523773, 52.2730942 ], [ 10.5238376, 52.2730665 ], [ 10.5238368, 52.2730398 ], [ 10.5239655, 52.272971 ], [ 10.5239646, 52.2729443 ], [ 10.5239865, 52.272944 ], [ 10.5240074, 52.2729169 ], [ 10.5241148, 52.2728619 ], [ 10.5241139, 52.2728351 ], [ 10.5241571, 52.2728211 ], [ 10.5241562, 52.2727943 ], [ 10.5241995, 52.2727803 ], [ 10.5241986, 52.2727536 ], [ 10.5242846, 52.2727122 ], [ 10.5242837, 52.2726854 ], [ 10.5243697, 52.2726441 ], [ 10.5243688, 52.2726173 ], [ 10.524412, 52.2726033 ], [ 10.5245399, 52.2725078 ], [ 10.52467, 52.2724793 ], [ 10.524691, 52.2724522 ], [ 10.5247346, 52.2724516 ], [ 10.5247342, 52.2724382 ], [ 10.5247779, 52.2724376 ], [ 10.5247774, 52.2724242 ], [ 10.5248429, 52.2724233 ], [ 10.5248852, 52.2723826 ], [ 10.5250158, 52.2723674 ], [ 10.5250154, 52.272354 ], [ 10.525059, 52.2723534 ], [ 10.5250586, 52.27234 ], [ 10.5251459, 52.2723388 ], [ 10.5251669, 52.2723117 ], [ 10.5252542, 52.2723106 ], [ 10.5252752, 52.2722835 ], [ 10.5253625, 52.2722823 ], [ 10.525362, 52.2722689 ], [ 10.5254057, 52.2722683 ], [ 10.5254053, 52.2722549 ], [ 10.5258415, 52.2722356 ], [ 10.5258411, 52.2722222 ], [ 10.5259284, 52.272221 ], [ 10.5259289, 52.2722344 ], [ 10.5260162, 52.2722332 ], [ 10.5260158, 52.2722198 ], [ 10.5264743, 52.2722135 ], [ 10.5264748, 52.2722269 ], [ 10.5266276, 52.2722248 ], [ 10.5266281, 52.2722382 ], [ 10.5267154, 52.272237 ], [ 10.5267159, 52.2722504 ], [ 10.5267377, 52.2722501 ], [ 10.5267372, 52.2722367 ], [ 10.5267591, 52.2722364 ], [ 10.5267595, 52.2722498 ], [ 10.5268683, 52.2722349 ], [ 10.526891, 52.2722614 ], [ 10.5270216, 52.2722462 ], [ 10.5270443, 52.2722727 ], [ 10.5271748, 52.2722575 ], [ 10.5271753, 52.2722709 ], [ 10.5272413, 52.2722834 ], [ 10.5272622, 52.2722563 ], [ 10.527284, 52.272256 ], [ 10.5273068, 52.2722825 ], [ 10.5274596, 52.2722804 ], [ 10.5274805, 52.2722533 ], [ 10.5276766, 52.2722373 ], [ 10.5276762, 52.2722239 ], [ 10.5277198, 52.2722233 ], [ 10.5277408, 52.2721962 ], [ 10.5278067, 52.2722087 ], [ 10.5279346, 52.2721132 ], [ 10.5279564, 52.2721129 ], [ 10.5280202, 52.2720584 ], [ 10.5282345, 52.271935 ], [ 10.528234, 52.2719216 ], [ 10.5282777, 52.271921 ], [ 10.52832, 52.2718802 ], [ 10.5283846, 52.2718525 ], [ 10.5283842, 52.2718392 ], [ 10.5284497, 52.2718383 ], [ 10.5284706, 52.2718112 ], [ 10.5285357, 52.2717969 ], [ 10.5285566, 52.2717698 ], [ 10.5286221, 52.2717689 ], [ 10.5286431, 52.2717419 ], [ 10.5287736, 52.2717267 ], [ 10.5287946, 52.2716996 ], [ 10.5288601, 52.2716987 ], [ 10.5288596, 52.2716853 ], [ 10.5290129, 52.2716966 ], [ 10.5290125, 52.2716832 ], [ 10.5290998, 52.271682 ], [ 10.5291003, 52.2716954 ], [ 10.5292527, 52.2716799 ], [ 10.5292531, 52.2716933 ], [ 10.5293405, 52.2716921 ], [ 10.5293409, 52.2717055 ], [ 10.5294064, 52.2717046 ], [ 10.5294069, 52.271718 ], [ 10.5295379, 52.2717162 ], [ 10.5295383, 52.2717296 ], [ 10.5296038, 52.2717287 ], [ 10.5296043, 52.2717421 ], [ 10.5297794, 52.2717531 ], [ 10.5297799, 52.2717665 ], [ 10.5298458, 52.271779 ], [ 10.5298463, 52.2717923 ], [ 10.5299336, 52.2717911 ], [ 10.5299563, 52.2718176 ], [ 10.5301537, 52.2718417 ], [ 10.5301542, 52.2718551 ], [ 10.5302638, 52.271867 ], [ 10.5302643, 52.2718804 ], [ 10.5303079, 52.2718798 ], [ 10.5303084, 52.2718932 ], [ 10.5304176, 52.2718917 ], [ 10.530418, 52.271905 ], [ 10.5305927, 52.2719027 ], [ 10.5305923, 52.2718893 ], [ 10.5306578, 52.2718884 ], [ 10.5306573, 52.271875 ], [ 10.5306791, 52.2718747 ], [ 10.5306769, 52.2718077 ], [ 10.5306987, 52.2718074 ], [ 10.5306978, 52.2717807 ], [ 10.5307197, 52.2717804 ], [ 10.530712, 52.2715528 ], [ 10.5307339, 52.2715525 ], [ 10.530728, 52.2713784 ], [ 10.5307499, 52.2713781 ], [ 10.53076, 52.2710298 ], [ 10.5307819, 52.2710295 ], [ 10.5307792, 52.2709492 ], [ 10.5308224, 52.2709352 ], [ 10.530821, 52.270895 ], [ 10.5308643, 52.270881 ], [ 10.5308634, 52.2708542 ], [ 10.5309494, 52.2708129 ], [ 10.5309703, 52.2707858 ], [ 10.5310358, 52.2707849 ], [ 10.5310567, 52.2707578 ], [ 10.5311222, 52.2707569 ], [ 10.5311432, 52.2707299 ], [ 10.5312742, 52.2707281 ], [ 10.5312737, 52.2707147 ], [ 10.5313174, 52.2707141 ], [ 10.531317, 52.2707007 ], [ 10.5314698, 52.2706986 ], [ 10.5314693, 52.2706852 ], [ 10.5316222, 52.2706831 ], [ 10.5316431, 52.270656 ], [ 10.5318174, 52.2706403 ], [ 10.5318383, 52.2706132 ], [ 10.5319038, 52.2706123 ], [ 10.5319033, 52.2705989 ], [ 10.531947, 52.2705983 ], [ 10.5319466, 52.2705849 ], [ 10.5320121, 52.270584 ], [ 10.532033, 52.2705569 ], [ 10.5321199, 52.2705423 ], [ 10.5321622, 52.2705016 ], [ 10.5322059, 52.270501 ], [ 10.5322045, 52.2704608 ], [ 10.5322478, 52.2704468 ], [ 10.5322442, 52.2703397 ], [ 10.532266, 52.2703394 ], [ 10.5322642, 52.2702859 ], [ 10.532286, 52.2702856 ], [ 10.5323007, 52.2700711 ], [ 10.5323225, 52.2700708 ], [ 10.5323407, 52.2699634 ], [ 10.5323189, 52.2699637 ], [ 10.5323162, 52.2698834 ], [ 10.5322944, 52.2698837 ], [ 10.5322899, 52.2697498 ], [ 10.532268, 52.2697501 ], [ 10.5322136, 52.2694294 ], [ 10.5321918, 52.2694297 ], [ 10.5321909, 52.2694029 ], [ 10.532169, 52.2694032 ], [ 10.5321413, 52.2692295 ], [ 10.5321195, 52.2692298 ], [ 10.5321177, 52.2691762 ], [ 10.5320959, 52.2691765 ], [ 10.5320691, 52.2690296 ], [ 10.5320473, 52.2690299 ], [ 10.5320464, 52.2690031 ], [ 10.5320682, 52.2690028 ], [ 10.532066, 52.2689358 ], [ 10.5320878, 52.2689356 ], [ 10.5320855, 52.2688686 ], [ 10.5321074, 52.2688683 ], [ 10.5321056, 52.2688148 ], [ 10.5321274, 52.2688145 ], [ 10.5321265, 52.2687877 ], [ 10.5321483, 52.2687874 ], [ 10.5321452, 52.2686937 ], [ 10.5321884, 52.2686797 ], [ 10.5321862, 52.2686128 ], [ 10.5322722, 52.2685714 ], [ 10.5322713, 52.2685446 ], [ 10.5323359, 52.2685169 ], [ 10.5323568, 52.2684899 ], [ 10.5324214, 52.2684622 ], [ 10.5324414, 52.2684083 ], [ 10.5324847, 52.2683944 ], [ 10.5324842, 52.268381 ], [ 10.532613, 52.2683122 ], [ 10.5326121, 52.2682855 ], [ 10.532698, 52.2682441 ], [ 10.5328473, 52.2681349 ], [ 10.5328691, 52.2681346 ], [ 10.5328682, 52.2681078 ], [ 10.5329114, 52.2680938 ], [ 10.5329324, 52.2680668 ], [ 10.5329756, 52.2680528 ], [ 10.5329747, 52.268026 ], [ 10.5330393, 52.2679983 ], [ 10.5330384, 52.2679716 ], [ 10.5330816, 52.2679576 ], [ 10.5330807, 52.2679308 ], [ 10.5331667, 52.2678894 ], [ 10.5331867, 52.2678356 ], [ 10.5332513, 52.2678079 ], [ 10.5332504, 52.2677811 ], [ 10.5332936, 52.2677671 ], [ 10.5332927, 52.2677404 ], [ 10.5333146, 52.2677401 ], [ 10.5333137, 52.2677133 ], [ 10.5333355, 52.267713 ], [ 10.5333328, 52.2676327 ], [ 10.5333546, 52.2676324 ], [ 10.5333533, 52.2675922 ], [ 10.5333751, 52.2675919 ], [ 10.5333342, 52.2663736 ], [ 10.5333124, 52.2663739 ], [ 10.5333128, 52.2663873 ], [ 10.5332328, 52.2663884 ], [ 10.5332045, 52.2664156 ], [ 10.5326146, 52.2664103 ], [ 10.5326151, 52.2664237 ], [ 10.5325496, 52.2664246 ], [ 10.5325268, 52.2663981 ], [ 10.5324832, 52.2663987 ], [ 10.5324836, 52.2664121 ], [ 10.5323963, 52.2664133 ], [ 10.5323958, 52.2663999 ], [ 10.5322871, 52.2664148 ], [ 10.5322644, 52.2663883 ], [ 10.532002, 52.2663785 ], [ 10.5320015, 52.2663652 ], [ 10.5319578, 52.2663658 ], [ 10.5319574, 52.2663524 ], [ 10.5318264, 52.2663542 ], [ 10.5318037, 52.2663277 ], [ 10.53176, 52.2663283 ], [ 10.5317604, 52.2663417 ], [ 10.5316949, 52.2663426 ], [ 10.5316945, 52.2663292 ], [ 10.5316508, 52.2663298 ], [ 10.5316504, 52.2663164 ], [ 10.5315417, 52.2663313 ], [ 10.5315189, 52.2663048 ], [ 10.5314098, 52.2663063 ], [ 10.5313577, 52.2662668 ], [ 10.5312774, 52.2662679 ], [ 10.5312324, 52.2662284 ], [ 10.5311233, 52.2662299 ], [ 10.5311005, 52.2662034 ], [ 10.5310787, 52.2662037 ], [ 10.5310782, 52.2661903 ], [ 10.5310118, 52.2661644 ], [ 10.5310105, 52.2661243 ], [ 10.5309218, 52.2660853 ], [ 10.5309205, 52.2660451 ], [ 10.5308986, 52.2660454 ], [ 10.5308977, 52.2660187 ], [ 10.5308759, 52.266019 ], [ 10.5308737, 52.265952 ], [ 10.5308296, 52.2659392 ], [ 10.5308287, 52.2659125 ], [ 10.5306977, 52.2659143 ], [ 10.5306749, 52.2658878 ], [ 10.5305662, 52.2659027 ], [ 10.5305658, 52.2658893 ], [ 10.5305221, 52.2658899 ], [ 10.5305217, 52.2658765 ], [ 10.5304129, 52.2658914 ], [ 10.5303902, 52.2658649 ], [ 10.5301059, 52.2658554 ], [ 10.5301055, 52.265842 ], [ 10.5299963, 52.2658435 ], [ 10.5299959, 52.2658301 ], [ 10.5299522, 52.2658307 ], [ 10.5299518, 52.2658173 ], [ 10.5298644, 52.2658185 ], [ 10.5298649, 52.2658319 ], [ 10.5298431, 52.2658322 ], [ 10.5298203, 52.2658057 ], [ 10.5297985, 52.265806 ], [ 10.5297989, 52.2658194 ], [ 10.5296679, 52.2658212 ], [ 10.5296684, 52.2658346 ], [ 10.5296467, 52.2658394 ], [ 10.5296484, 52.2658885 ], [ 10.5296265, 52.2658888 ], [ 10.5296279, 52.2659289 ], [ 10.5296497, 52.2659286 ], [ 10.5296502, 52.265942 ], [ 10.5296069, 52.265956 ], [ 10.5296096, 52.2660363 ], [ 10.5295664, 52.2660503 ], [ 10.5295687, 52.2661172 ], [ 10.5295468, 52.2661175 ], [ 10.5295477, 52.2661443 ], [ 10.5295259, 52.2661446 ], [ 10.5295281, 52.2662116 ], [ 10.5294849, 52.2662255 ], [ 10.5294858, 52.2662523 ], [ 10.529464, 52.2662526 ], [ 10.5294872, 52.2662925 ], [ 10.5294439, 52.2663065 ], [ 10.5294462, 52.2663734 ], [ 10.5294244, 52.2663737 ], [ 10.5294252, 52.2664005 ], [ 10.5294034, 52.2664008 ], [ 10.5294057, 52.2664677 ], [ 10.5293624, 52.2664817 ], [ 10.5293633, 52.2665085 ], [ 10.5293415, 52.2665088 ], [ 10.5293647, 52.2665486 ], [ 10.5293215, 52.2665626 ], [ 10.5293237, 52.2666296 ], [ 10.5293019, 52.2666299 ], [ 10.5292818, 52.2666837 ], [ 10.52926, 52.266684 ], [ 10.5292832, 52.2667239 ], [ 10.5292186, 52.2667515 ], [ 10.5292199, 52.2667917 ], [ 10.5292418, 52.2667914 ], [ 10.5292422, 52.2668048 ], [ 10.529199, 52.2668188 ], [ 10.5291799, 52.2668994 ], [ 10.5291366, 52.2669134 ], [ 10.5291393, 52.2669937 ], [ 10.5290961, 52.2670077 ], [ 10.5290984, 52.2670746 ], [ 10.5290765, 52.2670749 ], [ 10.5290774, 52.2671017 ], [ 10.5290556, 52.267102 ], [ 10.5290574, 52.2671556 ], [ 10.5289928, 52.2671832 ], [ 10.5289955, 52.2672636 ], [ 10.5289522, 52.2672775 ], [ 10.5289527, 52.2672909 ], [ 10.5289745, 52.2672906 ], [ 10.5289759, 52.2673308 ], [ 10.5289113, 52.2673585 ], [ 10.5289349, 52.2674117 ], [ 10.5288489, 52.2674531 ], [ 10.5288494, 52.2674665 ], [ 10.5287834, 52.267454 ], [ 10.528783, 52.2674406 ], [ 10.528652, 52.2674424 ], [ 10.5286547, 52.2675227 ], [ 10.5286328, 52.267523 ], [ 10.5286337, 52.2675498 ], [ 10.5286119, 52.2675501 ], [ 10.5286123, 52.2675635 ], [ 10.5286342, 52.2675632 ], [ 10.5286355, 52.2676033 ], [ 10.5285709, 52.267631 ], [ 10.528595, 52.2676976 ], [ 10.5285732, 52.2676979 ], [ 10.528574, 52.2677247 ], [ 10.5285522, 52.267725 ], [ 10.528554, 52.2677786 ], [ 10.5285322, 52.2677789 ], [ 10.5285349, 52.2678592 ], [ 10.5284916, 52.2678732 ], [ 10.5284943, 52.2679535 ], [ 10.5284297, 52.2679812 ], [ 10.528432, 52.2680481 ], [ 10.5283888, 52.2680621 ], [ 10.528391, 52.268129 ], [ 10.5283692, 52.2681293 ], [ 10.5283719, 52.2682096 ], [ 10.52835, 52.2682099 ], [ 10.5283295, 52.2682504 ], [ 10.5283077, 52.2682507 ], [ 10.528309, 52.2682909 ], [ 10.5282658, 52.2683049 ], [ 10.5282685, 52.2683852 ], [ 10.5282254, 52.2684036 ], [ 10.5282271, 52.2684527 ], [ 10.5281625, 52.2684804 ], [ 10.5281643, 52.2685339 ], [ 10.5280997, 52.2685616 ], [ 10.5280787, 52.2685887 ], [ 10.5280351, 52.2685893 ], [ 10.5280346, 52.2685759 ], [ 10.5279687, 52.2685634 ], [ 10.5279682, 52.26855 ], [ 10.5278809, 52.2685512 ], [ 10.5278493, 52.2685238 ], [ 10.5277485, 52.2685128 ], [ 10.5277258, 52.2684864 ], [ 10.5276166, 52.2684879 ], [ 10.5275716, 52.2684483 ], [ 10.5274843, 52.2684495 ], [ 10.5274393, 52.2684099 ], [ 10.5273519, 52.2684111 ], [ 10.5273292, 52.2683846 ], [ 10.5271978, 52.268373 ], [ 10.5271678, 52.2683467 ], [ 10.5271314, 52.2683472 ], [ 10.5271309, 52.2683338 ], [ 10.5270877, 52.2683478 ], [ 10.5270427, 52.2683082 ], [ 10.5269554, 52.2683094 ], [ 10.5269103, 52.2682698 ], [ 10.5268012, 52.2682713 ], [ 10.5267602, 52.2683522 ], [ 10.526717, 52.2683662 ], [ 10.5267179, 52.268393 ], [ 10.5266319, 52.2684344 ], [ 10.5266341, 52.2685013 ], [ 10.5265893, 52.2685207 ], [ 10.5265713, 52.2685825 ], [ 10.5265259, 52.2686023 ], [ 10.526508, 52.2686503 ], [ 10.5264434, 52.268678 ], [ 10.5264666, 52.2687179 ], [ 10.5263807, 52.2687624 ], [ 10.5263829, 52.2688262 ], [ 10.5263184, 52.2688582 ], [ 10.5263196, 52.268894 ], [ 10.526255, 52.2689217 ], [ 10.5262568, 52.2689752 ], [ 10.5262136, 52.2689892 ], [ 10.5262154, 52.2690428 ], [ 10.5261294, 52.2690841 ], [ 10.5261312, 52.2691377 ], [ 10.5260881, 52.2691559 ], [ 10.5260893, 52.2691918 ], [ 10.5260674, 52.2691921 ], [ 10.5260683, 52.2692189 ], [ 10.5260465, 52.2692192 ], [ 10.5260474, 52.269246 ], [ 10.5260042, 52.26926 ], [ 10.5260055, 52.2693001 ], [ 10.5259409, 52.2693278 ], [ 10.5259641, 52.2693676 ], [ 10.5258781, 52.269409 ], [ 10.5259013, 52.2694489 ], [ 10.5258794, 52.2694492 ], [ 10.5258803, 52.2694759 ], [ 10.5258585, 52.2694762 ], [ 10.5258376, 52.2695033 ], [ 10.5258157, 52.2695036 ], [ 10.5258389, 52.2695435 ], [ 10.5257529, 52.2695848 ], [ 10.5257761, 52.2696247 ], [ 10.5257115, 52.2696524 ], [ 10.5257133, 52.2697059 ], [ 10.5256487, 52.2697336 ], [ 10.5256509, 52.2698005 ], [ 10.5256077, 52.2698145 ], [ 10.5256086, 52.2698413 ], [ 10.5255867, 52.2698416 ], [ 10.5255885, 52.2698951 ], [ 10.5255453, 52.2699091 ], [ 10.5255475, 52.2699761 ], [ 10.5255045, 52.2699945 ], [ 10.5255061, 52.2700436 ], [ 10.5254629, 52.2700576 ], [ 10.5254642, 52.2700977 ], [ 10.5254424, 52.270098 ], [ 10.5254433, 52.2701248 ], [ 10.5254215, 52.2701251 ], [ 10.5254019, 52.2701923 ], [ 10.5253586, 52.2702063 ], [ 10.5253377, 52.2702334 ], [ 10.525294, 52.270234 ], [ 10.5251448, 52.2703432 ], [ 10.5250793, 52.2703441 ], [ 10.5250802, 52.2703709 ], [ 10.5250583, 52.2703712 ], [ 10.525016, 52.2704119 ], [ 10.5249723, 52.2704125 ], [ 10.52493, 52.2704533 ], [ 10.5248645, 52.2704542 ], [ 10.5248222, 52.2704949 ], [ 10.5247567, 52.2704958 ], [ 10.524693, 52.2705503 ], [ 10.5246149, 52.2705634 ], [ 10.5245637, 52.2706056 ], [ 10.5245037, 52.2706064 ], [ 10.5244345, 52.2706609 ], [ 10.5243761, 52.2706617 ], [ 10.5243267, 52.2707026 ], [ 10.524218, 52.2707175 ], [ 10.5242184, 52.2707309 ], [ 10.5241752, 52.2707448 ], [ 10.5241756, 52.2707582 ], [ 10.524132, 52.2707588 ], [ 10.5240896, 52.2707996 ], [ 10.5239809, 52.2708145 ], [ 10.5239386, 52.2708552 ], [ 10.5238731, 52.2708561 ], [ 10.5238093, 52.2709106 ], [ 10.5237293, 52.2709117 ], [ 10.5237011, 52.2709388 ], [ 10.5235919, 52.2709403 ], [ 10.5235496, 52.2709811 ], [ 10.5235054, 52.2709683 ], [ 10.5235059, 52.2709817 ], [ 10.5234622, 52.2709823 ], [ 10.5234395, 52.2709558 ], [ 10.5233954, 52.270943 ], [ 10.5233945, 52.2709162 ], [ 10.5233281, 52.2708903 ], [ 10.523306, 52.2708291 ], [ 10.5232599, 52.2708109 ], [ 10.5232586, 52.2707707 ], [ 10.5231922, 52.2707449 ], [ 10.5231904, 52.2706913 ], [ 10.5231685, 52.2706916 ], [ 10.5231672, 52.2706515 ], [ 10.5231231, 52.2706387 ], [ 10.5231436, 52.2705982 ], [ 10.5231217, 52.2705985 ], [ 10.5231208, 52.2705717 ], [ 10.523099, 52.270572 ], [ 10.5230968, 52.2705051 ], [ 10.5230749, 52.2705054 ], [ 10.523074, 52.2704786 ], [ 10.5230522, 52.2704789 ], [ 10.52305, 52.270412 ], [ 10.5230281, 52.2704123 ], [ 10.523021, 52.2701981 ], [ 10.5229992, 52.2701984 ], [ 10.5229987, 52.270185 ], [ 10.5230206, 52.2701847 ], [ 10.5230174, 52.270091 ], [ 10.5230393, 52.2700907 ], [ 10.5230379, 52.2700505 ], [ 10.5230598, 52.2700502 ], [ 10.5230771, 52.269916 ], [ 10.5231202, 52.2698976 ], [ 10.523119, 52.2698619 ], [ 10.5231408, 52.2698616 ], [ 10.5231386, 52.2697946 ], [ 10.5230731, 52.2697955 ], [ 10.5230504, 52.2697691 ], [ 10.5229626, 52.2697569 ], [ 10.522873, 52.2696911 ], [ 10.5227852, 52.2696789 ], [ 10.5227402, 52.2696394 ], [ 10.5226747, 52.2696403 ], [ 10.5226074, 52.2695876 ], [ 10.5225419, 52.2695885 ], [ 10.5224746, 52.2695358 ], [ 10.5224091, 52.2695367 ], [ 10.5223641, 52.2694972 ], [ 10.5223205, 52.2694978 ], [ 10.5222532, 52.2694451 ], [ 10.5221436, 52.2694332 ], [ 10.5220985, 52.2693936 ], [ 10.5220549, 52.2693942 ], [ 10.5220099, 52.2693547 ], [ 10.5219444, 52.2693556 ], [ 10.5218994, 52.269316 ], [ 10.5218116, 52.2693038 ], [ 10.5217391, 52.2692512 ], [ 10.5216788, 52.269252 ], [ 10.5216338, 52.2692125 ], [ 10.521546, 52.2692003 ], [ 10.5214732, 52.2691477 ], [ 10.5214132, 52.2691485 ], [ 10.5213682, 52.2691089 ], [ 10.5213027, 52.2691098 ], [ 10.5212301, 52.2690572 ], [ 10.5211699, 52.2690581 ], [ 10.5211695, 52.2690447 ], [ 10.5210362, 52.2689795 ], [ 10.5210358, 52.2689661 ], [ 10.5210576, 52.2689658 ], [ 10.5210554, 52.2688989 ], [ 10.5210986, 52.2688849 ], [ 10.5210964, 52.268818 ], [ 10.5211182, 52.2688177 ], [ 10.5211173, 52.2687909 ], [ 10.5211391, 52.2687906 ], [ 10.5211374, 52.2687371 ], [ 10.5211806, 52.2687231 ], [ 10.5211779, 52.2686427 ], [ 10.5212425, 52.2686151 ], [ 10.5212403, 52.2685481 ], [ 10.5212835, 52.2685342 ], [ 10.5212808, 52.2684538 ], [ 10.5213252, 52.268435 ], [ 10.5213432, 52.2683592 ], [ 10.521365, 52.2683589 ], [ 10.5213633, 52.2683054 ], [ 10.5214065, 52.2682914 ], [ 10.5214038, 52.2682111 ], [ 10.521447, 52.2681971 ], [ 10.5214452, 52.2681435 ], [ 10.5214671, 52.2681432 ], [ 10.5214662, 52.2681165 ], [ 10.5215094, 52.2681025 ], [ 10.5215072, 52.2680355 ], [ 10.5215504, 52.2680216 ], [ 10.5215482, 52.2679546 ], [ 10.5216126, 52.2679226 ], [ 10.5216114, 52.2678868 ], [ 10.521676, 52.2678591 ], [ 10.5216738, 52.2677922 ], [ 10.521717, 52.2677782 ], [ 10.5217161, 52.2677514 ], [ 10.5217307, 52.2677512 ], [ 10.5217375, 52.2677377 ], [ 10.5217362, 52.2676976 ], [ 10.5217794, 52.2676836 ], [ 10.5217776, 52.2676301 ], [ 10.5218422, 52.2676024 ], [ 10.52184, 52.2675354 ], [ 10.5218832, 52.2675215 ], [ 10.5218814, 52.2674679 ], [ 10.5219246, 52.2674539 ], [ 10.5219238, 52.2674272 ], [ 10.5219383, 52.267427 ], [ 10.5219451, 52.2674135 ], [ 10.5219442, 52.2673867 ], [ 10.5220089, 52.267359 ], [ 10.5219852, 52.2673058 ], [ 10.5220498, 52.2672781 ], [ 10.5220476, 52.2672112 ], [ 10.5220908, 52.2671972 ], [ 10.5220886, 52.2671302 ], [ 10.5221532, 52.2671026 ], [ 10.5221514, 52.267049 ], [ 10.5221946, 52.267035 ], [ 10.5222133, 52.266941 ], [ 10.5222566, 52.2669271 ], [ 10.5222548, 52.2668735 ], [ 10.5222766, 52.2668732 ], [ 10.5222976, 52.2668461 ], [ 10.5222102, 52.2668473 ], [ 10.5221652, 52.2668078 ], [ 10.5220779, 52.2668089 ], [ 10.5220552, 52.2667825 ], [ 10.521946, 52.266784 ], [ 10.521901, 52.2667444 ], [ 10.5217918, 52.2667459 ], [ 10.5217691, 52.2667194 ], [ 10.5216599, 52.2667209 ], [ 10.5216149, 52.2666813 ], [ 10.5213529, 52.2666849 ], [ 10.5213302, 52.2666584 ], [ 10.5212215, 52.2666733 ], [ 10.521221, 52.2666599 ], [ 10.5211774, 52.2666605 ], [ 10.5211769, 52.2666471 ], [ 10.5211551, 52.2666474 ], [ 10.5211555, 52.2666608 ], [ 10.5209804, 52.2666498 ], [ 10.5209809, 52.2666632 ], [ 10.5209372, 52.2666638 ], [ 10.5209368, 52.2666504 ], [ 10.5208713, 52.2666513 ], [ 10.5208717, 52.2666647 ], [ 10.5205442, 52.2666691 ], [ 10.5205447, 52.2666825 ], [ 10.520501, 52.2666831 ], [ 10.5205006, 52.2666697 ], [ 10.5203263, 52.2666855 ], [ 10.5203259, 52.2666721 ], [ 10.5202822, 52.2666727 ], [ 10.5202613, 52.2666998 ], [ 10.5201298, 52.2666882 ], [ 10.5201303, 52.2667016 ], [ 10.5199775, 52.2667036 ], [ 10.5199779, 52.266717 ], [ 10.5198906, 52.2667182 ], [ 10.5198901, 52.2667048 ], [ 10.5198683, 52.2667051 ], [ 10.5198474, 52.2667322 ], [ 10.5195417, 52.2667364 ], [ 10.5195421, 52.2667497 ], [ 10.5194548, 52.2667509 ], [ 10.519433, 52.2667512 ], [ 10.5194325, 52.2667378 ], [ 10.5194107, 52.2667381 ], [ 10.5194111, 52.2667515 ], [ 10.5193675, 52.2667521 ], [ 10.5193679, 52.2667655 ], [ 10.5193243, 52.2667661 ], [ 10.5193238, 52.2667527 ], [ 10.5191933, 52.2667679 ], [ 10.5191928, 52.2667545 ], [ 10.5191491, 52.2667551 ], [ 10.5191496, 52.2667685 ], [ 10.5189531, 52.2667712 ], [ 10.5189535, 52.2667845 ], [ 10.5188221, 52.2667729 ], [ 10.5188225, 52.2667863 ], [ 10.5186915, 52.2667881 ], [ 10.5186911, 52.2667747 ], [ 10.5186693, 52.266775 ], [ 10.5186697, 52.2667884 ], [ 10.5183645, 52.2668059 ], [ 10.5183649, 52.2668193 ], [ 10.5183213, 52.2668199 ], [ 10.5183208, 52.2668065 ], [ 10.5181466, 52.2668223 ], [ 10.5181462, 52.2668089 ], [ 10.5181025, 52.2668095 ], [ 10.5181029, 52.2668229 ], [ 10.5176231, 52.2668428 ], [ 10.5176235, 52.2668562 ], [ 10.5176017, 52.2668565 ], [ 10.5176012, 52.2668431 ], [ 10.5174702, 52.2668449 ], [ 10.5174707, 52.2668583 ], [ 10.5174488, 52.2668586 ], [ 10.5174484, 52.2668452 ], [ 10.5172742, 52.266861 ], [ 10.5172737, 52.2668476 ], [ 10.5172519, 52.2668479 ], [ 10.5172523, 52.2668613 ], [ 10.5172087, 52.2668618 ], [ 10.5172091, 52.2668752 ], [ 10.5171, 52.2668767 ], [ 10.5170995, 52.2668633 ], [ 10.5170777, 52.2668636 ], [ 10.5170781, 52.266877 ], [ 10.5169471, 52.2668788 ], [ 10.5169467, 52.2668654 ], [ 10.5169249, 52.2668657 ], [ 10.5169253, 52.2668791 ], [ 10.5167506, 52.2668815 ], [ 10.5167511, 52.2668949 ], [ 10.5164672, 52.2668987 ], [ 10.5164677, 52.2669121 ], [ 10.516424, 52.2669127 ], [ 10.5164245, 52.2669261 ], [ 10.5163585, 52.2669136 ], [ 10.5163376, 52.2669407 ], [ 10.5162066, 52.2669424 ], [ 10.5161856, 52.2669695 ], [ 10.5161201, 52.2669704 ], [ 10.5161197, 52.266957 ], [ 10.5160979, 52.2669573 ], [ 10.5160983, 52.2669707 ], [ 10.5160114, 52.2669853 ], [ 10.5160119, 52.2669987 ], [ 10.5159459, 52.2669862 ], [ 10.5159464, 52.2669995 ], [ 10.5159027, 52.2670001 ], [ 10.5159031, 52.2670135 ], [ 10.515794, 52.267015 ], [ 10.515773, 52.2670421 ], [ 10.5155115, 52.267059 ], [ 10.5154691, 52.2670998 ], [ 10.515425, 52.267087 ], [ 10.5154255, 52.2671004 ], [ 10.5153885, 52.2671009 ], [ 10.5153609, 52.267128 ], [ 10.5152388, 52.2671422 ], [ 10.5152094, 52.2671703 ], [ 10.515122, 52.2671715 ], [ 10.5151225, 52.2671849 ], [ 10.5150788, 52.2671854 ], [ 10.5150793, 52.2671988 ], [ 10.5149919, 52.2672 ], [ 10.5149282, 52.2672545 ], [ 10.5148627, 52.2672553 ], [ 10.5148623, 52.267242 ], [ 10.5147736, 52.267203 ], [ 10.5147727, 52.2671762 ], [ 10.514684, 52.2671372 ], [ 10.5146827, 52.2670971 ], [ 10.5146609, 52.2670974 ], [ 10.5146604, 52.267084 ], [ 10.514594, 52.2670581 ], [ 10.5145932, 52.2670313 ], [ 10.5145268, 52.2670054 ], [ 10.5145032, 52.2669522 ], [ 10.5144368, 52.2669263 ], [ 10.5144127, 52.2668596 ], [ 10.5143463, 52.2668338 ], [ 10.5143446, 52.2667802 ], [ 10.5143004, 52.2667674 ], [ 10.5142541, 52.2666877 ], [ 10.5142323, 52.266688 ], [ 10.5142056, 52.266541 ], [ 10.5141837, 52.2665413 ], [ 10.5141828, 52.2665145 ], [ 10.514161, 52.2665148 ], [ 10.5141588, 52.2664479 ], [ 10.514137, 52.2664482 ], [ 10.5141338, 52.2663545 ], [ 10.5140897, 52.2663417 ], [ 10.5141094, 52.2662744 ], [ 10.5140652, 52.2662616 ], [ 10.5140626, 52.2661813 ], [ 10.5140407, 52.2661816 ], [ 10.5140399, 52.2661548 ], [ 10.514018, 52.2661551 ], [ 10.5140385, 52.2661147 ], [ 10.5140604, 52.2661144 ], [ 10.5140599, 52.266101 ], [ 10.5140381, 52.2661013 ], [ 10.5140212, 52.2655926 ], [ 10.514043, 52.2655923 ], [ 10.5140422, 52.2655655 ], [ 10.514019, 52.2655256 ], [ 10.5140408, 52.2655253 ], [ 10.5140373, 52.2654182 ], [ 10.5140805, 52.2654042 ], [ 10.51408, 52.2653909 ], [ 10.5140582, 52.2653912 ], [ 10.5140564, 52.2653376 ], [ 10.5140783, 52.2653373 ], [ 10.5140721, 52.2651499 ], [ 10.5140939, 52.2651496 ], [ 10.5140921, 52.265096 ], [ 10.5140703, 52.2650963 ], [ 10.5140698, 52.2650829 ], [ 10.5141097, 52.26507 ], [ 10.5141126, 52.2650556 ], [ 10.5140908, 52.2650559 ], [ 10.5140903, 52.2650425 ], [ 10.514003, 52.2650437 ], [ 10.5139803, 52.2650172 ], [ 10.5138716, 52.2650321 ], [ 10.5138489, 52.2650056 ], [ 10.5138052, 52.2650062 ], [ 10.5136934, 52.2649273 ], [ 10.5136493, 52.2649145 ], [ 10.5136479, 52.2648744 ], [ 10.5136698, 52.2648741 ], [ 10.5136693, 52.2648607 ], [ 10.5136475, 52.264861 ], [ 10.5136466, 52.2648342 ], [ 10.5136248, 52.2648345 ], [ 10.5136221, 52.2647542 ], [ 10.513578, 52.2647414 ], [ 10.5135749, 52.2646477 ], [ 10.5135531, 52.264648 ], [ 10.5135522, 52.2646212 ], [ 10.5135689, 52.2645995 ], [ 10.5135643, 52.2645916 ], [ 10.513529, 52.2645813 ], [ 10.5135272, 52.2645278 ], [ 10.5135491, 52.2645275 ], [ 10.5135486, 52.2645141 ], [ 10.5135477, 52.2644873 ], [ 10.5135259, 52.2644876 ], [ 10.5135451, 52.264407 ], [ 10.5135232, 52.2644073 ], [ 10.5135215, 52.2643537 ], [ 10.5135433, 52.2643534 ], [ 10.5135428, 52.2643401 ], [ 10.513542, 52.2643133 ], [ 10.5135201, 52.2643136 ], [ 10.5135179, 52.2642466 ], [ 10.5135397, 52.2642463 ], [ 10.5135389, 52.2642196 ], [ 10.513517, 52.2642199 ], [ 10.5135152, 52.2641663 ], [ 10.5135371, 52.264166 ], [ 10.5135135, 52.2641128 ], [ 10.5135781, 52.2640851 ], [ 10.5135776, 52.2640717 ], [ 10.5136868, 52.2640702 ], [ 10.5136872, 52.2640836 ], [ 10.5137959, 52.2640687 ], [ 10.5137964, 52.2640821 ], [ 10.5139929, 52.2640795 ], [ 10.5139933, 52.2640929 ], [ 10.5140802, 52.2640783 ], [ 10.5141029, 52.2641048 ], [ 10.5141684, 52.2641039 ], [ 10.514168, 52.2640905 ], [ 10.5142112, 52.2640765 ], [ 10.514209, 52.2640096 ], [ 10.5141871, 52.2640099 ], [ 10.5141867, 52.2639965 ], [ 10.5142085, 52.2639962 ], [ 10.5142076, 52.2639694 ], [ 10.5142295, 52.2639691 ], [ 10.5142286, 52.2639423 ], [ 10.5142068, 52.2639426 ], [ 10.5142255, 52.2638486 ], [ 10.5142036, 52.2638489 ], [ 10.5142023, 52.2638088 ], [ 10.5142241, 52.2638085 ], [ 10.5142233, 52.2637817 ], [ 10.5142014, 52.263782 ], [ 10.5141979, 52.2636749 ], [ 10.514176, 52.2636752 ], [ 10.5141952, 52.2635946 ], [ 10.5141734, 52.2635948 ], [ 10.5141725, 52.2635681 ], [ 10.5141507, 52.2635684 ], [ 10.5141703, 52.2635011 ], [ 10.5141262, 52.2634883 ], [ 10.5141462, 52.2634345 ], [ 10.5141244, 52.2634348 ], [ 10.5141235, 52.263408 ], [ 10.5141017, 52.2634083 ], [ 10.514099, 52.263328 ], [ 10.5140772, 52.2633283 ], [ 10.5140763, 52.2633015 ], [ 10.5140545, 52.2633018 ], [ 10.5140522, 52.2632349 ], [ 10.5140081, 52.2632221 ], [ 10.5140282, 52.2631682 ], [ 10.5140064, 52.2631685 ], [ 10.5139832, 52.2631287 ], [ 10.5139827, 52.2631153 ], [ 10.5140046, 52.263115 ], [ 10.5140028, 52.2630614 ], [ 10.513981, 52.2630617 ], [ 10.5139801, 52.2630349 ], [ 10.5139583, 52.2630352 ], [ 10.5139788, 52.2629948 ], [ 10.5140006, 52.2629945 ], [ 10.5139997, 52.2629677 ], [ 10.5139556, 52.2629549 ], [ 10.5139756, 52.2629011 ], [ 10.5139538, 52.2629014 ], [ 10.5139494, 52.2627675 ], [ 10.5139275, 52.2627678 ], [ 10.5139271, 52.2627544 ], [ 10.5139489, 52.2627541 ], [ 10.5139454, 52.262647 ], [ 10.5139672, 52.2626467 ], [ 10.5139432, 52.2625801 ], [ 10.5139864, 52.2625661 ], [ 10.5139846, 52.2625125 ], [ 10.5139628, 52.2625128 ], [ 10.5139623, 52.2624994 ], [ 10.5139842, 52.2624991 ], [ 10.5139828, 52.262459 ], [ 10.5140047, 52.2624587 ], [ 10.5139806, 52.262392 ], [ 10.5140238, 52.2623781 ], [ 10.5139998, 52.2623114 ], [ 10.5140216, 52.2623111 ], [ 10.5140207, 52.2622843 ], [ 10.5140353, 52.2622841 ], [ 10.5140421, 52.2622707 ], [ 10.5140203, 52.262271 ], [ 10.5140185, 52.2622174 ], [ 10.5140403, 52.2622171 ], [ 10.5140394, 52.2621903 ], [ 10.514054, 52.2621901 ], [ 10.5140608, 52.2621767 ], [ 10.514039, 52.2621769 ], [ 10.5140377, 52.2621368 ], [ 10.5140595, 52.2621365 ], [ 10.5140586, 52.2621097 ], [ 10.5140804, 52.2621094 ], [ 10.5140564, 52.2620428 ], [ 10.5140782, 52.2620425 ], [ 10.5140773, 52.2620157 ], [ 10.5140992, 52.2620154 ], [ 10.5140965, 52.2619351 ], [ 10.5141183, 52.2619348 ], [ 10.5140943, 52.2618681 ], [ 10.5141375, 52.2618542 ], [ 10.5141366, 52.2618274 ], [ 10.5141584, 52.2618271 ], [ 10.5141353, 52.2617872 ], [ 10.5141999, 52.2617596 ], [ 10.5141981, 52.261706 ], [ 10.5142199, 52.2617057 ], [ 10.514219, 52.2616789 ], [ 10.5142623, 52.261665 ], [ 10.5142391, 52.2616251 ], [ 10.5143037, 52.2615974 ], [ 10.5143019, 52.2615439 ], [ 10.5143451, 52.2615299 ], [ 10.5143643, 52.2614493 ], [ 10.5144289, 52.2614216 ], [ 10.5144267, 52.2613547 ], [ 10.5144699, 52.2613407 ], [ 10.51449, 52.2612868 ], [ 10.5145544, 52.261254 ], [ 10.5145532, 52.261219 ], [ 10.5146391, 52.2611745 ], [ 10.5146375, 52.2611241 ], [ 10.5147019, 52.2610921 ], [ 10.5147007, 52.2610563 ], [ 10.5147226, 52.261056 ], [ 10.514743, 52.2610155 ], [ 10.5147649, 52.2610152 ], [ 10.5147631, 52.2609617 ], [ 10.5147849, 52.2609614 ], [ 10.5148054, 52.2609209 ], [ 10.5148273, 52.2609206 ], [ 10.5148469, 52.2608534 ], [ 10.5148901, 52.2608394 ], [ 10.5148883, 52.2607859 ], [ 10.5149315, 52.2607719 ], [ 10.5149302, 52.2607317 ], [ 10.5149948, 52.2607041 ], [ 10.5150144, 52.2606368 ], [ 10.5150789, 52.2606048 ], [ 10.5150777, 52.260569 ], [ 10.5151423, 52.2605413 ], [ 10.5151405, 52.2604878 ], [ 10.5152265, 52.2604464 ], [ 10.5152033, 52.2604066 ], [ 10.5152252, 52.2604063 ], [ 10.5152243, 52.2603795 ], [ 10.5152675, 52.2603655 ], [ 10.5152443, 52.2603257 ], [ 10.5153089, 52.260298 ], [ 10.5153067, 52.2602311 ], [ 10.5153713, 52.2602034 ], [ 10.5153695, 52.2601498 ], [ 10.5153913, 52.2601495 ], [ 10.5153905, 52.2601228 ], [ 10.5154123, 52.2601225 ], [ 10.5154105, 52.2600689 ], [ 10.5154751, 52.2600413 ], [ 10.5154729, 52.2599743 ], [ 10.5155375, 52.2599467 ], [ 10.5155143, 52.2599068 ], [ 10.5155362, 52.2599065 ], [ 10.5155353, 52.2598797 ], [ 10.5155784, 52.2598617 ], [ 10.5155772, 52.2598256 ], [ 10.5156418, 52.2597979 ], [ 10.5156395, 52.259731 ], [ 10.5156843, 52.2597115 ], [ 10.5157024, 52.2596498 ], [ 10.5157668, 52.2596177 ], [ 10.5157652, 52.2595685 ], [ 10.51581, 52.2595491 ], [ 10.515828, 52.2594873 ], [ 10.5158926, 52.2594597 ], [ 10.5158904, 52.2593927 ], [ 10.5159336, 52.2593787 ], [ 10.5159314, 52.2593118 ], [ 10.515994, 52.2592808 ], [ 10.5159728, 52.2592443 ], [ 10.5160587, 52.2591997 ], [ 10.5160575, 52.2591628 ], [ 10.5161007, 52.2591488 ], [ 10.5161198, 52.2590682 ], [ 10.516098, 52.2590685 ], [ 10.5160971, 52.2590417 ], [ 10.5160316, 52.2590426 ], [ 10.5159995, 52.2590148 ], [ 10.5159211, 52.2590039 ], [ 10.5158984, 52.2589774 ], [ 10.5157888, 52.2589655 ], [ 10.5157438, 52.2589259 ], [ 10.5156565, 52.2589271 ], [ 10.5156115, 52.2588876 ], [ 10.5155024, 52.258889 ], [ 10.5154517, 52.2588507 ], [ 10.5153924, 52.2588637 ], [ 10.5153474, 52.2588242 ], [ 10.5152601, 52.2588254 ], [ 10.5152373, 52.2587989 ], [ 10.5151937, 52.2587995 ], [ 10.5151932, 52.2587861 ], [ 10.5151277, 52.258787 ], [ 10.5151273, 52.2587736 ], [ 10.5150836, 52.2587742 ], [ 10.5150832, 52.2587608 ], [ 10.5149959, 52.258762 ], [ 10.5149233, 52.2587094 ], [ 10.5149068, 52.2587096 ], [ 10.5149072, 52.258723 ], [ 10.5148417, 52.2587239 ], [ 10.5147968, 52.2586843 ], [ 10.5147313, 52.2586852 ], [ 10.5147308, 52.2586718 ], [ 10.5146872, 52.2586724 ], [ 10.5146867, 52.258659 ], [ 10.5146431, 52.2586596 ], [ 10.5146123, 52.2586325 ], [ 10.5144671, 52.2586218 ], [ 10.5144444, 52.2585953 ], [ 10.5142479, 52.258598 ], [ 10.5142475, 52.2585846 ], [ 10.5141606, 52.2585992 ], [ 10.5141379, 52.2585727 ], [ 10.5140942, 52.2585733 ], [ 10.5140938, 52.2585599 ], [ 10.5140274, 52.258534 ], [ 10.5140252, 52.2584671 ], [ 10.5139811, 52.2584543 ], [ 10.5140016, 52.2584138 ], [ 10.5140007, 52.2583871 ], [ 10.5139789, 52.2583874 ], [ 10.5139762, 52.258307 ], [ 10.513998, 52.2583067 ], [ 10.513974, 52.2582401 ], [ 10.5140366, 52.2582091 ], [ 10.5140154, 52.2581726 ], [ 10.5141, 52.2581287 ], [ 10.5140783, 52.2580914 ], [ 10.5141428, 52.2580637 ], [ 10.5141625, 52.2579965 ], [ 10.5142251, 52.2579654 ], [ 10.5142039, 52.2579289 ], [ 10.5142899, 52.2578876 ], [ 10.5142667, 52.2578477 ], [ 10.5143313, 52.2578201 ], [ 10.5143295, 52.2577665 ], [ 10.51422, 52.2577546 ], [ 10.5142195, 52.2577412 ], [ 10.5141322, 52.2577424 ], [ 10.5141318, 52.257729 ], [ 10.5140663, 52.2577299 ], [ 10.5140658, 52.2577165 ], [ 10.5139353, 52.2577317 ], [ 10.5139126, 52.2577052 ], [ 10.5138689, 52.2577058 ], [ 10.5138685, 52.2576924 ], [ 10.5138248, 52.257693 ], [ 10.5138244, 52.2576796 ], [ 10.5136934, 52.2576814 ], [ 10.513693, 52.257668 ], [ 10.5136493, 52.2576686 ], [ 10.5136489, 52.2576552 ], [ 10.5135397, 52.2576567 ], [ 10.5135393, 52.2576433 ], [ 10.5133642, 52.2576323 ], [ 10.5133638, 52.2576189 ], [ 10.5132983, 52.2576198 ], [ 10.5132992, 52.2576465 ], [ 10.5132559, 52.2576605 ], [ 10.5132568, 52.2576873 ], [ 10.5132136, 52.2577013 ], [ 10.5132145, 52.2577281 ], [ 10.5131713, 52.257742 ], [ 10.5131303, 52.257823 ], [ 10.5130871, 52.2578369 ], [ 10.513067, 52.2578908 ], [ 10.5130238, 52.2579048 ], [ 10.5130042, 52.257972 ], [ 10.512961, 52.257986 ], [ 10.5129619, 52.2580127 ], [ 10.5129187, 52.2580267 ], [ 10.5128995, 52.2581073 ], [ 10.5128777, 52.2581076 ], [ 10.5128794, 52.2581612 ], [ 10.5128576, 52.2581615 ], [ 10.5128585, 52.2581883 ], [ 10.5128367, 52.2581886 ], [ 10.512838, 52.2582287 ], [ 10.5127948, 52.2582427 ], [ 10.5127966, 52.2582963 ], [ 10.5127747, 52.2582966 ], [ 10.5127761, 52.2583367 ], [ 10.5127542, 52.258337 ], [ 10.512756, 52.2583906 ], [ 10.5127128, 52.2584045 ], [ 10.5126936, 52.2584852 ], [ 10.5126718, 52.2584855 ], [ 10.5126736, 52.258539 ], [ 10.5126304, 52.258553 ], [ 10.5126326, 52.2586199 ], [ 10.5126107, 52.2586202 ], [ 10.5125916, 52.2587008 ], [ 10.5125697, 52.2587011 ], [ 10.5125706, 52.2587279 ], [ 10.5125488, 52.2587282 ], [ 10.5125501, 52.2587684 ], [ 10.5125283, 52.2587687 ], [ 10.5125301, 52.2588222 ], [ 10.5124869, 52.2588362 ], [ 10.5124681, 52.2589302 ], [ 10.5124463, 52.2589305 ], [ 10.5124476, 52.2589707 ], [ 10.5124258, 52.258971 ], [ 10.5124066, 52.2590516 ], [ 10.5123848, 52.2590519 ], [ 10.5123857, 52.2590787 ], [ 10.5123639, 52.259079 ], [ 10.5123648, 52.2591057 ], [ 10.5123429, 52.259106 ], [ 10.5123447, 52.2591596 ], [ 10.5121304, 52.259283 ], [ 10.5121313, 52.2593098 ], [ 10.5121095, 52.2593101 ], [ 10.5120457, 52.2593645 ], [ 10.5120021, 52.2593651 ], [ 10.512003, 52.2593919 ], [ 10.5119811, 52.2593922 ], [ 10.5117891, 52.2595287 ], [ 10.5117245, 52.2595564 ], [ 10.5117254, 52.2595832 ], [ 10.5116608, 52.2596108 ], [ 10.5114688, 52.2597474 ], [ 10.5114251, 52.259748 ], [ 10.511426, 52.2597747 ], [ 10.5113614, 52.2598024 ], [ 10.5113618, 52.2598158 ], [ 10.5111475, 52.2599392 ], [ 10.5111266, 52.2599663 ], [ 10.5110611, 52.2599672 ], [ 10.5110187, 52.2600079 ], [ 10.5108887, 52.2600365 ], [ 10.5108677, 52.2600636 ], [ 10.5108241, 52.2600642 ], [ 10.5108245, 52.2600775 ], [ 10.510759, 52.2600784 ], [ 10.5107381, 52.2601055 ], [ 10.5106512, 52.2601201 ], [ 10.5106516, 52.2601335 ], [ 10.5105866, 52.2601477 ], [ 10.510587, 52.2601611 ], [ 10.5105434, 52.2601617 ], [ 10.5105224, 52.2601888 ], [ 10.5104788, 52.2601894 ], [ 10.5104578, 52.2602164 ], [ 10.5103923, 52.2602173 ], [ 10.5103714, 52.2602444 ], [ 10.5103059, 52.2602453 ], [ 10.5102849, 52.2602724 ], [ 10.5102413, 52.2602729 ], [ 10.5102217, 52.2603402 ], [ 10.5101785, 52.2603542 ], [ 10.5101584, 52.260408 ], [ 10.5101152, 52.260422 ], [ 10.5101161, 52.2604488 ], [ 10.5100728, 52.2604627 ], [ 10.5100528, 52.2605166 ], [ 10.510031, 52.2605169 ], [ 10.5100318, 52.2605437 ], [ 10.5099886, 52.2605576 ], [ 10.5099681, 52.2605981 ], [ 10.5099035, 52.2606258 ], [ 10.5099048, 52.2606659 ], [ 10.509883, 52.2606662 ], [ 10.509863, 52.2607201 ], [ 10.5098197, 52.260734 ], [ 10.50985, 52.2609881 ], [ 10.5098718, 52.2609878 ], [ 10.5098749, 52.2610815 ], [ 10.5098967, 52.2610812 ], [ 10.5098994, 52.2611616 ], [ 10.5099212, 52.2611613 ], [ 10.5099248, 52.2612684 ], [ 10.5099466, 52.2612681 ], [ 10.5099479, 52.2613082 ], [ 10.5099698, 52.2613079 ], [ 10.5099965, 52.2614549 ], [ 10.5100183, 52.2614546 ], [ 10.5100201, 52.2615082 ], [ 10.5100419, 52.2615079 ], [ 10.5100445, 52.2615882 ], [ 10.5100664, 52.2615879 ], [ 10.5100686, 52.2616548 ], [ 10.5100904, 52.2616545 ], [ 10.5100917, 52.2616947 ], [ 10.5101136, 52.2616944 ], [ 10.5101171, 52.2618015 ], [ 10.5101389, 52.2618012 ], [ 10.5101412, 52.2618681 ], [ 10.510163, 52.2618678 ], [ 10.5101652, 52.2619348 ], [ 10.510187, 52.2619345 ], [ 10.5101884, 52.2619747 ], [ 10.5102102, 52.2619744 ], [ 10.5102369, 52.2621213 ], [ 10.5102587, 52.262121 ], [ 10.5103077, 52.2622811 ], [ 10.5103295, 52.2622808 ], [ 10.5103304, 52.2623076 ], [ 10.5103523, 52.2623073 ], [ 10.5103545, 52.2623742 ], [ 10.5103763, 52.2623739 ], [ 10.5103772, 52.2624007 ], [ 10.510399, 52.2624004 ], [ 10.5104008, 52.262454 ], [ 10.5104226, 52.2624537 ], [ 10.5104239, 52.2624938 ], [ 10.5104458, 52.2624935 ], [ 10.510448, 52.2625605 ], [ 10.5104698, 52.2625602 ], [ 10.5104707, 52.2625869 ], [ 10.5104925, 52.2625866 ], [ 10.5104947, 52.2626536 ], [ 10.5104088, 52.2626949 ], [ 10.5104096, 52.2627217 ], [ 10.5103236, 52.262763 ], [ 10.510325, 52.2628032 ], [ 10.5102818, 52.2628172 ], [ 10.5102826, 52.262844 ], [ 10.510218, 52.2628716 ], [ 10.5102189, 52.2628984 ], [ 10.5101543, 52.2629261 ], [ 10.5101556, 52.2629662 ], [ 10.510091, 52.2629939 ], [ 10.5100924, 52.2630341 ], [ 10.5100705, 52.2630343 ], [ 10.5100714, 52.2630611 ], [ 10.5100496, 52.2630614 ], [ 10.5100505, 52.2630882 ], [ 10.5100286, 52.2630885 ], [ 10.5100304, 52.263142 ], [ 10.5099872, 52.263156 ], [ 10.509968, 52.2632366 ], [ 10.5099462, 52.2632369 ], [ 10.5099471, 52.2632637 ], [ 10.5099252, 52.263264 ], [ 10.5099061, 52.2633446 ], [ 10.5098628, 52.2633586 ], [ 10.5098642, 52.2633988 ], [ 10.5098209, 52.2634127 ], [ 10.5098227, 52.2634663 ], [ 10.5098009, 52.2634666 ], [ 10.5098018, 52.2634934 ], [ 10.5097799, 52.2634937 ], [ 10.5097603, 52.2635609 ], [ 10.5097385, 52.2635612 ], [ 10.5097398, 52.2636014 ], [ 10.509718, 52.2636016 ], [ 10.5097189, 52.2636284 ], [ 10.509697, 52.2636287 ], [ 10.5096988, 52.2636823 ], [ 10.5096556, 52.2636962 ], [ 10.5096569, 52.2637364 ], [ 10.5096351, 52.2637367 ], [ 10.509636, 52.2637635 ], [ 10.5096141, 52.2637638 ], [ 10.5095745, 52.2638849 ], [ 10.5095526, 52.2638852 ], [ 10.5095535, 52.2639119 ], [ 10.5095317, 52.2639122 ], [ 10.5095326, 52.263939 ], [ 10.5094893, 52.263953 ], [ 10.5094916, 52.2640199 ], [ 10.5094697, 52.2640202 ], [ 10.5094505, 52.2641008 ], [ 10.5094287, 52.2641011 ], [ 10.5094296, 52.2641279 ], [ 10.5094078, 52.2641282 ], [ 10.509389, 52.2642222 ], [ 10.5093458, 52.2642362 ], [ 10.5093471, 52.2642763 ], [ 10.5093253, 52.2642766 ], [ 10.5093377, 52.2646515 ], [ 10.5093818, 52.2646643 ], [ 10.5093831, 52.2647045 ], [ 10.5094272, 52.2647173 ], [ 10.5094508, 52.2647705 ], [ 10.5094727, 52.2647702 ], [ 10.509474, 52.2648104 ], [ 10.5095181, 52.2648232 ], [ 10.5095194, 52.2648633 ], [ 10.5095635, 52.2648761 ], [ 10.5095649, 52.2649163 ], [ 10.509609, 52.2649291 ], [ 10.5096326, 52.2649823 ], [ 10.5096544, 52.2649821 ], [ 10.5097047, 52.2651823 ], [ 10.5097266, 52.265182 ], [ 10.5097279, 52.2652221 ], [ 10.5097497, 52.2652218 ], [ 10.5097502, 52.2652352 ], [ 10.5097283, 52.2652355 ], [ 10.5097297, 52.2652757 ], [ 10.5097078, 52.265276 ], [ 10.50971, 52.2653429 ], [ 10.5096882, 52.2653432 ], [ 10.5096895, 52.2653834 ], [ 10.5096677, 52.2653837 ], [ 10.5096699, 52.2654506 ], [ 10.5096481, 52.2654509 ], [ 10.5096498, 52.2655045 ], [ 10.509628, 52.2655048 ], [ 10.5096097, 52.2656122 ], [ 10.5095879, 52.2656125 ], [ 10.5095897, 52.265666 ], [ 10.5095678, 52.2656663 ], [ 10.5095692, 52.2657065 ], [ 10.5095473, 52.2657068 ], [ 10.5095495, 52.2657737 ], [ 10.5095277, 52.265774 ], [ 10.5095085, 52.2658546 ], [ 10.5094867, 52.2658549 ], [ 10.509488, 52.2658951 ], [ 10.5094662, 52.2658954 ], [ 10.5094475, 52.2659894 ], [ 10.5094256, 52.2659897 ], [ 10.5094283, 52.26607 ], [ 10.5093851, 52.266084 ], [ 10.5093855, 52.2660974 ], [ 10.5094296, 52.2661102 ], [ 10.509455, 52.266217 ], [ 10.5094991, 52.2662298 ], [ 10.5095222, 52.2662696 ], [ 10.50961, 52.2662818 ], [ 10.5096327, 52.2663083 ] ] ] ] } },
{ "type": "Feature", "properties": { "zone_id": "bs_bga_markthalle", "geometry_source": "ordinance_map", "source_url": "https://www.braunschweig.de/politik_verwaltung/politik/stadtrecht/2_09_Entgeltordnung-BgA-Parkraumbewirtschaftung.pdf", "source_date": "2026-09-29", "digitised_on": "2026-09-29", "digitising_note": "BgA car park 'Markthalle': the lot is named and located by the Entgeltordnung B 660 (Anlage 1 map); its outline is the OSM amenity=parking way 7743381 (name Markthalle, operator Stadt Braunschweig, capacity 70), so the geometry is OSM-derived (ODbL). OSM tags the lot fee=no, the ordinance makes it paid. Overpass 2026-09-29 (OSM base 2026-09-29T05:10:36Z)." }, "geometry": { "type": "Polygon", "coordinates": [ [ [ 10.5230725, 52.2678823 ], [ 10.5228538, 52.2678557 ], [ 10.5228679, 52.2678159 ], [ 10.5226098, 52.2677826 ], [ 10.5225963, 52.2678268 ], [ 10.5225175, 52.2678592 ], [ 10.5223429, 52.2684426 ], [ 10.5228783, 52.2685149 ], [ 10.5229224, 52.2683988 ], [ 10.5230725, 52.2678823 ] ] ] } },
{ "type": "Feature", "properties": { "zone_id": "bs_bga_kannengiesserstrasse", "geometry_source": "osm_fee_tags", "source_url": "https://www.braunschweig.de/politik_verwaltung/politik/stadtrecht/2_09_Entgeltordnung-BgA-Parkraumbewirtschaftung.pdf", "source_date": "2026-09-29", "digitised_on": "2026-09-29", "digitising_note": "BgA car park 'Kannengiesserstrasse' (Entgeltordnung B 660, Anlage 2 map): the fee=yes OSM amenity=parking way(s) 1208730136, 1208730137 at the position drawn in Anlage 2, buffered 5 m. Overpass 2026-09-29 (OSM base 2026-09-29T05:10:36Z)." }, "geometry": { "type": "MultiPolygon", "coordinates": [ [ [ [ 10.5191722, 52.2645116 ], [ 10.5191079, 52.2646167 ], [ 10.5196409, 52.2647386 ], [ 10.5197048, 52.2646335 ], [ 10.5191722, 52.2645116 ] ] ], [ [ [ 10.5196977, 52.2648863 ], [ 10.5197176, 52.2655139 ], [ 10.5198949, 52.2655092 ], [ 10.5198702, 52.2648795 ], [ 10.5198435, 52.26473 ], [ 10.5196714, 52.2647327 ], [ 10.5196977, 52.2648863 ] ] ] ] } },
{ "type": "Feature", "properties": { "zone_id": "bs_bga_an_der_martinikirche", "geometry_source": "osm_fee_tags", "source_url": "https://www.braunschweig.de/politik_verwaltung/politik/stadtrecht/2_09_Entgeltordnung-BgA-Parkraumbewirtschaftung.pdf", "source_date": "2026-09-29", "digitised_on": "2026-09-29", "digitising_note": "BgA car park 'An der Martinikirche' (Entgeltordnung B 660, Anlage 3 map): the fee=yes OSM amenity=parking way(s) 1125907066, 1125907067 at the position drawn in Anlage 3, buffered 5 m. Overpass 2026-09-29 (OSM base 2026-09-29T05:10:36Z)." }, "geometry": { "type": "Polygon", "coordinates": [ [ [ 10.5160011, 52.262134 ], [ 10.5159663, 52.2623543 ], [ 10.5170461, 52.2624673 ], [ 10.5170825, 52.2623373 ], [ 10.516806, 52.2623083 ], [ 10.5170746, 52.2623219 ], [ 10.5170924, 52.2621891 ], [ 10.5160011, 52.262134 ] ] ] } },
{ "type": "Feature", "properties": { "zone_id": "bs_bga_jodutenstrasse_klint", "geometry_source": "osm_fee_tags", "source_url": "https://www.braunschweig.de/politik_verwaltung/politik/stadtrecht/2_09_Entgeltordnung-BgA-Parkraumbewirtschaftung.pdf", "source_date": "2026-09-29", "digitised_on": "2026-09-29", "digitising_note": "BgA car park 'Jodutenstrasse/Klint' (Entgeltordnung B 660, Anlage 4 map): the fee=yes OSM amenity=parking way(s) 128210174 at the position drawn in Anlage 4, buffered 5 m. Overpass 2026-09-29 (OSM base 2026-09-29T05:10:36Z)." }, "geometry": { "type": "Polygon", "coordinates": [ [ [ 10.5288716, 52.2598588 ], [ 10.5288447, 52.2595873 ], [ 10.5287338, 52.2594857 ], [ 10.5283682, 52.2594894 ], [ 10.5283598, 52.2596408 ], [ 10.5282555, 52.2596384 ], [ 10.5282458, 52.2598796 ], [ 10.5288716, 52.2598588 ] ] ] } },
{ "type": "Feature", "properties": { "zone_id": "bs_bga_suedstrasse", "geometry_source": "osm_fee_tags", "source_url": "https://www.braunschweig.de/politik_verwaltung/politik/stadtrecht/2_09_Entgeltordnung-BgA-Parkraumbewirtschaftung.pdf", "source_date": "2026-09-29", "digitised_on": "2026-09-29", "digitising_note": "BgA car park 'Suedstrasse' (Entgeltordnung B 660, Anlage 5 map): the fee=yes OSM amenity=parking way(s) 336899051 at the position drawn in Anlage 5, buffered 5 m. Overpass 2026-09-29 (OSM base 2026-09-29T05:10:36Z)." }, "geometry": { "type": "Polygon", "coordinates": [ [ [ 10.5157721, 52.2601021 ], [ 10.5163042, 52.2602338 ], [ 10.5163717, 52.2602345 ], [ 10.5165992, 52.2602692 ], [ 10.5167188, 52.2600996 ], [ 10.5159496, 52.2598871 ], [ 10.5157721, 52.2601021 ] ] ] } },
{ "type": "Feature", "properties": { "zone_id": "bs_parkscheininsel_marthastrasse_koernerstrasse", "geometry_source": "street_list_buffer", "source_url": "https://www.braunschweig.de/leben/stadtplan_verkehr/parken-in-braunschweig/parkraummanagement.php", "source_date": "2026-09-29", "digitised_on": "2026-09-29", "digitising_note": "Parkscheininsel Marthastrasse/Koernerstrasse of the resident parking concept Stadthalle (named with its tariff on parkraummanagement.php): the sections of the OSM way(s) 8078951, 8078950 (Marthastrasse, Koernerstrasse) spanned by the dark-blue 'Parkgebuehren' kerb lines of the concept plan 202308-Beschilderung-Bestand-PRMK-Stadthalle (Marthastrasse 92 m, Koernerstrasse 103 m), buffered 15 m and dissolved. Plan georeferenced by a similarity fit on 9 street junctions (OSM ways, Overpass 2026-09-29): 0.657 m/px, rotation -0.20 deg, RMS 4.3 px = 2.8 m; the blue pixels within 12 m of the named ways are projected onto them (scripts/curation/parking_zones_2026/digitise_stadthalle_fee_islands.py). Cut out of bs_resident_stadthalle_132 where they overlap. OSM base 2026-09-29T05:10:36Z." }, "geometry": { "type": "Polygon", "coordinates": [ [ [ 10.538642, 52.2604824 ], [ 10.5386197, 52.2604453 ], [ 10.5385809, 52.2604137 ], [ 10.5384888, 52.2603805 ], [ 10.538425, 52.260375 ], [ 10.5383613, 52.2603811 ], [ 10.5383032, 52.2603984 ], [ 10.5382558, 52.2604252 ], [ 10.538216, 52.2604718 ], [ 10.5382083, 52.2605242 ], [ 10.538313, 52.2608366 ], [ 10.5378708, 52.2610409 ], [ 10.537819, 52.2610982 ], [ 10.5378174, 52.2611637 ], [ 10.5378528, 52.2612116 ], [ 10.5378977, 52.26124 ], [ 10.5379747, 52.2612633 ], [ 10.5380602, 52.2612667 ], [ 10.5381595, 52.2612425 ], [ 10.5384723, 52.2611002 ], [ 10.5388502, 52.2613396 ], [ 10.5389286, 52.2613609 ], [ 10.5390353, 52.2613592 ], [ 10.5391119, 52.2613356 ], [ 10.5391679, 52.2612957 ], [ 10.5391947, 52.2612457 ], [ 10.5391883, 52.2611933 ], [ 10.5391497, 52.2611463 ], [ 10.5388436, 52.2609484 ], [ 10.5394026, 52.2608905 ], [ 10.539464, 52.2608783 ], [ 10.5395318, 52.2608461 ], [ 10.5395666, 52.2608128 ], [ 10.5395857, 52.2607615 ], [ 10.5395782, 52.2607222 ], [ 10.5395523, 52.260686 ], [ 10.5395104, 52.2606559 ], [ 10.5394561, 52.2606346 ], [ 10.5393725, 52.2606228 ], [ 10.5387117, 52.2606885 ], [ 10.538642, 52.2604824 ] ] ] } },
{ "type": "Feature", "properties": { "zone_id": "bs_parkscheininsel_gerstaeckerstrasse_kleine_campestrasse", "geometry_source": "street_list_buffer", "source_url": "https://www.braunschweig.de/leben/stadtplan_verkehr/parken-in-braunschweig/parkraummanagement.php", "source_date": "2026-09-29", "digitised_on": "2026-09-29", "digitising_note": "Parkscheininsel Gerstaeckerstrasse/Kleine Campestrasse of the resident parking concept Stadthalle (named with its tariff on parkraummanagement.php): the sections of the OSM way(s) 8078949, 172414540 (Gerstaeckerstrasse, Kleine Campestrasse) spanned by the dark-blue 'Parkgebuehren' kerb lines of the concept plan 202308-Beschilderung-Bestand-PRMK-Stadthalle (Gerstaeckerstrasse 73 m, Kleine Campestrasse 32 m), buffered 15 m and dissolved. Plan georeferenced by a similarity fit on 9 street junctions (OSM ways, Overpass 2026-09-29): 0.657 m/px, rotation -0.20 deg, RMS 4.3 px = 2.8 m; the blue pixels within 12 m of the named ways are projected onto them (scripts/curation/parking_zones_2026/digitise_stadthalle_fee_islands.py). Cut out of bs_resident_stadthalle_132 where they overlap. OSM base 2026-09-29T05:10:36Z." }, "geometry": { "type": "Polygon", "coordinates": [ [ [ 10.53596, 52.2581276 ], [ 10.5359304, 52.2580646 ], [ 10.535856, 52.2580177 ], [ 10.5357967, 52.258002 ], [ 10.5357327, 52.2579976 ], [ 10.5356301, 52.2580157 ], [ 10.5355657, 52.2580505 ], [ 10.535528, 52.2580977 ], [ 10.5355274, 52.2582522 ], [ 10.5352773, 52.2582233 ], [ 10.5352134, 52.2582288 ], [ 10.535155, 52.2582455 ], [ 10.5350939, 52.2582825 ], [ 10.5350606, 52.2583309 ], [ 10.535057, 52.2583704 ], [ 10.5350814, 52.2584209 ], [ 10.5351525, 52.2584697 ], [ 10.5352315, 52.2584902 ], [ 10.535708, 52.2585513 ], [ 10.5362949, 52.258637 ], [ 10.5363804, 52.2586339 ], [ 10.5364398, 52.2586184 ], [ 10.5365027, 52.2585827 ], [ 10.5365386, 52.2585349 ], [ 10.536542, 52.2584823 ], [ 10.5365123, 52.2584329 ], [ 10.5364541, 52.2583943 ], [ 10.5363969, 52.258376 ], [ 10.5359706, 52.2583126 ], [ 10.53596, 52.2581276 ] ] ] } },
{ "type": "Feature", "properties": { "zone_id": "bs_parkscheininsel_mentestrasse", "geometry_source": "street_list_buffer", "source_url": "https://www.braunschweig.de/leben/stadtplan_verkehr/parken-in-braunschweig/parkraummanagement.php", "source_date": "2026-09-29", "digitised_on": "2026-09-29", "digitising_note": "Parkscheininsel Mentestrasse of the resident parking concept Stadthalle (named with its tariff on parkraummanagement.php): the sections of the OSM way(s) 24875087 (Mentestrasse) spanned by the dark-blue 'Parkgebuehren' kerb lines of the concept plan 202308-Beschilderung-Bestand-PRMK-Stadthalle (Mentestrasse 53 m), buffered 15 m and dissolved. Plan georeferenced by a similarity fit on 9 street junctions (OSM ways, Overpass 2026-09-29): 0.657 m/px, rotation -0.20 deg, RMS 4.3 px = 2.8 m; the blue pixels within 12 m of the named ways are projected onto them (scripts/curation/parking_zones_2026/digitise_stadthalle_fee_islands.py). Cut out of bs_resident_stadthalle_132 where they overlap. OSM base 2026-09-29T05:10:36Z." }, "geometry": { "type": "Polygon", "coordinates": [ [ [ 10.5442475, 52.2564556 ], [ 10.5441913, 52.2568681 ], [ 10.5441954, 52.2569076 ], [ 10.5442293, 52.2569559 ], [ 10.5442908, 52.2569926 ], [ 10.5443705, 52.257012 ], [ 10.5444562, 52.2570112 ], [ 10.5445166, 52.2569974 ], [ 10.5445678, 52.2569733 ], [ 10.5446055, 52.2569412 ], [ 10.5446263, 52.2569038 ], [ 10.5446882, 52.2564584 ], [ 10.5446842, 52.2564192 ], [ 10.5446577, 52.2563548 ], [ 10.5446092, 52.2563115 ], [ 10.5445374, 52.2562827 ], [ 10.5444531, 52.2562731 ], [ 10.5443692, 52.256284 ], [ 10.5442985, 52.2563137 ], [ 10.5442517, 52.2563578 ], [ 10.544236, 52.2564095 ], [ 10.5442475, 52.2564556 ] ] ] } },
{ "type": "Feature", "properties": { "zone_id": "bs_resident_stadthalle_132", "geometry_source": "street_list_buffer", "source_url": "https://www.braunschweig.de/leben/stadtplan_verkehr/parken-in-braunschweig/parkraummanagement.php", "source_date": "2026-09-29", "digitised_on": "2026-09-29", "digitising_note": "Resident parking concept 'Stadthalle' (Bewohnerparkzone 132 on the city's Helmstedter Strasse plan): the streets marked 'Bewohnerparken Mischprinzip' on the concept plan 202308-Beschilderung-Bestand-PRMK-Stadthalle (Adolfstrasse, Bertramstrasse, Koernerstrasse, Marthastrasse, Gerstaeckerstrasse, Kleine Campestrasse, Lachmannstrasse, Villierstrasse, Kleine Leonhardstrasse) as OSM ways clipped to E 604550-605250 / N 5790650-5791350 (EPSG:25832), buffered 15 m, dissolved, closed by 60 m, enclosed blocks filled; the fee islands Marthastrasse/Koernerstrasse and Gerstaeckerstrasse/Kleine Campestrasse are cut out (own zones). Street names read from the plan and matched to OSM by name (Overpass 2026-09-29, OSM base 2026-09-29T05:10:36Z); the main roads with unrestricted or short-term parking (Helmstedter Strasse, Leonhardstrasse, St. Leonhard) are not part of the zone." }, "geometry": { "type": "Polygon", "coordinates": [ [ [ 10.5319509, 52.2578642 ], [ 10.531887, 52.2578587 ], [ 10.5318233, 52.2578648 ], [ 10.531748, 52.2578899 ], [ 10.5316941, 52.2579308 ], [ 10.5316729, 52.2579682 ], [ 10.5316735, 52.2580208 ], [ 10.5316957, 52.258058 ], [ 10.5318133, 52.2581638 ], [ 10.5324319, 52.2586065 ], [ 10.533259, 52.2590756 ], [ 10.5335729, 52.2593553 ], [ 10.5336802, 52.2594676 ], [ 10.5337993, 52.2596114 ], [ 10.5339653, 52.2598419 ], [ 10.5344072, 52.2605306 ], [ 10.5344397, 52.2606185 ], [ 10.5349429, 52.2616917 ], [ 10.5352558, 52.2625714 ], [ 10.5352909, 52.2626194 ], [ 10.535372, 52.262662 ], [ 10.5354763, 52.2626761 ], [ 10.5355791, 52.2626584 ], [ 10.5360872, 52.2624147 ], [ 10.5366723, 52.2626471 ], [ 10.5367772, 52.2626591 ], [ 10.5368403, 52.2626509 ], [ 10.5368968, 52.2626319 ], [ 10.5369636, 52.2625807 ], [ 10.5369832, 52.2625163 ], [ 10.5368076, 52.2618381 ], [ 10.5384766, 52.261103 ], [ 10.5394277, 52.2617142 ], [ 10.5395023, 52.2617401 ], [ 10.5396088, 52.261745 ], [ 10.5396701, 52.2617326 ], [ 10.5397377, 52.2617002 ], [ 10.5397799, 52.2616544 ], [ 10.5397905, 52.2616022 ], [ 10.5395278, 52.2608776 ], [ 10.5402611, 52.2608018 ], [ 10.5409076, 52.2609293 ], [ 10.5409716, 52.2609339 ], [ 10.5410351, 52.2609268 ], [ 10.5410925, 52.2609087 ], [ 10.5411616, 52.2608588 ], [ 10.5411841, 52.2607947 ], [ 10.5411726, 52.2607558 ], [ 10.5411431, 52.2607206 ], [ 10.5408568, 52.2605202 ], [ 10.5408015, 52.2604971 ], [ 10.5407374, 52.2604854 ], [ 10.5406706, 52.2604859 ], [ 10.5387117, 52.2606885 ], [ 10.5393725, 52.2606228 ], [ 10.5394561, 52.2606346 ], [ 10.5395104, 52.2606559 ], [ 10.5395523, 52.260686 ], [ 10.5395782, 52.2607222 ], [ 10.5395857, 52.2607615 ], [ 10.5395666, 52.2608128 ], [ 10.5395318, 52.2608461 ], [ 10.539464, 52.2608783 ], [ 10.5394026, 52.2608905 ], [ 10.5388436, 52.2609484 ], [ 10.5391497, 52.2611463 ], [ 10.5391883, 52.2611933 ], [ 10.5391947, 52.2612457 ], [ 10.5391679, 52.2612957 ], [ 10.5391119, 52.2613356 ], [ 10.5390353, 52.2613592 ], [ 10.5389286, 52.2613609 ], [ 10.5388502, 52.2613396 ], [ 10.5384723, 52.2611002 ], [ 10.5381595, 52.2612425 ], [ 10.5380602, 52.2612667 ], [ 10.5379747, 52.2612633 ], [ 10.5378977, 52.26124 ], [ 10.5378528, 52.2612116 ], [ 10.5378174, 52.2611637 ], [ 10.537819, 52.2610982 ], [ 10.5378708, 52.2610409 ], [ 10.538313, 52.2608366 ], [ 10.5382083, 52.2605242 ], [ 10.538216, 52.2604718 ], [ 10.5382558, 52.2604252 ], [ 10.5383032, 52.2603984 ], [ 10.5383613, 52.2603811 ], [ 10.538425, 52.260375 ], [ 10.5384888, 52.2603805 ], [ 10.5385809, 52.2604137 ], [ 10.5386197, 52.2604453 ], [ 10.538642, 52.2604824 ], [ 10.5384393, 52.2598832 ], [ 10.539254, 52.2595702 ], [ 10.5393134, 52.2595323 ], [ 10.5393447, 52.2594833 ], [ 10.5393466, 52.2594438 ], [ 10.5392339, 52.2590688 ], [ 10.5391787, 52.2589997 ], [ 10.5391035, 52.2589389 ], [ 10.5390494, 52.2589127 ], [ 10.5389382, 52.2588751 ], [ 10.5379846, 52.2586173 ], [ 10.5378484, 52.2585882 ], [ 10.5359706, 52.2583126 ], [ 10.5363969, 52.258376 ], [ 10.5364541, 52.2583943 ], [ 10.5365123, 52.2584329 ], [ 10.536542, 52.2584823 ], [ 10.5365386, 52.2585349 ], [ 10.5365027, 52.2585827 ], [ 10.5364398, 52.2586184 ], [ 10.5363804, 52.2586339 ], [ 10.5362949, 52.258637 ], [ 10.535708, 52.2585513 ], [ 10.5352315, 52.2584902 ], [ 10.5351525, 52.2584697 ], [ 10.5350814, 52.2584209 ], [ 10.535057, 52.2583704 ], [ 10.5350606, 52.2583309 ], [ 10.5350939, 52.2582825 ], [ 10.535155, 52.2582455 ], [ 10.5352134, 52.2582288 ], [ 10.5352773, 52.2582233 ], [ 10.5355274, 52.2582522 ], [ 10.535528, 52.2580977 ], [ 10.5355657, 52.2580505 ], [ 10.5356301, 52.2580157 ], [ 10.5357327, 52.2579976 ], [ 10.5357967, 52.258002 ], [ 10.535856, 52.2580177 ], [ 10.5359304, 52.2580646 ], [ 10.53596, 52.2581276 ], [ 10.5359344, 52.2576832 ], [ 10.5358682, 52.2566817 ], [ 10.5358564, 52.2566428 ], [ 10.5358266, 52.2566077 ], [ 10.5357449, 52.2565655 ], [ 10.5356405, 52.256552 ], [ 10.5355379, 52.2565702 ], [ 10.5354615, 52.256616 ], [ 10.5354317, 52.2566653 ], [ 10.5354817, 52.2575637 ], [ 10.5344688, 52.2576072 ], [ 10.5337841, 52.256988 ], [ 10.5336899, 52.2569572 ], [ 10.5335831, 52.2569574 ], [ 10.5335057, 52.2569799 ], [ 10.5334111, 52.2570438 ], [ 10.5333869, 52.2570779 ], [ 10.5333727, 52.2571263 ], [ 10.5333986, 52.257215 ], [ 10.5343547, 52.2583127 ], [ 10.5335668, 52.2587322 ], [ 10.5320268, 52.2578886 ], [ 10.5319509, 52.2578642 ] ] ] } },
{ "type": "Feature", "properties": { "zone_id": "tu_zentralcampus", "geometry_source": "centre_approximation", "source_url": "https://www.tu-braunschweig.de/gb3/parkraumbewirtschaftung/parkbereiche", "source_date": "2026-09-29", "digitised_on": "2026-09-29", "digitising_note": "TU Braunschweig Zentralcampus: OSM amenity=university ways 7972781 and 27059288 (both 'Technische Universitaet Braunschweig - Zentralbereich') and 27092139 ('Mensa 1'); Overpass 2026-09-29 (OSM base 2026-09-29T05:10:36Z). The outline approximates the campus whose TU car parks are ticketed (the GB3 Parkbereiche maps show the camera detection zones inside it); it is not the detection-zone boundary itself." }, "geometry": { "type": "MultiPolygon", "coordinates": [ [ [ [ 10.5340161, 52.2731017 ], [ 10.534475, 52.2731823 ], [ 10.5344348, 52.2732704 ], [ 10.5349017, 52.2733582 ], [ 10.5348135, 52.2735445 ], [ 10.5363357, 52.2738462 ], [ 10.5366738, 52.273202 ], [ 10.5361755, 52.2731037 ], [ 10.5362199, 52.2730036 ], [ 10.5356649, 52.2728698 ], [ 10.5357977, 52.272652 ], [ 10.534528, 52.2722251 ], [ 10.5343539, 52.2724277 ], [ 10.53399, 52.2724503 ], [ 10.5340161, 52.2731017 ] ] ], [ [ [ 10.5317387, 52.2735086 ], [ 10.5314694, 52.2735731 ], [ 10.5313913, 52.2734582 ], [ 10.5311838, 52.2733587 ], [ 10.5307784, 52.2733812 ], [ 10.5307504, 52.2731899 ], [ 10.5312186, 52.2732392 ], [ 10.5313355, 52.2728517 ], [ 10.5290479, 52.2726279 ], [ 10.5292409, 52.2719419 ], [ 10.5289638, 52.2719234 ], [ 10.5288114, 52.2719365 ], [ 10.5278753, 52.2724184 ], [ 10.5277539, 52.2724528 ], [ 10.5276095, 52.2724781 ], [ 10.5274841, 52.2724878 ], [ 10.5271955, 52.2724898 ], [ 10.5269918, 52.27247 ], [ 10.5258589, 52.2724557 ], [ 10.5253803, 52.2725392 ], [ 10.5251674, 52.2725945 ], [ 10.5249158, 52.272691 ], [ 10.5249321, 52.2729315 ], [ 10.5248221, 52.2734457 ], [ 10.5288476, 52.2737655 ], [ 10.5286492, 52.2744381 ], [ 10.5294026, 52.274417 ], [ 10.5293874, 52.2742117 ], [ 10.529484, 52.2741301 ], [ 10.5300822, 52.2741309 ], [ 10.5301707, 52.2741941 ], [ 10.5301862, 52.2743865 ], [ 10.5314091, 52.2743545 ], [ 10.5314139, 52.2739685 ], [ 10.5318058, 52.2739603 ], [ 10.5317387, 52.2735086 ] ] ], [ [ [ 10.5255155, 52.275152 ], [ 10.5263438, 52.2751734 ], [ 10.5263351, 52.2752431 ], [ 10.5265437, 52.2752506 ], [ 10.5265425, 52.2752617 ], [ 10.5271004, 52.2752801 ], [ 10.5271972, 52.2744037 ], [ 10.5265611, 52.2743147 ], [ 10.525601, 52.2743058 ], [ 10.5255155, 52.275152 ] ] ] ] } },
{ "type": "Feature", "properties": { "zone_id": "tu_campus_nord", "geometry_source": "centre_approximation", "source_url": "https://www.tu-braunschweig.de/gb3/parkraumbewirtschaftung/parkbereiche", "source_date": "2026-09-29", "digitised_on": "2026-09-29", "digitising_note": "TU Braunschweig Campus Nord: OSM amenity=university way 8011320 ('TU Braunschweig - Campus Nord'); Overpass 2026-09-29 (OSM base 2026-09-29T05:10:36Z). The outline approximates the campus whose TU car parks are ticketed (the GB3 Parkbereiche maps show the camera detection zones inside it); it is not the detection-zone boundary itself." }, "geometry": { "type": "Polygon", "coordinates": [ [ [ 10.5435979, 52.2856937 ], [ 10.5434928, 52.286116 ], [ 10.5453766, 52.2867192 ], [ 10.5457835, 52.2863788 ], [ 10.5461134, 52.2860709 ], [ 10.5458425, 52.2848555 ], [ 10.5449505, 52.2845798 ], [ 10.5445615, 52.2844484 ], [ 10.5384752, 52.2835624 ], [ 10.5380424, 52.2835968 ], [ 10.5386987, 52.2862986 ], [ 10.5389008, 52.2862839 ], [ 10.5389129, 52.2863327 ], [ 10.5427228, 52.2860165 ], [ 10.542668, 52.2857253 ], [ 10.5434257, 52.2856619 ], [ 10.5435979, 52.2856937 ] ] ] } },
{ "type": "Feature", "properties": { "zone_id": "tu_campus_ost_beethovenstrasse", "geometry_source": "centre_approximation", "source_url": "https://www.tu-braunschweig.de/gb3/parkraumbewirtschaftung/parkbereiche", "source_date": "2026-09-29", "digitised_on": "2026-09-29", "digitising_note": "TU Braunschweig Campus Ost Beethovenstrasse: OSM amenity=university way 8013640 ('TU Braunschweig - Campus Ost'); Overpass 2026-09-29 (OSM base 2026-09-29T05:10:36Z). The outline approximates the campus whose TU car parks are ticketed (the GB3 Parkbereiche maps show the camera detection zones inside it); it is not the detection-zone boundary itself." }, "geometry": { "type": "Polygon", "coordinates": [ [ [ 10.5487255, 52.2855085 ], [ 10.549283, 52.2827302 ], [ 10.5497394, 52.280279 ], [ 10.5449947, 52.2798454 ], [ 10.5441316, 52.2834671 ], [ 10.5453642, 52.2835719 ], [ 10.5459198, 52.283696 ], [ 10.5464809, 52.2838722 ], [ 10.5471805, 52.2841903 ], [ 10.5478015, 52.2845908 ], [ 10.5484599, 52.2853895 ], [ 10.5487255, 52.2855085 ] ] ] } },
{ "type": "Feature", "properties": { "zone_id": "tu_campus_ost_langer_kamp", "geometry_source": "centre_approximation", "source_url": "https://www.tu-braunschweig.de/gb3/parkraumbewirtschaftung/parkbereiche", "source_date": "2026-09-29", "digitised_on": "2026-09-29", "digitising_note": "TU Braunschweig Campus Ost Langer Kamp: OSM amenity=university ways 8011319 ('TU Braunschweig - Campus Ost - Langer Kamp') and 23967822 ('TU Braunschweig', the block south of Hans-Sommer-Strasse); Overpass 2026-09-29 (OSM base 2026-09-29T05:10:36Z). The outline approximates the campus whose TU car parks are ticketed (the GB3 Parkbereiche maps show the camera detection zones inside it); it is not the detection-zone boundary itself." }, "geometry": { "type": "MultiPolygon", "coordinates": [ [ [ [ 10.5397104, 52.2762838 ], [ 10.5419211, 52.2767914 ], [ 10.5425026, 52.275988 ], [ 10.5415816, 52.2757758 ], [ 10.5415517, 52.2758227 ], [ 10.5404684, 52.2755635 ], [ 10.540311, 52.2758291 ], [ 10.5399868, 52.2757645 ], [ 10.5397104, 52.2762838 ] ] ], [ [ [ 10.5365157, 52.2758745 ], [ 10.5360627, 52.2768978 ], [ 10.5361116, 52.2772774 ], [ 10.5359325, 52.2774053 ], [ 10.5364291, 52.2779323 ], [ 10.5363396, 52.2779706 ], [ 10.5364879, 52.2781138 ], [ 10.5366183, 52.2781104 ], [ 10.5368546, 52.2782873 ], [ 10.5374457, 52.2782205 ], [ 10.539563, 52.2786374 ], [ 10.5399959, 52.2787457 ], [ 10.5403932, 52.2779801 ], [ 10.5405007, 52.2780003 ], [ 10.5405369, 52.277917 ], [ 10.5404361, 52.2778974 ], [ 10.5409728, 52.276863 ], [ 10.5365157, 52.2758745 ] ] ] ] } },
{ "type": "Feature", "properties": { "zone_id": "tu_international_house", "geometry_source": "centre_approximation", "source_url": "https://www.tu-braunschweig.de/gb3/parkraumbewirtschaftung/parkbereiche", "source_date": "2026-09-29", "digitised_on": "2026-09-29", "digitising_note": "TU Braunschweig car parks at the International House: the two TU-operated OSM amenity=parking ways 134220301 and 172658383 at Bueltenweg (International House, Bueltenweg 74, per its TU page), matching the two small detection zones west of Brucknerstrasse on the GB3 map 'Campus Ost Langer Kamp', buffered 5 m; Overpass 2026-09-29 (OSM base 2026-09-29T05:10:36Z). The outline approximates the campus whose TU car parks are ticketed (the GB3 Parkbereiche maps show the camera detection zones inside it); it is not the detection-zone boundary itself." }, "geometry": { "type": "MultiPolygon", "coordinates": [ [ [ [ 10.5350463, 52.2760121 ], [ 10.535027, 52.2757628 ], [ 10.5339172, 52.275796 ], [ 10.5339343, 52.2759933 ], [ 10.5343122, 52.2759823 ], [ 10.5343161, 52.2760332 ], [ 10.5350463, 52.2760121 ] ] ], [ [ [ 10.5342059, 52.2770226 ], [ 10.5344168, 52.2773226 ], [ 10.5344358, 52.2773225 ], [ 10.5344376, 52.2773668 ], [ 10.5347444, 52.2773688 ], [ 10.5347606, 52.2769747 ], [ 10.5342555, 52.2769759 ], [ 10.5342591, 52.2770232 ], [ 10.5342059, 52.2770226 ] ] ] ] } },
{ "type": "Feature", "properties": { "zone_id": "tu_forschungsflughafen", "geometry_source": "centre_approximation", "source_url": "https://www.tu-braunschweig.de/gb3/parkraumbewirtschaftung/parkbereiche", "source_date": "2026-09-29", "digitised_on": "2026-09-29", "digitising_note": "TU Braunschweig Campus Forschungsflughafen: OSM amenity=university way 264963238 ('TU Braunschweig - Campus Forschungsflughafen'); Overpass 2026-09-29 (OSM base 2026-09-29T05:10:36Z). The outline approximates the campus whose TU car parks are ticketed (the GB3 Parkbereiche maps show the camera detection zones inside it); it is not the detection-zone boundary itself." }, "geometry": { "type": "Polygon", "coordinates": [ [ [ 10.5414346, 52.3152844 ], [ 10.5435269, 52.3153935 ], [ 10.5437702, 52.3142211 ], [ 10.5479727, 52.3141826 ], [ 10.5479924, 52.3141542 ], [ 10.5491547, 52.3141448 ], [ 10.5493993, 52.3141205 ], [ 10.549363, 52.3134729 ], [ 10.5477216, 52.3134749 ], [ 10.5428756, 52.3135048 ], [ 10.5428821, 52.3138759 ], [ 10.5415582, 52.3138845 ], [ 10.5415696, 52.3141875 ], [ 10.5414346, 52.3152844 ] ] ] } },
{ "type": "Feature", "properties": { "zone_id": "wob_innenstadt", "geometry_source": "osm_fee_tags", "source_url": "https://www.wolfsburg.de/mobilitaetverkehr/parken", "source_date": "2026-09-29", "digitised_on": "2026-09-29", "digitising_note": "OSM fee evidence in the Wolfsburg city centre (the Parkleitsystem areas Norden, Mitte and Sueden of wolfsburg.de): 75 objects (ticket/fee on-street ways buffered 15 m, fee=yes car parks buffered 5 m) inside the window E 620900-622250 / N 5808820-5810290 (EPSG:25832; Mittellandkanal/railway to Siemensstrasse), dissolved, closed by 120 m, enclosed blocks filled, parts < 5000 m2 dropped; Overpass 2026-09-29 (OSM base 2026-09-29T05:11:36Z). The Autostadt car parks north of the canal are outside the window (coverage register)." }, "geometry": { "type": "MultiPolygon", "coordinates": [ [ [ [ 10.7795055, 52.4188969 ], [ 10.7796905, 52.4189886 ], [ 10.7798094, 52.4190754 ], [ 10.7798552, 52.4190868 ], [ 10.7804078, 52.4189676 ], [ 10.7804645, 52.418935 ], [ 10.7799421, 52.4180573 ], [ 10.7799102, 52.4180341 ], [ 10.7798614, 52.4180285 ], [ 10.7793171, 52.4180994 ], [ 10.7788295, 52.4179863 ], [ 10.7787941, 52.4179848 ], [ 10.77778, 52.4182238 ], [ 10.7777938, 52.4185669 ], [ 10.7786388, 52.4183734 ], [ 10.7795055, 52.4188969 ] ] ], [ [ [ 10.783541, 52.4199414 ], [ 10.7845814, 52.4214484 ], [ 10.7837027, 52.4220087 ], [ 10.7836733, 52.4220439 ], [ 10.7836619, 52.4220829 ], [ 10.7836694, 52.4221222 ], [ 10.7836954, 52.4221584 ], [ 10.7837726, 52.4222039 ], [ 10.7838757, 52.4222217 ], [ 10.7860839, 52.4221956 ], [ 10.7856667, 52.4235202 ], [ 10.7856806, 52.4251725 ], [ 10.7830732, 52.4244395 ], [ 10.7820633, 52.4244435 ], [ 10.7815172, 52.4241662 ], [ 10.7807337, 52.4241786 ], [ 10.7806931, 52.4241869 ], [ 10.78067, 52.4242036 ], [ 10.7806624, 52.424225 ], [ 10.7806776, 52.4244947 ], [ 10.7807011, 52.4245261 ], [ 10.7819691, 52.4248601 ], [ 10.7814529, 52.426705 ], [ 10.7781223, 52.42673 ], [ 10.7781331, 52.4269996 ], [ 10.7792444, 52.4269876 ], [ 10.7793939, 52.4280605 ], [ 10.7794342, 52.4281212 ], [ 10.7795165, 52.4281631 ], [ 10.7796215, 52.4281764 ], [ 10.7832754, 52.4280833 ], [ 10.7836229, 52.4289787 ], [ 10.7836586, 52.4290057 ], [ 10.7842627, 52.4290459 ], [ 10.7844008, 52.4290673 ], [ 10.7864934, 52.4292026 ], [ 10.7865436, 52.4291862 ], [ 10.7866526, 52.4290746 ], [ 10.7868259, 52.4289606 ], [ 10.7873026, 52.4285617 ], [ 10.7879354, 52.4284519 ], [ 10.788464, 52.4280792 ], [ 10.7896042, 52.4280489 ], [ 10.7903861, 52.4278033 ], [ 10.7911646, 52.4280014 ], [ 10.7924909, 52.4281665 ], [ 10.7924943, 52.4290509 ], [ 10.7925085, 52.4292178 ], [ 10.7954265, 52.4291735 ], [ 10.7947205, 52.4290326 ], [ 10.7961367, 52.4278103 ], [ 10.7961599, 52.4277597 ], [ 10.7961497, 52.4277075 ], [ 10.7959718, 52.4274866 ], [ 10.7942568, 52.4276875 ], [ 10.7939154, 52.4276974 ], [ 10.7936263, 52.4277276 ], [ 10.7934063, 52.4277397 ], [ 10.792675, 52.4277574 ], [ 10.7921431, 52.4275705 ], [ 10.7920603, 52.4275562 ], [ 10.7896552, 52.4276542 ], [ 10.7902015, 52.4261921 ], [ 10.7901832, 52.4261407 ], [ 10.7894552, 52.4251171 ], [ 10.7912181, 52.4246878 ], [ 10.7915944, 52.4245811 ], [ 10.7923042, 52.4244165 ], [ 10.792552, 52.4243661 ], [ 10.7927203, 52.424349 ], [ 10.7928669, 52.4243487 ], [ 10.7942274, 52.4244096 ], [ 10.794473, 52.4244025 ], [ 10.7950717, 52.4244305 ], [ 10.7956452, 52.4244479 ], [ 10.796323, 52.4244044 ], [ 10.7963814, 52.4243874 ], [ 10.7964293, 52.4243608 ], [ 10.7964625, 52.4243268 ], [ 10.7964791, 52.4242752 ], [ 10.7964695, 52.4242361 ], [ 10.7964289, 52.4241897 ], [ 10.7963623, 52.4241564 ], [ 10.7962799, 52.4241412 ], [ 10.7956205, 52.4241784 ], [ 10.7944927, 52.424133 ], [ 10.7942401, 52.4241398 ], [ 10.792542, 52.4240638 ], [ 10.7922356, 52.423357 ], [ 10.7922116, 52.4233356 ], [ 10.7921722, 52.4233258 ], [ 10.7919262, 52.4233267 ], [ 10.7918875, 52.4233364 ], [ 10.7905026, 52.4240899 ], [ 10.7892733, 52.4231441 ], [ 10.7884925, 52.422744 ], [ 10.7887197, 52.4221054 ], [ 10.7876647, 52.4208218 ], [ 10.7879266, 52.4207526 ], [ 10.787955, 52.4207393 ], [ 10.7879692, 52.4207018 ], [ 10.7879243, 52.4206363 ], [ 10.790291, 52.4205047 ], [ 10.7904927, 52.420466 ], [ 10.7905296, 52.420435 ], [ 10.7906248, 52.4200183 ], [ 10.7911397, 52.4197722 ], [ 10.7911819, 52.4197422 ], [ 10.7912128, 52.4196931 ], [ 10.7912143, 52.4196536 ], [ 10.791197, 52.4196155 ], [ 10.7907027, 52.4189351 ], [ 10.7907834, 52.4185749 ], [ 10.7907777, 52.4185535 ], [ 10.7905521, 52.4183033 ], [ 10.7901872, 52.4181059 ], [ 10.7900671, 52.4178242 ], [ 10.7900258, 52.4177781 ], [ 10.7899588, 52.4177451 ], [ 10.7898546, 52.4177298 ], [ 10.7897907, 52.417736 ], [ 10.7895809, 52.4177898 ], [ 10.7893666, 52.417813 ], [ 10.7864658, 52.4178579 ], [ 10.7863626, 52.4178756 ], [ 10.7862852, 52.4179209 ], [ 10.7862518, 52.4179832 ], [ 10.7862013, 52.4194066 ], [ 10.7839264, 52.4189474 ], [ 10.7838837, 52.418948 ], [ 10.7838536, 52.4189597 ], [ 10.7838344, 52.418983 ], [ 10.7838396, 52.4190089 ], [ 10.7838732, 52.4190306 ], [ 10.7835399, 52.4198888 ], [ 10.783541, 52.4199414 ] ] ] ] } },
{ "type": "Feature", "properties": { "zone_id": "sz_lebenstedt", "geometry_source": "street_list_buffer", "source_url": "https://www.salzgitter.de/rathaus/fachdienste/tiefbau/parken.php", "source_date": "2026-09-29", "digitised_on": "2026-09-29", "digitising_note": "Salzgitter-Lebenstedt centre: the streets with ticket machines named on the city page (Rathausvorplatz at Joachim-Campe-Strasse, Albert-Schweitzer-Strasse, Berliner Strasse, Marienbruchstrasse, Chemnitzer Strasse, car park at Konrad-Adenauer-Strasse) as OSM ways clipped to the centre window E 590300-591450 / N 5778780-5779320 (EPSG:25832), plus the 4 fee=yes car parks in that window; convex hull, buffered 25 m. ASSUMPTION: the page names the machine streets, not their extent; the window limits them to the Lebenstedt centre. Overpass 2026-09-29 (OSM base 2026-09-29T05:11:36Z)." }, "geometry": { "type": "Polygon", "coordinates": [ [ [ 10.3335005, 52.1516697 ], [ 10.3333948, 52.1516531 ], [ 10.3332858, 52.1516564 ], [ 10.3310953, 52.1519288 ], [ 10.3172533, 52.1541058 ], [ 10.3171561, 52.1541307 ], [ 10.3170995, 52.1541564 ], [ 10.3170152, 52.1542252 ], [ 10.3166985, 52.1546282 ], [ 10.3166764, 52.1546912 ], [ 10.3166934, 52.1547761 ], [ 10.3167608, 52.154851 ], [ 10.3168689, 52.154905 ], [ 10.3179291, 52.1552528 ], [ 10.3197429, 52.1558186 ], [ 10.3270956, 52.1571235 ], [ 10.3347979, 52.157041 ], [ 10.3348999, 52.1570309 ], [ 10.335021, 52.156991 ], [ 10.3350702, 52.1569614 ], [ 10.3351251, 52.1569076 ], [ 10.3370823, 52.1541959 ], [ 10.3370996, 52.1541234 ], [ 10.3370558, 52.1527195 ], [ 10.3370291, 52.1526571 ], [ 10.3369956, 52.1526193 ], [ 10.336925, 52.1525716 ], [ 10.3368353, 52.1525381 ], [ 10.3335005, 52.1516697 ] ] ] } },
{ "type": "Feature", "properties": { "zone_id": "pe_innenstadt", "geometry_source": "osm_fee_tags", "source_url": "https://www.peine.de/de/rathaus/stadtportraet/verkehr-und-parken/parkplaetze/parkplatz-luisenstrasse.php", "source_date": "2026-09-29", "digitised_on": "2026-09-29", "digitising_note": "Town centre enclosed by its fee-tagged car parks: convex hull of the 8 OSM fee=yes objects within 400 m of the centroid of the 'Breite Strasse' way(s) (E 583653 / N 5797560, EPSG:25832) and the street Luisenstrasse, buffered 30 m; Overpass 2026-09-29 (OSM base 2026-09-29T05:12:36Z). ASSUMPTION: destinations inside the ring of paid car parks park at them." }, "geometry": { "type": "Polygon", "coordinates": [ [ [ 10.2257866, 52.3186673 ], [ 10.225655, 52.3186764 ], [ 10.2255724, 52.3186958 ], [ 10.2254978, 52.3187248 ], [ 10.2254072, 52.318784 ], [ 10.2253494, 52.3188569 ], [ 10.2233948, 52.3227201 ], [ 10.223378, 52.3227687 ], [ 10.2233807, 52.3228431 ], [ 10.2234164, 52.3229142 ], [ 10.2246264, 52.324501 ], [ 10.2246699, 52.324546 ], [ 10.2247268, 52.324585 ], [ 10.2248324, 52.3246292 ], [ 10.2249124, 52.3246475 ], [ 10.2249967, 52.3246559 ], [ 10.225082, 52.3246542 ], [ 10.2251653, 52.3246425 ], [ 10.2284695, 52.3239618 ], [ 10.2339766, 52.3221136 ], [ 10.2343885, 52.3219275 ], [ 10.2344463, 52.3218882 ], [ 10.2347287, 52.3216515 ], [ 10.2347796, 52.32157 ], [ 10.2349096, 52.3211737 ], [ 10.2348949, 52.3208702 ], [ 10.2348557, 52.32079 ], [ 10.2347782, 52.3207209 ], [ 10.2340724, 52.3203516 ], [ 10.2305787, 52.3189476 ], [ 10.2305006, 52.318928 ], [ 10.2304177, 52.3189179 ], [ 10.2267222, 52.3186897 ], [ 10.2257866, 52.3186673 ] ] ] } },
{ "type": "Feature", "properties": { "zone_id": "he_innenstadt", "geometry_source": "osm_fee_tags", "source_url": "https://www.stadt-helmstedt.de/fileadmin/user_upload/01_Rathaus/Virtuelle_Verwaltung/Ortsrecht_neu/Gebuehrenordnung_Parkscheinautomaten.pdf", "source_date": "2026-09-29", "digitised_on": "2026-09-29", "digitising_note": "Town centre enclosed by its fee-tagged car parks: convex hull of the 13 OSM fee=yes objects within 400 m of the centroid of the 'Markt' way(s) (E 637312 / N 5788285, EPSG:25832), buffered 30 m; Overpass 2026-09-29 (OSM base 2026-09-29T05:13:36Z). ASSUMPTION: destinations inside the ring of paid car parks park at them." }, "geometry": { "type": "Polygon", "coordinates": [ [ [ 11.01155, 52.2245767 ], [ 11.0114581, 52.2245825 ], [ 11.0113701, 52.2246001 ], [ 11.0047925, 52.226398 ], [ 11.0046681, 52.2264492 ], [ 11.0041965, 52.2267253 ], [ 11.0038293, 52.2269605 ], [ 11.0037892, 52.227007 ], [ 11.0037646, 52.2270575 ], [ 11.0037586, 52.2271362 ], [ 11.0039998, 52.2278752 ], [ 11.0055708, 52.2301852 ], [ 11.0056371, 52.2302527 ], [ 11.0057323, 52.2303056 ], [ 11.005808, 52.2303304 ], [ 11.0059325, 52.2303495 ], [ 11.0069295, 52.230409 ], [ 11.0070178, 52.2304033 ], [ 11.0075513, 52.230334 ], [ 11.0141602, 52.2290699 ], [ 11.0147033, 52.2289363 ], [ 11.0147752, 52.2289078 ], [ 11.0148627, 52.2288503 ], [ 11.0149044, 52.2288044 ], [ 11.0149378, 52.2287284 ], [ 11.0149395, 52.2286759 ], [ 11.014911, 52.2285991 ], [ 11.0125202, 52.2248236 ], [ 11.0124771, 52.224781 ], [ 11.0123903, 52.2247282 ], [ 11.0120258, 52.2245953 ], [ 11.0119096, 52.2245785 ], [ 11.01155, 52.2245767 ] ] ] } },
{ "type": "Feature", "properties": { "zone_id": "gs_altstadt_zone1", "geometry_source": "centre_approximation", "source_url": "https://www.goslar.de/fileadmin/media-goslar/stadt/ortsrecht-satzungen/oeffentliche_sicherheit-ordnung/20250624_gebuehrenordnung_ueber_das_parken_an_parkscheinautomaten_in_der_stadt_goslar_vom_24.06.2025.pdf", "source_date": "2026-09-29", "digitised_on": "2026-09-29", "digitising_note": "Goslar Altstadt, parking zone 1 ('the inner-city area with the central shopping and business streets' in the city's announcement of the 2026 fees, reported by regionalheute.de on 2025-12-30): convex hull of the car-network ways named Rosentorstrasse, Petersilienstrasse, Baeckerstrasse, Marktstrasse, Hoher Weg, Breite Strasse, Kornstrasse. ASSUMPTION: these old-town shopping streets stand for zone 1; the city publishes no street list, buffered 40 m. Street geometry from the car network of the local MATSim scenario (eqasim-data/output_bs, 2026-04-29; OSM-derived links with osm:way:name) because the Overpass request of 2026-09-29 for this municipality failed with HTTP 504 and was not repeated (at most one request per municipality)." }, "geometry": { "type": "Polygon", "coordinates": [ [ [ 10.4282321, 51.9031834 ], [ 10.4280856, 51.9031282 ], [ 10.4279761, 51.9031073 ], [ 10.427862, 51.9031 ], [ 10.4276922, 51.9031153 ], [ 10.4275371, 51.9031606 ], [ 10.422945, 51.9054907 ], [ 10.4228322, 51.9055673 ], [ 10.4227788, 51.9056281 ], [ 10.4227362, 51.9057283 ], [ 10.4227344, 51.9057974 ], [ 10.4233518, 51.9105487 ], [ 10.423392, 51.9106541 ], [ 10.4234811, 51.9107474 ], [ 10.4235639, 51.9107985 ], [ 10.4236616, 51.9108384 ], [ 10.4238272, 51.9108736 ], [ 10.4239439, 51.9108794 ], [ 10.4365995, 51.9107103 ], [ 10.4367166, 51.9107013 ], [ 10.4368283, 51.9106779 ], [ 10.4380512, 51.9103327 ], [ 10.4381998, 51.9102722 ], [ 10.4383119, 51.9101868 ], [ 10.4383771, 51.9100844 ], [ 10.4383923, 51.9099665 ], [ 10.43837, 51.9098616 ], [ 10.4381145, 51.9093133 ], [ 10.4372591, 51.9078984 ], [ 10.4371707, 51.9078014 ], [ 10.4370867, 51.9077481 ], [ 10.4282321, 51.9031834 ] ] ] } },
{ "type": "Feature", "properties": { "zone_id": "wf_innenstadt", "geometry_source": "centre_approximation", "source_url": "https://www.stadtbetriebe-wf.de/parkhaeuser/rosenwall.html", "source_date": "2026-09-29", "digitised_on": "2026-09-29", "digitising_note": "Wolfenbuettel Innenstadt between the old wall streets (Rosenwall with the garage Rosenwall, Schulwall with the garage Schulwall at the Loewentor, Harztorwall) and the central squares (Stadtmarkt, Kornmarkt, Holzmarkt, Kommissstrasse, Breite Herzogstrasse, Lange Strasse): convex hull of these car-network ways, buffered 40 m. Street geometry from the car network of the local MATSim scenario (eqasim-data/output_bs, 2026-04-29; OSM-derived links with osm:way:name) because the Overpass request of 2026-09-29 for this municipality failed with HTTP 504 and was not repeated (at most one request per municipality)." }, "geometry": { "type": "Polygon", "coordinates": [ [ [ 10.5404722, 52.156751 ], [ 10.5404449, 52.1566824 ], [ 10.5403644, 52.1565888 ], [ 10.5402875, 52.1565363 ], [ 10.5401447, 52.1564772 ], [ 10.5399801, 52.1564463 ], [ 10.5398653, 52.1564428 ], [ 10.5397516, 52.1564531 ], [ 10.5395926, 52.1564936 ], [ 10.5348641, 52.1586524 ], [ 10.5333895, 52.1594471 ], [ 10.533293, 52.1595317 ], [ 10.5321803, 52.1608878 ], [ 10.5320386, 52.1610935 ], [ 10.5318906, 52.1615147 ], [ 10.5317176, 52.1622769 ], [ 10.5317367, 52.1623839 ], [ 10.5317779, 52.1624512 ], [ 10.5335414, 52.1646407 ], [ 10.533645, 52.1647309 ], [ 10.5337368, 52.1647785 ], [ 10.5369832, 52.1658532 ], [ 10.5371034, 52.1658744 ], [ 10.5401227, 52.1661978 ], [ 10.5402375, 52.166203 ], [ 10.5403518, 52.1661943 ], [ 10.5404611, 52.166172 ], [ 10.5406065, 52.166115 ], [ 10.5407186, 52.1660344 ], [ 10.5407875, 52.1659372 ], [ 10.5417602, 52.1623437 ], [ 10.5417554, 52.1622703 ], [ 10.5404722, 52.156751 ] ] ] } },
{ "type": "Feature", "properties": { "zone_id": "gf_innenstadt", "geometry_source": "centre_approximation", "source_url": "https://psg-gifhorn.de/parken", "source_date": "2026-09-29", "digitised_on": "2026-09-29", "digitising_note": "Gifhorn centre around the pedestrian zone Steinweg (Schillerplatz, Torstrasse) with the municipal car parks Hindenburgstrasse and Schottische Muehle (access Cardenap): convex hull of these car-network ways, buffered 40 m. Street geometry from the car network of the local MATSim scenario (eqasim-data/output_bs, 2026-04-29; OSM-derived links with osm:way:name) because the Overpass request of 2026-09-29 for this municipality failed with HTTP 504 and was not repeated (at most one request per municipality)." }, "geometry": { "type": "Polygon", "coordinates": [ [ [ 10.5451794, 52.4819552 ], [ 10.5451211, 52.4818948 ], [ 10.5450007, 52.4818201 ], [ 10.5449028, 52.4817835 ], [ 10.5447391, 52.4817519 ], [ 10.5446246, 52.4817475 ], [ 10.5444557, 52.4817665 ], [ 10.5442238, 52.4818288 ], [ 10.5441302, 52.4818612 ], [ 10.5440048, 52.4819243 ], [ 10.5404545, 52.4839275 ], [ 10.5403438, 52.4840122 ], [ 10.5402794, 52.4841132 ], [ 10.5402653, 52.484185 ], [ 10.5402751, 52.4842572 ], [ 10.5418343, 52.4893816 ], [ 10.5418923, 52.4894836 ], [ 10.5419973, 52.4895704 ], [ 10.5421398, 52.4896344 ], [ 10.542307, 52.4896696 ], [ 10.5425393, 52.4896817 ], [ 10.5430319, 52.4896796 ], [ 10.5431917, 52.4896562 ], [ 10.5433457, 52.4896192 ], [ 10.5434682, 52.4895789 ], [ 10.5438047, 52.4894344 ], [ 10.5440018, 52.4893325 ], [ 10.5454722, 52.4884558 ], [ 10.5455479, 52.4884005 ], [ 10.5456041, 52.4883371 ], [ 10.5476035, 52.4854137 ], [ 10.5476386, 52.4853422 ], [ 10.5476445, 52.4852307 ], [ 10.547594, 52.4851235 ], [ 10.5451794, 52.4819552 ] ] ] } }
]
}
