segment,metric,model,srv,delta_pp,n_srv
kreis_03101,dep_hour_share_all_10,0.046732464116143624,0.04768783712,-0.0955373003856376,4519.0
kreis_03101,dep_hour_share_all_11,0.04901054718832984,0.05982544237,-1.0814895181670163,4519.0
kreis_03101,dep_hour_share_all_12,0.061183158377217675,0.0566705804,0.4512577977217679,4519.0
kreis_03101,dep_hour_share_all_13,0.06331177727845673,0.07240278203,-0.9091004751543272,4519.0
kreis_03101,dep_hour_share_all_14,0.06899017023969072,0.07081130982,-0.1821139580309286,4519.0
kreis_03101,dep_hour_share_all_15,0.08798955743658983,0.09227897368,-0.4289416243410171,4519.0
kreis_03101,dep_hour_share_all_16,0.08845663297079968,0.0956105496,-0.7153916629200313,4519.0
kreis_03101,dep_hour_share_all_17,0.0829924719879233,0.09057934006,-0.7586868072076702,4519.0
kreis_03101,dep_hour_share_all_18,0.06832380914421798,0.06391969238,0.440411676421798,4519.0
kreis_03101,dep_hour_share_all_19,0.04572731756652401,0.0429888639,0.2738453666524011,4519.0
kreis_03101,dep_hour_share_all_20,0.03316859060268936,0.02757435138,0.5594239222689361,4519.0
kreis_03101,dep_hour_share_all_21,0.02101590796992781,0.02015657983,0.08593281399278084,4519.0
kreis_03101,dep_hour_share_all_22,0.01635262583637659,0.01470191907,0.1650706766376589,4519.0
kreis_03101,dep_hour_share_all_23,0.008337609669335432,0.006778047623,0.15595620463354315,4519.0
kreis_03101,dep_hour_share_all_4,0.004394246625846341,0.001778546951,0.2615699674846341,4519.0
kreis_03101,dep_hour_share_all_5,0.013154092578107485,0.007976812978,0.5177279600107485,4519.0
kreis_03101,dep_hour_share_all_6,0.043925028771852906,0.02687070239,1.7054326381852905,4519.0
kreis_03101,dep_hour_share_all_7,0.08232112875341899,0.09452740564,-1.220627688658102,4519.0
kreis_03101,dep_hour_share_all_8,0.05638660402457191,0.0597203073,-0.33337032754280904,4519.0
kreis_03101,dep_hour_share_all_9,0.04717089235092194,0.04474744367,0.24234486809219455,4519.0
kreis_03101,dep_hour_share_education_10,0.023880764483674308,0.02053195257,0.33488119136743066,4519.0
kreis_03101,dep_hour_share_education_11,0.03932752365635636,0.03082812426,0.8499399396356362,4519.0
kreis_03101,dep_hour_share_education_12,0.03470845644612335,0.03279441828,0.1914038166123351,4519.0
kreis_03101,dep_hour_share_education_13,0.040505666305120244,0.04742332445,-0.6917658144879755,4519.0
kreis_03101,dep_hour_share_education_14,0.023843363129745297,0.02829449134,-0.4451128210254701,4519.0
kreis_03101,dep_hour_share_education_15,0.03351161312039496,0.02188450235,1.162711077039496,4519.0
kreis_03101,dep_hour_share_education_16,0.023263642143845607,0.02514131497,-0.18776728261543918,4519.0
kreis_03101,dep_hour_share_education_17,0.009331637805288551,0.008888763946,0.044287385928855165,4519.0
kreis_03101,dep_hour_share_education_18,0.0060964206904289935,0.003465831918,0.26305887724289934,4519.0
kreis_03101,dep_hour_share_education_19,0.0010472379100123425,0.005285766938,-0.4238529027987657,4519.0
kreis_03101,dep_hour_share_education_20,0.0005984216628641956,0.0009515474552,-0.03531257923358044,4519.0
kreis_03101,dep_hour_share_education_21,0.0005236189550061713,0.0,0.05236189550061712,4519.0
kreis_03101,dep_hour_share_education_22,0.0002244081235740734,0.0,0.022440812357407337,4519.0
kreis_03101,dep_hour_share_education_23,9.350338482253057e-05,0.0,0.009350338482253057,4519.0
kreis_03101,dep_hour_share_education_4,0.0004675169241126529,0.0,0.04675169241126529,4519.0
kreis_03101,dep_hour_share_education_5,0.0025058907132438192,0.0,0.2505890713243819,4519.0
kreis_03101,dep_hour_share_education_6,0.15342035381680816,0.03835223238,11.506812143680817,4519.0
kreis_03101,dep_hour_share_education_7,0.42957325055166995,0.5734807602,-14.39075096483301,4519.0
kreis_03101,dep_hour_share_education_8,0.13092343942850732,0.1071521884,2.3771251028507314,4519.0
kreis_03101,dep_hour_share_education_9,0.04417099899016345,0.05552478052,-1.135378152983655,4519.0
kreis_03101,dep_hour_share_escort_10,0.017768301350390904,0.01426058452,0.35077168303909045,4519.0
kreis_03101,dep_hour_share_escort_11,0.03160887292859013,0.01673303493,1.4875837998590131,4519.0
kreis_03101,dep_hour_share_escort_12,0.06340478060823701,0.04311350857,2.029127203823701,4519.0
kreis_03101,dep_hour_share_escort_13,0.06486365166647963,0.06740651589,-0.25428642235203747,4519.0
kreis_03101,dep_hour_share_escort_14,0.14255788725545207,0.149648673,-0.7090785744547939,4519.0
kreis_03101,dep_hour_share_escort_15,0.13773239067818802,0.1296761603,0.8056230378188006,4519.0
kreis_03101,dep_hour_share_escort_16,0.06808064938465568,0.05898405193,0.9096597454655673,4519.0
kreis_03101,dep_hour_share_escort_17,0.045898327909325555,0.05730475698,-1.1406429070674449,4519.0
kreis_03101,dep_hour_share_escort_18,0.03796805446451951,0.04755531218,-0.9587257715480496,4519.0
kreis_03101,dep_hour_share_escort_19,0.012980211723338197,0.006061524081,0.6918687642338197,4519.0
kreis_03101,dep_hour_share_escort_20,0.013541315976508435,0.003375638135,1.0165677841508434,4519.0
kreis_03101,dep_hour_share_escort_21,0.007032506639733663,0.005019465352,0.20130412877336626,4519.0
kreis_03101,dep_hour_share_escort_22,0.0042269853738824675,0.04399348222,-3.9766496846117527,4519.0
kreis_03101,dep_hour_share_escort_23,0.001795533610144765,0.0,0.1795533610144765,4519.0
kreis_03101,dep_hour_share_escort_4,0.00153368495866532,0.0,0.153368495866532,4519.0
kreis_03101,dep_hour_share_escort_5,0.0029925560169079416,0.0,0.2992556016907942,4519.0
kreis_03101,dep_hour_share_escort_6,0.0462349904612277,0.009420544121,3.6814446340227702,4519.0
kreis_03101,dep_hour_share_escort_7,0.17427898103467623,0.2091592327,-3.4880251665323767,4519.0
kreis_03101,dep_hour_share_escort_8,0.0996147084128231,0.1103325865,-1.071787808717689,4519.0
kreis_03101,dep_hour_share_escort_9,0.023154902180825197,0.02210900321,0.1045898970825198,4519.0
kreis_03101,dep_hour_share_home_10,0.03244275383924995,0.03475853875,-0.2315784910750046,4519.0
kreis_03101,dep_hour_share_home_11,0.04680888230315844,0.06199770507,-1.518882276684156,4519.0
kreis_03101,dep_hour_share_home_12,0.0717041481066527,0.04503452745,2.6669620656652695,4519.0
kreis_03101,dep_hour_share_home_13,0.07437558541220549,0.09082291551,-1.644733009779452,4519.0
kreis_03101,dep_hour_share_home_14,0.0782758236429731,0.07274032995,0.5535493692973098,4519.0
kreis_03101,dep_hour_share_home_15,0.10177965310467998,0.1123338805,-1.0554227395320013,4519.0
kreis_03101,dep_hour_share_home_16,0.10436676093497294,0.122242975,-1.7876214065027067,4519.0
kreis_03101,dep_hour_share_home_17,0.10877598778427315,0.1193938817,-1.0617893915726846,4519.0
kreis_03101,dep_hour_share_home_18,0.093256352569489,0.08822572569,0.5030626879488992,4519.0
kreis_03101,dep_hour_share_home_19,0.06637934409738849,0.05534110244,1.1038241657388494,4519.0
kreis_03101,dep_hour_share_home_20,0.05750667859326388,0.04714811709,1.0358561503263883,4519.0
kreis_03101,dep_hour_share_home_21,0.04081245425878909,0.03676528799,0.4047166268789093,4519.0
kreis_03101,dep_hour_share_home_22,0.03384623724893158,0.02422624834,0.9619988908931578,4519.0
kreis_03101,dep_hour_share_home_23,0.01782363694956194,0.01383220433,0.399143261956194,4519.0
kreis_03101,dep_hour_share_home_4,6.927064039201159e-05,0.001314338049,-0.12450674086079885,4519.0
kreis_03101,dep_hour_share_home_5,0.0005752474919510528,0.0008203007169,-0.024505322494894722,4519.0
kreis_03101,dep_hour_share_home_6,0.0018944014263728387,0.004059743068,-0.21653416416271615,4519.0
kreis_03101,dep_hour_share_home_7,0.008547394670979517,0.01706015141,-0.8512756739020482,4519.0
kreis_03101,dep_hour_share_home_8,0.017917001725742475,0.02381268918,-0.5895687454257524,4519.0
kreis_03101,dep_hour_share_home_9,0.0247416656878424,0.02437431795,0.03673477378424023,4519.0
kreis_03101,dep_hour_share_leisure_10,0.05089352140048282,0.05049671566,0.0396805740482821,4519.0
kreis_03101,dep_hour_share_leisure_11,0.040288173936808225,0.05309479879,-1.2806624853191777,4519.0
kreis_03101,dep_hour_share_leisure_12,0.04581479738244538,0.07241167753,-2.659688014755462,4519.0
kreis_03101,dep_hour_share_leisure_13,0.0551979108148733,0.05821315957,-0.30152487551267027,4519.0
kreis_03101,dep_hour_share_leisure_14,0.07322776065469232,0.06831086682,0.4916893834692321,4519.0
kreis_03101,dep_hour_share_leisure_15,0.10066349847410534,0.1002183477,0.044515077410534065,4519.0
kreis_03101,dep_hour_share_leisure_16,0.12770447747597286,0.1261105894,0.15938880759728546,4519.0
kreis_03101,dep_hour_share_leisure_17,0.12491079969026615,0.1180175561,0.6893243590266149,4519.0
kreis_03101,dep_hour_share_leisure_18,0.10366973870002885,0.1004245207,0.3245218000028846,4519.0
kreis_03101,dep_hour_share_leisure_19,0.07277226971137057,0.09438887854,-2.1616608828629422,4519.0
kreis_03101,dep_hour_share_leisure_20,0.03807145134597574,0.03233891003,0.5732541315975739,4519.0
kreis_03101,dep_hour_share_leisure_21,0.013641953752486221,0.01484423459,-0.12022808375137789,4519.0
kreis_03101,dep_hour_share_leisure_22,0.006521112005222963,0.0118752588,-0.5354146794777037,4519.0
kreis_03101,dep_hour_share_leisure_23,0.0027253541442084327,0.002511792798,0.02135613462084327,4519.0
kreis_03101,dep_hour_share_leisure_4,0.0004023503332675402,0.003523407115,-0.31210567817324597,4519.0
kreis_03101,dep_hour_share_leisure_5,0.004615641558993668,0.003262851437,0.13527901219936683,4519.0
kreis_03101,dep_hour_share_leisure_6,0.016215477582254074,0.008722591137,0.7492886445254074,4519.0
kreis_03101,dep_hour_share_leisure_7,0.025978166800783443,0.01670159881,0.9276567990783444,4519.0
kreis_03101,dep_hour_share_leisure_8,0.035824362692255134,0.0310501451,0.47742175922551344,4519.0
kreis_03101,dep_hour_share_leisure_9,0.057217253996933025,0.033145983,2.407127099693303,4519.0
kreis_03101,dep_hour_share_other_10,0.07917959602717761,0.1097865958,-3.0606999772822387,4519.0
kreis_03101,dep_hour_share_other_11,0.07766844697712512,0.07884335742,-0.11749104428748769,4519.0
kreis_03101,dep_hour_share_other_12,0.08438210153537358,0.04660928546,3.7772816075373585,4519.0
kreis_03101,dep_hour_share_other_13,0.07298503847085559,0.0674063884,0.557865007085559,4519.0
kreis_03101,dep_hour_share_other_14,0.08863869695117027,0.1276187168,-3.8980019848829732,4519.0
kreis_03101,dep_hour_share_other_15,0.10551511725824499,0.1215248284,-1.600971114175502,4519.0
kreis_03101,dep_hour_share_other_16,0.10128159282031168,0.08850395204,1.2777640780311683,4519.0
kreis_03101,dep_hour_share_other_17,0.0623147112090346,0.0612286676,0.10860436090345954,4519.0
kreis_03101,dep_hour_share_other_18,0.04636113001649575,0.01906266383,2.729846618649575,4519.0
kreis_03101,dep_hour_share_other_19,0.025401146627599812,0.008143389339,1.7257757288599809,4519.0
kreis_03101,dep_hour_share_other_20,0.013842586718038044,0.006035542698,0.7807044020038044,4519.0
kreis_03101,dep_hour_share_other_21,0.008732365121295667,0.01073811873,-0.20057536087043326,4519.0
kreis_03101,dep_hour_share_other_22,0.0050756151299472824,0.002364734062,0.2710881067947282,4519.0
kreis_03101,dep_hour_share_other_23,0.0031722594562170517,0.006819974246,-0.36477147897829487,4519.0
kreis_03101,dep_hour_share_other_4,0.0006344518912434103,0.0,0.06344518912434104,4519.0
kreis_03101,dep_hour_share_other_5,0.0026877689210857204,0.0,0.26877689210857203,4519.0
kreis_03101,dep_hour_share_other_6,0.013392702649701807,0.01169958313,0.16931195197018076,4519.0
kreis_03101,dep_hour_share_other_7,0.050133234897161115,0.04960291759,0.053031730716111836,4519.0
kreis_03101,dep_hour_share_other_8,0.073619490362099,0.08067309692,-0.7053606557901007,4519.0
kreis_03101,dep_hour_share_other_9,0.0793410928722214,0.09899760006,-1.9656507187778602,4519.0
kreis_03101,dep_hour_share_shop_10,0.11939070785411067,0.09419011631,2.520059154411067,4519.0
kreis_03101,dep_hour_share_shop_11,0.09039498229997503,0.1044476569,-1.4052674600024975,4519.0
kreis_03101,dep_hour_share_shop_12,0.07801230922898397,0.08265072538,-0.46384161510160254,4519.0
kreis_03101,dep_hour_share_shop_13,0.06822955683837895,0.07090172509,-0.267216825162106,4519.0
kreis_03101,dep_hour_share_shop_14,0.06889055362152793,0.075349347,-0.6458793378472063,4519.0
kreis_03101,dep_hour_share_shop_15,0.09484569397317821,0.1029787233,-0.8133029326821792,4519.0
kreis_03101,dep_hour_share_shop_16,0.08720750892345658,0.09980711195,-1.259960302654342,4519.0
kreis_03101,dep_hour_share_shop_17,0.09039498229997503,0.1030396687,-1.2644686400024974,4519.0
kreis_03101,dep_hour_share_shop_18,0.0637200898955625,0.05472815649,0.8991933405562508,4519.0
kreis_03101,dep_hour_share_shop_19,0.026953979935075426,0.02009529869,0.6858681245075428,4519.0
kreis_03101,dep_hour_share_shop_20,0.0061839921267938715,0.01066398826,-0.44799961332061283,4519.0
kreis_03101,dep_hour_share_shop_21,0.005111708456352179,0.007219031324,-0.21073228676478217,4519.0
kreis_03101,dep_hour_share_shop_22,0.005199841360772044,0.001594011209,0.3605830151772045,4519.0
kreis_03101,dep_hour_share_shop_23,0.0004994197917125692,0.001428227147,-0.0928807355287431,4519.0
kreis_03101,dep_hour_share_shop_4,5.8755269613243436e-05,0.0,0.005875526961324344,4519.0
kreis_03101,dep_hour_share_shop_5,0.00041128688729270406,0.0005067921782,-0.0095505290907296,4519.0
kreis_03101,dep_hour_share_shop_6,0.004773865656076029,0.00837450019,-0.3600634533923971,4519.0
kreis_03101,dep_hour_share_shop_7,0.024633146785352313,0.02719511611,-0.2561969324647688,4519.0
kreis_03101,dep_hour_share_shop_8,0.06886117598672131,0.04254401445,2.631716153672131,4519.0
kreis_03101,dep_hour_share_shop_9,0.09339150105025044,0.09228578924,0.11057118102504454,4519.0
kreis_03101,dep_hour_share_work_10,0.031689329338557275,0.03514968477,-0.3460355431442727,4519.0
kreis_03101,dep_hour_share_work_11,0.02559153414765307,0.03869775956,-1.3106225412346935,4519.0
kreis_03101,dep_hour_share_work_12,0.029787969578243836,0.0689206516,-3.9132682021756153,4519.0
kreis_03101,dep_hour_share_work_13,0.038344088499654295,0.05130043392,-1.2956345420345703,4519.0
kreis_03101,dep_hour_share_work_14,0.02202888530383345,0.03559415257,-1.3565267266166554,4519.0
kreis_03101,dep_hour_share_work_15,0.024122301605592686,0.01882791838,0.5294383225592687,4519.0
kreis_03101,dep_hour_share_work_16,0.016929784128447416,0.01534365213,0.1586131998447416,4519.0
kreis_03101,dep_hour_share_work_17,0.007480602289313974,0.01283202216,-0.5351419870686025,4519.0
kreis_03101,dep_hour_share_work_18,0.005156718137819774,0.002466888062,0.2689830075819774,4519.0
kreis_03101,dep_hour_share_work_19,0.006213029115771683,0.001465515567,0.47475135487716824,4519.0
kreis_03101,dep_hour_share_work_20,0.004859030498578782,0.005188446893,-0.03294163944212178,4519.0
kreis_03101,dep_hour_share_work_21,0.0019589767227471766,0.005495518164,-0.3536541441252823,4519.0
kreis_03101,dep_hour_share_work_22,0.0010851194591687792,0.0,0.10851194591687792,4519.0
kreis_03101,dep_hour_share_work_23,0.0005281554889759545,0.0004100550272,0.011810046177595455,4519.0
kreis_03101,dep_hour_share_work_4,0.031948605669509106,0.004734940982,2.7213664687509103,4519.0
kreis_03101,dep_hour_share_work_5,0.089181455020358,0.05358261365,3.5598841370358,4519.0
kreis_03101,dep_hour_share_work_6,0.2071809940846585,0.1467060386,6.04749554846585,4519.0
kreis_03101,dep_hour_share_work_7,0.25140201275255436,0.2640257821,-1.2623769347445635,4519.0
kreis_03101,dep_hour_share_work_8,0.13318160866559114,0.1802284275,-4.704681883440887,4519.0
kreis_03101,dep_hour_share_work_9,0.056685488207728355,0.05651873313,0.016675507772835607,4519.0
kreis_03101,mean_work_activity_h,5.702213955932345,5.906851596,-0.20463764006765484,4519.0
kreis_03101,mobility_rate,0.8488148698649631,0.8532543912,-0.4439521335036889,4519.0
kreis_03101,n_persons_unweighted,252968.0,4519.0,248449.0,4519.0
kreis_03101,n_persons_weighted,252968.0,252816.0,152.0,4519.0
kreis_03101,n_work_activities_measured,104037.0,1988.0,102049.0,4519.0
kreis_03101,nonhome_acts_per_mobile,2.1927646316416967,2.258748975,-0.06598434335830339,4519.0
kreis_03101,participation_education,0.16746782201701402,0.1758203279,-0.8352505882985972,4519.0
kreis_03101,participation_escort,0.0708231871224819,0.07505334494,-0.4230157817518107,4519.0
kreis_03101,participation_home,0.8488148698649631,0.8410964282,0.771844166496316,4519.0
kreis_03101,participation_leisure,0.3896026374877455,0.417759712,-2.8157074512254523,4519.0
kreis_03101,participation_other,0.2512452167863129,0.1661717134,8.507350338631289,4519.0
kreis_03101,participation_shop,0.22247082634957782,0.3051895512,-8.27187248504222,4519.0
kreis_03101,participation_work,0.33123952436671833,0.3444301713,-1.3190646933281647,4519.0
kreis_03101,purpose_share_education,0.06660372564356781,0.06254172817,0.40619974735678077,4519.0
kreis_03101,purpose_share_escort,0.033296880682752335,0.03652324792,-0.3226367237247667,4519.0
kreis_03101,purpose_share_home,0.41355615119795536,0.4143342663,-0.07781151020446186,4519.0
kreis_03101,purpose_share_leisure,0.16406931151820722,0.1750090584,-1.0939746881792778,4519.0
kreis_03101,purpose_share_other,0.10797416262698227,0.06245350583,4.552065679698227,4519.0
kreis_03101,purpose_share_shop,0.0847947607825944,0.1187333581,-3.39385973174056,4519.0
kreis_03101,purpose_share_work,0.12970500754794062,0.1304048353,-0.06998277520593732,4519.0
kreis_03101,share_mobile_first_from_home,1.0,0.9765953407,2.340465930000002,4519.0
kreis_03101,share_mobile_last_to_home,1.0,0.972429834,2.757016599999995,4519.0
kreis_03101,share_mobile_odd_trip_count,0.30435491307405355,0.2506396326,5.371528047405355,4519.0
kreis_03101,share_trips_0,0.15118513013503684,0.1467456088,0.44395213350368334,4519.0
kreis_03101,share_trips_1,0.0006127257202492015,0.006412655869,-0.5799930148750799,4519.0
kreis_03101,share_trips_2,0.29794677587679075,0.2915493441,0.6397431776790752,4519.0
kreis_03101,share_trips_3,0.12061604629834603,0.08743882215,3.3177224148346034,4519.0
kreis_03101,share_trips_4,0.19490607507668956,0.23078466,-3.5878584923310446,4519.0
kreis_03101,share_trips_5,0.09481041080294741,0.07522695049,1.9583460312947416,4519.0
kreis_03101,share_trips_6,0.07461418044970115,0.08162127706,-0.7007096610298844,4519.0
kreis_03101,share_trips_7,0.033043705132665004,0.03220095058,0.08427545526650052,4519.0
kreis_03101,share_trips_8plus,0.03226495050757408,0.04801973094,-1.5754780432425917,4519.0
kreis_03101,share_trips_followed_by_same_purpose,0.1101252011538634,0.05303718818,5.70880129738634,4519.0
kreis_03101,share_trips_home_based,0.8038743604179018,0.8289227483,-2.5048387882098178,4519.0
kreis_03101,share_trips_unknown_purpose,0.0,0.0009975171235,-0.09975171235,4519.0
kreis_03101,share_work_activities_lt_2h,0.20675336659073215,0.1202949916,8.645837499073215,4519.0
kreis_03101,tours_per_mobile,1.5463224712769474,1.595251636,-0.04892916472305253,4519.0
kreis_03101,trips_per_mobile_person,3.739087102918644,3.85400061,-0.11491350708135606,4519.0
kreis_03101,trips_per_person,3.1737927326776507,3.288442944,-0.1146502113223491,4519.0
kreis_03101,trips_per_person_education,0.2113864204168116,0.2054597505,0.005926669916811594,4519.0
kreis_03101,trips_per_person_escort,0.10567739793175421,0.1199848105,-0.01430741256824579,4519.0
kreis_03101,trips_per_person_home,1.3125415072262103,1.361155463,-0.048613955773789685,4519.0
kreis_03101,trips_per_person_leisure,0.5207219885519117,0.5749332249,-0.05421123634808833,4519.0
kreis_03101,trips_per_person_other,0.34268761266247116,0.2051699257,0.13751768696247116,4519.0
kreis_03101,trips_per_person_shop,0.269120995540938,0.3900583952,-0.12093739965906203,4519.0
kreis_03101,trips_per_person_work,0.41165681034755386,0.4284010964,-0.016744286052446156,4519.0
kreis_03102,dep_hour_share_all_10,0.04460980096451832,0.05599799838,-1.138819741548168,1794.0
kreis_03102,dep_hour_share_all_11,0.04965446379741801,0.05435093842,-0.4696474622581992,1794.0
kreis_03102,dep_hour_share_all_12,0.060545897482640325,0.06319435206,-0.26484545773596757,1794.0
kreis_03102,dep_hour_share_all_13,0.06628328996867801,0.06619872613,0.008456383867801176,1794.0
kreis_03102,dep_hour_share_all_14,0.07458941681443794,0.06538420907,0.9205207744437935,1794.0
kreis_03102,dep_hour_share_all_15,0.08882186241527319,0.08964608147,-0.08242190547268075,1794.0
kreis_03102,dep_hour_share_all_16,0.08902404666810294,0.08734953676,0.16745099081029446,1794.0
kreis_03102,dep_hour_share_all_17,0.07639250261016556,0.07466723082,0.17252717901655584,1794.0
kreis_03102,dep_hour_share_all_18,0.057529706169934205,0.0545953237,0.2934382469934209,1794.0
kreis_03102,dep_hour_share_all_19,0.03417245322417593,0.04411365433,-0.9941201105824069,1794.0
kreis_03102,dep_hour_share_all_20,0.027699242637675876,0.01856791988,0.9131322757675877,1794.0
kreis_03102,dep_hour_share_all_21,0.017954624550471487,0.02047187277,-0.2517248219528513,1794.0
kreis_03102,dep_hour_share_all_22,0.013128718450141694,0.01109499983,0.20337186201416935,1794.0
kreis_03102,dep_hour_share_all_23,0.006920667539483933,0.002286324245,0.4634343294483933,1794.0
kreis_03102,dep_hour_share_all_4,0.005399313899338758,0.004248621672,0.1150692227338758,1794.0
kreis_03102,dep_hour_share_all_5,0.018398767007507335,0.02066589265,-0.2267125642492665,1794.0
kreis_03102,dep_hour_share_all_6,0.049946139440844535,0.03642322146,1.3522917980844533,1794.0
kreis_03102,dep_hour_share_all_7,0.09719759367594173,0.1066172801,-0.9419686424058271,1794.0
kreis_03102,dep_hour_share_all_8,0.060622130889444986,0.07298458603,-1.236245514055502,1794.0
kreis_03102,dep_hour_share_all_9,0.04758290382990007,0.04805610009,-0.04731962600999298,1794.0
kreis_03102,dep_hour_share_education_10,0.018992248062015504,0.005463369422,1.3528878640015503,1794.0
kreis_03102,dep_hour_share_education_11,0.023772609819121448,0.008815438064,1.4957171755121448,1794.0
kreis_03102,dep_hour_share_education_12,0.020198105081826012,0.02082189191,-0.06237868281739889,1794.0
kreis_03102,dep_hour_share_education_13,0.02962962962962963,0.02006965188,0.955997774962963,1794.0
kreis_03102,dep_hour_share_education_14,0.023815676141257538,0.01377510542,1.0040570721257538,1794.0
kreis_03102,dep_hour_share_education_15,0.031309216192937125,0.007347558802,2.3961657390937128,1794.0
kreis_03102,dep_hour_share_education_16,0.019078380706287684,0.01565707294,0.34213077662876845,1794.0
kreis_03102,dep_hour_share_education_17,0.007795004306632214,0.0292680655,-2.1473061193367786,1794.0
kreis_03102,dep_hour_share_education_18,0.004737295434969853,0.008138399725,-0.3401104290030147,1794.0
kreis_03102,dep_hour_share_education_19,0.001335055986218777,0.0,0.1335055986218777,1794.0
kreis_03102,dep_hour_share_education_20,0.0004306632213608958,0.0,0.04306632213608958,1794.0
kreis_03102,dep_hour_share_education_21,0.00012919896640826872,0.0,0.012919896640826873,1794.0
kreis_03102,dep_hour_share_education_22,0.00012919896640826872,0.0,0.012919896640826873,1794.0
kreis_03102,dep_hour_share_education_23,8.613264427217915e-05,0.0,0.008613264427217915,1794.0
kreis_03102,dep_hour_share_education_4,0.0008613264427217916,0.0,0.08613264427217916,1794.0
kreis_03102,dep_hour_share_education_5,0.0049095607235142115,0.0,0.49095607235142114,1794.0
kreis_03102,dep_hour_share_education_6,0.17338501291989664,0.06901546842,10.436954449989663,1794.0
kreis_03102,dep_hour_share_education_7,0.4806632213608958,0.6150964299,-13.443320853910423,1794.0
kreis_03102,dep_hour_share_education_8,0.12157622739018088,0.1660756636,-4.449943620981912,1794.0
kreis_03102,dep_hour_share_education_9,0.03522825150732128,0.02045588436,1.477236714732128,1794.0
kreis_03102,dep_hour_share_escort_10,0.02125839147031723,0.01862516033,0.263323114031723,1794.0
kreis_03102,dep_hour_share_escort_11,0.03257864946689483,0.02053651758,1.204213188689483,1794.0
kreis_03102,dep_hour_share_escort_12,0.0621956035277083,0.0642005887,-0.20049851722917025,1794.0
kreis_03102,dep_hour_share_escort_13,0.06759247071212321,0.0757287673,-0.813629658787679,1794.0
kreis_03102,dep_hour_share_escort_14,0.12458865341582204,0.06950923725,5.507941616582205,1794.0
kreis_03102,dep_hour_share_escort_15,0.13064367513492167,0.1136989828,1.6944692334921672,1794.0
kreis_03102,dep_hour_share_escort_16,0.06778991707252863,0.06200208645,0.5787830622528627,1794.0
kreis_03102,dep_hour_share_escort_17,0.053968671844149003,0.05272871415,0.1239957694149002,1794.0
kreis_03102,dep_hour_share_escort_18,0.03863367118599447,0.02508727222,1.354639896599447,1794.0
kreis_03102,dep_hour_share_escort_19,0.01796761879689351,0.03263084378,-1.466322498310649,1794.0
kreis_03102,dep_hour_share_escort_20,0.012373305252073186,0.004882833198,0.7490472054073186,1794.0
kreis_03102,dep_hour_share_escort_21,0.0038831117546399897,0.0,0.38831117546399896,1794.0
kreis_03102,dep_hour_share_escort_22,0.001974463604054232,0.0,0.1974463604054232,1794.0
kreis_03102,dep_hour_share_escort_23,0.002303540871396604,0.0,0.23035408713966038,1794.0
kreis_03102,dep_hour_share_escort_4,0.0022377254179281295,0.0,0.22377254179281295,1794.0
kreis_03102,dep_hour_share_escort_5,0.0022377254179281295,0.002065175858,0.01725495599281296,1794.0
kreis_03102,dep_hour_share_escort_6,0.03981834934842701,0.008083858796,3.1734490552427013,1794.0
kreis_03102,dep_hour_share_escort_7,0.190206660523891,0.2779537572,-8.774709667610898,1794.0
kreis_03102,dep_hour_share_escort_8,0.09569566934316177,0.1447613543,-4.906568495683823,1794.0
kreis_03102,dep_hour_share_escort_9,0.024483348690272477,0.01123233948,1.3251009210272475,1794.0
kreis_03102,dep_hour_share_home_10,0.030424232936756418,0.04550045972,-1.507622678324358,1794.0
kreis_03102,dep_hour_share_home_11,0.0493425172197871,0.06218986094,-1.28473437202129,1794.0
kreis_03102,dep_hour_share_home_12,0.07669849718221666,0.07852345259,-0.1824955407783338,1794.0
kreis_03102,dep_hour_share_home_13,0.08582498434564809,0.09039482876,-0.45698444143519173,1794.0
kreis_03102,dep_hour_share_home_14,0.08879148403256105,0.0770255852,1.176589883256106,1794.0
kreis_03102,dep_hour_share_home_15,0.11029273638071384,0.1092339116,0.10588247807138407,1794.0
kreis_03102,dep_hour_share_home_16,0.11479336255479024,0.1190348678,-0.4241505245209762,1794.0
kreis_03102,dep_hour_share_home_17,0.10433625547902317,0.08377673445,2.055952102902317,1794.0
kreis_03102,dep_hour_share_home_18,0.07968065122103946,0.08003307081,-0.03524195889605397,1794.0
kreis_03102,dep_hour_share_home_19,0.05175328741390106,0.05596458716,-0.4211299746098941,1794.0
kreis_03102,dep_hour_share_home_20,0.047957107075767065,0.03341743577,1.4539671305767068,1794.0
kreis_03102,dep_hour_share_home_21,0.03382122730118973,0.03619514563,-0.23739183288102733,1794.0
kreis_03102,dep_hour_share_home_22,0.02529743268628679,0.02168557803,0.361185465628679,1794.0
kreis_03102,dep_hour_share_home_23,0.013728866624921728,0.004497603958,0.9231262666921728,1794.0
kreis_03102,dep_hour_share_home_4,2.34815278647464e-05,0.000740800273,-0.07173187451352536,1794.0
kreis_03102,dep_hour_share_home_5,0.0010018785222291797,0.003578231944,-0.25763534217708206,1794.0
kreis_03102,dep_hour_share_home_6,0.0019881026925485283,0.005518117656,-0.3530014963451472,1794.0
kreis_03102,dep_hour_share_home_7,0.011278960551033187,0.02080562375,-0.9526663198966812,1794.0
kreis_03102,dep_hour_share_home_8,0.021172510958046335,0.04005671538,-1.8884204421953668,1794.0
kreis_03102,dep_hour_share_home_9,0.030432060112711334,0.02873681964,0.16952404727113324,1794.0
kreis_03102,dep_hour_share_leisure_10,0.05003189870932914,0.05721627985,-0.718438114067086,1794.0
kreis_03102,dep_hour_share_leisure_11,0.03307650782745252,0.0392547623,-0.6178254472547482,1794.0
kreis_03102,dep_hour_share_leisure_12,0.04936938705403151,0.07502043453,-2.565104747596849,1794.0
kreis_03102,dep_hour_share_leisure_13,0.06261962015998429,0.04863800139,1.3981618769984292,1794.0
kreis_03102,dep_hour_share_leisure_14,0.08541492859596604,0.08592498985,-0.051006125403395275,1794.0
kreis_03102,dep_hour_share_leisure_15,0.10533935319232468,0.096035257,0.9304096192324682,1794.0
kreis_03102,dep_hour_share_leisure_16,0.13390096677626737,0.1114906753,2.241029147626737,1794.0
kreis_03102,dep_hour_share_leisure_17,0.1271286254110026,0.1178850653,0.9243560111002593,1794.0
kreis_03102,dep_hour_share_leisure_18,0.09753643814104138,0.08600026419,1.1536173951041382,1794.0
kreis_03102,dep_hour_share_leisure_19,0.0524120331746577,0.09524265053,-4.28306173553423,1794.0
kreis_03102,dep_hour_share_leisure_20,0.02679491583648231,0.01372419589,1.307071994648231,1794.0
kreis_03102,dep_hour_share_leisure_21,0.014722481228836433,0.01882117763,-0.40986964011635685,1794.0
kreis_03102,dep_hour_share_leisure_22,0.01082102370319478,0.01131361043,-0.04925867268052199,1794.0
kreis_03102,dep_hour_share_leisure_23,0.0018893850910340088,0.002251885305,-0.036250021396599115,1794.0
kreis_03102,dep_hour_share_leisure_4,0.00031898709329145606,0.002680584327,-0.23615972337085442,1794.0
kreis_03102,dep_hour_share_leisure_5,0.004833881336801296,0.002492599846,0.2341281490801296,1794.0
kreis_03102,dep_hour_share_leisure_6,0.018354026598616086,0.01326065175,0.5093374848616087,1794.0
kreis_03102,dep_hour_share_leisure_7,0.02932227511409923,0.02586163569,0.34606394240992294,1794.0
kreis_03102,dep_hour_share_leisure_8,0.04348039456249693,0.04689578518,-0.34153906175030735,1794.0
kreis_03102,dep_hour_share_leisure_9,0.04934484958531678,0.04998949377,-0.06446441846832199,1794.0
kreis_03102,dep_hour_share_other_10,0.08419460549533653,0.1490332128,-6.483860730466348,1794.0
kreis_03102,dep_hour_share_other_11,0.09106377615326443,0.06521807797,2.584569818326443,1794.0
kreis_03102,dep_hour_share_other_12,0.06264179480715906,0.03565917878,2.698261602715906,1794.0
kreis_03102,dep_hour_share_other_13,0.06446937232165365,0.02538823107,3.908114125165364,1794.0
kreis_03102,dep_hour_share_other_14,0.08397403579531132,0.07498158342,0.8992452375311322,1794.0
kreis_03102,dep_hour_share_other_15,0.08829089992437611,0.1195323042,-3.1241404275623887,1794.0
kreis_03102,dep_hour_share_other_16,0.08961431812452735,0.0967057086,-0.709139047547265,1794.0
kreis_03102,dep_hour_share_other_17,0.04877741366271742,0.09062683153,-4.184941786728257,1794.0
kreis_03102,dep_hour_share_other_18,0.04086841441895639,0.0180191687,2.284924571895639,1794.0
kreis_03102,dep_hour_share_other_19,0.026310814217292665,0.001435302409,2.4875511808292665,1794.0
kreis_03102,dep_hour_share_other_20,0.012194353415679355,0.0,1.2194353415679355,1794.0
kreis_03102,dep_hour_share_other_21,0.006207461557852281,0.0,0.6207461557852281,1794.0
kreis_03102,dep_hour_share_other_22,0.004852533400554576,0.0,0.48525334005545756,1794.0
kreis_03102,dep_hour_share_other_23,0.00586085202924124,0.0,0.586085202924124,1794.0
kreis_03102,dep_hour_share_other_4,0.003907234686160827,0.0,0.3907234686160827,1794.0
kreis_03102,dep_hour_share_other_5,0.0037181749432820773,0.003051138735,0.06670362082820772,1794.0
kreis_03102,dep_hour_share_other_6,0.019378623645071844,0.01267362443,0.6704999215071844,1794.0
kreis_03102,dep_hour_share_other_7,0.07215780186538946,0.04841632628,2.3741475585389464,1794.0
kreis_03102,dep_hour_share_other_8,0.09500252079657172,0.1178466867,-2.2844165903428277,1794.0
kreis_03102,dep_hour_share_other_9,0.09049659692462818,0.1389144219,-4.841782497537182,1794.0
kreis_03102,dep_hour_share_shop_10,0.12867078825347758,0.1415361828,-1.2865394546522413,1794.0
kreis_03102,dep_hour_share_shop_11,0.09981968057702216,0.1278791152,-2.8059434622977846,1794.0
kreis_03102,dep_hour_share_shop_12,0.0769792203331616,0.06074797599,1.6231244343161595,1794.0
kreis_03102,dep_hour_share_shop_13,0.05534088957582002,0.05290030681,0.24405827658200221,1794.0
kreis_03102,dep_hour_share_shop_14,0.07848188219131032,0.05309710309,2.5384779101310317,1794.0
kreis_03102,dep_hour_share_shop_15,0.0926069036579083,0.09884998315,-0.6243079492091699,1794.0
kreis_03102,dep_hour_share_shop_16,0.08161600549544908,0.07077933091,1.0836674585449082,1794.0
kreis_03102,dep_hour_share_shop_17,0.07277176713034518,0.0802868732,-0.7515106069654818,1794.0
kreis_03102,dep_hour_share_shop_18,0.047655847501288,0.03013849475,1.7517352751287998,1794.0
kreis_03102,dep_hour_share_shop_19,0.011162630946247639,0.02756928234,-1.6406651393752363,1794.0
kreis_03102,dep_hour_share_shop_20,0.00463678516228748,0.00764840668,-0.30116215177125194,1794.0
kreis_03102,dep_hour_share_shop_21,0.0024901253649321654,0.01330831612,-1.0818190755067836,1794.0
kreis_03102,dep_hour_share_shop_22,0.00197492701356689,0.0,0.19749270135668898,1794.0
kreis_03102,dep_hour_share_shop_23,0.0003863987635239567,0.0,0.03863987635239567,1794.0
kreis_03102,dep_hour_share_shop_4,0.000429331959471063,0.0,0.042933195947106303,1794.0
kreis_03102,dep_hour_share_shop_5,0.0010733298986776575,0.0,0.10733298986776575,1794.0
kreis_03102,dep_hour_share_shop_6,0.00940236991241628,0.01139650326,-0.19941333475837192,1794.0
kreis_03102,dep_hour_share_shop_7,0.041130001717327835,0.03371704054,0.7412961177327836,1794.0
kreis_03102,dep_hour_share_shop_8,0.08406319766443414,0.06660087224,1.7462325424434142,1794.0
kreis_03102,dep_hour_share_shop_9,0.10711832388803022,0.1235442129,-1.6425889011969785,1794.0
kreis_03102,dep_hour_share_work_10,0.027673652167350123,0.01228181889,1.5391833277350122,1794.0
kreis_03102,dep_hour_share_work_11,0.02684344260232962,0.01691956326,0.992387934232962,1794.0
kreis_03102,dep_hour_share_work_12,0.03172406853002591,0.03380337557,-0.2079307039974089,1794.0
kreis_03102,dep_hour_share_work_13,0.03600090568316184,0.05840194655,-2.240104086683816,1794.0
kreis_03102,dep_hour_share_work_14,0.01861682054894463,0.03017141703,-1.1554596481055373,1794.0
kreis_03102,dep_hour_share_work_15,0.018692294145764673,0.02302332758,-0.4331033434235326,1794.0
kreis_03102,dep_hour_share_work_16,0.013031774384261239,0.004292362918,0.8739411466261239,1794.0
kreis_03102,dep_hour_share_work_17,0.007371254622757805,0.00800506722,-0.0633812597242195,1794.0
kreis_03102,dep_hour_share_work_18,0.002465470829454829,0.003809781501,-0.1344310671545171,1794.0
kreis_03102,dep_hour_share_work_19,0.004100732093889154,0.003189842786,0.09108893078891545,1794.0
kreis_03102,dep_hour_share_work_20,0.011195250194973458,0.008183139739,0.3012110455973457,1794.0
kreis_03102,dep_hour_share_work_21,0.004503257943596065,0.004693160007,-0.01899020634039345,1794.0
kreis_03102,dep_hour_share_work_22,0.0013836826083675061,0.0,0.1383682608367506,1794.0
kreis_03102,dep_hour_share_work_23,0.0006289466401670482,0.0,0.06289466401670482,1794.0
kreis_03102,dep_hour_share_work_4,0.03584995848952175,0.02932437751,0.6525580979521751,1794.0
kreis_03102,dep_hour_share_work_5,0.12415406676897532,0.1539003873,-2.9746320531024675,1794.0
kreis_03102,dep_hour_share_work_6,0.21640795994867795,0.2068248526,0.9583107348677955,1794.0
kreis_03102,dep_hour_share_work_7,0.2362323580467433,0.2462323274,-0.9999969353256699,1794.0
kreis_03102,dep_hour_share_work_8,0.11479534076328965,0.1193508457,-0.455550493671035,1794.0
kreis_03102,dep_hour_share_work_9,0.047799944652695665,0.03168121451,1.6118730142695665,1794.0
kreis_03102,mean_work_activity_h,6.036958463976265,7.072122757,-1.035164293023735,1794.0
kreis_03102,mobility_rate,0.8322250835991851,0.8518945471,-1.9669463500814888,1794.0
kreis_03102,n_persons_unweighted,104068.0,1794.0,102274.0,1794.0
kreis_03102,n_persons_weighted,104068.0,104215.0,-147.0,1794.0
kreis_03102,n_work_activities_measured,39548.0,574.0,38974.0,1794.0
kreis_03102,nonhome_acts_per_mobile,2.008417236283022,2.028576664,-0.020159427716977874,1794.0
kreis_03102,participation_education,0.1843121804973671,0.1930437614,-0.8731580902632902,1794.0
kreis_03102,participation_escort,0.09419802436868202,0.1004531557,-0.6255131331317985,1794.0
kreis_03102,participation_home,0.8322250835991851,0.8392071382,-0.6982054600814913,1794.0
kreis_03102,participation_leisure,0.3178883038013606,0.3421771265,-2.4288822698639354,1794.0
kreis_03102,participation_other,0.22355575200830227,0.1616519367,6.190381530830227,1794.0
kreis_03102,participation_shop,0.1903755236960449,0.261744458,-7.136893430395511,1794.0
kreis_03102,participation_work,0.31794595841180767,0.3302091275,-1.2263169088192305,1794.0
kreis_03102,purpose_share_education,0.07696259591322649,0.06829222748,0.8670368433226494,1794.0
kreis_03102,purpose_share_escort,0.05036045143434812,0.05432030239,-0.3959850955651878,1794.0
kreis_03102,purpose_share_home,0.4234600023201472,0.4340319776,-1.0571975279852819,1794.0
kreis_03102,purpose_share_leisure,0.1350789678659618,0.1552222015,-2.014323363403819,1794.0
kreis_03102,purpose_share_other,0.10518884340663893,0.06476168425,4.0427159156638925,1794.0
kreis_03102,purpose_share_shop,0.07720123962148456,0.1045181978,-2.731695817851544,1794.0
kreis_03102,purpose_share_work,0.13174789943819293,0.118853409,1.2894490438192934,1794.0
kreis_03102,share_mobile_first_from_home,1.0,0.9772171382,2.27828618,1794.0
kreis_03102,share_mobile_last_to_home,1.0,0.971298838,2.8701161999999947,1794.0
kreis_03102,share_mobile_odd_trip_count,0.2590869203768705,0.2177658142,4.132110617687049,1794.0
kreis_03102,share_trips_0,0.16777491640081485,0.1481054529,1.966946350081486,1794.0
kreis_03102,share_trips_1,0.0006245916131760003,0.005918851816,-0.5294260202824,1794.0
kreis_03102,share_trips_2,0.35027097666910095,0.3510270143,-0.07560376308990424,1794.0
kreis_03102,share_trips_3,0.11899911596263982,0.1006662674,1.8332848562639823,1794.0
kreis_03102,share_trips_4,0.18807894837990544,0.2131422171,-2.5063268720094567,1794.0
kreis_03102,share_trips_5,0.06535150094169197,0.04508730437,2.026419657169197,1794.0
kreis_03102,share_trips_6,0.054502825075911907,0.07288561167,-1.8382786594088096,1794.0
kreis_03102,share_trips_7,0.025175846561863398,0.02427825241,0.08975941518633984,1794.0
kreis_03102,share_trips_8plus,0.029221278394895644,0.03888902797,-0.9667749575104353,1794.0
kreis_03102,share_trips_followed_by_same_purpose,0.09677665269054209,0.03392662003,6.2850032660542094,1794.0
kreis_03102,share_trips_home_based,0.821832584809665,0.869356787,-4.7524202190334925,1794.0
kreis_03102,share_trips_unknown_purpose,0.0,0.0004134294961,-0.04134294961,1794.0
kreis_03102,share_work_activities_lt_2h,0.17793567310609892,0.06516546791,11.277020519609893,1794.0
kreis_03102,tours_per_mobile,1.4751524108627379,1.554547509,-0.0793950981372622,1794.0
kreis_03102,trips_per_mobile_person,3.4835696471457602,3.583124174,-0.09955452685423971,1794.0
kreis_03102,trips_per_person,2.899114040819464,3.052443945,-0.1533299041805356,1794.0
kreis_03102,trips_per_person_education,0.22312334242994966,0.2083720135,0.014751328929949653,1794.0
kreis_03102,trips_per_person_escort,0.14600069185532535,0.1657411275,-0.019740435644674648,1794.0
kreis_03102,trips_per_person_home,1.2276588384517815,1.324310546,-0.0966517075482185,1794.0
kreis_03102,trips_per_person_leisure,0.39160933235961104,0.4736111832,-0.08200185084038897,1794.0
kreis_03102,trips_per_person_other,0.30495445285774686,0.1975996837,0.10735476915774686,1794.0
kreis_03102,trips_per_person_shop,0.22381519775531383,0.3189040412,-0.09508884344468616,1794.0
kreis_03102,trips_per_person_work,0.38195218510973594,0.3626433793,0.01930880580973593,1794.0
kreis_03103,dep_hour_share_all_10,0.04657683478802184,,,
kreis_03103,dep_hour_share_all_11,0.05093960340825087,,,
kreis_03103,dep_hour_share_all_12,0.06355065039490577,,,
kreis_03103,dep_hour_share_all_13,0.06866043290492432,,,
kreis_03103,dep_hour_share_all_14,0.07453538589233144,,,
kreis_03103,dep_hour_share_all_15,0.08545008883758932,,,
kreis_03103,dep_hour_share_all_16,0.0856290609153514,,,
kreis_03103,dep_hour_share_all_17,0.08216115268393272,,,
kreis_03103,dep_hour_share_all_18,0.06332239615080343,,,
kreis_03103,dep_hour_share_all_19,0.03670483873059515,,,
kreis_03103,dep_hour_share_all_20,0.0291828238681313,,,
kreis_03103,dep_hour_share_all_21,0.019025510005576667,,,
kreis_03103,dep_hour_share_all_22,0.014107668564462371,,,
kreis_03103,dep_hour_share_all_23,0.006183614976590971,,,
kreis_03103,dep_hour_share_all_4,0.004663649214727586,,,
kreis_03103,dep_hour_share_all_5,0.015422724266279325,,,
kreis_03103,dep_hour_share_all_6,0.04642380069254413,,,
kreis_03103,dep_hour_share_all_7,0.08961572879245723,,,
kreis_03103,dep_hour_share_all_8,0.05690793313188167,,,
kreis_03103,dep_hour_share_all_9,0.04987614613459219,,,
kreis_03103,dep_hour_share_education_10,0.02291934754634299,,,
kreis_03103,dep_hour_share_education_11,0.025249539178520502,,,
kreis_03103,dep_hour_share_education_12,0.026292908566062673,,,
kreis_03103,dep_hour_share_education_13,0.036830939380238584,,,
kreis_03103,dep_hour_share_education_14,0.021493409383368692,,,
kreis_03103,dep_hour_share_education_15,0.03074461795290926,,,
kreis_03103,dep_hour_share_education_16,0.018537196118665878,,,
kreis_03103,dep_hour_share_education_17,0.008486071018676312,,,
kreis_03103,dep_hour_share_education_18,0.007338364692379926,,,
kreis_03103,dep_hour_share_education_19,0.0068514589781935795,,,
kreis_03103,dep_hour_share_education_20,0.00031301081626265085,,,
kreis_03103,dep_hour_share_education_21,0.0001738948979236949,,,
kreis_03103,dep_hour_share_education_22,3.4778979584738986e-05,,,
kreis_03103,dep_hour_share_education_23,3.4778979584738986e-05,,,
kreis_03103,dep_hour_share_education_4,0.0005912426529405627,,,
kreis_03103,dep_hour_share_education_5,0.0031648871422112475,,,
kreis_03103,dep_hour_share_education_6,0.16777379751678087,,,
kreis_03103,dep_hour_share_education_7,0.4416930407261851,,,
kreis_03103,dep_hour_share_education_8,0.12965603589190694,,,
kreis_03103,dep_hour_share_education_9,0.05053385733662574,,,
kreis_03103,dep_hour_share_escort_10,0.01871068337007366,,,
kreis_03103,dep_hour_share_escort_11,0.03801279638690252,,,
kreis_03103,dep_hour_share_escort_12,0.07914404000215065,,,
kreis_03103,dep_hour_share_escort_13,0.07081025861605462,,,
kreis_03103,dep_hour_share_escort_14,0.13118984891660843,,,
kreis_03103,dep_hour_share_escort_15,0.12226463788375719,,,
kreis_03103,dep_hour_share_escort_16,0.07285337921393624,,,
kreis_03103,dep_hour_share_escort_17,0.04935749233829776,,,
kreis_03103,dep_hour_share_escort_18,0.037959030055379324,,,
kreis_03103,dep_hour_share_escort_19,0.01618366578848325,,,
kreis_03103,dep_hour_share_escort_20,0.010807032636163234,,,
kreis_03103,dep_hour_share_escort_21,0.0070433894295392225,,,
kreis_03103,dep_hour_share_escort_22,0.003817409538147212,,,
kreis_03103,dep_hour_share_escort_23,0.001881821603312006,,,
kreis_03103,dep_hour_share_escort_4,0.0010215602989408032,,,
kreis_03103,dep_hour_share_escort_5,0.002473251250067208,,,
kreis_03103,dep_hour_share_escort_6,0.04226033657723534,,,
kreis_03103,dep_hour_share_escort_7,0.16522393677079414,,,
kreis_03103,dep_hour_share_escort_8,0.09651056508414431,,,
kreis_03103,dep_hour_share_escort_9,0.025539007473520083,,,
kreis_03103,dep_hour_share_home_10,0.03285482275196475,,,
kreis_03103,dep_hour_share_home_11,0.053588207109833426,,,
kreis_03103,dep_hour_share_home_12,0.07583366001480955,,,
kreis_03103,dep_hour_share_home_13,0.08816666355541451,,,
kreis_03103,dep_hour_share_home_14,0.0874199630383244,,,
kreis_03103,dep_hour_share_home_15,0.09888181597565757,,,
kreis_03103,dep_hour_share_home_16,0.10107213749245521,,,
kreis_03103,dep_hour_share_home_17,0.10807867734448406,,,
kreis_03103,dep_hour_share_home_18,0.08720839789181555,,,
kreis_03103,dep_hour_share_home_19,0.05488248800612294,,,
kreis_03103,dep_hour_share_home_20,0.054664700355305,,,
kreis_03103,dep_hour_share_home_21,0.03828084650948621,,,
kreis_03103,dep_hour_share_home_22,0.02857996229162389,,,
kreis_03103,dep_hour_share_home_23,0.012843248893949858,,,
kreis_03103,dep_hour_share_home_4,7.467005170901081e-05,,,
kreis_03103,dep_hour_share_home_5,0.000796480551562782,,,
kreis_03103,dep_hour_share_home_6,0.002657009339978968,,,
kreis_03103,dep_hour_share_home_7,0.009539099105826131,,,
kreis_03103,dep_hour_share_home_8,0.019905791284760464,,,
kreis_03103,dep_hour_share_home_9,0.027466134020297808,,,
kreis_03103,dep_hour_share_leisure_10,0.0500287221264818,,,
kreis_03103,dep_hour_share_leisure_11,0.03364840635716399,,,
kreis_03103,dep_hour_share_leisure_12,0.050777238149946904,,,
kreis_03103,dep_hour_share_leisure_13,0.05624314585618048,,,
kreis_03103,dep_hour_share_leisure_14,0.08585304715650947,,,
kreis_03103,dep_hour_share_leisure_15,0.11445332219262973,,,
kreis_03103,dep_hour_share_leisure_16,0.1306073424199697,,,
kreis_03103,dep_hour_share_leisure_17,0.13361881386321306,,,
kreis_03103,dep_hour_share_leisure_18,0.09732449039984682,,,
kreis_03103,dep_hour_share_leisure_19,0.05690462513273104,,,
kreis_03103,dep_hour_share_leisure_20,0.02668546660400021,,,
kreis_03103,dep_hour_share_leisure_21,0.009974411196407124,,,
kreis_03103,dep_hour_share_leisure_22,0.008634045293923094,,,
kreis_03103,dep_hour_share_leisure_23,0.0016014761432276707,,,
kreis_03103,dep_hour_share_leisure_4,0.0007833307222309259,,,
kreis_03103,dep_hour_share_leisure_5,0.0037773948160913537,,,
kreis_03103,dep_hour_share_leisure_6,0.015962539384127977,,,
kreis_03103,dep_hour_share_leisure_7,0.02987101154107264,,,
kreis_03103,dep_hour_share_leisure_8,0.0389924626177172,,,
kreis_03103,dep_hour_share_leisure_9,0.05098612634254182,,,
kreis_03103,dep_hour_share_other_10,0.08992522158778699,,,
kreis_03103,dep_hour_share_other_11,0.08194567216952958,,,
kreis_03103,dep_hour_share_other_12,0.0716487086986645,,,
kreis_03103,dep_hour_share_other_13,0.07690469933344482,,,
kreis_03103,dep_hour_share_other_14,0.08354636022648541,,,
kreis_03103,dep_hour_share_other_15,0.08495592135126741,,,
kreis_03103,dep_hour_share_other_16,0.08703442673865781,,,
kreis_03103,dep_hour_share_other_17,0.06314356021692907,,,
kreis_03103,dep_hour_share_other_18,0.04603769978737129,,,
kreis_03103,dep_hour_share_other_19,0.02281577752825095,,,
kreis_03103,dep_hour_share_other_20,0.009006856678691735,,,
kreis_03103,dep_hour_share_other_21,0.006020498363475644,,,
kreis_03103,dep_hour_share_other_22,0.0038225386434765987,,,
kreis_03103,dep_hour_share_other_23,0.0032491578469551093,,,
kreis_03103,dep_hour_share_other_4,0.0019829419213034855,,,
kreis_03103,dep_hour_share_other_5,0.002914685715650907,,,
kreis_03103,dep_hour_share_other_6,0.01882600281912225,,,
kreis_03103,dep_hour_share_other_7,0.06593879159997133,,,
kreis_03103,dep_hour_share_other_8,0.07848149652387892,,,
kreis_03103,dep_hour_share_other_9,0.0954201208877846,,,
kreis_03103,dep_hour_share_shop_10,0.11663349091813884,,,
kreis_03103,dep_hour_share_shop_11,0.09915401841254043,,,
kreis_03103,dep_hour_share_shop_12,0.087024135357054,,,
kreis_03103,dep_hour_share_shop_13,0.055517541677034085,,,
kreis_03103,dep_hour_share_shop_14,0.07094426474247326,,,
kreis_03103,dep_hour_share_shop_15,0.08717964667827818,,,
kreis_03103,dep_hour_share_shop_16,0.098283155013685,,,
kreis_03103,dep_hour_share_shop_17,0.07592062702164717,,,
kreis_03103,dep_hour_share_shop_18,0.054833291863647673,,,
kreis_03103,dep_hour_share_shop_19,0.011538940034834536,,,
kreis_03103,dep_hour_share_shop_20,0.004198805673052999,,,
kreis_03103,dep_hour_share_shop_21,0.002363772082607614,,,
kreis_03103,dep_hour_share_shop_22,0.002394874346852451,,,
kreis_03103,dep_hour_share_shop_23,0.0005287384921622294,,,
kreis_03103,dep_hour_share_shop_4,0.0002488181139586962,,,
kreis_03103,dep_hour_share_shop_5,0.001088579248569296,,,
kreis_03103,dep_hour_share_shop_6,0.008210997760636975,,,
kreis_03103,dep_hour_share_shop_7,0.0334349340631998,,,
kreis_03103,dep_hour_share_shop_8,0.06898482209504853,,,
kreis_03103,dep_hour_share_shop_9,0.11915277432197063,,,
kreis_03103,dep_hour_share_work_10,0.027857453281182096,,,
kreis_03103,dep_hour_share_work_11,0.02266405910473707,,,
kreis_03103,dep_hour_share_work_12,0.029813124728378965,,,
kreis_03103,dep_hour_share_work_13,0.03674489352455454,,,
kreis_03103,dep_hour_share_work_14,0.019969578444154715,,,
kreis_03103,dep_hour_share_work_15,0.020882225119513254,,,
kreis_03103,dep_hour_share_work_16,0.012516297262059974,,,
kreis_03103,dep_hour_share_work_17,0.00836592785745328,,,
kreis_03103,dep_hour_share_work_18,0.004345936549326379,,,
kreis_03103,dep_hour_share_work_19,0.005171664493698392,,,
kreis_03103,dep_hour_share_work_20,0.004584963059539331,,,
kreis_03103,dep_hour_share_work_21,0.003172533681008257,,,
kreis_03103,dep_hour_share_work_22,0.0008909169926119079,,,
kreis_03103,dep_hour_share_work_23,0.000847457627118644,,,
kreis_03103,dep_hour_share_work_4,0.035071707953063885,,,
kreis_03103,dep_hour_share_work_5,0.11531942633637549,,,
kreis_03103,dep_hour_share_work_6,0.21495002172968275,,,
kreis_03103,dep_hour_share_work_7,0.2540851803563668,,,
kreis_03103,dep_hour_share_work_8,0.11897001303780964,,,
kreis_03103,dep_hour_share_work_9,0.04634941329856584,,,
kreis_03103,mean_work_activity_h,5.795794660624283,,,
kreis_03103,mobility_rate,0.8281130035568229,,,
kreis_03103,n_persons_unweighted,127642.0,,,
kreis_03103,n_persons_weighted,127642.0,,,
kreis_03103,n_work_activities_measured,45898.0,,,
kreis_03103,nonhome_acts_per_mobile,2.126998543073925,,,
kreis_03103,participation_education,0.1783268830008931,,,
kreis_03103,participation_escort,0.09381708215164287,,,
kreis_03103,participation_home,0.8281130035568229,,,
kreis_03103,participation_leisure,0.3588317325018411,,,
kreis_03103,participation_other,0.24095517149527584,,,
kreis_03103,participation_shop,0.2135268955359521,,,
kreis_03103,participation_work,0.2959527428275959,,,
kreis_03103,purpose_share_education,0.07457948046221484,,,
kreis_03103,purpose_share_escort,0.04824205325067763,,,
kreis_03103,purpose_share_home,0.4168415318972337,,,
kreis_03103,purpose_share_leisure,0.14900592682895197,,,
kreis_03103,purpose_share_other,0.1085686124476377,,,
kreis_03103,purpose_share_shop,0.08339580064066816,,,
kreis_03103,purpose_share_work,0.11936659447261598,,,
kreis_03103,share_mobile_first_from_home,1.0,,,
kreis_03103,share_mobile_last_to_home,1.0,,,
kreis_03103,share_mobile_odd_trip_count,0.2992090972734669,,,
kreis_03103,share_trips_0,0.171886996443177,,,
kreis_03103,share_trips_1,0.00047789912411275284,,,
kreis_03103,share_trips_2,0.3146143119036054,,,
kreis_03103,share_trips_3,0.12419109697435013,,,
kreis_03103,share_trips_4,0.17689318562855486,,,
kreis_03103,share_trips_5,0.08570846586546747,,,
kreis_03103,share_trips_6,0.06288682408611586,,,
kreis_03103,share_trips_7,0.027475282430547938,,,
kreis_03103,share_trips_8plus,0.03586593754406857,,,
kreis_03103,share_trips_followed_by_same_purpose,0.09778100561557317,,,
kreis_03103,share_trips_home_based,0.8112778346972389,,,
kreis_03103,share_trips_unknown_purpose,0.0,,,
kreis_03103,share_work_activities_lt_2h,0.19443112989672753,,,
kreis_03103,tours_per_mobile,1.5203780439348358,,,
kreis_03103,trips_per_mobile_person,3.6473765870087607,,,
kreis_03103,trips_per_person,3.0204399805706585,,,
kreis_03103,trips_per_person_education,0.225262844518262,,,
kreis_03103,trips_per_person_escort,0.14571222638316542,,,
kreis_03103,trips_per_person_home,1.2590448285047242,,,
kreis_03103,trips_per_person_leisure,0.45006345873615267,,,
kreis_03103,trips_per_person_other,0.3279249776719262,,,
kreis_03103,trips_per_person_shop,0.2518920104667743,,,
kreis_03103,trips_per_person_work,0.36053963428965385,,,
kreis_03151,dep_hour_share_all_10,0.040741258179159724,0.05327547111,-1.2534212930840276,3574.0
kreis_03151,dep_hour_share_all_11,0.04522149518580257,0.05378061782,-0.8559122634197434,3574.0
kreis_03151,dep_hour_share_all_12,0.059018175485199525,0.06318425229,-0.4166076804800481,3574.0
kreis_03151,dep_hour_share_all_13,0.06642463307413922,0.06681356015,-0.03889270758607871,3574.0
kreis_03151,dep_hour_share_all_14,0.07352488053020284,0.07630277758,-0.2777897049797154,3574.0
kreis_03151,dep_hour_share_all_15,0.08904782045368859,0.08661967614,0.24281443136885822,3574.0
kreis_03151,dep_hour_share_all_16,0.09091761607756303,0.09032553549,0.05920805875630347,3574.0
kreis_03151,dep_hour_share_all_17,0.0764893773791092,0.08789306024,-1.14036828608908,3574.0
kreis_03151,dep_hour_share_all_18,0.0629682861993007,0.06343424151,-0.04659553106993036,3574.0
kreis_03151,dep_hour_share_all_19,0.0416598885777879,0.03569009255,0.5969796027787904,3574.0
kreis_03151,dep_hour_share_all_20,0.02747087654564349,0.0220156406,0.545523594564349,3574.0
kreis_03151,dep_hour_share_all_21,0.017593685947060095,0.01401562092,0.35780650270600955,3574.0
kreis_03151,dep_hour_share_all_22,0.014282788885337702,0.009160260505,0.5122528380337702,3574.0
kreis_03151,dep_hour_share_all_23,0.007444733855549198,0.001397038088,0.6047695767549197,3574.0
kreis_03151,dep_hour_share_all_4,0.004235268900341998,0.002267490539,0.19677783613419983,3574.0
kreis_03151,dep_hour_share_all_5,0.016617641148517655,0.009547669686,0.7069971462517656,3574.0
kreis_03151,dep_hour_share_all_6,0.050961021363898205,0.03465618137,1.6304839993898208,3574.0
kreis_03151,dep_hour_share_all_7,0.09963312198454786,0.107848736,-0.8215614015452135,3574.0
kreis_03151,dep_hour_share_all_8,0.057129241728020336,0.07190555352,-1.4776311791979664,3574.0
kreis_03151,dep_hour_share_all_9,0.0466874761969467,0.04831656661,-0.16290904130532996,3574.0
kreis_03151,dep_hour_share_education_10,0.015454024277773624,0.01203153858,0.3422485697773623,3574.0
kreis_03151,dep_hour_share_education_11,0.02539943667588923,0.009096817215,1.630261946088923,3574.0
kreis_03151,dep_hour_share_education_12,0.026770358184401405,0.01586000299,1.0910355194401404,3574.0
kreis_03151,dep_hour_share_education_13,0.02811635384730427,0.01389920682,1.4217147027304269,3574.0
kreis_03151,dep_hour_share_education_14,0.023529998255190806,0.01103366649,1.2496331765190807,3574.0
kreis_03151,dep_hour_share_education_15,0.03330092973404123,0.03138602005,0.19149096840412327,3574.0
kreis_03151,dep_hour_share_education_16,0.016226725491662305,0.00656040349,0.9666322001662305,3574.0
kreis_03151,dep_hour_share_education_17,0.007727012138886812,0.01918744175,-1.1460429611113188,3574.0
kreis_03151,dep_hour_share_education_18,0.003215434083601286,0.01088533825,-0.7669904166398713,3574.0
kreis_03151,dep_hour_share_education_19,0.00737805030035644,0.0,0.737805030035644,3574.0
kreis_03151,dep_hour_share_education_20,0.0005732944490141828,0.0,0.05732944490141828,3574.0
kreis_03151,dep_hour_share_education_21,0.00029911014731174755,0.0,0.029911014731174756,3574.0
kreis_03151,dep_hour_share_education_22,0.00012462922804656147,0.0,0.012462922804656147,3574.0
kreis_03151,dep_hour_share_education_23,7.477753682793689e-05,0.0,0.007477753682793689,3574.0
kreis_03151,dep_hour_share_education_4,0.0007228495226700566,0.0,0.07228495226700565,3574.0
kreis_03151,dep_hour_share_education_5,0.004087838679927217,0.001631845133,0.2455993546927217,3574.0
kreis_03151,dep_hour_share_education_6,0.1727361100725342,0.09518298409,7.755312598253419,3574.0
kreis_03151,dep_hour_share_education_7,0.4887459807073955,0.5934328793,-10.468689859260449,3574.0
kreis_03151,dep_hour_share_education_8,0.11495799995014831,0.1648780037,-4.992000374985168,3574.0
kreis_03151,dep_hour_share_education_9,0.028739499987537078,0.01493385218,1.3805647807537078,3574.0
kreis_03151,dep_hour_share_escort_10,0.011397510082412765,0.006751716853,0.4645793229412765,3574.0
kreis_03151,dep_hour_share_escort_11,0.027985270910047343,0.06136858157,-3.3383310659952654,3574.0
kreis_03151,dep_hour_share_escort_12,0.059933368402595125,0.04996301876,0.9970349642595127,3574.0
kreis_03151,dep_hour_share_escort_13,0.07603015956514116,0.1096775581,-3.364739853485885,3574.0
kreis_03151,dep_hour_share_escort_14,0.12558302647729266,0.09279235286,3.279067361729267,3574.0
kreis_03151,dep_hour_share_escort_15,0.11358933894441522,0.1053799514,0.820938754441522,3574.0
kreis_03151,dep_hour_share_escort_16,0.08034367876556199,0.06455789437,1.5785784395561997,3574.0
kreis_03151,dep_hour_share_escort_17,0.06319480974925477,0.02937674321,3.3818066539254774,3574.0
kreis_03151,dep_hour_share_escort_18,0.0515167455725057,0.02991605405,2.1600691522505695,3574.0
kreis_03151,dep_hour_share_escort_19,0.026442223391197617,0.02766531207,-0.1223088678802383,3574.0
kreis_03151,dep_hour_share_escort_20,0.005576012624934245,0.009548458349,-0.3972445724065755,3574.0
kreis_03151,dep_hour_share_escort_21,0.00782044537962476,0.004706234511,0.3114210868624759,3574.0
kreis_03151,dep_hour_share_escort_22,0.001893740136770121,0.005124866326,-0.3231126189229879,3574.0
kreis_03151,dep_hour_share_escort_23,0.0019288093985621604,0.0,0.19288093985621604,3574.0
kreis_03151,dep_hour_share_escort_4,0.0004909696650885498,0.0,0.049096966508854985,3574.0
kreis_03151,dep_hour_share_escort_5,0.0016131860424338069,0.0005417023648,0.1071483677633807,3574.0
kreis_03151,dep_hour_share_escort_6,0.047308434157460985,0.01546537353,3.1843060627460984,3574.0
kreis_03151,dep_hour_share_escort_7,0.19238997019112747,0.2216046364,-2.9214666208872533,3574.0
kreis_03151,dep_hour_share_escort_8,0.07676661406277398,0.1450352227,-6.826860863722602,3574.0
kreis_03151,dep_hour_share_escort_9,0.02135718043135192,0.0198520364,0.1505144031351921,3574.0
kreis_03151,dep_hour_share_home_10,0.029951788050389262,0.04084502196,-1.0893233909610736,3574.0
kreis_03151,dep_hour_share_home_11,0.043267251552937085,0.06061309749,-1.7345845937062911,3574.0
kreis_03151,dep_hour_share_home_12,0.07444949638181668,0.06997066698,0.4478829401816681,3574.0
kreis_03151,dep_hour_share_home_13,0.08327768070332726,0.0853597357,-0.20820549966727303,3574.0
kreis_03151,dep_hour_share_home_14,0.08882159748968521,0.0949945457,-0.617294821031479,3574.0
kreis_03151,dep_hour_share_home_15,0.10995892378486676,0.0966377123,1.3321211484866757,3574.0
kreis_03151,dep_hour_share_home_16,0.11119395475212471,0.09912547335,1.20684814021247,3574.0
kreis_03151,dep_hour_share_home_17,0.1003897208830014,0.117556205,-1.7166484116998602,3574.0
kreis_03151,dep_hour_share_home_18,0.09092572432279135,0.08895521924,0.19705050827913545,3574.0
kreis_03151,dep_hour_share_home_19,0.06010941459532152,0.05168985603,0.8419558565321519,3574.0
kreis_03151,dep_hour_share_home_20,0.050521914938385676,0.04145329759,0.9068617348385676,3574.0
kreis_03151,dep_hour_share_home_21,0.03187294733279053,0.02711545077,0.47574965627905297,3574.0
kreis_03151,dep_hour_share_home_22,0.028204447941157635,0.01784287486,1.0361573081157636,3574.0
kreis_03151,dep_hour_share_home_23,0.015625428830196963,0.003038706035,1.2586722795196963,3574.0
kreis_03151,dep_hour_share_home_4,5.4890265211464746e-05,0.0003981406923,-0.034325042708853525,3574.0
kreis_03151,dep_hour_share_home_5,0.000507734953206049,0.001682486915,-0.1174751961793951,3574.0
kreis_03151,dep_hour_share_home_6,0.0019348818487041324,0.006112698831,-0.4177816982295868,3574.0
kreis_03151,dep_hour_share_home_7,0.010827104812961421,0.02255023855,-1.172313373703858,3574.0
kreis_03151,dep_hour_share_home_8,0.01940828294102041,0.03620096444,-1.6792681498979587,3574.0
kreis_03151,dep_hour_share_home_9,0.029494369173627057,0.03585285143,-0.6358482256372943,3574.0
kreis_03151,dep_hour_share_leisure_10,0.04102537572104814,0.05570669057,-1.468131484895186,3574.0
kreis_03151,dep_hour_share_leisure_11,0.03458444346723919,0.03804554098,-0.3461097512760809,3574.0
kreis_03151,dep_hour_share_leisure_12,0.04002948860549937,0.04699122706,-0.6961738454500633,3574.0
kreis_03151,dep_hour_share_leisure_13,0.05465738896505341,0.03195226994,2.2705119025053415,3574.0
kreis_03151,dep_hour_share_leisure_14,0.07489847124860964,0.08200482232,-0.7106351071390362,3574.0
kreis_03151,dep_hour_share_leisure_15,0.1101813290566233,0.1303417906,-2.016046154337671,3574.0
kreis_03151,dep_hour_share_leisure_16,0.16060943118032023,0.1547659692,0.5843461980320236,3574.0
kreis_03151,dep_hour_share_leisure_17,0.1275640859825655,0.1219572218,0.5606864182565494,3574.0
kreis_03151,dep_hour_share_leisure_18,0.09401433042758478,0.1133825256,-1.9368195172415226,3574.0
kreis_03151,dep_hour_share_leisure_19,0.06376264259292791,0.05896213968,0.4800502912927912,3574.0
kreis_03151,dep_hour_share_leisure_20,0.021560309371685765,0.01869717184,0.28631375316857666,3574.0
kreis_03151,dep_hour_share_leisure_21,0.014666701156263742,0.005146799563,0.9519901593263741,3574.0
kreis_03151,dep_hour_share_leisure_22,0.011704907007423885,0.003231748698,0.8473158309423886,3574.0
kreis_03151,dep_hour_share_leisure_23,0.002263379808065392,0.0006512571564,0.16121226516653925,3574.0
kreis_03151,dep_hour_share_leisure_4,0.00015520318683876977,0.003016775514,-0.28615723271612303,3574.0
kreis_03151,dep_hour_share_leisure_5,0.0026772549729687785,0.003321333035,-0.06440780620312214,3574.0
kreis_03151,dep_hour_share_leisure_6,0.018042370470006983,0.008843545751,0.9198824719006984,3574.0
kreis_03151,dep_hour_share_leisure_7,0.026824284125300708,0.01727750194,0.9546782185300708,3574.0
kreis_03151,dep_hour_share_leisure_8,0.046625624046147084,0.05617735909,-0.9551735043852914,3574.0
kreis_03151,dep_hour_share_leisure_9,0.05089371168421325,0.04850358488,0.2390126804213251,3574.0
kreis_03151,dep_hour_share_other_10,0.08572727100573788,0.1237126258,-3.7985354794262127,3574.0
kreis_03151,dep_hour_share_other_11,0.0922794326509743,0.0903879872,0.18914454509742912,3574.0
kreis_03151,dep_hour_share_other_12,0.0645747722839775,0.07820017067,-1.3625398386022503,3574.0
kreis_03151,dep_hour_share_other_13,0.08229969511617778,0.0630453521,1.9254343016177788,3574.0
kreis_03151,dep_hour_share_other_14,0.07998939534531407,0.08562378072,-0.5634385374685926,3574.0
kreis_03151,dep_hour_share_other_15,0.07978108962826898,0.1008998158,-2.1118726171731024,3574.0
kreis_03151,dep_hour_share_other_16,0.07413789838468385,0.09468582851,-2.0547930125316154,3574.0
kreis_03151,dep_hour_share_other_17,0.05650765996932225,0.03513973227,2.136792769932225,3574.0
kreis_03151,dep_hour_share_other_18,0.04260798757740451,0.02164090522,2.096708235740451,3574.0
kreis_03151,dep_hour_share_other_19,0.036074762815535816,0.01225358956,2.3821173255535815,3574.0
kreis_03151,dep_hour_share_other_20,0.018861135834264398,0.005215719467,1.3645416367264398,3574.0
kreis_03151,dep_hour_share_other_21,0.011362130020641202,0.003600892744,0.7761237276641202,3574.0
kreis_03151,dep_hour_share_other_22,0.004866779025507982,0.01051023822,-0.5643459194492019,3574.0
kreis_03151,dep_hour_share_other_23,0.0033139545893536844,0.0,0.3313954589353684,3574.0
kreis_03151,dep_hour_share_other_4,0.0007574753347094135,0.0,0.07574753347094135,3574.0
kreis_03151,dep_hour_share_other_5,0.002916280038631242,0.0006855590116,0.2230721027031242,3574.0
kreis_03151,dep_hour_share_other_6,0.01745980646505198,0.01884942288,-0.138961641494802,3574.0
kreis_03151,dep_hour_share_other_7,0.06641164997064783,0.03849861215,2.791303782064783,3574.0
kreis_03151,dep_hour_share_other_8,0.08012195352888822,0.109142914,-2.9020960471111774,3574.0
kreis_03151,dep_hour_share_other_9,0.08932527884560759,0.1079068537,-1.8581574854392406,3574.0
kreis_03151,dep_hour_share_shop_10,0.11029295328582739,0.1223811126,-1.2088159314172606,3574.0
kreis_03151,dep_hour_share_shop_11,0.0857746107152283,0.09411248034,-0.8337869624771704,3574.0
kreis_03151,dep_hour_share_shop_12,0.08474531538664555,0.1020627898,-1.7317474413354448,3574.0
kreis_03151,dep_hour_share_shop_13,0.05806281340723146,0.07210519603,-1.4042382622768537,3574.0
kreis_03151,dep_hour_share_shop_14,0.08089205595143838,0.07698168234,0.3910373611438381,3574.0
kreis_03151,dep_hour_share_shop_15,0.10868302982317234,0.07081403551,3.786899431317234,3574.0
kreis_03151,dep_hour_share_shop_16,0.08442860913169702,0.1143379935,-2.990938436830298,3574.0
kreis_03151,dep_hour_share_shop_17,0.06542623383478491,0.1143724742,-4.89462403652151,3574.0
kreis_03151,dep_hour_share_shop_18,0.04291369754552653,0.02866793894,1.4245758605526528,3574.0
kreis_03151,dep_hour_share_shop_19,0.015650567432040116,0.01471347049,0.09370969420401162,3574.0
kreis_03151,dep_hour_share_shop_20,0.004460279757191871,0.002839077483,0.1621202274191871,3574.0
kreis_03151,dep_hour_share_shop_21,0.0010292953285827395,0.004475480917,-0.34461855884172604,3574.0
kreis_03151,dep_hour_share_shop_22,0.0005278437582475588,0.0005915770036,-0.006373324535244123,3574.0
kreis_03151,dep_hour_share_shop_23,0.00047505938242280285,0.0,0.047505938242280284,3574.0
kreis_03151,dep_hour_share_shop_4,2.6392187912377936e-05,0.0,0.0026392187912377936,3574.0
kreis_03151,dep_hour_share_shop_5,0.0007653734494589601,0.001394360309,-0.06289868595410399,3574.0
kreis_03151,dep_hour_share_shop_6,0.01456848772763262,0.005051757983,0.9516729744632622,3574.0
kreis_03151,dep_hour_share_shop_7,0.047796252309316445,0.0227578817,2.5038370609316445,3574.0
kreis_03151,dep_hour_share_shop_8,0.08115597783056215,0.06498539394,1.6170583890562154,3574.0
kreis_03151,dep_hour_share_shop_9,0.11058326735286356,0.08735529681,2.322797054286356,3574.0
kreis_03151,dep_hour_share_work_10,0.028505576208178438,0.04095154438,-1.2445968171821566,3574.0
kreis_03151,dep_hour_share_work_11,0.023137546468401486,0.01603574633,0.7101800138401486,3574.0
kreis_03151,dep_hour_share_work_12,0.03067657992565056,0.0507651394,-2.008855947434944,3574.0
kreis_03151,dep_hour_share_work_13,0.036193308550185876,0.05127197728,-1.5078668729814122,3574.0
kreis_03151,dep_hour_share_work_14,0.020743494423791822,0.02269270829,-0.19492138662081765,3574.0
kreis_03151,dep_hour_share_work_15,0.0158364312267658,0.01672250101,-0.0886069783234203,3574.0
kreis_03151,dep_hour_share_work_16,0.01075092936802974,0.006487427178,0.426350219002974,3574.0
kreis_03151,dep_hour_share_work_17,0.008654275092936804,0.008516547155,0.013772793793680356,3574.0
kreis_03151,dep_hour_share_work_18,0.004178438661710037,0.003206143128,0.09722955337100368,3574.0
kreis_03151,dep_hour_share_work_19,0.002215613382899628,0.001482325267,0.07332881158996281,3574.0
kreis_03151,dep_hour_share_work_20,0.004386617100371747,0.001322132511,0.3064484589371747,3574.0
kreis_03151,dep_hour_share_work_21,0.0032267657992565055,0.005578870895,-0.23521050957434944,3574.0
kreis_03151,dep_hour_share_work_22,0.0008327137546468401,0.0,0.08327137546468401,3574.0
kreis_03151,dep_hour_share_work_23,0.0007137546468401486,0.0,0.07137546468401486,3574.0
kreis_03151,dep_hour_share_work_4,0.03130111524163569,0.01329083293,1.8010282311635688,3574.0
kreis_03151,dep_hour_share_work_5,0.11854275092936803,0.06582489289,5.271785803936803,3574.0
kreis_03151,dep_hour_share_work_6,0.22389591078066914,0.1816646257,4.223128508066915,3574.0
kreis_03151,dep_hour_share_work_7,0.25586617100371745,0.3321687438,-7.630257279628255,3574.0
kreis_03151,dep_hour_share_work_8,0.11741263940520447,0.1202209262,-0.2808286794795528,3574.0
kreis_03151,dep_hour_share_work_9,0.04971003717472119,0.05773481954,-0.8024782365278815,3574.0
kreis_03151,mean_work_activity_h,6.017755602188785,6.28423715,-0.2664815478112148,3574.0
kreis_03151,mobility_rate,0.8321462091680151,0.8358940444,-0.3747835231984964,3574.0
kreis_03151,n_persons_unweighted,173669.0,3574.0,170095.0,3574.0
kreis_03151,n_persons_weighted,173669.0,107068.0,66601.0,3574.0
kreis_03151,n_work_activities_measured,67191.0,1236.0,65955.0,3574.0
kreis_03151,nonhome_acts_per_mobile,2.102845320306121,2.139120026,-0.03627470569387903,3574.0
kreis_03151,participation_education,0.18580172627239172,0.1826494134,0.31523128723917326,3574.0
kreis_03151,participation_escort,0.10806188784411726,0.1150801247,-0.7018236855882737,3574.0
kreis_03151,participation_home,0.8321462091680151,0.831216451,0.09297581680151046,3574.0
kreis_03151,participation_leisure,0.35818712608467834,0.3821445253,-2.395739921532164,3574.0
kreis_03151,participation_other,0.21880704098025555,0.1633809278,5.542611318025556,3574.0
kreis_03151,participation_shop,0.18763855380062072,0.2605779723,-7.293941849937929,3574.0
kreis_03151,participation_work,0.3215657371206145,0.3239381085,-0.23723713793855072,3574.0
kreis_03151,purpose_share_education,0.07678027700534146,0.06233506775,1.4445209255341456,3574.0
kreis_03151,purpose_share_escort,0.05457238711850523,0.05977979352,-0.5207406401494765,3574.0
kreis_03151,purpose_share_home,0.4183940426818649,0.4268124939,-0.8418451218135059,3574.0
kreis_03151,purpose_share_leisure,0.14797221908569483,0.1617405157,-1.3768296614305175,3574.0
kreis_03151,purpose_share_other,0.10106274054241297,0.06494569828,3.611704226241297,3574.0
kreis_03151,purpose_share_shop,0.07251438709171185,0.1036245534,-3.111016630828815,3574.0
kreis_03151,purpose_share_work,0.12870394647446878,0.1207618773,0.7942069174468782,3574.0
kreis_03151,share_mobile_first_from_home,1.0,0.9778671254,2.213287460000002,3574.0
kreis_03151,share_mobile_last_to_home,1.0,0.9850407459,1.4959254099999986,3574.0
kreis_03151,share_mobile_odd_trip_count,0.263171369656375,0.2196672558,4.350411385637501,3574.0
kreis_03151,share_trips_0,0.16785379083198498,0.1641059556,0.37478352319849917,3574.0
kreis_03151,share_trips_1,0.0006506630429149704,0.004752026205,-0.410136316208503,3574.0
kreis_03151,share_trips_2,0.33590335638484703,0.3298549021,0.6048454284847016,3574.0
kreis_03151,share_trips_3,0.10852829232620675,0.07512812162,3.340017070620675,3574.0
kreis_03151,share_trips_4,0.18748308563992422,0.222638183,-3.5155097360075773,3574.0
kreis_03151,share_trips_5,0.07551721953831714,0.05928519041,1.6232029128317136,3574.0
kreis_03151,share_trips_6,0.060459840270860085,0.06692578753,-0.6465947259139917,3574.0
kreis_03151,share_trips_7,0.025560117234509325,0.02800039044,-0.24402732054906762,3574.0
kreis_03151,share_trips_8plus,0.03804363473043548,0.04930944301,-1.126580827956452,3574.0
kreis_03151,share_trips_followed_by_same_purpose,0.0902745747985233,0.04155748233,4.87170924685233,3574.0
kreis_03151,share_trips_home_based,0.8156672414486036,0.8513942199,-3.5726978451396385,3574.0
kreis_03151,share_trips_unknown_purpose,0.0,0.0003608672198,-0.03608672198,3574.0
kreis_03151,share_work_activities_lt_2h,0.17176407554583203,0.1076775839,6.4086491645832036,3574.0
kreis_03151,tours_per_mobile,1.5127388975767724,1.591849944,-0.07911104642322764,3574.0
kreis_03151,trips_per_mobile_person,3.6155842178828936,3.73096997,-0.11538575211710622,3574.0
kreis_03151,trips_per_person,3.0086947008389524,3.118695578,-0.11000087716104767,3574.0
kreis_03151,trips_per_person_education,0.2310084125549177,0.1943339461,0.036674466454917704,3574.0
kreis_03151,trips_per_person_escort,0.1641916519355786,0.1863676994,-0.022176047464421395,3574.0
kreis_03151,trips_per_person_home,1.2588199390795134,1.330617888,-0.07179794892048652,3574.0
kreis_03151,trips_per_person_leisure,0.44520323143451046,0.5042374028,-0.059034171365489496,3574.0
kreis_03151,trips_per_person_other,0.30406693192221984,0.2024727699,0.10159416202221985,3574.0
kreis_03151,trips_per_person_shop,0.21817365217741796,0.3230568139,-0.10488316172258205,3574.0
kreis_03151,trips_per_person_work,0.38723088173479436,0.3764836232,0.010747258534794357,3574.0
kreis_03153,dep_hour_share_all_10,0.04859940479906766,0.05240737785,-0.38079730509323406,2258.0
kreis_03153,dep_hour_share_all_11,0.0539374830908826,0.06342503556,-0.9487552469117394,2258.0
kreis_03153,dep_hour_share_all_12,0.06243366423175376,0.06509816517,-0.2664500938246238,2258.0
kreis_03153,dep_hour_share_all_13,0.06823999500530686,0.08363069951,-1.539070450469314,2258.0
kreis_03153,dep_hour_share_all_14,0.07780014984079416,0.07815669826,-0.03565484192058488,2258.0
kreis_03153,dep_hour_share_all_15,0.08454038417514724,0.09058075282,-0.6040368644852758,2258.0
kreis_03153,dep_hour_share_all_16,0.08862978918232711,0.08266902457,0.5960764612327113,2258.0
kreis_03153,dep_hour_share_all_17,0.07515712472164991,0.07316620234,0.19909223816499122,2258.0
kreis_03153,dep_hour_share_all_18,0.062027845414247364,0.05813579809,0.3892047324247361,2258.0
kreis_03153,dep_hour_share_all_19,0.036661567917421076,0.03465676472,0.2004803197421079,2258.0
kreis_03153,dep_hour_share_all_20,0.026604545170756073,0.02049735222,0.6107192950756072,2258.0
kreis_03153,dep_hour_share_all_21,0.018761316101642004,0.01381516028,0.4946155821642003,2258.0
kreis_03153,dep_hour_share_all_22,0.01349087427941146,0.009684183882,0.38066903974114596,2258.0
kreis_03153,dep_hour_share_all_23,0.0070393956421302365,0.001554154463,0.5485241179130237,2258.0
kreis_03153,dep_hour_share_all_4,0.004542049072860086,0.002316186677,0.22258623958600865,2258.0
kreis_03153,dep_hour_share_all_5,0.016459074733096084,0.01754223423,-0.1083159496903914,2258.0
kreis_03153,dep_hour_share_all_6,0.04732471748766935,0.03561214906,1.171256842766935,2258.0
kreis_03153,dep_hour_share_all_7,0.08573963080893218,0.1024405401,-1.6700909291067823,2258.0
kreis_03153,dep_hour_share_all_8,0.058593993881500904,0.0641592531,-0.556525921849909,2258.0
kreis_03153,dep_hour_share_all_9,0.05219194189506982,0.0486711927,0.3520749195069825,2258.0
kreis_03153,dep_hour_share_education_10,0.01918859649122807,0.001404834904,1.778376158722807,2258.0
kreis_03153,dep_hour_share_education_11,0.02412280701754386,0.01986929254,0.4253514477543858,2258.0
kreis_03153,dep_hour_share_education_12,0.016036184210526317,0.02122449286,-0.5188308649473682,2258.0
kreis_03153,dep_hour_share_education_13,0.019965277777777776,0.02026308408,-0.02978063022222241,2258.0
kreis_03153,dep_hour_share_education_14,0.027412280701754384,0.005568766728,2.1843513973754383,2258.0
kreis_03153,dep_hour_share_education_15,0.04061586257309942,0.01293126717,2.7684595403099417,2258.0
kreis_03153,dep_hour_share_education_16,0.015259502923976608,0.007478930673,0.7780572250976608,2258.0
kreis_03153,dep_hour_share_education_17,0.006624634502923977,0.009788265114,-0.31636306110760226,2258.0
kreis_03153,dep_hour_share_education_18,0.009685672514619883,0.002165938638,0.7519733876619883,2258.0
kreis_03153,dep_hour_share_education_19,0.008223684210526315,0.0,0.8223684210526315,2258.0
kreis_03153,dep_hour_share_education_20,0.0005482456140350877,0.0,0.05482456140350877,2258.0
kreis_03153,dep_hour_share_education_21,0.00022843567251461987,0.0,0.022843567251461985,2258.0
kreis_03153,dep_hour_share_education_22,0.0001827485380116959,0.0,0.01827485380116959,2258.0
kreis_03153,dep_hour_share_education_23,0.00013706140350877192,0.0,0.013706140350877192,2258.0
kreis_03153,dep_hour_share_education_4,0.0003198099415204678,0.0,0.031980994152046784,2258.0
kreis_03153,dep_hour_share_education_5,0.0024671052631578946,0.009747126451,-0.7280021187842105,2258.0
kreis_03153,dep_hour_share_education_6,0.17434210526315788,0.05344687683,12.08952284331579,2258.0
kreis_03153,dep_hour_share_education_7,0.4745065789473684,0.6515028391,-17.699626015263153,2258.0
kreis_03153,dep_hour_share_education_8,0.12312682748538012,0.1431430873,-2.001625981461988,2258.0
kreis_03153,dep_hour_share_education_9,0.0367781432748538,0.04146519763,-0.46870543551462,2258.0
kreis_03153,dep_hour_share_escort_10,0.02225972722711308,0.02300717273,-0.07474455028869224,2258.0
kreis_03153,dep_hour_share_escort_11,0.042968571819550244,0.03402464192,0.8943929899550243,2258.0
kreis_03153,dep_hour_share_escort_12,0.05879669753227204,0.06737372291,-0.8577025377727963,2258.0
kreis_03153,dep_hour_share_escort_13,0.07074761665830406,0.09148280048,-2.0735183821695937,2258.0
kreis_03153,dep_hour_share_escort_14,0.1368425854125804,0.1197980689,1.7044516512580405,2258.0
kreis_03153,dep_hour_share_escort_15,0.11389864525840442,0.1255578193,-1.1659174041595597,2258.0
kreis_03153,dep_hour_share_escort_16,0.08712311271267618,0.06627425959,2.0848853122676188,2258.0
kreis_03153,dep_hour_share_escort_17,0.05856862655658441,0.05926481512,-0.06961885634155923,2258.0
kreis_03153,dep_hour_share_escort_18,0.04274050084386261,0.03847381402,0.42666868238626154,2258.0
kreis_03153,dep_hour_share_escort_19,0.020982529763262328,0.02083021503,0.015231473326232647,2258.0
kreis_03153,dep_hour_share_escort_20,0.005656160197053323,0.005588668526,0.006749167105332254,2258.0
kreis_03153,dep_hour_share_escort_21,0.004789490489440314,0.009504298913,-0.47148084235596854,2258.0
kreis_03153,dep_hour_share_escort_22,0.002554394927701501,0.007078376325,-0.45239813972984994,2258.0
kreis_03153,dep_hour_share_escort_23,0.0015508826346759112,0.0,0.1550882634675911,2258.0
kreis_03153,dep_hour_share_escort_4,0.0020982529763262326,0.003014229552,-0.09159765756737676,2258.0
kreis_03153,dep_hour_share_escort_5,0.0028736942936641884,0.006069739354,-0.31960450603358115,2258.0
kreis_03153,dep_hour_share_escort_6,0.04670893582082744,0.01820250643,2.850642939082744,2258.0
kreis_03153,dep_hour_share_escort_7,0.16553391415408475,0.2125039425,-4.697002834591524,2258.0
kreis_03153,dep_hour_share_escort_8,0.07503535100123158,0.083059687,-0.8024335998768408,2258.0
kreis_03153,dep_hour_share_escort_9,0.035351001231583266,0.008891221396,2.6459779835583266,2258.0
kreis_03153,dep_hour_share_home_10,0.03567084258179401,0.04697630147,-1.1305458888205993,2258.0
kreis_03153,dep_hour_share_home_11,0.055747839935793735,0.05563228183,0.01155581057937366,2258.0
kreis_03153,dep_hour_share_home_12,0.07782501285379281,0.07429116762,0.3533845233792812,2258.0
kreis_03153,dep_hour_share_home_13,0.08543069611125742,0.1166993292,-3.1268633088742575,2258.0
kreis_03153,dep_hour_share_home_14,0.08618938339415372,0.09251609461,-0.6326711215846283,2258.0
kreis_03153,dep_hour_share_home_15,0.10117502476706419,0.09748987173,0.36851530370641955,2258.0
kreis_03153,dep_hour_share_home_16,0.11152703058575675,0.1155813595,-0.40543289142432465,2258.0
kreis_03153,dep_hour_share_home_17,0.10097438019638087,0.09717924799,0.37951322063808773,2258.0
kreis_03153,dep_hour_share_home_18,0.08385062011712627,0.07562310874,0.8227511377126268,2258.0
kreis_03153,dep_hour_share_home_19,0.0545188919403584,0.04678991945,0.77289724903584,2258.0
kreis_03153,dep_hour_share_home_20,0.05065021381187063,0.03563306282,1.5017150991870634,2258.0
kreis_03153,dep_hour_share_home_21,0.03541376672560601,0.02619473525,0.9219031475606012,2258.0
kreis_03153,dep_hour_share_home_22,0.025952121189320693,0.01954933901,0.6402782179320693,2258.0
kreis_03153,dep_hour_share_home_23,0.014327276375355831,0.00351613514,1.0811141235355832,2258.0
kreis_03153,dep_hour_share_home_4,6.270142833853755e-05,0.0004532785685,-0.039057714016146244,2258.0
kreis_03153,dep_hour_share_home_5,0.0008590095682379645,0.001566574905,-0.07075653367620355,2258.0
kreis_03153,dep_hour_share_home_6,0.002514327276375356,0.009642484395,-0.7128157118624644,2258.0
kreis_03153,dep_hour_share_home_7,0.010126280676673814,0.01614052634,-0.6014245663326185,2258.0
kreis_03153,dep_hour_share_home_8,0.020597419209209586,0.03842244978,-1.7825030570790414,2258.0
kreis_03153,dep_hour_share_home_9,0.027789273039639843,0.02769443898,0.009483405963984365,2258.0
kreis_03153,dep_hour_share_leisure_10,0.0512023954337045,0.03417401908,1.7028376353704502,2258.0
kreis_03153,dep_hour_share_leisure_11,0.0442968092074483,0.05916144904,-1.48646398325517,2258.0
kreis_03153,dep_hour_share_leisure_12,0.045625526340413586,0.08092315418,-3.5297627839586414,2258.0
kreis_03153,dep_hour_share_leisure_13,0.05037896509778235,0.06058897899,-1.021001389221765,2258.0
kreis_03153,dep_hour_share_leisure_14,0.07904931224852625,0.09461195817,-1.5562645921473743,2258.0
kreis_03153,dep_hour_share_leisure_15,0.10057078693740058,0.1225532912,-2.1982504262599414,2258.0
kreis_03153,dep_hour_share_leisure_16,0.127631702067933,0.09253483615,3.5096865917933013,2258.0
kreis_03153,dep_hour_share_leisure_17,0.11550481893889773,0.09274307075,2.276174818889773,2258.0
kreis_03153,dep_hour_share_leisure_18,0.10176850378965098,0.1140735686,-1.2305064810349013,2258.0
kreis_03153,dep_hour_share_leisure_19,0.05797698137924581,0.05972580881,-0.17488274307541907,2258.0
kreis_03153,dep_hour_share_leisure_20,0.022307476373163656,0.02933975379,-0.7032277416836343,2258.0
kreis_03153,dep_hour_share_leisure_21,0.013923458407410874,0.01128810366,0.2635354747410874,2258.0
kreis_03153,dep_hour_share_leisure_22,0.013193599700570787,0.001770099209,1.1423500491570788,2258.0
kreis_03153,dep_hour_share_leisure_23,0.003499578927669131,0.0005879270829,0.2911651844769131,2258.0
kreis_03153,dep_hour_share_leisure_4,0.0006924300552072611,0.0,0.06924300552072611,2258.0
kreis_03153,dep_hour_share_leisure_5,0.0039674370730794425,0.005110367107,-0.11429300339205577,2258.0
kreis_03153,dep_hour_share_leisure_6,0.01594460559558342,0.01739545402,-0.14508484244165792,2258.0
kreis_03153,dep_hour_share_leisure_7,0.03129035276504164,0.02188765176,0.940270100504164,2258.0
kreis_03153,dep_hour_share_leisure_8,0.05294282773463086,0.05173752422,0.12053035146308635,2258.0
kreis_03153,dep_hour_share_leisure_9,0.0629175633947787,0.04720474733,1.5712816064778707,2258.0
kreis_03153,dep_hour_share_other_10,0.08834152141238756,0.1315819366,-4.324041518761244,2258.0
kreis_03153,dep_hour_share_other_11,0.08111806537003387,0.1243874101,-4.326934472996613,2258.0
kreis_03153,dep_hour_share_other_12,0.06649168853893263,0.04761661363,1.887507490893263,2258.0
kreis_03153,dep_hour_share_other_13,0.07824662942773179,0.04756339058,3.068323884773179,2258.0
kreis_03153,dep_hour_share_other_14,0.09197568252686363,0.05589018401,3.6085498516863623,2258.0
kreis_03153,dep_hour_share_other_15,0.0828678466473742,0.1165910289,-3.37231822526258,2258.0
kreis_03153,dep_hour_share_other_16,0.08378760347264284,0.07428514028,0.9502463192642849,2258.0
kreis_03153,dep_hour_share_other_17,0.055499472822307466,0.0408020817,1.4697391122307466,2258.0
kreis_03153,dep_hour_share_other_18,0.0430939722278305,0.02317033488,1.9923637347830498,2258.0
kreis_03153,dep_hour_share_other_19,0.02523722996163941,0.005202427901,2.003480206063941,2258.0
kreis_03153,dep_hour_share_other_20,0.011530609955806806,0.004642196308,0.6888413647806806,2258.0
kreis_03153,dep_hour_share_other_21,0.008793772573300133,0.0007686538478,0.8025118725500133,2258.0
kreis_03153,dep_hour_share_other_22,0.005025012899028647,0.004482402718,0.05426101810286476,2258.0
kreis_03153,dep_hour_share_other_23,0.003723893487673015,0.0,0.3723893487673015,2258.0
kreis_03153,dep_hour_share_other_4,0.0015927496242456873,0.0,0.15927496242456873,2258.0
kreis_03153,dep_hour_share_other_5,0.0008748906386701663,0.001831961841,-0.09570712023298336,2258.0
kreis_03153,dep_hour_share_other_6,0.01426744733831348,0.01387558487,0.03918624683134798,2258.0
kreis_03153,dep_hour_share_other_7,0.06572896336675864,0.06244021599,0.32887473767586395,2258.0
kreis_03153,dep_hour_share_other_8,0.08813962357269443,0.09131337718,-0.31737536073055683,2258.0
kreis_03153,dep_hour_share_other_9,0.0976512551315701,0.1518387067,-5.41874515684299,2258.0
kreis_03153,dep_hour_share_shop_10,0.1162577250198862,0.1114345698,0.4823155219886202,2258.0
kreis_03153,dep_hour_share_shop_11,0.08853943584409227,0.1205447312,-3.200529535590774,2258.0
kreis_03153,dep_hour_share_shop_12,0.0836443737379918,0.06155905795,2.20853157879918,2258.0
kreis_03153,dep_hour_share_shop_13,0.06308511289236982,0.07150650735,-0.8421394457630182,2258.0
kreis_03153,dep_hour_share_shop_14,0.09545371106895918,0.07546879174,1.9984919328959183,2258.0
kreis_03153,dep_hour_share_shop_15,0.08948785412714924,0.1028407695,-1.3352915372850758,2258.0
kreis_03153,dep_hour_share_shop_16,0.08759101756103531,0.08042503588,0.7165981681035314,2258.0
kreis_03153,dep_hour_share_shop_17,0.06693997430092394,0.08674251959,-1.980254528907606,2258.0
kreis_03153,dep_hour_share_shop_18,0.050969834179771155,0.04028822953,1.0681604649771157,2258.0
kreis_03153,dep_hour_share_shop_19,0.012115278712598666,0.03724363878,-2.512836006740133,2258.0
kreis_03153,dep_hour_share_shop_20,0.0034571376124334576,0.0,0.34571376124334574,2258.0
kreis_03153,dep_hour_share_shop_21,0.000581288625099431,0.004366195127,-0.37849065019005684,2258.0
kreis_03153,dep_hour_share_shop_22,0.0004283179342837912,0.0,0.042831793428379124,2258.0
kreis_03153,dep_hour_share_shop_23,9.178241448938384e-05,0.0,0.009178241448938383,2258.0
kreis_03153,dep_hour_share_shop_4,9.178241448938384e-05,0.0,0.009178241448938383,2258.0
kreis_03153,dep_hour_share_shop_5,0.0010402006975463501,0.0002299281066,0.08102725909463501,2258.0
kreis_03153,dep_hour_share_shop_6,0.012176466988924921,0.005074628411,0.7101838577924922,2258.0
kreis_03153,dep_hour_share_shop_7,0.03603989475616472,0.03182600542,0.42138893361647195,2258.0
kreis_03153,dep_hour_share_shop_8,0.0698464174264211,0.06811076243,0.17356549964211015,2258.0
kreis_03153,dep_hour_share_shop_9,0.1213057578168023,0.1023386292,1.8967128616802302,2258.0
kreis_03153,dep_hour_share_work_10,0.03195604308412513,0.02437427258,0.7581770504125128,2258.0
kreis_03153,dep_hour_share_work_11,0.02967488544621427,0.03661008216,-0.6935196713785733,2258.0
kreis_03153,dep_hour_share_work_12,0.03594310991212584,0.04602808941,-1.008497949787416,2258.0
kreis_03153,dep_hour_share_work_13,0.04715053656794874,0.05766791802,-1.0517381452051258,2258.0
kreis_03153,dep_hour_share_work_14,0.022156983317795014,0.03265190864,-1.0494925322204984,2258.0
kreis_03153,dep_hour_share_work_15,0.019498938765794536,0.01129233743,0.8206601335794536,2258.0
kreis_03153,dep_hour_share_work_16,0.012318251244718624,0.006334458875,0.5983792369718625,2258.0
kreis_03153,dep_hour_share_work_17,0.01039414436752425,0.01017416613,0.02199782375242494,2258.0
kreis_03153,dep_hour_share_work_18,0.005891337551821951,0.001251459409,0.46398781428219504,2258.0
kreis_03153,dep_hour_share_work_19,0.0027572253188661655,0.000786676141,0.19705491778661657,2258.0
kreis_03153,dep_hour_share_work_20,0.003848213754388749,0.00324327462,0.06049391343887489,2258.0
kreis_03153,dep_hour_share_work_21,0.005931009858568226,0.0002235143361,0.5707495522468227,2258.0
kreis_03153,dep_hour_share_work_22,0.0008727907484180668,0.003094140279,-0.22213495305819336,2258.0
kreis_03153,dep_hour_share_work_23,0.0005554122944478607,0.0,0.05554122944478607,2258.0
kreis_03153,dep_hour_share_work_4,0.031182433102572748,0.01567304025,1.550939285257275,2258.0
kreis_03153,dep_hour_share_work_5,0.11481165572372205,0.1217105363,-0.6898880576277953,2258.0
kreis_03153,dep_hour_share_work_6,0.21948703707377065,0.1891580527,3.0328984373770655,2258.0
kreis_03153,dep_hour_share_work_7,0.2290877353063694,0.3056586603,-7.657092499363061,2258.0
kreis_03153,dep_hour_share_work_8,0.1162001864598417,0.1036869266,1.2513259859841697,2258.0
kreis_03153,dep_hour_share_work_9,0.047031519647709914,0.02845216693,1.8579352717709914,2258.0
kreis_03153,mean_work_activity_h,5.658907206938789,6.466280458,-0.807373251061211,2258.0
kreis_03153,mobility_rate,0.825629215331469,0.8323700116,-0.6740796268530969,2258.0
kreis_03153,n_persons_unweighted,127659.0,2258.0,125401.0,2258.0
kreis_03153,n_persons_weighted,127659.0,95795.0,31864.0,2258.0
kreis_03153,n_work_activities_measured,50345.0,826.0,49519.0,2258.0
kreis_03153,nonhome_acts_per_mobile,2.134005066461731,2.220014823,-0.08600975653826914,2258.0
kreis_03153,participation_education,0.1351099413280693,0.145628591,-1.0518649671930698,2258.0
kreis_03153,participation_escort,0.11308250887128993,0.120012767,-0.6930258128710078,2258.0
kreis_03153,participation_home,0.825629215331469,0.8247719592,0.08572561314690308,2258.0
kreis_03153,participation_leisure,0.32210811615318935,0.3479370237,-2.5828907546810664,2258.0
kreis_03153,participation_other,0.2587126642069889,0.1980244057,6.068825850698892,2258.0
kreis_03153,participation_shop,0.2153941359402784,0.2808092782,-6.541514225972161,2258.0
kreis_03153,participation_work,0.30946505925943335,0.3284658498,-1.9000790540566637,2258.0
kreis_03153,purpose_share_education,0.05693950177935943,0.05007344776,0.6866054019359427,2258.0
kreis_03153,purpose_share_escort,0.05703055087303074,0.06229541015,-0.5264859276969264,2258.0
kreis_03153,purpose_share_home,0.4148873072360617,0.4189974931,-0.4110185863938298,2258.0
kreis_03153,purpose_share_leisure,0.13900595200932342,0.1540440778,-1.5038125790676593,2258.0
kreis_03153,purpose_share_other,0.11596272710245364,0.08123393901,3.4728788092453637,2258.0
kreis_03153,purpose_share_shop,0.08502944787829597,0.1102021466,-2.5172698721704023,2258.0
kreis_03153,purpose_share_work,0.1311445131214751,0.1231534856,0.7991027521475097,2258.0
kreis_03153,share_mobile_first_from_home,1.0,0.9822715632,1.7728436800000025,2258.0
kreis_03153,share_mobile_last_to_home,1.0,0.9834002883,1.6599711699999964,2258.0
kreis_03153,share_mobile_odd_trip_count,0.29358912323646336,0.2276124655,6.5976657736463356,2258.0
kreis_03153,share_trips_0,0.174370784668531,0.1676299884,0.6740796268530996,2258.0
kreis_03153,share_trips_1,0.0010340046530209386,0.002313128098,-0.12791234449790612,2258.0
kreis_03153,share_trips_2,0.33048982053752574,0.3282780951,0.22117254375257356,2258.0
kreis_03153,share_trips_3,0.1167171918940302,0.08590477545,3.0812416444030197,2258.0
kreis_03153,share_trips_4,0.1599808865806563,0.194497228,-3.4516341419343703,2258.0
kreis_03153,share_trips_5,0.085250550294143,0.05496935306,3.0281197234143,2258.0
kreis_03153,share_trips_6,0.06418662217313312,0.07146337992,-0.7276757746866882,2258.0
kreis_03153,share_trips_7,0.027369789830720904,0.03608694801,-0.8717158179279098,2258.0
kreis_03153,share_trips_8plus,0.04060034936823882,0.058857104,-1.8256754631761178,2258.0
kreis_03153,share_trips_followed_by_same_purpose,0.10634794281076357,0.04814703654,5.820090627076357,2258.0
kreis_03153,share_trips_home_based,0.8037579863062163,0.8371207738,-3.336278749378374,2258.0
kreis_03153,share_trips_unknown_purpose,0.0,0.0006905355139,-0.06905355139,2258.0
kreis_03153,share_work_activities_lt_2h,0.20438971099414044,0.1135096853,9.088002569414044,2258.0
kreis_03153,tours_per_mobile,1.5131642615205079,1.599090611,-0.08592634947949218,2258.0
kreis_03153,trips_per_mobile_person,3.647169327982239,3.819105434,-0.17193610601776088,2258.0
kreis_03153,trips_per_person,3.011209550442977,3.178908834,-0.16769928355702302,2258.0
kreis_03153,trips_per_person_education,0.171456771555472,0.1590690068,0.012387764755472014,2258.0
kreis_03153,trips_per_person_escort,0.1717309394558942,0.1978946819,-0.026163742444105798,2258.0
kreis_03153,trips_per_person_home,1.2493126219067985,1.33103507,-0.0817224480932015,2258.0
kreis_03153,trips_per_person_leisure,0.41857605025889283,0.48935393,-0.07077787974110716,2258.0
kreis_03153,trips_per_person_other,0.34918807134632107,0.2580569657,0.0911311056463211,2258.0
kreis_03153,trips_per_person_shop,0.25604148552001815,0.3500806672,-0.09403918167998182,2258.0
kreis_03153,trips_per_person_work,0.3949036103995801,0.3912233631,0.0036802472995801083,2258.0
kreis_03154,dep_hour_share_all_10,0.048323674375778586,0.06207068411,-1.3747009734221418,1761.0
kreis_03154,dep_hour_share_all_11,0.05253750744732709,0.05855026925,-0.6012761802672912,1761.0
kreis_03154,dep_hour_share_all_12,0.05922475581794219,0.06244773228,-0.3222976462057811,1761.0
kreis_03154,dep_hour_share_all_13,0.06633085991803427,0.07161385978,-0.5282999861965731,1761.0
kreis_03154,dep_hour_share_all_14,0.07367166765964361,0.07427548446,-0.06038168003563854,1761.0
kreis_03154,dep_hour_share_all_15,0.08632038852479734,0.09545626666,-0.9135878135202655,1761.0
kreis_03154,dep_hour_share_all_16,0.08850132697828089,0.1002803984,-1.1779071421719105,1761.0
kreis_03154,dep_hour_share_all_17,0.07679864232970446,0.0682875799,0.8511062429704452,1761.0
kreis_03154,dep_hour_share_all_18,0.06366968170575385,0.06295902495,0.07106567557538523,1761.0
kreis_03154,dep_hour_share_all_19,0.039495206629475164,0.0319258347,0.7569371929475162,1761.0
kreis_03154,dep_hour_share_all_20,0.02888660203289462,0.02363699647,0.5249605562894617,1761.0
kreis_03154,dep_hour_share_all_21,0.020144794092689884,0.01439045814,0.5754335952689884,1761.0
kreis_03154,dep_hour_share_all_22,0.014183321598151258,0.005699764231,0.8483557367151259,1761.0
kreis_03154,dep_hour_share_all_23,0.006553647836212966,0.002423430965,0.4130216871212966,1761.0
kreis_03154,dep_hour_share_all_4,0.0038346964198667606,0.003195060167,0.06396362528667604,1761.0
kreis_03154,dep_hour_share_all_5,0.0170358735488996,0.01307586481,0.39600087388995986,1761.0
kreis_03154,dep_hour_share_all_6,0.04671685713769882,0.03685247029,0.9864386847698816,1761.0
kreis_03154,dep_hour_share_all_7,0.08576793226091824,0.1043748671,-1.8606934839081768,1761.0
kreis_03154,dep_hour_share_all_8,0.05876257018541588,0.06215595232,-0.3393382134584122,1761.0
kreis_03154,dep_hour_share_all_9,0.05300691473036163,0.04393311096,0.9073803770361627,1761.0
kreis_03154,dep_hour_share_education_10,0.014967801821662702,0.003979768808,1.0988033013662701,1761.0
kreis_03154,dep_hour_share_education_11,0.016998317572663457,0.006089696943,1.0908620629663457,1761.0
kreis_03154,dep_hour_share_education_12,0.020653245924464814,0.01314888278,0.7504363144464815,1761.0
kreis_03154,dep_hour_share_education_13,0.030805824679468585,0.002655089981,2.8150734698468587,1761.0
kreis_03154,dep_hour_share_education_14,0.026802807913209957,0.03264672969,-0.5843921776790044,1761.0
kreis_03154,dep_hour_share_education_15,0.03097986888669722,0.005156528215,2.5823340671697217,1761.0
kreis_03154,dep_hour_share_education_16,0.016650229158206183,0.01384157015,0.28086590082061835,1761.0
kreis_03154,dep_hour_share_education_17,0.010094564019260892,0.01182236213,-0.1727798110739108,1761.0
kreis_03154,dep_hour_share_education_18,0.007425886175088473,0.006968813771,0.0457072404088473,1761.0
kreis_03154,dep_hour_share_education_19,0.007135812496374079,0.001437982093,0.5697830403374079,1761.0
kreis_03154,dep_hour_share_education_20,0.00029007367871439346,0.0,0.029007367871439347,1761.0
kreis_03154,dep_hour_share_education_21,0.00023205894297151478,0.0,0.023205894297151478,1761.0
kreis_03154,dep_hour_share_education_22,0.00011602947148575739,0.0,0.011602947148575739,1761.0
kreis_03154,dep_hour_share_education_23,0.0,0.0,0.0,1761.0
kreis_03154,dep_hour_share_education_4,0.00029007367871439346,0.0,0.029007367871439347,1761.0
kreis_03154,dep_hour_share_education_5,0.0032488252016012065,0.0,0.32488252016012065,1761.0
kreis_03154,dep_hour_share_education_6,0.17769913558043743,0.1040818782,7.361725738043742,1761.0
kreis_03154,dep_hour_share_education_7,0.4717758310610895,0.6825804706,-21.080463953891055,1761.0
kreis_03154,dep_hour_share_education_8,0.12583396182630388,0.09882488457,2.7009077256303886,1761.0
kreis_03154,dep_hour_share_education_9,0.0378256077043569,0.01676534205,2.1060265654356902,1761.0
kreis_03154,dep_hour_share_escort_10,0.020670194003527338,0.0008394805377,1.9830713465827339,1761.0
kreis_03154,dep_hour_share_escort_11,0.031675485008818345,0.03305299812,-0.1377513111181658,1761.0
kreis_03154,dep_hour_share_escort_12,0.0637037037037037,0.02678571647,3.691798723370371,1761.0
kreis_03154,dep_hour_share_escort_13,0.06779541446208114,0.08540865615,-1.7613241687918864,1761.0
kreis_03154,dep_hour_share_escort_14,0.1327689594356261,0.159562714,-2.6793754564373886,1761.0
kreis_03154,dep_hour_share_escort_15,0.12014109347442681,0.1445334976,-2.4392404125573197,1761.0
kreis_03154,dep_hour_share_escort_16,0.07583774250440917,0.05945111565,1.638662685440917,1761.0
kreis_03154,dep_hour_share_escort_17,0.057566137566137564,0.07232574487,-1.4759607303862436,1761.0
kreis_03154,dep_hour_share_escort_18,0.04317460317460318,0.04177022239,0.14043807846031778,1761.0
kreis_03154,dep_hour_share_escort_19,0.01855379188712522,0.02122784937,-0.2674057482874779,1761.0
kreis_03154,dep_hour_share_escort_20,0.006490299823633157,0.01315893533,-0.6668635506366842,1761.0
kreis_03154,dep_hour_share_escort_21,0.007407407407407408,0.0,0.7407407407407408,1761.0
kreis_03154,dep_hour_share_escort_22,0.0021869488536155205,0.0,0.21869488536155204,1761.0
kreis_03154,dep_hour_share_escort_23,0.0019047619047619048,0.0,0.19047619047619047,1761.0
kreis_03154,dep_hour_share_escort_4,0.0009171075837742504,0.0,0.09171075837742504,1761.0
kreis_03154,dep_hour_share_escort_5,0.0016225749559082893,0.0007529550837,0.08696198722082893,1761.0
kreis_03154,dep_hour_share_escort_6,0.04268077601410935,0.01834383594,2.433694007410935,1761.0
kreis_03154,dep_hour_share_escort_7,0.17671957671957672,0.1984839152,-2.1764338480423278,1761.0
kreis_03154,dep_hour_share_escort_8,0.0871252204585538,0.1134303427,-2.630512224144621,1761.0
kreis_03154,dep_hour_share_escort_9,0.03647266313932981,0.01087202053,2.5600642609329807,1761.0
kreis_03154,dep_hour_share_home_10,0.03540880119279094,0.04492175025,-0.9512949057209064,1761.0
kreis_03154,dep_hour_share_home_11,0.05363199609378406,0.06234447055,-0.8712474456215945,1761.0
kreis_03154,dep_hour_share_home_12,0.0705298677292504,0.07492357487,-0.4393707140749589,1761.0
kreis_03154,dep_hour_share_home_13,0.08107141922939427,0.09078154704,-0.971012781060572,1761.0
kreis_03154,dep_hour_share_home_14,0.08418418505698018,0.07089193347,1.3292251586980177,1761.0
kreis_03154,dep_hour_share_home_15,0.10243353765400344,0.1238723366,-2.1438798945996553,1761.0
kreis_03154,dep_hour_share_home_16,0.10848468466897436,0.1228347913,-1.4350106631025636,1761.0
kreis_03154,dep_hour_share_home_17,0.10218067992571214,0.0814453777,2.073530222571214,1761.0
kreis_03154,dep_hour_share_home_18,0.09055794365632275,0.08995911956,0.05988240963227531,1761.0
kreis_03154,dep_hour_share_home_19,0.05826190829111772,0.0485103465,0.9751561791117719,1761.0
kreis_03154,dep_hour_share_home_20,0.052768792124789646,0.04397725021,0.8791541914789647,1761.0
kreis_03154,dep_hour_share_home_21,0.038085605419874616,0.02563765668,1.2447948739874617,1761.0
kreis_03154,dep_hour_share_home_22,0.028878096417267567,0.01282509798,1.605299843726757,1761.0
kreis_03154,dep_hour_share_home_23,0.013854859663960798,0.005606254156,0.8248605507960798,1761.0
kreis_03154,dep_hour_share_home_4,7.8473088090401e-05,0.0006030866858,-0.0524613597709599,1761.0
kreis_03154,dep_hour_share_home_5,0.00078473088090401,0.00266922052,-0.188448963909599,1761.0
kreis_03154,dep_hour_share_home_6,0.0021885272345211833,0.008493714497,-0.6305187262478816,1761.0
kreis_03154,dep_hour_share_home_7,0.009643470603109277,0.02114835001,-1.1504879406890722,1761.0
kreis_03154,dep_hour_share_home_8,0.019609552790590203,0.04138234612,-2.17727933294098,1761.0
kreis_03154,dep_hour_share_home_9,0.030247015842844564,0.02587608931,0.43709265328445646,1761.0
kreis_03154,dep_hour_share_leisure_10,0.045379597103735035,0.07536460558,-2.998500847626496,1761.0
kreis_03154,dep_hour_share_leisure_11,0.04040910937462661,0.04516560624,-0.47564968653733897,1761.0
kreis_03154,dep_hour_share_leisure_12,0.04953760126173919,0.04981854766,-0.028094639826080348,1761.0
kreis_03154,dep_hour_share_leisure_13,0.05759074724591966,0.03621516808,2.137557916591966,1761.0
kreis_03154,dep_hour_share_leisure_14,0.0779267330991469,0.09255633098,-1.4629597880853107,1761.0
kreis_03154,dep_hour_share_leisure_15,0.10524051903362248,0.1058846696,-0.06441505663775104,1761.0
kreis_03154,dep_hour_share_leisure_16,0.13903027696131146,0.1550299239,-1.599964693868855,1761.0
kreis_03154,dep_hour_share_leisure_17,0.11757115205391068,0.1215240792,-0.3952927146089316,1761.0
kreis_03154,dep_hour_share_leisure_18,0.09850168470858126,0.0980332311,0.04684536085812485,1761.0
kreis_03154,dep_hour_share_leisure_19,0.061987717160130955,0.0421005409,1.9887176260130959,1761.0
kreis_03154,dep_hour_share_leisure_20,0.029153822257270534,0.008369642156,2.078418010127053,1761.0
kreis_03154,dep_hour_share_leisure_21,0.014983152914187397,0.005249754289,0.9733398625187397,1761.0
kreis_03154,dep_hour_share_leisure_22,0.010036561760699692,0.0008060443813,0.9230517379399691,1761.0
kreis_03154,dep_hour_share_leisure_23,0.002509140440174923,0.0002329302224,0.2276210217774923,1761.0
kreis_03154,dep_hour_share_leisure_4,0.00045403493679355746,0.001727608706,-0.12735737692064425,1761.0
kreis_03154,dep_hour_share_leisure_5,0.003727865796831314,0.003396528557,0.03313372398313138,1761.0
kreis_03154,dep_hour_share_leisure_6,0.01648863717829235,0.01623190741,0.025672976829235056,1761.0
kreis_03154,dep_hour_share_leisure_7,0.02537816330919779,0.02907391021,-0.36957469008022104,1761.0
kreis_03154,dep_hour_share_leisure_8,0.041197696370110164,0.05683768705,-1.563999067988984,1761.0
kreis_03154,dep_hour_share_leisure_9,0.05895285205630033,0.05593859604,0.3014256016300329,1761.0
kreis_03154,dep_hour_share_other_10,0.08926348050952974,0.1168359878,-2.7572507290470254,1761.0
kreis_03154,dep_hour_share_other_11,0.08785876193212655,0.1256523253,-3.7793563367873455,1761.0
kreis_03154,dep_hour_share_other_12,0.06994860007023593,0.04594481099,2.4003789080235927,1761.0
kreis_03154,dep_hour_share_other_13,0.0774829997126712,0.1219334212,-4.445042148732881,1761.0
kreis_03154,dep_hour_share_other_14,0.08814609073204993,0.1058910885,-1.7744997767950064,1761.0
kreis_03154,dep_hour_share_other_15,0.08156945375602592,0.08328690462,-0.1717450863974082,1761.0
kreis_03154,dep_hour_share_other_16,0.07863231491236472,0.05241096696,2.622134795236472,1761.0
kreis_03154,dep_hour_share_other_17,0.05954091242856687,0.02649349131,3.304742111856687,1761.0
kreis_03154,dep_hour_share_other_18,0.0425565878108738,0.02205314131,2.05034465008738,1761.0
kreis_03154,dep_hour_share_other_19,0.0258276665708904,0.02202918232,0.37984842508904,1761.0
kreis_03154,dep_hour_share_other_20,0.012227436707850462,0.003557888283,0.8669548424850462,1761.0
kreis_03154,dep_hour_share_other_21,0.008715640264342496,0.0,0.8715640264342496,1761.0
kreis_03154,dep_hour_share_other_22,0.004309931998850685,0.001193481369,0.3116450629850685,1761.0
kreis_03154,dep_hour_share_other_23,0.001851674488395109,0.0,0.18516744883951092,1761.0
kreis_03154,dep_hour_share_other_4,0.0015324202662580213,0.0,0.15324202662580214,1761.0
kreis_03154,dep_hour_share_other_5,0.0026178846215241195,0.009020004278,-0.640211965647588,1761.0
kreis_03154,dep_hour_share_other_6,0.015451904351435048,0.01720896226,-0.17570579085649501,1761.0
kreis_03154,dep_hour_share_other_7,0.06305270887207483,0.04298486993,2.0067838942074827,1761.0
kreis_03154,dep_hour_share_other_8,0.08623056539922741,0.07866410799,0.7566457409227414,1761.0
kreis_03154,dep_hour_share_other_9,0.09734061232959806,0.1248393656,-2.749875327040194,1761.0
kreis_03154,dep_hour_share_shop_10,0.12575527059334926,0.1601016876,-3.4346417006650727,1761.0
kreis_03154,dep_hour_share_shop_11,0.09623994783742665,0.08107734514,1.5162602697426641,1761.0
kreis_03154,dep_hour_share_shop_12,0.07494023038469898,0.07510487905,-0.016464866530102595,1761.0
kreis_03154,dep_hour_share_shop_13,0.057900456422516844,0.06445719671,-0.6556740287483154,1761.0
kreis_03154,dep_hour_share_shop_14,0.07289719626168224,0.09063636929,-1.773917302831776,1761.0
kreis_03154,dep_hour_share_shop_15,0.09754401217126711,0.09567766789,0.18663442812671127,1761.0
kreis_03154,dep_hour_share_shop_16,0.0872419039339274,0.122642756,-3.54008520660726,1761.0
kreis_03154,dep_hour_share_shop_17,0.06515974788089546,0.06407174735,0.10880005308954582,1761.0
kreis_03154,dep_hour_share_shop_18,0.03933927407085416,0.03957267966,-0.02334055891458353,1761.0
kreis_03154,dep_hour_share_shop_19,0.015648772006085634,0.01306296914,0.25858028660856336,1761.0
kreis_03154,dep_hour_share_shop_20,0.004433818735057596,0.0008375024452,0.3596316289857596,1761.0
kreis_03154,dep_hour_share_shop_21,0.001347533144968485,0.008402424389,-0.7054891244031515,1761.0
kreis_03154,dep_hour_share_shop_22,0.0006955009780482504,0.0,0.06955009780482505,1761.0
kreis_03154,dep_hour_share_shop_23,0.0004346881112801565,0.0,0.04346881112801565,1761.0
kreis_03154,dep_hour_share_shop_4,0.0001738752445120626,0.0,0.01738752445120626,1761.0
kreis_03154,dep_hour_share_shop_5,0.0011736579004564226,0.0,0.11736579004564225,1761.0
kreis_03154,dep_hour_share_shop_6,0.010041295370571615,0.01202395152,-0.1982656149428384,1761.0
kreis_03154,dep_hour_share_shop_7,0.03755705281460552,0.03905452015,-0.14974673353944784,1761.0
kreis_03154,dep_hour_share_shop_8,0.08189524016518149,0.05067274122,3.122249894518149,1761.0
kreis_03154,dep_hour_share_shop_9,0.12732014779395784,0.0826035624,4.471658539395785,1761.0
kreis_03154,dep_hour_share_work_10,0.03412270327958695,0.02821033718,0.5912366099586949,1761.0
kreis_03154,dep_hour_share_work_11,0.028844212408780177,0.03649074971,-0.7646537301219822,1761.0
kreis_03154,dep_hour_share_work_12,0.03074793042775967,0.0691151671,-3.836723667224033,1761.0
kreis_03154,dep_hour_share_work_13,0.04069918370878883,0.0547943844,-1.4095200691211167,1761.0
kreis_03154,dep_hour_share_work_14,0.020335169748190024,0.01071592853,0.9619241218190024,1761.0
kreis_03154,dep_hour_share_work_15,0.020710144509504168,0.00778838231,1.2921762199504168,1761.0
kreis_03154,dep_hour_share_work_16,0.012056880786870115,0.007751212765,0.43056680218701143,1761.0
kreis_03154,dep_hour_share_work_17,0.007961002624823329,0.001631617885,0.6329384739823328,1761.0
kreis_03154,dep_hour_share_work_18,0.004240099224090686,0.0004865293025,0.3753569921590686,1761.0
kreis_03154,dep_hour_share_work_19,0.003086330727739479,0.0,0.3086330727739479,1761.0
kreis_03154,dep_hour_share_work_20,0.004211255011681906,0.0211683322,-1.6957077188318095,1761.0
kreis_03154,dep_hour_share_work_21,0.00493236032190141,0.01350213162,-0.856977129809859,1761.0
kreis_03154,dep_hour_share_work_22,0.00034613054890536213,0.0002381207411,0.010800980780536212,1761.0
kreis_03154,dep_hour_share_work_23,0.0007499495226282846,0.0,0.07499495226282846,1761.0
kreis_03154,dep_hour_share_work_4,0.02780582076206409,0.02197396525,0.5831855512064089,1761.0
kreis_03154,dep_hour_share_work_5,0.12356860595921429,0.08869688724,3.4871718719214293,1761.0
kreis_03154,dep_hour_share_work_6,0.2196198332804523,0.1780825382,4.153729508045228,1761.0
kreis_03154,dep_hour_share_work_7,0.23389771842279847,0.3047986337,-7.090091527720152,1761.0
kreis_03154,dep_hour_share_work_8,0.12437624390666013,0.1070376473,1.7338596606660137,1761.0
kreis_03154,dep_hour_share_work_9,0.046064207216821945,0.0328678353,1.3196371916821943,1761.0
kreis_03154,mean_work_activity_h,5.660132398079457,6.355170737,-0.6950383389205426,1761.0
kreis_03154,mobility_rate,0.8379843249806822,0.8422844969,-0.43001719193177523,1761.0
kreis_03154,n_persons_unweighted,90590.0,1761.0,88829.0,1761.0
kreis_03154,n_persons_weighted,90590.0,55924.0,34666.0,1761.0
kreis_03154,n_work_activities_measured,34643.0,607.0,34036.0,1761.0
kreis_03154,nonhome_acts_per_mobile,2.137394122218856,2.168146457,-0.030752334781144253,1761.0
kreis_03154,participation_education,0.1491113809471244,0.1566083895,-0.7497008552875606,1761.0
kreis_03154,participation_escort,0.10089413842587482,0.1066033005,-0.5709162074125183,1761.0
kreis_03154,participation_home,0.8379843249806822,0.8384272405,-0.044291551931774364,1761.0
kreis_03154,participation_leisure,0.3605695992935203,0.3832723827,-2.270278340647974,1761.0
kreis_03154,participation_other,0.253107406998565,0.1766926064,7.641480059856498,1761.0
kreis_03154,participation_shop,0.21333480516613312,0.2917111385,-7.83763333338669,1761.0
kreis_03154,participation_work,0.3007175184898995,0.3214259891,-2.0708470610100447,1761.0
kreis_03154,purpose_share_education,0.062239794905125566,0.05299640443,0.9243390475125568,1761.0
kreis_03154,purpose_share_escort,0.051183447977035154,0.04975880244,0.14246455370351546,1761.0
kreis_03154,purpose_share_home,0.41412193756883137,0.4269593928,-1.2837455231168637,1761.0
kreis_03154,purpose_share_leisure,0.15110220440881764,0.1623001646,-1.1197960191182355,1761.0
kreis_03154,purpose_share_other,0.11310187943454476,0.06896078783,4.414109160454477,1761.0
kreis_03154,purpose_share_shop,0.08306703497084258,0.1179408427,-3.487380772915742,1761.0
kreis_03154,purpose_share_work,0.12518370073480295,0.1210836052,0.410009553480295,1761.0
kreis_03154,share_mobile_first_from_home,1.0,0.971415874,2.8584126000000043,1761.0
kreis_03154,share_mobile_last_to_home,1.0,0.9801030915,1.9896908500000032,1761.0
kreis_03154,share_mobile_odd_trip_count,0.29919776586355434,0.2300324463,6.916531956355435,1761.0
kreis_03154,share_trips_0,0.1620156750193178,0.1577155031,0.4300171919317808,1761.0
kreis_03154,share_trips_1,0.0008830996798763661,0.006616003335,-0.5732903655123633,1761.0
kreis_03154,share_trips_2,0.3157191743017993,0.3086377183,0.7081456001799324,1761.0
kreis_03154,share_trips_3,0.12474886852853516,0.08493575231,3.9813116218535156,1761.0
kreis_03154,share_trips_4,0.18649961364389006,0.2289717101,-4.247209645610994,1761.0
kreis_03154,share_trips_5,0.08867424660558561,0.05452956044,3.414468616558561,1761.0
kreis_03154,share_trips_6,0.058604702505795345,0.07674607943,-1.8141376924204657,1761.0
kreis_03154,share_trips_7,0.02487029473451816,0.03869570917,-1.3825414435481842,1761.0
kreis_03154,share_trips_8plus,0.037984324980682195,0.04315196375,-0.5167638769317806,1761.0
kreis_03154,share_trips_followed_by_same_purpose,0.10805755655455054,0.04074375061,6.7313805944550555,1761.0
kreis_03154,share_trips_home_based,0.8042535521493437,0.8514306391,-4.717708695065637,1761.0
kreis_03154,share_trips_unknown_purpose,0.0,0.0002245328896,-0.02245328896,1761.0
kreis_03154,share_work_activities_lt_2h,0.2039373033513264,0.1041750996,9.97622037513264,1761.0
kreis_03154,tours_per_mobile,1.510795252460053,1.614803253,-0.10400800053994708,1761.0
kreis_03154,trips_per_mobile_person,3.6481893746789087,3.78294971,-0.13476033532109133,1761.0
kreis_03154,trips_per_person,3.0571255105420025,3.186319893,-0.1291943824579973,1761.0
kreis_03154,trips_per_person_education,0.1902748647753615,0.1688255823,0.021449282475361514,1761.0
kreis_03154,trips_per_person_escort,0.15647422452809362,0.158511863,-0.0020376384719063834,1761.0
kreis_03154,trips_per_person_home,1.2660227398167567,1.360123746,-0.09410100618324324,1761.0
kreis_03154,trips_per_person_leisure,0.46193840379732864,0.5170241282,-0.05508572440267134,1761.0
kreis_03154,trips_per_person_other,0.3457666409095927,0.2196817933,0.12608484760959268,1761.0
kreis_03154,trips_per_person_shop,0.2539463516944475,0.3757128743,-0.12176652260555249,1761.0
kreis_03154,trips_per_person_work,0.3827022850204217,0.3857244727,-0.003022187679578292,1761.0
kreis_03157,dep_hour_share_all_10,0.044160994305473274,0.05040664724,-0.6245652934526724,2446.0
kreis_03157,dep_hour_share_all_11,0.04576174873958724,0.04791158955,-0.21498408104127648,2446.0
kreis_03157,dep_hour_share_all_12,0.05931012803617415,0.06730605092,-0.7995922883825848,2446.0
kreis_03157,dep_hour_share_all_13,0.06880100591215195,0.07105049827,-0.22494923578480486,2446.0
kreis_03157,dep_hour_share_all_14,0.07512906384882301,0.07151439576,0.3614668088823006,2446.0
kreis_03157,dep_hour_share_all_15,0.08953827181390625,0.09135650668,-0.18182348660937542,2446.0
kreis_03157,dep_hour_share_all_16,0.08862908198425844,0.09790233586,-0.9273253875741558,2446.0
kreis_03157,dep_hour_share_all_17,0.0770804367012852,0.09156566576,-1.44852290587148,2446.0
kreis_03157,dep_hour_share_all_18,0.06094957139920929,0.06794690332,-0.699733192079071,2446.0
kreis_03157,dep_hour_share_all_19,0.03936356711924653,0.03182552229,0.7538044829246533,2446.0
kreis_03157,dep_hour_share_all_20,0.027964841435842873,0.02120330303,0.6761538405842874,2446.0
kreis_03157,dep_hour_share_all_21,0.017622807123599038,0.0145336647,0.3089142423599037,2446.0
kreis_03157,dep_hour_share_all_22,0.013819201799035195,0.01135253815,0.24666636490351945,2446.0
kreis_03157,dep_hour_share_all_23,0.006627897135810231,0.0009784164261,0.5649480709710231,2446.0
kreis_03157,dep_hour_share_all_4,0.003977705504709168,0.002440058689,0.15376468157091683,2446.0
kreis_03157,dep_hour_share_all_5,0.01759379042690815,0.01403795215,0.355583827690815,2446.0
kreis_03157,dep_hour_share_all_6,0.050667988538404804,0.03448410281,1.6183885728404803,2446.0
kreis_03157,dep_hour_share_all_7,0.09614924254331346,0.113090005,-1.6940762456686533,2446.0
kreis_03157,dep_hour_share_all_8,0.0583864298581809,0.05639258685,0.19938430081808955,2446.0
kreis_03157,dep_hour_share_all_9,0.0473721754059315,0.04168325467,0.5688920735931496,2446.0
kreis_03157,dep_hour_share_education_10,0.01725561913751401,0.009375466,0.788015313751401,2446.0
kreis_03157,dep_hour_share_education_11,0.02477729927437909,0.01515107299,0.9626226284379091,2446.0
kreis_03157,dep_hour_share_education_12,0.02858238452008731,0.01130645617,1.7275928350087308,2446.0
kreis_03157,dep_hour_share_education_13,0.03489469647808389,0.01753060144,1.7364095038083887,2446.0
kreis_03157,dep_hour_share_education_14,0.026458616010854818,0.01131181449,1.5146801520854818,2446.0
kreis_03157,dep_hour_share_education_15,0.03427526399622441,0.008302381617,2.5972882379224407,2446.0
kreis_03157,dep_hour_share_education_16,0.018641968025485223,0.01153476899,0.7107199035485224,2446.0
kreis_03157,dep_hour_share_education_17,0.008495074036929975,0.01531026961,-0.6815195573070025,2446.0
kreis_03157,dep_hour_share_education_18,0.006695770161052445,0.006235166339,0.04606038220524447,2446.0
kreis_03157,dep_hour_share_education_19,0.00817060940357501,0.0,0.8170609403575011,2446.0
kreis_03157,dep_hour_share_education_20,0.0004424517727567695,0.001051387468,-0.06089356952432305,2446.0
kreis_03157,dep_hour_share_education_21,0.00035396141820541563,0.003428040294,-0.30740788757945847,2446.0
kreis_03157,dep_hour_share_education_22,5.89935697009026e-05,0.0,0.0058993569700902596,2446.0
kreis_03157,dep_hour_share_education_23,5.89935697009026e-05,0.0,0.0058993569700902596,2446.0
kreis_03157,dep_hour_share_education_4,0.0006489292667099286,0.0,0.06489292667099286,2446.0
kreis_03157,dep_hour_share_education_5,0.004660492006371306,0.0,0.46604920063713057,2446.0
kreis_03157,dep_hour_share_education_6,0.18405993746681612,0.08624550358,9.781443388681613,2446.0
kreis_03157,dep_hour_share_education_7,0.4606807857943484,0.6836874772,-22.30066914056516,2446.0
kreis_03157,dep_hour_share_education_8,0.10686685151318506,0.1016171904,0.5249661113185061,2446.0
kreis_03157,dep_hour_share_education_9,0.03297740546280455,0.01791240341,1.5065002052804553,2446.0
kreis_03157,dep_hour_share_escort_10,0.013555545239311082,0.01643404262,-0.2878497380688917,2446.0
kreis_03157,dep_hour_share_escort_11,0.03161413119168098,0.0275608171,0.4053314091680981,2446.0
kreis_03157,dep_hour_share_escort_12,0.06271760828188107,0.05907865898,0.36389493018810715,2446.0
kreis_03157,dep_hour_share_escort_13,0.07446265261594169,0.1144842184,-4.002156578405831,2446.0
kreis_03157,dep_hour_share_escort_14,0.14159045541061233,0.1086685359,3.2921919510612323,2446.0
kreis_03157,dep_hour_share_escort_15,0.11239032542593194,0.1051370628,0.7253262625931942,2446.0
kreis_03157,dep_hour_share_escort_16,0.0777586927255002,0.05356769621,2.4190996515500203,2446.0
kreis_03157,dep_hour_share_escort_17,0.056218374263033284,0.06544904216,-0.9230667896966714,2446.0
kreis_03157,dep_hour_share_escort_18,0.043544867926280116,0.02445403048,1.9090837446280116,2446.0
kreis_03157,dep_hour_share_escort_19,0.015319623044426908,0.01603934988,-0.07197268355730937,2446.0
kreis_03157,dep_hour_share_escort_20,0.006545657118982405,0.004554857828,0.19907992909824054,2446.0
kreis_03157,dep_hour_share_escort_21,0.005849310616963001,0.005955909995,-0.010659937803699903,2446.0
kreis_03157,dep_hour_share_escort_22,0.0031103477090200084,0.01087793846,-0.7767590750979991,2446.0
kreis_03157,dep_hour_share_escort_23,0.0019497702056543336,0.0,0.19497702056543337,2446.0
kreis_03157,dep_hour_share_escort_4,0.0004642310013462699,0.001677280153,-0.121304915165373,2446.0
kreis_03157,dep_hour_share_escort_5,0.0024604243071352306,0.0,0.24604243071352305,2446.0
kreis_03157,dep_hour_share_escort_6,0.04117728981941414,0.02231280512,1.886448469941414,2446.0
kreis_03157,dep_hour_share_escort_7,0.1816535908267954,0.2606590118,-7.900542097320459,2446.0
kreis_03157,dep_hour_share_escort_8,0.0895965832598301,0.09204885515,-0.2452271890169902,2446.0
kreis_03157,dep_hour_share_escort_9,0.032449746994104266,0.01103988698,2.1409860014104267,2446.0
kreis_03157,dep_hour_share_home_10,0.0340646450099302,0.03864134031,-0.4576695300069801,2446.0
kreis_03157,dep_hour_share_home_11,0.04803660816947539,0.04567262629,0.23639818794753895,2446.0
kreis_03157,dep_hour_share_home_12,0.07535336407242657,0.08891004988,-1.3556685807573423,2446.0
kreis_03157,dep_hour_share_home_13,0.08696763103796704,0.09304391983,-0.6076288792032967,2446.0
kreis_03157,dep_hour_share_home_14,0.08706635230717413,0.07927661311,0.7789739197174128,2446.0
kreis_03157,dep_hour_share_home_15,0.10851790339252738,0.113888281,-0.537037760747261,2446.0
kreis_03157,dep_hour_share_home_16,0.10782104737459496,0.1149899722,-0.7168924825405043,2446.0
kreis_03157,dep_hour_share_home_17,0.0996155677634406,0.120698359,-2.10827912365594,2446.0
kreis_03157,dep_hour_share_home_18,0.0864682175584488,0.09434014163,-0.7871924071551197,2446.0
kreis_03157,dep_hour_share_home_19,0.0584313771036341,0.04379358737,1.4637789733634103,2446.0
kreis_03157,dep_hour_share_home_20,0.052333886946725354,0.03840670697,1.392717997672535,2446.0
kreis_03157,dep_hour_share_home_21,0.03342586032682547,0.0246708772,0.8754983126825471,2446.0
kreis_03157,dep_hour_share_home_22,0.027305141635985644,0.02339576701,0.39093746259856454,2446.0
kreis_03157,dep_hour_share_home_23,0.014018420227407347,0.002119216066,1.1899204161407346,2446.0
kreis_03157,dep_hour_share_home_4,4.0649934379391646e-05,0.0003567160325,-0.031606609812060836,2446.0
kreis_03157,dep_hour_share_home_5,0.000842034355001684,0.003148970236,-0.2306935880998316,2446.0
kreis_03157,dep_hour_share_home_6,0.0022880105922114726,0.004829271289,-0.2541260696788527,2446.0
kreis_03157,dep_hour_share_home_7,0.01161426696554047,0.01461149749,-0.299723052445953,2446.0
kreis_03157,dep_hour_share_home_8,0.019918467845901906,0.02807630003,-0.8157832184098095,2446.0
kreis_03157,dep_hour_share_home_9,0.02768841244584848,0.02642496843,0.12634440158484778,2446.0
kreis_03157,dep_hour_share_leisure_10,0.04097381260579508,0.04986634595,-0.8892533344204923,2446.0
kreis_03157,dep_hour_share_leisure_11,0.034368880480600085,0.04112018317,-0.6751302689399913,2446.0
kreis_03157,dep_hour_share_leisure_12,0.04532178299976766,0.04638918938,-0.10674063802323386,2446.0
kreis_03157,dep_hour_share_leisure_13,0.05937800789936606,0.06298794176,-0.36099338606339415,2446.0
kreis_03157,dep_hour_share_leisure_14,0.08828703242722957,0.07585839861,1.242863381722957,2446.0
kreis_03157,dep_hour_share_leisure_15,0.1113545089448704,0.1178422143,-0.6487705355129603,2446.0
kreis_03157,dep_hour_share_leisure_16,0.145092767765276,0.1507206765,-0.5627908734724019,2446.0
kreis_03157,dep_hour_share_leisure_17,0.1305552789671081,0.1236744464,0.6880832567108114,2446.0
kreis_03157,dep_hour_share_leisure_18,0.09704935444256364,0.1100027136,-1.2953359157436353,2446.0
kreis_03157,dep_hour_share_leisure_19,0.06042351223074115,0.06592465554,-0.5501143309258855,2446.0
kreis_03157,dep_hour_share_leisure_20,0.023830860632613096,0.01873725732,0.5093603312613098,2446.0
kreis_03157,dep_hour_share_leisure_21,0.012662219124431611,0.01198286858,0.06793505444316114,2446.0
kreis_03157,dep_hour_share_leisure_22,0.010438448006903647,0.004309228184,0.6129219822903648,2446.0
kreis_03157,dep_hour_share_leisure_23,0.0016927212984168077,0.0004180202683,0.12747010301168074,2446.0
kreis_03157,dep_hour_share_leisure_4,0.0002489296027083541,0.0,0.02489296027083541,2446.0
kreis_03157,dep_hour_share_leisure_5,0.0027548209366391185,0.00504694818,-0.22921272433608814,2446.0
kreis_03157,dep_hour_share_leisure_6,0.016628497460918053,0.0113036418,0.5324855660918053,2446.0
kreis_03157,dep_hour_share_leisure_7,0.02554017723787713,0.02065448715,0.4885690087877127,2446.0
kreis_03157,dep_hour_share_leisure_8,0.042085698164559066,0.03447851003,0.7607188134559066,2446.0
kreis_03157,dep_hour_share_leisure_9,0.04749576819675396,0.04677948641,0.07162817867539598,2446.0
kreis_03157,dep_hour_share_other_10,0.08359456635318704,0.1521518314,-6.855726504681295,2446.0
kreis_03157,dep_hour_share_other_11,0.07537443399512365,0.1007628704,-2.538843640487634,2446.0
kreis_03157,dep_hour_share_other_12,0.06418205038894693,0.06561377344,-0.14317230510530604,2446.0
kreis_03157,dep_hour_share_other_13,0.07983281086729363,0.04204706984,3.778574102729363,2446.0
kreis_03157,dep_hour_share_other_14,0.07644258678741438,0.1123311418,-3.588855501258563,2446.0
kreis_03157,dep_hour_share_other_15,0.09079298734471149,0.07287010809,1.792287925471149,2446.0
kreis_03157,dep_hour_share_other_16,0.08415186346220829,0.1080794917,-2.392762823779171,2446.0
kreis_03157,dep_hour_share_other_17,0.06473934749796818,0.0736993369,-0.8959989402031812,2446.0
kreis_03157,dep_hour_share_other_18,0.041541855334958785,0.01983697873,2.1704876604958785,2446.0
kreis_03157,dep_hour_share_other_19,0.03329850226401951,0.006493111688,2.6805390576019508,2446.0
kreis_03157,dep_hour_share_other_20,0.013630558458144666,0.003512883071,1.0117675387144665,2446.0
kreis_03157,dep_hour_share_other_21,0.009241843724602345,0.001318428024,0.7923415700602345,2446.0
kreis_03157,dep_hour_share_other_22,0.005317543248577731,0.0,0.5317543248577732,2446.0
kreis_03157,dep_hour_share_other_23,0.0030186926738650878,0.0,0.30186926738650877,2446.0
kreis_03157,dep_hour_share_other_4,0.0014629049111807733,0.0,0.14629049111807732,2446.0
kreis_03157,dep_hour_share_other_5,0.003784976198769302,0.0,0.3784976198769302,2446.0
kreis_03157,dep_hour_share_other_6,0.018251480320445837,0.006424926355,1.1826553965445838,2446.0
kreis_03157,dep_hour_share_other_7,0.06325322187391152,0.04588633064,1.7366891233911526,2446.0
kreis_03157,dep_hour_share_other_8,0.08856379890862649,0.101739951,-1.3176152091373503,2446.0
kreis_03157,dep_hour_share_other_9,0.09049111807732498,0.08723176686,0.3259351217324971,2446.0
kreis_03157,dep_hour_share_shop_10,0.1296662666623423,0.09878747672,3.087878994234229,2446.0
kreis_03157,dep_hour_share_shop_11,0.08357928193818312,0.08513403848,-0.15547565418168735,2446.0
kreis_03157,dep_hour_share_shop_12,0.07174131612233646,0.1066141196,-3.487280347766354,2446.0
kreis_03157,dep_hour_share_shop_13,0.05795738332306295,0.05232446615,0.5632917173062955,2446.0
kreis_03157,dep_hour_share_shop_14,0.0771251581098174,0.08709761272,-0.9972454610182591,2446.0
kreis_03157,dep_hour_share_shop_15,0.10381733856582233,0.1078695233,-0.40521847341776773,2446.0
kreis_03157,dep_hour_share_shop_16,0.09149288100411897,0.1170282527,-2.5535371695881035,2446.0
kreis_03157,dep_hour_share_shop_17,0.07067103428145169,0.08633566781,-1.5664633528548313,2446.0
kreis_03157,dep_hour_share_shop_18,0.04225991632341971,0.04407355299,-0.18136366665802914,2446.0
kreis_03157,dep_hour_share_shop_19,0.01271365095838874,0.007665948329,0.5047702629388741,2446.0
kreis_03157,dep_hour_share_shop_20,0.0033405766548827553,0.006720398303,-0.33798216481172444,2446.0
kreis_03157,dep_hour_share_shop_21,0.0016216391528557066,0.0,0.16216391528557067,2446.0
kreis_03157,dep_hour_share_shop_22,0.001005416274770538,0.0,0.1005416274770538,2446.0
kreis_03157,dep_hour_share_shop_23,0.0003891933966853696,0.0,0.03891933966853696,2446.0
kreis_03157,dep_hour_share_shop_4,0.00012973113222845652,0.0,0.012973113222845651,2446.0
kreis_03157,dep_hour_share_shop_5,0.001200012973113223,0.0,0.1200012973113223,2446.0
kreis_03157,dep_hour_share_shop_6,0.011902831381960886,0.004202694124,0.7700137257960885,2446.0
kreis_03157,dep_hour_share_shop_7,0.04333019816430448,0.02758049166,1.574970650430448,2446.0
kreis_03157,dep_hour_share_shop_8,0.07586027957058995,0.05805903282,1.7801246750589952,2446.0
kreis_03157,dep_hour_share_shop_9,0.11711477961923912,0.1105067242,0.6608055419239117,2446.0
kreis_03157,dep_hour_share_work_10,0.028075124628048075,0.03349005889,-0.5414934261951925,2446.0
kreis_03157,dep_hour_share_work_11,0.02392085635892878,0.03219821615,-0.827735979107122,2446.0
kreis_03157,dep_hour_share_work_12,0.02946632144375314,0.02400403544,0.5462286003753137,2446.0
kreis_03157,dep_hour_share_work_13,0.036460949878270275,0.04438396933,-0.7923019451729727,2446.0
kreis_03157,dep_hour_share_work_14,0.022027282915330217,0.01752233201,0.4504950905330218,2446.0
kreis_03157,dep_hour_share_work_15,0.018124202960157668,0.01002949914,0.8094703820157667,2446.0
kreis_03157,dep_hour_share_work_16,0.011419407195579085,0.01039100778,0.1028399415579086,2446.0
kreis_03157,dep_hour_share_work_17,0.007535649418402442,0.0112437194,-0.3708069981597557,2446.0
kreis_03157,dep_hour_share_work_18,0.00407697955713568,0.01378795032,-0.9710970762864319,2446.0
kreis_03157,dep_hour_share_work_19,0.0027630714534142287,0.0,0.27630714534142287,2446.0
kreis_03157,dep_hour_share_work_20,0.005236310236889902,0.002694522053,0.25417881838899015,2446.0
kreis_03157,dep_hour_share_work_21,0.003535958573250377,0.01089474319,-0.7358784616749624,2446.0
kreis_03157,dep_hour_share_work_22,0.0010627197897747035,0.0,0.10627197897747034,2446.0
kreis_03157,dep_hour_share_work_23,0.0007535649418402442,0.0,0.07535649418402442,2446.0
kreis_03157,dep_hour_share_work_4,0.029446999265757237,0.01818388768,1.1263111585757237,2446.0
kreis_03157,dep_hour_share_work_5,0.12663755458515283,0.09817122256,2.8466332025152834,2446.0
kreis_03157,dep_hour_share_work_6,0.2179155234378019,0.1898237086,2.8091814837801903,2446.0
kreis_03157,dep_hour_share_work_7,0.24409707462225141,0.3243751272,-8.027805257774858,2446.0
kreis_03157,dep_hour_share_work_8,0.12509178034548055,0.119425894,0.5665886345480542,2446.0
kreis_03157,dep_hour_share_work_9,0.05093326119720215,0.03607658411,1.4856677087202155,2446.0
kreis_03157,mean_work_activity_h,5.750374108230381,6.415477383,-0.6651032747696188,2446.0
kreis_03157,mobility_rate,0.828210970525961,0.8212402024,0.6970768125961091,2446.0
kreis_03157,n_persons_unweighted,136493.0,2446.0,134047.0,2446.0
kreis_03157,n_persons_weighted,136493.0,104172.0,32321.0,2446.0
kreis_03157,n_work_activities_measured,51723.0,871.0,50852.0,2446.0
kreis_03157,nonhome_acts_per_mobile,2.1350170286169226,2.155588382,-0.020571353383077362,2446.0
kreis_03157,participation_education,0.19169481218817083,0.1901311055,0.1563706688170824,2446.0
kreis_03157,participation_escort,0.09988790633951924,0.1063565594,-0.646865306048075,2446.0
kreis_03157,participation_home,0.828210970525961,0.8137540321,1.4456938425961074,2446.0
kreis_03157,participation_leisure,0.3489849296300909,0.3722657309,-2.3280801269909057,2446.0
kreis_03157,participation_other,0.23125728059314396,0.1664957087,6.476157189314397,2446.0
kreis_03157,participation_shop,0.19225161729905563,0.2322507851,-3.999916780094437,2446.0
kreis_03157,participation_work,0.30339284798487837,0.3164269236,-1.3034075615121654,2446.0
kreis_03157,purpose_share_education,0.08197700426787247,0.06415113977,1.7825864497872463,2446.0
kreis_03157,purpose_share_escort,0.052087388618200725,0.05521754869,-0.3130160071799275,2446.0
kreis_03157,purpose_share_home,0.41639443363035145,0.430629673,-1.4235239369648545,2446.0
kreis_03157,purpose_share_leisure,0.14570734243329184,0.1663083762,-2.060103376670816,2446.0
kreis_03157,purpose_share_other,0.10413367024942269,0.07017784179,3.395582845942269,2446.0
kreis_03157,purpose_share_shop,0.07455598408917798,0.09305182129,-1.8495837200822027,2446.0
kreis_03157,purpose_share_work,0.12514417671168285,0.1204635993,0.4680577411682846,2446.0
kreis_03157,share_mobile_first_from_home,1.0,0.9810117436,1.8988256400000014,2446.0
kreis_03157,share_mobile_last_to_home,1.0,0.9814461412,1.8553858800000045,2446.0
kreis_03157,share_mobile_odd_trip_count,0.28148967225441196,0.2207371556,6.075251665441195,2446.0
kreis_03157,share_trips_0,0.17178902947403896,0.1787597976,-0.6970768125961035,2446.0
kreis_03157,share_trips_1,0.0009157978797447488,0.008836270712,-0.7920472832255252,2446.0
kreis_03157,share_trips_2,0.32899123031950356,0.3141973457,1.479388461950354,2446.0
kreis_03157,share_trips_3,0.10911914896734631,0.06668096858,4.243818038734632,2446.0
kreis_03157,share_trips_4,0.17162052266416591,0.2130226015,-4.1402078835834075,2446.0
kreis_03157,share_trips_5,0.08712534708739643,0.06327543051,2.3849916577396435,2446.0
kreis_03157,share_trips_6,0.06502164946187716,0.08170331607,-1.6681666608122843,2446.0
kreis_03157,share_trips_7,0.026301715106269184,0.02678843864,-0.04867235337308144,2446.0
kreis_03157,share_trips_8plus,0.03911555903965771,0.04673583062,-0.7620271580342293,2446.0
kreis_03157,share_trips_followed_by_same_purpose,0.09985612554557435,0.04319098711,5.666513843557435,2446.0
kreis_03157,share_trips_home_based,0.8110384350328251,0.8605857712,-4.954733616717489,2446.0
kreis_03157,share_trips_unknown_purpose,0.0,0.0006487918246,-0.06487918245999999,2446.0
kreis_03157,share_work_activities_lt_2h,0.1911335382711753,0.1186540761,7.247946217117529,2446.0
kreis_03157,tours_per_mobile,1.5233048785881729,1.628471052,-0.10516617341182721,2446.0
kreis_03157,trips_per_mobile_person,3.6583219072050954,3.784059434,-0.12573752679490457,2446.0
kreis_03157,trips_per_person,3.029862337262717,3.107621736,-0.0777593987372831,2446.0
kreis_03157,trips_per_person_education,0.2483790377528518,0.1992281348,0.049150902952851794,2446.0
kreis_03157,trips_per_person_escort,0.15781761702065308,0.1714839249,-0.013666307879346917,2446.0
kreis_03157,trips_per_person_home,1.261617811902442,1.337365896,-0.07574808409755818,2446.0
kreis_03157,trips_per_person_leisure,0.4414731891012726,0.5164882138,-0.0750150246987274,2446.0
kreis_03157,trips_per_person_other,0.3155106855296609,0.217944694,0.09756599152966089,2446.0
kreis_03157,trips_per_person_shop,0.2258943682093587,0.2889822513,-0.06308788309064128,2446.0
kreis_03157,trips_per_person_work,0.37916962774647783,0.3741124209,0.005057206846477813,2446.0
kreis_03158,dep_hour_share_all_10,0.04495846582901336,0.05515405448,-1.0195588650986638,1871.0
kreis_03158,dep_hour_share_all_11,0.04816823308015457,0.05128257631,-0.3114343229845433,1871.0
kreis_03158,dep_hour_share_all_12,0.060086734319798184,0.05721300189,0.2873732429798187,1871.0
kreis_03158,dep_hour_share_all_13,0.06542548424851528,0.07577047958,-1.034499533148471,1871.0
kreis_03158,dep_hour_share_all_14,0.07284705268960573,0.06910079288,0.37462598096057315,1871.0
kreis_03158,dep_hour_share_all_15,0.08822515078031017,0.0945681824,-0.6343031619689841,1871.0
kreis_03158,dep_hour_share_all_16,0.09022107204053757,0.09813400199,-0.7912929949462424,1871.0
kreis_03158,dep_hour_share_all_17,0.07796041287056926,0.07468157096,0.32788419105692634,1871.0
kreis_03158,dep_hour_share_all_18,0.06446146785752109,0.06272519837,0.17362694875210916,1871.0
kreis_03158,dep_hour_share_all_19,0.040122090639265064,0.0362048663,0.3917224339265064,1871.0
kreis_03158,dep_hour_share_all_20,0.02711737374779702,0.02188639743,0.5230976317797019,1871.0
kreis_03158,dep_hour_share_all_21,0.01961162359369017,0.01357014316,0.6041480433690173,1871.0
kreis_03158,dep_hour_share_all_22,0.013716188143413053,0.006890193345,0.6825994798413053,1871.0
kreis_03158,dep_hour_share_all_23,0.006973504484712872,0.004613050967,0.23604535177128727,1871.0
kreis_03158,dep_hour_share_all_4,0.0039022297291792826,0.003629293392,0.027293633717928242,1871.0
kreis_03158,dep_hour_share_all_5,0.01623349291651618,0.01126620152,0.49672913965161813,1871.0
kreis_03158,dep_hour_share_all_6,0.0500501016969404,0.0406541143,0.9395987396940398,1871.0
kreis_03158,dep_hour_share_all_7,0.08999296675365444,0.1039640148,-1.3971048046345567,1871.0
kreis_03158,dep_hour_share_all_8,0.05804193335523868,0.06412901048,-0.6087077124761315,1871.0
kreis_03158,dep_hour_share_all_9,0.05069096893151682,0.05243075416,-0.17397852284831844,1871.0
kreis_03158,dep_hour_share_education_10,0.01809399050270182,0.002660874358,1.543311614470182,1871.0
kreis_03158,dep_hour_share_education_11,0.032585557556901915,0.00987711508,2.2708442476901918,1871.0
kreis_03158,dep_hour_share_education_12,0.02288357622400524,0.00972202424,1.316155198400524,1871.0
kreis_03158,dep_hour_share_education_13,0.025257900769608647,0.03807245213,-1.2814551360391349,1871.0
kreis_03158,dep_hour_share_education_14,0.021491730800720484,0.009916532512,1.1575198288720483,1871.0
kreis_03158,dep_hour_share_education_15,0.035041755362698546,0.02757460069,0.7467154672698546,1871.0
kreis_03158,dep_hour_share_education_16,0.01563779269690519,0.01405167733,0.1586115366905191,1871.0
kreis_03158,dep_hour_share_education_17,0.008801375470771247,0.004867861149,0.39335143217712465,1871.0
kreis_03158,dep_hour_share_education_18,0.0042983461601440965,0.0,0.42983461601440964,1871.0
kreis_03158,dep_hour_share_education_19,0.006918290486327166,0.0,0.6918290486327165,1871.0
kreis_03158,dep_hour_share_education_20,0.0004503029310627149,0.0,0.04503029310627149,1871.0
kreis_03158,dep_hour_share_education_21,8.18732601932209e-05,0.0,0.008187326019322089,1871.0
kreis_03158,dep_hour_share_education_22,4.093663009661045e-05,0.0,0.0040936630096610445,1871.0
kreis_03158,dep_hour_share_education_23,0.0001637465203864418,0.0,0.016374652038644178,1871.0
kreis_03158,dep_hour_share_education_4,0.000368429670869494,0.0,0.036842967086949396,1871.0
kreis_03158,dep_hour_share_education_5,0.0027018175863762896,0.0,0.27018175863762894,1871.0
kreis_03158,dep_hour_share_education_6,0.17872932700180122,0.08214585943,9.658346757180123,1871.0
kreis_03158,dep_hour_share_education_7,0.4716718519731456,0.6373170409,-16.564518892685438,1871.0
kreis_03158,dep_hour_share_education_8,0.1167922056656296,0.110496553,0.6295652665629605,1871.0
kreis_03158,dep_hour_share_education_9,0.03667922056656296,0.05329740919,-1.6618188623437038,1871.0
kreis_03158,dep_hour_share_escort_10,0.015955766192733017,0.02741296507,-1.1457198877266983,1871.0
kreis_03158,dep_hour_share_escort_11,0.03407056345444971,0.02080495752,1.3265605934449711,1871.0
kreis_03158,dep_hour_share_escort_12,0.052869931542917324,0.05321798475,-0.034805320708267834,1871.0
kreis_03158,dep_hour_share_escort_13,0.0731437598736177,0.09225923392,-1.9115474046382308,1871.0
kreis_03158,dep_hour_share_escort_14,0.14139020537124802,0.102593244,3.879696137124802,1871.0
kreis_03158,dep_hour_share_escort_15,0.12775144813059505,0.1687602819,-4.100883376940495,1871.0
kreis_03158,dep_hour_share_escort_16,0.0981042654028436,0.04451623652,5.35880288828436,1871.0
kreis_03158,dep_hour_share_escort_17,0.05839915745129015,0.03453654203,2.386261542129015,1871.0
kreis_03158,dep_hour_share_escort_18,0.037177461822011586,0.03517520488,0.20022569420115877,1871.0
kreis_03158,dep_hour_share_escort_19,0.01874670879410216,0.007376827986,1.136988080810216,1871.0
kreis_03158,dep_hour_share_escort_20,0.0061084781463928385,0.002614832101,0.34936460453928386,1871.0
kreis_03158,dep_hour_share_escort_21,0.008846761453396525,0.0,0.8846761453396526,1871.0
kreis_03158,dep_hour_share_escort_22,0.002001053185887309,0.001096139809,0.09049133768873091,1871.0
kreis_03158,dep_hour_share_escort_23,0.001263823064770932,0.0,0.1263823064770932,1871.0
kreis_03158,dep_hour_share_escort_4,0.0015271195365982096,0.0,0.15271195365982096,1871.0
kreis_03158,dep_hour_share_escort_5,0.001579778830963665,0.0,0.1579778830963665,1871.0
kreis_03158,dep_hour_share_escort_6,0.04202211690363349,0.03150092254,1.0521194363633497,1871.0
kreis_03158,dep_hour_share_escort_7,0.17093206951026857,0.2425382786,-7.160620908973142,1871.0
kreis_03158,dep_hour_share_escort_8,0.07793575566087414,0.1043624275,-2.642667183912585,1871.0
kreis_03158,dep_hour_share_escort_9,0.026908899420747763,0.03123392086,-0.4325021439252237,1871.0
kreis_03158,dep_hour_share_home_10,0.03236577301569704,0.04367232834,-1.1306555324302956,1871.0
kreis_03158,dep_hour_share_home_11,0.04806281425059182,0.05756872897,-0.9505914719408176,1871.0
kreis_03158,dep_hour_share_home_12,0.07541362062331666,0.07114544741,0.4268173213316656,1871.0
kreis_03158,dep_hour_share_home_13,0.08264586770661467,0.08939421248,-0.6748344773385331,1871.0
kreis_03158,dep_hour_share_home_14,0.08165461292152784,0.08751906609,-0.5864453168472159,1871.0
kreis_03158,dep_hour_share_home_15,0.105020835914726,0.1153993244,-1.0378488485274007,1871.0
kreis_03158,dep_hour_share_home_16,0.11240959691145877,0.1205004999,-0.8090902988541232,1871.0
kreis_03158,dep_hour_share_home_17,0.10153187992774275,0.0867880434,1.4743836527742749,1871.0
kreis_03158,dep_hour_share_home_18,0.09243450870934714,0.09740646199,-0.4971953280652863,1871.0
kreis_03158,dep_hour_share_home_19,0.061144768848514094,0.05202318318,0.9121585668514093,1871.0
kreis_03158,dep_hour_share_home_20,0.04994750262486876,0.03821740242,1.173010020486876,1871.0
kreis_03158,dep_hour_share_home_21,0.0378241957467344,0.02671837785,1.1105817896734402,1871.0
kreis_03158,dep_hour_share_home_22,0.02759209865593677,0.01568993182,1.190216683593677,1871.0
kreis_03158,dep_hour_share_home_23,0.014673179384509035,0.00638792609,0.8285253294509034,1871.0
kreis_03158,dep_hour_share_home_4,3.912847835869076e-05,0.0007734310221,-0.07343025437413092,1871.0
kreis_03158,dep_hour_share_home_5,0.0006977911973966519,0.00563800055,-0.49402093526033486,1871.0
kreis_03158,dep_hour_share_home_6,0.0015390534821085034,0.007895271508,-0.6356218025891497,1871.0
kreis_03158,dep_hour_share_home_7,0.009156063935933639,0.01212239825,-0.29663343140663606,1871.0
kreis_03158,dep_hour_share_home_8,0.017177401999465245,0.03462856587,-1.7451163870534758,1871.0
kreis_03158,dep_hour_share_home_9,0.030604991489555956,0.02767257553,0.2932415959555956,1871.0
kreis_03158,dep_hour_share_leisure_10,0.0457556032110527,0.04393411535,0.1821487861052705,1871.0
kreis_03158,dep_hour_share_leisure_11,0.03006091890763479,0.03413978358,-0.407886467236521,1871.0
kreis_03158,dep_hour_share_leisure_12,0.04123887423376919,0.0515817975,-1.0342923266230806,1871.0
kreis_03158,dep_hour_share_leisure_13,0.04801396769969446,0.06887164928,-2.0857681580305543,1871.0
kreis_03158,dep_hour_share_leisure_14,0.08238285920330973,0.05625050905,2.6132350153309734,1871.0
kreis_03158,dep_hour_share_leisure_15,0.10697815649137457,0.1167850565,-0.9806900008625428,1871.0
kreis_03158,dep_hour_share_leisure_16,0.14166967149336723,0.1247820193,1.6887652193367229,1871.0
kreis_03158,dep_hour_share_leisure_17,0.13827263583398175,0.1476739585,-0.9401322666018258,1871.0
kreis_03158,dep_hour_share_leisure_18,0.10697815649137457,0.0844457048,2.2532451691374575,1871.0
kreis_03158,dep_hour_share_leisure_19,0.060140815668115306,0.06485958293,-0.47187672618847,1871.0
kreis_03158,dep_hour_share_leisure_20,0.024633252993756287,0.0308634367,-0.6230183706243713,1871.0
kreis_03158,dep_hour_share_leisure_21,0.013208585580627407,0.01105487573,0.21537098506274072,1871.0
kreis_03158,dep_hour_share_leisure_22,0.010134173419619304,0.0005575326329,0.9576640786719305,1871.0
kreis_03158,dep_hour_share_leisure_23,0.0018408517260357163,0.003073118089,-0.1232266362964284,1871.0
kreis_03158,dep_hour_share_leisure_4,0.00030364564553166454,0.004135896466,-0.38322508204683353,1871.0
kreis_03158,dep_hour_share_leisure_5,0.0029985007496251873,0.005569946358,-0.25714456083748133,1871.0
kreis_03158,dep_hour_share_leisure_6,0.018294650143282788,0.01499059211,0.33040580332827885,1871.0
kreis_03158,dep_hour_share_leisure_7,0.02455734158237337,0.02605144068,-0.14940990976266277,1871.0
kreis_03158,dep_hour_share_leisure_8,0.044522042776080316,0.05167739811,-0.7155355333919686,1871.0
kreis_03158,dep_hour_share_leisure_9,0.052777408763972446,0.05842583073,-0.5648421966027557,1871.0
kreis_03158,dep_hour_share_other_10,0.08756030939677839,0.1599726669,-7.241235750322161,1871.0
kreis_03158,dep_hour_share_other_11,0.08556914201107906,0.07557085747,0.9998284541079052,1871.0
kreis_03158,dep_hour_share_other_12,0.06667857963393153,0.03858206384,2.8096515793931536,1871.0
kreis_03158,dep_hour_share_other_13,0.07921272304903888,0.07530674409,0.39059789590388805,1871.0
kreis_03158,dep_hour_share_other_14,0.08676894799989789,0.08053868999,0.6230258009897891,1871.0
kreis_03158,dep_hour_share_other_15,0.08845378194164348,0.0852189803,0.3234801641643484,1871.0
kreis_03158,dep_hour_share_other_16,0.0899854491614122,0.09817349272,-0.8188043558587808,1871.0
kreis_03158,dep_hour_share_other_17,0.06052638296786052,0.04801915574,1.2507227227860518,1871.0
kreis_03158,dep_hour_share_other_18,0.03974676435299824,0.01484022095,2.490654340299824,1871.0
kreis_03158,dep_hour_share_other_19,0.029050621601613355,0.0009990018478,2.8051619753813357,1871.0
kreis_03158,dep_hour_share_other_20,0.01299364358103796,0.000445981966,1.254766161503796,1871.0
kreis_03158,dep_hour_share_other_21,0.007198835932912976,0.003042066317,0.41567696159129763,1871.0
kreis_03158,dep_hour_share_other_22,0.00423761264136012,0.0,0.42376126413601206,1871.0
kreis_03158,dep_hour_share_other_23,0.004007862558394813,0.0,0.4007862558394813,1871.0
kreis_03158,dep_hour_share_other_4,0.0015571950067648636,0.0,0.15571950067648635,1871.0
kreis_03158,dep_hour_share_other_5,0.0013019171368034105,0.002421446838,-0.11195297011965895,1871.0
kreis_03158,dep_hour_share_other_6,0.018635284507186073,0.01059897521,0.8036309297186073,1871.0
kreis_03158,dep_hour_share_other_7,0.06136879993873331,0.07230242952,-1.0933629581266695,1871.0
kreis_03158,dep_hour_share_other_8,0.07645572205345519,0.1147094796,-3.825375754654481,1871.0
kreis_03158,dep_hour_share_other_9,0.09276797794399204,0.1192577466,-2.6489768656007966,1871.0
kreis_03158,dep_hour_share_shop_10,0.11400695452550555,0.1219647016,-0.7957747074494453,1871.0
kreis_03158,dep_hour_share_shop_11,0.09088146922791263,0.1097824358,-1.890096657208737,1871.0
kreis_03158,dep_hour_share_shop_12,0.08797812362850681,0.06949173784,1.848638578850681,1871.0
kreis_03158,dep_hour_share_shop_13,0.060970257587522364,0.08454214989,-2.357189230247764,1871.0
kreis_03158,dep_hour_share_shop_14,0.07666857972384457,0.06957981999,0.7088759733844568,1871.0
kreis_03158,dep_hour_share_shop_15,0.10381148509503393,0.07121066525,3.2600819845033935,1871.0
kreis_03158,dep_hour_share_shop_16,0.07565578474730765,0.1397555875,-6.409980275269235,1871.0
kreis_03158,dep_hour_share_shop_17,0.05982242328078053,0.07355867656,-1.3736253279219464,1871.0
kreis_03158,dep_hour_share_shop_18,0.043516424158536175,0.04277831041,0.0738113748536176,1871.0
kreis_03158,dep_hour_share_shop_19,0.015090645150400053,0.03085819852,-1.5767553369599947,1871.0
kreis_03158,dep_hour_share_shop_20,0.004422538064211202,0.006191894785,-0.1769356720788798,1871.0
kreis_03158,dep_hour_share_shop_21,0.0021268694507275243,0.0,0.21268694507275243,1871.0
kreis_03158,dep_hour_share_shop_22,0.001485432632254144,0.0,0.14854326322541442,1871.0
kreis_03158,dep_hour_share_shop_23,0.0005401573208196887,0.0,0.05401573208196887,1871.0
kreis_03158,dep_hour_share_shop_4,6.751966510246109e-05,0.0,0.006751966510246109,1871.0
kreis_03158,dep_hour_share_shop_5,0.0005739171533709193,0.0,0.057391715337091934,1871.0
kreis_03158,dep_hour_share_shop_6,0.011815941392930691,0.008862747522,0.2953193870930692,1871.0
kreis_03158,dep_hour_share_shop_7,0.04250362918199926,0.03514281976,0.7360809421999258,1871.0
kreis_03158,dep_hour_share_shop_8,0.08861956044698019,0.0437058696,4.491369084698019,1871.0
kreis_03158,dep_hour_share_shop_9,0.11778805577124338,0.0925743851,2.5213670671243373,1871.0
kreis_03158,dep_hour_share_work_10,0.032596740325967405,0.02641494861,0.6181791715967406,1871.0
kreis_03158,dep_hour_share_work_11,0.025937406259374064,0.01660022885,0.9337177409374064,1871.0
kreis_03158,dep_hour_share_work_12,0.03217678232176782,0.04021213059,-0.8035348268232178,1871.0
kreis_03158,dep_hour_share_work_13,0.03949605039496051,0.04043885205,-0.09428016550394949,1871.0
kreis_03158,dep_hour_share_work_14,0.021677832216778322,0.025826721,-0.4148888783221678,1871.0
kreis_03158,dep_hour_share_work_15,0.018518148185181483,0.01949787229,-0.09797241048185162,1871.0
kreis_03158,dep_hour_share_work_16,0.010218978102189781,0.01095984865,-0.07408705478102184,1871.0
kreis_03158,dep_hour_share_work_17,0.007739226077392261,0.006489062176,0.12501639013922616,1871.0
kreis_03158,dep_hour_share_work_18,0.0053994600539946005,0.004155481623,0.12439784309946009,1871.0
kreis_03158,dep_hour_share_work_19,0.0023997600239976003,0.0,0.23997600239976002,1871.0
kreis_03158,dep_hour_share_work_20,0.00523947605239476,0.0006980929976,0.45413830547947603,1871.0
kreis_03158,dep_hour_share_work_21,0.004219578042195781,0.003611585871,0.06079921711957806,1871.0
kreis_03158,dep_hour_share_work_22,0.00073992600739926,0.001434930602,-0.069500459460074,1871.0
kreis_03158,dep_hour_share_work_23,0.00039996000399960006,0.012066013,-1.16660529960004,1871.0
kreis_03158,dep_hour_share_work_4,0.026277372262773723,0.02201327391,0.4264098352773724,1871.0
kreis_03158,dep_hour_share_work_5,0.11096890310968903,0.06533262306,4.563628004968903,1871.0
kreis_03158,dep_hour_share_work_6,0.21971802819718028,0.2199542112,-0.02361830028197176,1871.0
kreis_03158,dep_hour_share_work_7,0.2401959804019598,0.2789355718,-3.87395913980402,1871.0
kreis_03158,dep_hour_share_work_8,0.1288071192880712,0.1334530624,-0.46459431119287853,1871.0
kreis_03158,dep_hour_share_work_9,0.053254674532546745,0.0644253084,-1.1170633867453261,1871.0
kreis_03158,mean_work_activity_h,5.7620397980080975,6.272497235,-0.5104574369919028,1871.0
kreis_03158,mobility_rate,0.8504224008720535,0.859850828,-0.9428427127946559,1871.0
kreis_03158,n_persons_unweighted,117424.0,1871.0,115553.0,1871.0
kreis_03158,n_persons_weighted,117424.0,67261.0,50163.0,1871.0
kreis_03158,n_work_activities_measured,49969.0,685.0,49284.0,1871.0
kreis_03158,nonhome_acts_per_mobile,2.152112958141398,2.19084171,-0.03872875185860192,1871.0
kreis_03158,participation_education,0.1640805968115547,0.1783423675,-1.4261770688445279,1871.0
kreis_03158,participation_escort,0.10925364491075078,0.1155273422,-0.6273697289249216,1871.0
kreis_03158,participation_home,0.8504224008720535,0.8509482999,-0.05258990279465303,1871.0
kreis_03158,participation_leisure,0.35944100013625835,0.3852013769,-2.5760376763741655,1871.0
kreis_03158,participation_other,0.24003610846164328,0.1813403823,5.869572616164328,1871.0
kreis_03158,participation_shop,0.2109960485079711,0.3003820177,-8.93859691920289,1871.0
kreis_03158,participation_work,0.3409183812508516,0.3336604347,0.7257946550851602,1871.0
kreis_03158,purpose_share_education,0.06633518985691825,0.05991894387,0.641624598691825,1871.0
kreis_03158,purpose_share_escort,0.05156808807036505,0.05721124417,-0.564315609963495,1871.0
kreis_03158,purpose_share_home,0.4164034856660267,0.4209777963,-0.45743106339732886,1871.0
kreis_03158,purpose_share_leisure,0.14308990335396238,0.1581563002,-1.506639684603761,1871.0
kreis_03158,purpose_share_other,0.10637581432229648,0.06567131097,4.070450335229649,1871.0
kreis_03158,purpose_share_shop,0.08043698455672897,0.1180479127,-3.7610928143271023,1871.0
kreis_03158,purpose_share_work,0.13579053417370218,0.1200164918,1.5774042373702182,1871.0
kreis_03158,share_mobile_first_from_home,1.0,0.981267738,1.8732262,1871.0
kreis_03158,share_mobile_last_to_home,1.0,0.9794394822,2.056051780000001,1871.0
kreis_03158,share_mobile_odd_trip_count,0.28859403164430203,0.2337599305,5.483410114430204,1871.0
kreis_03158,share_trips_0,0.14957759912794658,0.140149172,0.9428427127946587,1871.0
kreis_03158,share_trips_1,0.00080051778171413,0.005121677129,-0.432115934728587,1871.0
kreis_03158,share_trips_2,0.3066579234228096,0.3023557305,0.43021929228096445,1871.0
kreis_03158,share_trips_3,0.12367999727483309,0.0894352087,3.424478857483308,1871.0
kreis_03158,share_trips_4,0.20597152200572286,0.2458050449,-3.9833522894277134,1871.0
kreis_03158,share_trips_5,0.08495707862106554,0.07536807732,0.9589001301065534,1871.0
kreis_03158,share_trips_6,0.06327496934187218,0.07578641606,-1.2511446718127817,1871.0
kreis_03158,share_trips_7,0.02782225098787301,0.01798444424,0.9837806747873008,1871.0
kreis_03158,share_trips_8plus,0.03725814143616297,0.04799422912,-1.0736087683837034,1871.0
kreis_03158,share_trips_followed_by_same_purpose,0.10234052317576871,0.04154866765,6.07918555257687,1871.0
kreis_03158,share_trips_home_based,0.8085490602876843,0.8419643411,-3.3415280812315706,1871.0
kreis_03158,share_trips_unknown_purpose,0.0,0.0005637387882,-0.05637387882,1871.0
kreis_03158,share_work_activities_lt_2h,0.1920991014428946,0.1171743165,7.49247849428946,1871.0
kreis_03158,tours_per_mobile,1.535559783697176,1.59130017,-0.055740386302824074,1871.0
kreis_03158,trips_per_mobile_person,3.687672741838574,3.782141881,-0.09446913916142563,1871.0
kreis_03158,trips_per_person,3.136079506744788,3.252077828,-0.11599832125521203,1871.0
kreis_03158,trips_per_person_education,0.20803242948630604,0.1947512181,0.01328121138630603,1871.0
kreis_03158,trips_per_person_escort,0.16172162419948222,0.185950532,-0.024228907800517785,1871.0
kreis_03158,trips_per_person_home,1.3058744379343235,1.368280769,-0.06240633106567661,1871.0
kreis_03158,trips_per_person_leisure,0.44874131353045377,0.5140466457,-0.06530533216954626,1871.0
kreis_03158,trips_per_person_other,0.3336030113094427,0.2134478176,0.12015519370944269,1871.0
kreis_03158,trips_per_person_shop,0.25225677885270475,0.3836845796,-0.13142780074729526,1871.0
kreis_03158,trips_per_person_work,0.42584991143207523,0.3900829432,0.03576696823207526,1871.0
