segment,metric,model,srv,delta_pp,n_srv
age_0-5,dep_hour_share_all_10,0.025158680955333156,0.03927904023,-1.4120359274666843,1081
age_0-5,dep_hour_share_all_11,0.028996545921530423,0.04226813044,-1.327158451846958,1081
age_0-5,dep_hour_share_all_12,0.05048858973223511,0.03748043204,1.3008157692235116,1081
age_0-5,dep_hour_share_all_13,0.06683789448823546,0.05527771632,1.1560178168235458,1081
age_0-5,dep_hour_share_all_14,0.08846573967466714,0.1203613924,-3.189565272533286,1081
age_0-5,dep_hour_share_all_15,0.12467747173264843,0.1388659157,-1.4188443967351583,1081
age_0-5,dep_hour_share_all_16,0.11690727127800904,0.1040704872,1.2836784078009034,1081
age_0-5,dep_hour_share_all_17,0.08001653234139285,0.0875289599,-0.7512427558607149,1081
age_0-5,dep_hour_share_all_18,0.05971717887402946,0.04142940511,1.8287773764029465,1081
age_0-5,dep_hour_share_all_19,0.02659935641956721,0.008109154422,1.8490201997567208,1081
age_0-5,dep_hour_share_all_20,0.009883978389868037,0.004198027095,0.5685951294868037,1081
age_0-5,dep_hour_share_all_21,0.005231305169308889,0.001025825513,0.4205479656308889,1081
age_0-5,dep_hour_share_all_22,0.00347179169249845,0.0,0.34717916924984504,1081
age_0-5,dep_hour_share_all_23,0.0011867859357010007,0.0,0.11867859357010008,1081
age_0-5,dep_hour_share_all_4,0.0002775071590942639,0.0,0.027750715909426387,1081
age_0-5,dep_hour_share_all_5,0.0018008443302925635,0.0,0.18008443302925636,1081
age_0-5,dep_hour_share_all_6,0.033271337053110146,0.004651560907,2.8619776146110145,1081
age_0-5,dep_hour_share_all_7,0.14181206270480914,0.1546271582,-1.281509549519086,1081
age_0-5,dep_hour_share_all_8,0.09742272606500753,0.1249925596,-2.7569833534992467,1081
age_0-5,dep_hour_share_all_9,0.03694387860537891,0.03583423487,0.1109643735378911,1081
age_0-5,dep_hour_share_education_10,0.022041668372150137,0.01012151758,1.1920150792150137,1081
age_0-5,dep_hour_share_education_11,0.017068478572305677,0.003528773684,1.3539704888305677,1081
age_0-5,dep_hour_share_education_12,0.020936515083295814,0.002992244809,1.7944270274295813,1081
age_0-5,dep_hour_share_education_13,0.04017436863001924,0.003951932875,3.622243575501924,1081
age_0-5,dep_hour_share_education_14,0.05349760550120748,0.005629101725,4.786850377620748,1081
age_0-5,dep_hour_share_education_15,0.053272481683107525,0.01484007092,3.8432410763107523,1081
age_0-5,dep_hour_share_education_16,0.022983095247840857,0.003396129473,1.9586965774840857,1081
age_0-5,dep_hour_share_education_17,0.014244197945233515,0.0,1.4244197945233514,1081
age_0-5,dep_hour_share_education_18,0.0072653595841349105,0.0,0.7265359584134911,1081
age_0-5,dep_hour_share_education_19,0.004195489337317343,0.0,0.41954893373173424,1081
age_0-5,dep_hour_share_education_20,0.0003888502312635586,0.0,0.03888502312635586,1081
age_0-5,dep_hour_share_education_21,2.0465801645450452e-05,0.0,0.0020465801645450452,1081
age_0-5,dep_hour_share_education_22,2.0465801645450452e-05,0.0,0.0020465801645450452,1081
age_0-5,dep_hour_share_education_23,2.0465801645450452e-05,0.0,0.0020465801645450452,1081
age_0-5,dep_hour_share_education_4,0.0008800294707543695,0.0,0.08800294707543695,1081
age_0-5,dep_hour_share_education_5,0.006139740493635136,0.0,0.6139740493635135,1081
age_0-5,dep_hour_share_education_6,0.07977569481396586,0.01423413437,6.554156044396587,1081
age_0-5,dep_hour_share_education_7,0.360607424992837,0.5557846062,-19.517718120716303,1081
age_0-5,dep_hour_share_education_8,0.25942450165772996,0.3598748049,-10.045030324227005,1081
age_0-5,dep_hour_share_education_9,0.03696123777168352,0.02564668343,1.1314554341683516,1081
age_0-5,dep_hour_share_escort_10,0.0013523481681829359,0.007567602011,-0.6215253842817065,1081
age_0-5,dep_hour_share_escort_11,0.02016228178018195,0.0223770094,-0.22147276198180507,1081
age_0-5,dep_hour_share_escort_12,0.03405458568969757,0.03126627875,0.2788306939697567,1081
age_0-5,dep_hour_share_escort_13,0.04130808950086059,0.1163807025,-7.507261299913942,1081
age_0-5,dep_hour_share_escort_14,0.03024342267027293,0.08807880457,-5.783538189972708,1081
age_0-5,dep_hour_share_escort_15,0.05335628227194492,0.1710638512,-11.770756892805508,1081
age_0-5,dep_hour_share_escort_16,0.10511433489058274,0.05859278952,4.652154537058274,1081
age_0-5,dep_hour_share_escort_17,0.0027046963363658717,0.04664377303,-4.393907669363413,1081
age_0-5,dep_hour_share_escort_18,0.003196459306614212,0.009686457866,-0.6489998559385788,1081
age_0-5,dep_hour_share_escort_19,0.0003688222276862552,0.004172965036,-0.38041428083137446,1081
age_0-5,dep_hour_share_escort_20,0.0006147037128104253,0.0,0.06147037128104253,1081
age_0-5,dep_hour_share_escort_21,0.0004917629702483403,0.0,0.04917629702483403,1081
age_0-5,dep_hour_share_escort_22,0.00012294074256208508,0.0,0.012294074256208508,1081
age_0-5,dep_hour_share_escort_23,0.00012294074256208508,0.0,0.012294074256208508,1081
age_0-5,dep_hour_share_escort_4,0.0,0.0,0.0,1081
age_0-5,dep_hour_share_escort_5,0.0,0.0,0.0,1081
age_0-5,dep_hour_share_escort_6,0.07941971969510696,0.01247177688,6.694794281510696,1081
age_0-5,dep_hour_share_escort_7,0.4730759773789034,0.2677369862,20.533899117890336,1081
age_0-5,dep_hour_share_escort_8,0.12896483894762725,0.163961003,-3.499616405237274,1081
age_0-5,dep_hour_share_escort_9,0.025325792967789525,0.0,2.5325792967789527,1081
age_0-5,dep_hour_share_home_10,0.020112207939777003,0.03036516751,-1.0252959570222997,1081
age_0-5,dep_hour_share_home_11,0.030367161423194376,0.06912766921,-3.8760507786805634,1081
age_0-5,dep_hour_share_home_12,0.07793480576663589,0.06231455668,1.562024908663589,1081
age_0-5,dep_hour_share_home_13,0.09522050990696683,0.08337989217,1.1840617736966832,1081
age_0-5,dep_hour_share_home_14,0.11864214189333144,0.1755057383,-5.686359640666855,1081
age_0-5,dep_hour_share_home_15,0.15390952347134437,0.1502221188,0.3687404671344374,1081
age_0-5,dep_hour_share_home_16,0.14266032242028265,0.1144395176,2.822080482028265,1081
age_0-5,dep_hour_share_home_17,0.12251970740714438,0.1461544406,-2.363473319285561,1081
age_0-5,dep_hour_share_home_18,0.11117108159931822,0.08334545138,2.7825630219318223,1081
age_0-5,dep_hour_share_home_19,0.04783751154037355,0.0140982489,3.373926264037355,1081
age_0-5,dep_hour_share_home_20,0.019785526596122434,0.009415860686,1.0369665910122434,1081
age_0-5,dep_hour_share_home_21,0.012342873375470492,0.002372423523,0.9970449852470493,1081
age_0-5,dep_hour_share_home_22,0.008223847738086784,0.0,0.8223847738086784,1081
age_0-5,dep_hour_share_home_23,0.0027270790426816276,0.0,0.27270790426816277,1081
age_0-5,dep_hour_share_home_4,0.0,0.0,0.0,1081
age_0-5,dep_hour_share_home_5,1.4203536680633478e-05,0.0,0.0014203536680633478,1081
age_0-5,dep_hour_share_home_6,0.00011362829344506782,0.0005671905054,-0.04535622119549322,1081
age_0-5,dep_hour_share_home_7,0.0007953980541154748,0.006578514549,-0.5783116494884525,1081
age_0-5,dep_hour_share_home_8,0.012357076912151125,0.03081316199,-1.8456085077848878,1081
age_0-5,dep_hour_share_home_9,0.021461543924437186,0.02130004765,0.016149627443718534,1081
age_0-5,dep_hour_share_leisure_10,0.030592558566835095,0.08134889579,-5.07563372231649,1081
age_0-5,dep_hour_share_leisure_11,0.011254019292604502,0.02061085804,-0.9356838747395497,1081
age_0-5,dep_hour_share_leisure_12,0.031097841065686724,0.02430667608,0.6791164985686725,1081
age_0-5,dep_hour_share_leisure_13,0.07629765732659623,0.04430382513,3.1993832196596226,1081
age_0-5,dep_hour_share_leisure_14,0.11084060633899862,0.1588733201,-4.803271376100138,1081
age_0-5,dep_hour_share_leisure_15,0.24864492420762518,0.2605382913,-1.1893367092374818,1081
age_0-5,dep_hour_share_leisure_16,0.223242994947175,0.2068195166,1.6423478347175002,1081
age_0-5,dep_hour_share_leisure_17,0.10165365181442351,0.05597247131,4.568118050442351,1081
age_0-5,dep_hour_share_leisure_18,0.058842443729903535,0.0167333378,4.210910592990354,1081
age_0-5,dep_hour_share_leisure_19,0.021405604042259992,0.00559432099,1.581128305225999,1081
age_0-5,dep_hour_share_leisure_20,0.009875976113918236,0.0008138555409,0.9062120573018235,1081
age_0-5,dep_hour_share_leisure_21,0.00013780431786862655,0.0,0.013780431786862654,1081
age_0-5,dep_hour_share_leisure_22,4.593477262287552e-05,0.0,0.004593477262287552,1081
age_0-5,dep_hour_share_leisure_23,0.00022967386311437759,0.0,0.022967386311437757,1081
age_0-5,dep_hour_share_leisure_4,0.0,0.0,0.0,1081
age_0-5,dep_hour_share_leisure_5,4.593477262287552e-05,0.0,0.004593477262287552,1081
age_0-5,dep_hour_share_leisure_6,0.0002756086357372531,0.001575982468,-0.13003738322627467,1081
age_0-5,dep_hour_share_leisure_7,0.0016536518144235185,0.005751872642,-0.4098220827576481,1081
age_0-5,dep_hour_share_leisure_8,0.03679375287092329,0.03813793091,-0.13441780390767086,1081
age_0-5,dep_hour_share_leisure_9,0.03688562241616904,0.07861884525,-4.173322283383096,1081
age_0-5,dep_hour_share_other_10,0.0352921451923883,0.08878535176,-5.349320656761171,1081
age_0-5,dep_hour_share_other_11,0.08324251823287786,0.03749729285,4.574522538287786,1081
age_0-5,dep_hour_share_other_12,0.0670634587978875,0.01596237387,5.11010849278875,1081
age_0-5,dep_hour_share_other_13,0.042920613630648,0.02291171688,2.0008896750648004,1081
age_0-5,dep_hour_share_other_14,0.06882387459133205,0.2023591065,-13.353523190866795,1081
age_0-5,dep_hour_share_other_15,0.08751781373124319,0.1510125408,-6.349472706875682,1081
age_0-5,dep_hour_share_other_16,0.17981389890183586,0.1092854049,7.052849400183586,1081
age_0-5,dep_hour_share_other_17,0.12297761757062621,0.07842442186,4.455319571062621,1081
age_0-5,dep_hour_share_other_18,0.032693436163970156,0.0,3.2693436163970158,1081
age_0-5,dep_hour_share_other_19,0.03881297677927739,0.0,3.8812976779277393,1081
age_0-5,dep_hour_share_other_20,0.0035208315868890936,0.0,0.3520831586889094,1081
age_0-5,dep_hour_share_other_21,0.0007544639114762344,0.0,0.07544639114762344,1081
age_0-5,dep_hour_share_other_22,0.0005029759409841563,0.0,0.05029759409841563,1081
age_0-5,dep_hour_share_other_23,0.00016765864699471876,0.0,0.016765864699471875,1081
age_0-5,dep_hour_share_other_4,0.0003353172939894375,0.0,0.03353172939894375,1081
age_0-5,dep_hour_share_other_5,0.00025148797049207814,0.0,0.025148797049207815,1081
age_0-5,dep_hour_share_other_6,0.027998994048118033,0.0,2.799899404811803,1081
age_0-5,dep_hour_share_other_7,0.057087769301701737,0.03019949616,2.6888273141701737,1081
age_0-5,dep_hour_share_other_8,0.05172269259787073,0.1501003408,-9.837764820212927,1081
age_0-5,dep_hour_share_other_9,0.09799647916841311,0.1134619536,-1.5465474431586883,1081
age_0-5,dep_hour_share_shop_10,0.08571063067673021,0.0995957711,-1.3885140423269784,1081
age_0-5,dep_hour_share_shop_11,0.06869643085582704,0.07551405828,-0.6817627424172967,1081
age_0-5,dep_hour_share_shop_12,0.036714852245106816,0.04665381932,-0.9938967074893181,1081
age_0-5,dep_hour_share_shop_13,0.01842138927977485,0.03537792038,-1.6956531100225147,1081
age_0-5,dep_hour_share_shop_14,0.06856850454138416,0.05718852869,1.1379975851384165,1081
age_0-5,dep_hour_share_shop_15,0.0997825252654471,0.1708411791,-7.1058653834552885,1081
age_0-5,dep_hour_share_shop_16,0.09850326212101829,0.187467588,-8.89643258789817,1081
age_0-5,dep_hour_share_shop_17,0.06754509402584112,0.1315901505,-6.404505647415888,1081
age_0-5,dep_hour_share_shop_18,0.03006268389407701,0.03048643737,-0.04237534759229909,1081
age_0-5,dep_hour_share_shop_19,0.0,0.01229764952,-1.229764952,1081
age_0-5,dep_hour_share_shop_20,0.0,0.0,0.0,1081
age_0-5,dep_hour_share_shop_21,0.0,0.0,0.0,1081
age_0-5,dep_hour_share_shop_22,0.0,0.0,0.0,1081
age_0-5,dep_hour_share_shop_23,0.0,0.0,0.0,1081
age_0-5,dep_hour_share_shop_4,0.0,0.0,0.0,1081
age_0-5,dep_hour_share_shop_5,0.0,0.0,0.0,1081
age_0-5,dep_hour_share_shop_6,0.09402584111551746,0.0,9.402584111551745,1081
age_0-5,dep_hour_share_shop_7,0.18971472431879238,0.03201851834,15.76962059787924,1081
age_0-5,dep_hour_share_shop_8,0.05065882051938084,0.0674913207,-1.6832500180619159,1081
age_0-5,dep_hour_share_shop_9,0.09159524114110272,0.05347705871,3.8118182431102725,1081
age_0-5,dep_hour_share_work_10,0.0,,,1081
age_0-5,dep_hour_share_work_11,0.0,,,1081
age_0-5,dep_hour_share_work_12,0.0,,,1081
age_0-5,dep_hour_share_work_13,0.0,,,1081
age_0-5,dep_hour_share_work_14,0.0,,,1081
age_0-5,dep_hour_share_work_15,0.013392857142857142,,,1081
age_0-5,dep_hour_share_work_16,0.006696428571428571,,,1081
age_0-5,dep_hour_share_work_17,0.0,,,1081
age_0-5,dep_hour_share_work_18,0.0,,,1081
age_0-5,dep_hour_share_work_19,0.0,,,1081
age_0-5,dep_hour_share_work_20,0.0,,,1081
age_0-5,dep_hour_share_work_21,0.0,,,1081
age_0-5,dep_hour_share_work_22,0.0,,,1081
age_0-5,dep_hour_share_work_23,0.0,,,1081
age_0-5,dep_hour_share_work_4,0.0,,,1081
age_0-5,dep_hour_share_work_5,0.0,,,1081
age_0-5,dep_hour_share_work_6,0.017857142857142856,,,1081
age_0-5,dep_hour_share_work_7,0.65625,,,1081
age_0-5,dep_hour_share_work_8,0.203125,,,1081
age_0-5,dep_hour_share_work_9,0.10267857142857142,,,1081
age_0-5,mean_work_activity_h,4.48515625,,,1081
age_0-5,mobility_rate,0.8805015628929688,0.894369307,-1.3867744107031177,1081
age_0-5,n_persons_unweighted,55666.0,1081.0,54585.0,1081
age_0-5,n_persons_weighted,55666.0,41866.19746,13799.802539999997,1081
age_0-5,n_work_activities_measured,448.0,0.0,448.0,1081
age_0-5,nonhome_acts_per_mobile,2.019014975313176,1.849759997,0.16925497831317582,1081
age_0-5,participation_education,0.6628642259188733,0.6558256021,0.7038623818873324,1081
age_0-5,participation_escort,0.12352243739445981,0.131683716,-0.8161278605540195,1081
age_0-5,participation_home,0.8805015628929688,0.8872372133,-0.673565040703128,1081
age_0-5,participation_leisure,0.3401358100097007,0.3698573999,-2.972158989029927,1081
age_0-5,participation_other,0.1689900477850034,0.1063940398,6.2596007985003395,1081
age_0-5,participation_shop,0.11569000826357202,0.1736667987,-5.797679043642799,1081
age_0-5,participation_work,0.008048000574857184,0.0,0.8048000574857184,1081
age_0-5,purpose_share_education,0.28850116612050897,0.2316162448,5.688492132050896,1081
age_0-5,purpose_share_escort,0.04802645174622856,0.06858371484,-2.0557263093771443,1081
age_0-5,purpose_share_home,0.415699819915567,0.4336017334,-1.790191348443304,1081
age_0-5,purpose_share_leisure,0.1285389543294069,0.1552869692,-2.674801487059311,1081
age_0-5,purpose_share_other,0.0704336787411803,0.0414726107,2.8961068041180296,1081
age_0-5,purpose_share_shop,0.046154754524252356,0.06943872705,-2.328397252574764,1081
age_0-5,purpose_share_work,0.002645174622855962,0.0,0.2645174622855962,1081
age_0-5,share_mobile_first_from_home,1.0,0.981573838,1.8426162000000024,1081
age_0-5,share_mobile_last_to_home,1.0,0.9913895519,0.8610448100000001,1081
age_0-5,share_mobile_odd_trip_count,0.21530583098706493,0.2665506923,-5.124486131293507,1081
age_0-5,share_trips_0,0.11949843710703122,0.105630693,1.386774410703122,1081
age_0-5,share_trips_1,0.0,0.0007377866275,-0.07377866275,1081
age_0-5,share_trips_2,0.3470700247907161,0.384519259,-3.744923420928392,1081
age_0-5,share_trips_3,0.10834261488161535,0.160445454,-5.210283911838463,1081
age_0-5,share_trips_4,0.26653612618115186,0.20986863,5.666749618115185,1081
age_0-5,share_trips_5,0.0715697193978371,0.05693658983,1.4633129567837098,1081
age_0-5,share_trips_6,0.05272518233751303,0.05262935205,0.009583028751302541,1081
age_0-5,share_trips_7,0.008622857758775554,0.0172978903,-0.8675032541224447,1081
age_0-5,share_trips_8plus,0.025635037545359826,0.01193434526,1.3700692285359826,1081
age_0-5,share_trips_followed_by_same_purpose,0.08489357305228352,0.019392394,6.550117905228353,1081
age_0-5,share_trips_home_based,0.8136214684261801,0.8641978859,-5.057641747381991,1081
age_0-5,share_trips_unknown_purpose,0.0,0.0,0.0,1081
age_0-5,share_work_activities_lt_2h,0.020089285714285716,,,1081
age_0-5,tours_per_mobile,1.4364263271718285,1.416069201,0.0203571261718285,1081
age_0-5,trips_per_mobile_person,3.455441302485004,3.265829198,0.1896121044850041,1081
age_0-5,trips_per_person,3.042521467322962,2.920857397,0.12166407032296211,1081
age_0-5,trips_per_person_education,0.8777709912693565,0.6765180219,0.20125296936935655,1081
age_0-5,trips_per_person_escort,0.14612151043725075,0.2003232508,-0.054201740362749246,1081
age_0-5,trips_per_person_home,1.264775626055402,1.26648883,-0.0017132039445979519,1081
age_0-5,trips_per_person_leisure,0.3910825279344663,0.4535710926,-0.06248856466553371,1081
age_0-5,trips_per_person_other,0.21429597959256996,0.1211355817,0.09316039789256997,1081
age_0-5,trips_per_person_shop,0.1404268314590594,0.2028206195,-0.06239378804094059,1081
age_0-5,trips_per_person_work,0.008048000574857184,0.0,0.008048000574857184,1081
age_10-17,dep_hour_share_all_10,0.014912424086205378,0.00442174633,1.0490677756205378,1356
age_10-17,dep_hour_share_all_11,0.024401386461463663,0.01246946098,1.1931925481463663,1356
age_10-17,dep_hour_share_all_12,0.06494742092182085,0.03513628026,2.981114066182085,1356
age_10-17,dep_hour_share_all_13,0.09872879757578806,0.1750913411,-7.636254352421193,1356
age_10-17,dep_hour_share_all_14,0.0778187122002741,0.06215947784,1.5659234360274104,1356
age_10-17,dep_hour_share_all_15,0.1063736153198124,0.1061258385,0.024777681981240363,1356
age_10-17,dep_hour_share_all_16,0.07487646326589632,0.08023796321,-0.5361499944103676,1356
age_10-17,dep_hour_share_all_17,0.07906350982635701,0.0691471243,0.9916385526357013,1356
age_10-17,dep_hour_share_all_18,0.07667869551914767,0.06126578846,1.5412907059147676,1356
age_10-17,dep_hour_share_all_19,0.03317783841101793,0.04549539783,-1.231755941898207,1356
age_10-17,dep_hour_share_all_20,0.03231025218677832,0.01792879994,1.438145224677832,1356
age_10-17,dep_hour_share_all_21,0.013843658447649345,0.008667625887,0.5176032560649345,1356
age_10-17,dep_hour_share_all_22,0.007586140414848717,0.0009978874137,0.6588253001148717,1356
age_10-17,dep_hour_share_all_23,0.0021459137527085875,0.0,0.21459137527085875,1356
age_10-17,dep_hour_share_all_4,6.705980477214336e-05,0.0,0.006705980477214336,1356
age_10-17,dep_hour_share_all_5,0.0011735465835125088,0.0007003765575,0.047317002601250886,1356
age_10-17,dep_hour_share_all_6,0.07045470738873312,0.04466560956,2.5789097828733123,1356
age_10-17,dep_hour_share_all_7,0.17054565724895535,0.24253221,-7.198655275104465,1356
age_10-17,dep_hour_share_all_8,0.02662693373233917,0.01949799485,0.7128938882339172,1356
age_10-17,dep_hour_share_all_9,0.018370195269769022,0.01260818799,0.5762007279769021,1356
age_10-17,dep_hour_share_education_10,0.016251235313495115,0.004015895715,1.2235339598495114,1356
age_10-17,dep_hour_share_education_11,0.01513945316789283,0.007404057313,0.773539585489283,1356
age_10-17,dep_hour_share_education_12,0.021878774569012847,0.01370027149,0.8178503079012847,1356
age_10-17,dep_hour_share_education_13,0.016951246294059516,0.01918172748,-0.22304811859404847,1356
age_10-17,dep_hour_share_education_14,0.009457011090370044,0.008485964429,0.09710466613700436,1356
age_10-17,dep_hour_share_education_15,0.019545404633798176,0.008147977648,1.1397426985798176,1356
age_10-17,dep_hour_share_education_16,0.011090370045020314,0.01067460563,0.0415764415020314,1356
age_10-17,dep_hour_share_education_17,0.004145163061381355,0.003872329163,0.02728338983813551,1356
age_10-17,dep_hour_share_education_18,0.004227517294388932,0.003580728232,0.06467890623889318,1356
age_10-17,dep_hour_share_education_19,0.0032941693203030636,0.0,0.32941693203030636,1356
age_10-17,dep_hour_share_education_20,0.00032941693203030636,0.0,0.032941693203030635,1356
age_10-17,dep_hour_share_education_21,0.00028823981552651804,0.0,0.028823981552651805,1356
age_10-17,dep_hour_share_education_22,4.1177116503788295e-05,0.0,0.004117711650378829,1356
age_10-17,dep_hour_share_education_23,2.745141100252553e-05,0.0,0.002745141100252553,1356
age_10-17,dep_hour_share_education_4,4.1177116503788295e-05,0.0,0.004117711650378829,1356
age_10-17,dep_hour_share_education_5,0.0021274843526957288,0.001317372414,0.08101119386957288,1356
age_10-17,dep_hour_share_education_6,0.226336883715823,0.1267340089,9.9602874815823,1356
age_10-17,dep_hour_share_education_7,0.5393653233776217,0.7195300297,-18.016470632237834,1356
age_10-17,dep_hour_share_education_8,0.06581475787855495,0.04666598543,1.9148772448554952,1356
age_10-17,dep_hour_share_education_9,0.04024376852970243,0.02668904647,1.3554722059702424,1356
age_10-17,dep_hour_share_escort_10,0.003582089552238806,0.0,0.3582089552238806,1356
age_10-17,dep_hour_share_escort_11,0.014328358208955224,0.0,1.4328358208955223,1356
age_10-17,dep_hour_share_escort_12,0.02507462686567164,0.03546087084,-1.0386243974328357,1356
age_10-17,dep_hour_share_escort_13,0.08238805970149254,0.04120335327,4.118470643149254,1356
age_10-17,dep_hour_share_escort_14,0.16865671641791044,0.01437659832,15.428011809791045,1356
age_10-17,dep_hour_share_escort_15,0.047164179104477615,0.1124452474,-6.528106829552238,1356
age_10-17,dep_hour_share_escort_16,0.14597014925373133,0.1604631846,-1.4493035346268668,1356
age_10-17,dep_hour_share_escort_17,0.21044776119402986,0.05605201649,15.439574470402986,1356
age_10-17,dep_hour_share_escort_18,0.12029850746268657,0.1499496799,-2.9651172437313424,1356
age_10-17,dep_hour_share_escort_19,0.021492537313432834,0.01535698273,0.6135554583432835,1356
age_10-17,dep_hour_share_escort_20,0.0014925373134328358,0.04668576768,-4.519323036656716,1356
age_10-17,dep_hour_share_escort_21,0.0032835820895522386,0.0,0.3283582089552239,1356
age_10-17,dep_hour_share_escort_22,0.0014925373134328358,0.0,0.1492537313432836,1356
age_10-17,dep_hour_share_escort_23,0.0005970149253731343,0.0,0.05970149253731343,1356
age_10-17,dep_hour_share_escort_4,0.0032835820895522386,0.0,0.3283582089552239,1356
age_10-17,dep_hour_share_escort_5,0.0005970149253731343,0.0,0.05970149253731343,1356
age_10-17,dep_hour_share_escort_6,0.008955223880597015,0.007374775111,0.15804487695970154,1356
age_10-17,dep_hour_share_escort_7,0.08985074626865672,0.3168269311,-22.697618483134328,1356
age_10-17,dep_hour_share_escort_8,0.04119402985074627,0.04380459248,-0.26105626292537293,1356
age_10-17,dep_hour_share_escort_9,0.00208955223880597,0.0,0.208955223880597,1356
age_10-17,dep_hour_share_home_10,0.013175243246364538,0.00178743111,1.138781213636454,1356
age_10-17,dep_hour_share_home_11,0.024801023992608775,0.0135107027,1.1290321292608774,1356
age_10-17,dep_hour_share_home_12,0.11082025272599536,0.05783137855,5.298887417599536,1356
age_10-17,dep_hour_share_home_13,0.1718267296717257,0.3374361694,-16.56094397282743,1356
age_10-17,dep_hour_share_home_14,0.10622960916973832,0.08450475411,2.1724855059738326,1356
age_10-17,dep_hour_share_home_15,0.1372284831628283,0.1440732202,-0.68447370371717,1356
age_10-17,dep_hour_share_home_16,0.060544525392899416,0.06445284741,-0.3908322017100584,1356
age_10-17,dep_hour_share_home_17,0.08638494037937772,0.06355814714,2.2826793239377725,1356
age_10-17,dep_hour_share_home_18,0.11586322384439932,0.09341187214,2.245135170439931,1356
age_10-17,dep_hour_share_home_19,0.057060640765299736,0.07886809866,-2.180745789470026,1356
age_10-17,dep_hour_share_home_20,0.05306668463144928,0.03446409868,1.8602585951449278,1356
age_10-17,dep_hour_share_home_21,0.02701454184992349,0.01458825569,1.242628615992349,1356
age_10-17,dep_hour_share_home_22,0.01597582453540185,0.002185776683,1.379004785240185,1356
age_10-17,dep_hour_share_home_23,0.004609891537624992,0.0,0.4609891537624992,1356
age_10-17,dep_hour_share_home_4,0.0,0.0,0.0,1356
age_10-17,dep_hour_share_home_5,0.0,0.0,0.0,1356
age_10-17,dep_hour_share_home_6,0.00011548788820772421,0.0,0.011548788820772421,1356
age_10-17,dep_hour_share_home_7,0.0007699192547181615,0.002429963828,-0.16600445732818386,1356
age_10-17,dep_hour_share_home_8,0.0009912710404496327,0.001794973979,-0.08037029385503673,1356
age_10-17,dep_hour_share_home_9,0.004128692003426141,0.003238518905,0.0890173098426141,1356
age_10-17,dep_hour_share_leisure_10,0.003763882630476847,0.007081944441,-0.3318061810523153,1356
age_10-17,dep_hour_share_leisure_11,0.0036048453362313463,0.01273546789,-0.9130622553768654,1356
age_10-17,dep_hour_share_leisure_12,0.03472314257693429,0.01316997792,2.155316465693429,1356
age_10-17,dep_hour_share_leisure_13,0.05773053781111671,0.04503274812,1.2697789691116705,1356
age_10-17,dep_hour_share_leisure_14,0.11453335807246799,0.08878091719,2.575244088246799,1356
age_10-17,dep_hour_share_leisure_15,0.1770615209266573,0.1822424086,-0.5180887673342682,1356
age_10-17,dep_hour_share_leisure_16,0.21067140244387308,0.2529597759,-4.2288373456126935,1356
age_10-17,dep_hour_share_leisure_17,0.185543509953084,0.2199202591,-3.4376749146915992,1356
age_10-17,dep_hour_share_leisure_18,0.09099583852413391,0.08414899795,0.6846840574133914,1356
age_10-17,dep_hour_share_leisure_19,0.03543881040103904,0.05331590717,-1.787709676896096,1356
age_10-17,dep_hour_share_leisure_20,0.05287990033662894,0.0120195797,4.086032063662894,1356
age_10-17,dep_hour_share_leisure_21,0.010310917910249953,0.009688232857,0.06226850532499526,1356
age_10-17,dep_hour_share_leisure_22,0.003339783179155512,0.0,0.33397831791555116,1356
age_10-17,dep_hour_share_leisure_23,0.00031807458849100116,0.0,0.03180745884910011,1356
age_10-17,dep_hour_share_leisure_4,0.0,0.0,0.0,1356
age_10-17,dep_hour_share_leisure_5,0.0,0.0,0.0,1356
age_10-17,dep_hour_share_leisure_6,0.0005301243141516685,0.0,0.05301243141516685,1356
age_10-17,dep_hour_share_leisure_7,0.0023060407665597585,0.008011786758,-0.5705745991440241,1356
age_10-17,dep_hour_share_leisure_8,0.006759085005433774,0.002734710159,0.4024374846433775,1356
age_10-17,dep_hour_share_leisure_9,0.007713308770906778,0.008157286237,-0.04439774660932212,1356
age_10-17,dep_hour_share_other_10,0.03920348475420037,0.0,3.9203484754200373,1356
age_10-17,dep_hour_share_other_11,0.10441817050404481,0.03846662925,6.595154125404481,1356
age_10-17,dep_hour_share_other_12,0.05594275046670815,0.01789075402,3.8051996446708145,1356
age_10-17,dep_hour_share_other_13,0.12103298070939639,0.1113795422,0.9653438509396386,1356
age_10-17,dep_hour_share_other_14,0.10914747977598009,0.1453220215,-3.6174541724019917,1356
age_10-17,dep_hour_share_other_15,0.1521468574984443,0.1647685613,-1.2621703801555695,1356
age_10-17,dep_hour_share_other_16,0.11574362165525824,0.1518817946,-3.6138172944741767,1356
age_10-17,dep_hour_share_other_17,0.0582451773490977,0.1120897459,-5.38445685509023,1356
age_10-17,dep_hour_share_other_18,0.06627255756067206,0.02913503778,3.713751978067206,1356
age_10-17,dep_hour_share_other_19,0.019041692594897325,0.0009727619991,1.8068930595797326,1356
age_10-17,dep_hour_share_other_20,0.009707529558182949,0.0,0.9707529558182949,1356
age_10-17,dep_hour_share_other_21,0.003920348475420037,0.01165126497,-0.7730916494579962,1356
age_10-17,dep_hour_share_other_22,0.000373366521468575,0.0,0.0373366521468575,1356
age_10-17,dep_hour_share_other_23,0.0004355942750466708,0.0,0.04355942750466708,1356
age_10-17,dep_hour_share_other_4,0.0,0.0,0.0,1356
age_10-17,dep_hour_share_other_5,0.0,0.0,0.0,1356
age_10-17,dep_hour_share_other_6,0.008027380211574363,0.07230259777,-6.427521755842563,1356
age_10-17,dep_hour_share_other_7,0.04219041692594897,0.0540212516,-1.183083467405103,1356
age_10-17,dep_hour_share_other_8,0.05102675793403858,0.04302092197,0.8005835964038581,1356
age_10-17,dep_hour_share_other_9,0.039950217797137526,0.04709711518,-0.7146897382862477,1356
age_10-17,dep_hour_share_shop_10,0.05434217368694748,0.0275011603,2.684101338694748,1356
age_10-17,dep_hour_share_shop_11,0.06760270410816432,0.03137060099,3.6232103118164325,1356
age_10-17,dep_hour_share_shop_12,0.022880915236609463,0.0392723112,-1.6391395963390538,1356
age_10-17,dep_hour_share_shop_13,0.01612064482579303,0.1435856966,-12.746505177420698,1356
age_10-17,dep_hour_share_shop_14,0.05122204888195528,0.1201428232,-6.892077431804472,1356
age_10-17,dep_hour_share_shop_15,0.09100364014560583,0.1826829485,-9.167930835439417,1356
age_10-17,dep_hour_share_shop_16,0.11752470098803952,0.1789527893,-6.142808831196048,1356
age_10-17,dep_hour_share_shop_17,0.24336973478939158,0.1029522183,14.04175164893916,1356
age_10-17,dep_hour_share_shop_18,0.27223088923556943,0.0975049076,17.472598163556942,1356
age_10-17,dep_hour_share_shop_19,0.0078003120124804995,0.04884875696,-4.1048444947519505,1356
age_10-17,dep_hour_share_shop_20,0.0039001560062402497,0.0,0.39001560062402496,1356
age_10-17,dep_hour_share_shop_21,0.0031201248049922,0.009813679928,-0.66935551230078,1356
age_10-17,dep_hour_share_shop_22,0.0026001040041601664,0.0,0.26001040041601664,1356
age_10-17,dep_hour_share_shop_23,0.0026001040041601664,0.0,0.26001040041601664,1356
age_10-17,dep_hour_share_shop_4,0.0,0.0,0.0,1356
age_10-17,dep_hour_share_shop_5,0.0,0.0,0.0,1356
age_10-17,dep_hour_share_shop_6,0.0013000520020800832,0.001596131314,-0.029607931191991683,1356
age_10-17,dep_hour_share_shop_7,0.013780551222048881,0.008105973574,0.5674577648048882,1356
age_10-17,dep_hour_share_shop_8,0.007280291211648466,0.007670002347,-0.03897111353515347,1356
age_10-17,dep_hour_share_shop_9,0.011180447217888715,0.0,1.1180447217888716,1356
age_10-17,dep_hour_share_work_10,0.014336917562724014,0.0738349554,-5.9498037837275985,1356
age_10-17,dep_hour_share_work_11,0.023894862604540025,0.0,2.3894862604540026,1356
age_10-17,dep_hour_share_work_12,0.007168458781362007,0.04706689957,-3.9898440788637997,1356
age_10-17,dep_hour_share_work_13,0.007168458781362007,0.0,0.7168458781362007,1356
age_10-17,dep_hour_share_work_14,0.0035842293906810036,0.03515190519,-3.1567675799318997,1356
age_10-17,dep_hour_share_work_15,0.07646356033452807,0.05540401136,2.1059548974528073,1356
age_10-17,dep_hour_share_work_16,0.02031063321385902,0.0,2.031063321385902,1356
age_10-17,dep_hour_share_work_17,0.010752688172043012,0.0,1.0752688172043012,1356
age_10-17,dep_hour_share_work_18,0.0,0.0,0.0,1356
age_10-17,dep_hour_share_work_19,0.0023894862604540022,0.0,0.23894862604540024,1356
age_10-17,dep_hour_share_work_20,0.0,0.0,0.0,1356
age_10-17,dep_hour_share_work_21,0.0,0.0,0.0,1356
age_10-17,dep_hour_share_work_22,0.0,0.0,0.0,1356
age_10-17,dep_hour_share_work_23,0.0,0.0,0.0,1356
age_10-17,dep_hour_share_work_4,0.0023894862604540022,0.0,0.23894862604540024,1356
age_10-17,dep_hour_share_work_5,0.14695340501792115,0.04977079272,9.718261229792114,1356
age_10-17,dep_hour_share_work_6,0.14814814814814814,0.2484128487,-10.026470055185186,1356
age_10-17,dep_hour_share_work_7,0.23416965352449223,0.2703012379,-3.613158437550776,1356
age_10-17,dep_hour_share_work_8,0.25567502986857826,0.2200573492,3.561768066857826,1356
age_10-17,dep_hour_share_work_9,0.04659498207885305,0.0,4.659498207885305,1356
age_10-17,mean_work_activity_h,6.06399840700916,6.158400091,-0.09440168399083948,1356
age_10-17,mobility_rate,0.940216040810957,0.9254325783,1.4783462510956968,1356
age_10-17,n_persons_unweighted,68413.0,1356.0,67057.0,1356
age_10-17,n_persons_weighted,68413.0,62009.48908,6403.510920000001,1356
age_10-17,n_work_activities_measured,837.0,21.0,816.0,1356
age_10-17,nonhome_acts_per_mobile,2.093901092921661,1.740651841,0.3532492519216608,1356
age_10-17,participation_education,0.8901086050896759,0.8821687656,0.7939839489675915,1356
age_10-17,participation_escort,0.043807463493780424,0.02915043193,1.4657031563780423,1356
age_10-17,participation_home,0.940216040810957,0.9171505122,2.306552861095701,1356
age_10-17,participation_leisure,0.44044260593746803,0.3678488354,7.259377053746801,1356
age_10-17,participation_other,0.1616651805943315,0.0704082156,9.125696499433149,1356
age_10-17,participation_shop,0.04598541212927368,0.08257518726,-3.6589775130726325,1356
age_10-17,participation_work,0.011445193165041731,0.01443311795,-0.2987924784958268,1356
age_10-17,purpose_share_education,0.30535682102995476,0.3233577547,-1.8000933670045238,1356
age_10-17,purpose_share_escort,0.014040646624167515,0.01089583979,0.31448068341675145,1356
age_10-17,purpose_share_home,0.43549894590369376,0.4602123588,-2.471341289630624,1356
age_10-17,purpose_share_leisure,0.1581228284149158,0.1393511378,1.8771690614915792,1356
age_10-17,purpose_share_other,0.06735319141802149,0.02796532155,3.938786986802148,1356
age_10-17,purpose_share_shop,0.01611950057210396,0.03276509472,-1.664559414789604,1356
age_10-17,purpose_share_work,0.003508066037142749,0.005452492618,-0.19444265808572508,1356
age_10-17,share_mobile_first_from_home,1.0,0.9975792783,0.24207216999999615,1356
age_10-17,share_mobile_last_to_home,1.0,0.9902675592,0.973244080000002,1356
age_10-17,share_mobile_odd_trip_count,0.227305940332385,0.09777002982,12.9535910512385,1356
age_10-17,share_trips_0,0.059783959189043015,0.0745674217,-1.4783462510956982,1356
age_10-17,share_trips_1,0.00014617104936196336,0.001901001929,-0.17548308796380366,1356
age_10-17,share_trips_2,0.3659392220776753,0.439407902,-7.34686799223247,1356
age_10-17,share_trips_3,0.0674433221756099,0.04338212778,2.40611943956099,1356
age_10-17,share_trips_4,0.24154765907064446,0.3327361997,-9.118854062935554,1356
age_10-17,share_trips_5,0.1256047827167351,0.03509807424,9.050670847673512,1356
age_10-17,share_trips_6,0.07733910221741482,0.05676029972,2.0578802497414816,1356
age_10-17,share_trips_7,0.014660956251004926,0.009886829835,0.4774126416004927,1356
age_10-17,share_trips_8plus,0.04753482525251049,0.006260143071,4.127468218151049,1356
age_10-17,share_trips_followed_by_same_purpose,0.09541771971516348,0.02021044301,7.520727670516349,1356
age_10-17,share_trips_home_based,0.849463311999933,0.9214773335,-7.201402150006708,1356
age_10-17,share_trips_unknown_purpose,0.0,0.001322599525,-0.1322599525,1356
age_10-17,share_work_activities_lt_2h,0.12186379928315412,0.1578749223,-3.6011123016845876,1356
age_10-17,tours_per_mobile,1.6153941824852696,1.480413484,0.1349806984852695,1356
age_10-17,trips_per_mobile_person,3.7092952754069306,3.221065325,0.4882299504069305,1356
age_10-17,trips_per_person,3.4875389180418925,2.980878788,0.5066601300418925,1356
age_10-17,trips_per_person_education,1.0649437972315203,0.9626154311,0.1023283661315203,1356
age_10-17,trips_per_person_escort,0.04896730153625773,0.03243622078,0.016531080756257734,1356
age_10-17,trips_per_person_home,1.5188195226053527,1.370022867,0.1487966556053526,1356
age_10-17,trips_per_person_leisure,0.5514595179278792,0.4148394578,0.1366200601278792,1356
age_10-17,trips_per_person_other,0.23489687632467512,0.0832509803,0.15164589602467513,1356
age_10-17,trips_per_person_shop,0.05621738558461111,0.09753959918,-0.041322213595388894,1356
age_10-17,trips_per_person_work,0.012234516831596334,0.01623172309,-0.003997206258403666,1356
age_18-24,dep_hour_share_all_10,0.03011680842787001,0.02518440939,0.493239903787001,893
age_18-24,dep_hour_share_all_11,0.04441558987730384,0.05090803158,-0.649244170269616,893
age_18-24,dep_hour_share_all_12,0.04581392659257935,0.05836505411,-1.255112751742065,893
age_18-24,dep_hour_share_all_13,0.05819919464216248,0.0792229709,-2.1023776257837516,893
age_18-24,dep_hour_share_all_14,0.06303554719123569,0.05888386204,0.4151685151235693,893
age_18-24,dep_hour_share_all_15,0.09838297603902726,0.09764625903,0.07367170090272629,893
age_18-24,dep_hour_share_all_16,0.088515765457929,0.09096595024,-0.24501847820709993,893
age_18-24,dep_hour_share_all_17,0.08140317306782459,0.07436101291,0.7042160157824593,893
age_18-24,dep_hour_share_all_18,0.09090765720774237,0.0671115381,2.379611910774236,893
age_18-24,dep_hour_share_all_19,0.04512001513988624,0.05334741515,-0.822740001011376,893
age_18-24,dep_hour_share_all_20,0.029832935560859187,0.03905792369,-0.9224988129140816,893
age_18-24,dep_hour_share_all_21,0.030216689621818258,0.03349708147,-0.3280391848181744,893
age_18-24,dep_hour_share_all_22,0.03235099302934404,0.02222615009,1.012484293934404,893
age_18-24,dep_hour_share_all_23,0.0116545582622775,0.01050622403,0.11483342322775002,893
age_18-24,dep_hour_share_all_4,0.0025758834228759475,0.0007791789303,0.17967044925759476,893
age_18-24,dep_hour_share_all_5,0.019666081397916164,0.00986631329,0.9799768107916165,893
age_18-24,dep_hour_share_all_6,0.058293818931166086,0.04215588232,1.6137936611166088,893
age_18-24,dep_hour_share_all_7,0.08475707842250796,0.1076210018,-2.286392337749205,893
age_18-24,dep_hour_share_all_8,0.03814935918328725,0.03860352794,-0.04541687567127528,893
age_18-24,dep_hour_share_all_9,0.035741696718639936,0.03518651183,0.05551848886399327,893
age_18-24,dep_hour_share_education_10,0.03227875160324925,0.03490101284,-0.26222612367507514,893
age_18-24,dep_hour_share_education_11,0.1433304831124412,0.06986012065,7.347036246244121,893
age_18-24,dep_hour_share_education_12,0.02185763146643865,0.04841063952,-2.655300805356135,893
age_18-24,dep_hour_share_education_13,0.03479050876442924,0.08040129635,-4.561078758557076,893
age_18-24,dep_hour_share_education_14,0.008123129542539546,0.03089837697,-2.2775247427460457,893
age_18-24,dep_hour_share_education_15,0.004970072680632749,0.02820735963,-2.3237286949367255,893
age_18-24,dep_hour_share_education_16,0.002992731936725096,0.02570737329,-2.2714641353274905,893
age_18-24,dep_hour_share_education_17,0.0037943565626336042,0.02053196086,-1.6737604297366395,893
age_18-24,dep_hour_share_education_18,0.004328772979905943,0.005045877116,-0.07171041360940575,893
age_18-24,dep_hour_share_education_19,0.0029392902949978623,0.0004466295588,0.2492660736197862,893
age_18-24,dep_hour_share_education_20,0.0001603249251817016,0.002221431637,-0.20611067118182982,893
age_18-24,dep_hour_share_education_21,5.344164172723386e-05,0.0,0.005344164172723386,893
age_18-24,dep_hour_share_education_22,5.344164172723386e-05,0.0,0.005344164172723386,893
age_18-24,dep_hour_share_education_23,0.0,0.0,0.0,893
age_18-24,dep_hour_share_education_4,0.0006947413424540402,0.0,0.06947413424540402,893
age_18-24,dep_hour_share_education_5,0.004328772979905943,0.004640286008,-0.03115130280940577,893
age_18-24,dep_hour_share_education_6,0.21713339033775117,0.068343697,14.878969333775116,893
age_18-24,dep_hour_share_education_7,0.3798631893971783,0.3998014518,-1.9938262402821705,893
age_18-24,dep_hour_share_education_8,0.08657545959811885,0.08356063542,0.30148241781188523,893
age_18-24,dep_hour_share_education_9,0.05173150919196238,0.09702185135,-4.529034215803762,893
age_18-24,dep_hour_share_escort_10,0.026221692491060787,0.01375894695,1.2462745541060787,893
age_18-24,dep_hour_share_escort_11,0.02800953516090584,0.09245729675,-6.4447761589094155,893
age_18-24,dep_hour_share_escort_12,0.05323798172427493,0.0,5.323798172427493,893
age_18-24,dep_hour_share_escort_13,0.037544696066746125,0.05387730056,-1.6332604493253875,893
age_18-24,dep_hour_share_escort_14,0.06535558204211363,0.002560722335,6.279485970711363,893
age_18-24,dep_hour_share_escort_15,0.02185141040921732,0.1685697225,-14.671831209078267,893
age_18-24,dep_hour_share_escort_16,0.21811680572109654,0.1200561636,9.806064212109654,893
age_18-24,dep_hour_share_escort_17,0.06694477552642034,0.03481375873,3.2131016796420337,893
age_18-24,dep_hour_share_escort_18,0.18951132300357568,0.05679474115,13.271658185357568,893
age_18-24,dep_hour_share_escort_19,0.05045689312673818,0.02043029322,3.002659990673818,893
age_18-24,dep_hour_share_escort_20,0.006356773937226857,0.02878126346,-2.2424489522773143,893
age_18-24,dep_hour_share_escort_21,0.04330552244735797,0.0503793547,-0.7073832252642027,893
age_18-24,dep_hour_share_escort_22,0.0,0.005435604866,-0.5435604866,893
age_18-24,dep_hour_share_escort_23,0.0,0.0,0.0,893
age_18-24,dep_hour_share_escort_4,0.0,0.0,0.0,893
age_18-24,dep_hour_share_escort_5,0.0003972983710766786,0.0,0.03972983710766786,893
age_18-24,dep_hour_share_escort_6,0.011124354390147001,0.08831266671,-7.7188312319853,893
age_18-24,dep_hour_share_escort_7,0.08919348430671434,0.2202617057,-13.106822139328568,893
age_18-24,dep_hour_share_escort_8,0.03972983710766786,0.0435104588,-0.3780621692332141,893
age_18-24,dep_hour_share_escort_9,0.03456495828367104,0.0,3.4564958283671037,893
age_18-24,dep_hour_share_home_10,0.020058708414872797,0.01166516689,0.8393541524872797,893
age_18-24,dep_hour_share_home_11,0.023053792181757436,0.04631435463,-2.3260562448242563,893
age_18-24,dep_hour_share_home_12,0.040344136318075506,0.05628787982,-1.5943743501924492,893
age_18-24,dep_hour_share_home_13,0.08234690468235406,0.09039552002,-0.8048615337645935,893
age_18-24,dep_hour_share_home_14,0.09314591188964727,0.08169424827,1.1451663619647265,893
age_18-24,dep_hour_share_home_15,0.14949167104195504,0.1234329542,2.6058716841955043,893
age_18-24,dep_hour_share_home_16,0.11469619588563791,0.1213479746,-0.6651778714362094,893
age_18-24,dep_hour_share_home_17,0.08703641830938857,0.09271122846,-0.5674810150611429,893
age_18-24,dep_hour_share_home_18,0.10602119230585652,0.08376426422,2.2256928085856527,893
age_18-24,dep_hour_share_home_19,0.057980525989212925,0.06886305667,-1.0882530680787081,893
age_18-24,dep_hour_share_home_20,0.047432103479547516,0.05846138833,-1.1029284850452488,893
age_18-24,dep_hour_share_home_21,0.04832704882821822,0.05890813052,-1.0581081691781777,893
age_18-24,dep_hour_share_home_22,0.053601260083050925,0.04590416275,0.7697097333050927,893
age_18-24,dep_hour_share_home_23,0.025416447902248104,0.02555811974,-0.01416718377518951,893
age_18-24,dep_hour_share_home_4,0.00014319125578731326,0.0,0.014319125578731327,893
age_18-24,dep_hour_share_home_5,0.0005250346045534819,0.0003030322736,0.02220023309534819,893
age_18-24,dep_hour_share_home_6,0.0017302276740967018,0.0002400066681,0.14902210059967017,893
age_18-24,dep_hour_share_home_7,0.004808839673523937,0.006598089243,-0.17892495694760632,893
age_18-24,dep_hour_share_home_8,0.007780058231110686,0.006845390063,0.09346681681106864,893
age_18-24,dep_hour_share_home_9,0.016037420648179083,0.01014019989,0.5897220758179084,893
age_18-24,dep_hour_share_leisure_10,0.026710794637782902,0.0354571134,-0.8746318762217095,893
age_18-24,dep_hour_share_leisure_11,0.05158292381238926,0.05252686808,-0.09439442676107343,893
age_18-24,dep_hour_share_leisure_12,0.06040851803563668,0.05265061882,0.7757899215636681,893
age_18-24,dep_hour_share_leisure_13,0.031959348778123224,0.06150753248,-2.954818370187678,893
age_18-24,dep_hour_share_leisure_14,0.04767158091799552,0.04834662628,-0.0675045362004481,893
age_18-24,dep_hour_share_leisure_15,0.07772540367064487,0.1010176195,-2.329221582935513,893
age_18-24,dep_hour_share_leisure_16,0.14742753986561027,0.1084790178,3.894852206561028,893
age_18-24,dep_hour_share_leisure_17,0.13362083375121184,0.1137904161,1.9830417651211838,893
age_18-24,dep_hour_share_leisure_18,0.1544478989068298,0.1352658494,1.9182049506829806,893
age_18-24,dep_hour_share_leisure_19,0.08651756761274362,0.1165758567,-3.005828908725637,893
age_18-24,dep_hour_share_leisure_20,0.027111958011566878,0.05583868812,-2.8726730108433123,893
age_18-24,dep_hour_share_leisure_21,0.01701601310467021,0.03859737112,-2.1581358015329792,893
age_18-24,dep_hour_share_leisure_22,0.04008290709724869,0.01820037088,2.188253621724869,893
age_18-24,dep_hour_share_leisure_23,0.001805235182027881,0.0,0.18052351820278809,893
age_18-24,dep_hour_share_leisure_4,0.0007688964664192826,0.001289111248,-0.052021478158071746,893
age_18-24,dep_hour_share_leisure_5,0.0004011633737839735,0.0,0.04011633737839735,893
age_18-24,dep_hour_share_leisure_6,0.00247384080500117,0.006702918364,-0.42290775589988294,893
age_18-24,dep_hour_share_leisure_7,0.01701601310467021,0.008876328858,0.813968424667021,893
age_18-24,dep_hour_share_leisure_8,0.037542205729950186,0.01015999501,2.7382210719950186,893
age_18-24,dep_hour_share_leisure_9,0.03500150436265169,0.03382672897,0.11747753926516918,893
age_18-24,dep_hour_share_other_10,0.043814227674659444,0.117216012,-7.3401784325340556,893
age_18-24,dep_hour_share_other_11,0.06508404365490321,0.07209096089,-0.700691723509679,893
age_18-24,dep_hour_share_other_12,0.10300326615151757,0.05781988174,4.518338441151757,893
age_18-24,dep_hour_share_other_13,0.06317215008364534,0.118511811,-5.533966091635466,893
age_18-24,dep_hour_share_other_14,0.06229586553015216,0.1039058685,-4.161000296984784,893
age_18-24,dep_hour_share_other_15,0.09774555883055844,0.1426642749,-4.491871606944156,893
age_18-24,dep_hour_share_other_16,0.04150402294272285,0.1481865664,-10.668254345727716,893
age_18-24,dep_hour_share_other_17,0.12698159802437664,0.04089013149,8.609146653437664,893
age_18-24,dep_hour_share_other_18,0.06548235481558193,0.02609496754,3.9387387275581927,893
age_18-24,dep_hour_share_other_19,0.013701903927348043,0.008629403325,0.5072500602348043,893
age_18-24,dep_hour_share_other_20,0.02756313231896758,0.0,2.756313231896758,893
age_18-24,dep_hour_share_other_21,0.04022942722855095,0.0,4.0229427228550945,893
age_18-24,dep_hour_share_other_22,0.005576356249502111,0.0,0.5576356249502111,893
age_18-24,dep_hour_share_other_23,0.0023102047319365888,0.0,0.23102047319365887,893
age_18-24,dep_hour_share_other_4,0.0003983111606787222,0.0,0.03983111606787222,893
age_18-24,dep_hour_share_other_5,0.0013542579463076555,0.0,0.13542579463076554,893
age_18-24,dep_hour_share_other_6,0.04261929419262328,0.008060061011,3.455923318162328,893
age_18-24,dep_hour_share_other_7,0.06221620329801641,0.02260816915,3.9608034148016404,893
age_18-24,dep_hour_share_other_8,0.05902971401258663,0.07815482528,-1.9125111267413377,893
age_18-24,dep_hour_share_other_9,0.07464351151119254,0.05516706685,1.947644466119254,893
age_18-24,dep_hour_share_shop_10,0.06884134717220927,0.01897096944,4.987037773220927,893
age_18-24,dep_hour_share_shop_11,0.03678599166843183,0.06281294543,-2.6026953761568175,893
age_18-24,dep_hour_share_shop_12,0.053307914989762055,0.09938698379,-4.607906880023794,893
age_18-24,dep_hour_share_shop_13,0.04702393560686295,0.1007398641,-5.371592849313705,893
age_18-24,dep_hour_share_shop_14,0.08077384734872556,0.06651575496,1.4258092388725552,893
age_18-24,dep_hour_share_shop_15,0.14382546070747723,0.1866778874,-4.285242669252276,893
age_18-24,dep_hour_share_shop_16,0.062416154769469746,0.09368439708,-3.1268242310530248,893
age_18-24,dep_hour_share_shop_17,0.14735578620348797,0.1038333869,4.352239930348796,893
age_18-24,dep_hour_share_shop_18,0.12963355221351408,0.05401011441,7.562343780351408,893
age_18-24,dep_hour_share_shop_19,0.0337499117418626,0.04229752422,-0.8547612478137401,893
age_18-24,dep_hour_share_shop_20,0.004730636164654381,0.03410551903,-2.9374882865345624,893
age_18-24,dep_hour_share_shop_21,0.023794393843112334,0.01732718335,0.6467210493112333,893
age_18-24,dep_hour_share_shop_22,0.027112899809362424,0.0,2.7112899809362423,893
age_18-24,dep_hour_share_shop_23,7.060650992021465e-05,0.0,0.007060650992021465,893
age_18-24,dep_hour_share_shop_4,0.0,0.0,0.0,893
age_18-24,dep_hour_share_shop_5,0.00021181952976064393,0.002847337897,-0.2635518367239356,893
age_18-24,dep_hour_share_shop_6,0.0012709171785638637,0.0,0.12709171785638637,893
age_18-24,dep_hour_share_shop_7,0.02372378733319212,0.003504804092,2.0218983241192117,893
age_18-24,dep_hour_share_shop_8,0.047659394196144886,0.05225400101,-0.45946068138551166,893
age_18-24,dep_hour_share_shop_9,0.06686436489444327,0.06103132682,0.5833038074443263,893
age_18-24,dep_hour_share_work_10,0.03793143164279955,0.02259725549,1.5334176152799552,893
age_18-24,dep_hour_share_work_11,0.03121280761700004,0.02100725469,1.020555292700004,893
age_18-24,dep_hour_share_work_12,0.030790494106806926,0.0673294876,-3.6538993493193077,893
age_18-24,dep_hour_share_work_13,0.0351288056206089,0.04425739801,-0.91285923893911,893
age_18-24,dep_hour_share_work_14,0.013514032326179598,0.02296553244,-0.9451500113820401,893
age_18-24,dep_hour_share_work_15,0.015164894229661765,0.01421659067,0.09483035596617659,893
age_18-24,dep_hour_share_work_16,0.009866779283602719,0.02749113726,-1.7624357976397282,893
age_18-24,dep_hour_share_work_17,0.00403117441547971,0.01921930609,-1.5188131674520289,893
age_18-24,dep_hour_share_work_18,0.0036472530425768804,0.008101323702,-0.44540706594231194,893
age_18-24,dep_hour_share_work_19,0.006795408300380082,0.0,0.6795408300380082,893
age_18-24,dep_hour_share_work_20,0.016930932545014783,0.01068788997,0.6243042575014783,893
age_18-24,dep_hour_share_work_21,0.004914193573156218,0.002276105451,0.26380881221562175,893
age_18-24,dep_hour_share_work_22,0.0003071370983222636,0.0,0.03071370983222636,893
age_18-24,dep_hour_share_work_23,0.00011517641187084885,0.0,0.011517641187084884,893
age_18-24,dep_hour_share_work_4,0.01677736399585365,0.004549769724,1.2227594271853648,893
age_18-24,dep_hour_share_work_5,0.13752063577379353,0.07302180838,6.449882739379353,893
age_18-24,dep_hour_share_work_6,0.23795446692517372,0.2369148277,0.10396392251737219,893
age_18-24,dep_hour_share_work_7,0.25096940146657964,0.293810017,-4.284061553342033,893
age_18-24,dep_hour_share_work_8,0.0862287403539755,0.1096593637,-2.34306233460245,893
age_18-24,dep_hour_share_work_9,0.05305793373517104,0.02189493214,3.116300159517104,893
age_18-24,mean_work_activity_h,6.501669482198162,6.812952307,-0.3112828248018378,893
age_18-24,mobility_rate,0.8206597685628602,0.7546605455,6.599922306286022,893
age_18-24,n_persons_unweighted,63689.0,893.0,62796.0,893
age_18-24,n_persons_weighted,63689.0,52074.31211,11614.687890000001,893
age_18-24,n_work_activities_measured,26046.0,309.0,25737.0,893
age_18-24,nonhome_acts_per_mobile,2.0361222186082997,2.084417489,-0.04829527039170012,893
age_18-24,participation_education,0.2347501138344141,0.334489587,-9.973947316558588,893
age_18-24,participation_escort,0.06266388230306646,0.02815135473,3.4512527573066465,893
age_18-24,participation_home,0.8206597685628602,0.7424896041,7.8170164462860185,893
age_18-24,participation_leisure,0.34951090455180645,0.3696243154,-2.0113410848193567,893
age_18-24,participation_other,0.17142677699445744,0.07997782929,9.144894770445744,893
age_18-24,participation_shop,0.20711582847901522,0.1781573512,2.895847727901521,893
age_18-24,participation_work,0.35522617720485483,0.2871962929,6.802988430485485,893
age_18-24,purpose_share_education,0.09836720532419332,0.159334404,-6.096719867580669,893
age_18-24,purpose_share_escort,0.026463259491341876,0.01309209486,1.3371164631341876,893
age_18-24,purpose_share_home,0.4405496619810121,0.4153081079,2.5241554081012083,893
age_18-24,purpose_share_leisure,0.15724979760915964,0.1797186293,-2.246883169084035,893
age_18-24,purpose_share_other,0.06598992777012606,0.03396281963,3.2027108140126064,893
age_18-24,purpose_share_shop,0.07445354473100417,0.07914112503,-0.4687580298995825,893
age_18-24,purpose_share_work,0.13692660309316287,0.1194428193,1.748378379316287,893
age_18-24,share_mobile_first_from_home,1.0,0.9406851375,5.931486249999995,893
age_18-24,share_mobile_last_to_home,1.0,0.9660975119,3.390248809999996,893
age_18-24,share_mobile_odd_trip_count,0.34756155891862933,0.2136054659,13.395609301862931,893
age_18-24,share_trips_0,0.17934023143713984,0.2453394545,-6.5999223062860155,893
age_18-24,share_trips_1,0.0019783636106706025,0.006018493157,-0.40401295463293985,893
age_18-24,share_trips_2,0.2856066196674465,0.3013416917,-1.5735072032553532,893
age_18-24,share_trips_3,0.1273375308137983,0.07133340527,5.600412554379831,893
age_18-24,share_trips_4,0.17332663411264113,0.210344162,-3.7017527887358876,893
age_18-24,share_trips_5,0.11683336211904724,0.05463050607,6.220285604904724,893
age_18-24,share_trips_6,0.07318375229631491,0.06955324763,0.36305046663149126,893
age_18-24,share_trips_7,0.03201494763616951,0.01833388261,1.3681065026169508,893
age_18-24,share_trips_8plus,0.01037855830677197,0.02310515705,-1.2726598743228028,893
age_18-24,share_trips_followed_by_same_purpose,0.09431938851681684,0.04177658799,5.254280052681684,893
age_18-24,share_trips_home_based,0.8440013457676658,0.8218979499,2.2103395867665854,893
age_18-24,share_trips_unknown_purpose,0.0,0.001902570424,-0.1902570424,893
age_18-24,share_work_activities_lt_2h,0.14478230822391155,0.0748682609,6.991404732391156,893
age_18-24,tours_per_mobile,1.6033826314883195,1.475755717,0.12762691448831953,893
age_18-24,trips_per_mobile_person,3.6395048500966194,3.560173206,0.07933164409661941,893
age_18-24,trips_per_person,2.9867952079636986,2.686722253,0.30007295496369846,893
age_18-24,trips_per_person_education,0.29380269748308185,0.4272728227,-0.13347012521691815,893
age_18-24,trips_per_person_escort,0.07904033663583979,0.03510790004,0.043932436595839786,893
age_18-24,trips_per_person_home,1.315831619274914,1.113694614,0.20213700527491407,893
age_18-24,trips_per_person_leisure,0.46967294195229947,0.4819353769,-0.012262434947700518,893
age_18-24,trips_per_person_other,0.1970984000376831,0.09107505629,0.10602334374768312,893
age_18-24,trips_per_person_shop,0.22237749061847414,0.2122256778,0.010151812818474132,893
age_18-24,trips_per_person_work,0.4089717219614062,0.3202991272,0.08867259476140621,893
age_25-44,dep_hour_share_all_10,0.03394239717158366,0.02935278429,0.45896128815836634,4025
age_25-44,dep_hour_share_all_11,0.04163227084795277,0.03903459805,0.25976727979527686,4025
age_25-44,dep_hour_share_all_12,0.05861748074320656,0.05083562843,0.7781852313206556,4025
age_25-44,dep_hour_share_all_13,0.057567800142681834,0.05847497675,-0.09071766073181636,4025
age_25-44,dep_hour_share_all_14,0.06946573709412447,0.07454956686,-0.5083829765875527,4025
age_25-44,dep_hour_share_all_15,0.084548911729918,0.08547313505,-0.09242233200819905,4025
age_25-44,dep_hour_share_all_16,0.09525588737709455,0.1027285578,-0.7472670422905447,4025
age_25-44,dep_hour_share_all_17,0.08145241233882615,0.09686879024,-1.5416377901173852,4025
age_25-44,dep_hour_share_all_18,0.06341051618831667,0.06613640102,-0.2725884831683331,4025
age_25-44,dep_hour_share_all_19,0.04540014548409658,0.04156726866,0.38328768240965816,4025
age_25-44,dep_hour_share_all_20,0.03111094505114712,0.03107559391,0.0035351141147117737,4025
age_25-44,dep_hour_share_all_21,0.0211570772875506,0.01904776471,0.21093125775505997,4025
age_25-44,dep_hour_share_all_22,0.017453421153107416,0.01723390815,0.021951300310741467,4025
age_25-44,dep_hour_share_all_23,0.009340872974636026,0.003892511866,0.5448361108636026,4025
age_25-44,dep_hour_share_all_4,0.005081434898201999,0.003105880327,0.1975554571201999,4025
age_25-44,dep_hour_share_all_5,0.025458549292370493,0.02100437761,0.44541716823704935,4025
age_25-44,dep_hour_share_all_6,0.058765767101678905,0.03752643822,2.1239328881678907,4025
age_25-44,dep_hour_share_all_7,0.08445433539104981,0.110174645,-2.5720309608950194,4025
age_25-44,dep_hour_share_all_8,0.06071684194425601,0.07897970077,-1.8262858825743986,4025
age_25-44,dep_hour_share_all_9,0.04054405914640768,0.03065365709,0.9890402056407677,4025
age_25-44,dep_hour_share_education_10,0.033928076176389016,0.02641891161,0.7509164566389014,4025
age_25-44,dep_hour_share_education_11,0.04354257187760007,0.02744738155,1.609519032760007,4025
age_25-44,dep_hour_share_education_12,0.09226217990200611,0.0269026847,6.535949520200611,4025
age_25-44,dep_hour_share_education_13,0.05361930294906166,0.08153439236,-2.7915089410938334,4025
age_25-44,dep_hour_share_education_14,0.03790330036054359,0.1084028729,-7.0499572539456405,4025
age_25-44,dep_hour_share_education_15,0.0439123601738005,0.06961964452,-2.5707284346199497,4025
age_25-44,dep_hour_share_education_16,0.02107793288342424,0.06204862759,-4.097069470657575,4025
age_25-44,dep_hour_share_education_17,0.003882777110104465,0.0367147792,-3.2832002089895536,4025
age_25-44,dep_hour_share_education_18,0.022279744846075623,0.01074641341,1.1533331436075622,4025
age_25-44,dep_hour_share_education_19,0.0,0.01173627202,-1.173627202,4025
age_25-44,dep_hour_share_education_20,0.0,0.0,0.0,4025
age_25-44,dep_hour_share_education_21,0.0,0.008324041908,-0.8324041908,4025
age_25-44,dep_hour_share_education_22,0.0,0.0,0.0,4025
age_25-44,dep_hour_share_education_23,0.0,0.0,0.0,4025
age_25-44,dep_hour_share_education_4,0.0036978829620042527,0.0,0.36978829620042525,4025
age_25-44,dep_hour_share_education_5,0.008505130812609781,0.0,0.8505130812609781,4025
age_25-44,dep_hour_share_education_6,0.0717389294628825,0.02785585686,4.388307260288251,4025
age_25-44,dep_hour_share_education_7,0.4276601645557918,0.2431989634,18.44612011557918,4025
age_25-44,dep_hour_share_education_8,0.11481926597023204,0.1696731779,-5.485391192976796,4025
age_25-44,dep_hour_share_education_9,0.020985485809374132,0.08937598006,-6.839049425062586,4025
age_25-44,dep_hour_share_escort_10,0.009973372827679655,0.007296551807,0.2676821020679655,4025
age_25-44,dep_hour_share_escort_11,0.02349178339031653,0.02120520619,0.22865772003165322,4025
age_25-44,dep_hour_share_escort_12,0.07137342639713876,0.04721467212,2.415875427713875,4025
age_25-44,dep_hour_share_escort_13,0.08120499771542013,0.09357296788,-1.236797016457987,4025
age_25-44,dep_hour_share_escort_14,0.16805054436023886,0.130670501,3.738004336023887,4025
age_25-44,dep_hour_share_escort_15,0.1262348548110101,0.1267819293,-0.05470744889899126,4025
age_25-44,dep_hour_share_escort_16,0.06540200727914415,0.05071967507,1.4682332209144153,4025
age_25-44,dep_hour_share_escort_17,0.03508799571444327,0.05279784819,-1.770985247555673,4025
age_25-44,dep_hour_share_escort_18,0.03637996502229435,0.01817284159,1.8207123432294348,4025
age_25-44,dep_hour_share_escort_19,0.015897524775874836,0.007804126756,0.8093398019874836,4025
age_25-44,dep_hour_share_escort_20,0.004317068175014574,0.0003713339033,0.3945734271714575,4025
age_25-44,dep_hour_share_escort_21,0.004758228426475918,0.002670445741,0.20877826854759177,4025
age_25-44,dep_hour_share_escort_22,0.001607083773180608,0.02141109736,-1.9804013586819391,4025
age_25-44,dep_hour_share_escort_23,0.0009138319494556398,0.0,0.09138319494556398,4025
age_25-44,dep_hour_share_escort_4,0.0024263813830373883,0.0,0.24263813830373882,4025
age_25-44,dep_hour_share_escort_5,0.002709984401833966,0.0005714581752,0.21385262266339664,4025
age_25-44,dep_hour_share_escort_6,0.053963352187682175,0.01192044468,4.204290750768218,4025
age_25-44,dep_hour_share_escort_7,0.17414800926436527,0.2583130331,-8.41650238356347,4025
age_25-44,dep_hour_share_escort_8,0.09893018639020625,0.1347702211,-3.584003470979376,4025
age_25-44,dep_hour_share_escort_9,0.019190470938568436,0.009764125762,0.9426345176568436,4025
age_25-44,dep_hour_share_home_10,0.020192058740534518,0.0257201201,-0.5528061359465483,4025
age_25-44,dep_hour_share_home_11,0.04412521927336516,0.0382674508,0.5857768473365159,4025
age_25-44,dep_hour_share_home_12,0.06966129356012672,0.0410214586,2.8639834960126724,4025
age_25-44,dep_hour_share_home_13,0.05913326293312853,0.06200003835,-0.286677541687147,4025
age_25-44,dep_hour_share_home_14,0.07104893396053516,0.08132017858,-1.0271244619464839,4025
age_25-44,dep_hour_share_home_15,0.1051115785064102,0.1010822646,0.40293139064102035,4025
age_25-44,dep_hour_share_home_16,0.12331672237591963,0.1384557829,-1.5139060524080359,4025
age_25-44,dep_hour_share_home_17,0.11128468737363599,0.1331026752,-2.1817987826364003,4025
age_25-44,dep_hour_share_home_18,0.08560024901890624,0.09261052467,-0.7010275651093758,4025
age_25-44,dep_hour_share_home_19,0.06428236882143658,0.05089554471,1.3386824111436582,4025
age_25-44,dep_hour_share_home_20,0.05798707778058991,0.05684347064,0.11436071405899126,4025
age_25-44,dep_hour_share_home_21,0.039968116270883695,0.03274124022,0.7226876050883693,4025
age_25-44,dep_hour_share_home_22,0.03761174577962409,0.02815653928,0.9455206499624089,4025
age_25-44,dep_hour_share_home_23,0.019892421505226198,0.00754118837,1.2351233135226198,4025
age_25-44,dep_hour_share_home_4,3.2000093091179905e-05,0.0002017456656,-0.01697455725088201,4025
age_25-44,dep_hour_share_home_5,0.0009367299977599935,0.005221632523,-0.42849025252400064,4025
age_25-44,dep_hour_share_home_6,0.0024552798699050762,0.006611835438,-0.41565555680949234,4025
age_25-44,dep_hour_share_home_7,0.015650954620958897,0.03017629035,-1.4525335729041102,4025
age_25-44,dep_hour_share_home_8,0.023892433141623686,0.04812328746,-2.423085431837631,4025
age_25-44,dep_hour_share_home_9,0.022647338610439594,0.01763454772,0.5012790890439593,4025
age_25-44,dep_hour_share_leisure_10,0.038992146487618826,0.02700385503,1.1988291457618827,4025
age_25-44,dep_hour_share_leisure_11,0.035303249067343244,0.037845402,-0.2542152932656756,4025
age_25-44,dep_hour_share_leisure_12,0.057227985544863504,0.0632204461,-0.5992460555136491,4025
age_25-44,dep_hour_share_leisure_13,0.05437368030112086,0.03932223107,1.505144923112086,4025
age_25-44,dep_hour_share_leisure_14,0.06589939825904072,0.0600168606,0.5882537659040719,4025
age_25-44,dep_hour_share_leisure_15,0.07996227643362071,0.08739013564,-0.7427859206379297,4025
age_25-44,dep_hour_share_leisure_16,0.13835869102563034,0.1438486555,-0.5489964474369669,4025
age_25-44,dep_hour_share_leisure_17,0.13551273170365302,0.1477244444,-1.2211712696346966,4025
age_25-44,dep_hour_share_leisure_18,0.11404702092322587,0.117110796,-0.30637750767741334,4025
age_25-44,dep_hour_share_leisure_19,0.08663901384588421,0.1128861458,-2.624713195411579,4025
age_25-44,dep_hour_share_leisure_20,0.03182299969120089,0.03746674649,-0.5643746798799109,4025
age_25-44,dep_hour_share_leisure_21,0.020288935811515703,0.01625238859,0.4036547221515703,4025
age_25-44,dep_hour_share_leisure_22,0.00983984176132333,0.01404944481,-0.4209603048676671,4025
age_25-44,dep_hour_share_leisure_23,0.002203323346046954,0.002662663419,-0.045934007295304585,4025
age_25-44,dep_hour_share_leisure_4,4.172960882664686e-05,0.002551764697,-0.2510035088173353,4025
age_25-44,dep_hour_share_leisure_5,0.006192673949874394,0.008189518441,-0.19968444911256067,4025
age_25-44,dep_hour_share_leisure_6,0.018018845091346113,0.01320803356,0.4810811531346113,4025
age_25-44,dep_hour_share_leisure_7,0.020581043073302233,0.01732781009,0.32532329833022333,4025
age_25-44,dep_hour_share_leisure_8,0.037389729508675584,0.02546712609,1.1922603418675584,4025
age_25-44,dep_hour_share_leisure_9,0.04275615720378237,0.02589343178,1.686272542378237,4025
age_25-44,dep_hour_share_other_10,0.07295709775914713,0.05412017233,1.883692542914713,4025
age_25-44,dep_hour_share_other_11,0.06628111576877296,0.0789802017,-1.2699085931227039,4025
age_25-44,dep_hour_share_other_12,0.05555555555555555,0.05983446371,-0.42789081544444485,4025
age_25-44,dep_hour_share_other_13,0.07708430367955287,0.04273636165,3.4347942029552865,4025
age_25-44,dep_hour_share_other_14,0.1043963152719557,0.1265055826,-2.21092673280443,4025
age_25-44,dep_hour_share_other_15,0.10228742948817471,0.1352309765,-3.2943547011825283,4025
age_25-44,dep_hour_share_other_16,0.09412358329451949,0.1316381246,-3.75145413054805,4025
age_25-44,dep_hour_share_other_17,0.07620452310717797,0.04966564691,2.653887619717797,4025
age_25-44,dep_hour_share_other_18,0.05536148631164933,0.03138908936,2.3972396951649335,4025
age_25-44,dep_hour_share_other_19,0.047559902706619056,0.006066265421,4.149363728561905,4025
age_25-44,dep_hour_share_other_20,0.02334006106712208,0.004669368886,1.8670692181122082,4025
age_25-44,dep_hour_share_other_21,0.009211820110748848,0.01009070344,-0.08788833292511511,4025
age_25-44,dep_hour_share_other_22,0.006029084510686746,0.009226448133,-0.3197363622313254,4025
age_25-44,dep_hour_share_other_23,0.008668426227811417,0.0,0.8668426227811418,4025
age_25-44,dep_hour_share_other_4,0.0001552553951249806,0.0,0.01552553951249806,4025
age_25-44,dep_hour_share_other_5,0.002057133985405993,0.002621566313,-0.05644323275940072,4025
age_25-44,dep_hour_share_other_6,0.01319670858562335,0.01949225706,-0.6295548474376651,4025
age_25-44,dep_hour_share_other_7,0.05277389639289965,0.04723864121,0.553525518289965,4025
age_25-44,dep_hour_share_other_8,0.057884386482430265,0.09630056464,-3.841617815756974,4025
age_25-44,dep_hour_share_other_9,0.06899808518346012,0.09419356547,-2.519548028653988,4025
age_25-44,dep_hour_share_shop_10,0.09019034184908487,0.06803486304,2.215547880908486,4025
age_25-44,dep_hour_share_shop_11,0.08446093028925691,0.06635659884,1.8104331449256912,4025
age_25-44,dep_hour_share_shop_12,0.06385942914859899,0.07726087357,-1.340144442140101,4025
age_25-44,dep_hour_share_shop_13,0.04970133918464727,0.04675210802,0.29492311646472646,4025
age_25-44,dep_hour_share_shop_14,0.08538390540375808,0.08259293623,0.27909691737580816,4025
age_25-44,dep_hour_share_shop_15,0.1017536527175522,0.0909313898,1.08222629175522,4025
age_25-44,dep_hour_share_shop_16,0.14029221740417602,0.1393931915,0.08990259041760096,4025
age_25-44,dep_hour_share_shop_17,0.09888023962523727,0.1325312315,-3.365099187476274,4025
age_25-44,dep_hour_share_shop_18,0.06223986904202149,0.0866208823,-2.4381013257978505,4025
age_25-44,dep_hour_share_shop_19,0.023823206729011025,0.03743184982,-1.3608643090988977,4025
age_25-44,dep_hour_share_shop_20,0.006060289431064208,0.01958655162,-1.3526262188935791,4025
age_25-44,dep_hour_share_shop_21,0.002089754976229037,0.01126433868,-0.9174583703770962,4025
age_25-44,dep_hour_share_shop_22,0.0008881458648973408,0.002536911833,-0.16487659681026592,4025
age_25-44,dep_hour_share_shop_23,0.0007662434912839803,0.0,0.07662434912839802,4025
age_25-44,dep_hour_share_shop_4,0.00029604862163244694,0.0,0.029604862163244695,4025
age_25-44,dep_hour_share_shop_5,0.00019156087282099507,0.0001243325662,0.006722830662099507,4025
age_25-44,dep_hour_share_shop_6,0.00820228828169897,0.003842382528,0.43599057536989705,4025
age_25-44,dep_hour_share_shop_7,0.03397593298852376,0.03503773812,-0.10618051314762386,4025
age_25-44,dep_hour_share_shop_8,0.04541734148337774,0.04984367514,-0.4426333656622261,4025
age_25-44,dep_hour_share_shop_9,0.095501802413667,0.04985814484,4.5643657573667,4025
age_25-44,dep_hour_share_work_10,0.030666405629697305,0.02775671931,0.2909686319697305,4025
age_25-44,dep_hour_share_work_11,0.023509642053055765,0.03089445661,-0.7384814556944234,4025
age_25-44,dep_hour_share_work_12,0.03214561512274176,0.05180966087,-1.9664045747258245,4025
age_25-44,dep_hour_share_work_13,0.04304934686374958,0.05380842665,-1.0759079786250416,4025
age_25-44,dep_hour_share_work_14,0.017005470899816185,0.0228067842,-0.5801313300183815,4025
age_25-44,dep_hour_share_work_15,0.024270999880358055,0.01733496191,0.6936037970358057,4025
age_25-44,dep_hour_share_work_16,0.015792736646327535,0.008581947131,0.7210789515327535,4025
age_25-44,dep_hour_share_work_17,0.007787602919263441,0.008768448911,-0.09808459917365585,4025
age_25-44,dep_hour_share_work_18,0.0044321902089383405,0.003612725887,0.08194643219383403,4025
age_25-44,dep_hour_share_work_19,0.001914271108645762,0.00134504902,0.056922208864576204,4025
age_25-44,dep_hour_share_work_20,0.0025723018022427427,0.003590311475,-0.10180096727572573,4025
age_25-44,dep_hour_share_work_21,0.004437628479133357,0.008217950353,-0.3780321873866644,4025
age_25-44,dep_hour_share_work_22,0.0012018577130986177,0.0003123685422,0.08894891708986177,4025
age_25-44,dep_hour_share_work_23,0.0006852220445720625,0.002312288664,-0.16270666194279373,4025
age_25-44,dep_hour_share_work_4,0.022367605312102325,0.01340819879,0.8959406522102324,4025
age_25-44,dep_hour_share_work_5,0.1104295145800024,0.08837114296,2.2058371620002406,4025
age_25-44,dep_hour_share_work_6,0.22642237956950653,0.1519441065,7.447827306950653,4025
age_25-44,dep_hour_share_work_7,0.23262744586202022,0.3004886393,-6.7861193437979805,4025
age_25-44,dep_hour_share_work_8,0.1343524651678794,0.1545272577,-2.0174792532120596,4025
age_25-44,dep_hour_share_work_9,0.05195723344318639,0.0457817992,0.6175434243186388,4025
age_25-44,mean_work_activity_h,5.634689917203548,6.30967192,-0.6749820027964528,4025
age_25-44,mobility_rate,0.8770210681038707,0.8781907671,-0.1169698996129287,4025
age_25-44,n_persons_unweighted,251043.0,4025.0,247018.0,4025
age_25-44,n_persons_weighted,251043.0,199882.6486,51160.351400000014,4025
age_25-44,n_work_activities_measured,183623.0,2600.0,181023.0,4025
age_25-44,nonhome_acts_per_mobile,2.3286642140164417,2.338478239,-0.009814024983558323,4025
age_25-44,participation_education,0.03624080336834726,0.03817704481,-0.19362414416527404,4025
age_25-44,participation_escort,0.15882538051250183,0.2139314898,-5.510610928749818,4025
age_25-44,participation_home,0.8770210681038707,0.8664663577,1.0554710403870682,4025
age_25-44,participation_leisure,0.3513621172468462,0.3519283511,-0.05662338531537969,4025
age_25-44,participation_other,0.21797460992738296,0.1266739587,9.130065122738296,4025
age_25-44,participation_shop,0.1973327278593707,0.2531729059,-5.584017804062932,4025
age_25-44,participation_work,0.5676597236330031,0.5710853725,-0.3425648866996922,4025
age_25-44,purpose_share_education,0.012630027870829738,0.01234228039,0.028774748082973853,4025
age_25-44,purpose_share_escort,0.07410698335339674,0.1066532473,-3.2546263946603258,4025
age_25-44,purpose_share_home,0.40136446801976994,0.4085153751,-0.7150907080230084,4025
age_25-44,purpose_share_leisure,0.13990175736848925,0.1418072416,-0.190548423151074,4025
age_25-44,purpose_share_other,0.09024684424444597,0.04337982444,4.686701980444597,4025
age_25-44,purpose_share_shop,0.06704761860281558,0.08947511376,-2.2427495157184425,4025
age_25-44,purpose_share_work,0.21470230054025274,0.1978269174,1.6875383140252747,4025
age_25-44,share_mobile_first_from_home,1.0,0.9727469658,2.7253034200000026,4025
age_25-44,share_mobile_last_to_home,1.0,0.9661972261,3.380277389999997,4025
age_25-44,share_mobile_odd_trip_count,0.2900349729754281,0.2489258215,4.110915147542807,4025
age_25-44,share_trips_0,0.12297893189612935,0.1218092329,0.11696989961293563,4025
age_25-44,share_trips_1,0.00031070374398011494,0.006205911764,-0.5895208020019885,4025
age_25-44,share_trips_2,0.2985464641515597,0.3005872781,-0.2040813948440301,4025
age_25-44,share_trips_3,0.12009894719231366,0.09065990804,2.943903915231366,4025
age_25-44,share_trips_4,0.21130244619447663,0.2270095403,-1.5707094105523374,4025
age_25-44,share_trips_5,0.08193815402142263,0.0716958831,1.024227092142263,4025
age_25-44,share_trips_6,0.0701951458515075,0.08548423682,-1.52890909684925,4025
age_25-44,share_trips_7,0.03838386252554343,0.03189912385,0.6484738675543431,4025
age_25-44,share_trips_8plus,0.056245344423066966,0.06464888519,-0.8403540766933039,4025
age_25-44,share_trips_followed_by_same_purpose,0.11080260283425439,0.05382549989,5.6977102944254385,4025
age_25-44,share_trips_home_based,0.7824183753653157,0.8176476408,-3.52292654346843,4025
age_25-44,share_trips_unknown_purpose,0.0,0.001274407943,-0.12744079430000002,4025
age_25-44,share_work_activities_lt_2h,0.21920456587682371,0.1059530374,11.325152847682372,4025
age_25-44,tours_per_mobile,1.561289003951492,1.611618956,-0.0503299520485081,4025
age_25-44,trips_per_mobile_person,3.8899532179679337,3.950097195,-0.06014397703206642,4025
age_25-44,trips_per_person,3.411570926096326,3.468938886,-0.05736795990367405,4025
age_25-44,trips_per_person_education,0.043088235879909016,0.04276005311,0.0003281827699090148,4025
age_25-44,trips_per_person_escort,0.2528212298291528,0.3695020997,-0.11668086987084719,4025
age_25-44,trips_per_person_home,1.369283349864366,1.415308888,-0.046025538135634037,4025
age_25-44,trips_per_person_leisure,0.4772847679481204,0.491293747,-0.014008979051879589,4025
age_25-44,trips_per_person_other,0.30788350999629543,0.1502901845,0.15759332549629543,4025
age_25-44,trips_per_person_shop,0.2287377062893608,0.309988146,-0.08125043971063922,4025
age_25-44,trips_per_person_work,0.7324721262891218,0.6853749247,0.047097201589121784,4025
age_45-64,dep_hour_share_all_10,0.04143227925207903,0.04680343587,-0.5371156617920974,5681
age_45-64,dep_hour_share_all_11,0.04892632025001324,0.04934325941,-0.04169391599867581,5681
age_45-64,dep_hour_share_all_12,0.05802637851581122,0.06233942474,-0.4313046224188787,5681
age_45-64,dep_hour_share_all_13,0.06282006462206685,0.06205620181,0.07638628120668484,5681
age_45-64,dep_hour_share_all_14,0.069798188463372,0.06321266472,0.6585523743371999,5681
age_45-64,dep_hour_share_all_15,0.07898087822448223,0.0843216828,-0.5340804575517777,5681
age_45-64,dep_hour_share_all_16,0.08875364161237353,0.09614078578,-0.7387144167626467,5681
age_45-64,dep_hour_share_all_17,0.08422480004237512,0.09083277066,-0.6607970617624886,5681
age_45-64,dep_hour_share_all_18,0.06391016473330155,0.07157503018,-0.7664865446698449,5681
age_45-64,dep_hour_share_all_19,0.04443561629323587,0.04848706328,-0.4051446986764129,5681
age_45-64,dep_hour_share_all_20,0.03743206737645002,0.02725067037,1.0181397006450024,5681
age_45-64,dep_hour_share_all_21,0.023210975157582497,0.02017086581,0.3040109347582497,5681
age_45-64,dep_hour_share_all_22,0.015170295036813391,0.01174013787,0.34301571668133907,5681
age_45-64,dep_hour_share_all_23,0.009381852852375656,0.00469285664,0.4688996212375656,5681
age_45-64,dep_hour_share_all_4,0.00772074792097039,0.00499284714,0.272790078097039,5681
age_45-64,dep_hour_share_all_5,0.021990571534509243,0.01948566076,0.2504910774509244,5681
age_45-64,dep_hour_share_all_6,0.048530112823772446,0.05240261375,-0.3872500926227554,5681
age_45-64,dep_hour_share_all_7,0.07858784893267652,0.0849579084,-0.6370059467323483,5681
age_45-64,dep_hour_share_all_8,0.057215954234864135,0.05597711829,0.1238835944864132,5681
age_45-64,dep_hour_share_all_9,0.04563377297526352,0.0407157239,0.49180490752635186,5681
age_45-64,dep_hour_share_education_10,0.012879855101630106,0.0180264043,-0.5146549198369894,5681
age_45-64,dep_hour_share_education_11,0.0319983900181123,0.0,3.1998390018112297,5681
age_45-64,dep_hour_share_education_12,0.06107868786476152,0.01280254679,4.827614107476152,5681
age_45-64,dep_hour_share_education_13,0.04769571342322399,0.06836111697,-2.0665403546776004,5681
age_45-64,dep_hour_share_education_14,0.030187160394445564,0.01214647967,1.8040680724445561,5681
age_45-64,dep_hour_share_education_15,0.04880257597102033,0.08074472984,-3.1942153868979672,5681
age_45-64,dep_hour_share_education_16,0.014791708593278326,0.0695055698,-5.471386120672167,5681
age_45-64,dep_hour_share_education_17,0.00945864359025961,0.2210425892,-21.15839456097404,5681
age_45-64,dep_hour_share_education_18,0.012779231233648622,0.07639481756,-6.361558632635138,5681
age_45-64,dep_hour_share_education_19,0.0074461662306299055,0.05714022957,-4.969406333937009,5681
age_45-64,dep_hour_share_education_20,0.005836184342926142,0.007588080157,-0.17518958140738586,5681
age_45-64,dep_hour_share_education_21,0.004024954719259408,0.0,0.4024954719259408,5681
age_45-64,dep_hour_share_education_22,0.0021131012276111895,0.0,0.21131012276111893,5681
age_45-64,dep_hour_share_education_23,0.0015093580197222782,0.0,0.15093580197222783,5681
age_45-64,dep_hour_share_education_4,0.0015093580197222782,0.0,0.15093580197222783,5681
age_45-64,dep_hour_share_education_5,0.0011068625477963373,0.0,0.11068625477963373,5681
age_45-64,dep_hour_share_education_6,0.1815254578385993,0.01219940897,16.93260488685993,5681
age_45-64,dep_hour_share_education_7,0.2958341718655665,0.1660867436,12.974742826556648,5681
age_45-64,dep_hour_share_education_8,0.14600523244113503,0.1450687591,0.09364733411350301,5681
age_45-64,dep_hour_share_education_9,0.08110283759307708,0.05289252447,2.821031312307708,5681
age_45-64,dep_hour_share_escort_10,0.019295476259710048,0.03040798242,-1.1112506160289952,5681
age_45-64,dep_hour_share_escort_11,0.04401196361068417,0.01626646173,2.774550188068417,5681
age_45-64,dep_hour_share_escort_12,0.049889918165579694,0.04870046625,0.11894519155796965,5681
age_45-64,dep_hour_share_escort_13,0.06706683836663482,0.05631628287,1.0750555496634826,5681
age_45-64,dep_hour_share_escort_14,0.11782910314460183,0.09469003003,2.313907311460184,5681
age_45-64,dep_hour_share_escort_15,0.12879574627175674,0.1349615955,-0.6165849228243259,5681
age_45-64,dep_hour_share_escort_16,0.08775391517467702,0.07123830026,1.6515614914677026,5681
age_45-64,dep_hour_share_escort_17,0.07589415527769701,0.06292308799,1.297106728769701,5681
age_45-64,dep_hour_share_escort_18,0.03474847339342832,0.07691119255,-4.216271915657168,5681
age_45-64,dep_hour_share_escort_19,0.01844389980476052,0.05486997196,-3.642607215523948,5681
age_45-64,dep_hour_share_escort_20,0.015099904457275786,0.0160042763,-0.09043718427242126,5681
age_45-64,dep_hour_share_escort_21,0.005441781248701865,0.009413006713,-0.39712254642981354,5681
age_45-64,dep_hour_share_escort_22,0.004154031487558676,0.003357792542,0.07962389455586755,5681
age_45-64,dep_hour_share_escort_23,0.0028870518838532795,0.0,0.28870518838532794,5681
age_45-64,dep_hour_share_escort_4,0.00041540314875586755,0.002366420474,-0.19510173252441323,5681
age_45-64,dep_hour_share_escort_5,0.000934657084700702,0.005212890202,-0.4278233117299297,5681
age_45-64,dep_hour_share_escort_6,0.03823785984297761,0.03188321977,0.6354640072977612,5681
age_45-64,dep_hour_share_escort_7,0.1825904540356416,0.2017532159,-1.9162761864358417,5681
age_45-64,dep_hour_share_escort_8,0.07917584015286835,0.0553452899,2.383055025286836,5681
age_45-64,dep_hour_share_escort_9,0.026897353881942424,0.02737851659,-0.04811627080575746,5681
age_45-64,dep_hour_share_home_10,0.030775224995450105,0.03274615955,-0.19709345545498963,5681
age_45-64,dep_hour_share_home_11,0.04374818965495144,0.04995478944,-0.6206599785048561,5681
age_45-64,dep_hour_share_home_12,0.0626757476564843,0.05941128641,0.32644612464843015,5681
age_45-64,dep_hour_share_home_13,0.0767304335343831,0.06880440994,0.7926023594383089,5681
age_45-64,dep_hour_share_home_14,0.07888105936906431,0.07011377843,0.8767280939064315,5681
age_45-64,dep_hour_share_home_15,0.08848325767265885,0.1030260406,-1.4542782927341138,5681
age_45-64,dep_hour_share_home_16,0.11496235763959202,0.1276099237,-1.2647566060407969,5681
age_45-64,dep_hour_share_home_17,0.10637267090298089,0.1138892697,-0.7516598797019116,5681
age_45-64,dep_hour_share_home_18,0.08499714189772864,0.09739026656,-1.2393124662271355,5681
age_45-64,dep_hour_share_home_19,0.06549796344192413,0.0660255061,-0.05275426580758774,5681
age_45-64,dep_hour_share_home_20,0.06900971242108177,0.04802909426,2.0980618161081765,5681
age_45-64,dep_hour_share_home_21,0.04454794562684719,0.03746494482,0.7083000806847193,5681
age_45-64,dep_hour_share_home_22,0.030131831569341662,0.02501954222,0.5112289349341662,5681
age_45-64,dep_hour_share_home_23,0.019722187332583133,0.008649559118,1.1072628214583133,5681
age_45-64,dep_hour_share_home_4,6.920965141405571e-05,0.001948822672,-0.18796130205859443,5681
age_45-64,dep_hour_share_home_5,0.00096893511979678,0.002759668717,-0.179073359720322,5681
age_45-64,dep_hour_share_home_6,0.0025505038206290903,0.01180691711,-0.9256413289370911,5681
age_45-64,dep_hour_share_home_7,0.01070442608537395,0.02017840632,-0.9473980234626052,5681
age_45-64,dep_hour_share_home_8,0.020806471871403342,0.02617171359,-0.5365241718596657,5681
age_45-64,dep_hour_share_home_9,0.02546658839994976,0.02576795501,-0.030136661005024032,5681
age_45-64,dep_hour_share_leisure_10,0.03218062821296737,0.045839606,-1.365897778703263,5681
age_45-64,dep_hour_share_leisure_11,0.029583833442791252,0.03595036312,-0.636652967720875,5681
age_45-64,dep_hour_share_leisure_12,0.04249986789561489,0.07327390558,-3.0774037684385114,5681
age_45-64,dep_hour_share_leisure_13,0.042930150749975464,0.05364096284,-1.0710812090024537,5681
age_45-64,dep_hour_share_leisure_14,0.06298737082078341,0.06770694977,-0.47195789492165824,5681
age_45-64,dep_hour_share_leisure_15,0.08752104234134263,0.08657870366,0.09423386813426221,5681
age_45-64,dep_hour_share_leisure_16,0.12685040499430064,0.1145215037,1.2328901294300643,5681
age_45-64,dep_hour_share_leisure_17,0.15124819771874598,0.1135313025,3.771689521874598,5681
age_45-64,dep_hour_share_leisure_18,0.12100006793939806,0.1250131417,-0.40130737606019345,5681
age_45-64,dep_hour_share_leisure_19,0.06738078522846509,0.09221849853,-2.4837713301534907,5681
age_45-64,dep_hour_share_leisure_20,0.03412822429059945,0.02974502018,0.4383204110599451,5681
age_45-64,dep_hour_share_leisure_21,0.019438216666289226,0.01528108855,0.4157128116289226,5681
age_45-64,dep_hour_share_leisure_22,0.010666485494938515,0.004577632951,0.6088852543938515,5681
age_45-64,dep_hour_share_leisure_23,0.004982222524175102,0.002233280054,0.27489424701751025,5681
age_45-64,dep_hour_share_leisure_4,0.0004076363883415993,0.004664541801,-0.42569054126584005,5681
age_45-64,dep_hour_share_leisure_5,0.004785953152010629,0.005880865137,-0.1094911984989371,5681
age_45-64,dep_hour_share_leisure_6,0.031123793132081738,0.02213485708,0.8988936052081737,5681
age_45-64,dep_hour_share_leisure_7,0.03954072966913513,0.02987178994,0.9668939729135132,5681
age_45-64,dep_hour_share_leisure_8,0.03729118071125001,0.04036823063,-0.3077049918749991,5681
age_45-64,dep_hour_share_leisure_9,0.0485917672547199,0.03567584755,1.2915919704719898,5681
age_45-64,dep_hour_share_other_10,0.0746014755915746,0.1185990949,-4.39976193084254,5681
age_45-64,dep_hour_share_other_11,0.08887954432508888,0.06569822999,2.318131433508888,5681
age_45-64,dep_hour_share_other_12,0.07302458045032302,0.05037139347,2.2653186980323023,5681
age_45-64,dep_hour_share_other_13,0.07352154134332352,0.06753736176,0.5984179583323521,5681
age_45-64,dep_hour_share_other_14,0.09030352842234031,0.07529869747,1.5004830952340313,5681
age_45-64,dep_hour_share_other_15,0.08421575748308421,0.1137791554,-2.9563397916915783,5681
age_45-64,dep_hour_share_other_16,0.0862036010550862,0.1024444725,-1.6240871444913791,5681
age_45-64,dep_hour_share_other_17,0.05742765396230743,0.08398206746,-2.6554413497692573,5681
age_45-64,dep_hour_share_other_18,0.03973775755953974,0.02892033184,1.081742571953974,5681
age_45-64,dep_hour_share_other_19,0.033793340724033796,0.01294729499,2.0846045734033796,5681
age_45-64,dep_hour_share_other_20,0.014316296494514316,0.007570874662,0.6745421832514316,5681
age_45-64,dep_hour_share_other_21,0.010321495470010322,0.006193968075,0.4127527395010322,5681
age_45-64,dep_hour_share_other_22,0.007043464964257043,0.003477762087,0.3565702877257043,5681
age_45-64,dep_hour_share_other_23,0.0020356282732520354,0.006684960276,-0.4649332002747964,5681
age_45-64,dep_hour_share_other_4,0.0036794219962536794,0.0,0.36794219962536795,5681
age_45-64,dep_hour_share_other_5,0.005447455942505447,0.002931527197,0.25159287455054474,5681
age_45-64,dep_hour_share_other_6,0.012787186054512787,0.01832017096,-0.5532984905487213,5681
age_45-64,dep_hour_share_other_7,0.05435987614205436,0.06194564389,-0.7585767747945636,5681
age_45-64,dep_hour_share_other_8,0.10721931266485722,0.08794837845,1.9270934214857218,5681
age_45-64,dep_hour_share_other_9,0.07514622118582515,0.08534861464,-1.0202393454174854,5681
age_45-64,dep_hour_share_shop_10,0.10196395563770795,0.08757092542,1.439303021770795,5681
age_45-64,dep_hour_share_shop_11,0.10061229205175601,0.102975855,-0.23635629482439968,5681
age_45-64,dep_hour_share_shop_12,0.10033502772643253,0.09148993228,0.8845095446432527,5681
age_45-64,dep_hour_share_shop_13,0.07152264325323475,0.06784995004,0.3672693213234754,5681
age_45-64,dep_hour_share_shop_14,0.07829251386321627,0.07087680628,0.7415707583216274,5681
age_45-64,dep_hour_share_shop_15,0.11768715341959335,0.1006418467,1.7045306719593354,5681
age_45-64,dep_hour_share_shop_16,0.07999075785582255,0.1129633966,-3.2972638744177454,5681
age_45-64,dep_hour_share_shop_17,0.07728743068391868,0.123117931,-4.583050031608132,5681
age_45-64,dep_hour_share_shop_18,0.04995378927911275,0.04776828768,0.2185501599112752,5681
age_45-64,dep_hour_share_shop_19,0.023983364140480593,0.02682088651,-0.2837522369519407,5681
age_45-64,dep_hour_share_shop_20,0.004944547134935305,0.00226830754,0.2676239594935305,5681
age_45-64,dep_hour_share_shop_21,0.0009819778188539742,0.006008597661,-0.5026619842146025,5681
age_45-64,dep_hour_share_shop_22,0.0006353974121996303,0.0002402680333,0.03951293788996303,5681
age_45-64,dep_hour_share_shop_23,0.00028881700554528653,0.001653779421,-0.13649624154547135,5681
age_45-64,dep_hour_share_shop_4,8.086876155268022e-05,0.0,0.008086876155268022,5681
age_45-64,dep_hour_share_shop_5,0.00102818853974122,0.0,0.10281885397412201,5681
age_45-64,dep_hour_share_shop_6,0.007740295748613678,0.01564947456,-0.7909178811386322,5681
age_45-64,dep_hour_share_shop_7,0.034068853974121995,0.02745746482,0.6611389154121995,5681
age_45-64,dep_hour_share_shop_8,0.051756007393715345,0.0479062183,0.3849789093715347,5681
age_45-64,dep_hour_share_shop_9,0.09632624768946396,0.06674007218,2.9586175509463963,5681
age_45-64,dep_hour_share_work_10,0.0299395629939563,0.03085346619,-0.09139031960437027,5681
age_45-64,dep_hour_share_work_11,0.027615062761506277,0.02813170863,-0.0516645868493721,5681
age_45-64,dep_hour_share_work_12,0.03113668061366806,0.05048566749,-1.9348986876331935,5681
age_45-64,dep_hour_share_work_13,0.035396327289632726,0.05025438512,-1.4858057830367275,5681
age_45-64,dep_hour_share_work_14,0.026557415155741514,0.03233467608,-0.5777260924258485,5681
age_45-64,dep_hour_share_work_15,0.01601580660158066,0.01533741007,0.06783965315806609,5681
age_45-64,dep_hour_share_work_16,0.010518363551836355,0.008334280192,0.21840833598363552,5681
age_45-64,dep_hour_share_work_17,0.008850534635053463,0.01006612954,-0.12155949049465364,5681
age_45-64,dep_hour_share_work_18,0.0049860529986052995,0.003416207431,0.15698455676052994,5681
age_45-64,dep_hour_share_work_19,0.0051894467689446765,0.00125172506,0.39377217089446764,5681
age_45-64,dep_hour_share_work_20,0.006857275685727569,0.005688787766,0.11684879197275685,5681
age_45-64,dep_hour_share_work_21,0.0028417015341701533,0.003364510853,-0.05228093188298466,5681
age_45-64,dep_hour_share_work_22,0.0008077638307763831,0.000788094727,0.001966910377638315,5681
age_45-64,dep_hour_share_work_23,0.0006392375639237564,0.0003012099019,0.03380276620237564,5681
age_45-64,dep_hour_share_work_4,0.03940027894002789,0.01682920113,2.2571077810027895,5681
age_45-64,dep_hour_share_work_5,0.11059390980939098,0.08520683255,2.5387077259390973,5681
age_45-64,dep_hour_share_work_6,0.2036204091120409,0.1989858948,0.46345143120408994,5681
age_45-64,dep_hour_share_work_7,0.2580253370525337,0.2848097505,-2.6784413447466293,5681
age_45-64,dep_hour_share_work_8,0.11616689911668991,0.1219647874,-0.5797888283310084,5681
age_45-64,dep_hour_share_work_9,0.04882612738261274,0.04684778783,0.1978339552612736,5681
age_45-64,mean_work_activity_h,5.876244034454662,6.316484025,-0.44023999054533824,5681
age_45-64,mobility_rate,0.8366124694498148,0.8644561576,-2.784368815018523,5681
age_45-64,n_persons_unweighted,301553.0,5681.0,295872.0,5681
age_45-64,n_persons_weighted,301553.0,223518.2899,78034.7101,5681
age_45-64,n_work_activities_measured,171820.0,3639.0,168181.0,5681
age_45-64,nonhome_acts_per_mobile,2.195276732875382,2.223968816,-0.02869208312461824,5681
age_45-64,participation_education,0.026144657821344838,0.01172435546,1.4420302361344837,5681
age_45-64,participation_escort,0.09535968801504213,0.07013019229,2.5229495725042126,5681
age_45-64,participation_home,0.8366124694498148,0.8552704883,-1.8658018850185143,5681
age_45-64,participation_leisure,0.34752431579191717,0.3780919185,-3.056760270808284,5681
age_45-64,participation_other,0.2525227737744277,0.1848890424,6.7633731374427715,5681
age_45-64,participation_shop,0.2276780532775333,0.3153023858,-8.762433252246668,5681
age_45-64,participation_work,0.4718540356089974,0.5556875706,-8.383353499100254,5681
age_45-64,purpose_share_education,0.01052810000529689,0.003888154201,0.663994580429689,5681
age_45-64,purpose_share_escort,0.05100482017055988,0.03264918142,1.835563875055988,5681
age_45-64,purpose_share_home,0.41328354256051697,0.4192834901,-0.5999947539483019,5681
age_45-64,purpose_share_leisure,0.14033688225011917,0.1583307923,-1.7993910049880824,5681
age_45-64,purpose_share_other,0.11084909158324063,0.07152975971,3.9319331873240633,5681
age_45-64,purpose_share_shop,0.09169977223369882,0.1151502296,-2.3450457366301176,5681
age_45-64,purpose_share_work,0.1822977911965676,0.1991683927,-1.6870601503432392,5681
age_45-64,share_mobile_first_from_home,1.0,0.9767372463,2.326275369999997,5681
age_45-64,share_mobile_last_to_home,1.0,0.9768489272,2.315107279999995,5681
age_45-64,share_mobile_odd_trip_count,0.28666220078245463,0.2434248115,4.323738928245463,5681
age_45-64,share_trips_0,0.1633875305501852,0.1355438424,2.7843688150185204,5681
age_45-64,share_trips_1,0.0007063434951733195,0.007695816698,-0.698947320282668,5681
age_45-64,share_trips_2,0.32150898846968856,0.322376759,-0.08677705303114513,5681
age_45-64,share_trips_3,0.10279453363090402,0.07971814451,2.3076389120904013,5681
age_45-64,share_trips_4,0.17577672913219236,0.2099114625,-3.413473336780765,5681
age_45-64,share_trips_5,0.09003060821812418,0.07535074869,1.4679859528124186,5681
age_45-64,share_trips_6,0.07025299035327123,0.08294875651,-1.2695766156728765,5681
age_45-64,share_trips_7,0.03401392126757154,0.03480625296,-0.07923316924284621,5681
age_45-64,share_trips_8plus,0.04152835488288958,0.05164821675,-1.0119861867110427,5681
age_45-64,share_trips_followed_by_same_purpose,0.09938132316330314,0.04341822701,5.5963096153303145,5681
age_45-64,share_trips_home_based,0.8066825573388421,0.838278266,-3.1595708661157906,5681
age_45-64,share_trips_unknown_purpose,0.0,0.0003095111312,-0.030951113120000002,5681
age_45-64,share_work_activities_lt_2h,0.17627167966476545,0.1051738015,7.109787816476546,5681
age_45-64,tours_per_mobile,1.5463546889802324,1.604873481,-0.05851879201976762,5681
age_45-64,trips_per_mobile_person,3.7416314218556144,3.828842297,-0.08721087514438564,5681
age_45-64,trips_per_person,3.1302955036096476,3.3098663,-0.17957079639035234,5681
age_45-64,trips_per_person_education,0.032956064108133565,0.01286528738,0.020090776728133565,5681
age_45-64,trips_per_person_escort,0.15966015924232224,0.1080309782,0.05162918104232224,5681
age_45-64,trips_per_person_home,1.2936996149930526,1.387342763,-0.09364314800694729,5681
age_45-64,trips_per_person_leisure,0.4392959114981446,0.5238915532,-0.0845956417018554,5681
age_45-64,trips_per_person_other,0.34699041296223215,0.2366806631,0.11030974986223216,5681
age_45-64,trips_per_person_shop,0.2870473847051762,0.3810138999,-0.0939665151948238,5681
age_45-64,trips_per_person_work,0.570645956100586,0.6590167149,-0.08837075879941403,5681
age_6-9,dep_hour_share_all_10,0.013490577080650825,0.006042133365,0.7448443715650825,706
age_6-9,dep_hour_share_all_11,0.03933044597916423,0.009631192766,2.9699253213164227,706
age_6-9,dep_hour_share_all_12,0.06690419056537517,0.07077051279,-0.3866322224624838,706
age_6-9,dep_hour_share_all_13,0.09004448086152406,0.07981330157,1.0231179291524062,706
age_6-9,dep_hour_share_all_14,0.08891782746107925,0.06541848585,2.349934161107925,706
age_6-9,dep_hour_share_all_15,0.12250526747044364,0.1517689726,-2.926370512955635,706
age_6-9,dep_hour_share_all_16,0.09657029146669788,0.1184534808,-2.188318933330212,706
age_6-9,dep_hour_share_all_17,0.06669934449256701,0.07794169231,-1.1242347817432996,706
age_6-9,dep_hour_share_all_18,0.04802177221116704,0.07533580769,-2.7314035478832968,706
age_6-9,dep_hour_share_all_19,0.028707713917827463,0.01254073155,1.6166982367827463,706
age_6-9,dep_hour_share_all_20,0.009430235280346482,0.003323237522,0.6106997758346482,706
age_6-9,dep_hour_share_all_21,0.005889324593234227,0.0,0.5889324593234226,706
age_6-9,dep_hour_share_all_22,0.00252399625424324,0.0,0.252399625424324,706
age_6-9,dep_hour_share_all_23,0.0010242303640407352,0.0,0.10242303640407352,706
age_6-9,dep_hour_share_all_4,3.657965585859768e-05,0.0,0.003657965585859768,706
age_6-9,dep_hour_share_all_5,0.0008120683600608686,0.0,0.08120683600608686,706
age_6-9,dep_hour_share_all_6,0.06895265129345664,0.005521091681,6.343155961245664,706
age_6-9,dep_hour_share_all_7,0.20387305396230831,0.2921771555,-8.830410153769169,706
age_6-9,dep_hour_share_all_8,0.034172714503101956,0.02883290132,0.5339813183101956,706
age_6-9,dep_hour_share_all_9,0.01106168793163994,0.002429302601,0.8632385330639938,706
age_6-9,dep_hour_share_education_10,0.008152173913043478,0.0041498133,0.4002360613043478,706
age_6-9,dep_hour_share_education_11,0.011014769332890806,0.01034856432,0.0666205012890806,706
age_6-9,dep_hour_share_education_12,0.014250746764022569,0.03456182759,-2.0311080825977426,706
age_6-9,dep_hour_share_education_13,0.031841188184533686,0.01452733622,1.7313851964533686,706
age_6-9,dep_hour_share_education_14,0.018254231662794558,0.005534368212,1.271986345079456,706
age_6-9,dep_hour_share_education_15,0.040014105542648525,0.002647424605,3.7366680937648526,706
age_6-9,dep_hour_share_education_16,0.025618154663126454,0.009402735046,1.6215419617126456,706
age_6-9,dep_hour_share_education_17,0.008152173913043478,0.0079930632,0.01591107130434772,706
age_6-9,dep_hour_share_education_18,0.0023025224029206773,0.0,0.23025224029206773,706
age_6-9,dep_hour_share_education_19,0.011574842349817458,0.0,1.1574842349817458,706
age_6-9,dep_hour_share_education_20,6.223033521407235e-05,0.0,0.006223033521407235,706
age_6-9,dep_hour_share_education_21,6.223033521407235e-05,0.0,0.006223033521407235,706
age_6-9,dep_hour_share_education_22,6.223033521407235e-05,0.0,0.006223033521407235,706
age_6-9,dep_hour_share_education_23,2.0743445071357452e-05,0.0,0.0020743445071357454,706
age_6-9,dep_hour_share_education_4,6.223033521407235e-05,0.0,0.006223033521407235,706
age_6-9,dep_hour_share_education_5,0.002219548622635247,0.0,0.22195486226352473,706
age_6-9,dep_hour_share_education_6,0.18971954862263524,0.01282725711,17.689229151263525,706
age_6-9,dep_hour_share_education_7,0.5501161632923997,0.8210027227,-27.08865594076003,706
age_6-9,dep_hour_share_education_8,0.07448971125124461,0.07528160241,-0.07918911587553867,706
age_6-9,dep_hour_share_education_9,0.011616329239960173,0.001723285314,0.9893043925960174,706
age_6-9,dep_hour_share_escort_10,0.006006006006006006,0.0,0.6006006006006006,706
age_6-9,dep_hour_share_escort_11,0.008633633633633633,0.0,0.8633633633633633,706
age_6-9,dep_hour_share_escort_12,0.012387387387387387,0.02104749244,-0.8660105052612612,706
age_6-9,dep_hour_share_escort_13,0.05405405405405406,0.1180780176,-6.402396354594594,706
age_6-9,dep_hour_share_escort_14,0.08220720720720721,0.1235209801,-4.131377289279278,706
age_6-9,dep_hour_share_escort_15,0.16704204204204204,0.09423406151,7.2807980532042045,706
age_6-9,dep_hour_share_escort_16,0.14376876876876876,0.09411512493,4.965364383876876,706
age_6-9,dep_hour_share_escort_17,0.012387387387387387,0.07797335793,-6.558597054261261,706
age_6-9,dep_hour_share_escort_18,0.013888888888888888,0.1046873353,-9.079844641111112,706
age_6-9,dep_hour_share_escort_19,0.0686936936936937,0.0,6.86936936936937,706
age_6-9,dep_hour_share_escort_20,0.00487987987987988,0.0,0.487987987987988,706
age_6-9,dep_hour_share_escort_21,0.0,0.0,0.0,706
age_6-9,dep_hour_share_escort_22,0.00037537537537537537,0.0,0.03753753753753754,706
age_6-9,dep_hour_share_escort_23,0.0,0.0,0.0,706
age_6-9,dep_hour_share_escort_4,0.0007507507507507507,0.0,0.07507507507507508,706
age_6-9,dep_hour_share_escort_5,0.0011261261261261261,0.0,0.11261261261261261,706
age_6-9,dep_hour_share_escort_6,0.09009009009009009,0.01902950721,7.106058288009008,706
age_6-9,dep_hour_share_escort_7,0.20345345345345345,0.2771411129,-7.368765944654654,706
age_6-9,dep_hour_share_escort_8,0.10885885885885886,0.05255649314,5.630236571885886,706
age_6-9,dep_hour_share_escort_9,0.01839339339339339,0.0176165169,0.07768764933933914,706
age_6-9,dep_hour_share_home_10,0.016990333688755264,0.003546510286,1.3443823402755264,706
age_6-9,dep_hour_share_home_11,0.057805590029540804,0.006827028133,5.09785618965408,706
age_6-9,dep_hour_share_home_12,0.12452586131552727,0.1152211857,0.9304675615527267,706
age_6-9,dep_hour_share_home_13,0.14931217116188011,0.1452726888,0.403948236188012,706
age_6-9,dep_hour_share_home_14,0.11312905312101243,0.07939900259,3.3730050531012425,706
age_6-9,dep_hour_share_home_15,0.14391092310650422,0.2295890798,-8.56781566934958,706
age_6-9,dep_hour_share_home_16,0.10669649880263594,0.1194057891,-1.2709290297364062,706
age_6-9,dep_hour_share_home_17,0.09344683528815396,0.1158204572,-2.2373621911846038,706
age_6-9,dep_hour_share_home_18,0.09729238406544424,0.1445112672,-4.721888313455574,706
age_6-9,dep_hour_share_home_19,0.04731772972784003,0.02755063919,1.9767090537840026,706
age_6-9,dep_hour_share_home_20,0.01840619482948487,0.005961987331,1.244420749848487,706
age_6-9,dep_hour_share_home_21,0.013721617228058522,0.0,1.3721617228058522,706
age_6-9,dep_hour_share_home_22,0.005838242234613435,0.0,0.5838242234613435,706
age_6-9,dep_hour_share_home_23,0.0022898494992046707,0.0,0.22898494992046708,706
age_6-9,dep_hour_share_home_4,0.0,0.0,0.0,706
age_6-9,dep_hour_share_home_5,1.7479767169501303e-05,0.0,0.0017479767169501302,706
age_6-9,dep_hour_share_home_6,1.7479767169501303e-05,0.0,0.0017479767169501302,706
age_6-9,dep_hour_share_home_7,0.00027967627471202084,0.003146833533,-0.2867157258287979,706
age_6-9,dep_hour_share_home_8,0.0009439074271530703,0.002506437791,-0.15625303638469298,706
age_6-9,dep_hour_share_home_9,0.006240276879511965,0.001241093512,0.4999183367511965,706
age_6-9,dep_hour_share_leisure_10,0.004883153121730032,0.01564049153,-1.075733840826997,706
age_6-9,dep_hour_share_leisure_11,0.009068712940355772,0.01586788215,-0.6799169209644227,706
age_6-9,dep_hour_share_leisure_12,0.02336937565399372,0.02550094039,-0.21315647360062792,706
age_6-9,dep_hour_share_leisure_13,0.05755144750610394,0.03378208418,2.3769363326103945,706
age_6-9,dep_hour_share_leisure_14,0.18119986048133938,0.122303543,5.8896317481339375,706
age_6-9,dep_hour_share_leisure_15,0.2223578653644925,0.2590167226,-3.665885723550752,706
age_6-9,dep_hour_share_leisure_16,0.24636670154633183,0.3432535177,-9.688681615366818,706
age_6-9,dep_hour_share_leisure_17,0.16033019416346936,0.113918991,4.641120316346936,706
age_6-9,dep_hour_share_leisure_18,0.02883385652831066,0.04831007319,-1.9476216661689336,706
age_6-9,dep_hour_share_leisure_19,0.02127659574468085,0.0009239125357,2.035268320898085,706
age_6-9,dep_hour_share_leisure_20,0.005522613649575631,0.004557757144,0.09648565055756309,706
age_6-9,dep_hour_share_leisure_21,0.0003487966515521451,0.0,0.03487966515521451,706
age_6-9,dep_hour_share_leisure_22,0.0001162655505173817,0.0,0.01162655505173817,706
age_6-9,dep_hour_share_leisure_23,0.0,0.0,0.0,706
age_6-9,dep_hour_share_leisure_4,0.0,0.0,0.0,706
age_6-9,dep_hour_share_leisure_5,0.0,0.0,0.0,706
age_6-9,dep_hour_share_leisure_6,0.0006394605278455994,0.002455406234,-0.18159457061544007,706
age_6-9,dep_hour_share_leisure_7,0.017439832577607256,0.009403228975,0.8036603602607255,706
age_6-9,dep_hour_share_leisure_8,0.017963027554935472,0.002589162095,1.5373865459935472,706
age_6-9,dep_hour_share_leisure_9,0.00273224043715847,0.00247628716,0.025595327715846994,706
age_6-9,dep_hour_share_other_10,0.047791736821655224,0.03253746663,1.5254270191655226,706
age_6-9,dep_hour_share_other_11,0.16733583732677115,0.03207502087,13.526081645677115,706
age_6-9,dep_hour_share_other_12,0.07913482709493588,0.1659097521,-8.677492500506412,706
age_6-9,dep_hour_share_other_13,0.1389716357984717,0.09682082355,4.215081224847168,706
age_6-9,dep_hour_share_other_14,0.1139748737210206,0.192294403,-7.831952927897941,706
age_6-9,dep_hour_share_other_15,0.08094806372231576,0.1933377376,-11.238967387768424,706
age_6-9,dep_hour_share_other_16,0.1093122652506152,0.09400496928,1.5307295970615198,706
age_6-9,dep_hour_share_other_17,0.05128869317445927,0.07539359292,-2.410489974554073,706
age_6-9,dep_hour_share_other_18,0.012822173293614817,0.006845559776,0.5976613517614817,706
age_6-9,dep_hour_share_other_19,0.010749902862323532,0.00774747143,0.3002431432323533,706
age_6-9,dep_hour_share_other_20,0.0025903380391141045,0.0,0.25903380391141045,706
age_6-9,dep_hour_share_other_21,0.0014246859215127573,0.0,0.14246859215127575,706
age_6-9,dep_hour_share_other_22,0.0006475845097785261,0.0,0.06475845097785261,706
age_6-9,dep_hour_share_other_23,0.0010361352156456418,0.0,0.10361352156456419,706
age_6-9,dep_hour_share_other_4,0.0,0.0,0.0,706
age_6-9,dep_hour_share_other_5,0.0,0.0,0.0,706
age_6-9,dep_hour_share_other_6,0.0033674394508483355,0.01296505047,-0.9597611019151664,706
age_6-9,dep_hour_share_other_7,0.06320424815438415,0.07634882402,-1.3144575865615848,706
age_6-9,dep_hour_share_other_8,0.054267581919440484,0.01371932841,4.054825350944048,706
age_6-9,dep_hour_share_other_9,0.05983680870353581,0.0,5.983680870353581,706
age_6-9,dep_hour_share_shop_10,0.0027359781121751026,0.0,0.27359781121751026,706
age_6-9,dep_hour_share_shop_11,0.017236662106703146,0.0,1.7236662106703147,706
age_6-9,dep_hour_share_shop_12,0.07496580027359781,0.0,7.496580027359781,706
age_6-9,dep_hour_share_shop_13,0.006566347469220246,0.01627989073,-0.9713543260779753,706
age_6-9,dep_hour_share_shop_14,0.160328317373461,0.142485743,1.7842574373461013,706
age_6-9,dep_hour_share_shop_15,0.4618331053351573,0.1937399981,26.809310723515733,706
age_6-9,dep_hour_share_shop_16,0.10834473324213406,0.3466340862,-23.828935295786597,706
age_6-9,dep_hour_share_shop_17,0.05225718194254446,0.1731845625,-12.092738055745555,706
age_6-9,dep_hour_share_shop_18,0.06976744186046512,0.06764836851,0.21190733504651144,706
age_6-9,dep_hour_share_shop_19,0.007387140902872777,0.002175522493,0.5211618409872778,706
age_6-9,dep_hour_share_shop_20,0.028727770177838577,0.0,2.8727770177838576,706
age_6-9,dep_hour_share_shop_21,0.0,0.0,0.0,706
age_6-9,dep_hour_share_shop_22,0.0,0.0,0.0,706
age_6-9,dep_hour_share_shop_23,0.0,0.0,0.0,706
age_6-9,dep_hour_share_shop_4,0.0,0.0,0.0,706
age_6-9,dep_hour_share_shop_5,0.0,0.0,0.0,706
age_6-9,dep_hour_share_shop_6,0.0,0.0,0.0,706
age_6-9,dep_hour_share_shop_7,0.0,0.03267823619,-3.267823619,706
age_6-9,dep_hour_share_shop_8,0.002188782489740082,0.0,0.2188782489740082,706
age_6-9,dep_hour_share_shop_9,0.007660738714090287,0.02517359219,-1.7512853475909713,706
age_6-9,dep_hour_share_work_10,0.0,,,706
age_6-9,dep_hour_share_work_11,0.13793103448275862,,,706
age_6-9,dep_hour_share_work_12,0.4827586206896552,,,706
age_6-9,dep_hour_share_work_13,0.0,,,706
age_6-9,dep_hour_share_work_14,0.0,,,706
age_6-9,dep_hour_share_work_15,0.0,,,706
age_6-9,dep_hour_share_work_16,0.0,,,706
age_6-9,dep_hour_share_work_17,0.0,,,706
age_6-9,dep_hour_share_work_18,0.0,,,706
age_6-9,dep_hour_share_work_19,0.0,,,706
age_6-9,dep_hour_share_work_20,0.0,,,706
age_6-9,dep_hour_share_work_21,0.0,,,706
age_6-9,dep_hour_share_work_22,0.0,,,706
age_6-9,dep_hour_share_work_23,0.0,,,706
age_6-9,dep_hour_share_work_4,0.0,,,706
age_6-9,dep_hour_share_work_5,0.0,,,706
age_6-9,dep_hour_share_work_6,0.034482758620689655,,,706
age_6-9,dep_hour_share_work_7,0.034482758620689655,,,706
age_6-9,dep_hour_share_work_8,0.0,,,706
age_6-9,dep_hour_share_work_9,0.3103448275862069,,,706
age_6-9,mean_work_activity_h,2.8649425287356327,,,706
age_6-9,mobility_rate,0.9628357753357754,0.9594813278,0.33544475357754067,706
age_6-9,n_persons_unweighted,39312.0,706.0,38606.0,706
age_6-9,n_persons_weighted,39312.0,28815.5809,10496.4191,706
age_6-9,n_work_activities_measured,29.0,0.0,29.0,706
age_6-9,nonhome_acts_per_mobile,2.0997860030118094,1.741619641,0.3581663620118094,706
age_6-9,participation_education,0.9312932437932437,0.9373912158,-0.6097972006756214,706
age_6-9,participation_escort,0.05257936507936508,0.06409444435,-1.1515079270634923,706
age_6-9,participation_home,0.9628357753357754,0.9594813278,0.33544475357754067,706
age_6-9,participation_leisure,0.35197903947903947,0.388149802,-3.617076252096052,706
age_6-9,participation_other,0.1610958485958486,0.06093596664,10.01598819558486,706
age_6-9,participation_shop,0.06005799755799756,0.05313031927,0.6927678287997563,706
age_6-9,participation_work,0.00027981277981277983,0.0,0.02798127798127798,706
age_6-9,purpose_share_education,0.35268640992625544,0.337628268,1.505814192625543,706
age_6-9,purpose_share_escort,0.019489640641460845,0.02588004279,-0.6390402148539153,706
age_6-9,purpose_share_home,0.418537106402903,0.4480455796,-2.950847319709704,706
age_6-9,purpose_share_leisure,0.12584864801591947,0.1487619505,-2.291330248408052,706
age_6-9,purpose_share_other,0.056486304576846544,0.02157326712,3.491303745684654,706
age_6-9,purpose_share_shop,0.026739728432634904,0.01811089207,0.8628836362634905,706
age_6-9,purpose_share_work,0.00021216200397986655,0.0,0.021216200397986655,706
age_6-9,share_mobile_first_from_home,1.0,0.995279573,0.47204269999999715,706
age_6-9,share_mobile_last_to_home,1.0,0.9994727443,0.052725570000000666,706
age_6-9,share_mobile_odd_trip_count,0.25219941348973607,0.1899499537,6.224945978973606,706
age_6-9,share_trips_0,0.037164224664224664,0.04051867223,-0.33544475657753325,706
age_6-9,share_trips_1,0.0,0.0,0.0,706
age_6-9,share_trips_2,0.36434167684167684,0.4375820244,-7.324034755832315,706
age_6-9,share_trips_3,0.08954008954008955,0.1329237479,-4.338365835991046,706
age_6-9,share_trips_4,0.2705789580789581,0.2857796976,-1.5200739521041895,706
age_6-9,share_trips_5,0.13064713064713065,0.04001094336,9.063618728713067,706
age_6-9,share_trips_6,0.05898962148962149,0.0458142383,1.317538318962149,706
age_6-9,share_trips_7,0.01933251933251933,0.007784566773,1.154795255951933,706
age_6-9,share_trips_8plus,0.029405779405779407,0.009586109528,1.9819669877779407,706
age_6-9,share_trips_followed_by_same_purpose,0.12628028795505092,0.02780519414,9.847509381505091,706
age_6-9,share_trips_home_based,0.8155653751609505,0.8946428729,-7.907749773904948,706
age_6-9,share_trips_unknown_purpose,0.0,0.0001330690646,-0.01330690646,706
age_6-9,share_work_activities_lt_2h,0.6206896551724138,,,706
age_6-9,tours_per_mobile,1.5114263823941243,1.413408148,0.09801823439412427,706
age_6-9,trips_per_mobile_person,3.611212385405934,3.155027789,0.4561845964059339,706
age_6-9,trips_per_person,3.477004477004477,3.027190252,0.44981422500447676,706
age_6-9,trips_per_person_education,1.2262922262922262,1.021928997,0.20436322929222617,706
age_6-9,trips_per_person_escort,0.06776556776556776,0.07833338812,-0.010567820354432239,706
age_6-9,trips_per_person_home,1.4552553927553928,1.356138727,0.0991166657553928,706
age_6-9,trips_per_person_leisure,0.4375763125763126,0.4502708013,-0.012694488723687447,706
age_6-9,trips_per_person_other,0.1964031339031339,0.06529769369,0.13110544021313392,706
age_6-9,trips_per_person_shop,0.09297415547415547,0.05481782042,0.038156335054155464,706
age_6-9,trips_per_person_work,0.0007376882376882377,0.0,0.0007376882376882377,706
age_65-74,dep_hour_share_all_10,0.09436593253359969,0.1108105452,-1.6444612666400307,2722
age_65-74,dep_hour_share_all_11,0.07906352706930256,0.1009700694,-2.1906542330697443,2722
age_65-74,dep_hour_share_all_12,0.07041348141262102,0.08779096375,-1.7377482337378987,2722
age_65-74,dep_hour_share_all_13,0.0670312608166777,0.0771028323,-1.0071571483322286,2722
age_65-74,dep_hour_share_all_14,0.07208151613147806,0.08236054864,-1.027903250852194,2722
age_65-74,dep_hour_share_all_15,0.08422586376837393,0.07808910197,0.6136761798373926,2722
age_65-74,dep_hour_share_all_16,0.08463133465853087,0.07385285111,1.0778483548530864,2722
age_65-74,dep_hour_share_all_17,0.0674268421729284,0.06362260605,0.3804236122928392,2722
age_65-74,dep_hour_share_all_18,0.05405619233165541,0.04933658805,0.47196042816554096,2722
age_65-74,dep_hour_share_all_19,0.036937409139907236,0.0297690224,0.7168386739907235,2722
age_65-74,dep_hour_share_all_20,0.021196567672432266,0.01412671421,0.7069853462432265,2722
age_65-74,dep_hour_share_all_21,0.01774841685044717,0.0158298169,0.1918599950447169,2722
age_65-74,dep_hour_share_all_22,0.01373656259580486,0.008624455007,0.5112107588804861,2722
age_65-74,dep_hour_share_all_23,0.006579836558969643,0.002520268684,0.4059567874969643,2722
age_65-74,dep_hour_share_all_4,0.0027723660050568482,0.0008479624069,0.1924403598156848,2722
age_65-74,dep_hour_share_all_5,0.003949220539902621,0.001426861863,0.25223586769026207,2722
age_65-74,dep_hour_share_all_6,0.0156122775266935,0.007144691404,0.84675861226935,2722
age_65-74,dep_hour_share_all_7,0.03583637436500951,0.02979899475,0.6037379615009515,2722
age_65-74,dep_hour_share_all_8,0.0645753598966214,0.06937082876,-0.4795468863378602,2722
age_65-74,dep_hour_share_all_9,0.09153422932510524,0.09543137519,-0.38971458648947577,2722
age_65-74,dep_hour_share_education_10,0.10824053452115813,0.01526790929,9.297262523115812,2722
age_65-74,dep_hour_share_education_11,0.08240534521158129,0.02232554812,6.007979709158128,2722
age_65-74,dep_hour_share_education_12,0.0008908685968819599,0.02182966921,-2.093880061311804,2722
age_65-74,dep_hour_share_education_13,0.01915367483296214,0.0,1.915367483296214,2722
age_65-74,dep_hour_share_education_14,0.010690423162583519,0.1356294567,-12.493903353741649,2722
age_65-74,dep_hour_share_education_15,0.10601336302895323,0.1743245121,-6.831114907104677,2722
age_65-74,dep_hour_share_education_16,0.0930957683741648,0.0535491089,3.9546659474164803,2722
age_65-74,dep_hour_share_education_17,0.004454342984409799,0.1903135114,-18.58591684155902,2722
age_65-74,dep_hour_share_education_18,0.0,0.1246903067,-12.46903067,2722
age_65-74,dep_hour_share_education_19,0.0,0.009728485365,-0.9728485364999999,2722
age_65-74,dep_hour_share_education_20,0.0,0.0,0.0,2722
age_65-74,dep_hour_share_education_21,0.0,0.0,0.0,2722
age_65-74,dep_hour_share_education_22,0.0,0.0,0.0,2722
age_65-74,dep_hour_share_education_23,0.0,0.0,0.0,2722
age_65-74,dep_hour_share_education_4,0.0,0.0,0.0,2722
age_65-74,dep_hour_share_education_5,0.0,0.0,0.0,2722
age_65-74,dep_hour_share_education_6,0.04187082405345212,0.0,4.187082405345212,2722
age_65-74,dep_hour_share_education_7,0.23697104677060132,0.06322906052,17.37419862506013,2722
age_65-74,dep_hour_share_education_8,0.07973273942093541,0.1891124316,-10.937969217906458,2722
age_65-74,dep_hour_share_education_9,0.21648106904231626,0.0,21.648106904231625,2722
age_65-74,dep_hour_share_escort_10,0.03378442320431532,0.02651622536,0.7268197844315323,2722
age_65-74,dep_hour_share_escort_11,0.04750638781111006,0.09153890488,-4.403251706888994,2722
age_65-74,dep_hour_share_escort_12,0.05583420081385445,0.141575657,-8.574145618614553,2722
age_65-74,dep_hour_share_escort_13,0.06558152739661209,0.1286656259,-6.308409850338791,2722
age_65-74,dep_hour_share_escort_14,0.16617772310021767,0.1357603198,3.0417403300217667,2722
age_65-74,dep_hour_share_escort_15,0.22210655815273966,0.05633190058,16.57746575727397,2722
age_65-74,dep_hour_share_escort_16,0.03520393678432857,0.03503812347,0.016581331432857088,2722
age_65-74,dep_hour_share_escort_17,0.0593356676445538,0.02991063074,2.9425036904553803,2722
age_65-74,dep_hour_share_escort_18,0.03529857102299612,0.03914182637,-0.3843255347003881,2722
age_65-74,dep_hour_share_escort_19,0.02611904987224378,0.02602994906,0.008910081224377739,2722
age_65-74,dep_hour_share_escort_20,0.01164001135610864,0.005195545715,0.6444465641108639,2722
age_65-74,dep_hour_share_escort_21,0.016560991766821236,0.0,1.6560991766821236,2722
age_65-74,dep_hour_share_escort_22,0.007570739093403994,0.008081906015,-0.05111669215960056,2722
age_65-74,dep_hour_share_escort_23,0.006151225513390745,0.0,0.6151225513390745,2722
age_65-74,dep_hour_share_escort_4,0.0,0.003419951605,-0.3419951605,2722
age_65-74,dep_hour_share_escort_5,9.463423866754992e-05,0.0,0.009463423866754991,2722
age_65-74,dep_hour_share_escort_6,0.01192391407211129,0.006909895881,0.501401819111129,2722
age_65-74,dep_hour_share_escort_7,0.08848301315415917,0.107646759,-1.9163745845840823,2722
age_65-74,dep_hour_share_escort_8,0.054225418756506105,0.1116502506,-5.742483184349389,2722
age_65-74,dep_hour_share_escort_9,0.028295637361597428,0.04658652802,-1.829089065840257,2722
age_65-74,dep_hour_share_home_10,0.06357962425923591,0.09317196225,-2.9592337990764093,2722
age_65-74,dep_hour_share_home_11,0.07927751859790695,0.1002026003,-2.092508170209305,2722
age_65-74,dep_hour_share_home_12,0.08255579372084226,0.1018567884,-1.9300994679157732,2722
age_65-74,dep_hour_share_home_13,0.06580191653007186,0.07583051245,-1.0028595919928134,2722
age_65-74,dep_hour_share_home_14,0.06829214474845542,0.07995625316,-1.1664108411544583,2722
age_65-74,dep_hour_share_home_15,0.0802468162905056,0.08047897324,-0.023215694949439702,2722
age_65-74,dep_hour_share_home_16,0.09844281931660573,0.08794147735,1.0501341966605724,2722
age_65-74,dep_hour_share_home_17,0.10554312192661708,0.07288430151,3.265882041661708,2722
age_65-74,dep_hour_share_home_18,0.07772506619593998,0.06140209029,1.632297590593998,2722
age_65-74,dep_hour_share_home_19,0.049725759677215986,0.03671343006,1.3012329617215983,2722
age_65-74,dep_hour_share_home_20,0.036738746690203,0.02564003487,1.1098711820203,2722
age_65-74,dep_hour_share_home_21,0.03446917160509393,0.03241848579,0.20506858150939333,2722
age_65-74,dep_hour_share_home_22,0.02696696507376119,0.01766250244,0.9304462633761192,2722
age_65-74,dep_hour_share_home_23,0.012821523137057117,0.005627739679,0.7193783458057117,2722
age_65-74,dep_hour_share_home_4,5.5163283318623126e-05,0.0004939175948,-0.04387543114813769,2722
age_65-74,dep_hour_share_home_5,0.00040978439036691463,0.0001997118877,0.021007250266691462,2722
age_65-74,dep_hour_share_home_6,0.0015603328710124826,0.004816026727,-0.32556938559875176,2722
age_65-74,dep_hour_share_home_7,0.011347875425545328,0.01504409389,-0.3696218464454672,2722
age_65-74,dep_hour_share_home_8,0.025233261883747322,0.04499854426,-1.976528237625268,2722
age_65-74,dep_hour_share_home_9,0.05765351153700668,0.06112449648,-0.3470984942993319,2722
age_65-74,dep_hour_share_leisure_10,0.10284215868719337,0.07963283128,2.320932740719338,2722
age_65-74,dep_hour_share_leisure_11,0.07310099813906276,0.06882876956,0.4272228579062759,2722
age_65-74,dep_hour_share_leisure_12,0.036558957875148027,0.08417370009,-4.761474221485197,2722
age_65-74,dep_hour_share_leisure_13,0.08477414989003552,0.06888803747,1.5886112420035527,2722
age_65-74,dep_hour_share_leisure_14,0.08369142277110472,0.07989133438,0.3800088391104725,2722
age_65-74,dep_hour_share_leisure_15,0.09350363728641516,0.08893338973,0.45702475564151496,2722
age_65-74,dep_hour_share_leisure_16,0.09731009981390627,0.08305374968,1.4256350133906275,2722
age_65-74,dep_hour_share_leisure_17,0.05007612925054982,0.09243936509,-4.236323583945018,2722
age_65-74,dep_hour_share_leisure_18,0.06743359837590931,0.08480404761,-1.7370449234090688,2722
age_65-74,dep_hour_share_leisure_19,0.06110641177465742,0.05312572113,0.7980690644657423,2722
age_65-74,dep_hour_share_leisure_20,0.016866858399593978,0.01135173756,0.5515120839593978,2722
age_65-74,dep_hour_share_leisure_21,0.005329047538487565,0.005136477281,0.019257025748756554,2722
age_65-74,dep_hour_share_leisure_22,0.0061749281001522585,0.003953798833,0.22211292671522584,2722
age_65-74,dep_hour_share_leisure_23,0.0016240906783962104,0.0005950169203,0.10290737580962105,2722
age_65-74,dep_hour_share_leisure_4,0.0007782101167315176,0.0009499591907,-0.017174907396848238,2722
age_65-74,dep_hour_share_leisure_5,0.0014887497885298596,0.001154741347,0.033400844152985956,2722
age_65-74,dep_hour_share_leisure_6,0.013703265098968026,0.007152571114,0.6550693984968026,2722
age_65-74,dep_hour_share_leisure_7,0.033090847572322786,0.02113571431,1.1955133262322786,2722
age_65-74,dep_hour_share_leisure_8,0.05975300287599391,0.08109519698,-2.13421941040061,2722
age_65-74,dep_hour_share_leisure_9,0.10351886313652513,0.08206895309,2.144991004652513,2722
age_65-74,dep_hour_share_other_10,0.12870273989520298,0.1796732605,-5.097052060479701,2722
age_65-74,dep_hour_share_other_11,0.07700993278170816,0.1211780025,-4.4168069718291845,2722
age_65-74,dep_hour_share_other_12,0.09100051163529226,0.05810881301,3.289169862529225,2722
age_65-74,dep_hour_share_other_13,0.06864734214286974,0.07278338269,-0.41360405471302514,2722
age_65-74,dep_hour_share_other_14,0.06370741518321836,0.09234189024,-2.863447505678164,2722
age_65-74,dep_hour_share_other_15,0.08927153719941426,0.07009777953,1.917375766941426,2722
age_65-74,dep_hour_share_other_16,0.08120887069741183,0.05290096307,2.8307907627411826,2722
age_65-74,dep_hour_share_other_17,0.03999576577689173,0.03281025241,0.7185513366891729,2722
age_65-74,dep_hour_share_other_18,0.02748716501120305,0.009213382853,1.8273782158203051,2722
age_65-74,dep_hour_share_other_19,0.013673012120463648,0.005383154553,0.8289857567463647,2722
age_65-74,dep_hour_share_other_20,0.00973871314902701,0.002164639023,0.7574074126027011,2722
age_65-74,dep_hour_share_other_21,0.008221449868562658,0.0005696483306,0.7651801537962658,2722
age_65-74,dep_hour_share_other_22,0.004922284363366913,0.0003688176139,0.4553466749466913,2722
age_65-74,dep_hour_share_other_23,0.00340502108290256,0.0,0.340502108290256,2722
age_65-74,dep_hour_share_other_4,0.0007762742365166458,0.0,0.07762742365166457,2722
age_65-74,dep_hour_share_other_5,0.0010056279882147458,0.0,0.10056279882147458,2722
age_65-74,dep_hour_share_other_6,0.009773998341595948,0.001688546887,0.8085451454595948,2722
age_65-74,dep_hour_share_other_7,0.05049311056615091,0.04600457289,0.4488537676150914,2722
age_65-74,dep_hour_share_other_8,0.07835077009932782,0.106821007,-2.8470236900672172,2722
age_65-74,dep_hour_share_other_9,0.1333956705068718,0.1472505132,-1.38548426931282,2722
age_65-74,dep_hour_share_shop_10,0.1712495553913924,0.16272336,0.8526195391392377,2722
age_65-74,dep_hour_share_shop_11,0.11548879586308791,0.1342749817,-1.8786185836912077,2722
age_65-74,dep_hour_share_shop_12,0.0751320145558018,0.08038347883,-0.525146427419819,2722
age_65-74,dep_hour_share_shop_13,0.052833182850419984,0.08934954527,-3.6516362419580015,2722
age_65-74,dep_hour_share_shop_14,0.07162986675422037,0.0791550925,-0.7525225745779629,2722
age_65-74,dep_hour_share_shop_15,0.057183507072696926,0.07319409014,-1.6010583067303075,2722
age_65-74,dep_hour_share_shop_16,0.058934580973487645,0.05350510651,0.5429474463487648,2722
age_65-74,dep_hour_share_shop_17,0.030315466907439328,0.03620373575,-0.5888268842560672,2722
age_65-74,dep_hour_share_shop_18,0.01578702563681633,0.009277681942,0.6509343694816329,2722
age_65-74,dep_hour_share_shop_19,0.005307942761771868,0.005995348713,-0.06874059512281322,2722
age_65-74,dep_hour_share_shop_20,0.0019699581383895593,0.0,0.19699581383895592,2722
age_65-74,dep_hour_share_shop_21,0.0007660948315959397,0.002183770179,-0.14176753474040601,2722
age_65-74,dep_hour_share_shop_22,0.0004924895345973898,0.0,0.04924895345973898,2722
age_65-74,dep_hour_share_shop_23,0.0003556868860981149,0.0,0.03556868860981149,2722
age_65-74,dep_hour_share_shop_4,0.00010944211879941995,0.0,0.010944211879941995,2722
age_65-74,dep_hour_share_shop_5,0.0008481764206955047,0.001077890615,-0.022971419430449523,2722
age_65-74,dep_hour_share_shop_6,0.008700648444553887,0.00725155989,0.14490885545538867,2722
age_65-74,dep_hour_share_shop_7,0.028208706120550493,0.03980447332,-1.1595767199449505,2722
age_65-74,dep_hour_share_shop_8,0.16159128840734358,0.06286044798,9.873084042734357,2722
age_65-74,dep_hour_share_shop_9,0.14205587020164712,0.1627594367,-2.0703566498352894,2722
age_65-74,dep_hour_share_work_10,0.02875342829337344,0.07525156395,-4.649813565662656,2722
age_65-74,dep_hour_share_work_11,0.029195788728656108,0.07742704047,-4.823125174134389,2722
age_65-74,dep_hour_share_work_12,0.020083163761833143,0.02367990888,-0.35967451181668564,2722
age_65-74,dep_hour_share_work_13,0.03671591612846147,0.05724041023,-2.0524494101538524,2722
age_65-74,dep_hour_share_work_14,0.021587189241794213,0.05392362555,-3.233643630820579,2722
age_65-74,dep_hour_share_work_15,0.009289569140936035,0.01540678937,-0.6117220229063965,2722
age_65-74,dep_hour_share_work_16,0.008050959922144564,0.04289739038,-3.484643045785543,2722
age_65-74,dep_hour_share_work_17,0.007874015748031496,0.007523610125,0.0350405623031496,2722
age_65-74,dep_hour_share_work_18,0.0036273555693178802,0.009924118752,-0.629676318268212,2722
age_65-74,dep_hour_share_work_19,0.003361939308148279,0.0,0.3361939308148279,2722
age_65-74,dep_hour_share_work_20,0.002123330089356808,0.01563034611,-1.350701602064319,2722
age_65-74,dep_hour_share_work_21,0.0023002742634698754,0.02102059769,-1.8720323426530123,2722
age_65-74,dep_hour_share_work_22,0.000265416261169601,0.0,0.0265416261169601,2722
age_65-74,dep_hour_share_work_23,0.00017694417411306734,0.0,0.017694417411306736,2722
age_65-74,dep_hour_share_work_4,0.06546934442183491,0.01534094525,5.012839917183491,2722
age_65-74,dep_hour_share_work_5,0.08572945235778112,0.04015674082,4.557271153778112,2722
age_65-74,dep_hour_share_work_6,0.23321242148102272,0.08163405011,15.157837137102273,2722
age_65-74,dep_hour_share_work_7,0.1871184641245687,0.1315797217,5.553874242456869,2722
age_65-74,dep_hour_share_work_8,0.1553569848712731,0.2020674161,-4.67104312287269,2722
age_65-74,dep_hour_share_work_9,0.07024683712288773,0.1254917876,-5.524495047711225,2722
age_65-74,mean_work_activity_h,5.74539945147306,4.508049344,1.23735010747306,2722
age_65-74,mobility_rate,0.7747160397721241,0.7677188754,0.6997164372124165,2722
age_65-74,n_persons_unweighted,113044.0,2722.0,110322.0,2722
age_65-74,n_persons_weighted,113044.0,104701.8215,8342.178499999995,2722
age_65-74,n_work_activities_measured,11303.0,195.0,11108.0,2722
age_65-74,nonhome_acts_per_mobile,2.0148554985898124,2.40781451,-0.39295901141018774,2722
age_65-74,participation_education,0.015578005024592194,0.01328280801,0.22951970145921943,2722
age_65-74,participation_escort,0.07199851385301298,0.05540560553,1.659290832301298,2722
age_65-74,participation_home,0.7747160397721241,0.7595744755,1.5141564272124097,2722
age_65-74,participation_leisure,0.4151746222709741,0.4663659495,-5.119132722902586,2722
age_65-74,participation_other,0.3344361487562365,0.2865291122,4.790703655623652,2722
age_65-74,participation_shop,0.27967870917518844,0.4461536635,-16.647495432481158,2722
age_65-74,participation_work,0.0848784544071335,0.05486659912,3.00118552871335,2722
age_65-74,purpose_share_education,0.007400667873189803,0.004136457692,0.3264210181189803,2722
age_65-74,purpose_share_escort,0.03483423492917445,0.02596832393,0.8865910999174452,2722
age_65-74,purpose_share_home,0.41831409818988563,0.4264175128,-0.8103414610114379,2722
age_65-74,purpose_share_leisure,0.19485678306648074,0.2199712748,-2.5114491733519264,2722
age_65-74,purpose_share_other,0.18684955711370657,0.1178365822,6.9012974913706575,2722
age_65-74,purpose_share_shop,0.12048419158005083,0.1836120308,-6.3127839219949164,2722
age_65-74,purpose_share_work,0.03726046724751196,0.02205781785,1.520264939751196,2722
age_65-74,share_mobile_first_from_home,1.0,0.9858700503,1.4129949700000033,2722
age_65-74,share_mobile_last_to_home,1.0,0.9857838199,1.421618010000003,2722
age_65-74,share_mobile_odd_trip_count,0.3363097616954223,0.2617860696,7.452369209542232,2722
age_65-74,share_trips_0,0.22528396022787586,0.2322811246,-0.6997164372124137,2722
age_65-74,share_trips_1,0.0021849899154311597,0.005603553251,-0.34185633355688405,2722
age_65-74,share_trips_2,0.30060861257563426,0.2322006465,6.840796607563426,2722
age_65-74,share_trips_3,0.1541081348855313,0.07505438776,7.90537471255313,2722
age_65-74,share_trips_4,0.1452266374155196,0.1933910899,-4.81644524844804,2722
age_65-74,share_trips_5,0.07203389830508475,0.05876575092,1.326814738508475,2722
age_65-74,share_trips_6,0.0598793390184353,0.08893308525,-2.9053746231564705,2722
age_65-74,share_trips_7,0.02462757864194473,0.0455699629,-2.0942384258055267,2722
age_65-74,share_trips_8plus,0.01604684901454301,0.06820039893,-5.215354991545699,2722
age_65-74,share_trips_followed_by_same_purpose,0.10848818695174896,0.05751895492,5.096923203174896,2722
age_65-74,share_trips_home_based,0.8054399029507072,0.8527795904,-4.733968744929273,2722
age_65-74,share_trips_unknown_purpose,0.0,8.908877103e-05,-0.008908877103,2722
age_65-74,share_work_activities_lt_2h,0.15049102008316376,0.3046651366,-15.417411651683624,2722
age_65-74,tours_per_mobile,1.448964910878427,1.789759687,-0.34079477612157305,2722
age_65-74,trips_per_mobile_person,3.4638204094682394,4.197574196,-0.7337537865317603,2722
age_65-74,trips_per_person,2.6834772301050918,3.222556941,-0.5390797108949084,2722
age_65-74,trips_per_person_education,0.019859523725275115,0.0133287829,0.006530740825275114,2722
age_65-74,trips_per_person_escort,0.0934768762605711,0.08367694721,0.009799929050571102,2722
age_65-74,trips_per_person_home,1.1225363575245038,1.374032294,-0.2514959364754963,2722
age_65-74,trips_per_person_leisure,0.5228937404904285,0.7088068062,-0.18591306570957156,2722
age_65-74,trips_per_person_other,0.5014065319698524,0.3797012658,0.12170526616985239,2722
age_65-74,trips_per_person_shop,0.32331658469268604,0.5916475104,-0.2683309257073139,2722
age_65-74,trips_per_person_work,0.09998761544177488,0.07107624138,0.02891137406177488,2722
age_75+,dep_hour_share_all_10,0.11636481381543443,0.1402526586,-2.3887844784565573,1757
age_75+,dep_hour_share_all_11,0.08429141932002158,0.139188472,-5.489705267997842,1757
age_75+,dep_hour_share_all_12,0.0735671883432272,0.08437790956,-1.0810721216772803,1757
age_75+,dep_hour_share_all_13,0.06688828926065839,0.057911365,0.8976924260658388,1757
age_75+,dep_hour_share_all_14,0.08452023745277927,0.06875053446,1.576970299277927,1757
age_75+,dep_hour_share_all_15,0.0665774419859687,0.08634828577,-1.977084378403131,1757
age_75+,dep_hour_share_all_16,0.06520885051268213,0.07733575853,-1.2126908017317874,1757
age_75+,dep_hour_share_all_17,0.058961683756071234,0.06071213824,-0.17504544839287636,1757
age_75+,dep_hour_share_all_18,0.05282245008094981,0.04213526123,1.0687188850949811,1757
age_75+,dep_hour_share_all_19,0.03417161359956827,0.01603520517,1.8136408429568267,1757
age_75+,dep_hour_share_all_20,0.01883648138154344,0.01106124017,0.7775241211543441,1757
age_75+,dep_hour_share_all_21,0.011345925526173773,0.01232677845,-0.09808529238262281,1757
age_75+,dep_hour_share_all_22,0.009070696168375606,0.005184793679,0.3885902489375606,1757
age_75+,dep_hour_share_all_23,0.002504047490555855,0.002788430283,-0.02843827924441447,1757
age_75+,dep_hour_share_all_4,0.0009541284403669724,0.0009924730995,-0.0038344659133027616,1757
age_75+,dep_hour_share_all_5,0.0038726389638424176,0.0001878658087,0.3684773155142418,1757
age_75+,dep_hour_share_all_6,0.015728008634646518,0.002586154909,1.3141853725646517,1757
age_75+,dep_hour_share_all_7,0.04752941176470588,0.02107308044,2.6456331324705884,1757
age_75+,dep_hour_share_all_8,0.07490555855369671,0.06562999095,0.9275567603696716,1757
age_75+,dep_hour_share_all_9,0.1083907177549919,0.1020002288,0.6390488954991904,1757
age_75+,dep_hour_share_education_10,0.017870722433460075,0.0,1.7870722433460076,1757
age_75+,dep_hour_share_education_11,0.002661596958174905,0.2528978271,-25.023623014182512,1757
age_75+,dep_hour_share_education_12,0.11939163498098859,0.0,11.939163498098859,1757
age_75+,dep_hour_share_education_13,0.10228136882129278,0.03752681402,6.475455480129277,1757
age_75+,dep_hour_share_education_14,0.07110266159695817,0.1904885103,-11.938584870304183,1757
age_75+,dep_hour_share_education_15,0.018631178707224333,0.09714150777,-7.851032906277567,1757
age_75+,dep_hour_share_education_16,0.0634980988593156,0.1357520537,-7.225395484068442,1757
age_75+,dep_hour_share_education_17,0.07756653992395438,0.0,7.756653992395438,1757
age_75+,dep_hour_share_education_18,0.00532319391634981,0.0,0.532319391634981,1757
age_75+,dep_hour_share_education_19,0.0,0.0,0.0,1757
age_75+,dep_hour_share_education_20,0.00038022813688212925,0.0,0.03802281368821293,1757
age_75+,dep_hour_share_education_21,0.0,0.0,0.0,1757
age_75+,dep_hour_share_education_22,0.0,0.0,0.0,1757
age_75+,dep_hour_share_education_23,0.0,0.0,0.0,1757
age_75+,dep_hour_share_education_4,0.0,0.0,0.0,1757
age_75+,dep_hour_share_education_5,0.0,0.0,0.0,1757
age_75+,dep_hour_share_education_6,0.14220532319391635,0.0,14.220532319391635,1757
age_75+,dep_hour_share_education_7,0.2874524714828897,0.0,28.74524714828897,1757
age_75+,dep_hour_share_education_8,0.0844106463878327,0.1728129148,-8.84022684121673,1757
age_75+,dep_hour_share_education_9,0.007224334600760456,0.1133803723,-10.615603769923956,1757
age_75+,dep_hour_share_escort_10,0.07166637462765026,0.08295596132,-1.1289586692349738,1757
age_75+,dep_hour_share_escort_11,0.06465743823374803,0.1464836642,-8.182622596625198,1757
age_75+,dep_hour_share_escort_12,0.12475906781145961,0.08061840341,4.4140664401459615,1757
age_75+,dep_hour_share_escort_13,0.07236726826704047,0.09138832238,-1.9021054112959526,1757
age_75+,dep_hour_share_escort_14,0.07850008761170492,0.0731167491,0.5383338511704916,1757
age_75+,dep_hour_share_escort_15,0.043104958822498686,0.07856438134,-3.5459422517501316,1757
age_75+,dep_hour_share_escort_16,0.015945330296127564,0.09433086214,-7.838553184387244,1757
age_75+,dep_hour_share_escort_17,0.11634834413877694,0.03916106827,7.718727586877694,1757
age_75+,dep_hour_share_escort_18,0.0856842474154547,0.04059220942,4.509203799545471,1757
age_75+,dep_hour_share_escort_19,0.01717189416506045,0.005843814637,1.132807952806045,1757
age_75+,dep_hour_share_escort_20,0.0005256702295426669,0.02386732631,-2.334165608045733,1757
age_75+,dep_hour_share_escort_21,0.0003504468196951113,0.003627052286,-0.3276605466304889,1757
age_75+,dep_hour_share_escort_22,0.0,0.008344154487,-0.8344154487000001,1757
age_75+,dep_hour_share_escort_23,0.0,0.0,0.0,1757
age_75+,dep_hour_share_escort_4,0.0,0.0,0.0,1757
age_75+,dep_hour_share_escort_5,0.018223234624145785,0.0,1.8223234624145785,1757
age_75+,dep_hour_share_escort_6,0.02453127737865779,0.0,2.453127737865779,1757
age_75+,dep_hour_share_escort_7,0.07166637462765026,0.05330566248,1.8360712147650253,1757
age_75+,dep_hour_share_escort_8,0.044681969511126685,0.07561813287,-3.0936163358873308,1757
age_75+,dep_hour_share_escort_9,0.1496407920098125,0.06283893447,8.68018575398125,1757
age_75+,dep_hour_share_home_10,0.09146592445951508,0.1072685476,-1.5802623140484917,1757
age_75+,dep_hour_share_home_11,0.09545463454791352,0.1537783162,-5.832368165208647,1757
age_75+,dep_hour_share_home_12,0.08373351104490484,0.111457598,-2.7724086955095166,1757
age_75+,dep_hour_share_home_13,0.057096375859973736,0.05902988695,-0.1933511090026263,1757
age_75+,dep_hour_share_home_14,0.09933554166094984,0.0554112846,4.392425706094984,1757
age_75+,dep_hour_share_home_15,0.07751033928536427,0.08534048539,-0.7830146104635727,1757
age_75+,dep_hour_share_home_16,0.07721633117074031,0.1042695572,-2.7053226029259694,1757
age_75+,dep_hour_share_home_17,0.08382171347929203,0.07229917472,1.1522538759292031,1757
age_75+,dep_hour_share_home_18,0.06939571532174288,0.05317439514,1.6221320181742882,1757
age_75+,dep_hour_share_home_19,0.056704365040475116,0.02232961792,3.4374747120475115,1757
age_75+,dep_hour_share_home_20,0.035427977812187615,0.02070951551,1.4718462302187616,1757
age_75+,dep_hour_share_home_21,0.02360885160430428,0.02696688922,-0.33580376156957215,1757
age_75+,dep_hour_share_home_22,0.018120700131323626,0.009924744398,0.8195955733323625,1757
age_75+,dep_hour_share_home_23,0.005243144710794018,0.005270412678,-0.002726796720598206,1757
age_75+,dep_hour_share_home_4,0.00012740351633705091,0.001157582957,-0.1030179440662949,1757
age_75+,dep_hour_share_home_5,0.0010878300241086655,0.0,0.10878300241086655,1757
age_75+,dep_hour_share_home_6,0.0037731041376742,0.0004001626772,0.33729414604742,1757
age_75+,dep_hour_share_home_7,0.011956329994707854,0.008660138639,0.3296191355707854,1757
age_75+,dep_hour_share_home_8,0.03218408828083655,0.04031015037,-0.812606208916345,1757
age_75+,dep_hour_share_home_9,0.07091475724730002,0.06096797535,0.9946781897300021,1757
age_75+,dep_hour_share_leisure_10,0.11806891726429945,0.1087361696,0.9332747664299451,1757
age_75+,dep_hour_share_leisure_11,0.06227042154976386,0.09637348618,-3.4103064630236135,1757
age_75+,dep_hour_share_leisure_12,0.04280466778280317,0.0689004136,-2.6095745817196834,1757
age_75+,dep_hour_share_leisure_13,0.05649816337239811,0.07426174988,-1.7763586507601896,1757
age_75+,dep_hour_share_leisure_14,0.0899572702966091,0.09584862902,-0.5891358723390903,1757
age_75+,dep_hour_share_leisure_15,0.08126140083460356,0.1154246229,-3.4163222065396432,1757
age_75+,dep_hour_share_leisure_16,0.07378994977385742,0.05235435328,2.1435596493857414,1757
age_75+,dep_hour_share_leisure_17,0.0635198280816612,0.08548245401,-2.1962625928338793,1757
age_75+,dep_hour_share_leisure_18,0.060846098103400886,0.07529126466,-1.444516655659911,1757
age_75+,dep_hour_share_leisure_19,0.03693245708288563,0.02724206847,0.9690388612885632,1757
age_75+,dep_hour_share_leisure_20,0.01181938579174892,0.007190845342,0.462854044974892,1757
age_75+,dep_hour_share_leisure_21,0.0033234213748469478,0.002202242151,0.11211792238469478,1757
age_75+,dep_hour_share_leisure_22,0.005197531172692971,0.003726288702,0.14712424706929708,1757
age_75+,dep_hour_share_leisure_23,0.00027486943701741673,0.002647351203,-0.23724817659825834,1757
age_75+,dep_hour_share_leisure_4,0.0009245608336040381,0.002482956162,-0.15583953283959617,1757
age_75+,dep_hour_share_leisure_5,0.005672305654813963,0.0,0.5672305654813964,1757
age_75+,dep_hour_share_leisure_6,0.014593068292561033,0.003994981942,1.0598086350561036,1757
age_75+,dep_hour_share_leisure_7,0.04163022564281966,0.02685075774,1.4779467902819656,1757
age_75+,dep_hour_share_leisure_8,0.10222644243984108,0.08000139048,2.2225051959841076,1757
age_75+,dep_hour_share_leisure_9,0.1271396086858742,0.07098797462,5.6151634065874205,1757
age_75+,dep_hour_share_other_10,0.12043400489549991,0.2016516118,-8.121760690450008,1757
age_75+,dep_hour_share_other_11,0.09164940689135756,0.1370475612,-4.539815430864244,1757
age_75+,dep_hour_share_other_12,0.0599698738467332,0.0384005106,2.1569363246733197,1757
age_75+,dep_hour_share_other_13,0.07790434946337789,0.03175840438,4.614594508337789,1757
age_75+,dep_hour_share_other_14,0.06493598192430804,0.08103297054,-1.6096988615691963,1757
age_75+,dep_hour_share_other_15,0.06277066465825645,0.07709632233,-1.4325657671743541,1757
age_75+,dep_hour_share_other_16,0.06161739785351158,0.04479360352,1.6823794333511575,1757
age_75+,dep_hour_share_other_17,0.020546977970250423,0.03314536162,-1.2598383649749578,1757
age_75+,dep_hour_share_other_18,0.04224722274524571,0.007321502186,3.492572055924571,1757
age_75+,dep_hour_share_other_19,0.010285257013745058,0.004783734651,0.5501522362745058,1757
age_75+,dep_hour_share_other_20,0.003718697043871211,0.001527661785,0.2191035258871211,1757
age_75+,dep_hour_share_other_21,0.001247411033703634,0.0004788788905,0.0768532143203634,1757
age_75+,dep_hour_share_other_22,0.0008472980606288834,0.0,0.08472980606288834,1757
age_75+,dep_hour_share_other_23,0.0005884014309922802,0.0,0.05884014309922802,1757
age_75+,dep_hour_share_other_4,0.0002824326868762945,0.0,0.02824326868762945,1757
age_75+,dep_hour_share_other_5,0.0008002259461495011,0.00121498969,-0.041476374385049884,1757
age_75+,dep_hour_share_other_6,0.03290340802108831,0.002476732209,3.0426675812088306,1757
age_75+,dep_hour_share_other_7,0.11577386556204104,0.04703117968,6.874268588204105,1757
age_75+,dep_hour_share_other_8,0.10205234419130108,0.1042349238,-0.21825796086989285,1757
age_75+,dep_hour_share_other_9,0.12787139898324232,0.175755808,-4.788440901675769,1757
age_75+,dep_hour_share_shop_10,0.20467324047127963,0.2087992818,-0.41260413287203535,1757
age_75+,dep_hour_share_shop_11,0.08320854406238522,0.1533425538,-7.013400973761478,1757
age_75+,dep_hour_share_shop_12,0.08727714519820304,0.07528007254,1.1997072658203032,1757
age_75+,dep_hour_share_shop_13,0.0917978131268895,0.05509187559,3.6705937536889506,1757
age_75+,dep_hour_share_shop_14,0.06408046788913062,0.06113938107,0.294108681913062,1757
age_75+,dep_hour_share_shop_15,0.033961517814257054,0.06822457185,-3.4263054035742946,1757
age_75+,dep_hour_share_shop_16,0.0376628146808691,0.06710347312,-2.9440658439130907,1757
age_75+,dep_hour_share_shop_17,0.021134122566609216,0.03537323174,-1.423910917339078,1757
age_75+,dep_hour_share_shop_18,0.010990873901618963,0.0108462037,0.01446702016189641,1757
age_75+,dep_hour_share_shop_19,0.0031079592009719435,0.001063710266,0.20442489349719434,1757
age_75+,dep_hour_share_shop_20,0.0031644675500805243,0.0,0.3164467550080524,1757
age_75+,dep_hour_share_shop_21,0.0007346085384115504,0.0008895349251,-0.01549263866884496,1757
age_75+,dep_hour_share_shop_22,0.00019777922188003277,0.0,0.019777922188003276,1757
age_75+,dep_hour_share_shop_23,0.00025428757098861355,0.0,0.025428757098861356,1757
age_75+,dep_hour_share_shop_4,0.0,0.0,0.0,1757
age_75+,dep_hour_share_shop_5,0.0017800129969202949,0.0,0.1780012996920295,1757
age_75+,dep_hour_share_shop_6,0.006357189274715339,0.003147675821,0.3209513453715339,1757
age_75+,dep_hour_share_shop_7,0.03616534342949171,0.02041468547,1.575065795949171,1757
age_75+,dep_hour_share_shop_8,0.13423558330743368,0.0646015702,6.963401310743368,1757
age_75+,dep_hour_share_shop_9,0.1776905037719323,0.1746821781,0.30083256719322937,1757
age_75+,dep_hour_share_work_10,0.023283582089552238,0.07434471358,-5.106113149044776,1757
age_75+,dep_hour_share_work_11,0.02298507462686567,0.01929711201,0.36879626168656726,1757
age_75+,dep_hour_share_work_12,0.03582089552238806,0.09843333039,-6.261243486761195,1757
age_75+,dep_hour_share_work_13,0.049253731343283584,0.02364396595,2.560976539328358,1757
age_75+,dep_hour_share_work_14,0.05343283582089552,0.01643313137,3.6999704450895523,1757
age_75+,dep_hour_share_work_15,0.028656716417910448,0.03231314461,-0.3656428192089549,1757
age_75+,dep_hour_share_work_16,0.018805970149253733,0.0,1.8805970149253732,1757
age_75+,dep_hour_share_work_17,0.021791044776119404,0.0,2.1791044776119404,1757
age_75+,dep_hour_share_work_18,0.00955223880597015,0.03378738214,-2.423514333402985,1757
age_75+,dep_hour_share_work_19,0.001791044776119403,0.0,0.1791044776119403,1757
age_75+,dep_hour_share_work_20,0.00029850746268656717,0.0,0.029850746268656716,1757
age_75+,dep_hour_share_work_21,0.0014925373134328358,0.0,0.1492537313432836,1757
age_75+,dep_hour_share_work_22,0.00029850746268656717,0.0,0.029850746268656716,1757
age_75+,dep_hour_share_work_23,0.0,0.0,0.0,1757
age_75+,dep_hour_share_work_4,0.04746268656716418,0.0,4.746268656716418,1757
age_75+,dep_hour_share_work_5,0.10686567164179105,0.002988362444,10.387730919779106,1757
age_75+,dep_hour_share_work_6,0.16029850746268656,0.1164616422,4.383686526268655,1757
age_75+,dep_hour_share_work_7,0.22656716417910447,0.01476200325,21.180516092910448,1757
age_75+,dep_hour_share_work_8,0.12268656716417911,0.4807737085,-35.808714133582086,1757
age_75+,dep_hour_share_work_9,0.05582089552238806,0.04028559832,1.553529720238806,1757
age_75+,mean_work_activity_h,5.043537313432835,4.157264988,0.8862723254328353,1757
age_75+,mobility_rate,0.6952365389329194,0.7161184435,-2.088190456708061,1757
age_75+,n_persons_unweighted,110151.0,1757.0,108394.0,1757
age_75+,n_persons_weighted,110151.0,74247.32901,35903.67099,1757
age_75+,n_work_activities_measured,3350.0,21.0,3329.0,1757
age_75+,nonhome_acts_per_mobile,1.6921560178112065,2.178282042,-0.4861260241887937,1757
age_75+,participation_education,0.01726720592641011,0.005425378628,1.1841827298410108,1757
age_75+,participation_escort,0.03474321613058438,0.04312282707,-0.8379610939415625,1757
age_75+,participation_home,0.6952365389329194,0.7090660818,-1.3829542867080602,1757
age_75+,participation_leisure,0.29386932483590705,0.3928226251,-9.895330026409294,1757
age_75+,participation_other,0.30989278354259153,0.3145649768,-0.46721932574084746,1757
age_75+,participation_shop,0.2865793320078801,0.3890343395,-10.245500749211988,1757
age_75+,participation_work,0.024157747092627392,0.01256186084,1.1595886252627392,1757
age_75+,purpose_share_education,0.01135456017269293,0.002305597265,0.904896290769293,1757
age_75+,purpose_share_escort,0.0246389638424177,0.02217510901,0.24638548324177023,1757
age_75+,purpose_share_home,0.4405310307609282,0.4299173366,1.0613694160928222,1757
age_75+,purpose_share_leisure,0.17277495952509445,0.1993583812,-2.6583421674905545,1757
age_75+,purpose_share_other,0.18343443065299514,0.1410283854,4.240604525299513,1757
age_75+,purpose_share_shop,0.15280302212628172,0.1997667241,-4.696370197371827,1757
age_75+,purpose_share_work,0.014463032919589855,0.005448466475,0.9014566444589854,1757
age_75+,share_mobile_first_from_home,1.0,0.9846670343,1.5332965699999979,1757
age_75+,share_mobile_last_to_home,1.0,0.979422835,2.0577164999999953,1757
age_75+,share_mobile_odd_trip_count,0.2821195857980439,0.2527318391,2.9387746698043893,1757
age_75+,share_trips_0,0.30476346106708063,0.2838815565,2.088190456708061,1757
age_75+,share_trips_1,0.0008170602173380178,0.007999159324,-0.7182099106661981,1757
age_75+,share_trips_2,0.35509437045510256,0.2597294843,9.536488615510258,1757
age_75+,share_trips_3,0.1499577852221042,0.07853855337,7.141923185210421,1757
age_75+,share_trips_4,0.09859193289212081,0.1787453697,-8.015343680787918,1757
age_75+,share_trips_5,0.033299743079953883,0.05599159257,-2.2691849490046114,1757
age_75+,share_trips_6,0.03697651405797496,0.06113342987,-2.4156915812025037,1757
age_75+,share_trips_7,0.009650389011447921,0.02487302184,-1.5222632828552078,1757
age_75+,share_trips_8plus,0.010848743996877014,0.04910783257,-3.825908857312299,1757
age_75+,share_trips_followed_by_same_purpose,0.08897571505666486,0.0518164098,3.7159305256664865,1757
age_75+,share_trips_home_based,0.8462514840798705,0.8612071433,-1.4955659220129536,1757
age_75+,share_trips_unknown_purpose,0.0,0.0,0.0,1757
age_75+,share_work_activities_lt_2h,0.2355223880597015,0.3424019536,-10.687956554029848,1757
age_75+,tours_per_mobile,1.3324192684869616,1.642711266,-0.3102919975130385,1757
age_75+,trips_per_mobile_person,3.024575286298168,3.820993308,-0.796418021701832,1757
age_75+,trips_per_person,2.102795253787982,2.736283781,-0.6334885272120179,1757
age_75+,trips_per_person_education,0.023876315239988743,0.0063087684,0.01756754683998874,1757
age_75+,trips_per_person_escort,0.05181069622608964,0.06067739112,-0.008866694893910357,1757
age_75+,trips_per_person_home,0.9263465606304073,1.176375835,-0.25002927436959266,1757
age_75+,trips_per_person_leisure,0.3633103648627793,0.545501105,-0.18219074013722075,1757
age_75+,trips_per_person_other,0.3857250501584189,0.3858936835,-0.00016863334158107035,1757
age_75+,trips_per_person_shop,0.3213134696916052,0.5466184471,-0.22530497740839478,1757
age_75+,trips_per_person_work,0.030412796978692886,0.01490855045,0.015504246528692886,1757
all,dep_hour_share_all_10,0.04532238264714034,0.05208275243,-0.6760369782859654,18223
all,dep_hour_share_all_11,0.048825355858759335,0.05638717976,-0.7561823901240667,18223
all,dep_hour_share_all_12,0.06034819977141919,0.06122048412,-0.0872284348580811,18223
all,dep_hour_share_all_13,0.06601581826099447,0.07229829733,-0.6282479069005531,18223
all,dep_hour_share_all_14,0.07312696787784964,0.07193688752,0.1190080357849635,18223
all,dep_hour_share_all_15,0.08790589948893396,0.09129177653,-0.3385877041066035,18223
all,dep_hour_share_all_16,0.08919178867902897,0.09313951947,-0.3947730790971035,18223
all,dep_hour_share_all_17,0.07829755827621798,0.08325053706,-0.4952978783782022,18223
all,dep_hour_share_all_18,0.06368701691621755,0.06232227312,0.1364743796217545,18223
all,dep_hour_share_all_19,0.04067292261963118,0.03832407875,0.23488438696311828,18223
all,dep_hour_share_all_20,0.02902663595037406,0.02323517727,0.5791458680374059,18223
all,dep_hour_share_all_21,0.019146329825365956,0.01689596206,0.22503677653659576,18223
all,dep_hour_share_all_22,0.014472116105240976,0.01114277512,0.33293409852409755,18223
all,dep_hour_share_all_23,0.007329047253170671,0.003609894486,0.3719152767170671,18223
all,dep_hour_share_all_4,0.004318867948495383,0.002569121759,0.17497461894953825,18223
all,dep_hour_share_all_5,0.0159902340168501,0.01238511537,0.36051186468501006,18223
all,dep_hour_share_all_6,0.048034540520980544,0.03307486761,1.4959672910980542,18223
all,dep_hour_share_all_7,0.09025098615780024,0.102717226,-1.2466239842199758,18223
all,dep_hour_share_all_8,0.057887813008000326,0.06368874809,-0.5800935081999671,18223
all,dep_hour_share_all_9,0.04873350663089541,0.04633409046,0.23994161708954104,18223
all,dep_hour_share_education_10,0.01886889316183471,0.01127198533,0.759690783183471,18223
all,dep_hour_share_education_11,0.02861369873242855,0.01820934422,1.0404354512428549,18223
all,dep_hour_share_education_12,0.02629417365168854,0.02153748165,0.47566920016885417,18223
all,dep_hour_share_education_13,0.031502604215281796,0.02866261207,0.28399921452817967,18223
all,dep_hour_share_education_14,0.02453002781563276,0.01802018268,0.6509845135632759,18223
all,dep_hour_share_education_15,0.03405081486736237,0.01783646586,1.6214349007362368,18223
all,dep_hour_share_education_16,0.01854219948849105,0.01602070108,0.2521498408491047,18223
all,dep_hour_share_education_17,0.008456699087124535,0.01398119051,-0.5524491422875465,18223
all,dep_hour_share_education_18,0.0057731439132301604,0.005305116992,0.04680269212301606,18223
all,dep_hour_share_education_19,0.005283103403214666,0.001884147068,0.33989563352146657,18223
all,dep_hour_share_education_20,0.0005040416674445087,0.0004658888282,0.0038152839244508753,18223
all,dep_hour_share_education_21,0.0003080254634383109,0.0004652239367,-0.01571984732616891,18223
all,dep_hour_share_education_22,0.00013534452181380326,0.0,0.013534452181380326,18223
all,dep_hour_share_education_23,8.867399705042284e-05,0.0,0.008867399705042283,18223
all,dep_hour_share_education_4,0.0005460451397315512,0.0,0.05460451397315512,18223
all,dep_hour_share_education_5,0.003481621147348181,0.001188721285,0.22928998623481808,18223
all,dep_hour_share_education_6,0.1710241379954076,0.06624452555,10.477961244540761,18223
all,dep_hour_share_education_7,0.4638956820430489,0.617002642,-15.310695995695111,18223
all,dep_hour_share_education_8,0.12029794463008942,0.1259639598,-0.5666015169910582,18223
all,dep_hour_share_education_9,0.036421677525342096,0.03593981114,0.0481866385342096,18223
all,dep_hour_share_escort_10,0.016991793079533014,0.01565574758,0.13360454995330132,18223
all,dep_hour_share_escort_11,0.033024865541133194,0.03004725867,0.2977606871133194,18223
all,dep_hour_share_escort_12,0.06048779161085462,0.0528680563,0.7619735310854623,18223
all,dep_hour_share_escort_13,0.0709453257270298,0.08932804703,-1.8382721302970195,18223
all,dep_hour_share_escort_14,0.1353223953056687,0.115349183,1.9973212305668704,18223
all,dep_hour_share_escort_15,0.12207029257977439,0.1244621437,-0.23918511202256076,18223
all,dep_hour_share_escort_16,0.0793086332451673,0.05920440843,2.0104224815167306,18223
all,dep_hour_share_escort_17,0.056224544607706484,0.05249078204,0.37337625677064806,18223
all,dep_hour_share_escort_18,0.0425916734094417,0.03538729115,0.72043822594417,18223
all,dep_hour_share_escort_19,0.018922833189411917,0.01797240353,0.09504296594119166,18223
all,dep_hour_share_escort_20,0.008036934541819937,0.005678119723,0.2358814818819937,18223
all,dep_hour_share_escort_21,0.00662265164444384,0.004239624988,0.23830266564438393,18223
all,dep_hour_share_escort_22,0.0026449809955735666,0.01415427905,-1.1509298054426433,18223
all,dep_hour_share_escort_23,0.001801850806753201,0.0,0.1801850806753201,18223
all,dep_hour_share_escort_4,0.0012714947202371644,0.0006932826375,0.05782120827371644,18223
all,dep_hour_share_escort_5,0.0022370147751766154,0.001337280905,0.08997338701766154,18223
all,dep_hour_share_escort_6,0.044223538291029506,0.01618361979,2.8039918501029506,18223
all,dep_hour_share_escort_7,0.17901557751018216,0.2309359067,-5.192032918981784,18223
all,dep_hour_share_escort_8,0.08564570853533328,0.1134596022,-2.7813893664666716,18223
all,dep_hour_share_escort_9,0.027891290601138225,0.0168111617,1.1080128901138224,18223
all,dep_hour_share_home_10,0.03269315177599722,0.04046123877,-0.7768086994002776,18223
all,dep_hour_share_home_11,0.04849987520801923,0.0585540642,-1.0054188991980766,18223
all,dep_hour_share_home_12,0.07426805004510506,0.06647582231,0.779222773510506,18223
all,dep_hour_share_home_13,0.08171175477867224,0.09330815006,-1.1596395281327763,18223
all,dep_hour_share_home_14,0.08423810779366996,0.08069255332,0.3545554473669957,18223
all,dep_hour_share_home_15,0.1053095662637594,0.1093322941,-0.4022727836240608,18223
all,dep_hour_share_home_16,0.10927004906398191,0.116839246,-0.7569196936018083,18223
all,dep_hour_share_home_17,0.10322917832109016,0.1064625149,-0.323333657890984,18223
all,dep_hour_share_home_18,0.08907174326181984,0.08747836701,0.15933762518198363,18223
all,dep_hour_share_home_19,0.05993770572094948,0.05159458958,0.8343116140949479,18223
all,dep_hour_share_home_20,0.05247287632606149,0.04105673517,1.1416141156061494,18223
all,dep_hour_share_home_21,0.036312510415631626,0.0308444887,0.5468021715631627,18223
all,dep_hour_share_home_22,0.02896425785544003,0.02079915672,0.8165101135440032,18223
all,dep_hour_share_home_23,0.01535528159564738,0.00713848223,0.821679936564738,18223
all,dep_hour_share_home_4,5.47676404613939e-05,0.0007880555536,-0.07332879131386061,18223
all,dep_hour_share_home_5,0.0007111969311343865,0.002243374312,-0.15321773808656133,18223
all,dep_hour_share_home_6,0.002024837907344106,0.005951955834,-0.3927117926655894,18223
all,dep_hour_share_home_7,0.00999196480474945,0.01771765154,-0.772568673525055,18223
all,dep_hour_share_home_8,0.019164762187169195,0.03211590665,-1.2951144462830804,18223
all,dep_hour_share_home_9,0.028098146741286273,0.02755384938,0.054429736128627434,18223
all,dep_hour_share_leisure_10,0.04678722619211363,0.05123809208,-0.4450865887886367,18223
all,dep_hour_share_leisure_11,0.03720708860317315,0.04645842328,-0.9251334676826851,18223
all,dep_hour_share_leisure_12,0.04488124166268222,0.06364873778,-1.8767496117317788,18223
all,dep_hour_share_leisure_13,0.055146922369883264,0.05387841209,0.1268510279883263,18223
all,dep_hour_share_leisure_14,0.07873702871639693,0.07686726499,0.18697637263969252,18223
all,dep_hour_share_leisure_15,0.10522650213631829,0.1102737997,-0.5047297563681705,18223
all,dep_hour_share_leisure_16,0.13873078459754906,0.1294178436,0.9312940997549063,18223
all,dep_hour_share_leisure_17,0.1260678862347745,0.1191116262,0.6956260034774495,18223
all,dep_hour_share_leisure_18,0.10030980435822029,0.1016873967,-0.13775923417797126,18223
all,dep_hour_share_leisure_19,0.0636507135979879,0.07607784797,-1.2427134372012094,18223
all,dep_hour_share_leisure_20,0.028207697732249563,0.0244133345,0.3794363232249562,18223
all,dep_hour_share_leisure_21,0.01388770629062225,0.01228588096,0.16018253306222496,18223
all,dep_hour_share_leisure_22,0.009809379714473475,0.006821451648,0.29879280664734753,18223
all,dep_hour_share_leisure_23,0.002405950688927169,0.001633402206,0.07725484829271688,18223
all,dep_hour_share_leisure_4,0.0003602376258375525,0.002422411664,-0.20621740381624476,18223
all,dep_hour_share_leisure_5,0.003720272208649633,0.003823253606,-0.010298139735036727,18223
all,dep_hour_share_leisure_6,0.01700103268119407,0.01165320072,0.534783196119407,18223
all,dep_hour_share_leisure_7,0.026762380712222537,0.02062581758,0.6136563132222537,18223
all,dep_hour_share_leisure_8,0.04264121860747417,0.04255933534,0.008188326747417263,18223
all,dep_hour_share_leisure_9,0.0544832118350068,0.04425437079,1.0228841045006807,18223
all,dep_hour_share_other_10,0.08448553298721802,0.1301118092,-4.5626276212781995,18223
all,dep_hour_share_other_11,0.08337735677201931,0.09145098908,-0.8073632307980694,18223
all,dep_hour_share_other_12,0.0705710902632298,0.05132191486,1.9249175403229803,18223
all,dep_hour_share_other_13,0.07643379785651395,0.06001855461,1.6415243246513957,18223
all,dep_hour_share_other_14,0.08539029055469533,0.09755224515,-1.216195459530467,18223
all,dep_hour_share_other_15,0.0904332513586544,0.1054314224,-1.4998171041345598,18223
all,dep_hour_share_other_16,0.08770076206090414,0.08905000017,-0.134923810909586,18223
all,dep_hour_share_other_17,0.05899748003764763,0.05648435509,0.25131249476476325,18223
all,dep_hour_share_other_18,0.04300938154658894,0.01983289418,2.317648736658894,18223
all,dep_hour_share_other_19,0.028685065427938184,0.007601686856,2.1083378571938183,18223
all,dep_hour_share_other_20,0.013893190029450163,0.003986890487,0.9906299542450161,18223
all,dep_hour_share_other_21,0.008801651637975529,0.004324751579,0.4476900058975529,18223
all,dep_hour_share_other_22,0.004872939247654614,0.002829444726,0.20434945216546135,18223
all,dep_hour_share_other_23,0.003482405805021708,0.002102075094,0.1380330711021708,18223
all,dep_hour_share_other_4,0.0014026778395117953,0.0,0.14026778395117953,18223
all,dep_hour_share_other_5,0.0025503233445669004,0.001597040282,0.09532830625669003,18223
all,dep_hour_share_other_6,0.016194553237999818,0.01265661625,0.35379369879998174,18223
all,dep_hour_share_other_7,0.061256337857121174,0.05086334049,1.0392997367121175,18223
all,dep_hour_share_other_8,0.08217809758022893,0.096064651,-1.3886553419771075,18223
all,dep_hour_share_other_9,0.08926131705984151,0.1148234528,-2.556213574015849,18223
all,dep_hour_share_shop_10,0.11968737520680016,0.113573183,0.6114192206800164,18223
all,dep_hour_share_shop_11,0.0900792971646985,0.1045408637,-1.4461566535301507,18223
all,dep_hour_share_shop_12,0.07983097397781636,0.08070060705,-0.08696330721836426,18223
all,dep_hour_share_shop_13,0.06161626040113119,0.06772682363,-0.6110563228868813,18223
all,dep_hour_share_shop_14,0.07754089142074766,0.07479634652,0.27445449007476586,18223
all,dep_hour_share_shop_15,0.09851837363389648,0.09546457991,0.30537937238964835,18223
all,dep_hour_share_shop_16,0.08544615861062892,0.1031216009,-1.7675442289371082,18223
all,dep_hour_share_shop_17,0.0732092939862921,0.09223050614,-1.9021212153707903,18223
all,dep_hour_share_shop_18,0.04986430649617369,0.04335069655,0.6513609946173692,18223
all,dep_hour_share_shop_19,0.01745271101766053,0.02151343125,-0.4060720232339471,18223
all,dep_hour_share_shop_20,0.004673887354017425,0.006442516701,-0.17686293469825753,18223
all,dep_hour_share_shop_21,0.0024775270368287655,0.005893960561,-0.34164335241712346,18223
all,dep_hour_share_shop_22,0.0021393119972616804,0.0006416588402,0.14976531570616802,18223
all,dep_hour_share_shop_23,0.0004156377594679837,0.0005087035568,-0.00930657973320163,18223
all,dep_hour_share_shop_4,0.0001140966398539563,0.0,0.01140966398539563,18223
all,dep_hour_share_shop_5,0.0008027513589724782,0.0003825330999,0.042021825907247824,18223
all,dep_hour_share_shop_6,0.009950856947262903,0.007791666165,0.2159190782262903,18223
all,dep_hour_share_shop_7,0.037012134992624464,0.02966680839,0.7345326602624463,18223
all,dep_hour_share_shop_8,0.07681963766167087,0.05374159274,2.307804492167087,18223
all,dep_hour_share_shop_9,0.11017253041897916,0.09791192129,1.2260609128979167,18223
all,dep_hour_share_work_10,0.030640038595292178,0.0303903156,0.024972299529217937,18223
all,dep_hour_share_work_11,0.025928699218043298,0.03001389447,-0.4085195251956702,18223
all,dep_hour_share_work_12,0.03125314089291817,0.05146979714,-2.0216656247081835,18223
all,dep_hour_share_work_13,0.03896717389993366,0.0513865555,-1.2419381600066337,18223
all,dep_hour_share_work_14,0.021295253985164936,0.02808671787,-0.6791463884835064,18223
all,dep_hour_share_work_15,0.01981275252779062,0.01634328475,0.346946777779062,18223
all,dep_hour_share_work_16,0.012927915251170924,0.01024163755,0.26862777011709243,18223
all,dep_hour_share_work_17,0.00811858001487527,0.009852105267,-0.17335252521247305,18223
all,dep_hour_share_work_18,0.004625907089874766,0.004006507796,0.06193992938747662,18223
all,dep_hour_share_work_19,0.003688664643094056,0.001186497274,0.25021673690940555,18223
all,dep_hour_share_work_20,0.005324441674874867,0.005229557461,0.009488421387486741,18223
all,dep_hour_share_work_21,0.003678613785755925,0.005844712427,-0.21660986412440747,18223
all,dep_hour_share_work_22,0.0009347297324461776,0.0005113971661,0.04233325663461776,18223
all,dep_hour_share_work_23,0.0006055641546223893,0.001162207318,-0.05566431633776107,18223
all,dep_hour_share_work_4,0.03073300902566989,0.01450336362,1.6229645405669888,18223
all,dep_hour_share_work_5,0.11148662230888295,0.08463918182,2.684744048888295,18223
all,dep_hour_share_work_6,0.2165406959213621,0.1774689088,3.9071787121362114,18223
all,dep_hour_share_work_7,0.24393179488210345,0.2873963517,-4.346455681789655,18223
all,dep_hour_share_work_8,0.12416075341226607,0.1391245841,-1.4963830687733937,18223
all,dep_hour_share_work_9,0.05129203771081673,0.04672684261,0.45651951008167313,18223
all,mean_work_activity_h,5.793500412624292,6.290371181,-0.4968707683757083,18223
all,mobility_rate,0.8376610750535214,0.8437201354,-0.6059060346478629,18223
all,n_persons_unweighted,1002871.0,18223.0,984648.0,18223
all,n_persons_weighted,1002871.0,787251.0,215620.0,18223
all,n_work_activities_measured,397456.0,6787.0,390669.0,18223
all,nonhome_acts_per_mobile,2.1333109541393176,2.181590299,-0.048279344860682194,18223
all,participation_education,0.16951432437472017,0.1760996645,-0.6585340125279837,18223
all,participation_escort,0.0962486700682341,0.0991716453,-0.29229752317659063,18223
all,participation_home,0.8376610750535214,0.8345502806,0.31107944535213594,18223
all,participation_leisure,0.35644664169170315,0.3831627093,-2.671606760829687,18223
all,participation_other,0.2398404181594642,0.1711559913,6.868442685946419,18223
all,participation_shop,0.20592578706533543,0.279384675,-7.345888793466459,18223
all,participation_work,0.31999928206120226,0.3315582716,-1.1558989538797748,18223
all,purpose_share_education,0.06978847643953308,0.06103073209,0.8757744349533081,18223
all,purpose_share_escort,0.047901977982893244,0.0501628758,-0.2260897817106755,18223
all,purpose_share_home,0.41629424844695007,0.4226397423,-0.6345493853049944,18223
all,purpose_share_leisure,0.1491836655593732,0.164692032,-1.5508366440626782,18223
all,purpose_share_other,0.1072779439061783,0.06709773398,4.01802099261783,18223
all,purpose_share_shop,0.07993032486941613,0.1104526704,-3.052234553058386,18223
all,purpose_share_work,0.12962336279565598,0.1239242133,0.5699149495655975,18223
all,share_mobile_first_from_home,1.0,0.9781395677,2.186043230000001,18223
all,share_mobile_last_to_home,1.0,0.9776106086,2.238939139999996,18223
all,share_mobile_odd_trip_count,0.2858358748003133,0.2325256214,5.331025340031331,18223
all,share_trips_0,0.16233892494647867,0.1562798646,0.6059060346478656,18223
all,share_trips_1,0.000761812835349711,0.005847443426,-0.5085630590650289,18223
all,share_trips_2,0.320942573870418,0.3142358594,0.670671447041804,18223
all,share_trips_3,0.11702601830145652,0.08457489727,3.245112103145652,18223
all,share_trips_4,0.18583347210159631,0.2217298615,-3.589638939840367,18223
all,share_trips_5,0.08444156825753263,0.06356429858,2.0877269677532633,18223
all,share_trips_6,0.06466933434110668,0.07639621825,-1.1726883908893315,18223
all,share_trips_7,0.027941779152054452,0.02958426773,-0.16424885779455467,18223
all,share_trips_8plus,0.036044516194007004,0.04778728929,-1.1742773095992995,18223
all,share_trips_followed_by_same_purpose,0.10245879080165811,0.0453464843,5.7112306501658106,18223
all,share_trips_home_based,0.8091913717747323,0.8448585244,-3.566715262526765,18223
all,share_trips_unknown_purpose,0.0,0.0006637068375,-0.06637068375,18223
all,share_work_activities_lt_2h,0.19355098425989292,0.1095768815,8.397410275989293,18223
all,tours_per_mobile,1.5214602186018718,1.595134658,-0.07367443939812834,18223
all,trips_per_mobile_person,3.6547711727411896,3.776724957,-0.12195378425881032,18223
all,trips_per_person,3.0614595496330037,3.186498892,-0.1250393423669962,18223
all,trips_per_person_education,0.21365459765014644,0.1943452862,0.019309311450146444,18223
all,trips_per_person_escort,0.1466499679420384,0.1597378586,-0.013087890657961593,18223
all,trips_per_person_home,1.2744680023652095,1.345847229,-0.07137922663479057,18223
all,trips_per_person_leisure,0.4567197575759993,0.5244426702,-0.06772291262400071,18223
all,trips_per_person_other,0.3284270858365632,0.2136649499,0.1147621359365632,18223
all,trips_per_person_shop,0.24470345637674237,0.3517237155,-0.1070202591232576,18223
all,trips_per_person_work,0.39683668188630444,0.394622281,0.002214400886304424,18223
group_adult_18_64_not_employed,dep_hour_share_all_10,0.07151214229424818,0.07749087943,-0.5978737135751824,2458
group_adult_18_64_not_employed,dep_hour_share_all_11,0.07945551854340815,0.09340376641,-1.3948247866591852,2458
group_adult_18_64_not_employed,dep_hour_share_all_12,0.07565546149420564,0.07388465493,0.17708065642056403,2458
group_adult_18_64_not_employed,dep_hour_share_all_13,0.06780636146954878,0.07969863507,-1.189227360045121,2458
group_adult_18_64_not_employed,dep_hour_share_all_14,0.07402134026948497,0.07648248919,-0.24611489205150355,2458
group_adult_18_64_not_employed,dep_hour_share_all_15,0.08228863995668129,0.0808592829,0.14293570566812908,2458
group_adult_18_64_not_employed,dep_hour_share_all_16,0.07742978838613608,0.06897072023,0.8459068156136076,2458
group_adult_18_64_not_employed,dep_hour_share_all_17,0.07745154443794448,0.06398917418,1.3462370257944487,2458
group_adult_18_64_not_employed,dep_hour_share_all_18,0.05699843839894798,0.05683478658,0.016365181894797964,2458
group_adult_18_64_not_employed,dep_hour_share_all_19,0.03526897732052466,0.04282340685,-0.7554429529475339,2458
group_adult_18_64_not_employed,dep_hour_share_all_20,0.026805873167052637,0.02757417458,-0.07683014129473628,2458
group_adult_18_64_not_employed,dep_hour_share_all_21,0.018864914256982484,0.0187906744,0.0074239856982485225,2458
group_adult_18_64_not_employed,dep_hour_share_all_22,0.01835727304811955,0.01039494172,0.7962331328119551,2458
group_adult_18_64_not_employed,dep_hour_share_all_23,0.009004588109592485,0.006846699206,0.21578889035924848,2458
group_adult_18_64_not_employed,dep_hour_share_all_4,0.0012352602748998012,0.0007159546023,0.051930567259980125,2458
group_adult_18_64_not_employed,dep_hour_share_all_5,0.003128036782231591,0.001760554318,0.1367482464231591,2458
group_adult_18_64_not_employed,dep_hour_share_all_6,0.021640019532099847,0.01423013081,0.7409888722099847,2458
group_adult_18_64_not_employed,dep_hour_share_all_7,0.05761485986685296,0.06504609551,-0.7431235643147037,2458
group_adult_18_64_not_employed,dep_hour_share_all_8,0.06578546599045634,0.07575824832,-0.9972782329543656,2458
group_adult_18_64_not_employed,dep_hour_share_all_9,0.06850013778832811,0.06261902963,0.588110815832811,2458
group_adult_18_64_not_employed,dep_hour_share_education_10,0.03827670040142477,0.04171194676,-0.3435246358575228,2458
group_adult_18_64_not_employed,dep_hour_share_education_11,0.09017922768134788,0.06752154523,2.265768245134789,2458
group_adult_18_64_not_employed,dep_hour_share_education_12,0.09588963645615424,0.04650903906,4.938059739615424,2458
group_adult_18_64_not_employed,dep_hour_share_education_13,0.060948719398428226,0.0918277138,-3.0878994401571775,2458
group_adult_18_64_not_employed,dep_hour_share_education_14,0.022728557697744105,0.05329711678,-3.0568559082255895,2458
group_adult_18_64_not_employed,dep_hour_share_education_15,0.019562390456267315,0.03223307661,-1.2670686153732686,2458
group_adult_18_64_not_employed,dep_hour_share_education_16,0.0038446316503646747,0.03316195321,-2.9317321559635325,2458
group_adult_18_64_not_employed,dep_hour_share_education_17,0.005710408774806355,0.01451799987,-0.8807591095193644,2458
group_adult_18_64_not_employed,dep_hour_share_education_18,0.016452761915531182,0.006455578938,0.9997182977531182,2458
group_adult_18_64_not_employed,dep_hour_share_education_19,0.003053089839995477,0.0004042972006,0.2648792639395477,2458
group_adult_18_64_not_employed,dep_hour_share_education_20,0.00016961610222197094,0.002898626742,-0.2729010639778029,2458
group_adult_18_64_not_employed,dep_hour_share_education_21,5.653870074065698e-05,0.0,0.005653870074065698,2458
group_adult_18_64_not_employed,dep_hour_share_education_22,5.653870074065698e-05,0.0,0.005653870074065698,2458
group_adult_18_64_not_employed,dep_hour_share_education_23,0.0,0.0,0.0,2458
group_adult_18_64_not_employed,dep_hour_share_education_4,0.00022615480296262792,0.0,0.022615480296262792,2458
group_adult_18_64_not_employed,dep_hour_share_education_5,0.0037315542488833607,0.004200471299,-0.046891705011663926,2458
group_adult_18_64_not_employed,dep_hour_share_education_6,0.15197602759088596,0.03496706921,11.700895838088595,2458
group_adult_18_64_not_employed,dep_hour_share_education_7,0.28077118787810257,0.3548291092,-7.405792132189743,2458
group_adult_18_64_not_employed,dep_hour_share_education_8,0.13071747611239895,0.105880584,2.483689211239895,2458
group_adult_18_64_not_employed,dep_hour_share_education_9,0.07564878159099904,0.1095838721,-3.3935090509000956,2458
group_adult_18_64_not_employed,dep_hour_share_escort_10,0.03445945945945946,0.03256602831,0.18934311494594597,2458
group_adult_18_64_not_employed,dep_hour_share_escort_11,0.05300675675675676,0.02994127091,2.3065485846756757,2458
group_adult_18_64_not_employed,dep_hour_share_escort_12,0.10993243243243243,0.08237514183,2.7557290602432434,2458
group_adult_18_64_not_employed,dep_hour_share_escort_13,0.06989864864864864,0.1218795239,-5.1980875251351355,2458
group_adult_18_64_not_employed,dep_hour_share_escort_14,0.13743243243243244,0.1097958059,2.7636626532432444,2458
group_adult_18_64_not_employed,dep_hour_share_escort_15,0.12469594594594595,0.1052953933,1.9400552645945952,2458
group_adult_18_64_not_employed,dep_hour_share_escort_16,0.05783783783783784,0.05488630946,0.29515283778378393,2458
group_adult_18_64_not_employed,dep_hour_share_escort_17,0.029864864864864865,0.02622364605,0.3641218814864865,2458
group_adult_18_64_not_employed,dep_hour_share_escort_18,0.019189189189189187,0.02439506307,-0.5205873880810813,2458
group_adult_18_64_not_employed,dep_hour_share_escort_19,0.012027027027027027,0.009488462721,0.2538564306027027,2458
group_adult_18_64_not_employed,dep_hour_share_escort_20,0.0015878378378378379,0.002935632825,-0.1347794987162162,2458
group_adult_18_64_not_employed,dep_hour_share_escort_21,0.012364864864864865,0.004073584622,0.8291280242864865,2458
group_adult_18_64_not_employed,dep_hour_share_escort_22,0.001554054054054054,0.001313187094,0.0240866960054054,2458
group_adult_18_64_not_employed,dep_hour_share_escort_23,0.0007432432432432432,0.0,0.07432432432432433,2458
group_adult_18_64_not_employed,dep_hour_share_escort_4,0.00010135135135135135,0.002527254833,-0.2425903481648649,2458
group_adult_18_64_not_employed,dep_hour_share_escort_5,0.00030405405405405404,0.002910451063,-0.2606397008945946,2458
group_adult_18_64_not_employed,dep_hour_share_escort_6,0.026081081081081082,0.01011858595,1.5962495131081083,2458
group_adult_18_64_not_employed,dep_hour_share_escort_7,0.17364864864864865,0.1922049728,-1.855632415135136,2458
group_adult_18_64_not_employed,dep_hour_share_escort_8,0.09445945945945947,0.1554195084,-6.096004894054053,2458
group_adult_18_64_not_employed,dep_hour_share_escort_9,0.03422297297297297,0.03165017702,0.2572795952972967,2458
group_adult_18_64_not_employed,dep_hour_share_home_10,0.046569141132581635,0.05875885036,-1.2189709227418368,2458
group_adult_18_64_not_employed,dep_hour_share_home_11,0.07913819843232595,0.09886921688,-1.9731018447674054,2458
group_adult_18_64_not_employed,dep_hour_share_home_12,0.07347948191306534,0.08167531352,-0.8195831606934656,2458
group_adult_18_64_not_employed,dep_hour_share_home_13,0.08125198354481164,0.08815433055,-0.6902347005188367,2458
group_adult_18_64_not_employed,dep_hour_share_home_14,0.08022203725770813,0.07535693733,0.486509992770813,2458
group_adult_18_64_not_employed,dep_hour_share_home_15,0.07015610871921389,0.08284455605,-1.2688447330786112,2458
group_adult_18_64_not_employed,dep_hour_share_home_16,0.09218019269576465,0.07904487975,1.3135312945764643,2458
group_adult_18_64_not_employed,dep_hour_share_home_17,0.09470715393505351,0.07609807943,1.8609074505053502,2458
group_adult_18_64_not_employed,dep_hour_share_home_18,0.07300642518817478,0.06535722585,0.7649199338174775,2458
group_adult_18_64_not_employed,dep_hour_share_home_19,0.05107815016856388,0.05981198901,-0.8733838841436116,2458
group_adult_18_64_not_employed,dep_hour_share_home_20,0.051479350175749554,0.04948082623,0.1998523945749557,2458
group_adult_18_64_not_employed,dep_hour_share_home_21,0.03426367822561812,0.03149289842,0.2770779805618122,2458
group_adult_18_64_not_employed,dep_hour_share_home_22,0.03704812603668285,0.02045744262,1.6590683416682854,2458
group_adult_18_64_not_employed,dep_hour_share_home_23,0.02120371978275319,0.01406666096,0.7137058822753192,2458
group_adult_18_64_not_employed,dep_hour_share_home_4,3.592835885244822e-05,0.0007207696237,-0.06848412648475517,2458
group_adult_18_64_not_employed,dep_hour_share_home_5,0.0006347343397265852,0.001083878816,-0.044914447627341474,2458
group_adult_18_64_not_employed,dep_hour_share_home_6,0.0018083940622398936,0.00448118994,-0.26727958777601063,2458
group_adult_18_64_not_employed,dep_hour_share_home_7,0.011880310660542877,0.01903584544,-0.7155534779457123,2458
group_adult_18_64_not_employed,dep_hour_share_home_8,0.034437331960071614,0.05152469849,-1.7087366529928385,2458
group_adult_18_64_not_employed,dep_hour_share_home_9,0.042760735094222124,0.03840941474,0.43513203542221224,2458
group_adult_18_64_not_employed,dep_hour_share_leisure_10,0.05108904773273042,0.07220772593,-2.1118678197269576,2458
group_adult_18_64_not_employed,dep_hour_share_leisure_11,0.05089244337092221,0.06435222932,-1.3459785949077783,2458
group_adult_18_64_not_employed,dep_hour_share_leisure_12,0.05569520706652249,0.0665997938,-1.0904586733477508,2458
group_adult_18_64_not_employed,dep_hour_share_leisure_13,0.04547178025249617,0.06675049416,-2.1278713907503835,2458
group_adult_18_64_not_employed,dep_hour_share_leisure_14,0.05319552303781825,0.07659940437,-2.340388133218175,2458
group_adult_18_64_not_employed,dep_hour_share_leisure_15,0.09147720091561459,0.08561827262,0.5858928295614587,2458
group_adult_18_64_not_employed,dep_hour_share_leisure_16,0.09789492901178222,0.08074362692,1.7151302091782215,2458
group_adult_18_64_not_employed,dep_hour_share_leisure_17,0.12183853164628067,0.08675544929,3.5083082356280673,2458
group_adult_18_64_not_employed,dep_hour_share_leisure_18,0.09243213638725442,0.09965420959,-0.722207320274558,2458
group_adult_18_64_not_employed,dep_hour_share_leisure_19,0.05026050077939586,0.07285013599,-2.2589635210604135,2458
group_adult_18_64_not_employed,dep_hour_share_leisure_20,0.026373070819699758,0.02791550979,-0.1542438970300243,2458
group_adult_18_64_not_employed,dep_hour_share_leisure_21,0.019828954205226866,0.02432616829,-0.44972140847731323,2458
group_adult_18_64_not_employed,dep_hour_share_leisure_22,0.01544748557064416,0.008317417922,0.7130067648644162,2458
group_adult_18_64_not_employed,dep_hour_share_leisure_23,0.0010953671586456768,0.004043764719,-0.29483975603543233,2458
group_adult_18_64_not_employed,dep_hour_share_leisure_4,0.000280863374011712,0.001102190702,-0.08213273279882881,2458
group_adult_18_64_not_employed,dep_hour_share_leisure_5,0.0026260725470095073,0.0006184108952,0.20076616518095075,2458
group_adult_18_64_not_employed,dep_hour_share_leisure_6,0.03771995112977292,0.01134456071,2.637539041977292,2458
group_adult_18_64_not_employed,dep_hour_share_leisure_7,0.05094861604572456,0.0275172567,2.343135934572456,2458
group_adult_18_64_not_employed,dep_hour_share_leisure_8,0.05531604151160668,0.05853822623,-0.322218471839332,2458
group_adult_18_64_not_employed,dep_hour_share_leisure_9,0.07458326896881012,0.06183067497,1.2752593998810124,2458
group_adult_18_64_not_employed,dep_hour_share_other_10,0.11687252586690226,0.169113814,-5.224128813309774,2458
group_adult_18_64_not_employed,dep_hour_share_other_11,0.10316179343855655,0.1143691352,-1.1207341761443446,2458
group_adult_18_64_not_employed,dep_hour_share_other_12,0.07256324436364872,0.04959472062,2.2968523743648723,2458
group_adult_18_64_not_employed,dep_hour_share_other_13,0.0617067908051445,0.07178657393,-1.0079783124855504,2458
group_adult_18_64_not_employed,dep_hour_share_other_14,0.06264122733991404,0.08288238907,-2.024116173008597,2458
group_adult_18_64_not_employed,dep_hour_share_other_15,0.07341273212253012,0.07550415151,-0.20914193874698866,2458
group_adult_18_64_not_employed,dep_hour_share_other_16,0.07142493076674765,0.05876633606,1.2658594706747648,2458
group_adult_18_64_not_employed,dep_hour_share_other_17,0.04588932873477293,0.0424966405,0.3392688234772928,2458
group_adult_18_64_not_employed,dep_hour_share_other_18,0.02480504255933672,0.02198077364,0.28242689193367193,2458
group_adult_18_64_not_employed,dep_hour_share_other_19,0.026928761956540207,0.002931821981,2.399693997554021,2458
group_adult_18_64_not_employed,dep_hour_share_other_20,0.005963404067347389,0.004999646813,0.09637572543473895,2458
group_adult_18_64_not_employed,dep_hour_share_other_21,0.004162490018518833,0.004451078693,-0.02885886744811673,2458
group_adult_18_64_not_employed,dep_hour_share_other_22,0.003992592466742554,0.0007994386029,0.31931538638425544,2458
group_adult_18_64_not_employed,dep_hour_share_other_23,0.0011383135969010687,0.0,0.11383135969010687,2458
group_adult_18_64_not_employed,dep_hour_share_other_4,0.005368762636130413,0.0,0.5368762636130413,2458
group_adult_18_64_not_employed,dep_hour_share_other_5,0.006727943050340645,0.003845782731,0.2882160319340645,2458
group_adult_18_64_not_employed,dep_hour_share_other_6,0.016242205949812263,0.009534652237,0.6707553712812262,2458
group_adult_18_64_not_employed,dep_hour_share_other_7,0.06753427683107087,0.04545373943,2.2080537401070868,2458
group_adult_18_64_not_employed,dep_hour_share_other_8,0.12806877452895904,0.1339107564,-0.5841981871040958,2458
group_adult_18_64_not_employed,dep_hour_share_other_9,0.09993373995480725,0.1075785486,-0.7644808645192749,2458
group_adult_18_64_not_employed,dep_hour_share_shop_10,0.15048503440842384,0.1202345015,3.0250532908423846,2458
group_adult_18_64_not_employed,dep_hour_share_shop_11,0.10964264986319543,0.1652190213,-5.557637143680457,2458
group_adult_18_64_not_employed,dep_hour_share_shop_12,0.09239698200812536,0.0863704511,0.6026530908125369,2458
group_adult_18_64_not_employed,dep_hour_share_shop_13,0.06457176021888732,0.05878271788,0.5789042338887316,2458
group_adult_18_64_not_employed,dep_hour_share_shop_14,0.08259679960202305,0.07826749836,0.4329301242023048,2458
group_adult_18_64_not_employed,dep_hour_share_shop_15,0.11322444241770997,0.1005618988,1.2662543617709978,2458
group_adult_18_64_not_employed,dep_hour_share_shop_16,0.0577729873144847,0.0588666186,-0.10936312855152966,2458
group_adult_18_64_not_employed,dep_hour_share_shop_17,0.059961860542243596,0.0587486294,0.1213231142243594,2458
group_adult_18_64_not_employed,dep_hour_share_shop_18,0.03984744216897438,0.04221981042,-0.23723682510256167,2458
group_adult_18_64_not_employed,dep_hour_share_shop_19,0.006948014260840726,0.01853843427,-1.1590420009159275,2458
group_adult_18_64_not_employed,dep_hour_share_shop_20,0.0032501450957632036,0.002672043441,0.05781016547632038,2458
group_adult_18_64_not_employed,dep_hour_share_shop_21,0.0007627891551280988,0.00163816871,-0.08753795548719012,2458
group_adult_18_64_not_employed,dep_hour_share_shop_22,0.0003316474587513473,0.0,0.03316474587513473,2458
group_adult_18_64_not_employed,dep_hour_share_shop_23,0.0001989884752508084,0.001342087657,-0.11430991817491917,2458
group_adult_18_64_not_employed,dep_hour_share_shop_4,0.0,0.0,0.0,2458
group_adult_18_64_not_employed,dep_hour_share_shop_5,0.0006301301716275599,0.0,0.063013017162756,2458
group_adult_18_64_not_employed,dep_hour_share_shop_6,0.006732443412652351,0.005357562722,0.13748806906523506,2458
group_adult_18_64_not_employed,dep_hour_share_shop_7,0.035187795373517954,0.02150480753,1.3682987843517953,2458
group_adult_18_64_not_employed,dep_hour_share_shop_8,0.05707652765110687,0.07514757999,-1.8071052338893132,2458
group_adult_18_64_not_employed,dep_hour_share_shop_9,0.11629218141115993,0.1045281684,1.1764013011159937,2458
group_adult_18_64_not_employed,dep_hour_share_work_10,0.05732342831799534,0.1156049399,-5.828151158200465,2458
group_adult_18_64_not_employed,dep_hour_share_work_11,0.020068743763166648,0.04138451413,-2.1315770366833355,2458
group_adult_18_64_not_employed,dep_hour_share_work_12,0.029604168976604946,0.06788198585,-3.8277816873395056,2458
group_adult_18_64_not_employed,dep_hour_share_work_13,0.0631999112983701,0.05454518513,0.8654726168370104,2458
group_adult_18_64_not_employed,dep_hour_share_work_14,0.03304135713493735,0.05586649894,-2.282514180506265,2458
group_adult_18_64_not_employed,dep_hour_share_work_15,0.06929814835347599,0.01400574415,5.529240420347599,2458
group_adult_18_64_not_employed,dep_hour_share_work_16,0.021953653398381196,0.04361929056,-2.1665637161618805,2458
group_adult_18_64_not_employed,dep_hour_share_work_17,0.02727575119192815,0.02839936065,-0.11236094580718489,2458
group_adult_18_64_not_employed,dep_hour_share_work_18,0.009202794101341612,0.008185955305,0.10168387963416133,2458
group_adult_18_64_not_employed,dep_hour_share_work_19,0.007428761503492627,0.0,0.7428761503492627,2458
group_adult_18_64_not_employed,dep_hour_share_work_20,0.0018849096352145471,0.004766420493,-0.28815108577854526,2458
group_adult_18_64_not_employed,dep_hour_share_work_21,0.001330524448386739,0.0,0.1330524448386739,2458
group_adult_18_64_not_employed,dep_hour_share_work_22,0.000554385186827808,0.0,0.0554385186827808,2458
group_adult_18_64_not_employed,dep_hour_share_work_23,0.000554385186827808,0.0,0.0554385186827808,2458
group_adult_18_64_not_employed,dep_hour_share_work_4,0.017962080053220978,0.0009097479648,1.7052332088420978,2458
group_adult_18_64_not_employed,dep_hour_share_work_5,0.0545515023838563,0.01088578717,4.36657152138563,2458
group_adult_18_64_not_employed,dep_hour_share_work_6,0.12662157667147134,0.1458054349,-1.9183858228528665,2458
group_adult_18_64_not_employed,dep_hour_share_work_7,0.22386073844106885,0.2187024695,0.5158268941068855,2458
group_adult_18_64_not_employed,dep_hour_share_work_8,0.15921942565694644,0.1299270716,2.929235405694644,2458
group_adult_18_64_not_employed,dep_hour_share_work_9,0.07085042687659386,0.05950959379,1.1340833086593858,2458
group_adult_18_64_not_employed,mean_work_activity_h,4.85228406696973,4.550975078,0.3013089889697307,2458
group_adult_18_64_not_employed,mobility_rate,0.7438586677853913,0.7725866508,-2.872798301460866,2458
group_adult_18_64_not_employed,n_persons_unweighted,150171.0,2458.0,147713.0,2458
group_adult_18_64_not_employed,n_persons_weighted,150171.0,114171.9157,35999.0843,2458
group_adult_18_64_not_employed,n_work_activities_measured,9019.0,282.0,8737.0,2458
group_adult_18_64_not_employed,nonhome_acts_per_mobile,2.208287826974379,2.351816276,-0.143528449025621,2458
group_adult_18_64_not_employed,participation_education,0.0908564236770082,0.1687395279,-7.788310422299179,2458
group_adult_18_64_not_employed,participation_escort,0.10769722516331383,0.1077951983,-0.009797313668617746,2458
group_adult_18_64_not_employed,participation_home,0.7438586677853913,0.7616349267,-1.7776258914608656,2458
group_adult_18_64_not_employed,participation_leisure,0.3640250114869049,0.4341548031,-7.012979161309508,2458
group_adult_18_64_not_employed,participation_other,0.2856876494130025,0.1849410291,10.074662031300253,2458
group_adult_18_64_not_employed,participation_shop,0.30964034334192353,0.3284070753,-1.8766731958076488,2458
group_adult_18_64_not_employed,participation_work,0.04923054384668145,0.09390505204,-4.467450819331856,2458
group_adult_18_64_not_employed,purpose_share_education,0.042755476481707994,0.06888109971,-2.612562322829201,2458
group_adult_18_64_not_employed,purpose_share_escort,0.07155323705877518,0.0636393294,0.7913907658775186,2458
group_adult_18_64_not_employed,purpose_share_home,0.4036932106614323,0.4195905085,-1.5897297838567692,2458
group_adult_18_64_not_employed,purpose_share_leisure,0.1721362992472406,0.1988405727,-2.6704273452759386,2458
group_adult_18_64_not_employed,purpose_share_other,0.14228216148792056,0.07581979676,6.646236472792055,2458
group_adult_18_64_not_employed,purpose_share_shop,0.1457776338118053,0.1351689761,1.0608657711805303,2458
group_adult_18_64_not_employed,purpose_share_work,0.02180198125111802,0.03805971687,-1.6257735618881983,2458
group_adult_18_64_not_employed,share_mobile_first_from_home,1.0,0.969633563,3.036643699999997,2458
group_adult_18_64_not_employed,share_mobile_last_to_home,1.0,0.9743842709,2.5615729099999984,2458
group_adult_18_64_not_employed,share_mobile_odd_trip_count,0.3054267452061662,0.273401065,3.20256802061662,2458
group_adult_18_64_not_employed,share_trips_0,0.25614133221460866,0.2274133492,2.872798301460866,2458
group_adult_18_64_not_employed,share_trips_1,0.00036624914264405246,0.00740360456,-0.7037355417355947,2458
group_adult_18_64_not_employed,share_trips_2,0.2960158752355648,0.253900627,4.211524823556479,2458
group_adult_18_64_not_employed,share_trips_3,0.10021242450273354,0.08350366776,1.6708756742733546,2458
group_adult_18_64_not_employed,share_trips_4,0.13838890331688541,0.1850429343,-4.665403098311457,2458
group_adult_18_64_not_employed,share_trips_5,0.08475005160783373,0.06478906281,1.9960988797833727,2458
group_adult_18_64_not_employed,share_trips_6,0.05871972617882281,0.08560119518,-2.6881469001177196,2458
group_adult_18_64_not_employed,share_trips_7,0.027075800254376677,0.03301947805,-0.5943677795623326,2458
group_adult_18_64_not_employed,share_trips_8plus,0.038329637546530286,0.05932608114,-2.0996443593469714,2458
group_adult_18_64_not_employed,share_trips_followed_by_same_purpose,0.10593746827242445,0.05395199633,5.198547194242445,2458
group_adult_18_64_not_employed,share_trips_home_based,0.789111337803799,0.8372229323,-4.811159449620095,2458
group_adult_18_64_not_employed,share_trips_unknown_purpose,0.0,0.0009352632633,-0.09352632632999999,2458
group_adult_18_64_not_employed,share_work_activities_lt_2h,0.19348043020290498,0.2523094996,-5.882906939709501,2458
group_adult_18_64_not_employed,tours_per_mobile,1.4949868404561975,1.697440792,-0.20245395154380263,2458
group_adult_18_64_not_employed,trips_per_mobile_person,3.7032746674305765,4.049257068,-0.34598240056942364,2458
group_adult_18_64_not_employed,trips_per_person,2.754712960558297,3.128401956,-0.37368899544170286,2458
group_adult_18_64_not_employed,trips_per_person_education,0.11777906519900647,0.2152862293,-0.09750716410099353,2458
group_adult_18_64_not_employed,trips_per_person_escort,0.19710862949570823,0.1989032015,-0.0017945720042917557,2458
group_adult_18_64_not_employed,trips_per_person_home,1.1120589194984385,1.311420096,-0.1993611765015615,2458
group_adult_18_64_not_employed,trips_per_person_leisure,0.4741860945189151,0.6214714529,-0.14728535838108497,2458
group_adult_18_64_not_employed,trips_per_person_other,0.3919465143070233,0.2369729609,0.15497355340702332,2458
group_adult_18_64_not_employed,trips_per_person_shop,0.4015755372209015,0.422467401,-0.02089186377909852,2458
group_adult_18_64_not_employed,trips_per_person_work,0.0600582003183038,0.1189547346,-0.0588965342816962,2458
group_child_0_5,dep_hour_share_all_10,0.025158680955333156,0.03927904023,-1.4120359274666843,1081
group_child_0_5,dep_hour_share_all_11,0.028996545921530423,0.04226813044,-1.327158451846958,1081
group_child_0_5,dep_hour_share_all_12,0.05048858973223511,0.03748043204,1.3008157692235116,1081
group_child_0_5,dep_hour_share_all_13,0.06683789448823546,0.05527771632,1.1560178168235458,1081
group_child_0_5,dep_hour_share_all_14,0.08846573967466714,0.1203613924,-3.189565272533286,1081
group_child_0_5,dep_hour_share_all_15,0.12467747173264843,0.1388659157,-1.4188443967351583,1081
group_child_0_5,dep_hour_share_all_16,0.11690727127800904,0.1040704872,1.2836784078009034,1081
group_child_0_5,dep_hour_share_all_17,0.08001653234139285,0.0875289599,-0.7512427558607149,1081
group_child_0_5,dep_hour_share_all_18,0.05971717887402946,0.04142940511,1.8287773764029465,1081
group_child_0_5,dep_hour_share_all_19,0.02659935641956721,0.008109154422,1.8490201997567208,1081
group_child_0_5,dep_hour_share_all_20,0.009883978389868037,0.004198027095,0.5685951294868037,1081
group_child_0_5,dep_hour_share_all_21,0.005231305169308889,0.001025825513,0.4205479656308889,1081
group_child_0_5,dep_hour_share_all_22,0.00347179169249845,0.0,0.34717916924984504,1081
group_child_0_5,dep_hour_share_all_23,0.0011867859357010007,0.0,0.11867859357010008,1081
group_child_0_5,dep_hour_share_all_4,0.0002775071590942639,0.0,0.027750715909426387,1081
group_child_0_5,dep_hour_share_all_5,0.0018008443302925635,0.0,0.18008443302925636,1081
group_child_0_5,dep_hour_share_all_6,0.033271337053110146,0.004651560907,2.8619776146110145,1081
group_child_0_5,dep_hour_share_all_7,0.14181206270480914,0.1546271582,-1.281509549519086,1081
group_child_0_5,dep_hour_share_all_8,0.09742272606500753,0.1249925596,-2.7569833534992467,1081
group_child_0_5,dep_hour_share_all_9,0.03694387860537891,0.03583423487,0.1109643735378911,1081
group_child_0_5,dep_hour_share_education_10,0.022041668372150137,0.01012151758,1.1920150792150137,1081
group_child_0_5,dep_hour_share_education_11,0.017068478572305677,0.003528773684,1.3539704888305677,1081
group_child_0_5,dep_hour_share_education_12,0.020936515083295814,0.002992244809,1.7944270274295813,1081
group_child_0_5,dep_hour_share_education_13,0.04017436863001924,0.003951932875,3.622243575501924,1081
group_child_0_5,dep_hour_share_education_14,0.05349760550120748,0.005629101725,4.786850377620748,1081
group_child_0_5,dep_hour_share_education_15,0.053272481683107525,0.01484007092,3.8432410763107523,1081
group_child_0_5,dep_hour_share_education_16,0.022983095247840857,0.003396129473,1.9586965774840857,1081
group_child_0_5,dep_hour_share_education_17,0.014244197945233515,0.0,1.4244197945233514,1081
group_child_0_5,dep_hour_share_education_18,0.0072653595841349105,0.0,0.7265359584134911,1081
group_child_0_5,dep_hour_share_education_19,0.004195489337317343,0.0,0.41954893373173424,1081
group_child_0_5,dep_hour_share_education_20,0.0003888502312635586,0.0,0.03888502312635586,1081
group_child_0_5,dep_hour_share_education_21,2.0465801645450452e-05,0.0,0.0020465801645450452,1081
group_child_0_5,dep_hour_share_education_22,2.0465801645450452e-05,0.0,0.0020465801645450452,1081
group_child_0_5,dep_hour_share_education_23,2.0465801645450452e-05,0.0,0.0020465801645450452,1081
group_child_0_5,dep_hour_share_education_4,0.0008800294707543695,0.0,0.08800294707543695,1081
group_child_0_5,dep_hour_share_education_5,0.006139740493635136,0.0,0.6139740493635135,1081
group_child_0_5,dep_hour_share_education_6,0.07977569481396586,0.01423413437,6.554156044396587,1081
group_child_0_5,dep_hour_share_education_7,0.360607424992837,0.5557846062,-19.517718120716303,1081
group_child_0_5,dep_hour_share_education_8,0.25942450165772996,0.3598748049,-10.045030324227005,1081
group_child_0_5,dep_hour_share_education_9,0.03696123777168352,0.02564668343,1.1314554341683516,1081
group_child_0_5,dep_hour_share_escort_10,0.0013523481681829359,0.007567602011,-0.6215253842817065,1081
group_child_0_5,dep_hour_share_escort_11,0.02016228178018195,0.0223770094,-0.22147276198180507,1081
group_child_0_5,dep_hour_share_escort_12,0.03405458568969757,0.03126627875,0.2788306939697567,1081
group_child_0_5,dep_hour_share_escort_13,0.04130808950086059,0.1163807025,-7.507261299913942,1081
group_child_0_5,dep_hour_share_escort_14,0.03024342267027293,0.08807880457,-5.783538189972708,1081
group_child_0_5,dep_hour_share_escort_15,0.05335628227194492,0.1710638512,-11.770756892805508,1081
group_child_0_5,dep_hour_share_escort_16,0.10511433489058274,0.05859278952,4.652154537058274,1081
group_child_0_5,dep_hour_share_escort_17,0.0027046963363658717,0.04664377303,-4.393907669363413,1081
group_child_0_5,dep_hour_share_escort_18,0.003196459306614212,0.009686457866,-0.6489998559385788,1081
group_child_0_5,dep_hour_share_escort_19,0.0003688222276862552,0.004172965036,-0.38041428083137446,1081
group_child_0_5,dep_hour_share_escort_20,0.0006147037128104253,0.0,0.06147037128104253,1081
group_child_0_5,dep_hour_share_escort_21,0.0004917629702483403,0.0,0.04917629702483403,1081
group_child_0_5,dep_hour_share_escort_22,0.00012294074256208508,0.0,0.012294074256208508,1081
group_child_0_5,dep_hour_share_escort_23,0.00012294074256208508,0.0,0.012294074256208508,1081
group_child_0_5,dep_hour_share_escort_4,0.0,0.0,0.0,1081
group_child_0_5,dep_hour_share_escort_5,0.0,0.0,0.0,1081
group_child_0_5,dep_hour_share_escort_6,0.07941971969510696,0.01247177688,6.694794281510696,1081
group_child_0_5,dep_hour_share_escort_7,0.4730759773789034,0.2677369862,20.533899117890336,1081
group_child_0_5,dep_hour_share_escort_8,0.12896483894762725,0.163961003,-3.499616405237274,1081
group_child_0_5,dep_hour_share_escort_9,0.025325792967789525,0.0,2.5325792967789527,1081
group_child_0_5,dep_hour_share_home_10,0.020112207939777003,0.03036516751,-1.0252959570222997,1081
group_child_0_5,dep_hour_share_home_11,0.030367161423194376,0.06912766921,-3.8760507786805634,1081
group_child_0_5,dep_hour_share_home_12,0.07793480576663589,0.06231455668,1.562024908663589,1081
group_child_0_5,dep_hour_share_home_13,0.09522050990696683,0.08337989217,1.1840617736966832,1081
group_child_0_5,dep_hour_share_home_14,0.11864214189333144,0.1755057383,-5.686359640666855,1081
group_child_0_5,dep_hour_share_home_15,0.15390952347134437,0.1502221188,0.3687404671344374,1081
group_child_0_5,dep_hour_share_home_16,0.14266032242028265,0.1144395176,2.822080482028265,1081
group_child_0_5,dep_hour_share_home_17,0.12251970740714438,0.1461544406,-2.363473319285561,1081
group_child_0_5,dep_hour_share_home_18,0.11117108159931822,0.08334545138,2.7825630219318223,1081
group_child_0_5,dep_hour_share_home_19,0.04783751154037355,0.0140982489,3.373926264037355,1081
group_child_0_5,dep_hour_share_home_20,0.019785526596122434,0.009415860686,1.0369665910122434,1081
group_child_0_5,dep_hour_share_home_21,0.012342873375470492,0.002372423523,0.9970449852470493,1081
group_child_0_5,dep_hour_share_home_22,0.008223847738086784,0.0,0.8223847738086784,1081
group_child_0_5,dep_hour_share_home_23,0.0027270790426816276,0.0,0.27270790426816277,1081
group_child_0_5,dep_hour_share_home_4,0.0,0.0,0.0,1081
group_child_0_5,dep_hour_share_home_5,1.4203536680633478e-05,0.0,0.0014203536680633478,1081
group_child_0_5,dep_hour_share_home_6,0.00011362829344506782,0.0005671905054,-0.04535622119549322,1081
group_child_0_5,dep_hour_share_home_7,0.0007953980541154748,0.006578514549,-0.5783116494884525,1081
group_child_0_5,dep_hour_share_home_8,0.012357076912151125,0.03081316199,-1.8456085077848878,1081
group_child_0_5,dep_hour_share_home_9,0.021461543924437186,0.02130004765,0.016149627443718534,1081
group_child_0_5,dep_hour_share_leisure_10,0.030592558566835095,0.08134889579,-5.07563372231649,1081
group_child_0_5,dep_hour_share_leisure_11,0.011254019292604502,0.02061085804,-0.9356838747395497,1081
group_child_0_5,dep_hour_share_leisure_12,0.031097841065686724,0.02430667608,0.6791164985686725,1081
group_child_0_5,dep_hour_share_leisure_13,0.07629765732659623,0.04430382513,3.1993832196596226,1081
group_child_0_5,dep_hour_share_leisure_14,0.11084060633899862,0.1588733201,-4.803271376100138,1081
group_child_0_5,dep_hour_share_leisure_15,0.24864492420762518,0.2605382913,-1.1893367092374818,1081
group_child_0_5,dep_hour_share_leisure_16,0.223242994947175,0.2068195166,1.6423478347175002,1081
group_child_0_5,dep_hour_share_leisure_17,0.10165365181442351,0.05597247131,4.568118050442351,1081
group_child_0_5,dep_hour_share_leisure_18,0.058842443729903535,0.0167333378,4.210910592990354,1081
group_child_0_5,dep_hour_share_leisure_19,0.021405604042259992,0.00559432099,1.581128305225999,1081
group_child_0_5,dep_hour_share_leisure_20,0.009875976113918236,0.0008138555409,0.9062120573018235,1081
group_child_0_5,dep_hour_share_leisure_21,0.00013780431786862655,0.0,0.013780431786862654,1081
group_child_0_5,dep_hour_share_leisure_22,4.593477262287552e-05,0.0,0.004593477262287552,1081
group_child_0_5,dep_hour_share_leisure_23,0.00022967386311437759,0.0,0.022967386311437757,1081
group_child_0_5,dep_hour_share_leisure_4,0.0,0.0,0.0,1081
group_child_0_5,dep_hour_share_leisure_5,4.593477262287552e-05,0.0,0.004593477262287552,1081
group_child_0_5,dep_hour_share_leisure_6,0.0002756086357372531,0.001575982468,-0.13003738322627467,1081
group_child_0_5,dep_hour_share_leisure_7,0.0016536518144235185,0.005751872642,-0.4098220827576481,1081
group_child_0_5,dep_hour_share_leisure_8,0.03679375287092329,0.03813793091,-0.13441780390767086,1081
group_child_0_5,dep_hour_share_leisure_9,0.03688562241616904,0.07861884525,-4.173322283383096,1081
group_child_0_5,dep_hour_share_other_10,0.0352921451923883,0.08878535176,-5.349320656761171,1081
group_child_0_5,dep_hour_share_other_11,0.08324251823287786,0.03749729285,4.574522538287786,1081
group_child_0_5,dep_hour_share_other_12,0.0670634587978875,0.01596237387,5.11010849278875,1081
group_child_0_5,dep_hour_share_other_13,0.042920613630648,0.02291171688,2.0008896750648004,1081
group_child_0_5,dep_hour_share_other_14,0.06882387459133205,0.2023591065,-13.353523190866795,1081
group_child_0_5,dep_hour_share_other_15,0.08751781373124319,0.1510125408,-6.349472706875682,1081
group_child_0_5,dep_hour_share_other_16,0.17981389890183586,0.1092854049,7.052849400183586,1081
group_child_0_5,dep_hour_share_other_17,0.12297761757062621,0.07842442186,4.455319571062621,1081
group_child_0_5,dep_hour_share_other_18,0.032693436163970156,0.0,3.2693436163970158,1081
group_child_0_5,dep_hour_share_other_19,0.03881297677927739,0.0,3.8812976779277393,1081
group_child_0_5,dep_hour_share_other_20,0.0035208315868890936,0.0,0.3520831586889094,1081
group_child_0_5,dep_hour_share_other_21,0.0007544639114762344,0.0,0.07544639114762344,1081
group_child_0_5,dep_hour_share_other_22,0.0005029759409841563,0.0,0.05029759409841563,1081
group_child_0_5,dep_hour_share_other_23,0.00016765864699471876,0.0,0.016765864699471875,1081
group_child_0_5,dep_hour_share_other_4,0.0003353172939894375,0.0,0.03353172939894375,1081
group_child_0_5,dep_hour_share_other_5,0.00025148797049207814,0.0,0.025148797049207815,1081
group_child_0_5,dep_hour_share_other_6,0.027998994048118033,0.0,2.799899404811803,1081
group_child_0_5,dep_hour_share_other_7,0.057087769301701737,0.03019949616,2.6888273141701737,1081
group_child_0_5,dep_hour_share_other_8,0.05172269259787073,0.1501003408,-9.837764820212927,1081
group_child_0_5,dep_hour_share_other_9,0.09799647916841311,0.1134619536,-1.5465474431586883,1081
group_child_0_5,dep_hour_share_shop_10,0.08571063067673021,0.0995957711,-1.3885140423269784,1081
group_child_0_5,dep_hour_share_shop_11,0.06869643085582704,0.07551405828,-0.6817627424172967,1081
group_child_0_5,dep_hour_share_shop_12,0.036714852245106816,0.04665381932,-0.9938967074893181,1081
group_child_0_5,dep_hour_share_shop_13,0.01842138927977485,0.03537792038,-1.6956531100225147,1081
group_child_0_5,dep_hour_share_shop_14,0.06856850454138416,0.05718852869,1.1379975851384165,1081
group_child_0_5,dep_hour_share_shop_15,0.0997825252654471,0.1708411791,-7.1058653834552885,1081
group_child_0_5,dep_hour_share_shop_16,0.09850326212101829,0.187467588,-8.89643258789817,1081
group_child_0_5,dep_hour_share_shop_17,0.06754509402584112,0.1315901505,-6.404505647415888,1081
group_child_0_5,dep_hour_share_shop_18,0.03006268389407701,0.03048643737,-0.04237534759229909,1081
group_child_0_5,dep_hour_share_shop_19,0.0,0.01229764952,-1.229764952,1081
group_child_0_5,dep_hour_share_shop_20,0.0,0.0,0.0,1081
group_child_0_5,dep_hour_share_shop_21,0.0,0.0,0.0,1081
group_child_0_5,dep_hour_share_shop_22,0.0,0.0,0.0,1081
group_child_0_5,dep_hour_share_shop_23,0.0,0.0,0.0,1081
group_child_0_5,dep_hour_share_shop_4,0.0,0.0,0.0,1081
group_child_0_5,dep_hour_share_shop_5,0.0,0.0,0.0,1081
group_child_0_5,dep_hour_share_shop_6,0.09402584111551746,0.0,9.402584111551745,1081
group_child_0_5,dep_hour_share_shop_7,0.18971472431879238,0.03201851834,15.76962059787924,1081
group_child_0_5,dep_hour_share_shop_8,0.05065882051938084,0.0674913207,-1.6832500180619159,1081
group_child_0_5,dep_hour_share_shop_9,0.09159524114110272,0.05347705871,3.8118182431102725,1081
group_child_0_5,dep_hour_share_work_10,0.0,,,1081
group_child_0_5,dep_hour_share_work_11,0.0,,,1081
group_child_0_5,dep_hour_share_work_12,0.0,,,1081
group_child_0_5,dep_hour_share_work_13,0.0,,,1081
group_child_0_5,dep_hour_share_work_14,0.0,,,1081
group_child_0_5,dep_hour_share_work_15,0.013392857142857142,,,1081
group_child_0_5,dep_hour_share_work_16,0.006696428571428571,,,1081
group_child_0_5,dep_hour_share_work_17,0.0,,,1081
group_child_0_5,dep_hour_share_work_18,0.0,,,1081
group_child_0_5,dep_hour_share_work_19,0.0,,,1081
group_child_0_5,dep_hour_share_work_20,0.0,,,1081
group_child_0_5,dep_hour_share_work_21,0.0,,,1081
group_child_0_5,dep_hour_share_work_22,0.0,,,1081
group_child_0_5,dep_hour_share_work_23,0.0,,,1081
group_child_0_5,dep_hour_share_work_4,0.0,,,1081
group_child_0_5,dep_hour_share_work_5,0.0,,,1081
group_child_0_5,dep_hour_share_work_6,0.017857142857142856,,,1081
group_child_0_5,dep_hour_share_work_7,0.65625,,,1081
group_child_0_5,dep_hour_share_work_8,0.203125,,,1081
group_child_0_5,dep_hour_share_work_9,0.10267857142857142,,,1081
group_child_0_5,mean_work_activity_h,4.48515625,,,1081
group_child_0_5,mobility_rate,0.8805015628929688,0.894369307,-1.3867744107031177,1081
group_child_0_5,n_persons_unweighted,55666.0,1081.0,54585.0,1081
group_child_0_5,n_persons_weighted,55666.0,41866.19746,13799.802539999997,1081
group_child_0_5,n_work_activities_measured,448.0,0.0,448.0,1081
group_child_0_5,nonhome_acts_per_mobile,2.019014975313176,1.849759997,0.16925497831317582,1081
group_child_0_5,participation_education,0.6628642259188733,0.6558256021,0.7038623818873324,1081
group_child_0_5,participation_escort,0.12352243739445981,0.131683716,-0.8161278605540195,1081
group_child_0_5,participation_home,0.8805015628929688,0.8872372133,-0.673565040703128,1081
group_child_0_5,participation_leisure,0.3401358100097007,0.3698573999,-2.972158989029927,1081
group_child_0_5,participation_other,0.1689900477850034,0.1063940398,6.2596007985003395,1081
group_child_0_5,participation_shop,0.11569000826357202,0.1736667987,-5.797679043642799,1081
group_child_0_5,participation_work,0.008048000574857184,0.0,0.8048000574857184,1081
group_child_0_5,purpose_share_education,0.28850116612050897,0.2316162448,5.688492132050896,1081
group_child_0_5,purpose_share_escort,0.04802645174622856,0.06858371484,-2.0557263093771443,1081
group_child_0_5,purpose_share_home,0.415699819915567,0.4336017334,-1.790191348443304,1081
group_child_0_5,purpose_share_leisure,0.1285389543294069,0.1552869692,-2.674801487059311,1081
group_child_0_5,purpose_share_other,0.0704336787411803,0.0414726107,2.8961068041180296,1081
group_child_0_5,purpose_share_shop,0.046154754524252356,0.06943872705,-2.328397252574764,1081
group_child_0_5,purpose_share_work,0.002645174622855962,0.0,0.2645174622855962,1081
group_child_0_5,share_mobile_first_from_home,1.0,0.981573838,1.8426162000000024,1081
group_child_0_5,share_mobile_last_to_home,1.0,0.9913895519,0.8610448100000001,1081
group_child_0_5,share_mobile_odd_trip_count,0.21530583098706493,0.2665506923,-5.124486131293507,1081
group_child_0_5,share_trips_0,0.11949843710703122,0.105630693,1.386774410703122,1081
group_child_0_5,share_trips_1,0.0,0.0007377866275,-0.07377866275,1081
group_child_0_5,share_trips_2,0.3470700247907161,0.384519259,-3.744923420928392,1081
group_child_0_5,share_trips_3,0.10834261488161535,0.160445454,-5.210283911838463,1081
group_child_0_5,share_trips_4,0.26653612618115186,0.20986863,5.666749618115185,1081
group_child_0_5,share_trips_5,0.0715697193978371,0.05693658983,1.4633129567837098,1081
group_child_0_5,share_trips_6,0.05272518233751303,0.05262935205,0.009583028751302541,1081
group_child_0_5,share_trips_7,0.008622857758775554,0.0172978903,-0.8675032541224447,1081
group_child_0_5,share_trips_8plus,0.025635037545359826,0.01193434526,1.3700692285359826,1081
group_child_0_5,share_trips_followed_by_same_purpose,0.08489357305228352,0.019392394,6.550117905228353,1081
group_child_0_5,share_trips_home_based,0.8136214684261801,0.8641978859,-5.057641747381991,1081
group_child_0_5,share_trips_unknown_purpose,0.0,0.0,0.0,1081
group_child_0_5,share_work_activities_lt_2h,0.020089285714285716,,,1081
group_child_0_5,tours_per_mobile,1.4364263271718285,1.416069201,0.0203571261718285,1081
group_child_0_5,trips_per_mobile_person,3.455441302485004,3.265829198,0.1896121044850041,1081
group_child_0_5,trips_per_person,3.042521467322962,2.920857397,0.12166407032296211,1081
group_child_0_5,trips_per_person_education,0.8777709912693565,0.6765180219,0.20125296936935655,1081
group_child_0_5,trips_per_person_escort,0.14612151043725075,0.2003232508,-0.054201740362749246,1081
group_child_0_5,trips_per_person_home,1.264775626055402,1.26648883,-0.0017132039445979519,1081
group_child_0_5,trips_per_person_leisure,0.3910825279344663,0.4535710926,-0.06248856466553371,1081
group_child_0_5,trips_per_person_other,0.21429597959256996,0.1211355817,0.09316039789256997,1081
group_child_0_5,trips_per_person_shop,0.1404268314590594,0.2028206195,-0.06239378804094059,1081
group_child_0_5,trips_per_person_work,0.008048000574857184,0.0,0.008048000574857184,1081
group_employed,dep_hour_share_all_10,0.02816353639497641,0.02592923519,0.22343012049764083,8306
group_employed,dep_hour_share_all_11,0.03630988184450612,0.03096329512,0.5346586724506118,8306
group_employed,dep_hour_share_all_12,0.05252515819294778,0.05176068484,0.07644733529477768,8306
group_employed,dep_hour_share_all_13,0.05844737131520563,0.05697384996,0.14735213552056273,8306
group_employed,dep_hour_share_all_14,0.06764188520405186,0.06543240342,0.22094817840518644,8306
group_employed,dep_hour_share_all_15,0.0838516319417351,0.08720226044,-0.3350628498264896,8306
group_employed,dep_hour_share_all_16,0.09531390064272509,0.1065729949,-1.1259094257274906,8306
group_employed,dep_hour_share_all_17,0.08415514613225232,0.1001713914,-1.6016245267747684,8306
group_employed,dep_hour_share_all_18,0.06869066804456375,0.07205410905,-0.33634410054362435,8306
group_employed,dep_hour_share_all_19,0.047684905575752286,0.04682607316,0.08588324157522836,8306
group_employed,dep_hour_share_all_20,0.036155667144466,0.03089915527,0.5256511874465998,8306
group_employed,dep_hour_share_all_21,0.02419450467282829,0.02160270317,0.25918015028282904,8306
group_employed,dep_hour_share_all_22,0.017651746343237684,0.01633290756,0.13188387832376858,8306
group_employed,dep_hour_share_all_23,0.009648556372231278,0.00420055902,0.5447997352231277,8306
group_employed,dep_hour_share_all_4,0.007231502069610427,0.00478671467,0.24447873996104266,8306
group_employed,dep_hour_share_all_5,0.027965084808869004,0.02437039015,0.3594694658869003,8306
group_employed,dep_hour_share_all_6,0.062257887528945975,0.0538363916,0.8421495928945977,8306
group_employed,dep_hour_share_all_7,0.08743789171916212,0.1070187117,-1.9580819980837882,8306
group_employed,dep_hour_share_all_8,0.0546276390835346,0.06174700577,-0.71193666864654,8306
group_employed,dep_hour_share_all_9,0.03569548064912715,0.02828818893,0.740729171912715,8306
group_employed,dep_hour_share_education_10,0.016683798529295486,0.002976115898,1.3707682631295486,8306
group_employed,dep_hour_share_education_11,0.07416778682691548,0.01330812501,6.085966181691548,8306
group_employed,dep_hour_share_education_12,0.012651221633588993,0.02065473438,-0.8003512746411009,8306
group_employed,dep_hour_share_education_13,0.025144302996758124,0.0437653951,-1.8621092103241876,8306
group_employed,dep_hour_share_education_14,0.018186131098284177,0.03487658391,-1.6690452811715824,8306
group_employed,dep_hour_share_education_15,0.02799082786431565,0.06818323563,-4.019240776568435,8306
group_employed,dep_hour_share_education_16,0.01616984265043093,0.05012441712,-3.3954574469569065,8306
group_employed,dep_hour_share_education_17,0.005376769194275322,0.1093696168,-10.399284760572467,8306
group_employed,dep_hour_share_education_18,0.014588439946232308,0.02728370963,-1.2695269683767691,8306
group_employed,dep_hour_share_education_19,0.011386099470230095,0.02723191191,-1.5845812439769906,8306
group_employed,dep_hour_share_education_20,0.0022930339210880052,0.0,0.22930339210880052,8306
group_employed,dep_hour_share_education_21,0.001581402704198624,0.007321444745,-0.5740042040801376,8306
group_employed,dep_hour_share_education_22,0.0008302364197042777,0.0,0.08302364197042776,8306
group_employed,dep_hour_share_education_23,0.0005930260140744841,0.0,0.059302601407448405,8306
group_employed,dep_hour_share_education_4,0.0025302443267177987,0.0,0.2530244326717799,8306
group_employed,dep_hour_share_education_5,0.0047442081125958725,0.004588499629,0.015570848359587261,8306
group_employed,dep_hour_share_education_6,0.19198228828971298,0.1021727155,8.980957278971298,8306
group_employed,dep_hour_share_education_7,0.45556258401201866,0.3332397403,12.232284371201867,8306
group_employed,dep_hour_share_education_8,0.08982367359848185,0.1156759427,-2.5852269101518153,8306
group_employed,dep_hour_share_education_9,0.02672570570095675,0.03922781172,-1.2502106019043249,8306
group_employed,dep_hour_share_escort_10,0.007598647125140925,0.00725036691,0.03482802151409245,8306
group_employed,dep_hour_share_escort_11,0.026426155580608793,0.0187161245,0.7710031080608793,8306
group_employed,dep_hour_share_escort_12,0.04596392333709132,0.0361150772,0.9848846137091318,8306
group_employed,dep_hour_share_escort_13,0.07375422773393461,0.07239290238,0.13613253539346143,8306
group_employed,dep_hour_share_escort_14,0.14609921082299887,0.1229300282,2.316918262299887,8306
group_employed,dep_hour_share_escort_15,0.12198421645997745,0.1365416272,-1.4557410740022536,8306
group_employed,dep_hour_share_escort_16,0.08756482525366403,0.05783566196,2.972916329366403,8306
group_employed,dep_hour_share_escort_17,0.06422773393461105,0.06333451698,0.08932169546110452,8306
group_employed,dep_hour_share_escort_18,0.04984216459977452,0.03552491299,1.4317251609774526,8306
group_employed,dep_hour_share_escort_19,0.021679819616685456,0.02226492744,-0.05851078233145429,8306
group_employed,dep_hour_share_escort_20,0.011273957158962795,0.005169133446,0.6104823712962795,8306
group_employed,dep_hour_share_escort_21,0.0046899661781285235,0.005481068222,-0.07911020438714769,8306
group_employed,dep_hour_share_escort_22,0.0028974069898534387,0.021192553,-1.8295146010146563,8306
group_employed,dep_hour_share_escort_23,0.001972942502818489,0.0,0.1972942502818489,8306
group_employed,dep_hour_share_escort_4,0.001927846674182638,0.0,0.1927846674182638,8306
group_employed,dep_hour_share_escort_5,0.0023675310033821873,0.001320586759,0.10469442443821875,8306
group_employed,dep_hour_share_escort_6,0.05146561443066516,0.02043478332,3.1030831110665162,8306
group_employed,dep_hour_share_escort_7,0.17147688838782413,0.2588951481,-8.74182597121759,8306
group_employed,dep_hour_share_escort_8,0.08600901916572717,0.1017999596,-1.5790940434272829,8306
group_employed,dep_hour_share_escort_9,0.018895152198421646,0.009016611331,0.9878540867421645,8306
group_employed,dep_hour_share_home_10,0.019858098979164712,0.01905256636,0.08055326191647137,8306
group_employed,dep_hour_share_home_11,0.031973163040191384,0.02850675805,0.3466404990191383,8306
group_employed,dep_hour_share_home_12,0.06034889835292926,0.04234042931,1.8008469042929263,8306
group_employed,dep_hour_share_home_13,0.06723689247787545,0.06193296773,0.530392474787545,8306
group_employed,dep_hour_share_home_14,0.07624014431420217,0.07640111117,-0.016096685579782,8306
group_employed,dep_hour_share_home_15,0.11081120133231444,0.1098719387,0.09392626323144332,8306
group_employed,dep_hour_share_home_16,0.12469891094020226,0.1468395251,-2.2140614159797747,8306
group_employed,dep_hour_share_home_17,0.10883298848674165,0.1333138252,-2.4480836713258363,8306
group_employed,dep_hour_share_home_18,0.09170089064266594,0.1023734337,-1.067254305733406,8306
group_employed,dep_hour_share_home_19,0.0674007504696021,0.05973276769,0.7667982779602102,8306
group_employed,dep_hour_share_home_20,0.06526016925040927,0.05430222211,1.095794714040927,8306
group_employed,dep_hour_share_home_21,0.045762557853043215,0.03902908085,0.6733477003043213,8306
group_employed,dep_hour_share_home_22,0.03551100604338066,0.03032830419,0.5182701853380659,8306
group_employed,dep_hour_share_home_23,0.0200532389511301,0.008209490497,1.1843748454130099,8306
group_employed,dep_hour_share_home_4,7.150166911708846e-05,0.001224523004,-0.11530213348829114,8306
group_employed,dep_hour_share_home_5,0.0009593140606542701,0.004278843255,-0.33195291943457306,8306
group_employed,dep_hour_share_home_6,0.002536819635550034,0.01000630805,-0.7469488414449965,8306
group_employed,dep_hour_share_home_7,0.011937799506340559,0.02422738691,-1.228958740365944,8306
group_employed,dep_hour_share_home_8,0.01704867923010578,0.02847279619,-1.1424116959894222,8306
group_employed,dep_hour_share_home_9,0.01843700330546258,0.01566725415,0.27697491554625786,8306
group_employed,dep_hour_share_leisure_10,0.02854377666607598,0.02213746453,0.6406312136075978,8306
group_employed,dep_hour_share_leisure_11,0.028325677130900614,0.02734417788,0.0981499250900613,8306
group_employed,dep_hour_share_leisure_12,0.048649827565055,0.06674787503,-1.8098047464944997,8306
group_employed,dep_hour_share_leisure_13,0.04914963899983188,0.04144754179,0.770209720983188,8306
group_employed,dep_hour_share_leisure_14,0.06597056565023196,0.05650339878,0.9467166870231962,8306
group_employed,dep_hour_share_leisure_15,0.08155559493463829,0.08961219304,-0.8056598105361703,8306
group_employed,dep_hour_share_leisure_16,0.14876660169118014,0.1436094926,0.515710909118014,8306
group_employed,dep_hour_share_leisure_17,0.14891200138129707,0.14551962,0.3392381381297077,8306
group_employed,dep_hour_share_leisure_18,0.12884230040484726,0.1329554848,-0.4113184395152736,8306
group_employed,dep_hour_share_leisure_19,0.08784413153219467,0.1164675945,-2.862346296780532,8306
group_employed,dep_hour_share_leisure_20,0.03540028080315154,0.0383967652,-0.29964843968484645,8306
group_employed,dep_hour_share_leisure_21,0.01877473498634606,0.01538400377,0.3390731216346062,8306
group_employed,dep_hour_share_leisure_22,0.012295361295511238,0.01033552949,0.1959831805511238,8306
group_employed,dep_hour_share_leisure_23,0.004089366284538106,0.001370411711,0.27189545735381065,8306
group_employed,dep_hour_share_leisure_4,0.00037713044624073646,0.004763313359,-0.4386182912759263,8306
group_employed,dep_hour_share_leisure_5,0.005520644484126443,0.008402270469,-0.28816259848735576,8306
group_employed,dep_hour_share_leisure_6,0.016780032987554695,0.01886081721,-0.20807842224453038,8306
group_employed,dep_hour_share_leisure_7,0.021414648110031215,0.02033590724,0.10787408700312154,8306
group_employed,dep_hour_share_leisure_8,0.030956502773953464,0.01965494076,1.1301562013953466,8306
group_employed,dep_hour_share_leisure_9,0.03383723413439475,0.01907205298,1.4765181154394753,8306
group_employed,dep_hour_share_other_10,0.05279564853081107,0.06606253844,-1.326688990918893,8306
group_employed,dep_hour_share_other_11,0.06864499453225967,0.05236923621,1.6275758322259666,8306
group_employed,dep_hour_share_other_12,0.07163449931120673,0.05616173158,1.5472767731206734,8306
group_employed,dep_hour_share_other_13,0.0789058838566742,0.05812354465,2.07823392066742,8306
group_employed,dep_hour_share_other_14,0.10498771533665659,0.09931085311,0.5676862226656587,8306
group_employed,dep_hour_share_other_15,0.09971880192578075,0.1416014315,-4.188262957421926,8306
group_employed,dep_hour_share_other_16,0.0921491769985656,0.1372915667,-4.51423897014344,8306
group_employed,dep_hour_share_other_17,0.0783591098234701,0.08135348469,-0.29943748665299114,8306
group_employed,dep_hour_share_other_18,0.05618280715208839,0.03233041899,2.3852388162088394,8306
group_employed,dep_hour_share_other_19,0.04161873517674293,0.01338285507,2.823588010674293,8306
group_employed,dep_hour_share_other_20,0.02420717765185406,0.006549134225,1.765804342685406,8306
group_employed,dep_hour_share_other_21,0.015075341201198642,0.008244270645,0.6831070556198643,8306
group_employed,dep_hour_share_other_22,0.00760512973456606,0.007337073398,0.026805633656606064,8306
group_employed,dep_hour_share_other_23,0.006085523979946885,0.005710446521,0.03750774589468846,8306
group_employed,dep_hour_share_other_4,0.0006106826864357434,0.0,0.06106826864357434,8306
group_employed,dep_hour_share_other_5,0.002485336514564072,0.002096256019,0.0389080495564072,8306
group_employed,dep_hour_share_other_6,0.013861076789797339,0.02156099102,-0.7699914230202661,8306
group_employed,dep_hour_share_other_7,0.04838595145782739,0.05888461311,-1.0498661652172607,8306
group_employed,dep_hour_share_other_8,0.06748043685114964,0.07129094536,-0.3810508508850355,8306
group_employed,dep_hour_share_other_9,0.06145882152443441,0.08033860873,-1.8879787205565588,8306
group_employed,dep_hour_share_shop_10,0.06137148299535696,0.05591371675,0.545776624535696,8306
group_employed,dep_hour_share_shop_11,0.07621334179927775,0.05266544438,2.354789741927774,8306
group_employed,dep_hour_share_shop_12,0.07785031152029842,0.08580806404,-0.7957752519701586,8306
group_employed,dep_hour_share_shop_13,0.06176832413984682,0.06384179061,-0.20734664701531832,8306
group_employed,dep_hour_share_shop_14,0.0809357514187071,0.07465576374,0.6279987678707091,8306
group_employed,dep_hour_share_shop_15,0.11303027897932458,0.1037784547,0.9251824279324583,8306
group_employed,dep_hour_share_shop_16,0.1255307750307552,0.1473812806,-2.185050556924481,8306
group_employed,dep_hour_share_shop_17,0.11278225326401842,0.1536418149,-4.0859561635981585,8306
group_employed,dep_hour_share_shop_18,0.07412000476209374,0.07146873711,0.2651267652093739,8306
group_employed,dep_hour_share_shop_19,0.03549744037461804,0.03788572205,-0.23882816753819577,8306
group_employed,dep_hour_share_shop_20,0.006726457399103139,0.01477091343,-0.804445603089686,8306
group_employed,dep_hour_share_shop_21,0.004960514306123259,0.01267547584,-0.7714961533876742,8306
group_employed,dep_hour_share_shop_22,0.004662883447755863,0.001585724788,0.3077158659755863,8306
group_employed,dep_hour_share_shop_23,0.000595261716734791,0.0006793367892,-0.008407507246520894,8306
group_employed,dep_hour_share_shop_4,0.00024802571530616296,0.0,0.024802571530616296,8306
group_employed,dep_hour_share_shop_5,0.0006448668597960237,0.0003496419423,0.029522491749602368,8306
group_employed,dep_hour_share_shop_6,0.007470534545021628,0.01342551514,-0.5954980594978373,8306
group_employed,dep_hour_share_shop_7,0.03126116115718878,0.03181382153,-0.05526603728112228,8306
group_employed,dep_hour_share_shop_8,0.04302750109131315,0.03678463044,0.6242870651313147,8306
group_employed,dep_hour_share_shop_9,0.07854478352315568,0.04087415121,3.767063231315568,8306
group_employed,dep_hour_share_work_10,0.030239970151528288,0.02586985517,0.4370114981528287,8306
group_employed,dep_hour_share_work_11,0.025831014559012478,0.02843642149,-0.26054069309875205,8306
group_employed,dep_hour_share_work_12,0.031367170359626786,0.05059221051,-1.9225040150373212,8306
group_employed,dep_hour_share_work_13,0.03851661503616762,0.05123948207,-1.2722867033832381,8306
group_employed,dep_hour_share_work_14,0.02110413070267401,0.02640883501,-0.5304704307325988,8306
group_employed,dep_hour_share_work_15,0.018852357792789598,0.01643616099,0.24161968027895975,8306
group_employed,dep_hour_share_work_16,0.012806465767534006,0.007989147693,0.48173180745340066,8306
group_employed,dep_hour_share_work_17,0.00762239581280594,0.009139958774,-0.15175629611940594,8306
group_employed,dep_hour_share_work_18,0.004498290807143664,0.00349254232,0.10057484871436638,8306
group_employed,dep_hour_share_work_19,0.003631213723990972,0.001259650516,0.23715632079909718,8306
group_employed,dep_hour_share_work_20,0.005520390762738808,0.005292720038,0.022767072473880816,8306
group_employed,dep_hour_share_work_21,0.0038020016343089263,0.00620506695,-0.2403065315691074,8306
group_employed,dep_hour_share_work_22,0.0009616673104057132,0.0005429272514,0.04187400590057132,8306
group_employed,dep_hour_share_work_23,0.0006174639834572202,0.001233862967,-0.06163989835427799,8306
group_employed,dep_hour_share_work_4,0.029672428788010165,0.01525278437,1.4419644418010165,8306
group_employed,dep_hour_share_work_5,0.112751550885601,0.0893056299,2.3445920985601,8306
group_employed,dep_hour_share_work_6,0.2202086765513454,0.1800168007,4.0191875851345396,8306
group_employed,dep_hour_share_work_7,0.24406643386960739,0.2929843229,-4.891788903039259,8306
group_employed,dep_hour_share_work_8,0.12326420364224926,0.1393403832,-1.6076179557750745,8306
group_employed,dep_hour_share_work_9,0.050842247148498776,0.04454627175,0.6295975398498778,8306
group_employed,mean_work_activity_h,5.82381041337231,6.413291728,-0.5894813146276903,8306
group_employed,mobility_rate,0.8857770068388553,0.8843540212,0.14229856388553452,8306
group_employed,n_persons_unweighted,481952.0,8306.0,473646.0,8306
group_employed,n_persons_weighted,481952.0,368677.1635,113274.83649999998,8306
group_employed,n_work_activities_measured,380069.0,6381.0,373688.0,8306
group_employed,nonhome_acts_per_mobile,2.2400644644438303,2.230386497,0.009677967443830315,8306
group_employed,participation_education,0.044201497244538875,0.02445410636,1.9747390884538876,8306
group_employed,participation_escort,0.11957414846291747,0.1295177499,-0.9943601437082533,8306
group_employed,participation_home,0.8857770068388553,0.8740086919,1.1768314938855329,8306
group_employed,participation_leisure,0.3497485226744572,0.3440728261,0.5675696574457212,8306
group_employed,participation_other,0.21273280326671537,0.1370291684,7.5703634866715355,8306
group_employed,participation_shop,0.18099727773720203,0.2560610329,-7.506375516279795,8306
group_employed,participation_work,0.6357707821525795,0.6693693964,-3.35986142474205,8306
group_employed,purpose_share_education,0.015540663835915559,0.007854271761,0.7686392074915558,8306
group_employed,purpose_share_escort,0.05449738603011426,0.06256987029,-0.8072484259885736,8306
group_employed,purpose_share_home,0.41245550967343964,0.4130741417,-0.061863202656037286,8306
group_employed,purpose_share_leisure,0.1352192582825889,0.1393625909,-0.4143332617411094,8306
group_employed,purpose_share_other,0.08652366274043823,0.0500511201,3.6472542640438226,8306
group_employed,purpose_share_shop,0.06192918288941823,0.09055202884,-2.8622845950581772,8306
group_employed,purpose_share_work,0.2338343365480852,0.2365359764,-0.27016398519147944,8306
group_employed,share_mobile_first_from_home,1.0,0.9720015975,2.7998402499999964,8306
group_employed,share_mobile_last_to_home,1.0,0.9703182882,2.968171180000001,8306
group_employed,share_mobile_odd_trip_count,0.2930532065907398,0.2325930236,6.04601829907398,8306
group_employed,share_trips_0,0.11422299316114468,0.1156459788,-0.14229856388553175,8306
group_employed,share_trips_1,0.0007677113073501096,0.006717092602,-0.594938129464989,8306
group_employed,share_trips_2,0.31274276276475665,0.3303942433,-1.7651480535243347,8306
group_employed,share_trips_3,0.11800552752141293,0.08197741347,3.602811405141293,8306
group_employed,share_trips_4,0.20414273620609522,0.2274963493,-2.3353613093904797,8306
group_employed,share_trips_5,0.09175187570546445,0.07370601306,1.804586264546444,8306
group_employed,share_trips_6,0.07510498970851869,0.08066941283,-0.556442312148131,8306
group_employed,share_trips_7,0.03761992895558064,0.03092519294,0.669473601558064,8306
group_employed,share_trips_8plus,0.04564147466967665,0.05246830365,-0.6826828980323351,8306
group_employed,share_trips_followed_by_same_purpose,0.10310020699176273,0.04597792575,5.7122281241762725,8306
group_employed,share_trips_home_based,0.8022303992194647,0.8258944571,-2.366405788053527,8306
group_employed,share_trips_unknown_purpose,0.0,0.000843737046,-0.0843737046,8306
group_employed,share_work_activities_lt_2h,0.19379112740055096,0.09869562417,9.509550323055096,8306
group_employed,tours_per_mobile,1.5725224993089748,1.567474532,0.005047967308974721,8306
group_employed,trips_per_mobile_person,3.812586963752805,3.797861029,0.014725934752805259,8306
group_employed,trips_per_person,3.377101869065799,3.358653673,0.01844819606579895,8306
group_employed,trips_per_person_education,0.052482404886793704,0.0263575211,0.026124883786793705,8306
group_employed,trips_per_person_escort,0.18404322422149924,0.2099732129,-0.02592998867850077,8306
group_employed,trips_per_person_home,1.3929042726246597,1.386202405,0.006701867624659741,8306
group_employed,trips_per_person_leisure,0.45664920987982205,0.4676757491,-0.011026539220177933,8306
group_employed,trips_per_person_other,0.29219922315915275,0.1679625425,0.12423668065915275,8306
group_employed,trips_per_person_shop,0.209141159285572,0.3038762961,-0.094735136814428,8306
group_employed,trips_per_person_work,0.7896823750082996,0.7937721256,-0.0040897505917003585,8306
group_school_age_6_17_not_employed,dep_hour_share_all_10,0.013703479383938028,0.004852529859,0.8850949524938028,2039
group_school_age_6_17_not_employed,dep_hour_share_all_11,0.029788128444883252,0.0116889465,1.8099181944883254,2039
group_school_age_6_17_not_employed,dep_hour_share_all_12,0.06648192551170258,0.04704768664,1.9434238871702578,2039
group_school_age_6_17_not_employed,dep_hour_share_all_13,0.09584968486145796,0.1459580498,-5.010836493854202,2039
group_school_age_6_17_not_employed,dep_hour_share_all_14,0.08178944486389168,0.06265069258,1.9138752283891682,2039
group_school_age_6_17_not_employed,dep_hour_share_all_15,0.11258148108200793,0.1208105689,-0.8229087817992073,2039
group_school_age_6_17_not_employed,dep_hour_share_all_16,0.08386086889185729,0.09315958288,-0.9298713988142706,2039
group_school_age_6_17_not_employed,dep_hour_share_all_17,0.07376094826417985,0.0706701085,0.30908397641798563,2039
group_school_age_6_17_not_employed,dep_hour_share_all_18,0.06636577089331198,0.06628889492,0.007687597331199059,2039
group_school_age_6_17_not_employed,dep_hour_share_all_19,0.031148796831744503,0.03485212832,-0.3703331488255499,2039
group_school_age_6_17_not_employed,dep_hour_share_all_20,0.02341621795031348,0.01218693355,1.1229284400313482,2039
group_school_age_6_17_not_employed,dep_hour_share_all_21,0.010489868275131573,0.005751210037,0.47386582381315734,2039
group_school_age_6_17_not_employed,dep_hour_share_all_22,0.0057330600934215005,0.0005689665699,0.51640935235215,2039
group_school_age_6_17_not_employed,dep_hour_share_all_23,0.0016648828635985255,0.0,0.16648828635985255,2039
group_school_age_6_17_not_employed,dep_hour_share_all_4,5.254613689098336e-05,0.0,0.005254613689098336,2039
group_school_age_6_17_not_employed,dep_hour_share_all_5,0.0007964888118212215,0.000127114887,0.06693739248212215,2039
group_school_age_6_17_not_employed,dep_hour_share_all_6,0.06985594061733415,0.0318838463,3.797209431733415,2039
group_school_age_6_17_not_employed,dep_hour_share_all_7,0.18402763373683234,0.2589932479,-7.496561416316766,2039
group_school_age_6_17_not_employed,dep_hour_share_all_8,0.028803579774715354,0.02246919302,0.6334386754715353,2039
group_school_age_6_17_not_employed,dep_hour_share_all_9,0.015586843553556958,0.009455215519,0.6131628034556958,2039
group_school_age_6_17_not_employed,dep_hour_share_education_10,0.013408495731728054,0.00408476501,0.9323730721728054,2039
group_school_age_6_17_not_employed,dep_hour_share_education_11,0.013893140155766419,0.008428312366,0.5464827789766419,2039
group_school_age_6_17_not_employed,dep_hour_share_education_12,0.019394279495289598,0.02072226174,-0.1327982244710403,2039
group_school_age_6_17_not_employed,dep_hour_share_education_13,0.02355201850151345,0.01774976563,0.5802252871513449,2039
group_school_age_6_17_not_employed,dep_hour_share_education_14,0.013340475461687583,0.007555601704,0.5784873757687583,2039
group_school_age_6_17_not_employed,dep_hour_share_education_15,0.028508995680712853,0.006367729584,2.2141266096712853,2039
group_school_age_6_17_not_employed,dep_hour_share_education_16,0.01697955990885284,0.01031621312,0.6663346788852837,2039
group_school_age_6_17_not_employed,dep_hour_share_education_17,0.00565418494711424,0.005115461704,0.05387232431142402,2039
group_school_age_6_17_not_employed,dep_hour_share_education_18,0.0017685270210522736,0.002411390218,-0.06428631969477262,2039
group_school_age_6_17_not_employed,dep_hour_share_education_19,0.004973982246709519,0.0,0.4973982246709519,2039
group_school_age_6_17_not_employed,dep_hour_share_education_20,0.0002295684113865932,0.0,0.02295684113865932,2039
group_school_age_6_17_not_employed,dep_hour_share_education_21,0.00020406081012141618,0.0,0.020406081012141617,2039
group_school_age_6_17_not_employed,dep_hour_share_education_22,5.1015202530354045e-05,0.0,0.005101520253035404,2039
group_school_age_6_17_not_employed,dep_hour_share_education_23,2.5507601265177022e-05,0.0,0.002550760126517702,2039
group_school_age_6_17_not_employed,dep_hour_share_education_4,5.1015202530354045e-05,0.0,0.005101520253035404,2039
group_school_age_6_17_not_employed,dep_hour_share_education_5,0.0022106587763153418,0.0003835214219,0.18271373544153416,2039
group_school_age_6_17_not_employed,dep_hour_share_education_6,0.2104037003026902,0.08895276388,12.145093642269021,2039
group_school_age_6_17_not_employed,dep_hour_share_education_7,0.5444087338026732,0.7528988287,-20.849009489732683,2039
group_school_age_6_17_not_employed,dep_hour_share_education_8,0.06908308675985443,0.05646682635,1.2616260409854432,2039
group_school_age_6_17_not_employed,dep_hour_share_education_9,0.029588817467605347,0.01854655854,1.1042258927605346,2039
group_school_age_6_17_not_employed,dep_hour_share_escort_10,0.005084437988015254,0.0,0.5084437988015253,2039
group_school_age_6_17_not_employed,dep_hour_share_escort_11,0.012892682041038678,0.0,1.2892682041038679,2039
group_school_age_6_17_not_employed,dep_hour_share_escort_12,0.021245687307063738,0.02795913792,-0.671345061293626,2039
group_school_age_6_17_not_employed,dep_hour_share_escort_13,0.0762665698202288,0.08220767149,-0.59411016697712,2039
group_school_age_6_17_not_employed,dep_hour_share_escort_14,0.12420555656437261,0.07240303599,5.180252057437261,2039
group_school_age_6_17_not_employed,dep_hour_share_escort_15,0.10768113310332304,0.1032585777,0.44225554033230363,2039
group_school_age_6_17_not_employed,dep_hour_share_escort_16,0.1577991646994734,0.12591905,3.1880114699473383,2039
group_school_age_6_17_not_employed,dep_hour_share_escort_17,0.08934083893226802,0.06362312336,2.571771557226801,2039
group_school_age_6_17_not_employed,dep_hour_share_escort_18,0.07989831124023969,0.1265584136,-4.666010235976032,2039
group_school_age_6_17_not_employed,dep_hour_share_escort_19,0.046304703105138914,0.007267419708,3.903728339713891,2039
group_school_age_6_17_not_employed,dep_hour_share_escort_20,0.0032685672780098057,0.02209321154,-1.8824644261990195,2039
group_school_age_6_17_not_employed,dep_hour_share_escort_21,0.0019974577810059923,0.0,0.19974577810059924,2039
group_school_age_6_17_not_employed,dep_hour_share_escort_22,0.0010895224260032686,0.0,0.10895224260032686,2039
group_school_age_6_17_not_employed,dep_hour_share_escort_23,0.0003631741420010895,0.0,0.03631741420010895,2039
group_school_age_6_17_not_employed,dep_hour_share_escort_4,0.002360631923007082,0.0,0.23606319230070819,2039
group_school_age_6_17_not_employed,dep_hour_share_escort_5,0.0009079353550027238,0.0,0.09079353550027239,2039
group_school_age_6_17_not_employed,dep_hour_share_escort_6,0.04902850917014709,0.01359617894,3.5432330230147087,2039
group_school_age_6_17_not_employed,dep_hour_share_escort_7,0.145996005084438,0.2971169262,-15.112092111556203,2039
group_school_age_6_17_not_employed,dep_hour_share_escort_8,0.057926275649173777,0.04864146745,0.9284808199173773,2039
group_school_age_6_17_not_employed,dep_hour_share_escort_9,0.010168875976030507,0.00935578603,0.08130899460305069,2039
group_school_age_6_17_not_employed,dep_hour_share_home_10,0.013824884792626729,0.002365747199,1.145913759362673,2039
group_school_age_6_17_not_employed,dep_hour_share_home_11,0.0376119134386107,0.01155157767,2.60603357686107,2039
group_school_age_6_17_not_employed,dep_hour_share_home_12,0.11880659943826363,0.07669321947,4.211337996826363,2039
group_school_age_6_17_not_employed,dep_hour_share_home_13,0.1659436078386004,0.2799588785,-11.40152706613996,2039
group_school_age_6_17_not_employed,dep_hour_share_home_14,0.10653709452467719,0.08111673494,2.5420359584677183,2039
group_school_age_6_17_not_employed,dep_hour_share_home_15,0.13725906073051436,0.1705628224,-3.330376166948565,2039
group_school_age_6_17_not_employed,dep_hour_share_home_16,0.07699130401249446,0.08199135047,-0.5000046457505541,2039
group_school_age_6_17_not_employed,dep_hour_share_home_17,0.09054624684264312,0.07958448163,1.0961765212643124,2039
group_school_age_6_17_not_employed,dep_hour_share_home_18,0.10944218421610782,0.1105098613,-0.1067677083892174,2039
group_school_age_6_17_not_employed,dep_hour_share_home_19,0.054187635372680586,0.06291849348,-0.8730858107319418,2039
group_school_age_6_17_not_employed,dep_hour_share_home_20,0.03892306011350417,0.02314635867,1.5776701443504169,2039
group_school_age_6_17_not_employed,dep_hour_share_home_21,0.0212032984336939,0.009675159595,1.15281388386939,2039
group_school_age_6_17_not_employed,dep_hour_share_home_22,0.01228878648233487,0.001259461757,1.1029324725334868,2039
group_school_age_6_17_not_employed,dep_hour_share_home_23,0.0035992261663742296,0.0,0.359922616637423,2039
group_school_age_6_17_not_employed,dep_hour_share_home_4,0.0,0.0,0.0,2039
group_school_age_6_17_not_employed,dep_hour_share_home_5,6.4271895828111244e-06,0.0,0.0006427189582811125,2039
group_school_age_6_17_not_employed,dep_hour_share_home_6,7.712627499373349e-05,0.0,0.00771262749937335,2039
group_school_age_6_17_not_employed,dep_hour_share_home_7,0.0006041558207842457,0.002685606568,-0.20814507472157545,2039
group_school_age_6_17_not_employed,dep_hour_share_home_8,0.0009769328165872909,0.002041453591,-0.10645207744127093,2039
group_school_age_6_17_not_employed,dep_hour_share_home_9,0.004319071399649076,0.002643654981,0.16754164186490758,2039
group_school_age_6_17_not_employed,dep_hour_share_leisure_10,0.004269951632406288,0.01007066789,-0.5800716257593711,2039
group_school_age_6_17_not_employed,dep_hour_share_leisure_11,0.005516928657799274,0.013950877,-0.8433948342200727,2039
group_school_age_6_17_not_employed,dep_hour_share_leisure_12,0.026583282950423216,0.01751160838,0.9071674570423214,2039
group_school_age_6_17_not_employed,dep_hour_share_leisure_13,0.048424274486094314,0.04175505295,0.6669221536094311,2039
group_school_age_6_17_not_employed,dep_hour_share_leisure_14,0.13896236396614267,0.1012187429,3.7743621066142667,2039
group_school_age_6_17_not_employed,dep_hour_share_leisure_15,0.1972490931076179,0.210475159,-1.3226065892382093,2039
group_school_age_6_17_not_employed,dep_hour_share_leisure_16,0.22925483675937122,0.2863656329,-5.711079614062878,2039
group_school_age_6_17_not_employed,dep_hour_share_leisure_17,0.17183721281741232,0.1771457575,-0.5308544682587679,2039
group_school_age_6_17_not_employed,dep_hour_share_leisure_18,0.07292926239419589,0.07217873783,0.07505245641958869,2039
group_school_age_6_17_not_employed,dep_hour_share_leisure_19,0.029171704957678356,0.03472016856,-0.5548463602321644,2039
group_school_age_6_17_not_employed,dep_hour_share_leisure_20,0.039487605804111245,0.009631846735,2.9855759069111247,2039
group_school_age_6_17_not_employed,dep_hour_share_leisure_21,0.007462968561064087,0.006517156929,0.09458116320640872,2039
group_school_age_6_17_not_employed,dep_hour_share_leisure_22,0.0024183796856106408,0.0,0.24183796856106407,2039
group_school_age_6_17_not_employed,dep_hour_share_leisure_23,0.00022672309552599758,0.0,0.02267230955259976,2039
group_school_age_6_17_not_employed,dep_hour_share_leisure_4,0.0,0.0,0.0,2039
group_school_age_6_17_not_employed,dep_hour_share_leisure_5,0.0,0.0,0.0,2039
group_school_age_6_17_not_employed,dep_hour_share_leisure_6,0.0005857013301088271,0.0008331053387,-0.02474040085911729,2039
group_school_age_6_17_not_employed,dep_hour_share_leisure_7,0.007311819830713422,0.008579893927,-0.1268074096286577,2039
group_school_age_6_17_not_employed,dep_hour_share_leisure_8,0.010655985489721886,0.002718094349,0.7937891140721887,2039
group_school_age_6_17_not_employed,dep_hour_share_leisure_9,0.006386033857315599,0.006327497793,0.005853606431559851,2039
group_school_age_6_17_not_employed,dep_hour_share_other_10,0.03824796766025498,0.00869146934,2.9556498320254985,2039
group_school_age_6_17_not_employed,dep_hour_share_other_11,0.12056328017413709,0.03675929078,8.380398939413707,2039
group_school_age_6_17_not_employed,dep_hour_share_other_12,0.06179201279374528,0.05742986744,0.4362145353745281,2039
group_school_age_6_17_not_employed,dep_hour_share_other_13,0.13317933454755454,0.1074905899,2.568874464755454,2039
group_school_age_6_17_not_employed,dep_hour_share_other_14,0.11572120296743814,0.1578693725,-4.214816953256186,2039
group_school_age_6_17_not_employed,dep_hour_share_other_15,0.1285593709741904,0.1724000135,-4.38406425258096,2039
group_school_age_6_17_not_employed,dep_hour_share_other_16,0.11194527120074631,0.1364216281,-2.447635689925369,2039
group_school_age_6_17_not_employed,dep_hour_share_other_17,0.05881569010705877,0.1022874004,-4.347171029294124,2039
group_school_age_6_17_not_employed,dep_hour_share_other_18,0.0514859402070099,0.02318103046,2.8304909747009903,2039
group_school_age_6_17_not_employed,dep_hour_share_other_19,0.017280440673448538,0.002782435136,1.4498005537448537,2039
group_school_age_6_17_not_employed,dep_hour_share_other_20,0.006929945360046199,0.0,0.6929945360046199,2039
group_school_age_6_17_not_employed,dep_hour_share_other_21,0.0023099817866820667,0.008538957137,-0.6228975350317933,2039
group_school_age_6_17_not_employed,dep_hour_share_other_22,0.000488649993336591,0.0,0.0488649993336591,2039
group_school_age_6_17_not_employed,dep_hour_share_other_23,0.0006663409000044422,0.0,0.06663409000044422,2039
group_school_age_6_17_not_employed,dep_hour_share_other_4,0.0,0.0,0.0,2039
group_school_age_6_17_not_employed,dep_hour_share_other_5,0.0,0.0,0.0,2039
group_school_age_6_17_not_employed,dep_hour_share_other_6,0.0064412953667096085,0.05645224043,-5.001094506329039,2039
group_school_age_6_17_not_employed,dep_hour_share_other_7,0.05015325840700102,0.05998543478,-0.9832176372998978,2039
group_school_age_6_17_not_employed,dep_hour_share_other_8,0.04895384478699302,0.03519382514,1.376001964699302,2039
group_school_age_6_17_not_employed,dep_hour_share_other_9,0.043756385766958374,0.03451644511,0.9239940656958372,2039
group_school_age_6_17_not_employed,dep_hour_share_shop_10,0.014196479273140262,0.02183297751,-0.7636498236859739,2039
group_school_age_6_17_not_employed,dep_hour_share_shop_11,0.026263486655309483,0.02490489922,0.13585874353094843,2039
group_school_age_6_17_not_employed,dep_hour_share_shop_12,0.047984099943214086,0.03117801132,1.6806088623214084,2039
group_school_age_6_17_not_employed,dep_hour_share_shop_13,0.011641113003975015,0.1173670595,-10.572594649602499,2039
group_school_age_6_17_not_employed,dep_hour_share_shop_14,0.11115843270868825,0.1249227788,-1.3764346091311745,2039
group_school_age_6_17_not_employed,dep_hour_share_shop_15,0.2890403180011357,0.185199729,10.38405890011357,2039
group_school_age_6_17_not_employed,dep_hour_share_shop_16,0.11456558773424191,0.2139386303,-9.937304256575807,2039
group_school_age_6_17_not_employed,dep_hour_share_shop_17,0.1416808631459398,0.1164125599,2.52683032459398,2039
group_school_age_6_17_not_employed,dep_hour_share_shop_18,0.1848381601362862,0.0914343131,9.34038470362862,2039
group_school_age_6_17_not_employed,dep_hour_share_shop_19,0.008091993185689948,0.03923174546,-3.1139752274310055,2039
group_school_age_6_17_not_employed,dep_hour_share_shop_20,0.017035775127768313,0.0,1.7035775127768313,2039
group_school_age_6_17_not_employed,dep_hour_share_shop_21,0.0017035775127768314,0.00779101139,-0.6087433877223168,2039
group_school_age_6_17_not_employed,dep_hour_share_shop_22,0.0014196479273140261,0.0,0.1419647927314026,2039
group_school_age_6_17_not_employed,dep_hour_share_shop_23,0.0014196479273140261,0.0,0.1419647927314026,2039
group_school_age_6_17_not_employed,dep_hour_share_shop_4,0.0,0.0,0.0,2039
group_school_age_6_17_not_employed,dep_hour_share_shop_5,0.0,0.0,0.0,2039
group_school_age_6_17_not_employed,dep_hour_share_shop_6,0.0007098239636570131,0.001267157411,-0.05573334473429869,2039
group_school_age_6_17_not_employed,dep_hour_share_shop_7,0.007524134014764338,0.01321060733,-0.5686473315235663,2039
group_school_age_6_17_not_employed,dep_hour_share_shop_8,0.005110732538330494,0.006089160854,-0.09784283156695062,2039
group_school_age_6_17_not_employed,dep_hour_share_shop_9,0.010079500283929585,0.005219358949,0.4860141334929585,2039
group_school_age_6_17_not_employed,dep_hour_share_work_10,0.030303030303030304,0.07259115337,-4.228812306696969,2039
group_school_age_6_17_not_employed,dep_hour_share_work_11,0.05808080808080808,0.0,5.808080808080808,2039
group_school_age_6_17_not_employed,dep_hour_share_work_12,0.050505050505050504,0.0944943088,-4.398925829494949,2039
group_school_age_6_17_not_employed,dep_hour_share_work_13,0.015151515151515152,0.0,1.5151515151515151,2039
group_school_age_6_17_not_employed,dep_hour_share_work_14,0.005050505050505051,0.07057305695,-6.552255189949495,2039
group_school_age_6_17_not_employed,dep_hour_share_work_15,0.09090909090909091,0.0,9.090909090909092,2039
group_school_age_6_17_not_employed,dep_hour_share_work_16,0.04292929292929293,0.0,4.292929292929292,2039
group_school_age_6_17_not_employed,dep_hour_share_work_17,0.022727272727272728,0.0,2.272727272727273,2039
group_school_age_6_17_not_employed,dep_hour_share_work_18,0.0,0.0,0.0,2039
group_school_age_6_17_not_employed,dep_hour_share_work_19,0.005050505050505051,0.0,0.5050505050505051,2039
group_school_age_6_17_not_employed,dep_hour_share_work_20,0.0,0.0,0.0,2039
group_school_age_6_17_not_employed,dep_hour_share_work_21,0.0,0.0,0.0,2039
group_school_age_6_17_not_employed,dep_hour_share_work_22,0.0,0.0,0.0,2039
group_school_age_6_17_not_employed,dep_hour_share_work_23,0.0,0.0,0.0,2039
group_school_age_6_17_not_employed,dep_hour_share_work_4,0.0,0.0,0.0,2039
group_school_age_6_17_not_employed,dep_hour_share_work_5,0.05555555555555555,0.0,5.555555555555555,2039
group_school_age_6_17_not_employed,dep_hour_share_work_6,0.12626262626262627,0.2881153767,-16.18527504373737,2039
group_school_age_6_17_not_employed,dep_hour_share_work_7,0.11616161616161616,0.1723300192,-5.616840303838383,2039
group_school_age_6_17_not_employed,dep_hour_share_work_8,0.29545454545454547,0.301896085,-0.6441539545454511,2039
group_school_age_6_17_not_employed,dep_hour_share_work_9,0.08585858585858586,0.0,8.585858585858585,2039
group_school_age_6_17_not_employed,mean_work_activity_h,4.663888888888889,5.907507402,-1.2436185131111115,2039
group_school_age_6_17_not_employed,mobility_rate,0.9497953983940705,0.9367116051,1.30837932940705,2039
group_school_age_6_17_not_employed,n_persons_unweighted,103616.0,2039.0,101577.0,2039
group_school_age_6_17_not_employed,n_persons_weighted,103616.0,89789.72359,13826.276410000006,2039
group_school_age_6_17_not_employed,n_work_activities_measured,396.0,10.0,386.0,2039
group_school_age_6_17_not_employed,nonhome_acts_per_mobile,2.0931777999065173,1.741985937,0.3511918629065174,2039
group_school_age_6_17_not_employed,participation_education,0.9125424644842496,0.9042394712,0.8302993284249549,2039
group_school_age_6_17_not_employed,participation_escort,0.0439796942557134,0.04049675403,0.34829402257134034,2039
group_school_age_6_17_not_employed,participation_home,0.9497953983940705,0.9309919452,1.8803453194070507,2039
group_school_age_6_17_not_employed,participation_leisure,0.40507257566399013,0.3735023671,3.1570208563990123,2039
group_school_age_6_17_not_employed,participation_other,0.16101760345892527,0.06818021605,9.283738740892526,2039
group_school_age_6_17_not_employed,participation_shop,0.04873764669549104,0.07397364543,-2.5235998734508955,2039
group_school_age_6_17_not_employed,participation_work,0.003262044471896232,0.005583494362,-0.23214498901037678,2039
group_school_age_6_17_not_employed,purpose_share_education,0.3252661185274913,0.3295319444,-0.42658258725086773,2039
group_school_age_6_17_not_employed,purpose_share_escort,0.015230082939928703,0.01580758614,-0.05775032000712964,2039
group_school_age_6_17_not_employed,purpose_share_home,0.43029478382795844,0.4560375202,-2.574273637204155,2039
group_school_age_6_17_not_employed,purpose_share_leisure,0.1463769438613667,0.1422250527,0.41518911613667164,2039
group_school_age_6_17_not_employed,purpose_share_other,0.06225610987120665,0.02619794688,3.605816299120665,2039
group_school_age_6_17_not_employed,purpose_share_shop,0.019480788855794042,0.02833535593,-0.8854567074205958,2039
group_school_age_6_17_not_employed,purpose_share_work,0.0010951721162541794,0.001864593728,-0.07694216117458207,2039
group_school_age_6_17_not_employed,share_mobile_first_from_home,1.0,0.996796643,0.3203356999999962,2039
group_school_age_6_17_not_employed,share_mobile_last_to_home,1.0,0.9931863101,0.6813689899999975,2039
group_school_age_6_17_not_employed,share_mobile_odd_trip_count,0.22355559168411,0.1291488306,9.440676108411001,2039
group_school_age_6_17_not_employed,share_trips_0,0.050204601605929586,0.06328839487,-1.3083793264070414,2039
group_school_age_6_17_not_employed,share_trips_1,9.651019147621989e-05,0.001312846878,-0.12163366865237803,2039
group_school_age_6_17_not_employed,share_trips_2,0.3710044780728845,0.4390186621,-6.801418402711551,2039
group_school_age_6_17_not_employed,share_trips_3,0.06914955219271154,0.07261831676,-0.34687645672884515,2039
group_school_age_6_17_not_employed,share_trips_4,0.256842572575664,0.3166755863,-5.983301372433597,2039
group_school_age_6_17_not_employed,share_trips_5,0.12094657195799877,0.03707943508,8.386713687799876,2039
group_school_age_6_17_not_employed,share_trips_6,0.0721992742433601,0.05328088329,1.8918390953360107,2039
group_school_age_6_17_not_employed,share_trips_7,0.017014746757257566,0.009326168373,0.7688578384257566,2039
group_school_age_6_17_not_employed,share_trips_8plus,0.042541692402717726,0.007399706353,3.514198604971773,2039
group_school_age_6_17_not_employed,share_trips_followed_by_same_purpose,0.10884517419044379,0.0224786539,8.636652029044377,2039
group_school_age_6_17_not_employed,share_trips_home_based,0.8384731751971172,0.9123354716,-7.386229640288278,2039
group_school_age_6_17_not_employed,share_trips_unknown_purpose,0.0,0.000951513076,-0.0951513076,2039
group_school_age_6_17_not_employed,share_work_activities_lt_2h,0.25,0.0944943088,15.550569120000002,2039
group_school_age_6_17_not_employed,tours_per_mobile,1.5809640904749325,1.457862408,0.12310168247493247,2039
group_school_age_6_17_not_employed,trips_per_mobile_person,3.67414189038145,3.199848344,0.47429354638145016,2039
group_school_age_6_17_not_employed,trips_per_person,3.489683060531192,2.997335079,0.49234798153119197,2039
group_school_age_6_17_not_employed,trips_per_person_education,1.1350756639901174,0.9867778301,0.14829783389011741,2039
group_school_age_6_17_not_employed,trips_per_person_escort,0.05314816244595429,0.04733554915,0.00581261329595429,2039
group_school_age_6_17_not_employed,trips_per_person_home,1.5015924181593576,1.365596636,0.1359957821593576,2039
group_school_age_6_17_not_employed,trips_per_person_leisure,0.5108091414453366,0.4258905133,0.08491862814533663,2039
group_school_age_6_17_not_employed,trips_per_person_other,0.2172540920321186,0.07844930853,0.1388047835021186,2039
group_school_age_6_17_not_employed,trips_per_person_shop,0.06798177887584929,0.08484974377,-0.01686796489415071,2039
group_school_age_6_17_not_employed,trips_per_person_work,0.0038218035824583076,0.005583494362,-0.0017616907795416923,2039
group_senior_65plus_not_employed,dep_hour_share_all_10,0.10945989903979374,0.123969224,-1.4509324960206267,4339
group_senior_65plus_not_employed,dep_hour_share_all_11,0.08485034677461457,0.1176306263,-3.2780279525385425,4339
group_senior_65plus_not_employed,dep_hour_share_all_12,0.07209980362155585,0.08783974196,-1.5739938338444142,4339
group_senior_65plus_not_employed,dep_hour_share_all_13,0.06732286784815007,0.06971876615,-0.23958983018499275,4339
group_senior_65plus_not_employed,dep_hour_share_all_14,0.07880438056455791,0.07765345569,0.11509248745579098,4339
group_senior_65plus_not_employed,dep_hour_share_all_15,0.07540088912448947,0.08177841478,-0.637752565551053,4339
group_senior_65plus_not_employed,dep_hour_share_all_16,0.07339895345148167,0.075231048,-0.18320945485183204,4339
group_senior_65plus_not_employed,dep_hour_share_all_17,0.06256601167026092,0.06176249265,0.08035190202609205,4339
group_senior_65plus_not_employed,dep_hour_share_all_18,0.05229529856350574,0.04587436006,0.6420938503505738,4339
group_senior_65plus_not_employed,dep_hour_share_all_19,0.03394656418041115,0.02398184197,0.9964722210411149,4339
group_senior_65plus_not_employed,dep_hour_share_all_20,0.018155970266134958,0.01225640014,0.5899570126134959,4339
group_senior_65plus_not_employed,dep_hour_share_all_21,0.013899096016609842,0.01389848055,6.154666098417277e-05,4339
group_senior_65plus_not_employed,dep_hour_share_all_22,0.010939363637458887,0.007401073552,0.35382900854588867,4339
group_senior_65plus_not_employed,dep_hour_share_all_23,0.004558068182274536,0.002702357254,0.18557109282745357,4339
group_senior_65plus_not_employed,dep_hour_share_all_4,0.0018332670706681284,0.0005019455823,0.13313214883681285,4339
group_senior_65plus_not_employed,dep_hour_share_all_5,0.00339545960186178,0.0004406899397,0.295476966216178,4339
group_senior_65plus_not_employed,dep_hour_share_all_6,0.012652153135027247,0.004025912121,0.8626241014027248,4339
group_senior_65plus_not_employed,dep_hour_share_all_7,0.040932255460646,0.02579421847,1.5138036990646,4339
group_senior_65plus_not_employed,dep_hour_share_all_8,0.06965410888763057,0.06683868198,0.28154269076305777,4339
group_senior_65plus_not_employed,dep_hour_share_all_9,0.10300029316209454,0.09938054822,0.36197449420945355,4339
group_senior_65plus_not_employed,dep_hour_share_education_10,0.06025348015790567,0.01199914598,4.825433417790567,4339
group_senior_65plus_not_employed,dep_hour_share_education_11,0.03989195927695824,0.08425665059,-4.436469131304175,4339
group_senior_65plus_not_employed,dep_hour_share_education_12,0.06523997506752545,0.01715607438,4.808390068752545,4339
group_senior_65plus_not_employed,dep_hour_share_education_13,0.06295449823394972,0.00989904158,5.3055456653949715,4339
group_senior_65plus_not_employed,dep_hour_share_education_14,0.04383960108040723,0.1568402122,-11.300061111959277,4339
group_senior_65plus_not_employed,dep_hour_share_education_15,0.05942239767296904,0.1626272836,-10.320488592703096,4339
group_senior_65plus_not_employed,dep_hour_share_education_16,0.07812175358404322,0.07789404902,0.022770456404322403,4339
group_senior_65plus_not_employed,dep_hour_share_education_17,0.0444629129441097,0.1495685861,-10.51056731558903,4339
group_senior_65plus_not_employed,dep_hour_share_education_18,0.002908788697278205,0.09799489661,-9.508610791272181,4339
group_senior_65plus_not_employed,dep_hour_share_education_19,0.0,0.00764567786,-0.764567786,4339
group_senior_65plus_not_employed,dep_hour_share_education_20,0.00020777062123415748,0.0,0.02077706212341575,4339
group_senior_65plus_not_employed,dep_hour_share_education_21,0.0,0.0,0.0,4339
group_senior_65plus_not_employed,dep_hour_share_education_22,0.0,0.0,0.0,4339
group_senior_65plus_not_employed,dep_hour_share_education_23,0.0,0.0,0.0,4339
group_senior_65plus_not_employed,dep_hour_share_education_4,0.0,0.0,0.0,4339
group_senior_65plus_not_employed,dep_hour_share_education_5,0.0,0.0,0.0,4339
group_senior_65plus_not_employed,dep_hour_share_education_6,0.09495117390400998,0.0,9.495117390400997,4339
group_senior_65plus_not_employed,dep_hour_share_education_7,0.2617909827550384,0.0,26.179098275503843,4339
group_senior_65plus_not_employed,dep_hour_share_education_8,0.08123831290255558,0.1942102471,-11.297193419744444,4339
group_senior_65plus_not_employed,dep_hour_share_education_9,0.10471639310201537,0.02990813501,7.480825809201537,4339
group_senior_65plus_not_employed,dep_hour_share_escort_10,0.05062789160608063,0.04663537097,0.3992520636080632,4339
group_senior_65plus_not_employed,dep_hour_share_escort_11,0.046860541969596825,0.112495649,-6.5635107030403175,4339
group_senior_65plus_not_employed,dep_hour_share_escort_12,0.07739590218109715,0.1233954962,-4.599959401890284,4339
group_senior_65plus_not_employed,dep_hour_share_escort_13,0.070522141440846,0.1184254991,-4.7903357659154,4339
group_senior_65plus_not_employed,dep_hour_share_escort_14,0.12855254461335097,0.1115064822,1.7046062413350964,4339
group_senior_65plus_not_employed,dep_hour_share_escort_15,0.15961665565102445,0.06272580147,9.689085418102446,4339
group_senior_65plus_not_employed,dep_hour_share_escort_16,0.030469266358228685,0.0534444049,-2.2975138541771316,4339
group_senior_65plus_not_employed,dep_hour_share_escort_17,0.07759418374091209,0.03374122629,4.385295745091209,4339
group_senior_65plus_not_employed,dep_hour_share_escort_18,0.0534699272967614,0.04046083234,1.3009094956761398,4339
group_senior_65plus_not_employed,dep_hour_share_escort_19,0.016259087904824852,0.01957471194,-0.3315624035175147,4339
group_senior_65plus_not_employed,dep_hour_share_escort_20,0.007402511566424323,0.01177691654,-0.4374404973575677,4339
group_senior_65plus_not_employed,dep_hour_share_escort_21,0.011698612029081295,0.001257406891,1.0441205138081295,4339
group_senior_65plus_not_employed,dep_hour_share_escort_22,0.005221414408460013,0.008341346795,-0.31199323865399864,4339
group_senior_65plus_not_employed,dep_hour_share_escort_23,0.004296100462656973,0.0,0.4296100462656973,4339
group_senior_65plus_not_employed,dep_hour_share_escort_4,0.0,0.002305654933,-0.2305654933,4339
group_senior_65plus_not_employed,dep_hour_share_escort_5,0.006939854593522803,0.0,0.6939854593522803,4339
group_senior_65plus_not_employed,dep_hour_share_escort_6,0.01658955717118308,0.004658497359,1.1931059812183078,4339
group_senior_65plus_not_employed,dep_hour_share_escort_7,0.08764044943820225,0.08640632856,0.12341208782022522,4339
group_senior_65plus_not_employed,dep_hour_share_escort_8,0.05307336417713153,0.09850497542,-4.543161124286847,4339
group_senior_65plus_not_employed,dep_hour_share_escort_9,0.07607402511566425,0.05070407615,2.5369948965664246,4339
group_senior_65plus_not_employed,dep_hour_share_home_10,0.08002488062444756,0.1002612359,-2.023635527555244,4339
group_senior_65plus_not_employed,dep_hour_share_home_11,0.09035127513200293,0.1233054618,-3.295418666799707,4339
group_senior_65plus_not_employed,dep_hour_share_home_12,0.08496826785021115,0.1068339671,-2.1865699249788846,4339
group_senior_65plus_not_employed,dep_hour_share_home_13,0.06177597149017169,0.06903153087,-0.7255559379828309,4339
group_senior_65plus_not_employed,dep_hour_share_home_14,0.0849308533773577,0.07123050455,1.3700348827357698,4339
group_senior_65plus_not_employed,dep_hour_share_home_15,0.07624134205714125,0.08267943615,-0.6438094092858739,4339
group_senior_65plus_not_employed,dep_hour_share_home_16,0.08667062636504366,0.0931523054,-0.6481679034956334,4339
group_senior_65plus_not_employed,dep_hour_share_home_17,0.09516838851188611,0.07063709017,2.453129834188611,4339
group_senior_65plus_not_employed,dep_hour_share_home_18,0.07126521716763087,0.05668713935,1.4578077817630875,4339
group_senior_65plus_not_employed,dep_hour_share_home_19,0.05159455806492346,0.03030490685,2.128965121492346,4339
group_senior_65plus_not_employed,dep_hour_share_home_20,0.03372447046828889,0.02250499527,1.1219475198288893,4339
group_senior_65plus_not_employed,dep_hour_share_home_21,0.0271301696278663,0.03004900153,-0.2918831902133701,4339
group_senior_65plus_not_employed,dep_hour_share_home_22,0.021059671407392164,0.01488090604,0.6178765367392165,4339
group_senior_65plus_not_employed,dep_hour_share_home_23,0.008750309838603318,0.005661182032,0.30891278066033184,4339
group_senior_65plus_not_employed,dep_hour_share_home_4,7.482894570692309e-05,0.000453971782,-0.03791428362930769,4339
group_senior_65plus_not_employed,dep_hour_share_home_5,0.0007342590297491827,0.0001286825985,0.06055764312491828,4339
group_senior_65plus_not_employed,dep_hour_share_home_6,0.002633043527062356,0.002206542813,0.04265007140623559,4339
group_senior_65plus_not_employed,dep_hour_share_home_7,0.012267270286828702,0.01282550121,-0.05582309231712979,4339
group_senior_65plus_not_employed,dep_hour_share_home_8,0.02935633076264726,0.04417268038,-1.4816349617352742,4339
group_senior_65plus_not_employed,dep_hour_share_home_9,0.06646681102417443,0.06249350161,0.3973309414174425,4339
group_senior_65plus_not_employed,dep_hour_share_leisure_10,0.11536163231603307,0.09162066961,2.374096270603307,4339
group_senior_65plus_not_employed,dep_hour_share_leisure_11,0.07221781597331624,0.07996216928,-0.7744353306683758,4339
group_senior_65plus_not_employed,dep_hour_share_leisure_12,0.04128594865331754,0.07939738058,-3.8111431926682453,4339
group_senior_65plus_not_employed,dep_hour_share_leisure_13,0.07583576884214643,0.07059226913,0.5243499712146438,4339
group_senior_65plus_not_employed,dep_hour_share_leisure_14,0.08679827468193523,0.08614243829,0.06558363919352272,4339
group_senior_65plus_not_employed,dep_hour_share_leisure_15,0.08562488456231462,0.09801726609,-1.2392381527685377,4339
group_senior_65plus_not_employed,dep_hour_share_leisure_16,0.07428211340598212,0.07179394305,0.24881703559821167,4339
group_senior_65plus_not_employed,dep_hour_share_leisure_17,0.05417151052248455,0.08989302708,-3.5721516557515445,4339
group_senior_65plus_not_employed,dep_hour_share_leisure_18,0.0637324670527265,0.07937463061,-1.5642163557273492,4339
group_senior_65plus_not_employed,dep_hour_share_leisure_19,0.04597950913179996,0.04209959088,0.38799182517999586,4339
group_senior_65plus_not_employed,dep_hour_share_leisure_20,0.010278028270010104,0.009755469299,0.0522558971010105,4339
group_senior_65plus_not_employed,dep_hour_share_leisure_21,0.004552319075194751,0.003971118392,0.05812006831947504,4339
group_senior_65plus_not_employed,dep_hour_share_leisure_22,0.006062515618039787,0.003958117353,0.21043982650397874,4339
group_senior_65plus_not_employed,dep_hour_share_leisure_23,0.0011625253962907834,0.001348461563,-0.01859361667092166,4339
group_senior_65plus_not_employed,dep_hour_share_leisure_4,0.0006736128464488652,0.0008958020999,-0.022218925345113476,4339
group_senior_65plus_not_employed,dep_hour_share_leisure_5,0.003270281722275942,0.0007633670105,0.25069147117759416,4339
group_senior_65plus_not_employed,dep_hour_share_leisure_6,0.014895535685183777,0.00616967497,0.8725860715183779,4339
group_senior_65plus_not_employed,dep_hour_share_leisure_7,0.0379613433143925,0.02334015425,1.4621189064392497,4339
group_senior_65plus_not_employed,dep_hour_share_leisure_8,0.08055105876728849,0.08196618227,-0.14151235027115017,4339
group_senior_65plus_not_employed,dep_hour_share_leisure_9,0.12012038113449441,0.07893826818,4.1182112954494405,4339
group_senior_65plus_not_employed,dep_hour_share_other_10,0.1284161898262376,0.1893583864,-6.09421965737624,4339
group_senior_65plus_not_employed,dep_hour_share_other_11,0.08416189826237598,0.1280928911,-4.393099283762401,4339
group_senior_65plus_not_employed,dep_hour_share_other_12,0.07028190456191927,0.04958492373,2.0696980831919265,4339
group_senior_65plus_not_employed,dep_hour_share_other_13,0.07266523177069663,0.05484277999,1.7822451780696629,4339
group_senior_65plus_not_employed,dep_hour_share_other_14,0.06537876003989711,0.08758521163,-2.22064515901029,4339
group_senior_65plus_not_employed,dep_hour_share_other_15,0.07857630321801669,0.07364563755,0.49306656680166844,4339
group_senior_65plus_not_employed,dep_hour_share_other_16,0.07391464118851383,0.05024453699,2.3670104198513835,4339
group_senior_65plus_not_employed,dep_hour_share_other_17,0.030500288729067144,0.03270927158,-0.22089828509328535,4339
group_senior_65plus_not_employed,dep_hour_share_other_18,0.03407002992283059,0.008584095873,2.5485934049830594,4339
group_senior_65plus_not_employed,dep_hour_share_other_19,0.012074124625964617,0.005231311399,0.6842813226964617,4339
group_senior_65plus_not_employed,dep_hour_share_other_20,0.006488529581605334,0.001934678521,0.45538510606053345,4339
group_senior_65plus_not_employed,dep_hour_share_other_21,0.0049346422384377135,0.0005419180645,0.4392724173937714,4339
group_senior_65plus_not_employed,dep_hour_share_other_22,0.002960785343062628,0.0,0.2960785343062628,4339
group_senior_65plus_not_employed,dep_hour_share_other_23,0.0021628431938684445,0.0,0.21628431938684445,4339
group_senior_65plus_not_employed,dep_hour_share_other_4,0.000587957373090451,0.0,0.058795737309045096,4339
group_senior_65plus_not_employed,dep_hour_share_other_5,0.0009554307312719828,0.0005182940076,0.043713672367198274,4339
group_senior_65plus_not_employed,dep_hour_share_other_6,0.020442017953698356,0.002057351153,1.8384666800698355,4339
group_senior_65plus_not_employed,dep_hour_share_other_7,0.07955273242689904,0.04624792396,3.3304808466899045,4339
group_senior_65plus_not_employed,dep_hour_share_other_8,0.08721717675468528,0.1059706263,-1.8753449545314715,4339
group_senior_65plus_not_employed,dep_hour_share_other_9,0.1334348259751168,0.158098286,-2.4663460024883204,4339
group_senior_65plus_not_employed,dep_hour_share_shop_10,0.1921116295144289,0.1827957764,0.9315853114428896,4339
group_senior_65plus_not_employed,dep_hour_share_shop_11,0.10209665341858187,0.1417410105,-3.9644357081418113,4339
group_senior_65plus_not_employed,dep_hour_share_shop_12,0.07987731121479177,0.07891649724,0.09608139747917799,4339
group_senior_65plus_not_employed,dep_hour_share_shop_13,0.06876044006681643,0.07532128749,-0.6560847423183567,4339
group_senior_65plus_not_employed,dep_hour_share_shop_14,0.0658228212660561,0.07097441111,-0.5151589843943899,4339
group_senior_65plus_not_employed,dep_hour_share_shop_15,0.04521628938425206,0.07057611148,-2.5359822095747933,4339
group_senior_65plus_not_employed,dep_hour_share_shop_16,0.04687229998271989,0.0594904772,-1.261817721728011,4339
group_senior_65plus_not_employed,dep_hour_share_shop_17,0.02096653418581879,0.03467602334,-1.3709489154181211,4339
group_senior_65plus_not_employed,dep_hour_share_shop_18,0.011894476124647198,0.00998674224,0.19077338846471975,4339
group_senior_65plus_not_employed,dep_hour_share_shop_19,0.0032976211047750707,0.004123654261,-0.08260331562249296,4339
group_senior_65plus_not_employed,dep_hour_share_shop_20,0.0022032141005702438,0.0,0.22032141005702438,4339
group_senior_65plus_not_employed,dep_hour_share_shop_21,0.0007200046080294913,0.0007303560459,-0.0010351437870508647,4339
group_senior_65plus_not_employed,dep_hour_share_shop_22,0.00036000230401474567,0.0,0.03600023040147457,4339
group_senior_65plus_not_employed,dep_hour_share_shop_23,0.0002880018432117966,0.0,0.02880018432117966,4339
group_senior_65plus_not_employed,dep_hour_share_shop_4,4.3200276481769485e-05,0.0,0.0043200276481769485,4339
group_senior_65plus_not_employed,dep_hour_share_shop_5,0.0013536086630954439,0.0006641441515,0.06894645115954438,4339
group_senior_65plus_not_employed,dep_hour_share_shop_6,0.007819250043200277,0.003832019375,0.3987230668200276,4339
group_senior_65plus_not_employed,dep_hour_share_shop_7,0.03274580957318127,0.03223980374,0.05060058331812639,4339
group_senior_65plus_not_employed,dep_hour_share_shop_8,0.15323138068083636,0.06482276785,8.840861283083635,4339
group_senior_65plus_not_employed,dep_hour_share_shop_9,0.16300904325787685,0.1691089176,-0.609987434212314,4339
group_senior_65plus_not_employed,dep_hour_share_work_10,0.02073365231259968,0.06664970941,-4.591605709740032,4339
group_senior_65plus_not_employed,dep_hour_share_work_11,0.037745879851143006,0.1116948473,-7.394896744885698,4339
group_senior_65plus_not_employed,dep_hour_share_work_12,0.028309409888357256,0.05452728097,-2.6217871081642743,4339
group_senior_65plus_not_employed,dep_hour_share_work_13,0.03628389154704944,0.05795050438,-2.166661283295056,4339
group_senior_65plus_not_employed,dep_hour_share_work_14,0.019005847953216373,0.05140635717,-3.2400509216783626,4339
group_senior_65plus_not_employed,dep_hour_share_work_15,0.0057150451887293995,0.01959160178,-1.3876556591270601,4339
group_senior_65plus_not_employed,dep_hour_share_work_16,0.007044125465178097,0.06361350919,-5.65693837248219,4339
group_senior_65plus_not_employed,dep_hour_share_work_17,0.009968102073365232,0.0,0.9968102073365231,4339
group_senior_65plus_not_employed,dep_hour_share_work_18,0.006113769271664009,0.0282476518,-2.213388252833599,4339
group_senior_65plus_not_employed,dep_hour_share_work_19,0.002259436469962786,0.0,0.22594364699627859,4339
group_senior_65plus_not_employed,dep_hour_share_work_20,0.00013290802764486976,0.002804761883,-0.2671853855355131,4339
group_senior_65plus_not_employed,dep_hour_share_work_21,0.0006645401382243488,0.0,0.06645401382243488,4339
group_senior_65plus_not_employed,dep_hour_share_work_22,0.00013290802764486976,0.0,0.013290802764486976,4339
group_senior_65plus_not_employed,dep_hour_share_work_23,0.00013290802764486976,0.0,0.013290802764486976,4339
group_senior_65plus_not_employed,dep_hour_share_work_4,0.10313662945241893,0.007607627774,9.552900167841894,4339
group_senior_65plus_not_employed,dep_hour_share_work_5,0.12533227006911218,0.003425336628,12.190693344111219,4339
group_senior_65plus_not_employed,dep_hour_share_work_6,0.15536948431685274,0.08348231066,7.188717365685274,4339
group_senior_65plus_not_employed,dep_hour_share_work_7,0.24335459861775652,0.1242190286,11.91355700177565,4339
group_senior_65plus_not_employed,dep_hour_share_work_8,0.1137692716640085,0.1341059355,-2.033666383599149,4339
group_senior_65plus_not_employed,dep_hour_share_work_9,0.045720361509835196,0.170423871,-12.470350949016481,4339
group_senior_65plus_not_employed,mean_work_activity_h,5.528003721424773,3.30246543,2.2255382914247734,4339
group_senior_65plus_not_employed,mobility_rate,0.7283913253194367,0.7434022921,-1.501096678056324,4339
group_senior_65plus_not_employed,n_persons_unweighted,211466.0,4339.0,207127.0,4339
group_senior_65plus_not_employed,n_persons_weighted,211466.0,172745.9997,38720.000300000014,4339
group_senior_65plus_not_employed,n_work_activities_measured,7524.0,114.0,7410.0,4339
group_senior_65plus_not_employed,nonhome_acts_per_mobile,1.845075634616633,2.325446883,-0.4803712483833671,4339
group_senior_65plus_not_employed,participation_education,0.01702874220914946,0.00987180536,0.7156936849149462,4339
group_senior_65plus_not_employed,participation_escort,0.05338919731777213,0.05132545591,0.20637414077721294,4339
group_senior_65plus_not_employed,participation_home,0.7283913253194367,0.7356316286,-0.7240303280563243,4339
group_senior_65plus_not_employed,participation_leisure,0.34679806682871006,0.4411329338,-9.433486697128995,4339
group_senior_65plus_not_employed,participation_other,0.3263361486007207,0.3040992676,2.223688100072069,4339
group_senior_65plus_not_employed,participation_shop,0.2898622000699876,0.4291520673,-13.928986723001241,4339
group_senior_65plus_not_employed,participation_work,0.029924432296444817,0.01745748322,1.2466949076444818,4339
group_senior_65plus_not_employed,purpose_share_education,0.009664309322153014,0.003403748817,0.6260560505153013,4339
group_senior_65plus_not_employed,purpose_share_escort,0.030380428016658034,0.0249097433,0.5470684716658035,4339
group_senior_65plus_not_employed,purpose_share_home,0.4293439192960897,0.4276283164,0.17156028960897407,4339
group_senior_65plus_not_employed,purpose_share_leisure,0.18481460509459496,0.2151874717,-3.037286660540503,4339
group_senior_65plus_not_employed,purpose_share_other,0.19124810749812257,0.1286440155,6.260409199812258,4339
group_senior_65plus_not_employed,purpose_share_shop,0.13944074310567087,0.1926772718,-5.323652869432912,4339
group_senior_65plus_not_employed,purpose_share_work,0.015107887666710841,0.007549432521,0.7558455145710842,4339
group_senior_65plus_not_employed,share_mobile_first_from_home,1.0,0.9863450136,1.3654986399999958,4339
group_senior_65plus_not_employed,share_mobile_last_to_home,1.0,0.9841222301,1.5877769900000005,4339
group_senior_65plus_not_employed,share_mobile_odd_trip_count,0.3138609361812634,0.2620630164,5.179791978126335,4339
group_senior_65plus_not_employed,share_trips_0,0.2716086746805633,0.2565977079,1.5010966780563295,4339
group_senior_65plus_not_employed,share_trips_1,0.0015558056614302063,0.006558269621,-0.5002463959569794,4339
group_senior_65plus_not_employed,share_trips_2,0.32592473494557045,0.2377342317,8.819050324557045,4339
group_senior_65plus_not_employed,share_trips_3,0.1524784126053361,0.0786535077,7.382490490533609,4339
group_senior_65plus_not_employed,share_trips_4,0.1217595263541184,0.1871940612,-6.543453484588162,4339
group_senior_65plus_not_employed,share_trips_5,0.0530629037292047,0.05648276457,-0.3419860840795305,4339
group_senior_65plus_not_employed,share_trips_6,0.044565083748687735,0.07896744276,-3.440235901131227,4339
group_senior_65plus_not_employed,share_trips_7,0.01693889324997872,0.03795945443,-2.1020561180021278,4339
group_senior_65plus_not_employed,share_trips_8plus,0.01210596502511042,0.05985256017,-4.774659514488958,4339
group_senior_65plus_not_employed,share_trips_followed_by_same_purpose,0.0988096815777743,0.05583601869,4.29736628877743,4339
group_senior_65plus_not_employed,share_trips_home_based,0.8258536840033894,0.8557544834,-2.990079939661061,4339
group_senior_65plus_not_employed,share_trips_unknown_purpose,0.0,5.761510002e-05,-0.005761510002,4339
group_senior_65plus_not_employed,share_work_activities_lt_2h,0.18886230728335993,0.4198636205,-23.100131321664005,4339
group_senior_65plus_not_employed,tours_per_mobile,1.3881776277348568,1.737204808,-0.34902718026514323,4339
group_senior_65plus_not_employed,trips_per_mobile_person,3.23325326235149,4.062651691,-0.8293984286485103,4339
group_senior_65plus_not_employed,trips_per_person,2.355073628857594,3.020184579,-0.665110950142406,4339
group_senior_65plus_not_employed,trips_per_person_education,0.022760160025725177,0.01027935741,0.012480802615725177,4339
group_senior_65plus_not_employed,trips_per_person_escort,0.07154814485543776,0.07522768809,-0.003679543234562238,4339
group_senior_65plus_not_employed,trips_per_person_home,1.011136542044584,1.291442036,-0.28030549395541615,4339
group_senior_65plus_not_employed,trips_per_person_leisure,0.435252002686011,0.6498684392,-0.21461643651398904,4339
group_senior_65plus_not_employed,trips_per_person_other,0.45040337453775076,0.3885062866,0.06189708793775078,4339
group_senior_65plus_not_employed,trips_per_person_shop,0.3283932168764719,0.5818873975,-0.2534941806235281,4339
group_senior_65plus_not_employed,trips_per_person_work,0.03558018783161359,0.02279936601,0.012780821821613591,4339
kreis_03101,dep_hour_share_all_10,0.046732464116143624,0.04768783712,-0.0955373003856376,4519
kreis_03101,dep_hour_share_all_11,0.04901054718832984,0.05982544237,-1.0814895181670163,4519
kreis_03101,dep_hour_share_all_12,0.061183158377217675,0.0566705804,0.4512577977217679,4519
kreis_03101,dep_hour_share_all_13,0.06331177727845673,0.07240278203,-0.9091004751543272,4519
kreis_03101,dep_hour_share_all_14,0.06899017023969072,0.07081130982,-0.1821139580309286,4519
kreis_03101,dep_hour_share_all_15,0.08798955743658983,0.09227897368,-0.4289416243410171,4519
kreis_03101,dep_hour_share_all_16,0.08845663297079968,0.0956105496,-0.7153916629200313,4519
kreis_03101,dep_hour_share_all_17,0.0829924719879233,0.09057934006,-0.7586868072076702,4519
kreis_03101,dep_hour_share_all_18,0.06832380914421798,0.06391969238,0.440411676421798,4519
kreis_03101,dep_hour_share_all_19,0.04572731756652401,0.0429888639,0.2738453666524011,4519
kreis_03101,dep_hour_share_all_20,0.03316859060268936,0.02757435138,0.5594239222689361,4519
kreis_03101,dep_hour_share_all_21,0.02101590796992781,0.02015657983,0.08593281399278084,4519
kreis_03101,dep_hour_share_all_22,0.01635262583637659,0.01470191907,0.1650706766376589,4519
kreis_03101,dep_hour_share_all_23,0.008337609669335432,0.006778047623,0.15595620463354315,4519
kreis_03101,dep_hour_share_all_4,0.004394246625846341,0.001778546951,0.2615699674846341,4519
kreis_03101,dep_hour_share_all_5,0.013154092578107485,0.007976812978,0.5177279600107485,4519
kreis_03101,dep_hour_share_all_6,0.043925028771852906,0.02687070239,1.7054326381852905,4519
kreis_03101,dep_hour_share_all_7,0.08232112875341899,0.09452740564,-1.220627688658102,4519
kreis_03101,dep_hour_share_all_8,0.05638660402457191,0.0597203073,-0.33337032754280904,4519
kreis_03101,dep_hour_share_all_9,0.04717089235092194,0.04474744367,0.24234486809219455,4519
kreis_03101,dep_hour_share_education_10,0.023880764483674308,0.02053195257,0.33488119136743066,4519
kreis_03101,dep_hour_share_education_11,0.03932752365635636,0.03082812426,0.8499399396356362,4519
kreis_03101,dep_hour_share_education_12,0.03470845644612335,0.03279441828,0.1914038166123351,4519
kreis_03101,dep_hour_share_education_13,0.040505666305120244,0.04742332445,-0.6917658144879755,4519
kreis_03101,dep_hour_share_education_14,0.023843363129745297,0.02829449134,-0.4451128210254701,4519
kreis_03101,dep_hour_share_education_15,0.03351161312039496,0.02188450235,1.162711077039496,4519
kreis_03101,dep_hour_share_education_16,0.023263642143845607,0.02514131497,-0.18776728261543918,4519
kreis_03101,dep_hour_share_education_17,0.009331637805288551,0.008888763946,0.044287385928855165,4519
kreis_03101,dep_hour_share_education_18,0.0060964206904289935,0.003465831918,0.26305887724289934,4519
kreis_03101,dep_hour_share_education_19,0.0010472379100123425,0.005285766938,-0.4238529027987657,4519
kreis_03101,dep_hour_share_education_20,0.0005984216628641956,0.0009515474552,-0.03531257923358044,4519
kreis_03101,dep_hour_share_education_21,0.0005236189550061713,0.0,0.05236189550061712,4519
kreis_03101,dep_hour_share_education_22,0.0002244081235740734,0.0,0.022440812357407337,4519
kreis_03101,dep_hour_share_education_23,9.350338482253057e-05,0.0,0.009350338482253057,4519
kreis_03101,dep_hour_share_education_4,0.0004675169241126529,0.0,0.04675169241126529,4519
kreis_03101,dep_hour_share_education_5,0.0025058907132438192,0.0,0.2505890713243819,4519
kreis_03101,dep_hour_share_education_6,0.15342035381680816,0.03835223238,11.506812143680817,4519
kreis_03101,dep_hour_share_education_7,0.42957325055166995,0.5734807602,-14.39075096483301,4519
kreis_03101,dep_hour_share_education_8,0.13092343942850732,0.1071521884,2.3771251028507314,4519
kreis_03101,dep_hour_share_education_9,0.04417099899016345,0.05552478052,-1.135378152983655,4519
kreis_03101,dep_hour_share_escort_10,0.017768301350390904,0.01426058452,0.35077168303909045,4519
kreis_03101,dep_hour_share_escort_11,0.03160887292859013,0.01673303493,1.4875837998590131,4519
kreis_03101,dep_hour_share_escort_12,0.06340478060823701,0.04311350857,2.029127203823701,4519
kreis_03101,dep_hour_share_escort_13,0.06486365166647963,0.06740651589,-0.25428642235203747,4519
kreis_03101,dep_hour_share_escort_14,0.14255788725545207,0.149648673,-0.7090785744547939,4519
kreis_03101,dep_hour_share_escort_15,0.13773239067818802,0.1296761603,0.8056230378188006,4519
kreis_03101,dep_hour_share_escort_16,0.06808064938465568,0.05898405193,0.9096597454655673,4519
kreis_03101,dep_hour_share_escort_17,0.045898327909325555,0.05730475698,-1.1406429070674449,4519
kreis_03101,dep_hour_share_escort_18,0.03796805446451951,0.04755531218,-0.9587257715480496,4519
kreis_03101,dep_hour_share_escort_19,0.012980211723338197,0.006061524081,0.6918687642338197,4519
kreis_03101,dep_hour_share_escort_20,0.013541315976508435,0.003375638135,1.0165677841508434,4519
kreis_03101,dep_hour_share_escort_21,0.007032506639733663,0.005019465352,0.20130412877336626,4519
kreis_03101,dep_hour_share_escort_22,0.0042269853738824675,0.04399348222,-3.9766496846117527,4519
kreis_03101,dep_hour_share_escort_23,0.001795533610144765,0.0,0.1795533610144765,4519
kreis_03101,dep_hour_share_escort_4,0.00153368495866532,0.0,0.153368495866532,4519
kreis_03101,dep_hour_share_escort_5,0.0029925560169079416,0.0,0.2992556016907942,4519
kreis_03101,dep_hour_share_escort_6,0.0462349904612277,0.009420544121,3.6814446340227702,4519
kreis_03101,dep_hour_share_escort_7,0.17427898103467623,0.2091592327,-3.4880251665323767,4519
kreis_03101,dep_hour_share_escort_8,0.0996147084128231,0.1103325865,-1.071787808717689,4519
kreis_03101,dep_hour_share_escort_9,0.023154902180825197,0.02210900321,0.1045898970825198,4519
kreis_03101,dep_hour_share_home_10,0.03244275383924995,0.03475853875,-0.2315784910750046,4519
kreis_03101,dep_hour_share_home_11,0.04680888230315844,0.06199770507,-1.518882276684156,4519
kreis_03101,dep_hour_share_home_12,0.0717041481066527,0.04503452745,2.6669620656652695,4519
kreis_03101,dep_hour_share_home_13,0.07437558541220549,0.09082291551,-1.644733009779452,4519
kreis_03101,dep_hour_share_home_14,0.0782758236429731,0.07274032995,0.5535493692973098,4519
kreis_03101,dep_hour_share_home_15,0.10177965310467998,0.1123338805,-1.0554227395320013,4519
kreis_03101,dep_hour_share_home_16,0.10436676093497294,0.122242975,-1.7876214065027067,4519
kreis_03101,dep_hour_share_home_17,0.10877598778427315,0.1193938817,-1.0617893915726846,4519
kreis_03101,dep_hour_share_home_18,0.093256352569489,0.08822572569,0.5030626879488992,4519
kreis_03101,dep_hour_share_home_19,0.06637934409738849,0.05534110244,1.1038241657388494,4519
kreis_03101,dep_hour_share_home_20,0.05750667859326388,0.04714811709,1.0358561503263883,4519
kreis_03101,dep_hour_share_home_21,0.04081245425878909,0.03676528799,0.4047166268789093,4519
kreis_03101,dep_hour_share_home_22,0.03384623724893158,0.02422624834,0.9619988908931578,4519
kreis_03101,dep_hour_share_home_23,0.01782363694956194,0.01383220433,0.399143261956194,4519
kreis_03101,dep_hour_share_home_4,6.927064039201159e-05,0.001314338049,-0.12450674086079885,4519
kreis_03101,dep_hour_share_home_5,0.0005752474919510528,0.0008203007169,-0.024505322494894722,4519
kreis_03101,dep_hour_share_home_6,0.0018944014263728387,0.004059743068,-0.21653416416271615,4519
kreis_03101,dep_hour_share_home_7,0.008547394670979517,0.01706015141,-0.8512756739020482,4519
kreis_03101,dep_hour_share_home_8,0.017917001725742475,0.02381268918,-0.5895687454257524,4519
kreis_03101,dep_hour_share_home_9,0.0247416656878424,0.02437431795,0.03673477378424023,4519
kreis_03101,dep_hour_share_leisure_10,0.05089352140048282,0.05049671566,0.0396805740482821,4519
kreis_03101,dep_hour_share_leisure_11,0.040288173936808225,0.05309479879,-1.2806624853191777,4519
kreis_03101,dep_hour_share_leisure_12,0.04581479738244538,0.07241167753,-2.659688014755462,4519
kreis_03101,dep_hour_share_leisure_13,0.0551979108148733,0.05821315957,-0.30152487551267027,4519
kreis_03101,dep_hour_share_leisure_14,0.07322776065469232,0.06831086682,0.4916893834692321,4519
kreis_03101,dep_hour_share_leisure_15,0.10066349847410534,0.1002183477,0.044515077410534065,4519
kreis_03101,dep_hour_share_leisure_16,0.12770447747597286,0.1261105894,0.15938880759728546,4519
kreis_03101,dep_hour_share_leisure_17,0.12491079969026615,0.1180175561,0.6893243590266149,4519
kreis_03101,dep_hour_share_leisure_18,0.10366973870002885,0.1004245207,0.3245218000028846,4519
kreis_03101,dep_hour_share_leisure_19,0.07277226971137057,0.09438887854,-2.1616608828629422,4519
kreis_03101,dep_hour_share_leisure_20,0.03807145134597574,0.03233891003,0.5732541315975739,4519
kreis_03101,dep_hour_share_leisure_21,0.013641953752486221,0.01484423459,-0.12022808375137789,4519
kreis_03101,dep_hour_share_leisure_22,0.006521112005222963,0.0118752588,-0.5354146794777037,4519
kreis_03101,dep_hour_share_leisure_23,0.0027253541442084327,0.002511792798,0.02135613462084327,4519
kreis_03101,dep_hour_share_leisure_4,0.0004023503332675402,0.003523407115,-0.31210567817324597,4519
kreis_03101,dep_hour_share_leisure_5,0.004615641558993668,0.003262851437,0.13527901219936683,4519
kreis_03101,dep_hour_share_leisure_6,0.016215477582254074,0.008722591137,0.7492886445254074,4519
kreis_03101,dep_hour_share_leisure_7,0.025978166800783443,0.01670159881,0.9276567990783444,4519
kreis_03101,dep_hour_share_leisure_8,0.035824362692255134,0.0310501451,0.47742175922551344,4519
kreis_03101,dep_hour_share_leisure_9,0.057217253996933025,0.033145983,2.407127099693303,4519
kreis_03101,dep_hour_share_other_10,0.07917959602717761,0.1097865958,-3.0606999772822387,4519
kreis_03101,dep_hour_share_other_11,0.07766844697712512,0.07884335742,-0.11749104428748769,4519
kreis_03101,dep_hour_share_other_12,0.08438210153537358,0.04660928546,3.7772816075373585,4519
kreis_03101,dep_hour_share_other_13,0.07298503847085559,0.0674063884,0.557865007085559,4519
kreis_03101,dep_hour_share_other_14,0.08863869695117027,0.1276187168,-3.8980019848829732,4519
kreis_03101,dep_hour_share_other_15,0.10551511725824499,0.1215248284,-1.600971114175502,4519
kreis_03101,dep_hour_share_other_16,0.10128159282031168,0.08850395204,1.2777640780311683,4519
kreis_03101,dep_hour_share_other_17,0.0623147112090346,0.0612286676,0.10860436090345954,4519
kreis_03101,dep_hour_share_other_18,0.04636113001649575,0.01906266383,2.729846618649575,4519
kreis_03101,dep_hour_share_other_19,0.025401146627599812,0.008143389339,1.7257757288599809,4519
kreis_03101,dep_hour_share_other_20,0.013842586718038044,0.006035542698,0.7807044020038044,4519
kreis_03101,dep_hour_share_other_21,0.008732365121295667,0.01073811873,-0.20057536087043326,4519
kreis_03101,dep_hour_share_other_22,0.0050756151299472824,0.002364734062,0.2710881067947282,4519
kreis_03101,dep_hour_share_other_23,0.0031722594562170517,0.006819974246,-0.36477147897829487,4519
kreis_03101,dep_hour_share_other_4,0.0006344518912434103,0.0,0.06344518912434104,4519
kreis_03101,dep_hour_share_other_5,0.0026877689210857204,0.0,0.26877689210857203,4519
kreis_03101,dep_hour_share_other_6,0.013392702649701807,0.01169958313,0.16931195197018076,4519
kreis_03101,dep_hour_share_other_7,0.050133234897161115,0.04960291759,0.053031730716111836,4519
kreis_03101,dep_hour_share_other_8,0.073619490362099,0.08067309692,-0.7053606557901007,4519
kreis_03101,dep_hour_share_other_9,0.0793410928722214,0.09899760006,-1.9656507187778602,4519
kreis_03101,dep_hour_share_shop_10,0.11939070785411067,0.09419011631,2.520059154411067,4519
kreis_03101,dep_hour_share_shop_11,0.09039498229997503,0.1044476569,-1.4052674600024975,4519
kreis_03101,dep_hour_share_shop_12,0.07801230922898397,0.08265072538,-0.46384161510160254,4519
kreis_03101,dep_hour_share_shop_13,0.06822955683837895,0.07090172509,-0.267216825162106,4519
kreis_03101,dep_hour_share_shop_14,0.06889055362152793,0.075349347,-0.6458793378472063,4519
kreis_03101,dep_hour_share_shop_15,0.09484569397317821,0.1029787233,-0.8133029326821792,4519
kreis_03101,dep_hour_share_shop_16,0.08720750892345658,0.09980711195,-1.259960302654342,4519
kreis_03101,dep_hour_share_shop_17,0.09039498229997503,0.1030396687,-1.2644686400024974,4519
kreis_03101,dep_hour_share_shop_18,0.0637200898955625,0.05472815649,0.8991933405562508,4519
kreis_03101,dep_hour_share_shop_19,0.026953979935075426,0.02009529869,0.6858681245075428,4519
kreis_03101,dep_hour_share_shop_20,0.0061839921267938715,0.01066398826,-0.44799961332061283,4519
kreis_03101,dep_hour_share_shop_21,0.005111708456352179,0.007219031324,-0.21073228676478217,4519
kreis_03101,dep_hour_share_shop_22,0.005199841360772044,0.001594011209,0.3605830151772045,4519
kreis_03101,dep_hour_share_shop_23,0.0004994197917125692,0.001428227147,-0.0928807355287431,4519
kreis_03101,dep_hour_share_shop_4,5.8755269613243436e-05,0.0,0.005875526961324344,4519
kreis_03101,dep_hour_share_shop_5,0.00041128688729270406,0.0005067921782,-0.0095505290907296,4519
kreis_03101,dep_hour_share_shop_6,0.004773865656076029,0.00837450019,-0.3600634533923971,4519
kreis_03101,dep_hour_share_shop_7,0.024633146785352313,0.02719511611,-0.2561969324647688,4519
kreis_03101,dep_hour_share_shop_8,0.06886117598672131,0.04254401445,2.631716153672131,4519
kreis_03101,dep_hour_share_shop_9,0.09339150105025044,0.09228578924,0.11057118102504454,4519
kreis_03101,dep_hour_share_work_10,0.031689329338557275,0.03514968477,-0.3460355431442727,4519
kreis_03101,dep_hour_share_work_11,0.02559153414765307,0.03869775956,-1.3106225412346935,4519
kreis_03101,dep_hour_share_work_12,0.029787969578243836,0.0689206516,-3.9132682021756153,4519
kreis_03101,dep_hour_share_work_13,0.038344088499654295,0.05130043392,-1.2956345420345703,4519
kreis_03101,dep_hour_share_work_14,0.02202888530383345,0.03559415257,-1.3565267266166554,4519
kreis_03101,dep_hour_share_work_15,0.024122301605592686,0.01882791838,0.5294383225592687,4519
kreis_03101,dep_hour_share_work_16,0.016929784128447416,0.01534365213,0.1586131998447416,4519
kreis_03101,dep_hour_share_work_17,0.007480602289313974,0.01283202216,-0.5351419870686025,4519
kreis_03101,dep_hour_share_work_18,0.005156718137819774,0.002466888062,0.2689830075819774,4519
kreis_03101,dep_hour_share_work_19,0.006213029115771683,0.001465515567,0.47475135487716824,4519
kreis_03101,dep_hour_share_work_20,0.004859030498578782,0.005188446893,-0.03294163944212178,4519
kreis_03101,dep_hour_share_work_21,0.0019589767227471766,0.005495518164,-0.3536541441252823,4519
kreis_03101,dep_hour_share_work_22,0.0010851194591687792,0.0,0.10851194591687792,4519
kreis_03101,dep_hour_share_work_23,0.0005281554889759545,0.0004100550272,0.011810046177595455,4519
kreis_03101,dep_hour_share_work_4,0.031948605669509106,0.004734940982,2.7213664687509103,4519
kreis_03101,dep_hour_share_work_5,0.089181455020358,0.05358261365,3.5598841370358,4519
kreis_03101,dep_hour_share_work_6,0.2071809940846585,0.1467060386,6.04749554846585,4519
kreis_03101,dep_hour_share_work_7,0.25140201275255436,0.2640257821,-1.2623769347445635,4519
kreis_03101,dep_hour_share_work_8,0.13318160866559114,0.1802284275,-4.704681883440887,4519
kreis_03101,dep_hour_share_work_9,0.056685488207728355,0.05651873313,0.016675507772835607,4519
kreis_03101,mean_work_activity_h,5.702213955932345,5.906851596,-0.20463764006765484,4519
kreis_03101,mobility_rate,0.8488148698649631,0.8532543912,-0.4439521335036889,4519
kreis_03101,n_persons_unweighted,252968.0,4519.0,248449.0,4519
kreis_03101,n_persons_weighted,252968.0,252816.0,152.0,4519
kreis_03101,n_work_activities_measured,104037.0,1988.0,102049.0,4519
kreis_03101,nonhome_acts_per_mobile,2.1927646316416967,2.258748975,-0.06598434335830339,4519
kreis_03101,participation_education,0.16746782201701402,0.1758203279,-0.8352505882985972,4519
kreis_03101,participation_escort,0.0708231871224819,0.07505334494,-0.4230157817518107,4519
kreis_03101,participation_home,0.8488148698649631,0.8410964282,0.771844166496316,4519
kreis_03101,participation_leisure,0.3896026374877455,0.417759712,-2.8157074512254523,4519
kreis_03101,participation_other,0.2512452167863129,0.1661717134,8.507350338631289,4519
kreis_03101,participation_shop,0.22247082634957782,0.3051895512,-8.27187248504222,4519
kreis_03101,participation_work,0.33123952436671833,0.3444301713,-1.3190646933281647,4519
kreis_03101,purpose_share_education,0.06660372564356781,0.06254172817,0.40619974735678077,4519
kreis_03101,purpose_share_escort,0.033296880682752335,0.03652324792,-0.3226367237247667,4519
kreis_03101,purpose_share_home,0.41355615119795536,0.4143342663,-0.07781151020446186,4519
kreis_03101,purpose_share_leisure,0.16406931151820722,0.1750090584,-1.0939746881792778,4519
kreis_03101,purpose_share_other,0.10797416262698227,0.06245350583,4.552065679698227,4519
kreis_03101,purpose_share_shop,0.0847947607825944,0.1187333581,-3.39385973174056,4519
kreis_03101,purpose_share_work,0.12970500754794062,0.1304048353,-0.06998277520593732,4519
kreis_03101,share_mobile_first_from_home,1.0,0.9765953407,2.340465930000002,4519
kreis_03101,share_mobile_last_to_home,1.0,0.972429834,2.757016599999995,4519
kreis_03101,share_mobile_odd_trip_count,0.30435491307405355,0.2506396326,5.371528047405355,4519
kreis_03101,share_trips_0,0.15118513013503684,0.1467456088,0.44395213350368334,4519
kreis_03101,share_trips_1,0.0006127257202492015,0.006412655869,-0.5799930148750799,4519
kreis_03101,share_trips_2,0.29794677587679075,0.2915493441,0.6397431776790752,4519
kreis_03101,share_trips_3,0.12061604629834603,0.08743882215,3.3177224148346034,4519
kreis_03101,share_trips_4,0.19490607507668956,0.23078466,-3.5878584923310446,4519
kreis_03101,share_trips_5,0.09481041080294741,0.07522695049,1.9583460312947416,4519
kreis_03101,share_trips_6,0.07461418044970115,0.08162127706,-0.7007096610298844,4519
kreis_03101,share_trips_7,0.033043705132665004,0.03220095058,0.08427545526650052,4519
kreis_03101,share_trips_8plus,0.03226495050757408,0.04801973094,-1.5754780432425917,4519
kreis_03101,share_trips_followed_by_same_purpose,0.1101252011538634,0.05303718818,5.70880129738634,4519
kreis_03101,share_trips_home_based,0.8038743604179018,0.8289227483,-2.5048387882098178,4519
kreis_03101,share_trips_unknown_purpose,0.0,0.0009975171235,-0.09975171235,4519
kreis_03101,share_work_activities_lt_2h,0.20675336659073215,0.1202949916,8.645837499073215,4519
kreis_03101,tours_per_mobile,1.5463224712769474,1.595251636,-0.04892916472305253,4519
kreis_03101,trips_per_mobile_person,3.739087102918644,3.85400061,-0.11491350708135606,4519
kreis_03101,trips_per_person,3.1737927326776507,3.288442944,-0.1146502113223491,4519
kreis_03101,trips_per_person_education,0.2113864204168116,0.2054597505,0.005926669916811594,4519
kreis_03101,trips_per_person_escort,0.10567739793175421,0.1199848105,-0.01430741256824579,4519
kreis_03101,trips_per_person_home,1.3125415072262103,1.361155463,-0.048613955773789685,4519
kreis_03101,trips_per_person_leisure,0.5207219885519117,0.5749332249,-0.05421123634808833,4519
kreis_03101,trips_per_person_other,0.34268761266247116,0.2051699257,0.13751768696247116,4519
kreis_03101,trips_per_person_shop,0.269120995540938,0.3900583952,-0.12093739965906203,4519
kreis_03101,trips_per_person_work,0.41165681034755386,0.4284010964,-0.016744286052446156,4519
kreis_03102,dep_hour_share_all_10,0.04460980096451832,0.05599799838,-1.138819741548168,1794
kreis_03102,dep_hour_share_all_11,0.04965446379741801,0.05435093842,-0.4696474622581992,1794
kreis_03102,dep_hour_share_all_12,0.060545897482640325,0.06319435206,-0.26484545773596757,1794
kreis_03102,dep_hour_share_all_13,0.06628328996867801,0.06619872613,0.008456383867801176,1794
kreis_03102,dep_hour_share_all_14,0.07458941681443794,0.06538420907,0.9205207744437935,1794
kreis_03102,dep_hour_share_all_15,0.08882186241527319,0.08964608147,-0.08242190547268075,1794
kreis_03102,dep_hour_share_all_16,0.08902404666810294,0.08734953676,0.16745099081029446,1794
kreis_03102,dep_hour_share_all_17,0.07639250261016556,0.07466723082,0.17252717901655584,1794
kreis_03102,dep_hour_share_all_18,0.057529706169934205,0.0545953237,0.2934382469934209,1794
kreis_03102,dep_hour_share_all_19,0.03417245322417593,0.04411365433,-0.9941201105824069,1794
kreis_03102,dep_hour_share_all_20,0.027699242637675876,0.01856791988,0.9131322757675877,1794
kreis_03102,dep_hour_share_all_21,0.017954624550471487,0.02047187277,-0.2517248219528513,1794
kreis_03102,dep_hour_share_all_22,0.013128718450141694,0.01109499983,0.20337186201416935,1794
kreis_03102,dep_hour_share_all_23,0.006920667539483933,0.002286324245,0.4634343294483933,1794
kreis_03102,dep_hour_share_all_4,0.005399313899338758,0.004248621672,0.1150692227338758,1794
kreis_03102,dep_hour_share_all_5,0.018398767007507335,0.02066589265,-0.2267125642492665,1794
kreis_03102,dep_hour_share_all_6,0.049946139440844535,0.03642322146,1.3522917980844533,1794
kreis_03102,dep_hour_share_all_7,0.09719759367594173,0.1066172801,-0.9419686424058271,1794
kreis_03102,dep_hour_share_all_8,0.060622130889444986,0.07298458603,-1.236245514055502,1794
kreis_03102,dep_hour_share_all_9,0.04758290382990007,0.04805610009,-0.04731962600999298,1794
kreis_03102,dep_hour_share_education_10,0.018992248062015504,0.005463369422,1.3528878640015503,1794
kreis_03102,dep_hour_share_education_11,0.023772609819121448,0.008815438064,1.4957171755121448,1794
kreis_03102,dep_hour_share_education_12,0.020198105081826012,0.02082189191,-0.06237868281739889,1794
kreis_03102,dep_hour_share_education_13,0.02962962962962963,0.02006965188,0.955997774962963,1794
kreis_03102,dep_hour_share_education_14,0.023815676141257538,0.01377510542,1.0040570721257538,1794
kreis_03102,dep_hour_share_education_15,0.031309216192937125,0.007347558802,2.3961657390937128,1794
kreis_03102,dep_hour_share_education_16,0.019078380706287684,0.01565707294,0.34213077662876845,1794
kreis_03102,dep_hour_share_education_17,0.007795004306632214,0.0292680655,-2.1473061193367786,1794
kreis_03102,dep_hour_share_education_18,0.004737295434969853,0.008138399725,-0.3401104290030147,1794
kreis_03102,dep_hour_share_education_19,0.001335055986218777,0.0,0.1335055986218777,1794
kreis_03102,dep_hour_share_education_20,0.0004306632213608958,0.0,0.04306632213608958,1794
kreis_03102,dep_hour_share_education_21,0.00012919896640826872,0.0,0.012919896640826873,1794
kreis_03102,dep_hour_share_education_22,0.00012919896640826872,0.0,0.012919896640826873,1794
kreis_03102,dep_hour_share_education_23,8.613264427217915e-05,0.0,0.008613264427217915,1794
kreis_03102,dep_hour_share_education_4,0.0008613264427217916,0.0,0.08613264427217916,1794
kreis_03102,dep_hour_share_education_5,0.0049095607235142115,0.0,0.49095607235142114,1794
kreis_03102,dep_hour_share_education_6,0.17338501291989664,0.06901546842,10.436954449989663,1794
kreis_03102,dep_hour_share_education_7,0.4806632213608958,0.6150964299,-13.443320853910423,1794
kreis_03102,dep_hour_share_education_8,0.12157622739018088,0.1660756636,-4.449943620981912,1794
kreis_03102,dep_hour_share_education_9,0.03522825150732128,0.02045588436,1.477236714732128,1794
kreis_03102,dep_hour_share_escort_10,0.02125839147031723,0.01862516033,0.263323114031723,1794
kreis_03102,dep_hour_share_escort_11,0.03257864946689483,0.02053651758,1.204213188689483,1794
kreis_03102,dep_hour_share_escort_12,0.0621956035277083,0.0642005887,-0.20049851722917025,1794
kreis_03102,dep_hour_share_escort_13,0.06759247071212321,0.0757287673,-0.813629658787679,1794
kreis_03102,dep_hour_share_escort_14,0.12458865341582204,0.06950923725,5.507941616582205,1794
kreis_03102,dep_hour_share_escort_15,0.13064367513492167,0.1136989828,1.6944692334921672,1794
kreis_03102,dep_hour_share_escort_16,0.06778991707252863,0.06200208645,0.5787830622528627,1794
kreis_03102,dep_hour_share_escort_17,0.053968671844149003,0.05272871415,0.1239957694149002,1794
kreis_03102,dep_hour_share_escort_18,0.03863367118599447,0.02508727222,1.354639896599447,1794
kreis_03102,dep_hour_share_escort_19,0.01796761879689351,0.03263084378,-1.466322498310649,1794
kreis_03102,dep_hour_share_escort_20,0.012373305252073186,0.004882833198,0.7490472054073186,1794
kreis_03102,dep_hour_share_escort_21,0.0038831117546399897,0.0,0.38831117546399896,1794
kreis_03102,dep_hour_share_escort_22,0.001974463604054232,0.0,0.1974463604054232,1794
kreis_03102,dep_hour_share_escort_23,0.002303540871396604,0.0,0.23035408713966038,1794
kreis_03102,dep_hour_share_escort_4,0.0022377254179281295,0.0,0.22377254179281295,1794
kreis_03102,dep_hour_share_escort_5,0.0022377254179281295,0.002065175858,0.01725495599281296,1794
kreis_03102,dep_hour_share_escort_6,0.03981834934842701,0.008083858796,3.1734490552427013,1794
kreis_03102,dep_hour_share_escort_7,0.190206660523891,0.2779537572,-8.774709667610898,1794
kreis_03102,dep_hour_share_escort_8,0.09569566934316177,0.1447613543,-4.906568495683823,1794
kreis_03102,dep_hour_share_escort_9,0.024483348690272477,0.01123233948,1.3251009210272475,1794
kreis_03102,dep_hour_share_home_10,0.030424232936756418,0.04550045972,-1.507622678324358,1794
kreis_03102,dep_hour_share_home_11,0.0493425172197871,0.06218986094,-1.28473437202129,1794
kreis_03102,dep_hour_share_home_12,0.07669849718221666,0.07852345259,-0.1824955407783338,1794
kreis_03102,dep_hour_share_home_13,0.08582498434564809,0.09039482876,-0.45698444143519173,1794
kreis_03102,dep_hour_share_home_14,0.08879148403256105,0.0770255852,1.176589883256106,1794
kreis_03102,dep_hour_share_home_15,0.11029273638071384,0.1092339116,0.10588247807138407,1794
kreis_03102,dep_hour_share_home_16,0.11479336255479024,0.1190348678,-0.4241505245209762,1794
kreis_03102,dep_hour_share_home_17,0.10433625547902317,0.08377673445,2.055952102902317,1794
kreis_03102,dep_hour_share_home_18,0.07968065122103946,0.08003307081,-0.03524195889605397,1794
kreis_03102,dep_hour_share_home_19,0.05175328741390106,0.05596458716,-0.4211299746098941,1794
kreis_03102,dep_hour_share_home_20,0.047957107075767065,0.03341743577,1.4539671305767068,1794
kreis_03102,dep_hour_share_home_21,0.03382122730118973,0.03619514563,-0.23739183288102733,1794
kreis_03102,dep_hour_share_home_22,0.02529743268628679,0.02168557803,0.361185465628679,1794
kreis_03102,dep_hour_share_home_23,0.013728866624921728,0.004497603958,0.9231262666921728,1794
kreis_03102,dep_hour_share_home_4,2.34815278647464e-05,0.000740800273,-0.07173187451352536,1794
kreis_03102,dep_hour_share_home_5,0.0010018785222291797,0.003578231944,-0.25763534217708206,1794
kreis_03102,dep_hour_share_home_6,0.0019881026925485283,0.005518117656,-0.3530014963451472,1794
kreis_03102,dep_hour_share_home_7,0.011278960551033187,0.02080562375,-0.9526663198966812,1794
kreis_03102,dep_hour_share_home_8,0.021172510958046335,0.04005671538,-1.8884204421953668,1794
kreis_03102,dep_hour_share_home_9,0.030432060112711334,0.02873681964,0.16952404727113324,1794
kreis_03102,dep_hour_share_leisure_10,0.05003189870932914,0.05721627985,-0.718438114067086,1794
kreis_03102,dep_hour_share_leisure_11,0.03307650782745252,0.0392547623,-0.6178254472547482,1794
kreis_03102,dep_hour_share_leisure_12,0.04936938705403151,0.07502043453,-2.565104747596849,1794
kreis_03102,dep_hour_share_leisure_13,0.06261962015998429,0.04863800139,1.3981618769984292,1794
kreis_03102,dep_hour_share_leisure_14,0.08541492859596604,0.08592498985,-0.051006125403395275,1794
kreis_03102,dep_hour_share_leisure_15,0.10533935319232468,0.096035257,0.9304096192324682,1794
kreis_03102,dep_hour_share_leisure_16,0.13390096677626737,0.1114906753,2.241029147626737,1794
kreis_03102,dep_hour_share_leisure_17,0.1271286254110026,0.1178850653,0.9243560111002593,1794
kreis_03102,dep_hour_share_leisure_18,0.09753643814104138,0.08600026419,1.1536173951041382,1794
kreis_03102,dep_hour_share_leisure_19,0.0524120331746577,0.09524265053,-4.28306173553423,1794
kreis_03102,dep_hour_share_leisure_20,0.02679491583648231,0.01372419589,1.307071994648231,1794
kreis_03102,dep_hour_share_leisure_21,0.014722481228836433,0.01882117763,-0.40986964011635685,1794
kreis_03102,dep_hour_share_leisure_22,0.01082102370319478,0.01131361043,-0.04925867268052199,1794
kreis_03102,dep_hour_share_leisure_23,0.0018893850910340088,0.002251885305,-0.036250021396599115,1794
kreis_03102,dep_hour_share_leisure_4,0.00031898709329145606,0.002680584327,-0.23615972337085442,1794
kreis_03102,dep_hour_share_leisure_5,0.004833881336801296,0.002492599846,0.2341281490801296,1794
kreis_03102,dep_hour_share_leisure_6,0.018354026598616086,0.01326065175,0.5093374848616087,1794
kreis_03102,dep_hour_share_leisure_7,0.02932227511409923,0.02586163569,0.34606394240992294,1794
kreis_03102,dep_hour_share_leisure_8,0.04348039456249693,0.04689578518,-0.34153906175030735,1794
kreis_03102,dep_hour_share_leisure_9,0.04934484958531678,0.04998949377,-0.06446441846832199,1794
kreis_03102,dep_hour_share_other_10,0.08419460549533653,0.1490332128,-6.483860730466348,1794
kreis_03102,dep_hour_share_other_11,0.09106377615326443,0.06521807797,2.584569818326443,1794
kreis_03102,dep_hour_share_other_12,0.06264179480715906,0.03565917878,2.698261602715906,1794
kreis_03102,dep_hour_share_other_13,0.06446937232165365,0.02538823107,3.908114125165364,1794
kreis_03102,dep_hour_share_other_14,0.08397403579531132,0.07498158342,0.8992452375311322,1794
kreis_03102,dep_hour_share_other_15,0.08829089992437611,0.1195323042,-3.1241404275623887,1794
kreis_03102,dep_hour_share_other_16,0.08961431812452735,0.0967057086,-0.709139047547265,1794
kreis_03102,dep_hour_share_other_17,0.04877741366271742,0.09062683153,-4.184941786728257,1794
kreis_03102,dep_hour_share_other_18,0.04086841441895639,0.0180191687,2.284924571895639,1794
kreis_03102,dep_hour_share_other_19,0.026310814217292665,0.001435302409,2.4875511808292665,1794
kreis_03102,dep_hour_share_other_20,0.012194353415679355,0.0,1.2194353415679355,1794
kreis_03102,dep_hour_share_other_21,0.006207461557852281,0.0,0.6207461557852281,1794
kreis_03102,dep_hour_share_other_22,0.004852533400554576,0.0,0.48525334005545756,1794
kreis_03102,dep_hour_share_other_23,0.00586085202924124,0.0,0.586085202924124,1794
kreis_03102,dep_hour_share_other_4,0.003907234686160827,0.0,0.3907234686160827,1794
kreis_03102,dep_hour_share_other_5,0.0037181749432820773,0.003051138735,0.06670362082820772,1794
kreis_03102,dep_hour_share_other_6,0.019378623645071844,0.01267362443,0.6704999215071844,1794
kreis_03102,dep_hour_share_other_7,0.07215780186538946,0.04841632628,2.3741475585389464,1794
kreis_03102,dep_hour_share_other_8,0.09500252079657172,0.1178466867,-2.2844165903428277,1794
kreis_03102,dep_hour_share_other_9,0.09049659692462818,0.1389144219,-4.841782497537182,1794
kreis_03102,dep_hour_share_shop_10,0.12867078825347758,0.1415361828,-1.2865394546522413,1794
kreis_03102,dep_hour_share_shop_11,0.09981968057702216,0.1278791152,-2.8059434622977846,1794
kreis_03102,dep_hour_share_shop_12,0.0769792203331616,0.06074797599,1.6231244343161595,1794
kreis_03102,dep_hour_share_shop_13,0.05534088957582002,0.05290030681,0.24405827658200221,1794
kreis_03102,dep_hour_share_shop_14,0.07848188219131032,0.05309710309,2.5384779101310317,1794
kreis_03102,dep_hour_share_shop_15,0.0926069036579083,0.09884998315,-0.6243079492091699,1794
kreis_03102,dep_hour_share_shop_16,0.08161600549544908,0.07077933091,1.0836674585449082,1794
kreis_03102,dep_hour_share_shop_17,0.07277176713034518,0.0802868732,-0.7515106069654818,1794
kreis_03102,dep_hour_share_shop_18,0.047655847501288,0.03013849475,1.7517352751287998,1794
kreis_03102,dep_hour_share_shop_19,0.011162630946247639,0.02756928234,-1.6406651393752363,1794
kreis_03102,dep_hour_share_shop_20,0.00463678516228748,0.00764840668,-0.30116215177125194,1794
kreis_03102,dep_hour_share_shop_21,0.0024901253649321654,0.01330831612,-1.0818190755067836,1794
kreis_03102,dep_hour_share_shop_22,0.00197492701356689,0.0,0.19749270135668898,1794
kreis_03102,dep_hour_share_shop_23,0.0003863987635239567,0.0,0.03863987635239567,1794
kreis_03102,dep_hour_share_shop_4,0.000429331959471063,0.0,0.042933195947106303,1794
kreis_03102,dep_hour_share_shop_5,0.0010733298986776575,0.0,0.10733298986776575,1794
kreis_03102,dep_hour_share_shop_6,0.00940236991241628,0.01139650326,-0.19941333475837192,1794
kreis_03102,dep_hour_share_shop_7,0.041130001717327835,0.03371704054,0.7412961177327836,1794
kreis_03102,dep_hour_share_shop_8,0.08406319766443414,0.06660087224,1.7462325424434142,1794
kreis_03102,dep_hour_share_shop_9,0.10711832388803022,0.1235442129,-1.6425889011969785,1794
kreis_03102,dep_hour_share_work_10,0.027673652167350123,0.01228181889,1.5391833277350122,1794
kreis_03102,dep_hour_share_work_11,0.02684344260232962,0.01691956326,0.992387934232962,1794
kreis_03102,dep_hour_share_work_12,0.03172406853002591,0.03380337557,-0.2079307039974089,1794
kreis_03102,dep_hour_share_work_13,0.03600090568316184,0.05840194655,-2.240104086683816,1794
kreis_03102,dep_hour_share_work_14,0.01861682054894463,0.03017141703,-1.1554596481055373,1794
kreis_03102,dep_hour_share_work_15,0.018692294145764673,0.02302332758,-0.4331033434235326,1794
kreis_03102,dep_hour_share_work_16,0.013031774384261239,0.004292362918,0.8739411466261239,1794
kreis_03102,dep_hour_share_work_17,0.007371254622757805,0.00800506722,-0.0633812597242195,1794
kreis_03102,dep_hour_share_work_18,0.002465470829454829,0.003809781501,-0.1344310671545171,1794
kreis_03102,dep_hour_share_work_19,0.004100732093889154,0.003189842786,0.09108893078891545,1794
kreis_03102,dep_hour_share_work_20,0.011195250194973458,0.008183139739,0.3012110455973457,1794
kreis_03102,dep_hour_share_work_21,0.004503257943596065,0.004693160007,-0.01899020634039345,1794
kreis_03102,dep_hour_share_work_22,0.0013836826083675061,0.0,0.1383682608367506,1794
kreis_03102,dep_hour_share_work_23,0.0006289466401670482,0.0,0.06289466401670482,1794
kreis_03102,dep_hour_share_work_4,0.03584995848952175,0.02932437751,0.6525580979521751,1794
kreis_03102,dep_hour_share_work_5,0.12415406676897532,0.1539003873,-2.9746320531024675,1794
kreis_03102,dep_hour_share_work_6,0.21640795994867795,0.2068248526,0.9583107348677955,1794
kreis_03102,dep_hour_share_work_7,0.2362323580467433,0.2462323274,-0.9999969353256699,1794
kreis_03102,dep_hour_share_work_8,0.11479534076328965,0.1193508457,-0.455550493671035,1794
kreis_03102,dep_hour_share_work_9,0.047799944652695665,0.03168121451,1.6118730142695665,1794
kreis_03102,mean_work_activity_h,6.036958463976265,7.072122757,-1.035164293023735,1794
kreis_03102,mobility_rate,0.8322250835991851,0.8518945471,-1.9669463500814888,1794
kreis_03102,n_persons_unweighted,104068.0,1794.0,102274.0,1794
kreis_03102,n_persons_weighted,104068.0,104215.0,-147.0,1794
kreis_03102,n_work_activities_measured,39548.0,574.0,38974.0,1794
kreis_03102,nonhome_acts_per_mobile,2.008417236283022,2.028576664,-0.020159427716977874,1794
kreis_03102,participation_education,0.1843121804973671,0.1930437614,-0.8731580902632902,1794
kreis_03102,participation_escort,0.09419802436868202,0.1004531557,-0.6255131331317985,1794
kreis_03102,participation_home,0.8322250835991851,0.8392071382,-0.6982054600814913,1794
kreis_03102,participation_leisure,0.3178883038013606,0.3421771265,-2.4288822698639354,1794
kreis_03102,participation_other,0.22355575200830227,0.1616519367,6.190381530830227,1794
kreis_03102,participation_shop,0.1903755236960449,0.261744458,-7.136893430395511,1794
kreis_03102,participation_work,0.31794595841180767,0.3302091275,-1.2263169088192305,1794
kreis_03102,purpose_share_education,0.07696259591322649,0.06829222748,0.8670368433226494,1794
kreis_03102,purpose_share_escort,0.05036045143434812,0.05432030239,-0.3959850955651878,1794
kreis_03102,purpose_share_home,0.4234600023201472,0.4340319776,-1.0571975279852819,1794
kreis_03102,purpose_share_leisure,0.1350789678659618,0.1552222015,-2.014323363403819,1794
kreis_03102,purpose_share_other,0.10518884340663893,0.06476168425,4.0427159156638925,1794
kreis_03102,purpose_share_shop,0.07720123962148456,0.1045181978,-2.731695817851544,1794
kreis_03102,purpose_share_work,0.13174789943819293,0.118853409,1.2894490438192934,1794
kreis_03102,share_mobile_first_from_home,1.0,0.9772171382,2.27828618,1794
kreis_03102,share_mobile_last_to_home,1.0,0.971298838,2.8701161999999947,1794
kreis_03102,share_mobile_odd_trip_count,0.2590869203768705,0.2177658142,4.132110617687049,1794
kreis_03102,share_trips_0,0.16777491640081485,0.1481054529,1.966946350081486,1794
kreis_03102,share_trips_1,0.0006245916131760003,0.005918851816,-0.5294260202824,1794
kreis_03102,share_trips_2,0.35027097666910095,0.3510270143,-0.07560376308990424,1794
kreis_03102,share_trips_3,0.11899911596263982,0.1006662674,1.8332848562639823,1794
kreis_03102,share_trips_4,0.18807894837990544,0.2131422171,-2.5063268720094567,1794
kreis_03102,share_trips_5,0.06535150094169197,0.04508730437,2.026419657169197,1794
kreis_03102,share_trips_6,0.054502825075911907,0.07288561167,-1.8382786594088096,1794
kreis_03102,share_trips_7,0.025175846561863398,0.02427825241,0.08975941518633984,1794
kreis_03102,share_trips_8plus,0.029221278394895644,0.03888902797,-0.9667749575104353,1794
kreis_03102,share_trips_followed_by_same_purpose,0.09677665269054209,0.03392662003,6.2850032660542094,1794
kreis_03102,share_trips_home_based,0.821832584809665,0.869356787,-4.7524202190334925,1794
kreis_03102,share_trips_unknown_purpose,0.0,0.0004134294961,-0.04134294961,1794
kreis_03102,share_work_activities_lt_2h,0.17793567310609892,0.06516546791,11.277020519609893,1794
kreis_03102,tours_per_mobile,1.4751524108627379,1.554547509,-0.0793950981372622,1794
kreis_03102,trips_per_mobile_person,3.4835696471457602,3.583124174,-0.09955452685423971,1794
kreis_03102,trips_per_person,2.899114040819464,3.052443945,-0.1533299041805356,1794
kreis_03102,trips_per_person_education,0.22312334242994966,0.2083720135,0.014751328929949653,1794
kreis_03102,trips_per_person_escort,0.14600069185532535,0.1657411275,-0.019740435644674648,1794
kreis_03102,trips_per_person_home,1.2276588384517815,1.324310546,-0.0966517075482185,1794
kreis_03102,trips_per_person_leisure,0.39160933235961104,0.4736111832,-0.08200185084038897,1794
kreis_03102,trips_per_person_other,0.30495445285774686,0.1975996837,0.10735476915774686,1794
kreis_03102,trips_per_person_shop,0.22381519775531383,0.3189040412,-0.09508884344468616,1794
kreis_03102,trips_per_person_work,0.38195218510973594,0.3626433793,0.01930880580973593,1794
kreis_03151,dep_hour_share_all_10,0.040741258179159724,0.05327547111,-1.2534212930840276,3574
kreis_03151,dep_hour_share_all_11,0.04522149518580257,0.05378061782,-0.8559122634197434,3574
kreis_03151,dep_hour_share_all_12,0.059018175485199525,0.06318425229,-0.4166076804800481,3574
kreis_03151,dep_hour_share_all_13,0.06642463307413922,0.06681356015,-0.03889270758607871,3574
kreis_03151,dep_hour_share_all_14,0.07352488053020284,0.07630277758,-0.2777897049797154,3574
kreis_03151,dep_hour_share_all_15,0.08904782045368859,0.08661967614,0.24281443136885822,3574
kreis_03151,dep_hour_share_all_16,0.09091761607756303,0.09032553549,0.05920805875630347,3574
kreis_03151,dep_hour_share_all_17,0.0764893773791092,0.08789306024,-1.14036828608908,3574
kreis_03151,dep_hour_share_all_18,0.0629682861993007,0.06343424151,-0.04659553106993036,3574
kreis_03151,dep_hour_share_all_19,0.0416598885777879,0.03569009255,0.5969796027787904,3574
kreis_03151,dep_hour_share_all_20,0.02747087654564349,0.0220156406,0.545523594564349,3574
kreis_03151,dep_hour_share_all_21,0.017593685947060095,0.01401562092,0.35780650270600955,3574
kreis_03151,dep_hour_share_all_22,0.014282788885337702,0.009160260505,0.5122528380337702,3574
kreis_03151,dep_hour_share_all_23,0.007444733855549198,0.001397038088,0.6047695767549197,3574
kreis_03151,dep_hour_share_all_4,0.004235268900341998,0.002267490539,0.19677783613419983,3574
kreis_03151,dep_hour_share_all_5,0.016617641148517655,0.009547669686,0.7069971462517656,3574
kreis_03151,dep_hour_share_all_6,0.050961021363898205,0.03465618137,1.6304839993898208,3574
kreis_03151,dep_hour_share_all_7,0.09963312198454786,0.107848736,-0.8215614015452135,3574
kreis_03151,dep_hour_share_all_8,0.057129241728020336,0.07190555352,-1.4776311791979664,3574
kreis_03151,dep_hour_share_all_9,0.0466874761969467,0.04831656661,-0.16290904130532996,3574
kreis_03151,dep_hour_share_education_10,0.015454024277773624,0.01203153858,0.3422485697773623,3574
kreis_03151,dep_hour_share_education_11,0.02539943667588923,0.009096817215,1.630261946088923,3574
kreis_03151,dep_hour_share_education_12,0.026770358184401405,0.01586000299,1.0910355194401404,3574
kreis_03151,dep_hour_share_education_13,0.02811635384730427,0.01389920682,1.4217147027304269,3574
kreis_03151,dep_hour_share_education_14,0.023529998255190806,0.01103366649,1.2496331765190807,3574
kreis_03151,dep_hour_share_education_15,0.03330092973404123,0.03138602005,0.19149096840412327,3574
kreis_03151,dep_hour_share_education_16,0.016226725491662305,0.00656040349,0.9666322001662305,3574
kreis_03151,dep_hour_share_education_17,0.007727012138886812,0.01918744175,-1.1460429611113188,3574
kreis_03151,dep_hour_share_education_18,0.003215434083601286,0.01088533825,-0.7669904166398713,3574
kreis_03151,dep_hour_share_education_19,0.00737805030035644,0.0,0.737805030035644,3574
kreis_03151,dep_hour_share_education_20,0.0005732944490141828,0.0,0.05732944490141828,3574
kreis_03151,dep_hour_share_education_21,0.00029911014731174755,0.0,0.029911014731174756,3574
kreis_03151,dep_hour_share_education_22,0.00012462922804656147,0.0,0.012462922804656147,3574
kreis_03151,dep_hour_share_education_23,7.477753682793689e-05,0.0,0.007477753682793689,3574
kreis_03151,dep_hour_share_education_4,0.0007228495226700566,0.0,0.07228495226700565,3574
kreis_03151,dep_hour_share_education_5,0.004087838679927217,0.001631845133,0.2455993546927217,3574
kreis_03151,dep_hour_share_education_6,0.1727361100725342,0.09518298409,7.755312598253419,3574
kreis_03151,dep_hour_share_education_7,0.4887459807073955,0.5934328793,-10.468689859260449,3574
kreis_03151,dep_hour_share_education_8,0.11495799995014831,0.1648780037,-4.992000374985168,3574
kreis_03151,dep_hour_share_education_9,0.028739499987537078,0.01493385218,1.3805647807537078,3574
kreis_03151,dep_hour_share_escort_10,0.011397510082412765,0.006751716853,0.4645793229412765,3574
kreis_03151,dep_hour_share_escort_11,0.027985270910047343,0.06136858157,-3.3383310659952654,3574
kreis_03151,dep_hour_share_escort_12,0.059933368402595125,0.04996301876,0.9970349642595127,3574
kreis_03151,dep_hour_share_escort_13,0.07603015956514116,0.1096775581,-3.364739853485885,3574
kreis_03151,dep_hour_share_escort_14,0.12558302647729266,0.09279235286,3.279067361729267,3574
kreis_03151,dep_hour_share_escort_15,0.11358933894441522,0.1053799514,0.820938754441522,3574
kreis_03151,dep_hour_share_escort_16,0.08034367876556199,0.06455789437,1.5785784395561997,3574
kreis_03151,dep_hour_share_escort_17,0.06319480974925477,0.02937674321,3.3818066539254774,3574
kreis_03151,dep_hour_share_escort_18,0.0515167455725057,0.02991605405,2.1600691522505695,3574
kreis_03151,dep_hour_share_escort_19,0.026442223391197617,0.02766531207,-0.1223088678802383,3574
kreis_03151,dep_hour_share_escort_20,0.005576012624934245,0.009548458349,-0.3972445724065755,3574
kreis_03151,dep_hour_share_escort_21,0.00782044537962476,0.004706234511,0.3114210868624759,3574
kreis_03151,dep_hour_share_escort_22,0.001893740136770121,0.005124866326,-0.3231126189229879,3574
kreis_03151,dep_hour_share_escort_23,0.0019288093985621604,0.0,0.19288093985621604,3574
kreis_03151,dep_hour_share_escort_4,0.0004909696650885498,0.0,0.049096966508854985,3574
kreis_03151,dep_hour_share_escort_5,0.0016131860424338069,0.0005417023648,0.1071483677633807,3574
kreis_03151,dep_hour_share_escort_6,0.047308434157460985,0.01546537353,3.1843060627460984,3574
kreis_03151,dep_hour_share_escort_7,0.19238997019112747,0.2216046364,-2.9214666208872533,3574
kreis_03151,dep_hour_share_escort_8,0.07676661406277398,0.1450352227,-6.826860863722602,3574
kreis_03151,dep_hour_share_escort_9,0.02135718043135192,0.0198520364,0.1505144031351921,3574
kreis_03151,dep_hour_share_home_10,0.029951788050389262,0.04084502196,-1.0893233909610736,3574
kreis_03151,dep_hour_share_home_11,0.043267251552937085,0.06061309749,-1.7345845937062911,3574
kreis_03151,dep_hour_share_home_12,0.07444949638181668,0.06997066698,0.4478829401816681,3574
kreis_03151,dep_hour_share_home_13,0.08327768070332726,0.0853597357,-0.20820549966727303,3574
kreis_03151,dep_hour_share_home_14,0.08882159748968521,0.0949945457,-0.617294821031479,3574
kreis_03151,dep_hour_share_home_15,0.10995892378486676,0.0966377123,1.3321211484866757,3574
kreis_03151,dep_hour_share_home_16,0.11119395475212471,0.09912547335,1.20684814021247,3574
kreis_03151,dep_hour_share_home_17,0.1003897208830014,0.117556205,-1.7166484116998602,3574
kreis_03151,dep_hour_share_home_18,0.09092572432279135,0.08895521924,0.19705050827913545,3574
kreis_03151,dep_hour_share_home_19,0.06010941459532152,0.05168985603,0.8419558565321519,3574
kreis_03151,dep_hour_share_home_20,0.050521914938385676,0.04145329759,0.9068617348385676,3574
kreis_03151,dep_hour_share_home_21,0.03187294733279053,0.02711545077,0.47574965627905297,3574
kreis_03151,dep_hour_share_home_22,0.028204447941157635,0.01784287486,1.0361573081157636,3574
kreis_03151,dep_hour_share_home_23,0.015625428830196963,0.003038706035,1.2586722795196963,3574
kreis_03151,dep_hour_share_home_4,5.4890265211464746e-05,0.0003981406923,-0.034325042708853525,3574
kreis_03151,dep_hour_share_home_5,0.000507734953206049,0.001682486915,-0.1174751961793951,3574
kreis_03151,dep_hour_share_home_6,0.0019348818487041324,0.006112698831,-0.4177816982295868,3574
kreis_03151,dep_hour_share_home_7,0.010827104812961421,0.02255023855,-1.172313373703858,3574
kreis_03151,dep_hour_share_home_8,0.01940828294102041,0.03620096444,-1.6792681498979587,3574
kreis_03151,dep_hour_share_home_9,0.029494369173627057,0.03585285143,-0.6358482256372943,3574
kreis_03151,dep_hour_share_leisure_10,0.04102537572104814,0.05570669057,-1.468131484895186,3574
kreis_03151,dep_hour_share_leisure_11,0.03458444346723919,0.03804554098,-0.3461097512760809,3574
kreis_03151,dep_hour_share_leisure_12,0.04002948860549937,0.04699122706,-0.6961738454500633,3574
kreis_03151,dep_hour_share_leisure_13,0.05465738896505341,0.03195226994,2.2705119025053415,3574
kreis_03151,dep_hour_share_leisure_14,0.07489847124860964,0.08200482232,-0.7106351071390362,3574
kreis_03151,dep_hour_share_leisure_15,0.1101813290566233,0.1303417906,-2.016046154337671,3574
kreis_03151,dep_hour_share_leisure_16,0.16060943118032023,0.1547659692,0.5843461980320236,3574
kreis_03151,dep_hour_share_leisure_17,0.1275640859825655,0.1219572218,0.5606864182565494,3574
kreis_03151,dep_hour_share_leisure_18,0.09401433042758478,0.1133825256,-1.9368195172415226,3574
kreis_03151,dep_hour_share_leisure_19,0.06376264259292791,0.05896213968,0.4800502912927912,3574
kreis_03151,dep_hour_share_leisure_20,0.021560309371685765,0.01869717184,0.28631375316857666,3574
kreis_03151,dep_hour_share_leisure_21,0.014666701156263742,0.005146799563,0.9519901593263741,3574
kreis_03151,dep_hour_share_leisure_22,0.011704907007423885,0.003231748698,0.8473158309423886,3574
kreis_03151,dep_hour_share_leisure_23,0.002263379808065392,0.0006512571564,0.16121226516653925,3574
kreis_03151,dep_hour_share_leisure_4,0.00015520318683876977,0.003016775514,-0.28615723271612303,3574
kreis_03151,dep_hour_share_leisure_5,0.0026772549729687785,0.003321333035,-0.06440780620312214,3574
kreis_03151,dep_hour_share_leisure_6,0.018042370470006983,0.008843545751,0.9198824719006984,3574
kreis_03151,dep_hour_share_leisure_7,0.026824284125300708,0.01727750194,0.9546782185300708,3574
kreis_03151,dep_hour_share_leisure_8,0.046625624046147084,0.05617735909,-0.9551735043852914,3574
kreis_03151,dep_hour_share_leisure_9,0.05089371168421325,0.04850358488,0.2390126804213251,3574
kreis_03151,dep_hour_share_other_10,0.08572727100573788,0.1237126258,-3.7985354794262127,3574
kreis_03151,dep_hour_share_other_11,0.0922794326509743,0.0903879872,0.18914454509742912,3574
kreis_03151,dep_hour_share_other_12,0.0645747722839775,0.07820017067,-1.3625398386022503,3574
kreis_03151,dep_hour_share_other_13,0.08229969511617778,0.0630453521,1.9254343016177788,3574
kreis_03151,dep_hour_share_other_14,0.07998939534531407,0.08562378072,-0.5634385374685926,3574
kreis_03151,dep_hour_share_other_15,0.07978108962826898,0.1008998158,-2.1118726171731024,3574
kreis_03151,dep_hour_share_other_16,0.07413789838468385,0.09468582851,-2.0547930125316154,3574
kreis_03151,dep_hour_share_other_17,0.05650765996932225,0.03513973227,2.136792769932225,3574
kreis_03151,dep_hour_share_other_18,0.04260798757740451,0.02164090522,2.096708235740451,3574
kreis_03151,dep_hour_share_other_19,0.036074762815535816,0.01225358956,2.3821173255535815,3574
kreis_03151,dep_hour_share_other_20,0.018861135834264398,0.005215719467,1.3645416367264398,3574
kreis_03151,dep_hour_share_other_21,0.011362130020641202,0.003600892744,0.7761237276641202,3574
kreis_03151,dep_hour_share_other_22,0.004866779025507982,0.01051023822,-0.5643459194492019,3574
kreis_03151,dep_hour_share_other_23,0.0033139545893536844,0.0,0.3313954589353684,3574
kreis_03151,dep_hour_share_other_4,0.0007574753347094135,0.0,0.07574753347094135,3574
kreis_03151,dep_hour_share_other_5,0.002916280038631242,0.0006855590116,0.2230721027031242,3574
kreis_03151,dep_hour_share_other_6,0.01745980646505198,0.01884942288,-0.138961641494802,3574
kreis_03151,dep_hour_share_other_7,0.06641164997064783,0.03849861215,2.791303782064783,3574
kreis_03151,dep_hour_share_other_8,0.08012195352888822,0.109142914,-2.9020960471111774,3574
kreis_03151,dep_hour_share_other_9,0.08932527884560759,0.1079068537,-1.8581574854392406,3574
kreis_03151,dep_hour_share_shop_10,0.11029295328582739,0.1223811126,-1.2088159314172606,3574
kreis_03151,dep_hour_share_shop_11,0.0857746107152283,0.09411248034,-0.8337869624771704,3574
kreis_03151,dep_hour_share_shop_12,0.08474531538664555,0.1020627898,-1.7317474413354448,3574
kreis_03151,dep_hour_share_shop_13,0.05806281340723146,0.07210519603,-1.4042382622768537,3574
kreis_03151,dep_hour_share_shop_14,0.08089205595143838,0.07698168234,0.3910373611438381,3574
kreis_03151,dep_hour_share_shop_15,0.10868302982317234,0.07081403551,3.786899431317234,3574
kreis_03151,dep_hour_share_shop_16,0.08442860913169702,0.1143379935,-2.990938436830298,3574
kreis_03151,dep_hour_share_shop_17,0.06542623383478491,0.1143724742,-4.89462403652151,3574
kreis_03151,dep_hour_share_shop_18,0.04291369754552653,0.02866793894,1.4245758605526528,3574
kreis_03151,dep_hour_share_shop_19,0.015650567432040116,0.01471347049,0.09370969420401162,3574
kreis_03151,dep_hour_share_shop_20,0.004460279757191871,0.002839077483,0.1621202274191871,3574
kreis_03151,dep_hour_share_shop_21,0.0010292953285827395,0.004475480917,-0.34461855884172604,3574
kreis_03151,dep_hour_share_shop_22,0.0005278437582475588,0.0005915770036,-0.006373324535244123,3574
kreis_03151,dep_hour_share_shop_23,0.00047505938242280285,0.0,0.047505938242280284,3574
kreis_03151,dep_hour_share_shop_4,2.6392187912377936e-05,0.0,0.0026392187912377936,3574
kreis_03151,dep_hour_share_shop_5,0.0007653734494589601,0.001394360309,-0.06289868595410399,3574
kreis_03151,dep_hour_share_shop_6,0.01456848772763262,0.005051757983,0.9516729744632622,3574
kreis_03151,dep_hour_share_shop_7,0.047796252309316445,0.0227578817,2.5038370609316445,3574
kreis_03151,dep_hour_share_shop_8,0.08115597783056215,0.06498539394,1.6170583890562154,3574
kreis_03151,dep_hour_share_shop_9,0.11058326735286356,0.08735529681,2.322797054286356,3574
kreis_03151,dep_hour_share_work_10,0.028505576208178438,0.04095154438,-1.2445968171821566,3574
kreis_03151,dep_hour_share_work_11,0.023137546468401486,0.01603574633,0.7101800138401486,3574
kreis_03151,dep_hour_share_work_12,0.03067657992565056,0.0507651394,-2.008855947434944,3574
kreis_03151,dep_hour_share_work_13,0.036193308550185876,0.05127197728,-1.5078668729814122,3574
kreis_03151,dep_hour_share_work_14,0.020743494423791822,0.02269270829,-0.19492138662081765,3574
kreis_03151,dep_hour_share_work_15,0.0158364312267658,0.01672250101,-0.0886069783234203,3574
kreis_03151,dep_hour_share_work_16,0.01075092936802974,0.006487427178,0.426350219002974,3574
kreis_03151,dep_hour_share_work_17,0.008654275092936804,0.008516547155,0.013772793793680356,3574
kreis_03151,dep_hour_share_work_18,0.004178438661710037,0.003206143128,0.09722955337100368,3574
kreis_03151,dep_hour_share_work_19,0.002215613382899628,0.001482325267,0.07332881158996281,3574
kreis_03151,dep_hour_share_work_20,0.004386617100371747,0.001322132511,0.3064484589371747,3574
kreis_03151,dep_hour_share_work_21,0.0032267657992565055,0.005578870895,-0.23521050957434944,3574
kreis_03151,dep_hour_share_work_22,0.0008327137546468401,0.0,0.08327137546468401,3574
kreis_03151,dep_hour_share_work_23,0.0007137546468401486,0.0,0.07137546468401486,3574
kreis_03151,dep_hour_share_work_4,0.03130111524163569,0.01329083293,1.8010282311635688,3574
kreis_03151,dep_hour_share_work_5,0.11854275092936803,0.06582489289,5.271785803936803,3574
kreis_03151,dep_hour_share_work_6,0.22389591078066914,0.1816646257,4.223128508066915,3574
kreis_03151,dep_hour_share_work_7,0.25586617100371745,0.3321687438,-7.630257279628255,3574
kreis_03151,dep_hour_share_work_8,0.11741263940520447,0.1202209262,-0.2808286794795528,3574
kreis_03151,dep_hour_share_work_9,0.04971003717472119,0.05773481954,-0.8024782365278815,3574
kreis_03151,mean_work_activity_h,6.017755602188785,6.28423715,-0.2664815478112148,3574
kreis_03151,mobility_rate,0.8321462091680151,0.8358940444,-0.3747835231984964,3574
kreis_03151,n_persons_unweighted,173669.0,3574.0,170095.0,3574
kreis_03151,n_persons_weighted,173669.0,107068.0,66601.0,3574
kreis_03151,n_work_activities_measured,67191.0,1236.0,65955.0,3574
kreis_03151,nonhome_acts_per_mobile,2.102845320306121,2.139120026,-0.03627470569387903,3574
kreis_03151,participation_education,0.18580172627239172,0.1826494134,0.31523128723917326,3574
kreis_03151,participation_escort,0.10806188784411726,0.1150801247,-0.7018236855882737,3574
kreis_03151,participation_home,0.8321462091680151,0.831216451,0.09297581680151046,3574
kreis_03151,participation_leisure,0.35818712608467834,0.3821445253,-2.395739921532164,3574
kreis_03151,participation_other,0.21880704098025555,0.1633809278,5.542611318025556,3574
kreis_03151,participation_shop,0.18763855380062072,0.2605779723,-7.293941849937929,3574
kreis_03151,participation_work,0.3215657371206145,0.3239381085,-0.23723713793855072,3574
kreis_03151,purpose_share_education,0.07678027700534146,0.06233506775,1.4445209255341456,3574
kreis_03151,purpose_share_escort,0.05457238711850523,0.05977979352,-0.5207406401494765,3574
kreis_03151,purpose_share_home,0.4183940426818649,0.4268124939,-0.8418451218135059,3574
kreis_03151,purpose_share_leisure,0.14797221908569483,0.1617405157,-1.3768296614305175,3574
kreis_03151,purpose_share_other,0.10106274054241297,0.06494569828,3.611704226241297,3574
kreis_03151,purpose_share_shop,0.07251438709171185,0.1036245534,-3.111016630828815,3574
kreis_03151,purpose_share_work,0.12870394647446878,0.1207618773,0.7942069174468782,3574
kreis_03151,share_mobile_first_from_home,1.0,0.9778671254,2.213287460000002,3574
kreis_03151,share_mobile_last_to_home,1.0,0.9850407459,1.4959254099999986,3574
kreis_03151,share_mobile_odd_trip_count,0.263171369656375,0.2196672558,4.350411385637501,3574
kreis_03151,share_trips_0,0.16785379083198498,0.1641059556,0.37478352319849917,3574
kreis_03151,share_trips_1,0.0006506630429149704,0.004752026205,-0.410136316208503,3574
kreis_03151,share_trips_2,0.33590335638484703,0.3298549021,0.6048454284847016,3574
kreis_03151,share_trips_3,0.10852829232620675,0.07512812162,3.340017070620675,3574
kreis_03151,share_trips_4,0.18748308563992422,0.222638183,-3.5155097360075773,3574
kreis_03151,share_trips_5,0.07551721953831714,0.05928519041,1.6232029128317136,3574
kreis_03151,share_trips_6,0.060459840270860085,0.06692578753,-0.6465947259139917,3574
kreis_03151,share_trips_7,0.025560117234509325,0.02800039044,-0.24402732054906762,3574
kreis_03151,share_trips_8plus,0.03804363473043548,0.04930944301,-1.126580827956452,3574
kreis_03151,share_trips_followed_by_same_purpose,0.0902745747985233,0.04155748233,4.87170924685233,3574
kreis_03151,share_trips_home_based,0.8156672414486036,0.8513942199,-3.5726978451396385,3574
kreis_03151,share_trips_unknown_purpose,0.0,0.0003608672198,-0.03608672198,3574
kreis_03151,share_work_activities_lt_2h,0.17176407554583203,0.1076775839,6.4086491645832036,3574
kreis_03151,tours_per_mobile,1.5127388975767724,1.591849944,-0.07911104642322764,3574
kreis_03151,trips_per_mobile_person,3.6155842178828936,3.73096997,-0.11538575211710622,3574
kreis_03151,trips_per_person,3.0086947008389524,3.118695578,-0.11000087716104767,3574
kreis_03151,trips_per_person_education,0.2310084125549177,0.1943339461,0.036674466454917704,3574
kreis_03151,trips_per_person_escort,0.1641916519355786,0.1863676994,-0.022176047464421395,3574
kreis_03151,trips_per_person_home,1.2588199390795134,1.330617888,-0.07179794892048652,3574
kreis_03151,trips_per_person_leisure,0.44520323143451046,0.5042374028,-0.059034171365489496,3574
kreis_03151,trips_per_person_other,0.30406693192221984,0.2024727699,0.10159416202221985,3574
kreis_03151,trips_per_person_shop,0.21817365217741796,0.3230568139,-0.10488316172258205,3574
kreis_03151,trips_per_person_work,0.38723088173479436,0.3764836232,0.010747258534794357,3574
kreis_03153,dep_hour_share_all_10,0.04859940479906766,0.05240737785,-0.38079730509323406,2258
kreis_03153,dep_hour_share_all_11,0.0539374830908826,0.06342503556,-0.9487552469117394,2258
kreis_03153,dep_hour_share_all_12,0.06243366423175376,0.06509816517,-0.2664500938246238,2258
kreis_03153,dep_hour_share_all_13,0.06823999500530686,0.08363069951,-1.539070450469314,2258
kreis_03153,dep_hour_share_all_14,0.07780014984079416,0.07815669826,-0.03565484192058488,2258
kreis_03153,dep_hour_share_all_15,0.08454038417514724,0.09058075282,-0.6040368644852758,2258
kreis_03153,dep_hour_share_all_16,0.08862978918232711,0.08266902457,0.5960764612327113,2258
kreis_03153,dep_hour_share_all_17,0.07515712472164991,0.07316620234,0.19909223816499122,2258
kreis_03153,dep_hour_share_all_18,0.062027845414247364,0.05813579809,0.3892047324247361,2258
kreis_03153,dep_hour_share_all_19,0.036661567917421076,0.03465676472,0.2004803197421079,2258
kreis_03153,dep_hour_share_all_20,0.026604545170756073,0.02049735222,0.6107192950756072,2258
kreis_03153,dep_hour_share_all_21,0.018761316101642004,0.01381516028,0.4946155821642003,2258
kreis_03153,dep_hour_share_all_22,0.01349087427941146,0.009684183882,0.38066903974114596,2258
kreis_03153,dep_hour_share_all_23,0.0070393956421302365,0.001554154463,0.5485241179130237,2258
kreis_03153,dep_hour_share_all_4,0.004542049072860086,0.002316186677,0.22258623958600865,2258
kreis_03153,dep_hour_share_all_5,0.016459074733096084,0.01754223423,-0.1083159496903914,2258
kreis_03153,dep_hour_share_all_6,0.04732471748766935,0.03561214906,1.171256842766935,2258
kreis_03153,dep_hour_share_all_7,0.08573963080893218,0.1024405401,-1.6700909291067823,2258
kreis_03153,dep_hour_share_all_8,0.058593993881500904,0.0641592531,-0.556525921849909,2258
kreis_03153,dep_hour_share_all_9,0.05219194189506982,0.0486711927,0.3520749195069825,2258
kreis_03153,dep_hour_share_education_10,0.01918859649122807,0.001404834904,1.778376158722807,2258
kreis_03153,dep_hour_share_education_11,0.02412280701754386,0.01986929254,0.4253514477543858,2258
kreis_03153,dep_hour_share_education_12,0.016036184210526317,0.02122449286,-0.5188308649473682,2258
kreis_03153,dep_hour_share_education_13,0.019965277777777776,0.02026308408,-0.02978063022222241,2258
kreis_03153,dep_hour_share_education_14,0.027412280701754384,0.005568766728,2.1843513973754383,2258
kreis_03153,dep_hour_share_education_15,0.04061586257309942,0.01293126717,2.7684595403099417,2258
kreis_03153,dep_hour_share_education_16,0.015259502923976608,0.007478930673,0.7780572250976608,2258
kreis_03153,dep_hour_share_education_17,0.006624634502923977,0.009788265114,-0.31636306110760226,2258
kreis_03153,dep_hour_share_education_18,0.009685672514619883,0.002165938638,0.7519733876619883,2258
kreis_03153,dep_hour_share_education_19,0.008223684210526315,0.0,0.8223684210526315,2258
kreis_03153,dep_hour_share_education_20,0.0005482456140350877,0.0,0.05482456140350877,2258
kreis_03153,dep_hour_share_education_21,0.00022843567251461987,0.0,0.022843567251461985,2258
kreis_03153,dep_hour_share_education_22,0.0001827485380116959,0.0,0.01827485380116959,2258
kreis_03153,dep_hour_share_education_23,0.00013706140350877192,0.0,0.013706140350877192,2258
kreis_03153,dep_hour_share_education_4,0.0003198099415204678,0.0,0.031980994152046784,2258
kreis_03153,dep_hour_share_education_5,0.0024671052631578946,0.009747126451,-0.7280021187842105,2258
kreis_03153,dep_hour_share_education_6,0.17434210526315788,0.05344687683,12.08952284331579,2258
kreis_03153,dep_hour_share_education_7,0.4745065789473684,0.6515028391,-17.699626015263153,2258
kreis_03153,dep_hour_share_education_8,0.12312682748538012,0.1431430873,-2.001625981461988,2258
kreis_03153,dep_hour_share_education_9,0.0367781432748538,0.04146519763,-0.46870543551462,2258
kreis_03153,dep_hour_share_escort_10,0.02225972722711308,0.02300717273,-0.07474455028869224,2258
kreis_03153,dep_hour_share_escort_11,0.042968571819550244,0.03402464192,0.8943929899550243,2258
kreis_03153,dep_hour_share_escort_12,0.05879669753227204,0.06737372291,-0.8577025377727963,2258
kreis_03153,dep_hour_share_escort_13,0.07074761665830406,0.09148280048,-2.0735183821695937,2258
kreis_03153,dep_hour_share_escort_14,0.1368425854125804,0.1197980689,1.7044516512580405,2258
kreis_03153,dep_hour_share_escort_15,0.11389864525840442,0.1255578193,-1.1659174041595597,2258
kreis_03153,dep_hour_share_escort_16,0.08712311271267618,0.06627425959,2.0848853122676188,2258
kreis_03153,dep_hour_share_escort_17,0.05856862655658441,0.05926481512,-0.06961885634155923,2258
kreis_03153,dep_hour_share_escort_18,0.04274050084386261,0.03847381402,0.42666868238626154,2258
kreis_03153,dep_hour_share_escort_19,0.020982529763262328,0.02083021503,0.015231473326232647,2258
kreis_03153,dep_hour_share_escort_20,0.005656160197053323,0.005588668526,0.006749167105332254,2258
kreis_03153,dep_hour_share_escort_21,0.004789490489440314,0.009504298913,-0.47148084235596854,2258
kreis_03153,dep_hour_share_escort_22,0.002554394927701501,0.007078376325,-0.45239813972984994,2258
kreis_03153,dep_hour_share_escort_23,0.0015508826346759112,0.0,0.1550882634675911,2258
kreis_03153,dep_hour_share_escort_4,0.0020982529763262326,0.003014229552,-0.09159765756737676,2258
kreis_03153,dep_hour_share_escort_5,0.0028736942936641884,0.006069739354,-0.31960450603358115,2258
kreis_03153,dep_hour_share_escort_6,0.04670893582082744,0.01820250643,2.850642939082744,2258
kreis_03153,dep_hour_share_escort_7,0.16553391415408475,0.2125039425,-4.697002834591524,2258
kreis_03153,dep_hour_share_escort_8,0.07503535100123158,0.083059687,-0.8024335998768408,2258
kreis_03153,dep_hour_share_escort_9,0.035351001231583266,0.008891221396,2.6459779835583266,2258
kreis_03153,dep_hour_share_home_10,0.03567084258179401,0.04697630147,-1.1305458888205993,2258
kreis_03153,dep_hour_share_home_11,0.055747839935793735,0.05563228183,0.01155581057937366,2258
kreis_03153,dep_hour_share_home_12,0.07782501285379281,0.07429116762,0.3533845233792812,2258
kreis_03153,dep_hour_share_home_13,0.08543069611125742,0.1166993292,-3.1268633088742575,2258
kreis_03153,dep_hour_share_home_14,0.08618938339415372,0.09251609461,-0.6326711215846283,2258
kreis_03153,dep_hour_share_home_15,0.10117502476706419,0.09748987173,0.36851530370641955,2258
kreis_03153,dep_hour_share_home_16,0.11152703058575675,0.1155813595,-0.40543289142432465,2258
kreis_03153,dep_hour_share_home_17,0.10097438019638087,0.09717924799,0.37951322063808773,2258
kreis_03153,dep_hour_share_home_18,0.08385062011712627,0.07562310874,0.8227511377126268,2258
kreis_03153,dep_hour_share_home_19,0.0545188919403584,0.04678991945,0.77289724903584,2258
kreis_03153,dep_hour_share_home_20,0.05065021381187063,0.03563306282,1.5017150991870634,2258
kreis_03153,dep_hour_share_home_21,0.03541376672560601,0.02619473525,0.9219031475606012,2258
kreis_03153,dep_hour_share_home_22,0.025952121189320693,0.01954933901,0.6402782179320693,2258
kreis_03153,dep_hour_share_home_23,0.014327276375355831,0.00351613514,1.0811141235355832,2258
kreis_03153,dep_hour_share_home_4,6.270142833853755e-05,0.0004532785685,-0.039057714016146244,2258
kreis_03153,dep_hour_share_home_5,0.0008590095682379645,0.001566574905,-0.07075653367620355,2258
kreis_03153,dep_hour_share_home_6,0.002514327276375356,0.009642484395,-0.7128157118624644,2258
kreis_03153,dep_hour_share_home_7,0.010126280676673814,0.01614052634,-0.6014245663326185,2258
kreis_03153,dep_hour_share_home_8,0.020597419209209586,0.03842244978,-1.7825030570790414,2258
kreis_03153,dep_hour_share_home_9,0.027789273039639843,0.02769443898,0.009483405963984365,2258
kreis_03153,dep_hour_share_leisure_10,0.0512023954337045,0.03417401908,1.7028376353704502,2258
kreis_03153,dep_hour_share_leisure_11,0.0442968092074483,0.05916144904,-1.48646398325517,2258
kreis_03153,dep_hour_share_leisure_12,0.045625526340413586,0.08092315418,-3.5297627839586414,2258
kreis_03153,dep_hour_share_leisure_13,0.05037896509778235,0.06058897899,-1.021001389221765,2258
kreis_03153,dep_hour_share_leisure_14,0.07904931224852625,0.09461195817,-1.5562645921473743,2258
kreis_03153,dep_hour_share_leisure_15,0.10057078693740058,0.1225532912,-2.1982504262599414,2258
kreis_03153,dep_hour_share_leisure_16,0.127631702067933,0.09253483615,3.5096865917933013,2258
kreis_03153,dep_hour_share_leisure_17,0.11550481893889773,0.09274307075,2.276174818889773,2258
kreis_03153,dep_hour_share_leisure_18,0.10176850378965098,0.1140735686,-1.2305064810349013,2258
kreis_03153,dep_hour_share_leisure_19,0.05797698137924581,0.05972580881,-0.17488274307541907,2258
kreis_03153,dep_hour_share_leisure_20,0.022307476373163656,0.02933975379,-0.7032277416836343,2258
kreis_03153,dep_hour_share_leisure_21,0.013923458407410874,0.01128810366,0.2635354747410874,2258
kreis_03153,dep_hour_share_leisure_22,0.013193599700570787,0.001770099209,1.1423500491570788,2258
kreis_03153,dep_hour_share_leisure_23,0.003499578927669131,0.0005879270829,0.2911651844769131,2258
kreis_03153,dep_hour_share_leisure_4,0.0006924300552072611,0.0,0.06924300552072611,2258
kreis_03153,dep_hour_share_leisure_5,0.0039674370730794425,0.005110367107,-0.11429300339205577,2258
kreis_03153,dep_hour_share_leisure_6,0.01594460559558342,0.01739545402,-0.14508484244165792,2258
kreis_03153,dep_hour_share_leisure_7,0.03129035276504164,0.02188765176,0.940270100504164,2258
kreis_03153,dep_hour_share_leisure_8,0.05294282773463086,0.05173752422,0.12053035146308635,2258
kreis_03153,dep_hour_share_leisure_9,0.0629175633947787,0.04720474733,1.5712816064778707,2258
kreis_03153,dep_hour_share_other_10,0.08834152141238756,0.1315819366,-4.324041518761244,2258
kreis_03153,dep_hour_share_other_11,0.08111806537003387,0.1243874101,-4.326934472996613,2258
kreis_03153,dep_hour_share_other_12,0.06649168853893263,0.04761661363,1.887507490893263,2258
kreis_03153,dep_hour_share_other_13,0.07824662942773179,0.04756339058,3.068323884773179,2258
kreis_03153,dep_hour_share_other_14,0.09197568252686363,0.05589018401,3.6085498516863623,2258
kreis_03153,dep_hour_share_other_15,0.0828678466473742,0.1165910289,-3.37231822526258,2258
kreis_03153,dep_hour_share_other_16,0.08378760347264284,0.07428514028,0.9502463192642849,2258
kreis_03153,dep_hour_share_other_17,0.055499472822307466,0.0408020817,1.4697391122307466,2258
kreis_03153,dep_hour_share_other_18,0.0430939722278305,0.02317033488,1.9923637347830498,2258
kreis_03153,dep_hour_share_other_19,0.02523722996163941,0.005202427901,2.003480206063941,2258
kreis_03153,dep_hour_share_other_20,0.011530609955806806,0.004642196308,0.6888413647806806,2258
kreis_03153,dep_hour_share_other_21,0.008793772573300133,0.0007686538478,0.8025118725500133,2258
kreis_03153,dep_hour_share_other_22,0.005025012899028647,0.004482402718,0.05426101810286476,2258
kreis_03153,dep_hour_share_other_23,0.003723893487673015,0.0,0.3723893487673015,2258
kreis_03153,dep_hour_share_other_4,0.0015927496242456873,0.0,0.15927496242456873,2258
kreis_03153,dep_hour_share_other_5,0.0008748906386701663,0.001831961841,-0.09570712023298336,2258
kreis_03153,dep_hour_share_other_6,0.01426744733831348,0.01387558487,0.03918624683134798,2258
kreis_03153,dep_hour_share_other_7,0.06572896336675864,0.06244021599,0.32887473767586395,2258
kreis_03153,dep_hour_share_other_8,0.08813962357269443,0.09131337718,-0.31737536073055683,2258
kreis_03153,dep_hour_share_other_9,0.0976512551315701,0.1518387067,-5.41874515684299,2258
kreis_03153,dep_hour_share_shop_10,0.1162577250198862,0.1114345698,0.4823155219886202,2258
kreis_03153,dep_hour_share_shop_11,0.08853943584409227,0.1205447312,-3.200529535590774,2258
kreis_03153,dep_hour_share_shop_12,0.0836443737379918,0.06155905795,2.20853157879918,2258
kreis_03153,dep_hour_share_shop_13,0.06308511289236982,0.07150650735,-0.8421394457630182,2258
kreis_03153,dep_hour_share_shop_14,0.09545371106895918,0.07546879174,1.9984919328959183,2258
kreis_03153,dep_hour_share_shop_15,0.08948785412714924,0.1028407695,-1.3352915372850758,2258
kreis_03153,dep_hour_share_shop_16,0.08759101756103531,0.08042503588,0.7165981681035314,2258
kreis_03153,dep_hour_share_shop_17,0.06693997430092394,0.08674251959,-1.980254528907606,2258
kreis_03153,dep_hour_share_shop_18,0.050969834179771155,0.04028822953,1.0681604649771157,2258
kreis_03153,dep_hour_share_shop_19,0.012115278712598666,0.03724363878,-2.512836006740133,2258
kreis_03153,dep_hour_share_shop_20,0.0034571376124334576,0.0,0.34571376124334574,2258
kreis_03153,dep_hour_share_shop_21,0.000581288625099431,0.004366195127,-0.37849065019005684,2258
kreis_03153,dep_hour_share_shop_22,0.0004283179342837912,0.0,0.042831793428379124,2258
kreis_03153,dep_hour_share_shop_23,9.178241448938384e-05,0.0,0.009178241448938383,2258
kreis_03153,dep_hour_share_shop_4,9.178241448938384e-05,0.0,0.009178241448938383,2258
kreis_03153,dep_hour_share_shop_5,0.0010402006975463501,0.0002299281066,0.08102725909463501,2258
kreis_03153,dep_hour_share_shop_6,0.012176466988924921,0.005074628411,0.7101838577924922,2258
kreis_03153,dep_hour_share_shop_7,0.03603989475616472,0.03182600542,0.42138893361647195,2258
kreis_03153,dep_hour_share_shop_8,0.0698464174264211,0.06811076243,0.17356549964211015,2258
kreis_03153,dep_hour_share_shop_9,0.1213057578168023,0.1023386292,1.8967128616802302,2258
kreis_03153,dep_hour_share_work_10,0.03195604308412513,0.02437427258,0.7581770504125128,2258
kreis_03153,dep_hour_share_work_11,0.02967488544621427,0.03661008216,-0.6935196713785733,2258
kreis_03153,dep_hour_share_work_12,0.03594310991212584,0.04602808941,-1.008497949787416,2258
kreis_03153,dep_hour_share_work_13,0.04715053656794874,0.05766791802,-1.0517381452051258,2258
kreis_03153,dep_hour_share_work_14,0.022156983317795014,0.03265190864,-1.0494925322204984,2258
kreis_03153,dep_hour_share_work_15,0.019498938765794536,0.01129233743,0.8206601335794536,2258
kreis_03153,dep_hour_share_work_16,0.012318251244718624,0.006334458875,0.5983792369718625,2258
kreis_03153,dep_hour_share_work_17,0.01039414436752425,0.01017416613,0.02199782375242494,2258
kreis_03153,dep_hour_share_work_18,0.005891337551821951,0.001251459409,0.46398781428219504,2258
kreis_03153,dep_hour_share_work_19,0.0027572253188661655,0.000786676141,0.19705491778661657,2258
kreis_03153,dep_hour_share_work_20,0.003848213754388749,0.00324327462,0.06049391343887489,2258
kreis_03153,dep_hour_share_work_21,0.005931009858568226,0.0002235143361,0.5707495522468227,2258
kreis_03153,dep_hour_share_work_22,0.0008727907484180668,0.003094140279,-0.22213495305819336,2258
kreis_03153,dep_hour_share_work_23,0.0005554122944478607,0.0,0.05554122944478607,2258
kreis_03153,dep_hour_share_work_4,0.031182433102572748,0.01567304025,1.550939285257275,2258
kreis_03153,dep_hour_share_work_5,0.11481165572372205,0.1217105363,-0.6898880576277953,2258
kreis_03153,dep_hour_share_work_6,0.21948703707377065,0.1891580527,3.0328984373770655,2258
kreis_03153,dep_hour_share_work_7,0.2290877353063694,0.3056586603,-7.657092499363061,2258
kreis_03153,dep_hour_share_work_8,0.1162001864598417,0.1036869266,1.2513259859841697,2258
kreis_03153,dep_hour_share_work_9,0.047031519647709914,0.02845216693,1.8579352717709914,2258
kreis_03153,mean_work_activity_h,5.658907206938789,6.466280458,-0.807373251061211,2258
kreis_03153,mobility_rate,0.825629215331469,0.8323700116,-0.6740796268530969,2258
kreis_03153,n_persons_unweighted,127659.0,2258.0,125401.0,2258
kreis_03153,n_persons_weighted,127659.0,95795.0,31864.0,2258
kreis_03153,n_work_activities_measured,50345.0,826.0,49519.0,2258
kreis_03153,nonhome_acts_per_mobile,2.134005066461731,2.220014823,-0.08600975653826914,2258
kreis_03153,participation_education,0.1351099413280693,0.145628591,-1.0518649671930698,2258
kreis_03153,participation_escort,0.11308250887128993,0.120012767,-0.6930258128710078,2258
kreis_03153,participation_home,0.825629215331469,0.8247719592,0.08572561314690308,2258
kreis_03153,participation_leisure,0.32210811615318935,0.3479370237,-2.5828907546810664,2258
kreis_03153,participation_other,0.2587126642069889,0.1980244057,6.068825850698892,2258
kreis_03153,participation_shop,0.2153941359402784,0.2808092782,-6.541514225972161,2258
kreis_03153,participation_work,0.30946505925943335,0.3284658498,-1.9000790540566637,2258
kreis_03153,purpose_share_education,0.05693950177935943,0.05007344776,0.6866054019359427,2258
kreis_03153,purpose_share_escort,0.05703055087303074,0.06229541015,-0.5264859276969264,2258
kreis_03153,purpose_share_home,0.4148873072360617,0.4189974931,-0.4110185863938298,2258
kreis_03153,purpose_share_leisure,0.13900595200932342,0.1540440778,-1.5038125790676593,2258
kreis_03153,purpose_share_other,0.11596272710245364,0.08123393901,3.4728788092453637,2258
kreis_03153,purpose_share_shop,0.08502944787829597,0.1102021466,-2.5172698721704023,2258
kreis_03153,purpose_share_work,0.1311445131214751,0.1231534856,0.7991027521475097,2258
kreis_03153,share_mobile_first_from_home,1.0,0.9822715632,1.7728436800000025,2258
kreis_03153,share_mobile_last_to_home,1.0,0.9834002883,1.6599711699999964,2258
kreis_03153,share_mobile_odd_trip_count,0.29358912323646336,0.2276124655,6.5976657736463356,2258
kreis_03153,share_trips_0,0.174370784668531,0.1676299884,0.6740796268530996,2258
kreis_03153,share_trips_1,0.0010340046530209386,0.002313128098,-0.12791234449790612,2258
kreis_03153,share_trips_2,0.33048982053752574,0.3282780951,0.22117254375257356,2258
kreis_03153,share_trips_3,0.1167171918940302,0.08590477545,3.0812416444030197,2258
kreis_03153,share_trips_4,0.1599808865806563,0.194497228,-3.4516341419343703,2258
kreis_03153,share_trips_5,0.085250550294143,0.05496935306,3.0281197234143,2258
kreis_03153,share_trips_6,0.06418662217313312,0.07146337992,-0.7276757746866882,2258
kreis_03153,share_trips_7,0.027369789830720904,0.03608694801,-0.8717158179279098,2258
kreis_03153,share_trips_8plus,0.04060034936823882,0.058857104,-1.8256754631761178,2258
kreis_03153,share_trips_followed_by_same_purpose,0.10634794281076357,0.04814703654,5.820090627076357,2258
kreis_03153,share_trips_home_based,0.8037579863062163,0.8371207738,-3.336278749378374,2258
kreis_03153,share_trips_unknown_purpose,0.0,0.0006905355139,-0.06905355139,2258
kreis_03153,share_work_activities_lt_2h,0.20438971099414044,0.1135096853,9.088002569414044,2258
kreis_03153,tours_per_mobile,1.5131642615205079,1.599090611,-0.08592634947949218,2258
kreis_03153,trips_per_mobile_person,3.647169327982239,3.819105434,-0.17193610601776088,2258
kreis_03153,trips_per_person,3.011209550442977,3.178908834,-0.16769928355702302,2258
kreis_03153,trips_per_person_education,0.171456771555472,0.1590690068,0.012387764755472014,2258
kreis_03153,trips_per_person_escort,0.1717309394558942,0.1978946819,-0.026163742444105798,2258
kreis_03153,trips_per_person_home,1.2493126219067985,1.33103507,-0.0817224480932015,2258
kreis_03153,trips_per_person_leisure,0.41857605025889283,0.48935393,-0.07077787974110716,2258
kreis_03153,trips_per_person_other,0.34918807134632107,0.2580569657,0.0911311056463211,2258
kreis_03153,trips_per_person_shop,0.25604148552001815,0.3500806672,-0.09403918167998182,2258
kreis_03153,trips_per_person_work,0.3949036103995801,0.3912233631,0.0036802472995801083,2258
kreis_03154,dep_hour_share_all_10,0.048323674375778586,0.06207068411,-1.3747009734221418,1761
kreis_03154,dep_hour_share_all_11,0.05253750744732709,0.05855026925,-0.6012761802672912,1761
kreis_03154,dep_hour_share_all_12,0.05922475581794219,0.06244773228,-0.3222976462057811,1761
kreis_03154,dep_hour_share_all_13,0.06633085991803427,0.07161385978,-0.5282999861965731,1761
kreis_03154,dep_hour_share_all_14,0.07367166765964361,0.07427548446,-0.06038168003563854,1761
kreis_03154,dep_hour_share_all_15,0.08632038852479734,0.09545626666,-0.9135878135202655,1761
kreis_03154,dep_hour_share_all_16,0.08850132697828089,0.1002803984,-1.1779071421719105,1761
kreis_03154,dep_hour_share_all_17,0.07679864232970446,0.0682875799,0.8511062429704452,1761
kreis_03154,dep_hour_share_all_18,0.06366968170575385,0.06295902495,0.07106567557538523,1761
kreis_03154,dep_hour_share_all_19,0.039495206629475164,0.0319258347,0.7569371929475162,1761
kreis_03154,dep_hour_share_all_20,0.02888660203289462,0.02363699647,0.5249605562894617,1761
kreis_03154,dep_hour_share_all_21,0.020144794092689884,0.01439045814,0.5754335952689884,1761
kreis_03154,dep_hour_share_all_22,0.014183321598151258,0.005699764231,0.8483557367151259,1761
kreis_03154,dep_hour_share_all_23,0.006553647836212966,0.002423430965,0.4130216871212966,1761
kreis_03154,dep_hour_share_all_4,0.0038346964198667606,0.003195060167,0.06396362528667604,1761
kreis_03154,dep_hour_share_all_5,0.0170358735488996,0.01307586481,0.39600087388995986,1761
kreis_03154,dep_hour_share_all_6,0.04671685713769882,0.03685247029,0.9864386847698816,1761
kreis_03154,dep_hour_share_all_7,0.08576793226091824,0.1043748671,-1.8606934839081768,1761
kreis_03154,dep_hour_share_all_8,0.05876257018541588,0.06215595232,-0.3393382134584122,1761
kreis_03154,dep_hour_share_all_9,0.05300691473036163,0.04393311096,0.9073803770361627,1761
kreis_03154,dep_hour_share_education_10,0.014967801821662702,0.003979768808,1.0988033013662701,1761
kreis_03154,dep_hour_share_education_11,0.016998317572663457,0.006089696943,1.0908620629663457,1761
kreis_03154,dep_hour_share_education_12,0.020653245924464814,0.01314888278,0.7504363144464815,1761
kreis_03154,dep_hour_share_education_13,0.030805824679468585,0.002655089981,2.8150734698468587,1761
kreis_03154,dep_hour_share_education_14,0.026802807913209957,0.03264672969,-0.5843921776790044,1761
kreis_03154,dep_hour_share_education_15,0.03097986888669722,0.005156528215,2.5823340671697217,1761
kreis_03154,dep_hour_share_education_16,0.016650229158206183,0.01384157015,0.28086590082061835,1761
kreis_03154,dep_hour_share_education_17,0.010094564019260892,0.01182236213,-0.1727798110739108,1761
kreis_03154,dep_hour_share_education_18,0.007425886175088473,0.006968813771,0.0457072404088473,1761
kreis_03154,dep_hour_share_education_19,0.007135812496374079,0.001437982093,0.5697830403374079,1761
kreis_03154,dep_hour_share_education_20,0.00029007367871439346,0.0,0.029007367871439347,1761
kreis_03154,dep_hour_share_education_21,0.00023205894297151478,0.0,0.023205894297151478,1761
kreis_03154,dep_hour_share_education_22,0.00011602947148575739,0.0,0.011602947148575739,1761
kreis_03154,dep_hour_share_education_23,0.0,0.0,0.0,1761
kreis_03154,dep_hour_share_education_4,0.00029007367871439346,0.0,0.029007367871439347,1761
kreis_03154,dep_hour_share_education_5,0.0032488252016012065,0.0,0.32488252016012065,1761
kreis_03154,dep_hour_share_education_6,0.17769913558043743,0.1040818782,7.361725738043742,1761
kreis_03154,dep_hour_share_education_7,0.4717758310610895,0.6825804706,-21.080463953891055,1761
kreis_03154,dep_hour_share_education_8,0.12583396182630388,0.09882488457,2.7009077256303886,1761
kreis_03154,dep_hour_share_education_9,0.0378256077043569,0.01676534205,2.1060265654356902,1761
kreis_03154,dep_hour_share_escort_10,0.020670194003527338,0.0008394805377,1.9830713465827339,1761
kreis_03154,dep_hour_share_escort_11,0.031675485008818345,0.03305299812,-0.1377513111181658,1761
kreis_03154,dep_hour_share_escort_12,0.0637037037037037,0.02678571647,3.691798723370371,1761
kreis_03154,dep_hour_share_escort_13,0.06779541446208114,0.08540865615,-1.7613241687918864,1761
kreis_03154,dep_hour_share_escort_14,0.1327689594356261,0.159562714,-2.6793754564373886,1761
kreis_03154,dep_hour_share_escort_15,0.12014109347442681,0.1445334976,-2.4392404125573197,1761
kreis_03154,dep_hour_share_escort_16,0.07583774250440917,0.05945111565,1.638662685440917,1761
kreis_03154,dep_hour_share_escort_17,0.057566137566137564,0.07232574487,-1.4759607303862436,1761
kreis_03154,dep_hour_share_escort_18,0.04317460317460318,0.04177022239,0.14043807846031778,1761
kreis_03154,dep_hour_share_escort_19,0.01855379188712522,0.02122784937,-0.2674057482874779,1761
kreis_03154,dep_hour_share_escort_20,0.006490299823633157,0.01315893533,-0.6668635506366842,1761
kreis_03154,dep_hour_share_escort_21,0.007407407407407408,0.0,0.7407407407407408,1761
kreis_03154,dep_hour_share_escort_22,0.0021869488536155205,0.0,0.21869488536155204,1761
kreis_03154,dep_hour_share_escort_23,0.0019047619047619048,0.0,0.19047619047619047,1761
kreis_03154,dep_hour_share_escort_4,0.0009171075837742504,0.0,0.09171075837742504,1761
kreis_03154,dep_hour_share_escort_5,0.0016225749559082893,0.0007529550837,0.08696198722082893,1761
kreis_03154,dep_hour_share_escort_6,0.04268077601410935,0.01834383594,2.433694007410935,1761
kreis_03154,dep_hour_share_escort_7,0.17671957671957672,0.1984839152,-2.1764338480423278,1761
kreis_03154,dep_hour_share_escort_8,0.0871252204585538,0.1134303427,-2.630512224144621,1761
kreis_03154,dep_hour_share_escort_9,0.03647266313932981,0.01087202053,2.5600642609329807,1761
kreis_03154,dep_hour_share_home_10,0.03540880119279094,0.04492175025,-0.9512949057209064,1761
kreis_03154,dep_hour_share_home_11,0.05363199609378406,0.06234447055,-0.8712474456215945,1761
kreis_03154,dep_hour_share_home_12,0.0705298677292504,0.07492357487,-0.4393707140749589,1761
kreis_03154,dep_hour_share_home_13,0.08107141922939427,0.09078154704,-0.971012781060572,1761
kreis_03154,dep_hour_share_home_14,0.08418418505698018,0.07089193347,1.3292251586980177,1761
kreis_03154,dep_hour_share_home_15,0.10243353765400344,0.1238723366,-2.1438798945996553,1761
kreis_03154,dep_hour_share_home_16,0.10848468466897436,0.1228347913,-1.4350106631025636,1761
kreis_03154,dep_hour_share_home_17,0.10218067992571214,0.0814453777,2.073530222571214,1761
kreis_03154,dep_hour_share_home_18,0.09055794365632275,0.08995911956,0.05988240963227531,1761
kreis_03154,dep_hour_share_home_19,0.05826190829111772,0.0485103465,0.9751561791117719,1761
kreis_03154,dep_hour_share_home_20,0.052768792124789646,0.04397725021,0.8791541914789647,1761
kreis_03154,dep_hour_share_home_21,0.038085605419874616,0.02563765668,1.2447948739874617,1761
kreis_03154,dep_hour_share_home_22,0.028878096417267567,0.01282509798,1.605299843726757,1761
kreis_03154,dep_hour_share_home_23,0.013854859663960798,0.005606254156,0.8248605507960798,1761
kreis_03154,dep_hour_share_home_4,7.8473088090401e-05,0.0006030866858,-0.0524613597709599,1761
kreis_03154,dep_hour_share_home_5,0.00078473088090401,0.00266922052,-0.188448963909599,1761
kreis_03154,dep_hour_share_home_6,0.0021885272345211833,0.008493714497,-0.6305187262478816,1761
kreis_03154,dep_hour_share_home_7,0.009643470603109277,0.02114835001,-1.1504879406890722,1761
kreis_03154,dep_hour_share_home_8,0.019609552790590203,0.04138234612,-2.17727933294098,1761
kreis_03154,dep_hour_share_home_9,0.030247015842844564,0.02587608931,0.43709265328445646,1761
kreis_03154,dep_hour_share_leisure_10,0.045379597103735035,0.07536460558,-2.998500847626496,1761
kreis_03154,dep_hour_share_leisure_11,0.04040910937462661,0.04516560624,-0.47564968653733897,1761
kreis_03154,dep_hour_share_leisure_12,0.04953760126173919,0.04981854766,-0.028094639826080348,1761
kreis_03154,dep_hour_share_leisure_13,0.05759074724591966,0.03621516808,2.137557916591966,1761
kreis_03154,dep_hour_share_leisure_14,0.0779267330991469,0.09255633098,-1.4629597880853107,1761
kreis_03154,dep_hour_share_leisure_15,0.10524051903362248,0.1058846696,-0.06441505663775104,1761
kreis_03154,dep_hour_share_leisure_16,0.13903027696131146,0.1550299239,-1.599964693868855,1761
kreis_03154,dep_hour_share_leisure_17,0.11757115205391068,0.1215240792,-0.3952927146089316,1761
kreis_03154,dep_hour_share_leisure_18,0.09850168470858126,0.0980332311,0.04684536085812485,1761
kreis_03154,dep_hour_share_leisure_19,0.061987717160130955,0.0421005409,1.9887176260130959,1761
kreis_03154,dep_hour_share_leisure_20,0.029153822257270534,0.008369642156,2.078418010127053,1761
kreis_03154,dep_hour_share_leisure_21,0.014983152914187397,0.005249754289,0.9733398625187397,1761
kreis_03154,dep_hour_share_leisure_22,0.010036561760699692,0.0008060443813,0.9230517379399691,1761
kreis_03154,dep_hour_share_leisure_23,0.002509140440174923,0.0002329302224,0.2276210217774923,1761
kreis_03154,dep_hour_share_leisure_4,0.00045403493679355746,0.001727608706,-0.12735737692064425,1761
kreis_03154,dep_hour_share_leisure_5,0.003727865796831314,0.003396528557,0.03313372398313138,1761
kreis_03154,dep_hour_share_leisure_6,0.01648863717829235,0.01623190741,0.025672976829235056,1761
kreis_03154,dep_hour_share_leisure_7,0.02537816330919779,0.02907391021,-0.36957469008022104,1761
kreis_03154,dep_hour_share_leisure_8,0.041197696370110164,0.05683768705,-1.563999067988984,1761
kreis_03154,dep_hour_share_leisure_9,0.05895285205630033,0.05593859604,0.3014256016300329,1761
kreis_03154,dep_hour_share_other_10,0.08926348050952974,0.1168359878,-2.7572507290470254,1761
kreis_03154,dep_hour_share_other_11,0.08785876193212655,0.1256523253,-3.7793563367873455,1761
kreis_03154,dep_hour_share_other_12,0.06994860007023593,0.04594481099,2.4003789080235927,1761
kreis_03154,dep_hour_share_other_13,0.0774829997126712,0.1219334212,-4.445042148732881,1761
kreis_03154,dep_hour_share_other_14,0.08814609073204993,0.1058910885,-1.7744997767950064,1761
kreis_03154,dep_hour_share_other_15,0.08156945375602592,0.08328690462,-0.1717450863974082,1761
kreis_03154,dep_hour_share_other_16,0.07863231491236472,0.05241096696,2.622134795236472,1761
kreis_03154,dep_hour_share_other_17,0.05954091242856687,0.02649349131,3.304742111856687,1761
kreis_03154,dep_hour_share_other_18,0.0425565878108738,0.02205314131,2.05034465008738,1761
kreis_03154,dep_hour_share_other_19,0.0258276665708904,0.02202918232,0.37984842508904,1761
kreis_03154,dep_hour_share_other_20,0.012227436707850462,0.003557888283,0.8669548424850462,1761
kreis_03154,dep_hour_share_other_21,0.008715640264342496,0.0,0.8715640264342496,1761
kreis_03154,dep_hour_share_other_22,0.004309931998850685,0.001193481369,0.3116450629850685,1761
kreis_03154,dep_hour_share_other_23,0.001851674488395109,0.0,0.18516744883951092,1761
kreis_03154,dep_hour_share_other_4,0.0015324202662580213,0.0,0.15324202662580214,1761
kreis_03154,dep_hour_share_other_5,0.0026178846215241195,0.009020004278,-0.640211965647588,1761
kreis_03154,dep_hour_share_other_6,0.015451904351435048,0.01720896226,-0.17570579085649501,1761
kreis_03154,dep_hour_share_other_7,0.06305270887207483,0.04298486993,2.0067838942074827,1761
kreis_03154,dep_hour_share_other_8,0.08623056539922741,0.07866410799,0.7566457409227414,1761
kreis_03154,dep_hour_share_other_9,0.09734061232959806,0.1248393656,-2.749875327040194,1761
kreis_03154,dep_hour_share_shop_10,0.12575527059334926,0.1601016876,-3.4346417006650727,1761
kreis_03154,dep_hour_share_shop_11,0.09623994783742665,0.08107734514,1.5162602697426641,1761
kreis_03154,dep_hour_share_shop_12,0.07494023038469898,0.07510487905,-0.016464866530102595,1761
kreis_03154,dep_hour_share_shop_13,0.057900456422516844,0.06445719671,-0.6556740287483154,1761
kreis_03154,dep_hour_share_shop_14,0.07289719626168224,0.09063636929,-1.773917302831776,1761
kreis_03154,dep_hour_share_shop_15,0.09754401217126711,0.09567766789,0.18663442812671127,1761
kreis_03154,dep_hour_share_shop_16,0.0872419039339274,0.122642756,-3.54008520660726,1761
kreis_03154,dep_hour_share_shop_17,0.06515974788089546,0.06407174735,0.10880005308954582,1761
kreis_03154,dep_hour_share_shop_18,0.03933927407085416,0.03957267966,-0.02334055891458353,1761
kreis_03154,dep_hour_share_shop_19,0.015648772006085634,0.01306296914,0.25858028660856336,1761
kreis_03154,dep_hour_share_shop_20,0.004433818735057596,0.0008375024452,0.3596316289857596,1761
kreis_03154,dep_hour_share_shop_21,0.001347533144968485,0.008402424389,-0.7054891244031515,1761
kreis_03154,dep_hour_share_shop_22,0.0006955009780482504,0.0,0.06955009780482505,1761
kreis_03154,dep_hour_share_shop_23,0.0004346881112801565,0.0,0.04346881112801565,1761
kreis_03154,dep_hour_share_shop_4,0.0001738752445120626,0.0,0.01738752445120626,1761
kreis_03154,dep_hour_share_shop_5,0.0011736579004564226,0.0,0.11736579004564225,1761
kreis_03154,dep_hour_share_shop_6,0.010041295370571615,0.01202395152,-0.1982656149428384,1761
kreis_03154,dep_hour_share_shop_7,0.03755705281460552,0.03905452015,-0.14974673353944784,1761
kreis_03154,dep_hour_share_shop_8,0.08189524016518149,0.05067274122,3.122249894518149,1761
kreis_03154,dep_hour_share_shop_9,0.12732014779395784,0.0826035624,4.471658539395785,1761
kreis_03154,dep_hour_share_work_10,0.03412270327958695,0.02821033718,0.5912366099586949,1761
kreis_03154,dep_hour_share_work_11,0.028844212408780177,0.03649074971,-0.7646537301219822,1761
kreis_03154,dep_hour_share_work_12,0.03074793042775967,0.0691151671,-3.836723667224033,1761
kreis_03154,dep_hour_share_work_13,0.04069918370878883,0.0547943844,-1.4095200691211167,1761
kreis_03154,dep_hour_share_work_14,0.020335169748190024,0.01071592853,0.9619241218190024,1761
kreis_03154,dep_hour_share_work_15,0.020710144509504168,0.00778838231,1.2921762199504168,1761
kreis_03154,dep_hour_share_work_16,0.012056880786870115,0.007751212765,0.43056680218701143,1761
kreis_03154,dep_hour_share_work_17,0.007961002624823329,0.001631617885,0.6329384739823328,1761
kreis_03154,dep_hour_share_work_18,0.004240099224090686,0.0004865293025,0.3753569921590686,1761
kreis_03154,dep_hour_share_work_19,0.003086330727739479,0.0,0.3086330727739479,1761
kreis_03154,dep_hour_share_work_20,0.004211255011681906,0.0211683322,-1.6957077188318095,1761
kreis_03154,dep_hour_share_work_21,0.00493236032190141,0.01350213162,-0.856977129809859,1761
kreis_03154,dep_hour_share_work_22,0.00034613054890536213,0.0002381207411,0.010800980780536212,1761
kreis_03154,dep_hour_share_work_23,0.0007499495226282846,0.0,0.07499495226282846,1761
kreis_03154,dep_hour_share_work_4,0.02780582076206409,0.02197396525,0.5831855512064089,1761
kreis_03154,dep_hour_share_work_5,0.12356860595921429,0.08869688724,3.4871718719214293,1761
kreis_03154,dep_hour_share_work_6,0.2196198332804523,0.1780825382,4.153729508045228,1761
kreis_03154,dep_hour_share_work_7,0.23389771842279847,0.3047986337,-7.090091527720152,1761
kreis_03154,dep_hour_share_work_8,0.12437624390666013,0.1070376473,1.7338596606660137,1761
kreis_03154,dep_hour_share_work_9,0.046064207216821945,0.0328678353,1.3196371916821943,1761
kreis_03154,mean_work_activity_h,5.660132398079457,6.355170737,-0.6950383389205426,1761
kreis_03154,mobility_rate,0.8379843249806822,0.8422844969,-0.43001719193177523,1761
kreis_03154,n_persons_unweighted,90590.0,1761.0,88829.0,1761
kreis_03154,n_persons_weighted,90590.0,55924.0,34666.0,1761
kreis_03154,n_work_activities_measured,34643.0,607.0,34036.0,1761
kreis_03154,nonhome_acts_per_mobile,2.137394122218856,2.168146457,-0.030752334781144253,1761
kreis_03154,participation_education,0.1491113809471244,0.1566083895,-0.7497008552875606,1761
kreis_03154,participation_escort,0.10089413842587482,0.1066033005,-0.5709162074125183,1761
kreis_03154,participation_home,0.8379843249806822,0.8384272405,-0.044291551931774364,1761
kreis_03154,participation_leisure,0.3605695992935203,0.3832723827,-2.270278340647974,1761
kreis_03154,participation_other,0.253107406998565,0.1766926064,7.641480059856498,1761
kreis_03154,participation_shop,0.21333480516613312,0.2917111385,-7.83763333338669,1761
kreis_03154,participation_work,0.3007175184898995,0.3214259891,-2.0708470610100447,1761
kreis_03154,purpose_share_education,0.062239794905125566,0.05299640443,0.9243390475125568,1761
kreis_03154,purpose_share_escort,0.051183447977035154,0.04975880244,0.14246455370351546,1761
kreis_03154,purpose_share_home,0.41412193756883137,0.4269593928,-1.2837455231168637,1761
kreis_03154,purpose_share_leisure,0.15110220440881764,0.1623001646,-1.1197960191182355,1761
kreis_03154,purpose_share_other,0.11310187943454476,0.06896078783,4.414109160454477,1761
kreis_03154,purpose_share_shop,0.08306703497084258,0.1179408427,-3.487380772915742,1761
kreis_03154,purpose_share_work,0.12518370073480295,0.1210836052,0.410009553480295,1761
kreis_03154,share_mobile_first_from_home,1.0,0.971415874,2.8584126000000043,1761
kreis_03154,share_mobile_last_to_home,1.0,0.9801030915,1.9896908500000032,1761
kreis_03154,share_mobile_odd_trip_count,0.29919776586355434,0.2300324463,6.916531956355435,1761
kreis_03154,share_trips_0,0.1620156750193178,0.1577155031,0.4300171919317808,1761
kreis_03154,share_trips_1,0.0008830996798763661,0.006616003335,-0.5732903655123633,1761
kreis_03154,share_trips_2,0.3157191743017993,0.3086377183,0.7081456001799324,1761
kreis_03154,share_trips_3,0.12474886852853516,0.08493575231,3.9813116218535156,1761
kreis_03154,share_trips_4,0.18649961364389006,0.2289717101,-4.247209645610994,1761
kreis_03154,share_trips_5,0.08867424660558561,0.05452956044,3.414468616558561,1761
kreis_03154,share_trips_6,0.058604702505795345,0.07674607943,-1.8141376924204657,1761
kreis_03154,share_trips_7,0.02487029473451816,0.03869570917,-1.3825414435481842,1761
kreis_03154,share_trips_8plus,0.037984324980682195,0.04315196375,-0.5167638769317806,1761
kreis_03154,share_trips_followed_by_same_purpose,0.10805755655455054,0.04074375061,6.7313805944550555,1761
kreis_03154,share_trips_home_based,0.8042535521493437,0.8514306391,-4.717708695065637,1761
kreis_03154,share_trips_unknown_purpose,0.0,0.0002245328896,-0.02245328896,1761
kreis_03154,share_work_activities_lt_2h,0.2039373033513264,0.1041750996,9.97622037513264,1761
kreis_03154,tours_per_mobile,1.510795252460053,1.614803253,-0.10400800053994708,1761
kreis_03154,trips_per_mobile_person,3.6481893746789087,3.78294971,-0.13476033532109133,1761
kreis_03154,trips_per_person,3.0571255105420025,3.186319893,-0.1291943824579973,1761
kreis_03154,trips_per_person_education,0.1902748647753615,0.1688255823,0.021449282475361514,1761
kreis_03154,trips_per_person_escort,0.15647422452809362,0.158511863,-0.0020376384719063834,1761
kreis_03154,trips_per_person_home,1.2660227398167567,1.360123746,-0.09410100618324324,1761
kreis_03154,trips_per_person_leisure,0.46193840379732864,0.5170241282,-0.05508572440267134,1761
kreis_03154,trips_per_person_other,0.3457666409095927,0.2196817933,0.12608484760959268,1761
kreis_03154,trips_per_person_shop,0.2539463516944475,0.3757128743,-0.12176652260555249,1761
kreis_03154,trips_per_person_work,0.3827022850204217,0.3857244727,-0.003022187679578292,1761
kreis_03157,dep_hour_share_all_10,0.044160994305473274,0.05040664724,-0.6245652934526724,2446
kreis_03157,dep_hour_share_all_11,0.04576174873958724,0.04791158955,-0.21498408104127648,2446
kreis_03157,dep_hour_share_all_12,0.05931012803617415,0.06730605092,-0.7995922883825848,2446
kreis_03157,dep_hour_share_all_13,0.06880100591215195,0.07105049827,-0.22494923578480486,2446
kreis_03157,dep_hour_share_all_14,0.07512906384882301,0.07151439576,0.3614668088823006,2446
kreis_03157,dep_hour_share_all_15,0.08953827181390625,0.09135650668,-0.18182348660937542,2446
kreis_03157,dep_hour_share_all_16,0.08862908198425844,0.09790233586,-0.9273253875741558,2446
kreis_03157,dep_hour_share_all_17,0.0770804367012852,0.09156566576,-1.44852290587148,2446
kreis_03157,dep_hour_share_all_18,0.06094957139920929,0.06794690332,-0.699733192079071,2446
kreis_03157,dep_hour_share_all_19,0.03936356711924653,0.03182552229,0.7538044829246533,2446
kreis_03157,dep_hour_share_all_20,0.027964841435842873,0.02120330303,0.6761538405842874,2446
kreis_03157,dep_hour_share_all_21,0.017622807123599038,0.0145336647,0.3089142423599037,2446
kreis_03157,dep_hour_share_all_22,0.013819201799035195,0.01135253815,0.24666636490351945,2446
kreis_03157,dep_hour_share_all_23,0.006627897135810231,0.0009784164261,0.5649480709710231,2446
kreis_03157,dep_hour_share_all_4,0.003977705504709168,0.002440058689,0.15376468157091683,2446
kreis_03157,dep_hour_share_all_5,0.01759379042690815,0.01403795215,0.355583827690815,2446
kreis_03157,dep_hour_share_all_6,0.050667988538404804,0.03448410281,1.6183885728404803,2446
kreis_03157,dep_hour_share_all_7,0.09614924254331346,0.113090005,-1.6940762456686533,2446
kreis_03157,dep_hour_share_all_8,0.0583864298581809,0.05639258685,0.19938430081808955,2446
kreis_03157,dep_hour_share_all_9,0.0473721754059315,0.04168325467,0.5688920735931496,2446
kreis_03157,dep_hour_share_education_10,0.01725561913751401,0.009375466,0.788015313751401,2446
kreis_03157,dep_hour_share_education_11,0.02477729927437909,0.01515107299,0.9626226284379091,2446
kreis_03157,dep_hour_share_education_12,0.02858238452008731,0.01130645617,1.7275928350087308,2446
kreis_03157,dep_hour_share_education_13,0.03489469647808389,0.01753060144,1.7364095038083887,2446
kreis_03157,dep_hour_share_education_14,0.026458616010854818,0.01131181449,1.5146801520854818,2446
kreis_03157,dep_hour_share_education_15,0.03427526399622441,0.008302381617,2.5972882379224407,2446
kreis_03157,dep_hour_share_education_16,0.018641968025485223,0.01153476899,0.7107199035485224,2446
kreis_03157,dep_hour_share_education_17,0.008495074036929975,0.01531026961,-0.6815195573070025,2446
kreis_03157,dep_hour_share_education_18,0.006695770161052445,0.006235166339,0.04606038220524447,2446
kreis_03157,dep_hour_share_education_19,0.00817060940357501,0.0,0.8170609403575011,2446
kreis_03157,dep_hour_share_education_20,0.0004424517727567695,0.001051387468,-0.06089356952432305,2446
kreis_03157,dep_hour_share_education_21,0.00035396141820541563,0.003428040294,-0.30740788757945847,2446
kreis_03157,dep_hour_share_education_22,5.89935697009026e-05,0.0,0.0058993569700902596,2446
kreis_03157,dep_hour_share_education_23,5.89935697009026e-05,0.0,0.0058993569700902596,2446
kreis_03157,dep_hour_share_education_4,0.0006489292667099286,0.0,0.06489292667099286,2446
kreis_03157,dep_hour_share_education_5,0.004660492006371306,0.0,0.46604920063713057,2446
kreis_03157,dep_hour_share_education_6,0.18405993746681612,0.08624550358,9.781443388681613,2446
kreis_03157,dep_hour_share_education_7,0.4606807857943484,0.6836874772,-22.30066914056516,2446
kreis_03157,dep_hour_share_education_8,0.10686685151318506,0.1016171904,0.5249661113185061,2446
kreis_03157,dep_hour_share_education_9,0.03297740546280455,0.01791240341,1.5065002052804553,2446
kreis_03157,dep_hour_share_escort_10,0.013555545239311082,0.01643404262,-0.2878497380688917,2446
kreis_03157,dep_hour_share_escort_11,0.03161413119168098,0.0275608171,0.4053314091680981,2446
kreis_03157,dep_hour_share_escort_12,0.06271760828188107,0.05907865898,0.36389493018810715,2446
kreis_03157,dep_hour_share_escort_13,0.07446265261594169,0.1144842184,-4.002156578405831,2446
kreis_03157,dep_hour_share_escort_14,0.14159045541061233,0.1086685359,3.2921919510612323,2446
kreis_03157,dep_hour_share_escort_15,0.11239032542593194,0.1051370628,0.7253262625931942,2446
kreis_03157,dep_hour_share_escort_16,0.0777586927255002,0.05356769621,2.4190996515500203,2446
kreis_03157,dep_hour_share_escort_17,0.056218374263033284,0.06544904216,-0.9230667896966714,2446
kreis_03157,dep_hour_share_escort_18,0.043544867926280116,0.02445403048,1.9090837446280116,2446
kreis_03157,dep_hour_share_escort_19,0.015319623044426908,0.01603934988,-0.07197268355730937,2446
kreis_03157,dep_hour_share_escort_20,0.006545657118982405,0.004554857828,0.19907992909824054,2446
kreis_03157,dep_hour_share_escort_21,0.005849310616963001,0.005955909995,-0.010659937803699903,2446
kreis_03157,dep_hour_share_escort_22,0.0031103477090200084,0.01087793846,-0.7767590750979991,2446
kreis_03157,dep_hour_share_escort_23,0.0019497702056543336,0.0,0.19497702056543337,2446
kreis_03157,dep_hour_share_escort_4,0.0004642310013462699,0.001677280153,-0.121304915165373,2446
kreis_03157,dep_hour_share_escort_5,0.0024604243071352306,0.0,0.24604243071352305,2446
kreis_03157,dep_hour_share_escort_6,0.04117728981941414,0.02231280512,1.886448469941414,2446
kreis_03157,dep_hour_share_escort_7,0.1816535908267954,0.2606590118,-7.900542097320459,2446
kreis_03157,dep_hour_share_escort_8,0.0895965832598301,0.09204885515,-0.2452271890169902,2446
kreis_03157,dep_hour_share_escort_9,0.032449746994104266,0.01103988698,2.1409860014104267,2446
kreis_03157,dep_hour_share_home_10,0.0340646450099302,0.03864134031,-0.4576695300069801,2446
kreis_03157,dep_hour_share_home_11,0.04803660816947539,0.04567262629,0.23639818794753895,2446
kreis_03157,dep_hour_share_home_12,0.07535336407242657,0.08891004988,-1.3556685807573423,2446
kreis_03157,dep_hour_share_home_13,0.08696763103796704,0.09304391983,-0.6076288792032967,2446
kreis_03157,dep_hour_share_home_14,0.08706635230717413,0.07927661311,0.7789739197174128,2446
kreis_03157,dep_hour_share_home_15,0.10851790339252738,0.113888281,-0.537037760747261,2446
kreis_03157,dep_hour_share_home_16,0.10782104737459496,0.1149899722,-0.7168924825405043,2446
kreis_03157,dep_hour_share_home_17,0.0996155677634406,0.120698359,-2.10827912365594,2446
kreis_03157,dep_hour_share_home_18,0.0864682175584488,0.09434014163,-0.7871924071551197,2446
kreis_03157,dep_hour_share_home_19,0.0584313771036341,0.04379358737,1.4637789733634103,2446
kreis_03157,dep_hour_share_home_20,0.052333886946725354,0.03840670697,1.392717997672535,2446
kreis_03157,dep_hour_share_home_21,0.03342586032682547,0.0246708772,0.8754983126825471,2446
kreis_03157,dep_hour_share_home_22,0.027305141635985644,0.02339576701,0.39093746259856454,2446
kreis_03157,dep_hour_share_home_23,0.014018420227407347,0.002119216066,1.1899204161407346,2446
kreis_03157,dep_hour_share_home_4,4.0649934379391646e-05,0.0003567160325,-0.031606609812060836,2446
kreis_03157,dep_hour_share_home_5,0.000842034355001684,0.003148970236,-0.2306935880998316,2446
kreis_03157,dep_hour_share_home_6,0.0022880105922114726,0.004829271289,-0.2541260696788527,2446
kreis_03157,dep_hour_share_home_7,0.01161426696554047,0.01461149749,-0.299723052445953,2446
kreis_03157,dep_hour_share_home_8,0.019918467845901906,0.02807630003,-0.8157832184098095,2446
kreis_03157,dep_hour_share_home_9,0.02768841244584848,0.02642496843,0.12634440158484778,2446
kreis_03157,dep_hour_share_leisure_10,0.04097381260579508,0.04986634595,-0.8892533344204923,2446
kreis_03157,dep_hour_share_leisure_11,0.034368880480600085,0.04112018317,-0.6751302689399913,2446
kreis_03157,dep_hour_share_leisure_12,0.04532178299976766,0.04638918938,-0.10674063802323386,2446
kreis_03157,dep_hour_share_leisure_13,0.05937800789936606,0.06298794176,-0.36099338606339415,2446
kreis_03157,dep_hour_share_leisure_14,0.08828703242722957,0.07585839861,1.242863381722957,2446
kreis_03157,dep_hour_share_leisure_15,0.1113545089448704,0.1178422143,-0.6487705355129603,2446
kreis_03157,dep_hour_share_leisure_16,0.145092767765276,0.1507206765,-0.5627908734724019,2446
kreis_03157,dep_hour_share_leisure_17,0.1305552789671081,0.1236744464,0.6880832567108114,2446
kreis_03157,dep_hour_share_leisure_18,0.09704935444256364,0.1100027136,-1.2953359157436353,2446
kreis_03157,dep_hour_share_leisure_19,0.06042351223074115,0.06592465554,-0.5501143309258855,2446
kreis_03157,dep_hour_share_leisure_20,0.023830860632613096,0.01873725732,0.5093603312613098,2446
kreis_03157,dep_hour_share_leisure_21,0.012662219124431611,0.01198286858,0.06793505444316114,2446
kreis_03157,dep_hour_share_leisure_22,0.010438448006903647,0.004309228184,0.6129219822903648,2446
kreis_03157,dep_hour_share_leisure_23,0.0016927212984168077,0.0004180202683,0.12747010301168074,2446
kreis_03157,dep_hour_share_leisure_4,0.0002489296027083541,0.0,0.02489296027083541,2446
kreis_03157,dep_hour_share_leisure_5,0.0027548209366391185,0.00504694818,-0.22921272433608814,2446
kreis_03157,dep_hour_share_leisure_6,0.016628497460918053,0.0113036418,0.5324855660918053,2446
kreis_03157,dep_hour_share_leisure_7,0.02554017723787713,0.02065448715,0.4885690087877127,2446
kreis_03157,dep_hour_share_leisure_8,0.042085698164559066,0.03447851003,0.7607188134559066,2446
kreis_03157,dep_hour_share_leisure_9,0.04749576819675396,0.04677948641,0.07162817867539598,2446
kreis_03157,dep_hour_share_other_10,0.08359456635318704,0.1521518314,-6.855726504681295,2446
kreis_03157,dep_hour_share_other_11,0.07537443399512365,0.1007628704,-2.538843640487634,2446
kreis_03157,dep_hour_share_other_12,0.06418205038894693,0.06561377344,-0.14317230510530604,2446
kreis_03157,dep_hour_share_other_13,0.07983281086729363,0.04204706984,3.778574102729363,2446
kreis_03157,dep_hour_share_other_14,0.07644258678741438,0.1123311418,-3.588855501258563,2446
kreis_03157,dep_hour_share_other_15,0.09079298734471149,0.07287010809,1.792287925471149,2446
kreis_03157,dep_hour_share_other_16,0.08415186346220829,0.1080794917,-2.392762823779171,2446
kreis_03157,dep_hour_share_other_17,0.06473934749796818,0.0736993369,-0.8959989402031812,2446
kreis_03157,dep_hour_share_other_18,0.041541855334958785,0.01983697873,2.1704876604958785,2446
kreis_03157,dep_hour_share_other_19,0.03329850226401951,0.006493111688,2.6805390576019508,2446
kreis_03157,dep_hour_share_other_20,0.013630558458144666,0.003512883071,1.0117675387144665,2446
kreis_03157,dep_hour_share_other_21,0.009241843724602345,0.001318428024,0.7923415700602345,2446
kreis_03157,dep_hour_share_other_22,0.005317543248577731,0.0,0.5317543248577732,2446
kreis_03157,dep_hour_share_other_23,0.0030186926738650878,0.0,0.30186926738650877,2446
kreis_03157,dep_hour_share_other_4,0.0014629049111807733,0.0,0.14629049111807732,2446
kreis_03157,dep_hour_share_other_5,0.003784976198769302,0.0,0.3784976198769302,2446
kreis_03157,dep_hour_share_other_6,0.018251480320445837,0.006424926355,1.1826553965445838,2446
kreis_03157,dep_hour_share_other_7,0.06325322187391152,0.04588633064,1.7366891233911526,2446
kreis_03157,dep_hour_share_other_8,0.08856379890862649,0.101739951,-1.3176152091373503,2446
kreis_03157,dep_hour_share_other_9,0.09049111807732498,0.08723176686,0.3259351217324971,2446
kreis_03157,dep_hour_share_shop_10,0.1296662666623423,0.09878747672,3.087878994234229,2446
kreis_03157,dep_hour_share_shop_11,0.08357928193818312,0.08513403848,-0.15547565418168735,2446
kreis_03157,dep_hour_share_shop_12,0.07174131612233646,0.1066141196,-3.487280347766354,2446
kreis_03157,dep_hour_share_shop_13,0.05795738332306295,0.05232446615,0.5632917173062955,2446
kreis_03157,dep_hour_share_shop_14,0.0771251581098174,0.08709761272,-0.9972454610182591,2446
kreis_03157,dep_hour_share_shop_15,0.10381733856582233,0.1078695233,-0.40521847341776773,2446
kreis_03157,dep_hour_share_shop_16,0.09149288100411897,0.1170282527,-2.5535371695881035,2446
kreis_03157,dep_hour_share_shop_17,0.07067103428145169,0.08633566781,-1.5664633528548313,2446
kreis_03157,dep_hour_share_shop_18,0.04225991632341971,0.04407355299,-0.18136366665802914,2446
kreis_03157,dep_hour_share_shop_19,0.01271365095838874,0.007665948329,0.5047702629388741,2446
kreis_03157,dep_hour_share_shop_20,0.0033405766548827553,0.006720398303,-0.33798216481172444,2446
kreis_03157,dep_hour_share_shop_21,0.0016216391528557066,0.0,0.16216391528557067,2446
kreis_03157,dep_hour_share_shop_22,0.001005416274770538,0.0,0.1005416274770538,2446
kreis_03157,dep_hour_share_shop_23,0.0003891933966853696,0.0,0.03891933966853696,2446
kreis_03157,dep_hour_share_shop_4,0.00012973113222845652,0.0,0.012973113222845651,2446
kreis_03157,dep_hour_share_shop_5,0.001200012973113223,0.0,0.1200012973113223,2446
kreis_03157,dep_hour_share_shop_6,0.011902831381960886,0.004202694124,0.7700137257960885,2446
kreis_03157,dep_hour_share_shop_7,0.04333019816430448,0.02758049166,1.574970650430448,2446
kreis_03157,dep_hour_share_shop_8,0.07586027957058995,0.05805903282,1.7801246750589952,2446
kreis_03157,dep_hour_share_shop_9,0.11711477961923912,0.1105067242,0.6608055419239117,2446
kreis_03157,dep_hour_share_work_10,0.028075124628048075,0.03349005889,-0.5414934261951925,2446
kreis_03157,dep_hour_share_work_11,0.02392085635892878,0.03219821615,-0.827735979107122,2446
kreis_03157,dep_hour_share_work_12,0.02946632144375314,0.02400403544,0.5462286003753137,2446
kreis_03157,dep_hour_share_work_13,0.036460949878270275,0.04438396933,-0.7923019451729727,2446
kreis_03157,dep_hour_share_work_14,0.022027282915330217,0.01752233201,0.4504950905330218,2446
kreis_03157,dep_hour_share_work_15,0.018124202960157668,0.01002949914,0.8094703820157667,2446
kreis_03157,dep_hour_share_work_16,0.011419407195579085,0.01039100778,0.1028399415579086,2446
kreis_03157,dep_hour_share_work_17,0.007535649418402442,0.0112437194,-0.3708069981597557,2446
kreis_03157,dep_hour_share_work_18,0.00407697955713568,0.01378795032,-0.9710970762864319,2446
kreis_03157,dep_hour_share_work_19,0.0027630714534142287,0.0,0.27630714534142287,2446
kreis_03157,dep_hour_share_work_20,0.005236310236889902,0.002694522053,0.25417881838899015,2446
kreis_03157,dep_hour_share_work_21,0.003535958573250377,0.01089474319,-0.7358784616749624,2446
kreis_03157,dep_hour_share_work_22,0.0010627197897747035,0.0,0.10627197897747034,2446
kreis_03157,dep_hour_share_work_23,0.0007535649418402442,0.0,0.07535649418402442,2446
kreis_03157,dep_hour_share_work_4,0.029446999265757237,0.01818388768,1.1263111585757237,2446
kreis_03157,dep_hour_share_work_5,0.12663755458515283,0.09817122256,2.8466332025152834,2446
kreis_03157,dep_hour_share_work_6,0.2179155234378019,0.1898237086,2.8091814837801903,2446
kreis_03157,dep_hour_share_work_7,0.24409707462225141,0.3243751272,-8.027805257774858,2446
kreis_03157,dep_hour_share_work_8,0.12509178034548055,0.119425894,0.5665886345480542,2446
kreis_03157,dep_hour_share_work_9,0.05093326119720215,0.03607658411,1.4856677087202155,2446
kreis_03157,mean_work_activity_h,5.750374108230381,6.415477383,-0.6651032747696188,2446
kreis_03157,mobility_rate,0.828210970525961,0.8212402024,0.6970768125961091,2446
kreis_03157,n_persons_unweighted,136493.0,2446.0,134047.0,2446
kreis_03157,n_persons_weighted,136493.0,104172.0,32321.0,2446
kreis_03157,n_work_activities_measured,51723.0,871.0,50852.0,2446
kreis_03157,nonhome_acts_per_mobile,2.1350170286169226,2.155588382,-0.020571353383077362,2446
kreis_03157,participation_education,0.19169481218817083,0.1901311055,0.1563706688170824,2446
kreis_03157,participation_escort,0.09988790633951924,0.1063565594,-0.646865306048075,2446
kreis_03157,participation_home,0.828210970525961,0.8137540321,1.4456938425961074,2446
kreis_03157,participation_leisure,0.3489849296300909,0.3722657309,-2.3280801269909057,2446
kreis_03157,participation_other,0.23125728059314396,0.1664957087,6.476157189314397,2446
kreis_03157,participation_shop,0.19225161729905563,0.2322507851,-3.999916780094437,2446
kreis_03157,participation_work,0.30339284798487837,0.3164269236,-1.3034075615121654,2446
kreis_03157,purpose_share_education,0.08197700426787247,0.06415113977,1.7825864497872463,2446
kreis_03157,purpose_share_escort,0.052087388618200725,0.05521754869,-0.3130160071799275,2446
kreis_03157,purpose_share_home,0.41639443363035145,0.430629673,-1.4235239369648545,2446
kreis_03157,purpose_share_leisure,0.14570734243329184,0.1663083762,-2.060103376670816,2446
kreis_03157,purpose_share_other,0.10413367024942269,0.07017784179,3.395582845942269,2446
kreis_03157,purpose_share_shop,0.07455598408917798,0.09305182129,-1.8495837200822027,2446
kreis_03157,purpose_share_work,0.12514417671168285,0.1204635993,0.4680577411682846,2446
kreis_03157,share_mobile_first_from_home,1.0,0.9810117436,1.8988256400000014,2446
kreis_03157,share_mobile_last_to_home,1.0,0.9814461412,1.8553858800000045,2446
kreis_03157,share_mobile_odd_trip_count,0.28148967225441196,0.2207371556,6.075251665441195,2446
kreis_03157,share_trips_0,0.17178902947403896,0.1787597976,-0.6970768125961035,2446
kreis_03157,share_trips_1,0.0009157978797447488,0.008836270712,-0.7920472832255252,2446
kreis_03157,share_trips_2,0.32899123031950356,0.3141973457,1.479388461950354,2446
kreis_03157,share_trips_3,0.10911914896734631,0.06668096858,4.243818038734632,2446
kreis_03157,share_trips_4,0.17162052266416591,0.2130226015,-4.1402078835834075,2446
kreis_03157,share_trips_5,0.08712534708739643,0.06327543051,2.3849916577396435,2446
kreis_03157,share_trips_6,0.06502164946187716,0.08170331607,-1.6681666608122843,2446
kreis_03157,share_trips_7,0.026301715106269184,0.02678843864,-0.04867235337308144,2446
kreis_03157,share_trips_8plus,0.03911555903965771,0.04673583062,-0.7620271580342293,2446
kreis_03157,share_trips_followed_by_same_purpose,0.09985612554557435,0.04319098711,5.666513843557435,2446
kreis_03157,share_trips_home_based,0.8110384350328251,0.8605857712,-4.954733616717489,2446
kreis_03157,share_trips_unknown_purpose,0.0,0.0006487918246,-0.06487918245999999,2446
kreis_03157,share_work_activities_lt_2h,0.1911335382711753,0.1186540761,7.247946217117529,2446
kreis_03157,tours_per_mobile,1.5233048785881729,1.628471052,-0.10516617341182721,2446
kreis_03157,trips_per_mobile_person,3.6583219072050954,3.784059434,-0.12573752679490457,2446
kreis_03157,trips_per_person,3.029862337262717,3.107621736,-0.0777593987372831,2446
kreis_03157,trips_per_person_education,0.2483790377528518,0.1992281348,0.049150902952851794,2446
kreis_03157,trips_per_person_escort,0.15781761702065308,0.1714839249,-0.013666307879346917,2446
kreis_03157,trips_per_person_home,1.261617811902442,1.337365896,-0.07574808409755818,2446
kreis_03157,trips_per_person_leisure,0.4414731891012726,0.5164882138,-0.0750150246987274,2446
kreis_03157,trips_per_person_other,0.3155106855296609,0.217944694,0.09756599152966089,2446
kreis_03157,trips_per_person_shop,0.2258943682093587,0.2889822513,-0.06308788309064128,2446
kreis_03157,trips_per_person_work,0.37916962774647783,0.3741124209,0.005057206846477813,2446
kreis_03158,dep_hour_share_all_10,0.04495846582901336,0.05515405448,-1.0195588650986638,1871
kreis_03158,dep_hour_share_all_11,0.04816823308015457,0.05128257631,-0.3114343229845433,1871
kreis_03158,dep_hour_share_all_12,0.060086734319798184,0.05721300189,0.2873732429798187,1871
kreis_03158,dep_hour_share_all_13,0.06542548424851528,0.07577047958,-1.034499533148471,1871
kreis_03158,dep_hour_share_all_14,0.07284705268960573,0.06910079288,0.37462598096057315,1871
kreis_03158,dep_hour_share_all_15,0.08822515078031017,0.0945681824,-0.6343031619689841,1871
kreis_03158,dep_hour_share_all_16,0.09022107204053757,0.09813400199,-0.7912929949462424,1871
kreis_03158,dep_hour_share_all_17,0.07796041287056926,0.07468157096,0.32788419105692634,1871
kreis_03158,dep_hour_share_all_18,0.06446146785752109,0.06272519837,0.17362694875210916,1871
kreis_03158,dep_hour_share_all_19,0.040122090639265064,0.0362048663,0.3917224339265064,1871
kreis_03158,dep_hour_share_all_20,0.02711737374779702,0.02188639743,0.5230976317797019,1871
kreis_03158,dep_hour_share_all_21,0.01961162359369017,0.01357014316,0.6041480433690173,1871
kreis_03158,dep_hour_share_all_22,0.013716188143413053,0.006890193345,0.6825994798413053,1871
kreis_03158,dep_hour_share_all_23,0.006973504484712872,0.004613050967,0.23604535177128727,1871
kreis_03158,dep_hour_share_all_4,0.0039022297291792826,0.003629293392,0.027293633717928242,1871
kreis_03158,dep_hour_share_all_5,0.01623349291651618,0.01126620152,0.49672913965161813,1871
kreis_03158,dep_hour_share_all_6,0.0500501016969404,0.0406541143,0.9395987396940398,1871
kreis_03158,dep_hour_share_all_7,0.08999296675365444,0.1039640148,-1.3971048046345567,1871
kreis_03158,dep_hour_share_all_8,0.05804193335523868,0.06412901048,-0.6087077124761315,1871
kreis_03158,dep_hour_share_all_9,0.05069096893151682,0.05243075416,-0.17397852284831844,1871
kreis_03158,dep_hour_share_education_10,0.01809399050270182,0.002660874358,1.543311614470182,1871
kreis_03158,dep_hour_share_education_11,0.032585557556901915,0.00987711508,2.2708442476901918,1871
kreis_03158,dep_hour_share_education_12,0.02288357622400524,0.00972202424,1.316155198400524,1871
kreis_03158,dep_hour_share_education_13,0.025257900769608647,0.03807245213,-1.2814551360391349,1871
kreis_03158,dep_hour_share_education_14,0.021491730800720484,0.009916532512,1.1575198288720483,1871
kreis_03158,dep_hour_share_education_15,0.035041755362698546,0.02757460069,0.7467154672698546,1871
kreis_03158,dep_hour_share_education_16,0.01563779269690519,0.01405167733,0.1586115366905191,1871
kreis_03158,dep_hour_share_education_17,0.008801375470771247,0.004867861149,0.39335143217712465,1871
kreis_03158,dep_hour_share_education_18,0.0042983461601440965,0.0,0.42983461601440964,1871
kreis_03158,dep_hour_share_education_19,0.006918290486327166,0.0,0.6918290486327165,1871
kreis_03158,dep_hour_share_education_20,0.0004503029310627149,0.0,0.04503029310627149,1871
kreis_03158,dep_hour_share_education_21,8.18732601932209e-05,0.0,0.008187326019322089,1871
kreis_03158,dep_hour_share_education_22,4.093663009661045e-05,0.0,0.0040936630096610445,1871
kreis_03158,dep_hour_share_education_23,0.0001637465203864418,0.0,0.016374652038644178,1871
kreis_03158,dep_hour_share_education_4,0.000368429670869494,0.0,0.036842967086949396,1871
kreis_03158,dep_hour_share_education_5,0.0027018175863762896,0.0,0.27018175863762894,1871
kreis_03158,dep_hour_share_education_6,0.17872932700180122,0.08214585943,9.658346757180123,1871
kreis_03158,dep_hour_share_education_7,0.4716718519731456,0.6373170409,-16.564518892685438,1871
kreis_03158,dep_hour_share_education_8,0.1167922056656296,0.110496553,0.6295652665629605,1871
kreis_03158,dep_hour_share_education_9,0.03667922056656296,0.05329740919,-1.6618188623437038,1871
kreis_03158,dep_hour_share_escort_10,0.015955766192733017,0.02741296507,-1.1457198877266983,1871
kreis_03158,dep_hour_share_escort_11,0.03407056345444971,0.02080495752,1.3265605934449711,1871
kreis_03158,dep_hour_share_escort_12,0.052869931542917324,0.05321798475,-0.034805320708267834,1871
kreis_03158,dep_hour_share_escort_13,0.0731437598736177,0.09225923392,-1.9115474046382308,1871
kreis_03158,dep_hour_share_escort_14,0.14139020537124802,0.102593244,3.879696137124802,1871
kreis_03158,dep_hour_share_escort_15,0.12775144813059505,0.1687602819,-4.100883376940495,1871
kreis_03158,dep_hour_share_escort_16,0.0981042654028436,0.04451623652,5.35880288828436,1871
kreis_03158,dep_hour_share_escort_17,0.05839915745129015,0.03453654203,2.386261542129015,1871
kreis_03158,dep_hour_share_escort_18,0.037177461822011586,0.03517520488,0.20022569420115877,1871
kreis_03158,dep_hour_share_escort_19,0.01874670879410216,0.007376827986,1.136988080810216,1871
kreis_03158,dep_hour_share_escort_20,0.0061084781463928385,0.002614832101,0.34936460453928386,1871
kreis_03158,dep_hour_share_escort_21,0.008846761453396525,0.0,0.8846761453396526,1871
kreis_03158,dep_hour_share_escort_22,0.002001053185887309,0.001096139809,0.09049133768873091,1871
kreis_03158,dep_hour_share_escort_23,0.001263823064770932,0.0,0.1263823064770932,1871
kreis_03158,dep_hour_share_escort_4,0.0015271195365982096,0.0,0.15271195365982096,1871
kreis_03158,dep_hour_share_escort_5,0.001579778830963665,0.0,0.1579778830963665,1871
kreis_03158,dep_hour_share_escort_6,0.04202211690363349,0.03150092254,1.0521194363633497,1871
kreis_03158,dep_hour_share_escort_7,0.17093206951026857,0.2425382786,-7.160620908973142,1871
kreis_03158,dep_hour_share_escort_8,0.07793575566087414,0.1043624275,-2.642667183912585,1871
kreis_03158,dep_hour_share_escort_9,0.026908899420747763,0.03123392086,-0.4325021439252237,1871
kreis_03158,dep_hour_share_home_10,0.03236577301569704,0.04367232834,-1.1306555324302956,1871
kreis_03158,dep_hour_share_home_11,0.04806281425059182,0.05756872897,-0.9505914719408176,1871
kreis_03158,dep_hour_share_home_12,0.07541362062331666,0.07114544741,0.4268173213316656,1871
kreis_03158,dep_hour_share_home_13,0.08264586770661467,0.08939421248,-0.6748344773385331,1871
kreis_03158,dep_hour_share_home_14,0.08165461292152784,0.08751906609,-0.5864453168472159,1871
kreis_03158,dep_hour_share_home_15,0.105020835914726,0.1153993244,-1.0378488485274007,1871
kreis_03158,dep_hour_share_home_16,0.11240959691145877,0.1205004999,-0.8090902988541232,1871
kreis_03158,dep_hour_share_home_17,0.10153187992774275,0.0867880434,1.4743836527742749,1871
kreis_03158,dep_hour_share_home_18,0.09243450870934714,0.09740646199,-0.4971953280652863,1871
kreis_03158,dep_hour_share_home_19,0.061144768848514094,0.05202318318,0.9121585668514093,1871
kreis_03158,dep_hour_share_home_20,0.04994750262486876,0.03821740242,1.173010020486876,1871
kreis_03158,dep_hour_share_home_21,0.0378241957467344,0.02671837785,1.1105817896734402,1871
kreis_03158,dep_hour_share_home_22,0.02759209865593677,0.01568993182,1.190216683593677,1871
kreis_03158,dep_hour_share_home_23,0.014673179384509035,0.00638792609,0.8285253294509034,1871
kreis_03158,dep_hour_share_home_4,3.912847835869076e-05,0.0007734310221,-0.07343025437413092,1871
kreis_03158,dep_hour_share_home_5,0.0006977911973966519,0.00563800055,-0.49402093526033486,1871
kreis_03158,dep_hour_share_home_6,0.0015390534821085034,0.007895271508,-0.6356218025891497,1871
kreis_03158,dep_hour_share_home_7,0.009156063935933639,0.01212239825,-0.29663343140663606,1871
kreis_03158,dep_hour_share_home_8,0.017177401999465245,0.03462856587,-1.7451163870534758,1871
kreis_03158,dep_hour_share_home_9,0.030604991489555956,0.02767257553,0.2932415959555956,1871
kreis_03158,dep_hour_share_leisure_10,0.0457556032110527,0.04393411535,0.1821487861052705,1871
kreis_03158,dep_hour_share_leisure_11,0.03006091890763479,0.03413978358,-0.407886467236521,1871
kreis_03158,dep_hour_share_leisure_12,0.04123887423376919,0.0515817975,-1.0342923266230806,1871
kreis_03158,dep_hour_share_leisure_13,0.04801396769969446,0.06887164928,-2.0857681580305543,1871
kreis_03158,dep_hour_share_leisure_14,0.08238285920330973,0.05625050905,2.6132350153309734,1871
kreis_03158,dep_hour_share_leisure_15,0.10697815649137457,0.1167850565,-0.9806900008625428,1871
kreis_03158,dep_hour_share_leisure_16,0.14166967149336723,0.1247820193,1.6887652193367229,1871
kreis_03158,dep_hour_share_leisure_17,0.13827263583398175,0.1476739585,-0.9401322666018258,1871
kreis_03158,dep_hour_share_leisure_18,0.10697815649137457,0.0844457048,2.2532451691374575,1871
kreis_03158,dep_hour_share_leisure_19,0.060140815668115306,0.06485958293,-0.47187672618847,1871
kreis_03158,dep_hour_share_leisure_20,0.024633252993756287,0.0308634367,-0.6230183706243713,1871
kreis_03158,dep_hour_share_leisure_21,0.013208585580627407,0.01105487573,0.21537098506274072,1871
kreis_03158,dep_hour_share_leisure_22,0.010134173419619304,0.0005575326329,0.9576640786719305,1871
kreis_03158,dep_hour_share_leisure_23,0.0018408517260357163,0.003073118089,-0.1232266362964284,1871
kreis_03158,dep_hour_share_leisure_4,0.00030364564553166454,0.004135896466,-0.38322508204683353,1871
kreis_03158,dep_hour_share_leisure_5,0.0029985007496251873,0.005569946358,-0.25714456083748133,1871
kreis_03158,dep_hour_share_leisure_6,0.018294650143282788,0.01499059211,0.33040580332827885,1871
kreis_03158,dep_hour_share_leisure_7,0.02455734158237337,0.02605144068,-0.14940990976266277,1871
kreis_03158,dep_hour_share_leisure_8,0.044522042776080316,0.05167739811,-0.7155355333919686,1871
kreis_03158,dep_hour_share_leisure_9,0.052777408763972446,0.05842583073,-0.5648421966027557,1871
kreis_03158,dep_hour_share_other_10,0.08756030939677839,0.1599726669,-7.241235750322161,1871
kreis_03158,dep_hour_share_other_11,0.08556914201107906,0.07557085747,0.9998284541079052,1871
kreis_03158,dep_hour_share_other_12,0.06667857963393153,0.03858206384,2.8096515793931536,1871
kreis_03158,dep_hour_share_other_13,0.07921272304903888,0.07530674409,0.39059789590388805,1871
kreis_03158,dep_hour_share_other_14,0.08676894799989789,0.08053868999,0.6230258009897891,1871
kreis_03158,dep_hour_share_other_15,0.08845378194164348,0.0852189803,0.3234801641643484,1871
kreis_03158,dep_hour_share_other_16,0.0899854491614122,0.09817349272,-0.8188043558587808,1871
kreis_03158,dep_hour_share_other_17,0.06052638296786052,0.04801915574,1.2507227227860518,1871
kreis_03158,dep_hour_share_other_18,0.03974676435299824,0.01484022095,2.490654340299824,1871
kreis_03158,dep_hour_share_other_19,0.029050621601613355,0.0009990018478,2.8051619753813357,1871
kreis_03158,dep_hour_share_other_20,0.01299364358103796,0.000445981966,1.254766161503796,1871
kreis_03158,dep_hour_share_other_21,0.007198835932912976,0.003042066317,0.41567696159129763,1871
kreis_03158,dep_hour_share_other_22,0.00423761264136012,0.0,0.42376126413601206,1871
kreis_03158,dep_hour_share_other_23,0.004007862558394813,0.0,0.4007862558394813,1871
kreis_03158,dep_hour_share_other_4,0.0015571950067648636,0.0,0.15571950067648635,1871
kreis_03158,dep_hour_share_other_5,0.0013019171368034105,0.002421446838,-0.11195297011965895,1871
kreis_03158,dep_hour_share_other_6,0.018635284507186073,0.01059897521,0.8036309297186073,1871
kreis_03158,dep_hour_share_other_7,0.06136879993873331,0.07230242952,-1.0933629581266695,1871
kreis_03158,dep_hour_share_other_8,0.07645572205345519,0.1147094796,-3.825375754654481,1871
kreis_03158,dep_hour_share_other_9,0.09276797794399204,0.1192577466,-2.6489768656007966,1871
kreis_03158,dep_hour_share_shop_10,0.11400695452550555,0.1219647016,-0.7957747074494453,1871
kreis_03158,dep_hour_share_shop_11,0.09088146922791263,0.1097824358,-1.890096657208737,1871
kreis_03158,dep_hour_share_shop_12,0.08797812362850681,0.06949173784,1.848638578850681,1871
kreis_03158,dep_hour_share_shop_13,0.060970257587522364,0.08454214989,-2.357189230247764,1871
kreis_03158,dep_hour_share_shop_14,0.07666857972384457,0.06957981999,0.7088759733844568,1871
kreis_03158,dep_hour_share_shop_15,0.10381148509503393,0.07121066525,3.2600819845033935,1871
kreis_03158,dep_hour_share_shop_16,0.07565578474730765,0.1397555875,-6.409980275269235,1871
kreis_03158,dep_hour_share_shop_17,0.05982242328078053,0.07355867656,-1.3736253279219464,1871
kreis_03158,dep_hour_share_shop_18,0.043516424158536175,0.04277831041,0.0738113748536176,1871
kreis_03158,dep_hour_share_shop_19,0.015090645150400053,0.03085819852,-1.5767553369599947,1871
kreis_03158,dep_hour_share_shop_20,0.004422538064211202,0.006191894785,-0.1769356720788798,1871
kreis_03158,dep_hour_share_shop_21,0.0021268694507275243,0.0,0.21268694507275243,1871
kreis_03158,dep_hour_share_shop_22,0.001485432632254144,0.0,0.14854326322541442,1871
kreis_03158,dep_hour_share_shop_23,0.0005401573208196887,0.0,0.05401573208196887,1871
kreis_03158,dep_hour_share_shop_4,6.751966510246109e-05,0.0,0.006751966510246109,1871
kreis_03158,dep_hour_share_shop_5,0.0005739171533709193,0.0,0.057391715337091934,1871
kreis_03158,dep_hour_share_shop_6,0.011815941392930691,0.008862747522,0.2953193870930692,1871
kreis_03158,dep_hour_share_shop_7,0.04250362918199926,0.03514281976,0.7360809421999258,1871
kreis_03158,dep_hour_share_shop_8,0.08861956044698019,0.0437058696,4.491369084698019,1871
kreis_03158,dep_hour_share_shop_9,0.11778805577124338,0.0925743851,2.5213670671243373,1871
kreis_03158,dep_hour_share_work_10,0.032596740325967405,0.02641494861,0.6181791715967406,1871
kreis_03158,dep_hour_share_work_11,0.025937406259374064,0.01660022885,0.9337177409374064,1871
kreis_03158,dep_hour_share_work_12,0.03217678232176782,0.04021213059,-0.8035348268232178,1871
kreis_03158,dep_hour_share_work_13,0.03949605039496051,0.04043885205,-0.09428016550394949,1871
kreis_03158,dep_hour_share_work_14,0.021677832216778322,0.025826721,-0.4148888783221678,1871
kreis_03158,dep_hour_share_work_15,0.018518148185181483,0.01949787229,-0.09797241048185162,1871
kreis_03158,dep_hour_share_work_16,0.010218978102189781,0.01095984865,-0.07408705478102184,1871
kreis_03158,dep_hour_share_work_17,0.007739226077392261,0.006489062176,0.12501639013922616,1871
kreis_03158,dep_hour_share_work_18,0.0053994600539946005,0.004155481623,0.12439784309946009,1871
kreis_03158,dep_hour_share_work_19,0.0023997600239976003,0.0,0.23997600239976002,1871
kreis_03158,dep_hour_share_work_20,0.00523947605239476,0.0006980929976,0.45413830547947603,1871
kreis_03158,dep_hour_share_work_21,0.004219578042195781,0.003611585871,0.06079921711957806,1871
kreis_03158,dep_hour_share_work_22,0.00073992600739926,0.001434930602,-0.069500459460074,1871
kreis_03158,dep_hour_share_work_23,0.00039996000399960006,0.012066013,-1.16660529960004,1871
kreis_03158,dep_hour_share_work_4,0.026277372262773723,0.02201327391,0.4264098352773724,1871
kreis_03158,dep_hour_share_work_5,0.11096890310968903,0.06533262306,4.563628004968903,1871
kreis_03158,dep_hour_share_work_6,0.21971802819718028,0.2199542112,-0.02361830028197176,1871
kreis_03158,dep_hour_share_work_7,0.2401959804019598,0.2789355718,-3.87395913980402,1871
kreis_03158,dep_hour_share_work_8,0.1288071192880712,0.1334530624,-0.46459431119287853,1871
kreis_03158,dep_hour_share_work_9,0.053254674532546745,0.0644253084,-1.1170633867453261,1871
kreis_03158,mean_work_activity_h,5.7620397980080975,6.272497235,-0.5104574369919028,1871
kreis_03158,mobility_rate,0.8504224008720535,0.859850828,-0.9428427127946559,1871
kreis_03158,n_persons_unweighted,117424.0,1871.0,115553.0,1871
kreis_03158,n_persons_weighted,117424.0,67261.0,50163.0,1871
kreis_03158,n_work_activities_measured,49969.0,685.0,49284.0,1871
kreis_03158,nonhome_acts_per_mobile,2.152112958141398,2.19084171,-0.03872875185860192,1871
kreis_03158,participation_education,0.1640805968115547,0.1783423675,-1.4261770688445279,1871
kreis_03158,participation_escort,0.10925364491075078,0.1155273422,-0.6273697289249216,1871
kreis_03158,participation_home,0.8504224008720535,0.8509482999,-0.05258990279465303,1871
kreis_03158,participation_leisure,0.35944100013625835,0.3852013769,-2.5760376763741655,1871
kreis_03158,participation_other,0.24003610846164328,0.1813403823,5.869572616164328,1871
kreis_03158,participation_shop,0.2109960485079711,0.3003820177,-8.93859691920289,1871
kreis_03158,participation_work,0.3409183812508516,0.3336604347,0.7257946550851602,1871
kreis_03158,purpose_share_education,0.06633518985691825,0.05991894387,0.641624598691825,1871
kreis_03158,purpose_share_escort,0.05156808807036505,0.05721124417,-0.564315609963495,1871
kreis_03158,purpose_share_home,0.4164034856660267,0.4209777963,-0.45743106339732886,1871
kreis_03158,purpose_share_leisure,0.14308990335396238,0.1581563002,-1.506639684603761,1871
kreis_03158,purpose_share_other,0.10637581432229648,0.06567131097,4.070450335229649,1871
kreis_03158,purpose_share_shop,0.08043698455672897,0.1180479127,-3.7610928143271023,1871
kreis_03158,purpose_share_work,0.13579053417370218,0.1200164918,1.5774042373702182,1871
kreis_03158,share_mobile_first_from_home,1.0,0.981267738,1.8732262,1871
kreis_03158,share_mobile_last_to_home,1.0,0.9794394822,2.056051780000001,1871
kreis_03158,share_mobile_odd_trip_count,0.28859403164430203,0.2337599305,5.483410114430204,1871
kreis_03158,share_trips_0,0.14957759912794658,0.140149172,0.9428427127946587,1871
kreis_03158,share_trips_1,0.00080051778171413,0.005121677129,-0.432115934728587,1871
kreis_03158,share_trips_2,0.3066579234228096,0.3023557305,0.43021929228096445,1871
kreis_03158,share_trips_3,0.12367999727483309,0.0894352087,3.424478857483308,1871
kreis_03158,share_trips_4,0.20597152200572286,0.2458050449,-3.9833522894277134,1871
kreis_03158,share_trips_5,0.08495707862106554,0.07536807732,0.9589001301065534,1871
kreis_03158,share_trips_6,0.06327496934187218,0.07578641606,-1.2511446718127817,1871
kreis_03158,share_trips_7,0.02782225098787301,0.01798444424,0.9837806747873008,1871
kreis_03158,share_trips_8plus,0.03725814143616297,0.04799422912,-1.0736087683837034,1871
kreis_03158,share_trips_followed_by_same_purpose,0.10234052317576871,0.04154866765,6.07918555257687,1871
kreis_03158,share_trips_home_based,0.8085490602876843,0.8419643411,-3.3415280812315706,1871
kreis_03158,share_trips_unknown_purpose,0.0,0.0005637387882,-0.05637387882,1871
kreis_03158,share_work_activities_lt_2h,0.1920991014428946,0.1171743165,7.49247849428946,1871
kreis_03158,tours_per_mobile,1.535559783697176,1.59130017,-0.055740386302824074,1871
kreis_03158,trips_per_mobile_person,3.687672741838574,3.782141881,-0.09446913916142563,1871
kreis_03158,trips_per_person,3.136079506744788,3.252077828,-0.11599832125521203,1871
kreis_03158,trips_per_person_education,0.20803242948630604,0.1947512181,0.01328121138630603,1871
kreis_03158,trips_per_person_escort,0.16172162419948222,0.185950532,-0.024228907800517785,1871
kreis_03158,trips_per_person_home,1.3058744379343235,1.368280769,-0.06240633106567661,1871
kreis_03158,trips_per_person_leisure,0.44874131353045377,0.5140466457,-0.06530533216954626,1871
kreis_03158,trips_per_person_other,0.3336030113094427,0.2134478176,0.12015519370944269,1871
kreis_03158,trips_per_person_shop,0.25225677885270475,0.3836845796,-0.13142780074729526,1871
kreis_03158,trips_per_person_work,0.42584991143207523,0.3900829432,0.03576696823207526,1871
sex_female,dep_hour_share_all_10,0.04924053732843715,0.05564390134,-0.640336401156285,9081
sex_female,dep_hour_share_all_11,0.05124276002059429,0.06150041106,-1.0257651039405715,9081
sex_female,dep_hour_share_all_12,0.06262811172081238,0.06404882651,-0.14207147891876215,9081
sex_female,dep_hour_share_all_13,0.06919077422062758,0.07936019488,-1.0169420659372417,9081
sex_female,dep_hour_share_all_14,0.07816317440034555,0.07819771704,-0.0034542639654452922,9081
sex_female,dep_hour_share_all_15,0.09084820323813723,0.09580112016,-0.49529169218627683,9081
sex_female,dep_hour_share_all_16,0.08923164141766365,0.0890369148,0.019472661766364863,9081
sex_female,dep_hour_share_all_17,0.07635506768026915,0.07761570694,-0.12606392597308558,9081
sex_female,dep_hour_share_all_18,0.06142420703304021,0.05914231058,0.2281896453040208,9081
sex_female,dep_hour_share_all_19,0.03976163587057478,0.03458839858,0.5173237290574784,9081
sex_female,dep_hour_share_all_20,0.026988547800415357,0.02032991122,0.6658636580415357,9081
sex_female,dep_hour_share_all_21,0.016926012890071868,0.01418941975,0.2736593140071868,9081
sex_female,dep_hour_share_all_22,0.012881073114230823,0.008862348845,0.4018724269230823,9081
sex_female,dep_hour_share_all_23,0.0053054080581268065,0.002854619479,0.24507885791268066,9081
sex_female,dep_hour_share_all_4,0.0031772028145530414,0.002381063838,0.07961389765530416,9081
sex_female,dep_hour_share_all_5,0.010250223201229487,0.007581775505,0.26684476962294873,9081
sex_female,dep_hour_share_all_6,0.04231149700052257,0.02739186806,1.4919628940522571,9081
sex_female,dep_hour_share_all_7,0.09177957424325302,0.1021297677,-1.035019345674698,9081
sex_female,dep_hour_share_all_8,0.06155533172941262,0.06774667538,-0.6191343650587378,9081
sex_female,dep_hour_share_all_9,0.05218120147502428,0.0500818887,0.209931277502428,9081
sex_female,dep_hour_share_education_10,0.015398492365182656,0.008213915878,0.7184576487182657,9081
sex_female,dep_hour_share_education_11,0.026581497878450395,0.02787163858,-0.12901407015496053,9081
sex_female,dep_hour_share_education_12,0.02651706904010235,0.02119910342,0.5317965620102348,9081
sex_female,dep_hour_share_education_13,0.036586376061925316,0.0328745111,0.37118649619253125,9081
sex_female,dep_hour_share_education_14,0.027971319962815357,0.01569082492,1.2280495042815358,9081
sex_female,dep_hour_share_education_15,0.036595580181689326,0.02240920996,1.4186370221689326,9081
sex_female,dep_hour_share_education_16,0.015306451167542591,0.02274942859,-0.7442977422457407,9081
sex_female,dep_hour_share_education_17,0.007317275212385063,0.01516501824,-0.7847743027614935,9081
sex_female,dep_hour_share_education_18,0.007225234014745,0.005676726778,0.15485072367449998,9081
sex_female,dep_hour_share_education_19,0.005227940025955617,0.0007242699645,0.4503670061455617,9081
sex_female,dep_hour_share_education_20,0.0008559831380525923,0.0002856230944,0.05703600436525923,9081
sex_female,dep_hour_share_education_21,0.0005522471858403821,0.0,0.05522471858403821,9081
sex_female,dep_hour_share_education_22,0.0002393071138641656,0.0,0.02393071138641656,9081
sex_female,dep_hour_share_education_23,0.00016567415575211464,0.0,0.016567415575211464,9081
sex_female,dep_hour_share_education_4,5.522471858403822e-05,0.0,0.005522471858403822,9081
sex_female,dep_hour_share_education_5,0.001445046802949,0.0,0.1445046802949,9081
sex_female,dep_hour_share_education_6,0.16831573812438447,0.07116294589,9.715279223438447,9081
sex_female,dep_hour_share_education_7,0.452318057562565,0.594652672,-14.233461443743506,9081
sex_female,dep_hour_share_education_8,0.13215275157160344,0.1222619995,0.9890752071603448,9081
sex_female,dep_hour_share_education_9,0.03890581424245492,0.03906211208,-0.01562978375450816,9081
sex_female,dep_hour_share_escort_10,0.017963813124493654,0.01053875373,0.7425059394493654,9081
sex_female,dep_hour_share_escort_11,0.03370240345665677,0.03089559536,0.28068080966567666,9081
sex_female,dep_hour_share_escort_12,0.06327842290035107,0.05254428009,1.0734142810351073,9081
sex_female,dep_hour_share_escort_13,0.07695382122603295,0.108682214,-3.1728392773967053,9081
sex_female,dep_hour_share_escort_14,0.15605725087766675,0.1333373884,2.271986247766675,9081
sex_female,dep_hour_share_escort_15,0.14123683499864975,0.1274622677,1.377456729864976,9081
sex_female,dep_hour_share_escort_16,0.08834998649743452,0.0594227688,2.892721769743452,9081
sex_female,dep_hour_share_escort_17,0.05111531190926276,0.04881485254,0.2300459369262757,9081
sex_female,dep_hour_share_escort_18,0.029900081015392925,0.02443591942,0.5464161595392925,9081
sex_female,dep_hour_share_escort_19,0.013891439373480962,0.0104643206,0.34271187734809616,9081
sex_female,dep_hour_share_escort_20,0.002765325411828247,0.006126904052,-0.33615786401717523,9081
sex_female,dep_hour_share_escort_21,0.005714285714285714,0.003275618222,0.24386674922857143,9081
sex_female,dep_hour_share_escort_22,0.0011342155009451795,0.01838105251,-1.724683700905482,9081
sex_female,dep_hour_share_escort_23,0.0009181744531460978,0.0,0.09181744531460978,9081
sex_female,dep_hour_share_escort_4,0.0016635160680529301,0.0,0.166351606805293,9081
sex_female,dep_hour_share_escort_5,0.0008749662435862814,0.001275581831,-0.04006155874137186,9081
sex_female,dep_hour_share_escort_6,0.04448285174183095,0.01181001373,3.267283801183095,9081
sex_female,dep_hour_share_escort_7,0.16333783418849582,0.2281949606,-6.485712641150418,9081
sex_female,dep_hour_share_escort_8,0.07871455576559547,0.1081020967,-2.938754093440453,9081
sex_female,dep_hour_share_escort_9,0.02555765595463138,0.01605629947,0.9501356484631379,9081
sex_female,dep_hour_share_home_10,0.03830463535084931,0.04346140692,-0.5156771569150689,9081
sex_female,dep_hour_share_home_11,0.05221766534612015,0.06333577174,-1.1118106393879854,9081
sex_female,dep_hour_share_home_12,0.0805119895803453,0.07737263605,0.3139353530345307,9081
sex_female,dep_hour_share_home_13,0.08601486971555274,0.102654936,-1.6640066284447266,9081
sex_female,dep_hour_share_home_14,0.08568150278710257,0.0830329687,0.2648534087102569,9081
sex_female,dep_hour_share_home_15,0.10240876987603402,0.1051328312,-0.2724061323965979,9081
sex_female,dep_hour_share_home_16,0.10548039724933521,0.1089339521,-0.3453554850664786,9081
sex_female,dep_hour_share_home_17,0.10232969213951794,0.1036690702,-0.1339378060482066,9081
sex_female,dep_hour_share_home_18,0.08631102359152473,0.08693458957,-0.06235659784752656,9081
sex_female,dep_hour_share_home_19,0.06041384015443417,0.04783156201,1.258227814443417,9081
sex_female,dep_hour_share_home_20,0.051574189647018695,0.03854229042,1.3031899227018695,9081
sex_female,dep_hour_share_home_21,0.03338320916061308,0.02753753849,0.5845670670613083,9081
sex_female,dep_hour_share_home_22,0.025211843053951175,0.01598826247,0.9223580583951174,9081
sex_female,dep_hour_share_home_23,0.011300363602533588,0.004993073923,0.6307289679533588,9081
sex_female,dep_hour_share_home_4,4.0314140184669774e-05,0.001321228949,-0.12809148088153302,9081
sex_female,dep_hour_share_home_5,0.0005830044888244552,0.001950612328,-0.13676078391755447,9081
sex_female,dep_hour_share_home_6,0.001744361834913596,0.003638594392,-0.18942325570864038,9081
sex_female,dep_hour_share_home_7,0.011258498918495662,0.01810501158,-0.6846512661504338,9081
sex_female,dep_hour_share_home_8,0.021399055718793365,0.03431543392,-1.2916378201206633,9081
sex_female,dep_hour_share_home_9,0.030049539876111545,0.02927977372,0.07697661561115454,9081
sex_female,dep_hour_share_leisure_10,0.0479004598787983,0.05462172484,-0.67212649612017,9081
sex_female,dep_hour_share_leisure_11,0.03983753814415266,0.04628751124,-0.6449973095847341,9081
sex_female,dep_hour_share_leisure_12,0.040340396269394424,0.05635633875,-1.6015942480605574,9081
sex_female,dep_hour_share_leisure_13,0.054906090170627926,0.05718385016,-0.22777599893720746,9081
sex_female,dep_hour_share_leisure_14,0.08330253148235699,0.08216268994,0.11398415423569813,9081
sex_female,dep_hour_share_leisure_15,0.11460867322817725,0.1272720321,-1.2663358871822739,9081
sex_female,dep_hour_share_leisure_16,0.13709545708514204,0.1253701822,1.1725274885142023,9081
sex_female,dep_hour_share_leisure_17,0.12296815231873469,0.1043263832,1.8641769118734692,9081
sex_female,dep_hour_share_leisure_18,0.10455580865603645,0.09469715799,0.9858650666036445,9081
sex_female,dep_hour_share_leisure_19,0.055868827094167704,0.07038338344,-1.45145563458323,9081
sex_female,dep_hour_share_leisure_20,0.019951003567284135,0.01967476721,0.027623635728413545,9081
sex_female,dep_hour_share_leisure_21,0.010882365582154984,0.01002472552,0.0857640062154984,9081
sex_female,dep_hour_share_leisure_22,0.011045687024541196,0.003390172062,0.7655514962541196,9081
sex_female,dep_hour_share_leisure_23,0.0023294795203507115,0.001180154656,0.11493248643507115,9081
sex_female,dep_hour_share_leisure_4,0.0001461297116087162,0.003847666622,-0.37015369103912843,9081
sex_female,dep_hour_share_leisure_5,0.0022048394722138653,0.003703411029,-0.14985715567861346,9081
sex_female,dep_hour_share_leisure_6,0.016787725104224868,0.01338753767,0.34001874342248684,9081
sex_female,dep_hour_share_leisure_7,0.022955258520651566,0.02613416417,-0.3178905649348435,9081
sex_female,dep_hour_share_leisure_8,0.05088322516869386,0.05113362981,-0.025040464130613588,9081
sex_female,dep_hour_share_leisure_9,0.058108050027936564,0.04835303897,0.9755011057936567,9081
sex_female,dep_hour_share_other_10,0.08915163446570827,0.1348110701,-4.565943563429174,9081
sex_female,dep_hour_share_other_11,0.0776371211427525,0.09772038499,-2.008326384724751,9081
sex_female,dep_hour_share_other_12,0.06667200805787016,0.05525924419,1.1412763867870157,9081
sex_female,dep_hour_share_other_13,0.08346877575313616,0.05908030142,2.4388474333136156,9081
sex_female,dep_hour_share_other_14,0.09486883069315996,0.1076915263,-1.2822695606840044,9081
sex_female,dep_hour_share_other_15,0.08946067209962458,0.1050887751,-1.5628103000375426,9081
sex_female,dep_hour_share_other_16,0.09055374965662485,0.08102901566,0.9524733996624859,9081
sex_female,dep_hour_share_other_17,0.055289121875286146,0.04118342128,1.4105700595286146,9081
sex_female,dep_hour_share_other_18,0.03635198241919238,0.01589284632,2.045913609919238,9081
sex_female,dep_hour_share_other_19,0.029083875103012545,0.006578379822,2.2505495281012546,9081
sex_female,dep_hour_share_other_20,0.014284406189909348,0.001954714752,1.2329691437909347,9081
sex_female,dep_hour_share_other_21,0.005951835912462229,0.004889097142,0.10627387704622293,9081
sex_female,dep_hour_share_other_22,0.003313570185880414,0.0004631535536,0.2850416632280414,9081
sex_female,dep_hour_share_other_23,0.001465067301529164,0.003863407744,-0.2398340442470836,9081
sex_female,dep_hour_share_other_4,0.0004063272594084791,0.0,0.04063272594084791,9081
sex_female,dep_hour_share_other_5,0.002209046790586943,0.0002735779155,0.19354688750869428,9081
sex_female,dep_hour_share_other_6,0.013523257943411776,0.008011336304,0.5511921639411776,9081
sex_female,dep_hour_share_other_7,0.06078884717516711,0.04816898193,1.261986524516711,9081
sex_female,dep_hour_share_other_8,0.08500251808442451,0.1128097471,-2.780722901557549,9081
sex_female,dep_hour_share_other_9,0.09447394927204468,0.1124933919,-1.8019442627955322,9081
sex_female,dep_hour_share_shop_10,0.12600853934632975,0.1198761026,0.6132436746329739,9081
sex_female,dep_hour_share_shop_11,0.09163843009739717,0.1169865793,-2.534814920260284,9081
sex_female,dep_hour_share_shop_12,0.08011335146551593,0.08148095497,-0.13676035044840745,9081
sex_female,dep_hour_share_shop_13,0.064979563308161,0.07697954792,-1.1999984611839,9081
sex_female,dep_hour_share_shop_14,0.07740112135900203,0.08357843987,-0.6177318510997967,9081
sex_female,dep_hour_share_shop_15,0.10207709723003054,0.1067689247,-0.4691827469969462,9081
sex_female,dep_hour_share_shop_16,0.09134213605214775,0.09405065551,-0.27085194578522487,9081
sex_female,dep_hour_share_shop_17,0.06040599881482382,0.07863250604,-1.8226507225176172,9081
sex_female,dep_hour_share_shop_18,0.03906523027365414,0.03048188095,0.8583349323654139,9081
sex_female,dep_hour_share_shop_19,0.01754972421861942,0.01367381603,0.38759081886194197,9081
sex_female,dep_hour_share_shop_20,0.0041481166334918634,0.002363004895,0.17851117384918633,9081
sex_female,dep_hour_share_shop_21,0.0035175421269354077,0.003738169523,-0.022062739606459228,9081
sex_female,dep_hour_share_shop_22,0.0034187774451856015,0.0,0.3418777445185601,9081
sex_female,dep_hour_share_shop_23,0.00033428046130703663,0.0005031517551,-0.016887129379296335,9081
sex_female,dep_hour_share_shop_4,3.0389132846094236e-05,0.0,0.0030389132846094236,9081
sex_female,dep_hour_share_shop_5,0.0007673256043638795,5.093025792e-05,0.07163953464438795,9081
sex_female,dep_hour_share_shop_6,0.007999939221734307,0.002861893683,0.5138045538734307,9081
sex_female,dep_hour_share_shop_7,0.03037393827967119,0.02719172955,0.3182208729671187,9081
sex_female,dep_hour_share_shop_8,0.07587406743348579,0.05326576952,2.2608297913485793,9081
sex_female,dep_hour_share_shop_9,0.12066764924862869,0.1075159429,1.3151706348628696,9081
sex_female,dep_hour_share_work_10,0.030823885286841518,0.03373468881,-0.2910803523158485,9081
sex_female,dep_hour_share_work_11,0.03013213586427642,0.03023797949,-0.010584362572358189,9081
sex_female,dep_hour_share_work_12,0.030425250026380274,0.04202972644,-1.1604476413619724,9081
sex_female,dep_hour_share_work_13,0.030243519245875882,0.05076409518,-2.052057593412412,9081
sex_female,dep_hour_share_work_14,0.015898512152513162,0.03357446312,-1.767595096748684,9081
sex_female,dep_hour_share_work_15,0.01469674408788735,0.01710203597,-0.2405291882112649,9081
sex_female,dep_hour_share_work_16,0.00709336272291332,0.009453428221,-0.23600654980866792,9081
sex_female,dep_hour_share_work_17,0.006126085987970595,0.007894201755,-0.1768115767029405,9081
sex_female,dep_hour_share_work_18,0.003065974135606336,0.005078452465,-0.2012478329393664,9081
sex_female,dep_hour_share_work_19,0.003822208673834285,0.0009776666542,0.28445420196342847,9081
sex_female,dep_hour_share_work_20,0.004062562286759447,0.00161763673,0.24449255567594472,9081
sex_female,dep_hour_share_work_21,0.0010493487003318052,0.0005407050794,0.05086436209318052,9081
sex_female,dep_hour_share_work_22,0.0002931141621038562,0.0007736066358,-0.048049247369614384,9081
sex_female,dep_hour_share_work_23,0.0001231079480836196,0.002223033248,-0.20999252999163803,9081
sex_female,dep_hour_share_work_4,0.027247892509174473,0.01076494928,1.6482943229174472,9081
sex_female,dep_hour_share_work_5,0.08402410570869143,0.05501916658,2.9004939128691425,9081
sex_female,dep_hour_share_work_6,0.2050333563916474,0.1623264436,4.2706912791647405,9081
sex_female,dep_hour_share_work_7,0.3007468548850406,0.3213769541,-2.0630099214959396,9081
sex_female,dep_hour_share_work_8,0.1385902381259453,0.156185806,-1.7595567874054723,9081
sex_female,dep_hour_share_work_9,0.0545075095848331,0.05463405374,-0.012654415516689943,9081
sex_female,mean_work_activity_h,5.828501192625128,5.932515233,-0.10401404037487261,9081
sex_female,mobility_rate,0.8233490043372274,0.84224619,-1.8897185662772653,9081
sex_female,n_persons_unweighted,505392.0,9081.0,496311.0,9081
sex_female,n_persons_weighted,505392.0,395486.7894,109905.21059999999,9081
sex_female,n_work_activities_measured,170073.0,3205.0,166868.0,9081
sex_female,nonhome_acts_per_mobile,2.1889097699188205,2.269292474,-0.08038270408117931,9081
sex_female,participation_education,0.1686908380029759,0.1721849735,-0.3494135497024098,9081
sex_female,participation_escort,0.11556969639408618,0.1117313844,0.38383119940861854,9081
sex_female,participation_home,0.8233490043372274,0.834559381,-1.1210376662772692,9081
sex_female,participation_leisure,0.3564262987938076,0.392055681,-3.5629382206192384,9081
sex_female,participation_other,0.2459081267610093,0.1847525414,6.115558536100929,9081
sex_female,participation_shop,0.22363630607528415,0.3006409647,-7.700465862471587,9081
sex_female,participation_work,0.291593456168677,0.3096539045,-1.8060448331323031,9081
sex_female,purpose_share_education,0.06983482787633913,0.05882261065,1.1012217226339125,9081
sex_female,purpose_share_escort,0.059504258660175564,0.05769020517,0.18140534901755628,9081
sex_female,purpose_share_home,0.41454365713205865,0.4194158484,-0.48721912679413615,9081
sex_female,purpose_share_leisure,0.1495528583576889,0.1676425636,-1.80897052423111,9081
sex_female,purpose_share_other,0.11231473012416351,0.0703652878,4.1949442324163515,9081
sex_female,purpose_share_shop,0.0846049964936999,0.1163822848,-3.1777288306300098,9081
sex_female,purpose_share_work,0.10964467135587436,0.1096811996,-0.003652824412564426,9081
sex_female,share_mobile_first_from_home,1.0,0.9872184025,1.2781597499999964,9081
sex_female,share_mobile_last_to_home,1.0,0.9845448816,1.5455118400000023,9081
sex_female,share_mobile_odd_trip_count,0.30453914071624605,0.2421011955,6.243794521624604,9081
sex_female,share_trips_0,0.17665099566277265,0.15775381,1.8897185662772653,9081
sex_female,share_trips_1,0.0005184094722512426,0.004967868856,-0.4449459383748758,9081
sex_female,share_trips_2,0.3003411213473898,0.2942299513,0.6111170047389758,9081
sex_female,share_trips_3,0.1263632981922943,0.08520329084,4.116000735229431,9081
sex_female,share_trips_4,0.17287966568525026,0.2225492322,-4.966956651474974,9081
sex_female,share_trips_5,0.08170093709437427,0.06516403908,1.6536898014374275,9081
sex_female,share_trips_6,0.06901771298318929,0.08185637828,-1.2838665296810714,9081
sex_female,share_trips_7,0.031112482983505874,0.03198292832,-0.08704453364941252,9081
sex_female,share_trips_8plus,0.04141537657897236,0.05629250109,-1.4877124511027642,9081
sex_female,share_trips_followed_by_same_purpose,0.0922751484633664,0.04767013261,4.46050158533664,9081
sex_female,share_trips_home_based,0.8082050635986916,0.8387695823,-3.0564518701308385,9081
sex_female,share_trips_unknown_purpose,0.0,0.0008899970183,-0.08899970183,9081
sex_female,share_work_activities_lt_2h,0.1475307662003963,0.09601990244,5.151086376039629,9081
sex_female,tours_per_mobile,1.5498997870775797,1.636832751,-0.08693296392242034,9081
sex_female,trips_per_mobile_person,3.7388095569964,3.906125225,-0.16731566800359987,9081
sex_female,trips_per_person,3.078345126159496,3.289919088,-0.21157396184050414,9081
sex_female,trips_per_person_education,0.21497570202931585,0.1933493959,0.021626306129315848,9081
sex_female,trips_per_person_escort,0.18317464463228544,0.1896271892,-0.0064525445677145465,9081
sex_female,trips_per_person_home,1.2761084465128059,1.378616148,-0.10250770148719424,9081
sex_female,trips_per_person_leisure,0.46037531262861303,0.5510396096,-0.09066429697138695,9081
sex_female,trips_per_person_other,0.3457435020736379,0.2312900726,0.1144534294736379,9081
sex_female,trips_per_person_shop,0.26044337860512234,0.3825475307,-0.12210415209487768,9081
sex_female,trips_per_person_work,0.3375241396777155,0.3605211236,-0.022996983922284497,9081
sex_male,dep_hour_share_all_10,0.04129739751914521,0.04834357506,-0.7046177540854786,9108
sex_male,dep_hour_share_all_11,0.04634203996360462,0.05095485764,-0.46128176763953754,9108
sex_male,dep_hour_share_all_12,0.05800612488263283,0.05823432245,-0.02281975673671735,9108
sex_male,dep_hour_share_all_13,0.06275429553945319,0.06452828574,-0.17739902005468045,9108
sex_male,dep_hour_share_all_14,0.06795344666611201,0.06525967651,0.26937701561120103,9108
sex_male,dep_hour_share_all_15,0.08488337235667999,0.08636645508,-0.14830827233200117,9108
sex_male,dep_hour_share_all_16,0.08915084933554664,0.09754007778,-0.8389228444453362,9108
sex_male,dep_hour_share_all_17,0.0802930118496274,0.08951151184,-0.9218499990372608,9108
sex_male,dep_hour_share_all_18,0.06601152344240062,0.06563028858,0.03812348624006173,9108
sex_male,dep_hour_share_all_19,0.04160905605759872,0.04220360217,-0.059454611240127714,9108
sex_male,dep_hour_share_all_20,0.03112029359290792,0.02641174534,0.47085482529079203,9108
sex_male,dep_hour_share_all_21,0.021427184812192714,0.01988387121,0.15433136021927135,9108
sex_male,dep_hour_share_all_22,0.016106539679018116,0.01358920796,0.25173317190181155,9108
sex_male,dep_hour_share_all_23,0.009407861982808598,0.004442027203,0.49658347798085983,9108
sex_male,dep_hour_share_all_4,0.005491661153215827,0.002759885741,0.2731775412215827,9108
sex_male,dep_hour_share_all_5,0.021886749097708914,0.01756621655,0.4320532547708915,9108
sex_male,dep_hour_share_all_6,0.05391362568488945,0.03923958085,1.4674044834889453,9108
sex_male,dep_hour_share_all_7,0.08868072035381168,0.1033327831,-1.4652062746188328,9108
sex_male,dep_hour_share_all_8,0.054120297554669,0.05924486777,-0.5124570215330998,9108
sex_male,dep_hour_share_all_9,0.045191808662786784,0.04227111085,0.2920697812786782,9108
sex_male,dep_hour_share_education_10,0.022438719572812224,0.0144589015,0.7979818072812225,9108
sex_male,dep_hour_share_education_11,0.030704121339506348,0.007503867829,2.320025351050635,9108
sex_male,dep_hour_share_education_12,0.026064892398292006,0.02208028019,0.3984612208292007,9108
sex_male,dep_hour_share_education_13,0.026273184309938365,0.02356660909,0.2706575219938365,9108
sex_male,dep_hour_share_education_14,0.02099014400545346,0.02053610308,0.04540409254534597,9108
sex_male,dep_hour_share_education_15,0.031433143030268604,0.01296201604,1.8471126990268605,9108
sex_male,dep_hour_share_education_16,0.02187065072286761,0.008798193379,1.3072457343867612,9108
sex_male,dep_hour_share_education_17,0.009628767006561196,0.01248523901,-0.28564720034388036,9108
sex_male,dep_hour_share_education_18,0.004279452002916087,0.004980407948,-0.07009559450839127,9108
sex_male,dep_hour_share_education_19,0.0053398471894793645,0.003070483552,0.22693636374793644,9108
sex_male,dep_hour_share_education_20,0.00014201721248615333,0.0006518887577,-0.05098715452138466,9108
sex_male,dep_hour_share_education_21,5.680688499446133e-05,0.0009383380266,-0.08815311416055387,9108
sex_male,dep_hour_share_education_22,2.8403442497230666e-05,0.0,0.0028403442497230667,9108
sex_male,dep_hour_share_education_23,9.467814165743554e-06,0.0,0.0009467814165743554,9108
sex_male,dep_hour_share_education_4,0.0010509273723975346,0.0,0.10509273723975346,9108
sex_male,dep_hour_share_education_5,0.005576542543622953,0.002397603169,0.31789393746229533,9108
sex_male,dep_hour_share_education_6,0.17381013245472018,0.06190964,11.190049245472018,9108
sex_male,dep_hour_share_education_7,0.47580500089944233,0.6408135672,-16.50085663005577,9108
sex_male,dep_hour_share_education_8,0.1081035021444599,0.1298972859,-2.1793783755540086,9108
sex_male,dep_hour_share_education_9,0.0338663712708647,0.0329495753,0.09167959708646992,9108
sex_male,dep_hour_share_escort_10,0.015340575455079272,0.02326614789,-0.792557243492073,9108
sex_male,dep_hour_share_escort_11,0.031873899001761595,0.02886709894,0.30068000617615964,9108
sex_male,dep_hour_share_escort_12,0.05574721080446271,0.05347921156,0.22679992444627067,9108
sex_male,dep_hour_share_escort_13,0.06073840281855549,0.06091410776,-0.017570494144451138,9108
sex_male,dep_hour_share_escort_14,0.10009908984145625,0.08791399022,1.2185099621456252,9108
sex_male,dep_hour_share_escort_15,0.08951115678214915,0.1203340072,-3.082285041785085,9108
sex_male,dep_hour_share_escort_16,0.06394964768056371,0.05902922971,0.49204179705637163,9108
sex_male,dep_hour_share_escort_17,0.06490384615384616,0.0580609601,0.6842886053846156,9108
sex_male,dep_hour_share_escort_18,0.06415149735760423,0.05167974161,1.2471755747604223,9108
sex_male,dep_hour_share_escort_19,0.027469906048150323,0.02912653228,-0.1656626231849676,9108
sex_male,dep_hour_share_escort_20,0.0169920728126835,0.005028268545,1.1963804267683502,9108
sex_male,dep_hour_share_escort_21,0.008165736934820905,0.005676595916,0.24891410188209043,9108
sex_male,dep_hour_share_escort_22,0.005211391661773341,0.007935557272,-0.27241656102266587,9108
sex_male,dep_hour_share_escort_23,0.0033029947152084555,0.0,0.33029947152084554,9108
sex_male,dep_hour_share_escort_4,0.0006055490311215503,0.001720820398,-0.11152713668784496,9108
sex_male,dep_hour_share_escort_5,0.00455079271873165,0.001431914086,0.31188786327316503,9108
sex_male,dep_hour_share_escort_6,0.04378302994715209,0.02269539586,2.108763408715209,9108
sex_male,dep_hour_share_escort_7,0.20564812096300647,0.234177484,-2.852936303699352,9108
sex_male,dep_hour_share_escort_8,0.09741999412800939,0.1216702233,-2.4250229171990614,9108
sex_male,dep_hour_share_escort_9,0.031855549031121554,0.0179700834,1.3885465631121554,9108
sex_male,dep_hour_share_home_10,0.02697759921161354,0.03743581122,-1.0458212008386456,9108
sex_male,dep_hour_share_home_11,0.04471313598403012,0.05358675722,-0.8873621235969881,9108
sex_male,dep_hour_share_home_12,0.067908312170716,0.05507148966,1.2836822510715995,9108
sex_male,dep_hour_share_home_13,0.07732883548749826,0.0832573536,-0.5928518112501737,9108
sex_male,dep_hour_share_home_14,0.08276794400434623,0.07822242687,0.45455171343462275,9108
sex_male,dep_hour_share_home_15,0.1082641600020215,0.1137515748,-0.5487414797978498,9108
sex_male,dep_hour_share_home_16,0.11312998269087417,0.1251375858,-1.200760310912584,9108
sex_male,dep_hour_share_home_17,0.10414534611934453,0.1095121989,-0.5366852780655462,9108
sex_male,dep_hour_share_home_18,0.091883662459412,0.0879490827,0.3934579759411999,9108
sex_male,dep_hour_share_home_19,0.05945274103273573,0.05532071646,0.4132024572735725,9108
sex_male,dep_hour_share_home_20,0.05338822979443834,0.04375319559,0.9635034204438335,9108
sex_male,dep_hour_share_home_21,0.03929613766440511,0.03449138369,0.4804753974405107,9108
sex_male,dep_hour_share_home_22,0.03278626388204526,0.02584664579,0.6939618092045259,9108
sex_male,dep_hour_share_home_23,0.019485400952633642,0.009451181261,1.0034219691633641,9108
sex_male,dep_hour_share_home_4,6.948919127215758e-05,0.0002239065549,-0.015441736362784241,9108
sex_male,dep_hour_share_home_5,0.0008417667942740906,0.002539370106,-0.16976033117259093,9108
sex_male,dep_hour_share_home_6,0.0023105156097992393,0.008438483909,-0.6127968299200761,9108
sex_male,dep_hour_share_home_7,0.008701941907036097,0.01737871523,-0.8676773322963904,9108
sex_male,dep_hour_share_home_8,0.01688903207873757,0.02970342999,-1.2814397911262427,9108
sex_male,dep_hour_share_home_9,0.02611056362051321,0.02576093963,0.034962399051320994,9108
sex_male,dep_hour_share_leisure_10,0.04563788765580557,0.0476208566,-0.19829689441944257,9108
sex_male,dep_hour_share_leisure_11,0.03449132724828165,0.04681338628,-1.2322059031718353,9108
sex_male,dep_hour_share_leisure_12,0.04956935760845932,0.07180140224,-2.223204463154069,9108
sex_male,dep_hour_share_leisure_13,0.055395565337392004,0.05005836285,0.5337202487392001,9108
sex_male,dep_hour_share_leisure_14,0.07402345569996584,0.07105050767,0.29729480299658384,9108
sex_male,dep_hour_share_leisure_15,0.09554004463948954,0.09058404604,0.49559985994895306,9108
sex_male,dep_hour_share_leisure_16,0.14041914971978292,0.1339227708,0.6496378919782914,9108
sex_male,dep_hour_share_leisure_17,0.129268151987256,0.1361222554,-0.6854103412744006,9108
sex_male,dep_hour_share_leisure_18,0.09592609191475011,0.1089172928,-1.299120088524988,9108
sex_male,dep_hour_share_leisure_19,0.07168498542338736,0.08238699501,-1.0702009586612646,9108
sex_male,dep_hour_share_leisure_20,0.03673217637479422,0.0298167936,0.6915382774794223,9108
sex_male,dep_hour_share_leisure_21,0.0169905174364686,0.01486654496,0.21239724764686008,9108
sex_male,dep_hour_share_leisure_22,0.008532975980759758,0.01069606242,-0.21630864392402413,9108
sex_male,dep_hour_share_leisure_23,0.0024849020016773087,0.002147782611,0.03371193906773085,9108
sex_male,dep_hour_share_leisure_4,0.0005812895753923705,0.0008314681938,-0.025017861840762944,9108
sex_male,dep_hour_share_leisure_5,0.005284854078567276,0.003971170718,0.1313683360567276,9108
sex_male,dep_hour_share_leisure_6,0.01722125833662435,0.009747817472,0.7473440864624349,9108
sex_male,dep_hour_share_leisure_7,0.03069297704571776,0.01451667347,1.617630357571776,9108
sex_male,dep_hour_share_leisure_8,0.03413190392303903,0.03308655077,0.10453531530390317,9108
sex_male,dep_hour_share_leisure_9,0.05074081140925005,0.03981018078,1.0930630629250044,9108
sex_male,dep_hour_share_other_10,0.0792128509900798,0.1248488067,-4.56359557099202,9108
sex_male,dep_hour_share_other_11,0.08986380744208906,0.08420165709,0.5662150352089057,9108
sex_male,dep_hour_share_other_12,0.07497704256502451,0.04675220962,2.822483294502451,9108
sex_male,dep_hour_share_other_13,0.06848429194097029,0.06130791317,0.7176378770970292,9108
sex_male,dep_hour_share_other_14,0.07467956594280689,0.08568848383,-1.1008917887193104,9108
sex_male,dep_hour_share_other_15,0.09153226327974442,0.1061339514,-1.4601688120255572,9108
sex_male,dep_hour_share_other_16,0.0844768938267134,0.09841154706,-1.393465323328659,9108
sex_male,dep_hour_share_other_17,0.06318791468887826,0.07495270296,-1.1764788271121749,9108
sex_male,dep_hour_share_other_18,0.05053222447844588,0.02460323149,2.5928992988445883,9108
sex_male,dep_hour_share_other_19,0.028234411578307486,0.008847434274,1.9386977304307489,9108
sex_male,dep_hour_share_other_20,0.013451116830709934,0.006429992228,0.7021124602709934,9108
sex_male,dep_hour_share_other_21,0.012021935667447003,0.003661357578,0.8360578089447003,9108
sex_male,dep_hour_share_other_22,0.006635022052071343,0.00566919437,0.09658276820713428,9108
sex_male,dep_hour_share_other_23,0.005761992834693534,0.0,0.5761992834693535,9108
sex_male,dep_hour_share_other_4,0.0025285512888498,0.0,0.25285512888498,9108
sex_male,dep_hour_share_other_5,0.0029359649236261106,0.003185347439,-0.02493825153738892,9108
sex_male,dep_hour_share_other_6,0.019213109665403467,0.01825104606,0.0962063605403466,9108
sex_male,dep_hour_share_other_7,0.06178460105798207,0.05422895338,0.7555647677982071,9108
sex_male,dep_hour_share_other_8,0.07898651008187074,0.07400193217,0.49845779118707356,9108
sex_male,dep_hour_share_other_9,0.08337105681803485,0.1179305069,-3.455945008196515,9108
sex_male,dep_hour_share_shop_10,0.11237475830550185,0.1058640198,0.6510738505501851,9108
sex_male,dep_hour_share_shop_11,0.08827561961680436,0.08977354814,-0.1497928523195649,9108
sex_male,dep_hour_share_shop_12,0.07950430655651257,0.07957753168,-0.007322512348742483,9108
sex_male,dep_hour_share_shop_13,0.057725435050096675,0.05634335872,0.1382076330096675,9108
sex_male,dep_hour_share_shop_14,0.07770258393390754,0.06437859708,1.332398685390754,9108
sex_male,dep_hour_share_shop_15,0.09440147653366145,0.08182579393,1.2575682603661444,9108
sex_male,dep_hour_share_shop_16,0.078625417472315,0.1141000252,-3.5474607727685,9108
sex_male,dep_hour_share_shop_17,0.08802074178238706,0.1088744128,-2.0853671017612943,9108
sex_male,dep_hour_share_shop_18,0.0623571805238179,0.05866082733,0.36963531938178984,9108
sex_male,dep_hour_share_shop_19,0.01734048163121814,0.03049092249,-1.3150440858781858,9108
sex_male,dep_hour_share_shop_20,0.0052821233960274215,0.0113834525,-0.6101329103972579,9108
sex_male,dep_hour_share_shop_21,0.0012743891720864828,0.00851110749,-0.7236718317913516,9108
sex_male,dep_hour_share_shop_22,0.0006591668131481807,0.001417892457,-0.07587256438518192,9108
sex_male,dep_hour_share_shop_23,0.000509755668834593,0.0005166611297,-0.000690546086540701,9108
sex_male,dep_hour_share_shop_4,0.00021093338020741783,0.0,0.021093338020741783,9108
sex_male,dep_hour_share_shop_5,0.0008437335208296713,0.0007838084917,0.005992502912967128,9108
sex_male,dep_hour_share_shop_6,0.012207769379504307,0.01376241825,-0.15546488704956934,9108
sex_male,dep_hour_share_shop_7,0.04469150993144665,0.03272807267,1.1963437261446657,9108
sex_male,dep_hour_share_shop_8,0.07791351731411496,0.05444862939,2.3464887924114954,9108
sex_male,dep_hour_share_shop_9,0.09803128845139743,0.0865589205,1.147236795139743,9108
sex_male,dep_hour_share_work_10,0.030502124066598062,0.02724383376,0.32582903065980634,9108
sex_male,dep_hour_share_work_11,0.022775447021469344,0.02989184421,-0.7116397188530657,9108
sex_male,dep_hour_share_work_12,0.03187419193118552,0.05930075687,-2.742656493881448,9108
sex_male,dep_hour_share_work_13,0.045511315162229435,0.05171918606,-0.6207870897770563,9108
sex_male,dep_hour_share_work_14,0.025343676614158685,0.02355686001,0.1786816604158685,9108
sex_male,dep_hour_share_work_15,0.02365058005048506,0.01577958027,0.7870999780485062,9108
sex_male,dep_hour_share_work_16,0.017304766176768075,0.01096399505,0.6340771126768076,9108
sex_male,dep_hour_share_work_17,0.009613270358936471,0.01156810964,-0.19548392810635282,9108
sex_male,dep_hour_share_work_18,0.005796107197199574,0.003114235959,0.26818712381995746,9108
sex_male,dep_hour_share_work_19,0.0035884851843056547,0.001370208538,0.22182766463056547,9108
sex_male,dep_hour_share_work_20,0.006271053765710617,0.008330178763,-0.20591249972893838,9108
sex_male,dep_hour_share_work_21,0.005650984634598978,0.01031335315,-0.46623685154010214,9108
sex_male,dep_hour_share_work_22,0.001416044398708849,0.0002907829154,0.1125261483308849,9108
sex_male,dep_hour_share_work_23,0.0009674837506706422,0.000265107831,0.07023759196706422,9108
sex_male,dep_hour_share_work_4,0.03334740582425218,0.01759090689,1.5756498934252177,9108
sex_male,dep_hour_share_work_5,0.1320879178870155,0.1098712613,2.221665658701549,9108
sex_male,dep_hour_share_work_6,0.22517304766176768,0.1903818965,3.4791151161767675,9108
sex_male,dep_hour_share_work_7,0.20131138024749992,0.2591743915,-5.786301125250007,9108
sex_male,dep_hour_share_work_8,0.1133363237376536,0.1251315612,-1.1795237462346397,9108
sex_male,dep_hour_share_work_9,0.04887991767592813,0.03908736603,0.9792551645928127,9108
sex_male,mean_work_activity_h,5.767321289043888,6.601615795,-0.8342945059561115,9108
sex_male,mobility_rate,0.852200796415527,0.8450434006,0.715739581552699,9108
sex_male,n_persons_unweighted,497479.0,9108.0,488371.0,9108
sex_male,n_persons_weighted,497479.0,390275.5205,107203.47950000002,9108
sex_male,n_work_activities_measured,227383.0,3566.0,223817.0,9108
sex_male,nonhome_acts_per_mobile,2.0787400460429484,2.092983074,-0.01424302795705179,9108
sex_male,participation_education,0.17035090928461302,0.1794297743,-0.9078865015386989,9108
sex_male,participation_escort,0.0766203196516838,0.08649845022,-0.9878130568316199,9108
sex_male,participation_home,0.852200796415527,0.8343357191,1.7865077315527,9108
sex_male,participation_leisure,0.35646730816778194,0.3739004314,-1.7433123232218073,9108
sex_male,participation_other,0.2336761953770913,0.157487502,7.61886933770913,9108
sex_male,participation_shop,0.1879335610146358,0.2584351105,-7.050154948536422,9108
sex_male,participation_work,0.3488569366747139,0.3532285264,-0.4371589725286118,9108
sex_male,purpose_share_education,0.06974086120762402,0.06308262542,0.6658235787624021,9108
sex_male,purpose_share_escort,0.03598335532110734,0.0421139333,-0.6130577978892666,9108
sex_male,purpose_share_home,0.4180925705094429,0.4261234955,-0.8030924990557131,9108
sex_male,purpose_share_leisure,0.14880440653479285,0.1616213085,-1.2816901965207155,9108
sex_male,purpose_share_other,0.10210382719326395,0.06366749713,3.8436330063263955,9108
sex_male,purpose_share_shop,0.07512819598567956,0.1042435209,-2.9115324914320437,9108
sex_male,purpose_share_work,0.15014678324808944,0.1391476193,1.0999163948089445,9108
sex_male,share_mobile_first_from_home,1.0,0.9692147464,3.078525359999995,9108
sex_male,share_mobile_last_to_home,1.0,0.9705553993,2.944460069999999,9108
sex_male,share_mobile_odd_trip_count,0.267478393780428,0.2220121475,4.546624628042798,9108
sex_male,share_trips_0,0.1477992035844729,0.1549565994,-0.7157395815527101,9108
sex_male,share_trips_1,0.0010090878207924354,0.00676106761,-0.5751979789207564,9108
sex_male,share_trips_2,0.3418717171981129,0.33490715,0.6964567198112892,9108
sex_male,share_trips_3,0.10754021777803686,0.08369665326,2.384356451803686,9108
sex_male,share_trips_4,0.198993324341329,0.2208545976,-2.1861273258671017,9108
sex_male,share_trips_5,0.08722579244551026,0.06125010788,2.597568456551026,9108
sex_male,share_trips_6,0.060251789522773824,0.07099178493,-1.073999540722617,9108
sex_male,share_trips_7,0.02472064147431349,0.02726642631,-0.2545784835686512,9108
sex_male,share_trips_8plus,0.030588225834658346,0.03931561299,-0.8727387155341653,9108
sex_male,share_trips_followed_by_same_purpose,0.11292009524073642,0.04278463245,7.013546279073641,9108
sex_male,share_trips_home_based,0.8102045721364061,0.8515199607,-4.131538856359396,9108
sex_male,share_trips_unknown_purpose,0.0,0.0004216156738,-0.04216156738,9108
sex_male,share_work_activities_lt_2h,0.22797218789443363,0.1213007249,10.667146299443363,9108
sex_male,tours_per_mobile,1.4935464392195343,1.552972152,-0.0594257127804656,9108
sex_male,trips_per_mobile_person,3.5722864852624827,3.645955225,-0.07366873973751709,9108
sex_male,trips_per_person,3.0443053877651116,3.080990402,-0.036685014234888236,9108
sex_male,trips_per_person_education,0.21231247952174867,0.1942750195,0.018037460021748664,9108
sex_male,trips_per_person_escort,0.10954432247391348,0.1296979185,-0.02015359602608653,9108
sex_male,trips_per_person_home,1.2728014649864619,1.312328868,-0.03952740301353819,9108
sex_male,trips_per_person_leisure,0.45300605653705983,0.497743755,-0.04473769846294018,9108
sex_male,trips_per_person_other,0.31083523123589135,0.1960762439,0.11475898733589135,9108
sex_male,trips_per_person_shop,0.22871317181227752,0.3210378755,-0.0923247036877225,9108
sex_male,trips_per_person_work,0.4570926611977591,0.4285317276,0.028560933597759075,9108
