segment,metric,model,srv,delta_pp,n_srv
kreis_03101,dep_hour_share_all_10,0.0480808151915665,0.04768783712,0.039297807156649794,4519.0
kreis_03101,dep_hour_share_all_11,0.05084270486850519,0.05982544237,-0.8982737501494815,4519.0
kreis_03101,dep_hour_share_all_12,0.060716988437373505,0.0566705804,0.40464080373735084,4519.0
kreis_03101,dep_hour_share_all_13,0.06416055097000523,0.07240278203,-0.8242231059994776,4519.0
kreis_03101,dep_hour_share_all_14,0.06855681291541273,0.07081130982,-0.22544969045872748,4519.0
kreis_03101,dep_hour_share_all_15,0.08682705337815244,0.09227897368,-0.5451920301847559,4519.0
kreis_03101,dep_hour_share_all_16,0.08893660207787027,0.0956105496,-0.6673947522129728,4519.0
kreis_03101,dep_hour_share_all_17,0.08251292069246699,0.09057934006,-0.8066419367533009,4519.0
kreis_03101,dep_hour_share_all_18,0.06858379824360712,0.06391969238,0.4664105863607118,4519.0
kreis_03101,dep_hour_share_all_19,0.04675384100948593,0.0429888639,0.37649771094859297,4519.0
kreis_03101,dep_hour_share_all_20,0.03387362653479054,0.02757435138,0.6299275154790541,4519.0
kreis_03101,dep_hour_share_all_21,0.021570663428427284,0.02015657983,0.14140835984272834,4519.0
kreis_03101,dep_hour_share_all_22,0.01582630834843925,0.01470191907,0.11243892784392508,4519.0
kreis_03101,dep_hour_share_all_23,0.00903891166998117,0.006778047623,0.22608640469811694,4519.0
kreis_03101,dep_hour_share_all_4,0.0037732528466588055,0.001778546951,0.1994705895658805,4519.0
kreis_03101,dep_hour_share_all_5,0.012351067387057602,0.007976812978,0.43742544090576013,4519.0
kreis_03101,dep_hour_share_all_6,0.04187653625713498,0.02687070239,1.500583386713498,4519.0
kreis_03101,dep_hour_share_all_7,0.08231346391885629,0.09452740564,-1.221394172114372,4519.0
kreis_03101,dep_hour_share_all_8,0.055114599649190736,0.0597203073,-0.4605707650809261,4519.0
kreis_03101,dep_hour_share_all_9,0.046877034899069005,0.04474744367,0.2129591229069007,4519.0
kreis_03101,dep_hour_share_education_10,0.019124544033350704,0.02053195257,-0.14074085366492967,4519.0
kreis_03101,dep_hour_share_education_11,0.037710613166579816,0.03082812426,0.6882488906579818,4519.0
kreis_03101,dep_hour_share_education_12,0.03689421573736321,0.03279441828,0.40997974573632123,4519.0
kreis_03101,dep_hour_share_education_13,0.03673788431474726,0.04742332445,-1.0685440135252737,4519.0
kreis_03101,dep_hour_share_education_14,0.02235539343408025,0.02829449134,-0.593909790591975,4519.0
kreis_03101,dep_hour_share_education_15,0.04047246829946152,0.02188450235,1.8587965949461522,4519.0
kreis_03101,dep_hour_share_education_16,0.02421400034740316,0.02514131497,-0.09273146225968372,4519.0
kreis_03101,dep_hour_share_education_17,0.010178912628104915,0.008888763946,0.12901486821049157,4519.0
kreis_03101,dep_hour_share_education_18,0.0051415667882577735,0.003465831918,0.16757348702577732,4519.0
kreis_03101,dep_hour_share_education_19,0.0015112037519541429,0.005285766938,-0.37745631860458567,4519.0
kreis_03101,dep_hour_share_education_20,0.00041688379364252214,0.0009515474552,-0.0534663661557478,4519.0
kreis_03101,dep_hour_share_education_21,0.00033003300330033004,0.0,0.033003300330033,4519.0
kreis_03101,dep_hour_share_education_22,0.00017370158068438424,0.0,0.017370158068438425,4519.0
kreis_03101,dep_hour_share_education_23,6.948063227375369e-05,0.0,0.006948063227375369,4519.0
kreis_03101,dep_hour_share_education_4,0.0005211047420531526,0.0,0.05211047420531526,4519.0
kreis_03101,dep_hour_share_education_5,0.0019107173875282265,0.0,0.19107173875282266,4519.0
kreis_03101,dep_hour_share_education_6,0.1524405072086156,0.03835223238,11.408827482861561,4519.0
kreis_03101,dep_hour_share_education_7,0.4403856175091193,0.5734807602,-13.309514269088075,4519.0
kreis_03101,dep_hour_share_education_8,0.1315094667361473,0.1071521884,2.43572783361473,4519.0
kreis_03101,dep_hour_share_education_9,0.03628626020496786,0.05552478052,-1.9238520315032135,4519.0
kreis_03101,dep_hour_share_escort_10,0.017986792659345472,0.01426058452,0.37262081393454727,4519.0
kreis_03101,dep_hour_share_escort_11,0.031194133313875005,0.01673303493,1.4461098383875004,4519.0
kreis_03101,dep_hour_share_escort_12,0.06716771863256595,0.04311350857,2.4054210062565944,4519.0
kreis_03101,dep_hour_share_escort_13,0.07661716954285089,0.06740651589,0.9210653652850884,4519.0
kreis_03101,dep_hour_share_escort_14,0.13459082783027473,0.149648673,-1.5057845169725277,4519.0
kreis_03101,dep_hour_share_escort_15,0.13579481192309095,0.1296761603,0.6118651623090943,4519.0
kreis_03101,dep_hour_share_escort_16,0.07015943668138203,0.05898405193,1.1175384751382023,4519.0
kreis_03101,dep_hour_share_escort_17,0.04841475427779197,0.05730475698,-0.8890002702208035,4519.0
kreis_03101,dep_hour_share_escort_18,0.03954905323069065,0.04755531218,-0.8006258949309355,4519.0
kreis_03101,dep_hour_share_escort_19,0.010689919369550148,0.006061524081,0.46283952885501484,4519.0
kreis_03101,dep_hour_share_escort_20,0.015068043343427342,0.003375638135,1.169240520842734,4519.0
kreis_03101,dep_hour_share_escort_21,0.0059104673647342116,0.005019465352,0.08910020127342114,4519.0
kreis_03101,dep_hour_share_escort_22,0.004013280309387427,0.04399348222,-3.998020191061257,4519.0
kreis_03101,dep_hour_share_escort_23,0.0018971870553467838,0.0,0.18971870553467837,4519.0
kreis_03101,dep_hour_share_escort_4,0.0010945309934692984,0.0,0.10945309934692984,4519.0
kreis_03101,dep_hour_share_escort_5,0.0021525776204896203,0.0,0.21525776204896202,4519.0
kreis_03101,dep_hour_share_escort_6,0.04137327155313948,0.009420544121,3.1952727432139483,4519.0
kreis_03101,dep_hour_share_escort_7,0.16720785143565983,0.2091592327,-4.195138126434017,4519.0
kreis_03101,dep_hour_share_escort_8,0.10595060016782809,0.1103325865,-0.43819863321719055,4519.0
kreis_03101,dep_hour_share_escort_9,0.020175854646284068,0.02210900321,-0.19331485637159307,4519.0
kreis_03101,dep_hour_share_home_10,0.03302195089233474,0.03475853875,-0.1736587857665256,4519.0
kreis_03101,dep_hour_share_home_11,0.04804023141052535,0.06199770507,-1.3957473659474646,4519.0
kreis_03101,dep_hour_share_home_12,0.07009957959089314,0.04503452745,2.5065052140893136,4519.0
kreis_03101,dep_hour_share_home_13,0.07309067764924809,0.09082291551,-1.7732237860751912,4519.0
kreis_03101,dep_hour_share_home_14,0.07547956035425105,0.07274032995,0.27392304042510446,4519.0
kreis_03101,dep_hour_share_home_15,0.10140336156039421,0.1123338805,-1.0930518939605782,4519.0
kreis_03101,dep_hour_share_home_16,0.10693175558618957,0.122242975,-1.531121941381043,4519.0
kreis_03101,dep_hour_share_home_17,0.10872983934264341,0.1193938817,-1.0664042357356587,4519.0
kreis_03101,dep_hour_share_home_18,0.09328058954314403,0.08822572569,0.505486385314402,4519.0
kreis_03101,dep_hour_share_home_19,0.06637783162515376,0.05534110244,1.1036729185153762,4519.0
kreis_03101,dep_hour_share_home_20,0.059445219808603976,0.04714811709,1.2297102718603978,4519.0
kreis_03101,dep_hour_share_home_21,0.04224926007426371,0.03676528799,0.5483972084263711,4519.0
kreis_03101,dep_hour_share_home_22,0.032899224540703764,0.02422624834,0.8672976200703765,4519.0
kreis_03101,dep_hour_share_home_23,0.019199538777245964,0.01383220433,0.5367334447245964,4519.0
kreis_03101,dep_hour_share_home_4,0.0001027476432259335,0.001314338049,-0.12115904057740665,4519.0
kreis_03101,dep_hour_share_home_5,0.00046521849571742115,0.0008203007169,-0.03550822211825789,4519.0
kreis_03101,dep_hour_share_home_6,0.0016325458868120546,0.004059743068,-0.24271971811879456,4519.0
kreis_03101,dep_hour_share_home_7,0.00807139819563722,0.01706015141,-0.8988753214362778,4519.0
kreis_03101,dep_hour_share_home_8,0.016699346125414915,0.02381268918,-0.7113343054585084,4519.0
kreis_03101,dep_hour_share_home_9,0.02404294851486844,0.02437431795,-0.03313694351315573,4519.0
kreis_03101,dep_hour_share_leisure_10,0.04977561029830631,0.05049671566,-0.07211053616936886,4519.0
kreis_03101,dep_hour_share_leisure_11,0.04598946827282453,0.05309479879,-0.7105330517175469,4519.0
kreis_03101,dep_hour_share_leisure_12,0.05027579786864519,0.07241167753,-2.213587966135481,4519.0
kreis_03101,dep_hour_share_leisure_13,0.05876509246523002,0.05821315957,0.05519328952300201,4519.0
kreis_03101,dep_hour_share_leisure_14,0.07446542453420033,0.06831086682,0.6154557714200328,4519.0
kreis_03101,dep_hour_share_leisure_15,0.09548719658760924,0.1002183477,-0.4731151112390766,4519.0
kreis_03101,dep_hour_share_leisure_16,0.12251816653467272,0.1261105894,-0.359242286532728,4519.0
kreis_03101,dep_hour_share_leisure_17,0.12169146763369597,0.1180175561,0.36739115336959643,4519.0
kreis_03101,dep_hour_share_leisure_18,0.10210773484501133,0.1004245207,0.16832141450113247,4519.0
kreis_03101,dep_hour_share_leisure_19,0.07452794798049268,0.09438887854,-1.9860930559507315,4519.0
kreis_03101,dep_hour_share_leisure_20,0.03634696344462507,0.03233891003,0.4008053414625068,4519.0
kreis_03101,dep_hour_share_leisure_21,0.013824628680199519,0.01484423459,-0.10196059098004813,4519.0
kreis_03101,dep_hour_share_leisure_22,0.005752157058897087,0.0118752588,-0.6123101741102913,4519.0
kreis_03101,dep_hour_share_leisure_23,0.0033554249510233006,0.002511792798,0.08436321530233006,4519.0
kreis_03101,dep_hour_share_leisure_4,0.00043071707445847747,0.003523407115,-0.30926900405415225,4519.0
kreis_03101,dep_hour_share_leisure_5,0.0046545232239867725,0.003262851437,0.13916717869867723,4519.0
kreis_03101,dep_hour_share_leisure_6,0.014811109721701193,0.008722591137,0.6088518584701194,4519.0
kreis_03101,dep_hour_share_leisure_7,0.026336264988259486,0.01670159881,0.9634666178259487,4519.0
kreis_03101,dep_hour_share_leisure_8,0.03747933252747558,0.0310501451,0.6429187427475582,4519.0
kreis_03101,dep_hour_share_leisure_9,0.05809122865519014,0.033145983,2.4945245655190145,4519.0
kreis_03101,dep_hour_share_other_10,0.0852294434775226,0.1097865958,-2.455715232247739,4519.0
kreis_03101,dep_hour_share_other_11,0.077535339814068,0.07884335742,-0.13080176059319937,4519.0
kreis_03101,dep_hour_share_other_12,0.07411809653181645,0.04660928546,2.750881107181645,4519.0
kreis_03101,dep_hour_share_other_13,0.07222906142547862,0.0674063884,0.4822673025478619,4519.0
kreis_03101,dep_hour_share_other_14,0.09655304155877234,0.1276187168,-3.1065675241227666,4519.0
kreis_03101,dep_hour_share_other_15,0.09919556819628984,0.1215248284,-2.2329260203710164,4519.0
kreis_03101,dep_hour_share_other_16,0.09740204610094665,0.08850395204,0.8898094060946646,4519.0
kreis_03101,dep_hour_share_other_17,0.06162711720507705,0.0612286676,0.03984496050770461,4519.0
kreis_03101,dep_hour_share_other_18,0.05096149764401239,0.01906266383,3.1898833814012395,4519.0
kreis_03101,dep_hour_share_other_19,0.025841575752430276,0.008143389339,1.7698186413430275,4519.0
kreis_03101,dep_hour_share_other_20,0.013976737275544424,0.006035542698,0.7941194577544424,4519.0
kreis_03101,dep_hour_share_other_21,0.00820350638875918,0.01073811873,-0.2534612341240819,4519.0
kreis_03101,dep_hour_share_other_22,0.005444241626692703,0.002364734062,0.3079507564692703,4519.0
kreis_03101,dep_hour_share_other_23,0.0035552065203548837,0.006819974246,-0.32647677256451163,4519.0
kreis_03101,dep_hour_share_other_4,0.00046695249819586534,0.0,0.04669524981958653,4519.0
kreis_03101,dep_hour_share_other_5,0.002504563399414187,0.0,0.2504563399414187,4519.0
kreis_03101,dep_hour_share_other_6,0.013891836821326994,0.01169958313,0.21922536913269938,4519.0
kreis_03101,dep_hour_share_other_7,0.05323258479432865,0.04960291759,0.36296672043286543,4519.0
kreis_03101,dep_hour_share_other_8,0.07063717790890181,0.08067309692,-1.0035919011098196,4519.0
kreis_03101,dep_hour_share_other_9,0.08144076070806978,0.09899760006,-1.7556839351930211,4519.0
kreis_03101,dep_hour_share_shop_10,0.12487673439908888,0.09419011631,3.0686618089088875,4519.0
kreis_03101,dep_hour_share_shop_11,0.09268184280337227,0.1044476569,-1.1765814096627734,4519.0
kreis_03101,dep_hour_share_shop_12,0.08030667092598508,0.08265072538,-0.2344054454014921,4519.0
kreis_03101,dep_hour_share_shop_13,0.06969541243628384,0.07090172509,-0.12063126537161656,4519.0
kreis_03101,dep_hour_share_shop_14,0.06763982833094905,0.075349347,-0.7709518669050952,4519.0
kreis_03101,dep_hour_share_shop_15,0.08909845970082918,0.1029787233,-1.3880263599170828,4519.0
kreis_03101,dep_hour_share_shop_16,0.08780677509409852,0.09980711195,-1.2000336855901474,4519.0
kreis_03101,dep_hour_share_shop_17,0.08543174210752927,0.1030396687,-1.7607926592470735,4519.0
kreis_03101,dep_hour_share_shop_18,0.05855636883845609,0.05472815649,0.3828212348456088,4519.0
kreis_03101,dep_hour_share_shop_19,0.030458756371616273,0.02009529869,1.0363457681616273,4519.0
kreis_03101,dep_hour_share_shop_20,0.006500090279031653,0.01066398826,-0.4163897980968347,4519.0
kreis_03101,dep_hour_share_shop_21,0.005458409144571452,0.007219031324,-0.17606221794285482,4519.0
kreis_03101,dep_hour_share_shop_22,0.005708412616841901,0.001594011209,0.4114401407841901,4519.0
kreis_03101,dep_hour_share_shop_23,0.0006111195988833179,0.001428227147,-0.08171075481166822,4519.0
kreis_03101,dep_hour_share_shop_4,9.722357254961875e-05,0.0,0.009722357254961875,4519.0
kreis_03101,dep_hour_share_shop_5,0.00034722704482006696,0.0005067921782,-0.01595651333799331,4519.0
kreis_03101,dep_hour_share_shop_6,0.0053334074084362285,0.00837450019,-0.30410927815637717,4519.0
kreis_03101,dep_hour_share_shop_7,0.02250031250434034,0.02719511611,-0.4694803605659662,4519.0
kreis_03101,dep_hour_share_shop_8,0.0658898040250559,0.04254401445,2.33457895750559,4519.0
kreis_03101,dep_hour_share_shop_9,0.09737635244933958,0.09228578924,0.509056320933958,4519.0
kreis_03101,dep_hour_share_work_10,0.03398258263882386,0.03514968477,-0.11671021311761426,4519.0
kreis_03101,dep_hour_share_work_11,0.026940724786965072,0.03869775956,-1.1757034773034931,4519.0
kreis_03101,dep_hour_share_work_12,0.030162000187283454,0.0689206516,-3.875865141271654,4519.0
kreis_03101,dep_hour_share_work_13,0.042869182507725444,0.05130043392,-0.8431251412274555,4519.0
kreis_03101,dep_hour_share_work_14,0.021752973124824423,0.03559415257,-1.384117944517558,4519.0
kreis_03101,dep_hour_share_work_15,0.027305927521303494,0.01882791838,0.8478009141303495,4519.0
kreis_03101,dep_hour_share_work_16,0.017632737147673005,0.01534365213,0.22890850176730052,4519.0
kreis_03101,dep_hour_share_work_17,0.007893997565315104,0.01283202216,-0.4938024594684896,4519.0
kreis_03101,dep_hour_share_work_18,0.006330180728532634,0.002466888062,0.3863292666532634,4519.0
kreis_03101,dep_hour_share_work_19,0.008015731810094578,0.001465515567,0.6550216243094579,4519.0
kreis_03101,dep_hour_share_work_20,0.005515497705777694,0.005188446893,0.03270508127776947,4519.0
kreis_03101,dep_hour_share_work_21,0.0022942223054593126,0.005495518164,-0.3201295858540687,4519.0
kreis_03101,dep_hour_share_work_22,0.000842775540780972,0.0,0.0842775540780972,4519.0
kreis_03101,dep_hour_share_work_23,0.0005524861878453039,0.0004100550272,0.014243116064530392,4519.0
kreis_03101,dep_hour_share_work_4,0.028158067234759807,0.004734940982,2.342312625275981,4519.0
kreis_03101,dep_hour_share_work_5,0.08674969566438805,0.05358261365,3.3167082014388045,4519.0
kreis_03101,dep_hour_share_work_6,0.2002528326622343,0.1467060386,5.354679406223428,4519.0
kreis_03101,dep_hour_share_work_7,0.2525142803633299,0.2640257821,-1.1511501736670093,4519.0
kreis_03101,dep_hour_share_work_8,0.1297312482442176,0.1802284275,-5.04971792557824,4519.0
kreis_03101,dep_hour_share_work_9,0.054696132596685085,0.05651873313,-0.18226005333149137,4519.0
kreis_03101,mean_work_activity_h,5.5512529198602625,5.906851596,-0.3555986761397376,4519.0
kreis_03101,mobility_rate,0.9006136084364246,0.8532543912,4.735921723642456,4519.0
kreis_03101,n_persons_unweighted,253093.0,4519.0,248574.0,4519.0
kreis_03101,n_persons_weighted,253093.0,252816.0,277.0,4519.0
kreis_03101,n_work_activities_measured,106550.0,1988.0,104562.0,4519.0
kreis_03101,nonhome_acts_per_mobile,2.2020891554319357,2.258748975,-0.05665981956806432,4519.0
kreis_03101,participation_education,0.17996151612253203,0.1758203279,0.41411882225320384,4519.0
kreis_03101,participation_escort,0.07132160905279877,0.07505334494,-0.3731735887201229,4519.0
kreis_03101,participation_home,0.9006136084364246,0.8410964282,5.95171802364246,4519.0
kreis_03101,participation_leisure,0.4134646157736484,0.417759712,-0.42950962263516024,4519.0
kreis_03101,participation_other,0.27287992951207657,0.1661717134,10.670821611207657,4519.0
kreis_03101,participation_shop,0.2369603268363803,0.3051895512,-6.8229224363619725,4519.0
kreis_03101,participation_work,0.33381405254195096,0.3444301713,-1.061611875804902,4519.0
kreis_03101,purpose_share_education,0.06754544974569261,0.06254172817,0.5003721575692608,4519.0
kreis_03101,purpose_share_escort,0.03215829828173856,0.03652324792,-0.4364949638261444,4519.0
kreis_03101,purpose_share_home,0.41108393023706025,0.4143342663,-0.32503360629397293,4519.0
kreis_03101,purpose_share_leisure,0.16888826314214814,0.1750090584,-0.6120795257851863,4519.0
kreis_03101,purpose_share_other,0.1105553697869919,0.06245350583,4.810186395699191,4519.0
kreis_03101,purpose_share_shop,0.08447463672468512,0.1187333581,-3.4258721375314884,4519.0
kreis_03101,purpose_share_work,0.12529405208168343,0.1304048353,-0.5110783218316567,4519.0
kreis_03101,share_mobile_first_from_home,1.0,0.9765953407,2.340465930000002,4519.0
kreis_03101,share_mobile_last_to_home,1.0,0.972429834,2.757016599999995,4519.0
kreis_03101,share_mobile_odd_trip_count,0.3097363768376627,0.2506396326,5.90967442376627,4519.0
kreis_03101,share_trips_0,0.09938639156357544,0.1467456088,-4.735921723642457,4519.0
kreis_03101,share_trips_1,0.0005334007657264326,0.006412655869,-0.5879255103273567,4519.0
kreis_03101,share_trips_2,0.3144101180198583,0.2915493441,2.28607739198583,4519.0
kreis_03101,share_trips_3,0.13299459092112387,0.08743882215,4.555576877112387,4519.0
kreis_03101,share_trips_4,0.2028898468152023,0.23078466,-2.7894813184797695,4519.0
kreis_03101,share_trips_5,0.1028001564642246,0.07522695049,2.757320597422461,4519.0
kreis_03101,share_trips_6,0.07968612328274587,0.08162127706,-0.1935153777254131,4519.0
kreis_03101,share_trips_7,0.032063312695333336,0.03220095058,-0.013763788466666232,4519.0
kreis_03101,share_trips_8plus,0.03523605947220982,0.04801973094,-1.2783671467790179,4519.0
kreis_03101,share_trips_followed_by_same_purpose,0.11735919231739439,0.05303718818,6.432200413739439,4519.0
kreis_03101,share_trips_home_based,0.7982271812651426,0.8289227483,-3.069556703485743,4519.0
kreis_03101,share_trips_unknown_purpose,0.0,0.0009975171235,-0.09975171235,4519.0
kreis_03101,share_work_activities_lt_2h,0.21800093852651337,0.1202949916,9.770594692651336,4519.0
kreis_03101,tours_per_mobile,1.5371349352238977,1.595251636,-0.058116700776102315,4519.0
kreis_03101,trips_per_mobile_person,3.739224090655833,3.85400061,-0.11477651934416677,4519.0
kreis_03101,trips_per_person,3.3675961010379583,3.288442944,0.07915315703795844,4519.0
kreis_03101,trips_per_person_education,0.2274657932064498,0.2054597505,0.02200604270644979,4519.0
kreis_03101,trips_per_person_escort,0.10829615990959844,0.1199848105,-0.011688650590401556,4519.0
kreis_03101,trips_per_person_home,1.3843646406656842,1.361155463,0.0232091776656842,4519.0
kreis_03101,trips_per_person_leisure,0.5687474564685708,0.5749332249,-0.0061857684314291506,4519.0
kreis_03101,trips_per_person_other,0.3723058322434836,0.2051699257,0.16713590654348362,4519.0
kreis_03101,trips_per_person_shop,0.2844764572706476,0.3900583952,-0.10558193792935244,4519.0
kreis_03101,trips_per_person_work,0.42193976127352395,0.4284010964,-0.006461335126476064,4519.0
kreis_03102,dep_hour_share_all_10,0.04357064622124863,0.05599799838,-1.2427352158751368,1794.0
kreis_03102,dep_hour_share_all_11,0.05011735252699108,0.05435093842,-0.4233585893008922,1794.0
kreis_03102,dep_hour_share_all_12,0.06197152245345017,0.06319435206,-0.12228296065498329,1794.0
kreis_03102,dep_hour_share_all_13,0.06776404318572993,0.06619872613,0.15653170557299312,1794.0
kreis_03102,dep_hour_share_all_14,0.07524331090596151,0.06538420907,0.9859101835961503,1794.0
kreis_03102,dep_hour_share_all_15,0.08702863401658582,0.08964608147,-0.2617447453414176,1794.0
kreis_03102,dep_hour_share_all_16,0.08905022688155219,0.08734953676,0.17006901215521897,1794.0
kreis_03102,dep_hour_share_all_17,0.0765013299953059,0.07466723082,0.18340991753059005,1794.0
kreis_03102,dep_hour_share_all_18,0.058497887654514164,0.0545953237,0.39025639545141666,1794.0
kreis_03102,dep_hour_share_all_19,0.03497731184478173,0.04411365433,-0.9136342485218274,1794.0
kreis_03102,dep_hour_share_all_20,0.027613831951181347,0.01856791988,0.9045912071181349,1794.0
kreis_03102,dep_hour_share_all_21,0.018848380535127524,0.02047187277,-0.16234922348724762,1794.0
kreis_03102,dep_hour_share_all_22,0.01366922234392114,0.01109499983,0.25742225139211394,1794.0
kreis_03102,dep_hour_share_all_23,0.007332185886402754,0.002286324245,0.5045861641402755,1794.0
kreis_03102,dep_hour_share_all_4,0.004872476920669692,0.004248621672,0.0623855248669692,1794.0
kreis_03102,dep_hour_share_all_5,0.016288530746362072,0.02066589265,-0.4377361903637928,1794.0
kreis_03102,dep_hour_share_all_6,0.04775778438429041,0.03642322146,1.1334562924290408,1794.0
kreis_03102,dep_hour_share_all_7,0.09750586762634955,0.1066172801,-0.9111412473650451,1794.0
kreis_03102,dep_hour_share_all_8,0.06205601627288374,0.07298458603,-1.0928569757116264,1794.0
kreis_03102,dep_hour_share_all_9,0.046753246753246755,0.04805610009,-0.1302853336753243,1794.0
kreis_03102,dep_hour_share_education_10,0.013522293510923414,0.005463369422,0.8058924088923414,1794.0
kreis_03102,dep_hour_share_education_11,0.01526841549581743,0.008815438064,0.6452977431817429,1794.0
kreis_03102,dep_hour_share_education_12,0.02160318362706083,0.02082189191,0.07812917170608273,1794.0
kreis_03102,dep_hour_share_education_13,0.027247624461950785,0.02006965188,0.7177972581950784,1794.0
kreis_03102,dep_hour_share_education_14,0.020994071306748966,0.01377510542,0.7218965886748967,1794.0
kreis_03102,dep_hour_share_education_15,0.03134898075205068,0.007347558802,2.400142195005068,1794.0
kreis_03102,dep_hour_share_education_16,0.013197433606757085,0.01565707294,-0.24596393332429137,1794.0
kreis_03102,dep_hour_share_education_17,0.006537805571347356,0.0292680655,-2.2730259928652643,1794.0
kreis_03102,dep_hour_share_education_18,0.0034110289937464467,0.008138399725,-0.4727370731253554,1794.0
kreis_03102,dep_hour_share_education_19,0.0006903272963534476,0.0,0.06903272963534475,1794.0
kreis_03102,dep_hour_share_education_20,0.0003248599041663283,0.0,0.032485990416632825,1794.0
kreis_03102,dep_hour_share_education_21,0.0001218224640623731,0.0,0.01218224640623731,1794.0
kreis_03102,dep_hour_share_education_22,8.121497604158207e-05,0.0,0.008121497604158206,1794.0
kreis_03102,dep_hour_share_education_23,0.0,0.0,0.0,1794.0
kreis_03102,dep_hour_share_education_4,0.0002842524161455372,0.0,0.02842524161455372,1794.0
kreis_03102,dep_hour_share_education_5,0.005360188418744417,0.0,0.5360188418744417,1794.0
kreis_03102,dep_hour_share_education_6,0.16860229026232437,0.06901546842,9.958682184232437,1794.0
kreis_03102,dep_hour_share_education_7,0.5007309347843742,0.6150964299,-11.436549511562577,1794.0
kreis_03102,dep_hour_share_education_8,0.13968975879152115,0.1660756636,-2.6385904808478857,1794.0
kreis_03102,dep_hour_share_education_9,0.0298871111833022,0.02045588436,0.9431226823302201,1794.0
kreis_03102,dep_hour_share_escort_10,0.020699058006941003,0.01862516033,0.20738976769410014,1794.0
kreis_03102,dep_hour_share_escort_11,0.032350024789291026,0.02053651758,1.1813507209291025,1794.0
kreis_03102,dep_hour_share_escort_12,0.06191125433812593,0.0642005887,-0.22893343618740764,1794.0
kreis_03102,dep_hour_share_escort_13,0.08186663361427864,0.0757287673,0.6137866314278637,1794.0
kreis_03102,dep_hour_share_escort_14,0.12307882994546356,0.06950923725,5.356959269546356,1794.0
kreis_03102,dep_hour_share_escort_15,0.1205379276152702,0.1136989828,0.6838944815270198,1794.0
kreis_03102,dep_hour_share_escort_16,0.062221120475954385,0.06200208645,0.021903402595438437,1794.0
kreis_03102,dep_hour_share_escort_17,0.05806891422905305,0.05272871415,0.5340200079053046,1794.0
kreis_03102,dep_hour_share_escort_18,0.039600892414476944,0.02508727222,1.4513620194476944,1794.0
kreis_03102,dep_hour_share_escort_19,0.014625681705503223,0.03263084378,-1.8005162074496779,1794.0
kreis_03102,dep_hour_share_escort_20,0.01295240456122955,0.004882833198,0.806957136322955,1794.0
kreis_03102,dep_hour_share_escort_21,0.006321269211700545,0.0,0.6321269211700545,1794.0
kreis_03102,dep_hour_share_escort_22,0.002169062964799207,0.0,0.21690629647992068,1794.0
kreis_03102,dep_hour_share_escort_23,0.0026648487853247397,0.0,0.266484878532474,1794.0
kreis_03102,dep_hour_share_escort_4,0.00229300941993059,0.0,0.22930094199305898,1794.0
kreis_03102,dep_hour_share_escort_5,0.002478929102627665,0.002065175858,0.04137532446276651,1794.0
kreis_03102,dep_hour_share_escort_6,0.041212196331184926,0.008083858796,3.3128337535184924,1794.0
kreis_03102,dep_hour_share_escort_7,0.18176747645017352,0.2779537572,-9.618628074982647,1794.0
kreis_03102,dep_hour_share_escort_8,0.10306147744174517,0.1447613543,-4.169987685825484,1794.0
kreis_03102,dep_hour_share_escort_9,0.02478929102627665,0.01123233948,1.3556951546276648,1794.0
kreis_03102,dep_hour_share_home_10,0.031176593024293063,0.04550045972,-1.4323866695706935,1794.0
kreis_03102,dep_hour_share_home_11,0.04888347060747525,0.06218986094,-1.3306390332524751,1794.0
kreis_03102,dep_hour_share_home_12,0.07774820849811186,0.07852345259,-0.07752440918881442,1794.0
kreis_03102,dep_hour_share_home_13,0.08619279831108204,0.09039482876,-0.4202030448917968,1794.0
kreis_03102,dep_hour_share_home_14,0.0894041211977045,0.0770255852,1.2378535997704498,1794.0
kreis_03102,dep_hour_share_home_15,0.1061446284677827,0.1092339116,-0.3089283132217291,1794.0
kreis_03102,dep_hour_share_home_16,0.11556302221164996,0.1190348678,-0.34718455883500365,1794.0
kreis_03102,dep_hour_share_home_17,0.10136481222681455,0.08377673445,1.758807777681455,1794.0
kreis_03102,dep_hour_share_home_18,0.08116023906514823,0.08003307081,0.11271682551482337,1794.0
kreis_03102,dep_hour_share_home_19,0.05242187267699444,0.05596458716,-0.3542714483005561,1794.0
kreis_03102,dep_hour_share_home_20,0.04817727691713003,0.03341743577,1.4759841147130033,1794.0
kreis_03102,dep_hour_share_home_21,0.035480657726502336,0.03619514563,-0.07144879034976653,1794.0
kreis_03102,dep_hour_share_home_22,0.026917130028842436,0.02168557803,0.5231551998842436,1794.0
kreis_03102,dep_hour_share_home_23,0.014443519372007968,0.004497603958,0.9945915414007969,1794.0
kreis_03102,dep_hour_share_home_4,5.9468942344860395e-05,0.000740800273,-0.06813313306551397,1794.0
kreis_03102,dep_hour_share_home_5,0.0010927418155868098,0.003578231944,-0.24854901284131903,1794.0
kreis_03102,dep_hour_share_home_6,0.002393624929380631,0.005518117656,-0.31244927266193695,1794.0
kreis_03102,dep_hour_share_home_7,0.010719276857661086,0.02080562375,-1.0086346892338913,1794.0
kreis_03102,dep_hour_share_home_8,0.021691296720287828,0.04005671538,-1.8365418659712176,1794.0
kreis_03102,dep_hour_share_home_9,0.028693764681395142,0.02873681964,-0.004305495860485939,1794.0
kreis_03102,dep_hour_share_leisure_10,0.04492340816830018,0.05721627985,-1.2292871681699826,1794.0
kreis_03102,dep_hour_share_leisure_11,0.03379908942068316,0.0392547623,-0.5455672879316843,1794.0
kreis_03102,dep_hour_share_leisure_12,0.05158454257967569,0.07502043453,-2.343589195032431,1794.0
kreis_03102,dep_hour_share_leisure_13,0.06383026442685087,0.04863800139,1.5192263036850875,1794.0
kreis_03102,dep_hour_share_leisure_14,0.08363424316504811,0.08592498985,-0.22907466849518832,1794.0
kreis_03102,dep_hour_share_leisure_15,0.10193554174983739,0.096035257,0.5900284749837392,1794.0
kreis_03102,dep_hour_share_leisure_16,0.1254850068405589,0.1114906753,1.3994331540558915,1794.0
kreis_03102,dep_hour_share_leisure_17,0.1319218606320228,0.1178850653,1.4036795332022802,1794.0
kreis_03102,dep_hour_share_leisure_18,0.09805548702536614,0.08600026419,1.2055222835366142,1794.0
kreis_03102,dep_hour_share_leisure_19,0.054836611568394374,0.09524265053,-4.040603896160563,1794.0
kreis_03102,dep_hour_share_leisure_20,0.02675667795545787,0.01372419589,1.3032482065457869,1794.0
kreis_03102,dep_hour_share_leisure_21,0.015138941844035256,0.01882117763,-0.36822357859647453,1794.0
kreis_03102,dep_hour_share_leisure_22,0.009823491152129545,0.01131361043,-0.1490119277870454,1794.0
kreis_03102,dep_hour_share_leisure_23,0.003790342476506605,0.002251885305,0.1538457171506605,1794.0
kreis_03102,dep_hour_share_leisure_4,0.00029156480588512346,0.002680584327,-0.23890195211148765,1794.0
kreis_03102,dep_hour_share_leisure_5,0.00663870634938435,0.002492599846,0.41461065033843497,1794.0
kreis_03102,dep_hour_share_leisure_6,0.017875165406957185,0.01326065175,0.46145136569571854,1794.0
kreis_03102,dep_hour_share_leisure_7,0.027205239195281134,0.02586163569,0.13436035052811351,1794.0
kreis_03102,dep_hour_share_leisure_8,0.043375871890909905,0.04689578518,-0.35199132890900986,1794.0
kreis_03102,dep_hour_share_leisure_9,0.05524031668423531,0.04998949377,0.5250822914235315,1794.0
kreis_03102,dep_hour_share_other_10,0.07993568393246812,0.1490332128,-6.909752886753188,1794.0
kreis_03102,dep_hour_share_other_11,0.09558401286321351,0.06521807797,3.0365934893213513,1794.0
kreis_03102,dep_hour_share_other_12,0.06687148271505686,0.03565917878,3.1212303935056855,1794.0
kreis_03102,dep_hour_share_other_13,0.06560813138853795,0.02538823107,4.021990031853795,1794.0
kreis_03102,dep_hour_share_other_14,0.0862524405650626,0.07498158342,1.1270857145062596,1794.0
kreis_03102,dep_hour_share_other_15,0.08674055357758126,0.1195323042,-3.2791750622418734,1794.0
kreis_03102,dep_hour_share_other_16,0.09544045021247273,0.0967057086,-0.12652583875272655,1794.0
kreis_03102,dep_hour_share_other_17,0.04863902607097737,0.09062683153,-4.198780545902262,1794.0
kreis_03102,dep_hour_share_other_18,0.04154703112438268,0.0180191687,2.352786242438268,1794.0
kreis_03102,dep_hour_share_other_19,0.024520500746525783,0.001435302409,2.308519833752578,1794.0
kreis_03102,dep_hour_share_other_20,0.011312736878373723,0.0,1.1312736878373724,1794.0
kreis_03102,dep_hour_share_other_21,0.005943493740668428,0.0,0.5943493740668427,1794.0
kreis_03102,dep_hour_share_other_22,0.004766280004594005,0.0,0.4766280004594005,1794.0
kreis_03102,dep_hour_share_other_23,0.003158378316297232,0.0,0.31583783162972323,1794.0
kreis_03102,dep_hour_share_other_4,0.003244515906741702,0.0,0.3244515906741702,1794.0
kreis_03102,dep_hour_share_other_5,0.0030435281957046055,0.003051138735,-0.0007610539295394708,1794.0
kreis_03102,dep_hour_share_other_6,0.017887906282301597,0.01267362443,0.5214281852301597,1794.0
kreis_03102,dep_hour_share_other_7,0.07448030320431837,0.04841632628,2.6063976924318366,1794.0
kreis_03102,dep_hour_share_other_8,0.09610083840588032,0.1178466867,-2.174584829411967,1794.0
kreis_03102,dep_hour_share_other_9,0.08257723670609854,0.1389144219,-5.633718519390146,1794.0
kreis_03102,dep_hour_share_shop_10,0.12490800556055279,0.1415361828,-1.6628177239447206,1794.0
kreis_03102,dep_hour_share_shop_11,0.10475100171722954,0.1278791152,-2.3128113482770467,1794.0
kreis_03102,dep_hour_share_shop_12,0.07572164526944149,0.06074797599,1.4973669279441486,1794.0
kreis_03102,dep_hour_share_shop_13,0.05842669065336495,0.05290030681,0.552638384336495,1794.0
kreis_03102,dep_hour_share_shop_14,0.0815275165589991,0.05309710309,2.8430413468999105,1794.0
kreis_03102,dep_hour_share_shop_15,0.09608308120042522,0.09884998315,-0.2766901949574782,1794.0
kreis_03102,dep_hour_share_shop_16,0.08753781993621719,0.07077933091,1.6758489026217196,1794.0
kreis_03102,dep_hour_share_shop_17,0.06934336413443454,0.0802868732,-1.094350906556546,1794.0
kreis_03102,dep_hour_share_shop_18,0.04391201242947093,0.03013849475,1.377351767947093,1794.0
kreis_03102,dep_hour_share_shop_19,0.014882655981682884,0.02756928234,-1.2686626358317117,1794.0
kreis_03102,dep_hour_share_shop_20,0.005437893531768746,0.00764840668,-0.22105131482312534,1794.0
kreis_03102,dep_hour_share_shop_21,0.003025594897375092,0.01330831612,-1.0282721222624909,1794.0
kreis_03102,dep_hour_share_shop_22,0.0026576171395862294,0.0,0.26576171395862297,1794.0
kreis_03102,dep_hour_share_shop_23,0.0006132962629814376,0.0,0.06132962629814376,1794.0
kreis_03102,dep_hour_share_shop_4,0.0009812740207703,0.0,0.09812740207703001,1794.0
kreis_03102,dep_hour_share_shop_5,0.0009812740207703,0.0,0.09812740207703001,1794.0
kreis_03102,dep_hour_share_shop_6,0.007931965001226593,0.01139650326,-0.3464538258773407,1794.0
kreis_03102,dep_hour_share_shop_7,0.037492844876931886,0.03371704054,0.3775804336931886,1794.0
kreis_03102,dep_hour_share_shop_8,0.07449505274347862,0.06660087224,0.789418050347862,1794.0
kreis_03102,dep_hour_share_shop_9,0.10671354975877013,0.1235442129,-1.6830663141229871,1794.0
kreis_03102,dep_hour_share_work_10,0.030204748582605037,0.01228181889,1.7922929692605036,1794.0
kreis_03102,dep_hour_share_work_11,0.028298383303211112,0.01691956326,1.1378820043211113,1794.0
kreis_03102,dep_hour_share_work_12,0.03297764353445074,0.03380337557,-0.08257320355492606,1794.0
kreis_03102,dep_hour_share_work_13,0.03731029189670966,0.05840194655,-2.109165465329034,1794.0
kreis_03102,dep_hour_share_work_14,0.019484538634844395,0.03017141703,-1.0686878395155606,1794.0
kreis_03102,dep_hour_share_work_15,0.022232675596048624,0.02302332758,-0.07906519839513751,1794.0
kreis_03102,dep_hour_share_work_16,0.01289891312421084,0.004292362918,0.8606550206210839,1794.0
kreis_03102,dep_hour_share_work_17,0.010893515882250996,0.00800506722,0.28884486622509953,1794.0
kreis_03102,dep_hour_share_work_18,0.003936520511995246,0.003809781501,0.012673901099524622,1794.0
kreis_03102,dep_hour_share_work_19,0.005174420044069223,0.003189842786,0.1984577258069223,1794.0
kreis_03102,dep_hour_share_work_20,0.010051744200440691,0.008183139739,0.18686044614406905,1794.0
kreis_03102,dep_hour_share_work_21,0.004679260231239633,0.004693160007,-0.0013899775760366911,1794.0
kreis_03102,dep_hour_share_work_22,0.001015077616300661,0.0,0.1015077616300661,1794.0
kreis_03102,dep_hour_share_work_23,0.0015597534104132109,0.0,0.1559753410413211,1794.0
kreis_03102,dep_hour_share_work_4,0.033547077319204775,0.02932437751,0.42226998092047763,1794.0
kreis_03102,dep_hour_share_work_5,0.11042063826099874,0.1539003873,-4.347974903900126,1794.0
kreis_03102,dep_hour_share_work_6,0.2106409843777079,0.2068248526,0.38161317777078985,1794.0
kreis_03102,dep_hour_share_work_7,0.24084573296031295,0.2462323274,-0.5386594439687059,1794.0
kreis_03102,dep_hour_share_work_8,0.11651110395880271,0.1193508457,-0.2839741741197291,1794.0
kreis_03102,dep_hour_share_work_9,0.04939219132975168,0.03168121451,1.771097681975168,1794.0
kreis_03102,mean_work_activity_h,5.811297597955613,7.072122757,-1.260825159044387,1794.0
kreis_03102,mobility_rate,0.8797194219786116,0.8518945471,2.7824874878611627,1794.0
kreis_03102,n_persons_unweighted,104356.0,1794.0,102562.0,1794.0
kreis_03102,n_persons_weighted,104356.0,104215.0,141.0,1794.0
kreis_03102,n_work_activities_measured,40262.0,574.0,39688.0,1794.0
kreis_03102,nonhome_acts_per_mobile,2.015445950067535,2.028576664,-0.01313071393246501,1794.0
kreis_03102,participation_education,0.19761202039173598,0.1930437614,0.4568258991735963,1794.0
kreis_03102,participation_escort,0.09668825941967879,0.1004531557,-0.37648962803212144,1794.0
kreis_03102,participation_home,0.8797194219786116,0.8392071382,4.05122837786116,1794.0
kreis_03102,participation_leisure,0.3373644064548277,0.3421771265,-0.4812720045172303,1794.0
kreis_03102,participation_other,0.24717313810418184,0.1616519367,8.552120140418184,1794.0
kreis_03102,participation_shop,0.1993847981908084,0.261744458,-6.235965980919161,1794.0
kreis_03102,participation_work,0.3155448656521906,0.3302091275,-1.466426184780939,1794.0
kreis_03102,purpose_share_education,0.07706462212486309,0.06829222748,0.8772394644863096,1794.0
kreis_03102,purpose_share_escort,0.050496010014082306,0.05432030239,-0.3824292375917693,1794.0
kreis_03102,purpose_share_home,0.42097950242528553,0.4340319776,-1.3052475174714473,1794.0
kreis_03102,purpose_share_leisure,0.13953058989203568,0.1552222015,-1.569161160796431,1794.0
kreis_03102,purpose_share_other,0.1089907682678767,0.06476168425,4.4229084017876685,1794.0
kreis_03102,purpose_share_shop,0.07653888280394304,0.1045181978,-2.7979314996056965,1794.0
kreis_03102,purpose_share_work,0.12639962447191364,0.118853409,0.7546215471913642,1794.0
kreis_03102,share_mobile_first_from_home,1.0,0.9772171382,2.27828618,1794.0
kreis_03102,share_mobile_last_to_home,1.0,0.971298838,2.8701161999999947,1794.0
kreis_03102,share_mobile_odd_trip_count,0.25933510522417325,0.2177658142,4.156929102417325,1794.0
kreis_03102,share_trips_0,0.12028057802138832,0.1481054529,-2.7824874878611667,1794.0
kreis_03102,share_trips_1,0.00087201502548967,0.005918851816,-0.5046836790510331,1794.0
kreis_03102,share_trips_2,0.37031890835217907,0.3510270143,1.929189405217907,1794.0
kreis_03102,share_trips_3,0.1253785120165587,0.1006662674,2.4712244616558703,1794.0
kreis_03102,share_trips_4,0.198781095480854,0.2131422171,-1.4361121619146018,1794.0
kreis_03102,share_trips_5,0.06974203687377822,0.04508730437,2.4654732503778227,1794.0
kreis_03102,share_trips_6,0.05752424393422515,0.07288561167,-1.5361367735774851,1794.0
kreis_03102,share_trips_7,0.026974970293993636,0.02427825241,0.2696717883993637,1794.0
kreis_03102,share_trips_8plus,0.03012764000153321,0.03888902797,-0.8761387968466785,1794.0
kreis_03102,share_trips_followed_by_same_purpose,0.10044124550148646,0.03392662003,6.651462547148645,1794.0
kreis_03102,share_trips_home_based,0.8177092786731341,0.869356787,-5.1647508326865825,1794.0
kreis_03102,share_trips_unknown_purpose,0.0,0.0004134294961,-0.04134294961,1794.0
kreis_03102,share_work_activities_lt_2h,0.19830112761412746,0.06516546791,13.313565970412746,1794.0
kreis_03102,tours_per_mobile,1.4653392009062787,1.554547509,-0.08920830809372138,1794.0
kreis_03102,trips_per_mobile_person,3.480785150973814,3.583124174,-0.10233902302618603,1794.0
kreis_03102,trips_per_person,3.0621143010464182,3.052443945,0.009670356046418416,1794.0
kreis_03102,trips_per_person_education,0.23598068151328147,0.2083720135,0.027608668013281462,1794.0
kreis_03102,trips_per_person_escort,0.15462455440990455,0.1657411275,-0.01111657309009545,1794.0
kreis_03102,trips_per_person_home,1.2890873548238722,1.324310546,-0.03522319117612782,1794.0
kreis_03102,trips_per_person_leisure,0.42725861474184523,0.4736111832,-0.046352568458154775,1794.0
kreis_03102,trips_per_person_other,0.3337421901951014,0.1975996837,0.13614250649510137,1794.0
kreis_03102,trips_per_person_shop,0.23437080762006976,0.3189040412,-0.08453323357993023,1794.0
kreis_03102,trips_per_person_work,0.3870500977423435,0.3626433793,0.02440671844234349,1794.0
kreis_03103,dep_hour_share_all_10,0.04453780688681465,,,
kreis_03103,dep_hour_share_all_11,0.04971958584987058,,,
kreis_03103,dep_hour_share_all_12,0.06361773472429211,,,
kreis_03103,dep_hour_share_all_13,0.06877745313357911,,,
kreis_03103,dep_hour_share_all_14,0.07352047219389755,,,
kreis_03103,dep_hour_share_all_15,0.08370754568985803,,,
kreis_03103,dep_hour_share_all_16,0.08645285904776845,,,
kreis_03103,dep_hour_share_all_17,0.08381784845870265,,,
kreis_03103,dep_hour_share_all_18,0.06351723664601146,,,
kreis_03103,dep_hour_share_all_19,0.03809122284100714,,,
kreis_03103,dep_hour_share_all_20,0.030666620911444033,,,
kreis_03103,dep_hour_share_all_21,0.019947642952388423,,,
kreis_03103,dep_hour_share_all_22,0.014263373597929249,,,
kreis_03103,dep_hour_share_all_23,0.006483351635422386,,,
kreis_03103,dep_hour_share_all_4,0.004220919287787278,,,
kreis_03103,dep_hour_share_all_5,0.01570221193819123,,,
kreis_03103,dep_hour_share_all_6,0.04669238763824614,,,
kreis_03103,dep_hour_share_all_7,0.08935749862734332,,,
kreis_03103,dep_hour_share_all_8,0.05783051611891129,,,
kreis_03103,dep_hour_share_all_9,0.04778315946348733,,,
kreis_03103,dep_hour_share_education_10,0.01488545588908048,,,
kreis_03103,dep_hour_share_education_11,0.020586268782770877,,,
kreis_03103,dep_hour_share_education_12,0.024070098884470564,,,
kreis_03103,dep_hour_share_education_13,0.031424851321392125,,,
kreis_03103,dep_hour_share_education_14,0.01798219375725798,,,
kreis_03103,dep_hour_share_education_15,0.03286764964633846,,,
kreis_03103,dep_hour_share_education_16,0.01534292852869761,,,
kreis_03103,dep_hour_share_education_17,0.00489143822359855,,,
kreis_03103,dep_hour_share_education_18,0.003730161523031988,,,
kreis_03103,dep_hour_share_education_19,0.0034838301016996867,,,
kreis_03103,dep_hour_share_education_20,0.0002463314213323011,,,
kreis_03103,dep_hour_share_education_21,0.0002463314213323011,,,
kreis_03103,dep_hour_share_education_22,0.00014076081218988634,,,
kreis_03103,dep_hour_share_education_23,0.00010557060914241475,,,
kreis_03103,dep_hour_share_education_4,0.0009501354822817327,,,
kreis_03103,dep_hour_share_education_5,0.0035894007108421017,,,
kreis_03103,dep_hour_share_education_6,0.17528240137945597,,,
kreis_03103,dep_hour_share_education_7,0.47461026850124927,,,
kreis_03103,dep_hour_share_education_8,0.13829749797656332,,,
kreis_03103,dep_hour_share_education_9,0.036527430763275505,,,
kreis_03103,dep_hour_share_escort_10,0.013459381509373498,,,
kreis_03103,dep_hour_share_escort_11,0.03861560647332158,,,
kreis_03103,dep_hour_share_escort_12,0.08860759493670886,,,
kreis_03103,dep_hour_share_escort_13,0.087699620787267,,,
kreis_03103,dep_hour_share_escort_14,0.12941302141750788,,,
kreis_03103,dep_hour_share_escort_15,0.10954441061795653,,,
kreis_03103,dep_hour_share_escort_16,0.06649575388559525,,,
kreis_03103,dep_hour_share_escort_17,0.05511937189552956,,,
kreis_03103,dep_hour_share_escort_18,0.04043155477220531,,,
kreis_03103,dep_hour_share_escort_19,0.01639694493403835,,,
kreis_03103,dep_hour_share_escort_20,0.011536612722320141,,,
kreis_03103,dep_hour_share_escort_21,0.0057683063611600706,,,
kreis_03103,dep_hour_share_escort_22,0.00341825562142819,,,
kreis_03103,dep_hour_share_escort_23,0.0020295892752229877,,,
kreis_03103,dep_hour_share_escort_4,0.0011750253698659403,,,
kreis_03103,dep_hour_share_escort_5,0.002617101960155958,,,
kreis_03103,dep_hour_share_escort_6,0.03925652940233937,,,
kreis_03103,dep_hour_share_escort_7,0.1619398600651605,,,
kreis_03103,dep_hour_share_escort_8,0.09400202958927523,,,
kreis_03103,dep_hour_share_escort_9,0.025049404475778456,,,
kreis_03103,dep_hour_share_home_10,0.031497085899532914,,,
kreis_03103,dep_hour_share_home_11,0.049967817938104155,,,
kreis_03103,dep_hour_share_home_12,0.07568394262735534,,,
kreis_03103,dep_hour_share_home_13,0.08850362269632533,,,
kreis_03103,dep_hour_share_home_14,0.0853149413341679,,,
kreis_03103,dep_hour_share_home_15,0.09742012057939521,,,
kreis_03103,dep_hour_share_home_16,0.10409273157798393,,,
kreis_03103,dep_hour_share_home_17,0.10966701899627397,,,
kreis_03103,dep_hour_share_home_18,0.08397451416896468,,,
kreis_03103,dep_hour_share_home_19,0.0569120573490248,,,
kreis_03103,dep_hour_share_home_20,0.058376488789423024,,,
kreis_03103,dep_hour_share_home_21,0.03969317799337463,,,
kreis_03103,dep_hour_share_home_22,0.02910557487791484,,,
kreis_03103,dep_hour_share_home_23,0.013622755374994832,,,
kreis_03103,dep_hour_share_home_4,0.00011809930970953475,,,
kreis_03103,dep_hour_share_home_5,0.000921174615734371,,,
kreis_03103,dep_hour_share_home_6,0.002232076953510207,,,
kreis_03103,dep_hour_share_home_7,0.009583758982928745,,,
kreis_03103,dep_hour_share_home_8,0.01930923713750893,,,
kreis_03103,dep_hour_share_home_9,0.025875558757359064,,,
kreis_03103,dep_hour_share_leisure_10,0.04428171229173834,,,
kreis_03103,dep_hour_share_leisure_11,0.03104470765551023,,,
kreis_03103,dep_hour_share_leisure_12,0.046673547287888466,,,
kreis_03103,dep_hour_share_leisure_13,0.05574941432807457,,,
kreis_03103,dep_hour_share_leisure_14,0.08913680968529349,,,
kreis_03103,dep_hour_share_leisure_15,0.10768172212119723,,,
kreis_03103,dep_hour_share_leisure_16,0.1279467898625514,,,
kreis_03103,dep_hour_share_leisure_17,0.14098720532101375,,,
kreis_03103,dep_hour_share_leisure_18,0.11007355711734736,,,
kreis_03103,dep_hour_share_leisure_19,0.05858357497419767,,,
kreis_03103,dep_hour_share_leisure_20,0.025294474205861634,,,
kreis_03103,dep_hour_share_leisure_21,0.011434937173375272,,,
kreis_03103,dep_hour_share_leisure_22,0.00786356711063056,,,
kreis_03103,dep_hour_share_leisure_23,0.0020969512295014826,,,
kreis_03103,dep_hour_share_leisure_4,0.000786356711063056,,,
kreis_03103,dep_hour_share_leisure_5,0.0038662538293933587,,,
kreis_03103,dep_hour_share_leisure_6,0.014957159941678544,,,
kreis_03103,dep_hour_share_leisure_7,0.02862010779639914,,,
kreis_03103,dep_hour_share_leisure_8,0.03959633688832096,,,
kreis_03103,dep_hour_share_leisure_9,0.050998509198735276,,,
kreis_03103,dep_hour_share_other_10,0.09093541847668694,,,
kreis_03103,dep_hour_share_other_11,0.08220276682483459,,,
kreis_03103,dep_hour_share_other_12,0.0701508164583751,,,
kreis_03103,dep_hour_share_other_13,0.0757201096036891,,,
kreis_03103,dep_hour_share_other_14,0.08284880482969102,,,
kreis_03103,dep_hour_share_other_15,0.08091069081512174,,,
kreis_03103,dep_hour_share_other_16,0.08235870703290338,,,
kreis_03103,dep_hour_share_other_17,0.061150838735547684,,,
kreis_03103,dep_hour_share_other_18,0.047205328699681436,,,
kreis_03103,dep_hour_share_other_19,0.025395976742631825,,,
kreis_03103,dep_hour_share_other_20,0.010091559179308962,,,
kreis_03103,dep_hour_share_other_21,0.007841564748602108,,,
kreis_03103,dep_hour_share_other_22,0.004856423622713805,,,
kreis_03103,dep_hour_share_other_23,0.003007418298469558,,,
kreis_03103,dep_hour_share_other_4,0.0013589075274566152,,,
kreis_03103,dep_hour_share_other_5,0.0021163313952193186,,,
kreis_03103,dep_hour_share_other_6,0.018445498897279956,,,
kreis_03103,dep_hour_share_other_7,0.0682795339615496,,,
kreis_03103,dep_hour_share_other_8,0.0826483102764597,,,
kreis_03103,dep_hour_share_other_9,0.0963710485865134,,,
kreis_03103,dep_hour_share_shop_10,0.11403963590275377,,,
kreis_03103,dep_hour_share_shop_11,0.10372738794792026,,,
kreis_03103,dep_hour_share_shop_12,0.09079387026155086,,,
kreis_03103,dep_hour_share_shop_13,0.05651572761838922,,,
kreis_03103,dep_hour_share_shop_14,0.06815301301993318,,,
kreis_03103,dep_hour_share_shop_15,0.08635787533125937,,,
kreis_03103,dep_hour_share_shop_16,0.1064926834888812,,,
kreis_03103,dep_hour_share_shop_17,0.07310750086415485,,,
kreis_03103,dep_hour_share_shop_18,0.04966009908975688,,,
kreis_03103,dep_hour_share_shop_19,0.014517801590044937,,,
kreis_03103,dep_hour_share_shop_20,0.004810462034796636,,,
kreis_03103,dep_hour_share_shop_21,0.0024196335983408227,,,
kreis_03103,dep_hour_share_shop_22,0.0025636594077658717,,,
kreis_03103,dep_hour_share_shop_23,0.0004896877520451665,,,
kreis_03103,dep_hour_share_shop_4,0.00011522064754003918,,,
kreis_03103,dep_hour_share_shop_5,0.0009217651803203134,,,
kreis_03103,dep_hour_share_shop_6,0.009016015670008065,,,
kreis_03103,dep_hour_share_shop_7,0.03517110266159696,,,
kreis_03103,dep_hour_share_shop_8,0.06976610208549372,,,
kreis_03103,dep_hour_share_shop_9,0.10902753773476206,,,
kreis_03103,dep_hour_share_work_10,0.027875592626836896,,,
kreis_03103,dep_hour_share_work_11,0.02612476147384573,,,
kreis_03103,dep_hour_share_work_12,0.03234119567997167,,,
kreis_03103,dep_hour_share_work_13,0.0348592449786556,,,
kreis_03103,dep_hour_share_work_14,0.021364074518521434,,,
kreis_03103,dep_hour_share_work_15,0.028800188853697402,,,
kreis_03103,dep_hour_share_work_16,0.014891900930497906,,,
kreis_03103,dep_hour_share_work_17,0.01107548246218008,,,
kreis_03103,dep_hour_share_work_18,0.005252493458973501,,,
kreis_03103,dep_hour_share_work_19,0.005429543800287215,,,
kreis_03103,dep_hour_share_work_20,0.004681997914740424,,,
kreis_03103,dep_hour_share_work_21,0.0032852674443766845,,,
kreis_03103,dep_hour_share_work_22,0.000688529105108886,,,
kreis_03103,dep_hour_share_work_23,0.0003344284224814589,,,
kreis_03103,dep_hour_share_work_4,0.030295280624790984,,,
kreis_03103,dep_hour_share_work_5,0.11284008419727343,,,
kreis_03103,dep_hour_share_work_6,0.21444730785119903,,,
kreis_03103,dep_hour_share_work_7,0.24157535459248913,,,
kreis_03103,dep_hour_share_work_8,0.11968603072807035,,,
kreis_03103,dep_hour_share_work_9,0.04683965140755021,,,
kreis_03103,mean_work_activity_h,5.65842855921109,,,
kreis_03103,mobility_rate,0.8764118038954423,,,
kreis_03103,n_persons_unweighted,127585.0,,,
kreis_03103,n_persons_weighted,127585.0,,,
kreis_03103,n_work_activities_measured,50669.0,,,
kreis_03103,nonhome_acts_per_mobile,2.1340136115259756,,,
kreis_03103,participation_education,0.18058549202492455,,,
kreis_03103,participation_escort,0.09650821021279932,,,
kreis_03103,participation_home,0.8764118038954423,,,
kreis_03103,participation_leisure,0.37961359093937375,,,
kreis_03103,participation_other,0.2589019085315672,,,
kreis_03103,participation_shop,0.23164165066426304,,,
kreis_03103,participation_work,0.31932437198730257,,,
kreis_03103,purpose_share_education,0.06965497293905404,,,
kreis_03103,purpose_share_escort,0.04589330535728292,,,
kreis_03103,purpose_share_home,0.4151036355792611,,,
kreis_03103,purpose_share_leisure,0.1496220291787591,,,
kreis_03103,purpose_share_other,0.11003068868146522,,,
kreis_03103,purpose_share_shop,0.08509490940465919,,,
kreis_03103,purpose_share_work,0.1246004588595184,,,
kreis_03103,share_mobile_first_from_home,1.0,,,
kreis_03103,share_mobile_last_to_home,1.0,,,
kreis_03103,share_mobile_odd_trip_count,0.29684216174642497,,,
kreis_03103,share_trips_0,0.12358819610455775,,,
kreis_03103,share_trips_1,0.0003291923031704354,,,
kreis_03103,share_trips_2,0.3338323470627425,,,
kreis_03103,share_trips_3,0.13027393502370968,,,
kreis_03103,share_trips_4,0.18759258533526668,,,
kreis_03103,share_trips_5,0.09146843280949955,,,
kreis_03103,share_trips_6,0.06620684249715876,,,
kreis_03103,share_trips_7,0.028451620488301917,,,
kreis_03103,share_trips_8plus,0.03825684837559274,,,
kreis_03103,share_trips_followed_by_same_purpose,0.10282424111695035,,,
kreis_03103,share_trips_home_based,0.8069284845870265,,,
kreis_03103,share_trips_unknown_purpose,0.0,,,
kreis_03103,share_work_activities_lt_2h,0.2117270915155223,,,
kreis_03103,tours_per_mobile,1.5145192591466414,,,
kreis_03103,trips_per_mobile_person,3.648532870672617,,,
kreis_03103,trips_per_person,3.1976172747580045,,,
kreis_03103,trips_per_person_education,0.22272994474272054,,,
kreis_03103,trips_per_person_escort,0.14674922600619195,,,
kreis_03103,trips_per_person_home,1.3273425559430967,,,
kreis_03103,trips_per_person_leisure,0.47843398518634633,,,
kreis_03103,trips_per_person_other,0.3518360308813732,,,
kreis_03103,trips_per_person_shop,0.2721009523063056,,,
kreis_03103,trips_per_person_work,0.39842457969197004,,,
kreis_03151,dep_hour_share_all_10,0.04252578730173788,0.05327547111,-1.074968380826212,3574.0
kreis_03151,dep_hour_share_all_11,0.046696269917429555,0.05378061782,-0.7084347902570447,3574.0
kreis_03151,dep_hour_share_all_12,0.060566864548708535,0.06318425229,-0.26173877412914714,3574.0
kreis_03151,dep_hour_share_all_13,0.06860863505175704,0.06681356015,0.17950749017570378,3574.0
kreis_03151,dep_hour_share_all_14,0.07561781887043044,0.07630277758,-0.06849587095695553,3574.0
kreis_03151,dep_hour_share_all_15,0.08839379864194782,0.08661967614,0.17741225019478196,3574.0
kreis_03151,dep_hour_share_all_16,0.0898879479255224,0.09032553549,-0.043758756447759284,3574.0
kreis_03151,dep_hour_share_all_17,0.0781974612232686,0.08789306024,-0.9695599016731407,3574.0
kreis_03151,dep_hour_share_all_18,0.06075477343296761,0.06343424151,-0.2679468077032392,3574.0
kreis_03151,dep_hour_share_all_19,0.040411356264298405,0.03569009255,0.4721263714298408,3574.0
kreis_03151,dep_hour_share_all_20,0.026825361496557436,0.0220156406,0.48097208965574356,3574.0
kreis_03151,dep_hour_share_all_21,0.020082533960426023,0.01401562092,0.6066913040426024,3574.0
kreis_03151,dep_hour_share_all_22,0.015410352867343624,0.009160260505,0.6250092362343624,3574.0
kreis_03151,dep_hour_share_all_23,0.007514531012263335,0.001397038088,0.6117492924263335,3574.0
kreis_03151,dep_hour_share_all_4,0.004267173594970609,0.002267490539,0.1999683055970609,3574.0
kreis_03151,dep_hour_share_all_5,0.0164228716126231,0.009547669686,0.68752019266231,3574.0
kreis_03151,dep_hour_share_all_6,0.04732932217799168,0.03465618137,1.267314080799168,3574.0
kreis_03151,dep_hour_share_all_7,0.09560548620967713,0.107848736,-1.2243249790322874,3574.0
kreis_03151,dep_hour_share_all_8,0.05699294703158694,0.07190555352,-1.4912606488413063,3574.0
kreis_03151,dep_hour_share_all_9,0.04705201974685207,0.04831656661,-0.12645468631479334,3574.0
kreis_03151,dep_hour_share_education_10,0.01138496184161141,0.01203153858,-0.06465767383885909,3574.0
kreis_03151,dep_hour_share_education_11,0.02251970474164894,0.009096817215,1.3422887526648941,3574.0
kreis_03151,dep_hour_share_education_12,0.0246465657450269,0.01586000299,0.87865627550269,3574.0
kreis_03151,dep_hour_share_education_13,0.025497310146378082,0.01389920682,1.1598103326378082,3574.0
kreis_03151,dep_hour_share_education_14,0.017865632428374828,0.01103366649,0.6831965938374828,3574.0
kreis_03151,dep_hour_share_education_15,0.031077192543475542,0.03138602005,-0.030882750652445543,3574.0
kreis_03151,dep_hour_share_education_16,0.014262479669710997,0.00656040349,0.7702076179710996,3574.0
kreis_03151,dep_hour_share_education_17,0.00765669961216064,0.01918744175,-1.1530742137839358,3574.0
kreis_03151,dep_hour_share_education_18,0.0040785687476541975,0.01088533825,-0.6806769502345802,3574.0
kreis_03151,dep_hour_share_education_19,0.006355561115976479,0.0,0.6355561115976479,3574.0
kreis_03151,dep_hour_share_education_20,0.00027524083573126485,0.0,0.027524083573126485,3574.0
kreis_03151,dep_hour_share_education_21,0.00025021894157387716,0.0,0.025021894157387717,3574.0
kreis_03151,dep_hour_share_education_22,0.000175153259101714,0.0,0.017515325910171402,3574.0
kreis_03151,dep_hour_share_education_23,0.00010008757662955086,0.0,0.010008757662955087,3574.0
kreis_03151,dep_hour_share_education_4,0.000700613036406856,0.0,0.07006130364068561,3574.0
kreis_03151,dep_hour_share_education_5,0.006530714375078193,0.001631845133,0.4898869242078194,3574.0
kreis_03151,dep_hour_share_education_6,0.18381083448017016,0.09518298409,8.862785039017016,3574.0
kreis_03151,dep_hour_share_education_7,0.49620918303515577,0.5934328793,-9.722369626484422,3574.0
kreis_03151,dep_hour_share_education_8,0.12123107719254347,0.1648780037,-4.364692650745653,3574.0
kreis_03151,dep_hour_share_education_9,0.0246465657450269,0.01493385218,0.97127135650269,3574.0
kreis_03151,dep_hour_share_escort_10,0.011501961704838871,0.006751716853,0.47502448518388707,3574.0
kreis_03151,dep_hour_share_escort_11,0.031152543509607323,0.06136858157,-3.0216038060392676,3574.0
kreis_03151,dep_hour_share_escort_12,0.056034338218034274,0.04996301876,0.6071319458034276,3574.0
kreis_03151,dep_hour_share_escort_13,0.08597967874987425,0.1096775581,-2.3697879350125755,3574.0
kreis_03151,dep_hour_share_escort_14,0.12860065054827136,0.09279235286,3.5808297688271358,3574.0
kreis_03151,dep_hour_share_escort_15,0.11458368263975051,0.1053799514,0.9203731239750503,3574.0
kreis_03151,dep_hour_share_escort_16,0.08339760571409409,0.06455789437,1.8839711344094097,3574.0
kreis_03151,dep_hour_share_escort_17,0.06425002515006203,0.02937674321,3.4873281940062033,3574.0
kreis_03151,dep_hour_share_escort_18,0.04443177626504812,0.02991605405,1.451572221504812,3574.0
kreis_03151,dep_hour_share_escort_19,0.020153583045504846,0.02766531207,-0.7511729024495154,3574.0
kreis_03151,dep_hour_share_escort_20,0.006069548304885819,0.009548458349,-0.3478910044114181,3574.0
kreis_03151,dep_hour_share_escort_21,0.01606250628751551,0.004706234511,1.135627177651551,3574.0
kreis_03151,dep_hour_share_escort_22,0.002950940612320177,0.005124866326,-0.2173925713679823,3574.0
kreis_03151,dep_hour_share_escort_23,0.0023473391234365044,0.0,0.23473391234365043,3574.0
kreis_03151,dep_hour_share_escort_4,0.0005030012407363938,0.0,0.05030012407363938,3574.0
kreis_03151,dep_hour_share_escort_5,0.001307803225914624,0.0005417023648,0.0766100861114624,3574.0
kreis_03151,dep_hour_share_escort_6,0.03785922671942591,0.01546537353,2.239385318942591,3574.0
kreis_03151,dep_hour_share_escort_7,0.18359545286878373,0.2216046364,-3.800918353121627,3574.0
kreis_03151,dep_hour_share_escort_8,0.08329700546594682,0.1450352227,-6.173821723405318,3574.0
kreis_03151,dep_hour_share_escort_9,0.020924851614633984,0.0198520364,0.10728152146339855,3574.0
kreis_03151,dep_hour_share_home_10,0.03275094839920715,0.04084502196,-0.8094073560792849,3574.0
kreis_03151,dep_hour_share_home_11,0.04459554657110478,0.06061309749,-1.6017550918895216,3574.0
kreis_03151,dep_hour_share_home_12,0.07671641660431516,0.06997066698,0.6745749624315165,3574.0
kreis_03151,dep_hour_share_home_13,0.08360789873240485,0.0853597357,-0.17518369675951495,3574.0
kreis_03151,dep_hour_share_home_14,0.08968115409354038,0.0949945457,-0.5313391606459619,3574.0
kreis_03151,dep_hour_share_home_15,0.10612007368416447,0.0966377123,0.9482361384164473,3574.0
kreis_03151,dep_hour_share_home_16,0.110828159252307,0.09912547335,1.1702685902306997,3574.0
kreis_03151,dep_hour_share_home_17,0.10350787379180286,0.117556205,-1.4048331208197138,3574.0
kreis_03151,dep_hour_share_home_18,0.08654388889618146,0.08895521924,-0.24113303438185324,3574.0
kreis_03151,dep_hour_share_home_19,0.056615166511334844,0.05168985603,0.49253104813348425,3574.0
kreis_03151,dep_hour_share_home_20,0.04806535312829533,0.04145329759,0.661205553829533,3574.0
kreis_03151,dep_hour_share_home_21,0.03623388158902263,0.02711545077,0.9118430819022632,3574.0
kreis_03151,dep_hour_share_home_22,0.030261263744678243,0.01784287486,1.2418388884678242,3574.0
kreis_03151,dep_hour_share_home_23,0.015677574898377986,0.003038706035,1.2638868863377986,3574.0
kreis_03151,dep_hour_share_home_4,6.563316312466362e-05,0.0003981406923,-0.033250752917533634,3574.0
kreis_03151,dep_hour_share_home_5,0.0005950740123302836,0.001682486915,-0.10874129026697164,3574.0
kreis_03151,dep_hour_share_home_6,0.0020740079547393706,0.006112698831,-0.40386908762606294,3574.0
kreis_03151,dep_hour_share_home_7,0.010505681644154491,0.02255023855,-1.204455690584551,3574.0
kreis_03151,dep_hour_share_home_8,0.019322403223900973,0.03620096444,-1.6878561216099024,3574.0
kreis_03151,dep_hour_share_home_9,0.028690443373894627,0.03585285143,-0.7162408056105373,3574.0
kreis_03151,dep_hour_share_leisure_10,0.04170746745004171,0.05570669057,-1.399922311995829,3574.0
kreis_03151,dep_hour_share_leisure_11,0.03835878093303836,0.03804554098,0.031323995303835644,3574.0
kreis_03151,dep_hour_share_leisure_12,0.0437988853830438,0.04699122706,-0.3192341676956201,3574.0
kreis_03151,dep_hour_share_leisure_13,0.061823764794061827,0.03195226994,2.987149485406183,3574.0
kreis_03151,dep_hour_share_leisure_14,0.08219393367908219,0.08200482232,0.018911135908218635,3574.0
kreis_03151,dep_hour_share_leisure_15,0.10541713512010542,0.1303417906,-2.4924655479894584,3574.0
kreis_03151,dep_hour_share_leisure_16,0.14365502484314366,0.1547659692,-1.1110944356856334,3574.0
kreis_03151,dep_hour_share_leisure_17,0.12440914421112441,0.1219572218,0.24519224111244076,3574.0
kreis_03151,dep_hour_share_leisure_18,0.09126077442909127,0.1133825256,-2.212175117090874,3574.0
kreis_03151,dep_hour_share_leisure_19,0.0632986375560633,0.05896213968,0.43364978760633,3574.0
kreis_03151,dep_hour_share_leisure_20,0.0202009211910202,0.01869717184,0.1503749351020201,3574.0
kreis_03151,dep_hour_share_leisure_21,0.013757419698013758,0.005146799563,0.8610620135013757,3574.0
kreis_03151,dep_hour_share_leisure_22,0.01272984441301273,0.003231748698,0.9498095715012731,3574.0
kreis_03151,dep_hour_share_leisure_23,0.002840943435002841,0.0006512571564,0.2189686278602841,3574.0
kreis_03151,dep_hour_share_leisure_4,9.671296800009671e-05,0.003016775514,-0.2920062545999903,3574.0
kreis_03151,dep_hour_share_leisure_5,0.004666400706004666,0.003321333035,0.13450676710046663,3574.0
kreis_03151,dep_hour_share_leisure_6,0.018883207002018884,0.008843545751,1.0039661251018885,3574.0
kreis_03151,dep_hour_share_leisure_7,0.02616085784402616,0.01727750194,0.8883355904026162,3574.0
kreis_03151,dep_hour_share_leisure_8,0.0491060095020491,0.05617735909,-0.7071349587950894,3574.0
kreis_03151,dep_hour_share_leisure_9,0.05258767635005259,0.04850358488,0.4084091470052592,3574.0
kreis_03151,dep_hour_share_other_10,0.08545015681187501,0.1237126258,-3.8262468988124994,3574.0
kreis_03151,dep_hour_share_other_11,0.08494113397152755,0.0903879872,-0.544685322847245,3574.0
kreis_03151,dep_hour_share_other_12,0.0676343573997143,0.07820017067,-1.0565813270285704,3574.0
kreis_03151,dep_hour_share_other_13,0.08338122526723699,0.0630453521,2.033587316723699,3574.0
kreis_03151,dep_hour_share_other_14,0.08531879607888213,0.08562378072,-0.030498464111787527,3574.0
kreis_03151,dep_hour_share_other_15,0.08196909738756342,0.1008998158,-1.8930718412436585,3574.0
kreis_03151,dep_hour_share_other_16,0.07880001970410995,0.09468582851,-1.5885808805890052,3574.0
kreis_03151,dep_hour_share_other_17,0.05201885026518448,0.03513973227,1.6879117995184476,3574.0
kreis_03151,dep_hour_share_other_18,0.04132937061788805,0.02164090522,1.968846539788805,3574.0
kreis_03151,dep_hour_share_other_19,0.03937537971461881,0.01225358956,2.712179015461881,3574.0
kreis_03151,dep_hour_share_other_20,0.02146105975271342,0.005215719467,1.6245340285713423,3574.0
kreis_03151,dep_hour_share_other_21,0.01522142493555114,0.003600892744,1.162053219155114,3574.0
kreis_03151,dep_hour_share_other_22,0.005040968128602157,0.01051023822,-0.5469270091397843,3574.0
kreis_03151,dep_hour_share_other_23,0.002233132460879132,0.0,0.22331324608791317,3574.0
kreis_03151,dep_hour_share_other_4,0.000558283115219783,0.0,0.05582831152197829,3574.0
kreis_03151,dep_hour_share_other_5,0.002068931544638019,0.0006855590116,0.1383372533038019,3574.0
kreis_03151,dep_hour_share_other_6,0.015582666951281588,0.01884942288,-0.3266755928718413,3574.0
kreis_03151,dep_hour_share_other_7,0.06991675013546575,0.03849861215,3.141813798546575,3574.0
kreis_03151,dep_hour_share_other_8,0.06871808344690564,0.109142914,-4.042483055309436,3574.0
kreis_03151,dep_hour_share_other_9,0.08944023907653405,0.1079068537,-1.8466614623465951,3574.0
kreis_03151,dep_hour_share_shop_10,0.11533627424402987,0.1223811126,-0.7044838355970127,3574.0
kreis_03151,dep_hour_share_shop_11,0.09231830840131108,0.09411248034,-0.17941719386889154,3574.0
kreis_03151,dep_hour_share_shop_12,0.08369273233605244,0.1020627898,-1.8370057463947556,3574.0
kreis_03151,dep_hour_share_shop_13,0.05581979939374523,0.07210519603,-1.6285396636254772,3574.0
kreis_03151,dep_hour_share_shop_14,0.0757079133499273,0.07698168234,-0.1273768990072699,3574.0
kreis_03151,dep_hour_share_shop_15,0.11139315375705448,0.07081403551,4.057911824705449,3574.0
kreis_03151,dep_hour_share_shop_16,0.08465386795475269,0.1143379935,-2.9684125545247313,3574.0
kreis_03151,dep_hour_share_shop_17,0.0674027158242354,0.1143724742,-4.69697583757646,3574.0
kreis_03151,dep_hour_share_shop_18,0.03957907188801538,0.02866793894,1.0911132948015378,3574.0
kreis_03151,dep_hour_share_shop_19,0.014835990832244867,0.01471347049,0.012252034224486709,3574.0
kreis_03151,dep_hour_share_shop_20,0.0047810335904576486,0.002839077483,0.19419561074576486,3574.0
kreis_03151,dep_hour_share_shop_21,0.0008625576065258644,0.004475480917,-0.36129233104741354,3574.0
kreis_03151,dep_hour_share_shop_22,0.000788624097395076,0.0005915770036,0.0197047093795076,3574.0
kreis_03151,dep_hour_share_shop_23,0.0001725115213051729,0.0,0.01725115213051729,3574.0
kreis_03151,dep_hour_share_shop_4,4.928900608719225e-05,0.0,0.004928900608719225,3574.0
kreis_03151,dep_hour_share_shop_5,0.0004682455578283264,0.001394360309,-0.09261147511716734,3574.0
kreis_03151,dep_hour_share_shop_6,0.011287182393967025,0.005051757983,0.6235424410967025,3574.0
kreis_03151,dep_hour_share_shop_7,0.04315252482933682,0.0227578817,2.039464312933682,3574.0
kreis_03151,dep_hour_share_shop_8,0.08019321290386179,0.06498539394,1.5207818963861794,3574.0
kreis_03151,dep_hour_share_shop_9,0.1158045198018582,0.08735529681,2.8449222991858205,3574.0
kreis_03151,dep_hour_share_work_10,0.025803206730476133,0.04095154438,-1.514833764952387,3574.0
kreis_03151,dep_hour_share_work_11,0.02260257270011583,0.01603574633,0.6566826370115831,3574.0
kreis_03151,dep_hour_share_work_12,0.02853136621349753,0.0507651394,-2.223377318650247,3574.0
kreis_03151,dep_hour_share_work_13,0.037477900384076085,0.05127197728,-1.3794076895923915,3574.0
kreis_03151,dep_hour_share_work_14,0.02037736999329391,0.02269270829,-0.23153382967060904,3574.0
kreis_03151,dep_hour_share_work_15,0.019935377674815583,0.01672250101,0.3212876664815581,3574.0
kreis_03151,dep_hour_share_work_16,0.011705175882460525,0.006487427178,0.5217748704460525,3574.0
kreis_03151,dep_hour_share_work_17,0.01205572151435713,0.008516547155,0.353917435935713,3574.0
kreis_03151,dep_hour_share_work_18,0.005532524538194233,0.003206143128,0.23263814101942326,3574.0
kreis_03151,dep_hour_share_work_19,0.0018441748460647442,0.001482325267,0.03618495790647441,3574.0
kreis_03151,dep_hour_share_work_20,0.005410595622751936,0.001322132511,0.40884631117519354,3574.0
kreis_03151,dep_hour_share_work_21,0.0021032737913796256,0.005578870895,-0.3475597103620374,3574.0
kreis_03151,dep_hour_share_work_22,0.0006706090349326342,0.0,0.06706090349326342,3574.0
kreis_03151,dep_hour_share_work_23,0.00128025361214412,0.0,0.128025361214412,3574.0
kreis_03151,dep_hour_share_work_4,0.03409437298055234,0.01329083293,2.080354005055234,3574.0
kreis_03151,dep_hour_share_work_5,0.12246235444735719,0.06582489289,5.663746155735719,3574.0
kreis_03151,dep_hour_share_work_6,0.21375662988477717,0.1816646257,3.2092004184777174,3574.0
kreis_03151,dep_hour_share_work_7,0.25185941596049505,0.3321687438,-8.030932783950496,3574.0
kreis_03151,dep_hour_share_work_8,0.12183746875571541,0.1202209262,0.16165425557154167,3574.0
kreis_03151,dep_hour_share_work_9,0.04768944705236847,0.05773481954,-1.0045372487631536,3574.0
kreis_03151,mean_work_activity_h,5.906090071387503,6.28423715,-0.3781470786124972,3574.0
kreis_03151,mobility_rate,0.8779397484442963,0.8358940444,4.204570404429631,3574.0
kreis_03151,n_persons_unweighted,174037.0,3574.0,170463.0,3574.0
kreis_03151,n_persons_weighted,174037.0,107068.0,66969.0,3574.0
kreis_03151,n_work_activities_measured,65511.0,1236.0,64275.0,3574.0
kreis_03151,nonhome_acts_per_mobile,2.0916724478709896,2.139120026,-0.04744757812901046,3574.0
kreis_03151,participation_education,0.18704643265512505,0.1826494134,0.4397019255125062,3574.0
kreis_03151,participation_escort,0.11049949148744233,0.1150801247,-0.45806332125576665,3574.0
kreis_03151,participation_home,0.8779397484442963,0.831216451,4.672329744429637,3574.0
kreis_03151,participation_leisure,0.3780115722518775,0.3821445253,-0.4132953048122501,3574.0
kreis_03151,participation_other,0.24989513724093151,0.1633809278,8.651420944093152,3574.0
kreis_03151,participation_shop,0.2008308578060987,0.2605779723,-5.974711449390132,3574.0
kreis_03151,participation_work,0.31025586513212705,0.3239381085,-1.3682243367872937,3574.0
kreis_03151,purpose_share_education,0.0729104714506201,0.06233506775,1.05754037006201,3574.0
kreis_03151,purpose_share_escort,0.05440418288825077,0.05977979352,-0.5375610631749232,3574.0
kreis_03151,purpose_share_home,0.41694427315748955,0.4268124939,-0.9868220742510425,3574.0
kreis_03151,purpose_share_leisure,0.150909077641032,0.1617405157,-1.0831438058967997,3574.0
kreis_03151,purpose_share_other,0.11110523262390128,0.06494569828,4.615953434390127,3574.0
kreis_03151,purpose_share_shop,0.07402697860757693,0.1036245534,-2.9597574792423074,3574.0
kreis_03151,purpose_share_work,0.11969978363112939,0.1207618773,-0.10620936688706117,3574.0
kreis_03151,share_mobile_first_from_home,1.0,0.9778671254,2.213287460000002,3574.0
kreis_03151,share_mobile_last_to_home,1.0,0.9850407459,1.4959254099999986,3574.0
kreis_03151,share_mobile_odd_trip_count,0.28054766548424676,0.2196672558,6.088040968424677,3574.0
kreis_03151,share_trips_0,0.12206025155570367,0.1641059556,-4.204570404429632,3574.0
kreis_03151,share_trips_1,0.0012985744410671295,0.004752026205,-0.34534517639328705,3574.0
kreis_03151,share_trips_2,0.35414308451651083,0.3298549021,2.428818241651082,3574.0
kreis_03151,share_trips_3,0.12312324390790465,0.07512812162,4.799512228790465,3574.0
kreis_03151,share_trips_4,0.1886093187080908,0.222638183,-3.4028864291909184,3574.0
kreis_03151,share_trips_5,0.08505662588989697,0.05928519041,2.577143547989697,3574.0
kreis_03151,share_trips_6,0.0603262524635566,0.06692578753,-0.6599535066443403,3574.0
kreis_03151,share_trips_7,0.028798473887736514,0.02800039044,0.07980834477365126,3574.0
kreis_03151,share_trips_8plus,0.0365841746295328,0.04930944301,-1.2725268380467205,3574.0
kreis_03151,share_trips_followed_by_same_purpose,0.09566569002696401,0.04155748233,5.410820769696401,3574.0
kreis_03151,share_trips_home_based,0.8120710478018309,0.8513942199,-3.9323172098169046,3574.0
kreis_03151,share_trips_unknown_purpose,0.0,0.0003608672198,-0.03608672198,3574.0
kreis_03151,share_work_activities_lt_2h,0.18174047106592786,0.1076775839,7.406288716592786,3574.0
kreis_03151,tours_per_mobile,1.4957589957720854,1.591849944,-0.09609094822791464,3574.0
kreis_03151,trips_per_mobile_person,3.587431443643075,3.73096997,-0.14353852635692466,3574.0
kreis_03151,trips_per_person,3.1495486591931603,3.118695578,0.030853081193160214,3574.0
kreis_03151,trips_per_person_education,0.2296350775984417,0.1943339461,0.03530113149844172,3574.0
kreis_03151,trips_per_person_escort,0.17134862127018968,0.1863676994,-0.01501907812981032,3574.0
kreis_03151,trips_per_person_home,1.313186276481438,1.330617888,-0.017431611518561985,3574.0
kreis_03151,trips_per_person_leisure,0.47529548314438885,0.5042374028,-0.028941919655611104,3574.0
kreis_03151,trips_per_person_other,0.34993133643995245,0.2024727699,0.14745856653995246,3574.0
kreis_03151,trips_per_person_shop,0.23315157121761465,0.3230568139,-0.08990524268238537,3574.0
kreis_03151,trips_per_person_work,0.3770002930411349,0.3764836232,0.0005166698411349091,3574.0
kreis_03153,dep_hour_share_all_10,0.04934501757269927,0.05240737785,-0.3062360277300731,2258.0
kreis_03153,dep_hour_share_all_11,0.05401318501210943,0.06342503556,-0.9411850547890566,2258.0
kreis_03153,dep_hour_share_all_12,0.06390560253261497,0.06509816517,-0.11925626373850279,2258.0
kreis_03153,dep_hour_share_all_13,0.07034689313213548,0.08363069951,-1.3283806377864527,2258.0
kreis_03153,dep_hour_share_all_14,0.07858325752235916,0.07815669826,0.04265592623591552,2258.0
kreis_03153,dep_hour_share_all_15,0.08245144642460812,0.09058075282,-0.8129306395391875,2258.0
kreis_03153,dep_hour_share_all_16,0.08481967556967984,0.08266902457,0.21506509996798429,2258.0
kreis_03153,dep_hour_share_all_17,0.07199562938555307,0.07316620234,-0.11705729544469329,2258.0
kreis_03153,dep_hour_share_all_18,0.06113738411896266,0.05813579809,0.30015860289626595,2258.0
kreis_03153,dep_hour_share_all_19,0.038045320735297344,0.03465676472,0.33885560152973476,2258.0
kreis_03153,dep_hour_share_all_20,0.02686513288667865,0.02049735222,0.636778066667865,2258.0
kreis_03153,dep_hour_share_all_21,0.02042628124611291,0.01381516028,0.6611120966112908,2258.0
kreis_03153,dep_hour_share_all_22,0.01505325466877718,0.009684183882,0.536907078677718,2258.0
kreis_03153,dep_hour_share_all_23,0.0074485806478362775,0.001554154463,0.5894426184836278,2258.0
kreis_03153,dep_hour_share_all_4,0.00410720687981542,0.002316186677,0.17910202028154198,2258.0
kreis_03153,dep_hour_share_all_5,0.015128862396374732,0.01754223423,-0.24133718336252669,2258.0
kreis_03153,dep_hour_share_all_6,0.04485245517803181,0.03561214906,0.924030611803181,2258.0
kreis_03153,dep_hour_share_all_7,0.08569038391652907,0.1024405401,-1.6750156183470934,2258.0
kreis_03153,dep_hour_share_all_8,0.06187151076434535,0.0641592531,-0.22877423356546453,2258.0
kreis_03153,dep_hour_share_all_9,0.051718124635680505,0.0486711927,0.3046931935680508,2258.0
kreis_03153,dep_hour_share_education_10,0.012076000494580226,0.001404834904,1.0671165590580225,2258.0
kreis_03153,dep_hour_share_education_11,0.02567695668301529,0.01986929254,0.5807664143015291,2258.0
kreis_03153,dep_hour_share_education_12,0.019082553682561926,0.02122449286,-0.21419391774380736,2258.0
kreis_03153,dep_hour_share_education_13,0.01656843753863908,0.02026308408,-0.3694646541360921,2258.0
kreis_03153,dep_hour_share_education_14,0.020607509376416765,0.005568766728,1.5038742648416765,2258.0
kreis_03153,dep_hour_share_education_15,0.035321271071178335,0.01293126717,2.2390003901178335,2258.0
kreis_03153,dep_hour_share_education_16,0.015950212257346576,0.007478930673,0.8471281584346575,2258.0
kreis_03153,dep_hour_share_education_17,0.00630589786918353,0.009788265114,-0.34823672448164694,2258.0
kreis_03153,dep_hour_share_education_18,0.010551044800725384,0.002165938638,0.8385106162725385,2258.0
kreis_03153,dep_hour_share_education_19,0.006223467831677864,0.0,0.6223467831677864,2258.0
kreis_03153,dep_hour_share_education_20,0.0001236450562585006,0.0,0.01236450562585006,2258.0
kreis_03153,dep_hour_share_education_21,0.00016486007501133413,0.0,0.016486007501133413,2258.0
kreis_03153,dep_hour_share_education_22,8.243003750566706e-05,0.0,0.008243003750566706,2258.0
kreis_03153,dep_hour_share_education_23,4.121501875283353e-05,0.0,0.004121501875283353,2258.0
kreis_03153,dep_hour_share_education_4,0.001154020525079339,0.0,0.1154020525079339,2258.0
kreis_03153,dep_hour_share_education_5,0.002926266331451181,0.009747126451,-0.6820860119548818,2258.0
kreis_03153,dep_hour_share_education_6,0.16720933108024563,0.05344687683,11.376245425024564,2258.0
kreis_03153,dep_hour_share_education_7,0.47632197172649715,0.6515028391,-17.51808673735028,2258.0
kreis_03153,dep_hour_share_education_8,0.14952808803528006,0.1431430873,0.6385000735280061,2258.0
kreis_03153,dep_hour_share_education_9,0.03371388533981783,0.04146519763,-0.7751312290182166,2258.0
kreis_03153,dep_hour_share_escort_10,0.01763064434297311,0.02300717273,-0.5376528387026892,2258.0
kreis_03153,dep_hour_share_escort_11,0.04498562489430069,0.03402464192,1.096098297430069,2258.0
kreis_03153,dep_hour_share_escort_12,0.06692880094706578,0.06737372291,-0.04449219629342194,2258.0
kreis_03153,dep_hour_share_escort_13,0.07487738880432944,0.09148280048,-1.660541167567056,2258.0
kreis_03153,dep_hour_share_escort_14,0.13863521055301878,0.1197980689,1.8837141653018779,2258.0
kreis_03153,dep_hour_share_escort_15,0.10472687299171317,0.1255578193,-2.0830946308286844,2258.0
kreis_03153,dep_hour_share_escort_16,0.07906308134618636,0.06627425959,1.2788821756186368,2258.0
kreis_03153,dep_hour_share_escort_17,0.05048198883815322,0.05926481512,-0.8782826281846783,2258.0
kreis_03153,dep_hour_share_escort_18,0.04025029595805851,0.03847381402,0.17764819380585162,2258.0
kreis_03153,dep_hour_share_escort_19,0.017926602401488245,0.02083021503,-0.29036126285117564,2258.0
kreis_03153,dep_hour_share_escort_20,0.006003720615592761,0.005588668526,0.04150520895927611,2258.0
kreis_03153,dep_hour_share_escort_21,0.011542364282090309,0.009504298913,0.2038065369090309,2258.0
kreis_03153,dep_hour_share_escort_22,0.0028750211398613224,0.007078376325,-0.42033551851386775,2258.0
kreis_03153,dep_hour_share_escort_23,0.0022408253001860307,0.0,0.22408253001860307,2258.0
kreis_03153,dep_hour_share_escort_4,0.0009301538981904278,0.003014229552,-0.20840756538095723,2258.0
kreis_03153,dep_hour_share_escort_5,0.0028750211398613224,0.006069739354,-0.3194718214138677,2258.0
kreis_03153,dep_hour_share_escort_6,0.03433113478775579,0.01820250643,1.612862835775579,2258.0
kreis_03153,dep_hour_share_escort_7,0.1743615761880602,0.2125039425,-3.814236631193979,2258.0
kreis_03153,dep_hour_share_escort_8,0.09322678843226788,0.083059687,1.0167101432267887,2258.0
kreis_03153,dep_hour_share_escort_9,0.0321748689328598,0.008891221396,2.32836475368598,2258.0
kreis_03153,dep_hour_share_home_10,0.03736189642527621,0.04697630147,-0.9614405044723794,2258.0
kreis_03153,dep_hour_share_home_11,0.05628829638742341,0.05563228183,0.06560145574234094,2258.0
kreis_03153,dep_hour_share_home_12,0.0789053443421893,0.07429116762,0.4614176722189306,2258.0
kreis_03153,dep_hour_share_home_13,0.08525751732948497,0.1166993292,-3.144181187051502,2258.0
kreis_03153,dep_hour_share_home_14,0.08638127232723745,0.09251609461,-0.6134822282762548,2258.0
kreis_03153,dep_hour_share_home_15,0.09928671130142658,0.09748987173,0.1796839571426581,2258.0
kreis_03153,dep_hour_share_home_16,0.11057157727885684,0.1155813595,-0.500978222114315,2258.0
kreis_03153,dep_hour_share_home_17,0.09437176181125648,0.09717924799,-0.2807486178743518,2258.0
kreis_03153,dep_hour_share_home_18,0.07961508434076983,0.07562310874,0.39919756007698315,2258.0
kreis_03153,dep_hour_share_home_19,0.05432468239135064,0.04678991945,0.7534762941350637,2258.0
kreis_03153,dep_hour_share_home_20,0.05037379639925241,0.03563306282,1.474073357925241,2258.0
kreis_03153,dep_hour_share_home_21,0.037533416924933165,0.02619473525,1.1338681674933164,2258.0
kreis_03153,dep_hour_share_home_22,0.028827272942345453,0.01954933901,0.9277933932345452,2258.0
kreis_03153,dep_hour_share_home_23,0.014744848470510302,0.00351613514,1.1228713330510303,2258.0
kreis_03153,dep_hour_share_home_4,5.3230499893539e-05,0.0004532785685,-0.0400048068606461,2258.0
kreis_03153,dep_hour_share_home_5,0.000952234498095531,0.001566574905,-0.06143404069044689,2258.0
kreis_03153,dep_hour_share_home_6,0.002738413494523173,0.009642484395,-0.6904070900476826,2258.0
kreis_03153,dep_hour_share_home_7,0.011107430977785137,0.01614052634,-0.5033095362214862,2258.0
kreis_03153,dep_hour_share_home_8,0.022090657455818685,0.03842244978,-1.6331792324181316,2258.0
kreis_03153,dep_hour_share_home_9,0.028182592443634816,0.02769443898,0.048815346363481615,2258.0
kreis_03153,dep_hour_share_leisure_10,0.04614335902679461,0.03417401908,1.196933994679461,2258.0
kreis_03153,dep_hour_share_leisure_11,0.03857514900459686,0.05916144904,-2.0586300035403142,2258.0
kreis_03153,dep_hour_share_leisure_12,0.049237061507000156,0.08092315418,-3.1686092672999844,2258.0
kreis_03153,dep_hour_share_leisure_13,0.05533707374198172,0.06058897899,-0.525190524801828,2258.0
kreis_03153,dep_hour_share_leisure_14,0.08781221051159702,0.09461195817,-0.6799747658402979,2258.0
kreis_03153,dep_hour_share_leisure_15,0.09700592522678413,0.1225532912,-2.554736597321587,2258.0
kreis_03153,dep_hour_share_leisure_16,0.11334836488210721,0.09253483615,2.081352873210722,2258.0
kreis_03153,dep_hour_share_leisure_17,0.11490395539475294,0.09274307075,2.216088464475294,2258.0
kreis_03153,dep_hour_share_leisure_18,0.10862915770891231,0.1140735686,-0.5444410891087686,2258.0
kreis_03153,dep_hour_share_leisure_19,0.06339468302658487,0.05972580881,0.36688742165848637,2258.0
kreis_03153,dep_hour_share_leisure_20,0.022652194431335537,0.02933975379,-0.6687559358664462,2258.0
kreis_03153,dep_hour_share_leisure_21,0.015730690577316343,0.01128810366,0.4442586917316343,2258.0
kreis_03153,dep_hour_share_leisure_22,0.015083984409137783,0.001770099209,1.3313885200137783,2258.0
kreis_03153,dep_hour_share_leisure_23,0.004911471169139881,0.0005879270829,0.432354408623988,2258.0
kreis_03153,dep_hour_share_leisure_4,0.0005418348976631185,0.0,0.05418348976631185,2258.0
kreis_03153,dep_hour_share_leisure_5,0.004317200636219041,0.005110367107,-0.07931664707809591,2258.0
kreis_03153,dep_hour_share_leisure_6,0.017041581458759374,0.01739545402,-0.0353872561240625,2258.0
kreis_03153,dep_hour_share_leisure_7,0.028175414678482162,0.02188765176,0.628776291848216,2258.0
kreis_03153,dep_hour_share_leisure_8,0.05390383304493734,0.05173752422,0.21663088249373394,2258.0
kreis_03153,dep_hour_share_leisure_9,0.05839581913201545,0.04720474733,1.119107180201545,2258.0
kreis_03153,dep_hour_share_other_10,0.08965723993204756,0.1315819366,-4.192469666795244,2258.0
kreis_03153,dep_hour_share_other_11,0.0803437593684421,0.1243874101,-4.40436507315579,2258.0
kreis_03153,dep_hour_share_other_12,0.06767262915958829,0.04761661363,2.0056015529588285,2258.0
kreis_03153,dep_hour_share_other_13,0.0837413810332767,0.04756339058,3.6177990453276703,2258.0
kreis_03153,dep_hour_share_other_14,0.08921754771659839,0.05589018401,3.332736370659838,2258.0
kreis_03153,dep_hour_share_other_15,0.07884480863395624,0.1165910289,-3.774622026604377,2258.0
kreis_03153,dep_hour_share_other_16,0.07604676726291595,0.07428514028,0.17616269829159592,2258.0
kreis_03153,dep_hour_share_other_17,0.05382232437293894,0.0408020817,1.3020242672938942,2258.0
kreis_03153,dep_hour_share_other_18,0.04344958529029679,0.02317033488,2.027925041029679,2258.0
kreis_03153,dep_hour_share_other_19,0.03061856700309783,0.005202427901,2.541613910209783,2258.0
kreis_03153,dep_hour_share_other_20,0.014389927051064256,0.004642196308,0.9747730743064256,2258.0
kreis_03153,dep_hour_share_other_21,0.011072249425402218,0.0007686538478,1.0303595577602218,2258.0
kreis_03153,dep_hour_share_other_22,0.00591585889877086,0.004482402718,0.14334561807708607,2258.0
kreis_03153,dep_hour_share_other_23,0.0038972719096632357,0.0,0.3897271909663236,2258.0
kreis_03153,dep_hour_share_other_4,0.0012591186169681223,0.0,0.12591186169681223,2258.0
kreis_03153,dep_hour_share_other_5,0.0012191465973818327,0.001831961841,-0.06128152436181671,2258.0
kreis_03153,dep_hour_share_other_6,0.014429899070650544,0.01387558487,0.055431420065054325,2258.0
kreis_03153,dep_hour_share_other_7,0.06597381832717097,0.06244021599,0.35336023371709757,2258.0
kreis_03153,dep_hour_share_other_8,0.08408114319976016,0.09131337718,-0.7232233980239838,2258.0
kreis_03153,dep_hour_share_other_9,0.0978315179374438,0.1518387067,-5.4007188762556195,2258.0
kreis_03153,dep_hour_share_shop_10,0.12453771394168746,0.1114345698,1.3103144141687464,2258.0
kreis_03153,dep_hour_share_shop_11,0.0943493592500215,0.1205447312,-2.619537194997851,2258.0
kreis_03153,dep_hour_share_shop_12,0.08101831942891545,0.06155905795,1.9459261478915448,2258.0
kreis_03153,dep_hour_share_shop_13,0.07141423697715088,0.07150650735,-0.00922703728491181,2258.0
kreis_03153,dep_hour_share_shop_14,0.09208451592557552,0.07546879174,1.6615724185575527,2258.0
kreis_03153,dep_hour_share_shop_15,0.08741148476247813,0.1028407695,-1.5429284737521864,2258.0
kreis_03153,dep_hour_share_shop_16,0.08182104870846593,0.08042503588,0.13960128284659368,2258.0
kreis_03153,dep_hour_share_shop_17,0.06573779421461541,0.08674251959,-2.1004725375384585,2258.0
kreis_03153,dep_hour_share_shop_18,0.04724635188211347,0.04028822953,0.6958122352113474,2258.0
kreis_03153,dep_hour_share_shop_19,0.014162438003497606,0.03724363878,-2.3081200776502393,2258.0
kreis_03153,dep_hour_share_shop_20,0.004615693357415212,0.0,0.46156933574152115,2258.0
kreis_03153,dep_hour_share_shop_21,0.0013474384335311488,0.004366195127,-0.3018756693468851,2258.0
kreis_03153,dep_hour_share_shop_22,0.0008600670852326481,0.0,0.08600670852326481,2258.0
kreis_03153,dep_hour_share_shop_23,0.0002006823198876179,0.0,0.02006823198876179,2258.0
kreis_03153,dep_hour_share_shop_4,0.0004873713482985006,0.0,0.048737134829850065,2258.0
kreis_03153,dep_hour_share_shop_5,0.0012040939193257074,0.0002299281066,0.09741658127257075,2258.0
kreis_03153,dep_hour_share_shop_6,0.011094865399501162,0.005074628411,0.6020236988501162,2258.0
kreis_03153,dep_hour_share_shop_7,0.036208824288294486,0.03182600542,0.43828188682944885,2258.0
kreis_03153,dep_hour_share_shop_8,0.06390298443278576,0.06811076243,-0.42077779972142376,2258.0
kreis_03153,dep_hour_share_shop_9,0.11903328459619851,0.1023386292,1.6694655396198508,2258.0
kreis_03153,dep_hour_share_work_10,0.034092472146352006,0.02437427258,0.9718199566352007,2258.0
kreis_03153,dep_hour_share_work_11,0.027981371951818594,0.03661008216,-0.8628710208181407,2258.0
kreis_03153,dep_hour_share_work_12,0.03509461397889607,0.04602808941,-1.0933475431103927,2258.0
kreis_03153,dep_hour_share_work_13,0.0473168143679629,0.05766791802,-1.03511036520371,2258.0
kreis_03153,dep_hour_share_work_14,0.0223222180739227,0.03265190864,-1.0329690566077299,2258.0
kreis_03153,dep_hour_share_work_15,0.022420467273191722,0.01129233743,1.112812984319172,2258.0
kreis_03153,dep_hour_share_work_16,0.013381540940441335,0.006334458875,0.7047082065441335,2258.0
kreis_03153,dep_hour_share_work_17,0.012890294944096206,0.01017416613,0.27161288140962053,2258.0
kreis_03153,dep_hour_share_work_18,0.007093592187223674,0.001251459409,0.5842132778223674,2258.0
kreis_03153,dep_hour_share_work_19,0.0036548702128077655,0.000786676141,0.2868194071807766,2258.0
kreis_03153,dep_hour_share_work_20,0.0034583718142697137,0.00324327462,0.021509719426971365,2258.0
kreis_03153,dep_hour_share_work_21,0.0049321098033051035,0.0002235143361,0.4708595467205104,2258.0
kreis_03153,dep_hour_share_work_22,0.0007663437542984024,0.003094140279,-0.23277965247015978,2258.0
kreis_03153,dep_hour_share_work_23,0.0004715961564913246,0.0,0.04715961564913246,2258.0
kreis_03153,dep_hour_share_work_4,0.02974985753866106,0.01567304025,1.4076817288661063,2258.0
kreis_03153,dep_hour_share_work_5,0.10911556070818022,0.1217105363,-1.2594975591819781,2258.0
kreis_03153,dep_hour_share_work_6,0.21563734255565817,0.1891580527,2.6479289855658172,2258.0
kreis_03153,dep_hour_share_work_7,0.22398852449352538,0.3056586603,-8.167013580647462,2258.0
kreis_03153,dep_hour_share_work_8,0.1234009942818966,0.1036869266,1.9714067681896597,2258.0
kreis_03153,dep_hour_share_work_9,0.04859405395846024,0.02845216693,2.014188702846024,2258.0
kreis_03153,mean_work_activity_h,5.5567104935112654,6.466280458,-0.9095699644887345,2258.0
kreis_03153,mobility_rate,0.8794398372711626,0.8323700116,4.706982567116258,2258.0
kreis_03153,n_persons_unweighted,127820.0,2258.0,125562.0,2258.0
kreis_03153,n_persons_weighted,127820.0,95795.0,32025.0,2258.0
kreis_03153,n_work_activities_measured,50806.0,826.0,49980.0,2258.0
kreis_03153,nonhome_acts_per_mobile,2.143359131749844,2.220014823,-0.07665569125015592,2258.0
kreis_03153,participation_education,0.14872476920669692,0.145628591,0.30961782066969146,2258.0
kreis_03153,participation_escort,0.11621811923016742,0.120012767,-0.3794647769832585,2258.0
kreis_03153,participation_home,0.8794398372711626,0.8247719592,5.466787807116258,2258.0
kreis_03153,participation_leisure,0.34298231888593333,0.3479370237,-0.49547048140666794,2258.0
kreis_03153,participation_other,0.2841104678454076,0.1980244057,8.608606214540762,2258.0
kreis_03153,participation_shop,0.227749960882491,0.2808092782,-5.305931731750901,2258.0
kreis_03153,participation_work,0.3149194179314661,0.3284658498,-1.3546431868533881,2258.0
kreis_03153,purpose_share_education,0.059176461119335826,0.05007344776,0.9103013359335825,2258.0
kreis_03153,purpose_share_escort,0.05768625719797762,0.06229541015,-0.4609152952022383,2258.0
kreis_03153,purpose_share_home,0.41236942423495954,0.4189974931,-0.6628068865040471,2258.0
kreis_03153,purpose_share_leisure,0.1395401586786696,0.1540440778,-1.4503919121330422,2258.0
kreis_03153,purpose_share_other,0.12203331130140412,0.08123393901,4.079937229140411,2258.0
kreis_03153,purpose_share_shop,0.08507332730097485,0.1102021466,-2.5128819299025147,2258.0
kreis_03153,purpose_share_work,0.12412106016667845,0.1231534856,0.0967574566678453,2258.0
kreis_03153,share_mobile_first_from_home,1.0,0.9822715632,1.7728436800000025,2258.0
kreis_03153,share_mobile_last_to_home,1.0,0.9834002883,1.6599711699999964,2258.0
kreis_03153,share_mobile_odd_trip_count,0.2941820122764879,0.2276124655,6.6569546776487885,2258.0
kreis_03153,share_trips_0,0.12056016272883743,0.1676299884,-4.706982567116258,2258.0
kreis_03153,share_trips_1,0.002057580973243624,0.002313128098,-0.025554712475637585,2258.0
kreis_03153,share_trips_2,0.35021905805038334,0.3282780951,2.1940962950383334,2258.0
kreis_03153,share_trips_3,0.1247066186825223,0.08590477545,3.8801843232522297,2258.0
kreis_03153,share_trips_4,0.17069316225942732,0.194497228,-2.3804065740572673,2258.0
kreis_03153,share_trips_5,0.09410107964324832,0.05496935306,3.9131726583248323,2258.0
kreis_03153,share_trips_6,0.06639805977155375,0.07146337992,-0.5065320148446253,2258.0
kreis_03153,share_trips_7,0.027311844781724298,0.03608694801,-0.8775103228275704,2258.0
kreis_03153,share_trips_8plus,0.043952433109059615,0.058857104,-1.4904670890940386,2258.0
kreis_03153,share_trips_followed_by_same_purpose,0.11047264585584289,0.04814703654,6.232560931584289,2258.0
kreis_03153,share_trips_home_based,0.7984785774040208,0.8371207738,-3.864219639597921,2258.0
kreis_03153,share_trips_unknown_purpose,0.0,0.0006905355139,-0.06905355139,2258.0
kreis_03153,share_work_activities_lt_2h,0.2093256701964335,0.1135096853,9.581598489643351,2258.0
kreis_03153,tours_per_mobile,1.5041010586246775,1.599090611,-0.09498955237532258,2258.0
kreis_03153,trips_per_mobile_person,3.6474601903745216,3.819105434,-0.17164524362547828,2258.0
kreis_03153,trips_per_person,3.207721796276013,3.178908834,0.028812962276012932,2258.0
kreis_03153,trips_per_person_education,0.18982162415897355,0.1590690068,0.030752617358973555,2258.0
kreis_03153,trips_per_person_escort,0.18504146455953685,0.1978946819,-0.012853217340463158,2258.0
kreis_03153,trips_per_person_home,1.3227663902362699,1.33103507,-0.008268679763730136,2258.0
kreis_03153,trips_per_person_leisure,0.4476060084493819,0.48935393,-0.04174792155061807,2258.0
kreis_03153,trips_per_person_other,0.39144891253324987,0.2580569657,0.1333919468332499,2258.0
kreis_03153,trips_per_person_shop,0.2728915662650602,0.3500806672,-0.07718910093493975,2258.0
kreis_03153,trips_per_person_work,0.39814583007354093,0.3912233631,0.0069224669735409305,2258.0
kreis_03154,dep_hour_share_all_10,0.04799942454126005,0.06207068411,-1.4071259568739953,1761.0
kreis_03154,dep_hour_share_all_11,0.052695578901216344,0.05855026925,-0.5854690348783658,1761.0
kreis_03154,dep_hour_share_all_12,0.06088216454694613,0.06244773228,-0.15655677330538714,1761.0
kreis_03154,dep_hour_share_all_13,0.06756844704923255,0.07161385978,-0.4045412730767445,1761.0
kreis_03154,dep_hour_share_all_14,0.07147677099139894,0.07427548446,-0.2798713468601055,1761.0
kreis_03154,dep_hour_share_all_15,0.0853049074984329,0.09545626666,-1.015135916156709,1761.0
kreis_03154,dep_hour_share_all_16,0.08849048266601814,0.1002803984,-1.178991573398186,1761.0
kreis_03154,dep_hour_share_all_17,0.07807741975262125,0.0682875799,0.9789839852621246,1761.0
kreis_03154,dep_hour_share_all_18,0.06416707485416574,0.06295902495,0.1208049904165745,1761.0
kreis_03154,dep_hour_share_all_19,0.03931616319735837,0.0319258347,0.7390328497358365,1761.0
kreis_03154,dep_hour_share_all_20,0.028903100283961484,0.02363699647,0.5266103813961482,1761.0
kreis_03154,dep_hour_share_all_21,0.021346778972463613,0.01439045814,0.6956320832463614,1761.0
kreis_03154,dep_hour_share_all_22,0.014955076539437763,0.005699764231,0.9255312308437763,1761.0
kreis_03154,dep_hour_share_all_23,0.006449933376949452,0.002423430965,0.40265024119494525,1761.0
kreis_03154,dep_hour_share_all_4,0.0038261155507448423,0.003195060167,0.06310553837448421,1761.0
kreis_03154,dep_hour_share_all_5,0.01668487810893297,0.01307586481,0.360901329893297,1761.0
kreis_03154,dep_hour_share_all_6,0.04678685076779212,0.03685247029,0.9934380477792117,1761.0
kreis_03154,dep_hour_share_all_7,0.08436978704601272,0.1043748671,-2.000508005398728,1761.0
kreis_03154,dep_hour_share_all_8,0.05928252626386839,0.06215595232,-0.28734260561316116,1761.0
kreis_03154,dep_hour_share_all_9,0.05140764743561199,0.04393311096,0.7474536475611991,1761.0
kreis_03154,dep_hour_share_education_10,0.012884791632972127,0.003979768808,0.8905022824972127,1761.0
kreis_03154,dep_hour_share_education_11,0.019785433176990674,0.006089696943,1.3695736233990674,1761.0
kreis_03154,dep_hour_share_education_12,0.02550002695563103,0.01314888278,1.2351144175631033,1761.0
kreis_03154,dep_hour_share_education_13,0.02550002695563103,0.002655089981,2.284493697463103,1761.0
kreis_03154,dep_hour_share_education_14,0.023882689093751686,0.03264672969,-0.8764040596248315,1761.0
kreis_03154,dep_hour_share_education_15,0.03196937840314842,0.005156528215,2.6812850188148416,1761.0
kreis_03154,dep_hour_share_education_16,0.01676640250148256,0.01384157015,0.292483235148256,1761.0
kreis_03154,dep_hour_share_education_17,0.008571890667960536,0.01182236213,-0.32504714620394637,1761.0
kreis_03154,dep_hour_share_education_18,0.005498948730389778,0.006968813771,-0.14698650406102218,1761.0
kreis_03154,dep_hour_share_education_19,0.004097255916761011,0.001437982093,0.2659273823761011,1761.0
kreis_03154,dep_hour_share_education_20,0.0,0.0,0.0,1761.0
kreis_03154,dep_hour_share_education_21,5.3911262062644886e-05,0.0,0.0053911262062644886,1761.0
kreis_03154,dep_hour_share_education_22,5.3911262062644886e-05,0.0,0.0053911262062644886,1761.0
kreis_03154,dep_hour_share_education_23,0.0,0.0,0.0,1761.0
kreis_03154,dep_hour_share_education_4,0.0013477815515661221,0.0,0.1347781551566122,1761.0
kreis_03154,dep_hour_share_education_5,0.004312900965011591,0.0,0.4312900965011591,1761.0
kreis_03154,dep_hour_share_education_6,0.19704566283896707,0.1040818782,9.296378463896707,1761.0
kreis_03154,dep_hour_share_education_7,0.45997088791848617,0.6825804706,-22.260958268151388,1761.0
kreis_03154,dep_hour_share_education_8,0.13267561593616906,0.09882488457,3.3850731366169065,1761.0
kreis_03154,dep_hour_share_education_9,0.02965119413445469,0.01676534205,1.288585208445469,1761.0
kreis_03154,dep_hour_share_escort_10,0.01823147832024582,0.0008394805377,1.7391997782545818,1761.0
kreis_03154,dep_hour_share_escort_11,0.029156708774325708,0.03305299812,-0.38962893456742953,1761.0
kreis_03154,dep_hour_share_escort_12,0.0602253328781154,0.02678571647,3.34396164081154,1761.0
kreis_03154,dep_hour_share_escort_13,0.07442813246841926,0.08540865615,-1.0980523681580743,1761.0
kreis_03154,dep_hour_share_escort_14,0.1198361215431888,0.159562714,-3.972659245681119,1761.0
kreis_03154,dep_hour_share_escort_15,0.10802321611471492,0.1445334976,-3.6510281485285083,1761.0
kreis_03154,dep_hour_share_escort_16,0.09197678388528507,0.05945111565,3.2525668235285075,1761.0
kreis_03154,dep_hour_share_escort_17,0.07319904404233527,0.07232574487,0.08732991723352651,1761.0
kreis_03154,dep_hour_share_escort_18,0.05080232161147149,0.04177022239,0.9032099221471489,1761.0
kreis_03154,dep_hour_share_escort_19,0.019665414817343803,0.02122784937,-0.15624345526561967,1761.0
kreis_03154,dep_hour_share_escort_20,0.008740184363263912,0.01315893533,-0.4418750966736088,1761.0
kreis_03154,dep_hour_share_escort_21,0.010652099692727894,0.0,1.0652099692727894,1761.0
kreis_03154,dep_hour_share_escort_22,0.0018436326391259815,0.0,0.18436326391259816,1761.0
kreis_03154,dep_hour_share_escort_23,0.0013656538067599864,0.0,0.13656538067599863,1761.0
kreis_03154,dep_hour_share_escort_4,0.00047797883236599524,0.0,0.047797883236599524,1761.0
kreis_03154,dep_hour_share_escort_5,0.0021167634004779787,0.0007529550837,0.13638083167779785,1761.0
kreis_03154,dep_hour_share_escort_6,0.03707750085353363,0.01834383594,1.8733664913533632,1761.0
kreis_03154,dep_hour_share_escort_7,0.16490269716626835,0.1984839152,-3.358121803373165,1761.0
kreis_03154,dep_hour_share_escort_8,0.09429839535677706,0.1134303427,-1.9131947343222946,1761.0
kreis_03154,dep_hour_share_escort_9,0.030180949129395698,0.01087202053,1.9308928599395696,1761.0
kreis_03154,dep_hour_share_home_10,0.0361732074846829,0.04492175025,-0.8748542765317107,1761.0
kreis_03154,dep_hour_share_home_11,0.05306342109620798,0.06234447055,-0.9281049453792024,1761.0
kreis_03154,dep_hour_share_home_12,0.07340619307832423,0.07492357487,-0.15173817916757648,1761.0
kreis_03154,dep_hour_share_home_13,0.08322569961914224,0.09078154704,-0.7555847420857755,1761.0
kreis_03154,dep_hour_share_home_14,0.08106474581884418,0.07089193347,1.0172812348844178,1761.0
kreis_03154,dep_hour_share_home_15,0.10057956615333664,0.1238723366,-2.329277044666335,1761.0
kreis_03154,dep_hour_share_home_16,0.10908262957443285,0.1228347913,-1.3752161725567147,1761.0
kreis_03154,dep_hour_share_home_17,0.10220235138267925,0.0814453777,2.0756973682679245,1761.0
kreis_03154,dep_hour_share_home_18,0.08987415134956118,0.08995911956,-0.008496821043880998,1761.0
kreis_03154,dep_hour_share_home_19,0.05656565656565657,0.0485103465,0.8055310065656567,1761.0
kreis_03154,dep_hour_share_home_20,0.052409339294585196,0.04397725021,0.8432089084585197,1761.0
kreis_03154,dep_hour_share_home_21,0.039907269415466136,0.02563765668,1.4269612735466137,1761.0
kreis_03154,dep_hour_share_home_22,0.030211955621791686,0.01282509798,1.7386857641791689,1761.0
kreis_03154,dep_hour_share_home_23,0.013578407021029972,0.005606254156,0.7972152865029971,1761.0
kreis_03154,dep_hour_share_home_4,9.107468123861566e-05,0.0006030866858,-0.051201200456138435,1761.0
kreis_03154,dep_hour_share_home_5,0.0004636529226693161,0.00266922052,-0.2205567597330684,1761.0
kreis_03154,dep_hour_share_home_6,0.0022023513826792515,0.008493714497,-0.6291363114320748,1761.0
kreis_03154,dep_hour_share_home_7,0.009935419771485345,0.02114835001,-1.1212930238514656,1761.0
kreis_03154,dep_hour_share_home_8,0.020003311806590495,0.04138234612,-2.1379034313409506,1761.0
kreis_03154,dep_hour_share_home_9,0.02952475575426395,0.02587608931,0.36486664442639505,1761.0
kreis_03154,dep_hour_share_leisure_10,0.0463219591985097,0.07536460558,-2.9042646381490296,1761.0
kreis_03154,dep_hour_share_leisure_11,0.04093779817347449,0.04516560624,-0.42278080665255136,1761.0
kreis_03154,dep_hour_share_leisure_12,0.05138806851742469,0.04981854766,0.15695208574246916,1761.0
kreis_03154,dep_hour_share_leisure_13,0.05886228361124994,0.03621516808,2.2647115531249944,1761.0
kreis_03154,dep_hour_share_leisure_14,0.0782180017265664,0.09255633098,-1.4338329253433604,1761.0
kreis_03154,dep_hour_share_leisure_15,0.10270798309782361,0.1058846696,-0.3176686502176382,1761.0
kreis_03154,dep_hour_share_leisure_16,0.12981053205506837,0.1550299239,-2.521939184493163,1761.0
kreis_03154,dep_hour_share_leisure_17,0.11906492798400654,0.1215240792,-0.2459151215993452,1761.0
kreis_03154,dep_hour_share_leisure_18,0.09857331091826071,0.0980332311,0.054007981826070806,1761.0
kreis_03154,dep_hour_share_leisure_19,0.061997364714435,0.0421005409,1.9896823814435007,1761.0
kreis_03154,dep_hour_share_leisure_20,0.026761779272115954,0.008369642156,1.8392137116115954,1761.0
kreis_03154,dep_hour_share_leisure_21,0.01615248307510564,0.005249754289,1.090272878610564,1761.0
kreis_03154,dep_hour_share_leisure_22,0.01065473215502749,0.0008060443813,0.9848687773727488,1761.0
kreis_03154,dep_hour_share_leisure_23,0.0026580035440047253,0.0002329302224,0.24250733216047254,1761.0
kreis_03154,dep_hour_share_leisure_4,0.0007042573492662093,0.001727608706,-0.10233513567337908,1761.0
kreis_03154,dep_hour_share_leisure_5,0.0034076968512881094,0.003396528557,0.0011168294288109275,1761.0
kreis_03154,dep_hour_share_leisure_6,0.01806079331182698,0.01623190741,0.18288859018269799,1761.0
kreis_03154,dep_hour_share_leisure_7,0.025444136489617884,0.02907391021,-0.3629773720382118,1761.0
kreis_03154,dep_hour_share_leisure_8,0.04509518833204598,0.05683768705,-1.174249871795402,1761.0
kreis_03154,dep_hour_share_leisure_9,0.060452542141851064,0.05593859604,0.451394610185106,1761.0
kreis_03154,dep_hour_share_other_10,0.08950340234544665,0.1168359878,-2.7332585454553344,1761.0
kreis_03154,dep_hour_share_other_11,0.08316200955552339,0.1256523253,-4.249031574447662,1761.0
kreis_03154,dep_hour_share_other_12,0.06906037353409585,0.04594481099,2.3115562544095845,1761.0
kreis_03154,dep_hour_share_other_13,0.0796293615173013,0.1219334212,-4.230405968269871,1761.0
kreis_03154,dep_hour_share_other_14,0.08156942232517736,0.1058910885,-2.4321666174822636,1761.0
kreis_03154,dep_hour_share_other_15,0.08348052700159259,0.08328690462,0.01936223815925814,1761.0
kreis_03154,dep_hour_share_other_16,0.08067178224989141,0.05241096696,2.8260815289891412,1761.0
kreis_03154,dep_hour_share_other_17,0.057188359635152744,0.02649349131,3.0694868325152744,1761.0
kreis_03154,dep_hour_share_other_18,0.04302881135080353,0.02205314131,2.097567004080353,1761.0
kreis_03154,dep_hour_share_other_19,0.03214130592152888,0.02202918232,1.0112123601528884,1761.0
kreis_03154,dep_hour_share_other_20,0.015491530331547706,0.003557888283,1.1933642048547706,1761.0
kreis_03154,dep_hour_share_other_21,0.010597944114666281,0.0,1.0597944114666282,1761.0
kreis_03154,dep_hour_share_other_22,0.004980454611263935,0.001193481369,0.3786973242263935,1761.0
kreis_03154,dep_hour_share_other_23,0.0023454466483277835,0.0,0.23454466483277836,1761.0
kreis_03154,dep_hour_share_other_4,0.0011872013898943101,0.0,0.11872013898943101,1761.0
kreis_03154,dep_hour_share_other_5,0.002808744751701173,0.009020004278,-0.6211259526298827,1761.0
kreis_03154,dep_hour_share_other_6,0.01607065296076444,0.01720896226,-0.1138309299235557,1761.0
kreis_03154,dep_hour_share_other_7,0.06503547126103952,0.04298486993,2.205060133103952,1761.0
kreis_03154,dep_hour_share_other_8,0.08261184305776748,0.07866410799,0.394773506776748,1761.0
kreis_03154,dep_hour_share_other_9,0.0934703923555813,0.1248393656,-3.13689732444187,1761.0
kreis_03154,dep_hour_share_shop_10,0.1231902356902357,0.1601016876,-3.691145190976429,1761.0
kreis_03154,dep_hour_share_shop_11,0.10054713804713805,0.08107734514,1.9469792907138044,1761.0
kreis_03154,dep_hour_share_shop_12,0.07394781144781144,0.07510487905,-0.11570676021885606,1761.0
kreis_03154,dep_hour_share_shop_13,0.05997474747474747,0.06445719671,-0.4482449235252525,1761.0
kreis_03154,dep_hour_share_shop_14,0.07781986531986532,0.09063636929,-1.2816503970134687,1761.0
kreis_03154,dep_hour_share_shop_15,0.09301346801346802,0.09567766789,-0.2664199876531978,1761.0
kreis_03154,dep_hour_share_shop_16,0.08766835016835017,0.122642756,-3.497440583164983,1761.0
kreis_03154,dep_hour_share_shop_17,0.0667087542087542,0.06407174735,0.2637006858754204,1761.0
kreis_03154,dep_hour_share_shop_18,0.04318181818181818,0.03957267966,0.3609138521818184,1761.0
kreis_03154,dep_hour_share_shop_19,0.012542087542087542,0.01306296914,-0.05208815979124582,1761.0
kreis_03154,dep_hour_share_shop_20,0.0059764309764309765,0.0008375024452,0.5138928531230977,1761.0
kreis_03154,dep_hour_share_shop_21,0.001893939393939394,0.008402424389,-0.6508484995060605,1761.0
kreis_03154,dep_hour_share_shop_22,0.0012205387205387204,0.0,0.12205387205387204,1761.0
kreis_03154,dep_hour_share_shop_23,0.00042087542087542086,0.0,0.04208754208754208,1761.0
kreis_03154,dep_hour_share_shop_4,8.417508417508418e-05,0.0,0.008417508417508417,1761.0
kreis_03154,dep_hour_share_shop_5,0.0008417508417508417,0.0,0.08417508417508417,1761.0
kreis_03154,dep_hour_share_shop_6,0.010732323232323232,0.01202395152,-0.12916282876767674,1761.0
kreis_03154,dep_hour_share_shop_7,0.03876262626262626,0.03905452015,-0.02918938873737384,1761.0
kreis_03154,dep_hour_share_shop_8,0.07798821548821548,0.05067274122,2.7315474268215483,1761.0
kreis_03154,dep_hour_share_shop_9,0.12163299663299663,0.0826035624,3.902943423299664,1761.0
kreis_03154,dep_hour_share_work_10,0.030319178773770123,0.02821033718,0.21088415937701235,1761.0
kreis_03154,dep_hour_share_work_11,0.031356930498681775,0.03649074971,-0.5133819211318225,1761.0
kreis_03154,dep_hour_share_work_12,0.03222639816009424,0.0691151671,-3.688876893990576,1761.0
kreis_03154,dep_hour_share_work_13,0.037723677567734336,0.0547943844,-1.7070706832265663,1761.0
kreis_03154,dep_hour_share_work_14,0.02156840747181242,0.01071592853,1.085247894181242,1761.0
kreis_03154,dep_hour_share_work_15,0.027121781567285577,0.00778838231,1.9333399257285575,1761.0
kreis_03154,dep_hour_share_work_16,0.011723789757110002,0.007751212765,0.3972576992110001,1761.0
kreis_03154,dep_hour_share_work_17,0.011723789757110002,0.001631617885,1.009217187211,1761.0
kreis_03154,dep_hour_share_work_18,0.0050765692488921295,0.0004865293025,0.45900399463921293,1761.0
kreis_03154,dep_hour_share_work_19,0.00406686486789701,0.0,0.40668648678970104,1761.0
kreis_03154,dep_hour_share_work_20,0.003505917989566388,0.0211683322,-1.7662414210433612,1761.0
kreis_03154,dep_hour_share_work_21,0.003730296740898637,0.01350213162,-0.9771834879101363,1761.0
kreis_03154,dep_hour_share_work_22,0.000532899534414091,0.0002381207411,0.029477879331409093,1761.0
kreis_03154,dep_hour_share_work_23,0.00042071015874796657,0.0,0.042071015874796655,1761.0
kreis_03154,dep_hour_share_work_4,0.028047343916531103,0.02197396525,0.6073378666531102,1761.0
kreis_03154,dep_hour_share_work_5,0.12444606495764851,0.08869688724,3.5749177717648517,1761.0
kreis_03154,dep_hour_share_work_6,0.21287934032647107,0.1780825382,3.479680212647107,1761.0
kreis_03154,dep_hour_share_work_7,0.22990407808380547,0.3047986337,-7.489455561619451,1761.0
kreis_03154,dep_hour_share_work_8,0.12223032478824256,0.1070376473,1.5192677488242559,1761.0
kreis_03154,dep_hour_share_work_9,0.046867111684523476,0.0328678353,1.3999276384523474,1761.0
kreis_03154,mean_work_activity_h,5.553332210116439,6.355170737,-0.8018385268835608,1761.0
kreis_03154,mobility_rate,0.8852052074139453,0.8422844969,4.29207105139453,1761.0
kreis_03154,n_persons_unweighted,90640.0,1761.0,88879.0,1761.0
kreis_03154,n_persons_weighted,90640.0,55924.0,34716.0,1761.0
kreis_03154,n_work_activities_measured,35612.0,607.0,35005.0,1761.0
kreis_03154,nonhome_acts_per_mobile,2.1332460896117653,2.168146457,-0.034900367388234876,1761.0
kreis_03154,participation_education,0.16198146513680495,0.1566083895,0.5373075636804947,1761.0
kreis_03154,participation_escort,0.10440203000882613,0.1066033005,-0.22012704911738706,1761.0
kreis_03154,participation_home,0.8852052074139453,0.8384272405,4.677796691394532,1761.0
kreis_03154,participation_leisure,0.37883936451897615,0.3832723827,-0.44330181810238733,1761.0
kreis_03154,participation_other,0.27525375110326566,0.1766926064,9.856114470326565,1761.0
kreis_03154,participation_shop,0.22215357458075904,0.2917111385,-6.955756391924098,1761.0
kreis_03154,participation_work,0.30840688437775815,0.3214259891,-1.3019104722241825,1761.0
kreis_03154,purpose_share_education,0.06353681051993382,0.05299640443,1.054040608993382,1761.0
kreis_03154,purpose_share_escort,0.05016424551536098,0.04975880244,0.04054430753609797,1761.0
kreis_03154,purpose_share_home,0.4137137298289723,0.4269593928,-1.3245662971027694,1761.0
kreis_03154,purpose_share_leisure,0.1507770405664158,0.1623001646,-1.1523124033584187,1761.0
kreis_03154,purpose_share_other,0.11829444990597415,0.06896078783,4.933366207597416,1761.0
kreis_03154,purpose_share_shop,0.08138630750733881,0.1179408427,-3.655453519266119,1761.0
kreis_03154,purpose_share_work,0.12212741615600413,0.1210836052,0.10438109560041292,1761.0
kreis_03154,share_mobile_first_from_home,1.0,0.971415874,2.8584126000000043,1761.0
kreis_03154,share_mobile_last_to_home,1.0,0.9801030915,1.9896908500000032,1761.0
kreis_03154,share_mobile_odd_trip_count,0.29856047859412976,0.2300324463,6.852803229412976,1761.0
kreis_03154,share_trips_0,0.11479479258605473,0.1577155031,-4.292071051394526,1761.0
kreis_03154,share_trips_1,0.0008053839364518976,0.006616003335,-0.5810619398548102,1761.0
kreis_03154,share_trips_2,0.3328552515445719,0.3086377183,2.4217533244571934,1761.0
kreis_03154,share_trips_3,0.13635260370697264,0.08493575231,5.141685139697263,1761.0
kreis_03154,share_trips_4,0.1938989408649603,0.2289717101,-3.507276923503971,1761.0
kreis_03154,share_trips_5,0.09438437775816416,0.05452956044,3.9854817318164164,1761.0
kreis_03154,share_trips_6,0.06283097969991173,0.07674607943,-1.3915099730088267,1761.0
kreis_03154,share_trips_7,0.024558693733451015,0.03869570917,-1.4137015436548988,1761.0
kreis_03154,share_trips_8plus,0.03951897616946161,0.04315196375,-0.36329875805383927,1761.0
kreis_03154,share_trips_followed_by_same_purpose,0.11044012317557314,0.04074375061,6.969637256557315,1761.0
kreis_03154,share_trips_home_based,0.8030389702028835,0.8514306391,-4.839166889711654,1761.0
kreis_03154,share_trips_unknown_purpose,0.0,0.0002245328896,-0.02245328896,1761.0
kreis_03154,share_work_activities_lt_2h,0.2157138043356172,0.1041750996,11.153870473561721,1761.0
kreis_03154,tours_per_mobile,1.5053280987100393,1.614803253,-0.1094751542899608,1761.0
kreis_03154,trips_per_mobile_person,3.6385741883218046,3.78294971,-0.14437552167819545,1761.0
kreis_03154,trips_per_person,3.220884819064431,3.186319893,0.034564926064430956,1761.0
kreis_03154,trips_per_person_education,0.20464474845542807,0.1688255823,0.03581916615542807,1761.0
kreis_03154,trips_per_person_escort,0.16157325684024712,0.158511863,0.0030613938402471175,1761.0
kreis_03154,trips_per_person_home,1.3325242718446602,1.360123746,-0.02759947415533981,1761.0
kreis_03154,trips_per_person_leisure,0.48563548102383053,0.5170241282,-0.03138864717616946,1761.0
kreis_03154,trips_per_person_other,0.3810127978817299,0.2196817933,0.16133100458172991,1761.0
kreis_03154,trips_per_person_shop,0.2621359223300971,0.3757128743,-0.11357695196990292,1761.0
kreis_03154,trips_per_person_work,0.3933583406884378,0.3857244727,0.0076338679884377925,1761.0
kreis_03157,dep_hour_share_all_10,0.04489585481542586,0.05040664724,-0.551079242457414,2446.0
kreis_03157,dep_hour_share_all_11,0.047948030521757064,0.04791158955,0.00364409717570624,2446.0
kreis_03157,dep_hour_share_all_12,0.06101372562498568,0.06730605092,-0.629232529501432,2446.0
kreis_03157,dep_hour_share_all_13,0.06863958204440779,0.07105049827,-0.24109162255922106,2446.0
kreis_03157,dep_hour_share_all_14,0.07471643637863477,0.07151439576,0.32020406186347716,2446.0
kreis_03157,dep_hour_share_all_15,0.08826103893128022,0.09135650668,-0.3095467748719785,2446.0
kreis_03157,dep_hour_share_all_16,0.08962901858344217,0.09790233586,-0.8273317276557821,2446.0
kreis_03157,dep_hour_share_all_17,0.07661144336747554,0.09156566576,-1.495422239252446,2446.0
kreis_03157,dep_hour_share_all_18,0.06079833184390825,0.06794690332,-0.7148571476091748,2446.0
kreis_03157,dep_hour_share_all_19,0.03891065740931693,0.03182552229,0.7085135119316931,2446.0
kreis_03157,dep_hour_share_all_20,0.028260122361999037,0.02120330303,0.7056819331999038,2446.0
kreis_03157,dep_hour_share_all_21,0.019174629362296924,0.0145336647,0.4640964662296923,2446.0
kreis_03157,dep_hour_share_all_22,0.014788845351848033,0.01135253815,0.3436307201848033,2446.0
kreis_03157,dep_hour_share_all_23,0.006617630210123507,0.0009784164261,0.5639213784023507,2446.0
kreis_03157,dep_hour_share_all_4,0.0034875461148919594,0.002440058689,0.10474874258919595,2446.0
kreis_03157,dep_hour_share_all_5,0.016298893242592975,0.01403795215,0.22609410925929757,2446.0
kreis_03157,dep_hour_share_all_6,0.04916935908893014,0.03448410281,1.4685256278930137,2446.0
kreis_03157,dep_hour_share_all_7,0.0944135102312046,0.113090005,-1.867649476879539,2446.0
kreis_03157,dep_hour_share_all_8,0.05808528677161385,0.05639258685,0.16926999216138466,2446.0
kreis_03157,dep_hour_share_all_9,0.047599734194908455,0.04168325467,0.5916479524908452,2446.0
kreis_03157,dep_hour_share_education_10,0.011865720589112158,0.009375466,0.24902545891121575,2446.0
kreis_03157,dep_hour_share_education_11,0.017947647725239997,0.01515107299,0.2796574735239997,2446.0
kreis_03157,dep_hour_share_education_12,0.02531154969888498,0.01130645617,1.400509352888498,2446.0
kreis_03157,dep_hour_share_education_13,0.030081688629181324,0.01753060144,1.2551087189181322,2446.0
kreis_03157,dep_hour_share_education_14,0.02322461391688033,0.01131181449,1.191279942688033,2446.0
kreis_03157,dep_hour_share_education_15,0.03416612008824757,0.008302381617,2.586373847124757,2446.0
kreis_03157,dep_hour_share_education_16,0.017053246675809434,0.01153476899,0.5518477685809434,2446.0
kreis_03157,dep_hour_share_education_17,0.007363901973644982,0.01531026961,-0.7946367636355016,2446.0
kreis_03157,dep_hour_share_education_18,0.006409874187585714,0.006235166339,0.01747078485857135,2446.0
kreis_03157,dep_hour_share_education_19,0.00649931429252877,0.0,0.6499314292528771,2446.0
kreis_03157,dep_hour_share_education_20,0.00029813368314352153,0.001051387468,-0.07532537848564785,2446.0
kreis_03157,dep_hour_share_education_21,8.944010494305647e-05,0.003428040294,-0.33386001890569433,2446.0
kreis_03157,dep_hour_share_education_22,5.962673662870431e-05,0.0,0.005962673662870431,2446.0
kreis_03157,dep_hour_share_education_23,8.944010494305647e-05,0.0,0.008944010494305647,2446.0
kreis_03157,dep_hour_share_education_4,0.0006857074712300996,0.0,0.06857074712300995,2446.0
kreis_03157,dep_hour_share_education_5,0.004591258720410232,0.0,0.45912587204102323,2446.0
kreis_03157,dep_hour_share_education_6,0.19805020571224136,0.08624550358,11.180470213224137,2446.0
kreis_03157,dep_hour_share_education_7,0.4782660544988373,0.6836874772,-20.54214227011627,2446.0
kreis_03157,dep_hour_share_education_8,0.11227714507185022,0.1016171904,1.0659954671850214,2446.0
kreis_03157,dep_hour_share_education_9,0.025520243277085446,0.01791240341,0.7607839867085446,2446.0
kreis_03157,dep_hour_share_escort_10,0.014953683281870312,0.01643404262,-0.14803593381296862,2446.0
kreis_03157,dep_hour_share_escort_11,0.028539920599911776,0.0275608171,0.09791034999117772,2446.0
kreis_03157,dep_hour_share_escort_12,0.05509483899426555,0.05907865898,-0.3983819985734445,2446.0
kreis_03157,dep_hour_share_escort_13,0.07931186590207323,0.1144842184,-3.5172352497926775,2446.0
kreis_03157,dep_hour_share_escort_14,0.13630348478164975,0.1086685359,2.7634948881649746,2446.0
kreis_03157,dep_hour_share_escort_15,0.11168945743273048,0.1051370628,0.6552394632730483,2446.0
kreis_03157,dep_hour_share_escort_16,0.08734009704455227,0.05356769621,3.3772400834552267,2446.0
kreis_03157,dep_hour_share_escort_17,0.0654609616232907,0.06544904216,0.0011919463290696597,2446.0
kreis_03157,dep_hour_share_escort_18,0.04437582708425231,0.02445403048,1.9921796604252313,2446.0
kreis_03157,dep_hour_share_escort_19,0.01274812527569475,0.01603934988,-0.32912246043052507,2446.0
kreis_03157,dep_hour_share_escort_20,0.00670489633877371,0.004554857828,0.21500385107737097,2446.0
kreis_03157,dep_hour_share_escort_21,0.0070136744596382885,0.005955909995,0.10577644646382889,2446.0
kreis_03157,dep_hour_share_escort_22,0.0020732245258050287,0.01087793846,-0.8804713934194972,2446.0
kreis_03157,dep_hour_share_escort_23,0.0018526687251874724,0.0,0.18526687251874724,2446.0
kreis_03157,dep_hour_share_escort_4,0.00035288928098809,0.001677280153,-0.13243908720119102,2446.0
kreis_03157,dep_hour_share_escort_5,0.00141155712395236,0.0,0.141155712395236,2446.0
kreis_03157,dep_hour_share_escort_6,0.0423467137185708,0.02231280512,2.00339085985708,2446.0
kreis_03157,dep_hour_share_escort_7,0.17670930745478605,0.2606590118,-8.394970434521396,2446.0
kreis_03157,dep_hour_share_escort_8,0.09228054697838553,0.09204885515,0.023169182838553293,2446.0
kreis_03157,dep_hour_share_escort_9,0.0286281429201588,0.01103988698,1.75882559401588,2446.0
kreis_03157,dep_hour_share_home_10,0.03455929854397076,0.03864134031,-0.4082041766029242,2446.0
kreis_03157,dep_hour_share_home_11,0.04883247105334357,0.04567262629,0.3159844763343571,2446.0
kreis_03157,dep_hour_share_home_12,0.07735672992507274,0.08891004988,-1.1553319954927255,2446.0
kreis_03157,dep_hour_share_home_13,0.08488258452092386,0.09304391983,-0.8161335309076145,2446.0
kreis_03157,dep_hour_share_home_14,0.08573842271781082,0.07927661311,0.6461809607810814,2446.0
kreis_03157,dep_hour_share_home_15,0.10519631823929236,0.113888281,-0.8691962760707633,2446.0
kreis_03157,dep_hour_share_home_16,0.11075098421392642,0.1149899722,-0.42389879860735835,2446.0
kreis_03157,dep_hour_share_home_17,0.09821709578209807,0.120698359,-2.2481263217901932,2446.0
kreis_03157,dep_hour_share_home_18,0.0854899535638759,0.09434014163,-0.8850188066124101,2446.0
kreis_03157,dep_hour_share_home_19,0.05750680529404944,0.04379358737,1.3713217924049441,2446.0
kreis_03157,dep_hour_share_home_20,0.051642933261185256,0.03840670697,1.3236226291185254,2446.0
kreis_03157,dep_hour_share_home_21,0.0363482764523022,0.0246708772,1.16773992523022,2446.0
kreis_03157,dep_hour_share_home_22,0.029860470766223654,0.02339576701,0.6464703756223655,2446.0
kreis_03157,dep_hour_share_home_23,0.01370445422369954,0.002119216066,1.1585238157699538,2446.0
kreis_03157,dep_hour_share_home_4,4.4172294032875227e-05,0.0003567160325,-0.03125437384671248,2446.0
kreis_03157,dep_hour_share_home_5,0.0007730151455753165,0.003148970236,-0.23759550904246832,2446.0
kreis_03157,dep_hour_share_home_6,0.002363217730758825,0.004829271289,-0.24660535582411747,2446.0
kreis_03157,dep_hour_share_home_7,0.011004422750940041,0.01461149749,-0.3607074739059959,2446.0
kreis_03157,dep_hour_share_home_8,0.020153609152499325,0.02807630003,-0.7922690877500675,2446.0
kreis_03157,dep_hour_share_home_9,0.02813775129894152,0.02642496843,0.1712782868941519,2446.0
kreis_03157,dep_hour_share_leisure_10,0.04034337463052638,0.04986634595,-0.9522971319473619,2446.0
kreis_03157,dep_hour_share_leisure_11,0.03669580529526445,0.04112018317,-0.4424377874735548,2446.0
kreis_03157,dep_hour_share_leisure_12,0.04974529903779636,0.04638918938,0.33561096577963623,2446.0
kreis_03157,dep_hour_share_leisure_13,0.061898622728130306,0.06298794176,-0.10893190318696927,2446.0
kreis_03157,dep_hour_share_leisure_14,0.08941261555876989,0.07585839861,1.355421694876989,2446.0
kreis_03157,dep_hour_share_leisure_15,0.10876674422992265,0.1178422143,-0.9075470070077349,2446.0
kreis_03157,dep_hour_share_leisure_16,0.13403245078925854,0.1507206765,-1.6688225710741467,2446.0
kreis_03157,dep_hour_share_leisure_17,0.12766492673416766,0.1236744464,0.39904803341676565,2446.0
kreis_03157,dep_hour_share_leisure_18,0.09633041947047355,0.1100027136,-1.3672294129526446,2446.0
kreis_03157,dep_hour_share_leisure_19,0.06067228476196466,0.06592465554,-0.5252370778035343,2446.0
kreis_03157,dep_hour_share_leisure_20,0.023127476259354757,0.01873725732,0.43902189393547586,2446.0
kreis_03157,dep_hour_share_leisure_21,0.013426828501352116,0.01198286858,0.1443959921352116,2446.0
kreis_03157,dep_hour_share_leisure_22,0.010360983585937992,0.004309228184,0.6051755401937992,2446.0
kreis_03157,dep_hour_share_leisure_23,0.002122508018363625,0.0004180202683,0.17044877500636246,2446.0
kreis_03157,dep_hour_share_leisure_4,0.000330167913967675,0.0,0.0330167913967675,2446.0
kreis_03157,dep_hour_share_leisure_5,0.004292182881579775,0.00504694818,-0.07547652984202252,2446.0
kreis_03157,dep_hour_share_leisure_6,0.017624677693226842,0.0113036418,0.6321035893226843,2446.0
kreis_03157,dep_hour_share_leisure_7,0.025674485881391106,0.02065448715,0.5019998731391105,2446.0
kreis_03157,dep_hour_share_leisure_8,0.04384944343123074,0.03447851003,0.9370933401230741,2446.0
kreis_03157,dep_hour_share_leisure_9,0.050893025595874476,0.04677948641,0.4113539185874475,2446.0
kreis_03157,dep_hour_share_other_10,0.09178068308503091,0.1521518314,-6.037114831496908,2446.0
kreis_03157,dep_hour_share_other_11,0.07846356542008716,0.1007628704,-2.2299304979912837,2446.0
kreis_03157,dep_hour_share_other_12,0.06344380257423736,0.06561377344,-0.21699708657626354,2446.0
kreis_03157,dep_hour_share_other_13,0.07712577277794669,0.04204706984,3.507870293794669,2446.0
kreis_03157,dep_hour_share_other_14,0.07643660687138948,0.1123311418,-3.5894534928610526,2446.0
kreis_03157,dep_hour_share_other_15,0.08211209080774298,0.07287010809,0.9241982717742986,2446.0
kreis_03157,dep_hour_share_other_16,0.0831458396675788,0.1080794917,-2.4933652032421207,2446.0
kreis_03157,dep_hour_share_other_17,0.05823451910408432,0.0736993369,-1.5464817795915673,2446.0
kreis_03157,dep_hour_share_other_18,0.041451302320867536,0.01983697873,2.1614323590867537,2446.0
kreis_03157,dep_hour_share_other_19,0.03348535522448566,0.006493111688,2.699224353648566,2446.0
kreis_03157,dep_hour_share_other_20,0.01731022600587818,0.003512883071,1.379734293487818,2446.0
kreis_03157,dep_hour_share_other_21,0.010276679841897233,0.001318428024,0.8958251817897233,2446.0
kreis_03157,dep_hour_share_other_22,0.005148474713692105,0.0,0.5148474713692105,2446.0
kreis_03157,dep_hour_share_other_23,0.0030607074085334954,0.0,0.30607074085334957,2446.0
kreis_03157,dep_hour_share_other_4,0.001054018445322793,0.0,0.10540184453227931,2446.0
kreis_03157,dep_hour_share_other_5,0.00271612445525489,0.0,0.271612445525489,2446.0
kreis_03157,dep_hour_share_other_6,0.018039931083409344,0.006424926355,1.1615004728409346,2446.0
kreis_03157,dep_hour_share_other_7,0.07061923583662714,0.04588633064,2.4732905196627146,2446.0
kreis_03157,dep_hour_share_other_8,0.0897739941218202,0.101739951,-1.1965956878179793,2446.0
kreis_03157,dep_hour_share_other_9,0.08843620147967975,0.08723176686,0.12044346196797423,2446.0
kreis_03157,dep_hour_share_shop_10,0.1212474933405166,0.09878747672,2.2460016620516594,2446.0
kreis_03157,dep_hour_share_shop_11,0.09718356229984138,0.08513403848,1.2049523819841381,2446.0
kreis_03157,dep_hour_share_shop_12,0.07276046810930532,0.1066141196,-3.3853651490694676,2446.0
kreis_03157,dep_hour_share_shop_13,0.05998024602675765,0.05232446615,0.7655779876757653,2446.0
kreis_03157,dep_hour_share_shop_14,0.07790847325731047,0.08709761272,-0.9189139462689524,2446.0
kreis_03157,dep_hour_share_shop_15,0.10598305947143156,0.1078695233,-0.1886463828568441,2446.0
kreis_03157,dep_hour_share_shop_16,0.09260423213911587,0.1170282527,-2.4424020560884134,2446.0
kreis_03157,dep_hour_share_shop_17,0.06988716291041873,0.08633566781,-1.6448504899581273,2446.0
kreis_03157,dep_hour_share_shop_18,0.04232139115860046,0.04407355299,-0.17521618313995416,2446.0
kreis_03157,dep_hour_share_shop_19,0.011373499745592769,0.007665948329,0.37075514165927687,2446.0
kreis_03157,dep_hour_share_shop_20,0.0052677261979587565,0.006720398303,-0.14526721050412433,2446.0
kreis_03157,dep_hour_share_shop_21,0.0017658854868157193,0.0,0.17658854868157192,2446.0
kreis_03157,dep_hour_share_shop_22,0.0014067223369548952,0.0,0.1406722336954895,2446.0
kreis_03157,dep_hour_share_shop_23,0.0006883960372332465,0.0,0.06883960372332465,2446.0
kreis_03157,dep_hour_share_shop_4,0.00011972104995360809,0.0,0.011972104995360808,2446.0
kreis_03157,dep_hour_share_shop_5,0.0008380473496752566,0.0,0.08380473496752566,2446.0
kreis_03157,dep_hour_share_shop_6,0.009637544521265452,0.004202694124,0.5434850397265452,2446.0
kreis_03157,dep_hour_share_shop_7,0.03810122414773578,0.02758049166,1.0520732487735778,2446.0
kreis_03157,dep_hour_share_shop_8,0.06910897608572027,0.05805903282,1.1049943265720266,2446.0
kreis_03157,dep_hour_share_shop_9,0.11879321181646763,0.1105067242,0.8286487616467622,2446.0
kreis_03157,dep_hour_share_work_10,0.027531807580727735,0.03349005889,-0.5958251309272266,2446.0
kreis_03157,dep_hour_share_work_11,0.026166593981683386,0.03219821615,-0.6031622168316615,2446.0
kreis_03157,dep_hour_share_work_12,0.0340165721761884,0.02400403544,1.0012536736188398,2446.0
kreis_03157,dep_hour_share_work_13,0.038472477673069265,0.04438396933,-0.5911491656930736,2446.0
kreis_03157,dep_hour_share_work_14,0.021786533684749428,0.01752233201,0.4264201674749429,2446.0
kreis_03157,dep_hour_share_work_15,0.02423254138303722,0.01002949914,1.420304224303722,2446.0
kreis_03157,dep_hour_share_work_16,0.014865659189594038,0.01039100778,0.4474651409594039,2446.0
kreis_03157,dep_hour_share_work_17,0.011130283092208803,0.0112437194,-0.011343630779119679,2446.0
kreis_03157,dep_hour_share_work_18,0.004607595896774683,0.01378795032,-0.9180354423225318,2446.0
kreis_03157,dep_hour_share_work_19,0.003185498397770151,0.0,0.3185498397770151,2446.0
kreis_03157,dep_hour_share_work_20,0.006010732095792487,0.002694522053,0.3316210042792487,2446.0
kreis_03157,dep_hour_share_work_21,0.0038491438973055994,0.01089474319,-0.7045599292694401,2446.0
kreis_03157,dep_hour_share_work_22,0.0007015680995089024,0.0,0.07015680995089024,2446.0
kreis_03157,dep_hour_share_work_23,0.0009859875993098086,0.0,0.09859875993098086,2446.0
kreis_03157,dep_hour_share_work_4,0.026659587781338288,0.01818388768,0.8475700101338288,2446.0
kreis_03157,dep_hour_share_work_5,0.12044217751569047,0.09817122256,2.2270954955690483,2446.0
kreis_03157,dep_hour_share_work_6,0.21035666205275033,0.1898237086,2.053295345275033,2446.0
kreis_03157,dep_hour_share_work_7,0.24217372343047838,0.3243751272,-8.220140376952163,2446.0
kreis_03157,dep_hour_share_work_8,0.11972164811619485,0.119425894,0.02957541161948407,2446.0
kreis_03157,dep_hour_share_work_9,0.04935626386545062,0.03607658411,1.3279679755450622,2446.0
kreis_03157,mean_work_activity_h,5.647290182895561,6.415477383,-0.768187200104439,2446.0
kreis_03157,mobility_rate,0.877449973593099,0.8212402024,5.6209771193099005,2446.0
kreis_03157,n_persons_unweighted,136328.0,2446.0,133882.0,2446.0
kreis_03157,n_persons_weighted,136328.0,104172.0,32156.0,2446.0
kreis_03157,n_work_activities_measured,52653.0,871.0,51782.0,2446.0
kreis_03157,nonhome_acts_per_mobile,2.1342490031014623,2.155588382,-0.021339378898537653,2446.0
kreis_03157,participation_education,0.19500029341001116,0.1901311055,0.4869187910011147,2446.0
kreis_03157,participation_escort,0.10474003873012147,0.1063565594,-0.1616520669878524,2446.0
kreis_03157,participation_home,0.877449973593099,0.8137540321,6.369594149309899,2446.0
kreis_03157,participation_leisure,0.3678334604776715,0.3722657309,-0.4432270422328466,2446.0
kreis_03157,participation_other,0.25951381961152514,0.1664957087,9.301811091152516,2446.0
kreis_03157,participation_shop,0.2062599025878763,0.2322507851,-2.5990882512123696,2446.0
kreis_03157,participation_work,0.30312188251863154,0.3164269236,-1.3305041081368485,2446.0
kreis_03157,purpose_share_education,0.07685891707339429,0.06415113977,1.2707777303394285,2446.0
kreis_03157,purpose_share_escort,0.05194656401090717,0.05521754869,-0.3270984679092828,2446.0
kreis_03157,purpose_share_home,0.4149973648633166,0.430629673,-1.563230813668337,2446.0
kreis_03157,purpose_share_leisure,0.14574368140051785,0.1663083762,-2.0564694799482144,2446.0
kreis_03157,purpose_share_other,0.113047363717605,0.07017784179,4.2869521927605,2446.0
kreis_03157,purpose_share_shop,0.07655874063380766,0.09305182129,-1.6493080656192345,2446.0
kreis_03157,purpose_share_work,0.12084736830045141,0.1204635993,0.03837690004514088,2446.0
kreis_03157,share_mobile_first_from_home,1.0,0.9810117436,1.8988256400000014,2446.0
kreis_03157,share_mobile_last_to_home,1.0,0.9814461412,1.8553858800000045,2446.0
kreis_03157,share_mobile_odd_trip_count,0.2921059011377601,0.2207371556,7.136874553776007,2446.0
kreis_03157,share_trips_0,0.122550026406901,0.1787597976,-5.620977119309899,2446.0
kreis_03157,share_trips_1,0.0009462472859573969,0.008836270712,-0.7890023426042604,2446.0
kreis_03157,share_trips_2,0.34626782465817735,0.3141973457,3.207047895817733,2446.0
kreis_03157,share_trips_3,0.12186784813097823,0.06668096858,5.518687955097823,2446.0
kreis_03157,share_trips_4,0.1773370107388064,0.2130226015,-3.5685590761193597,2446.0
kreis_03157,share_trips_5,0.09573235138782936,0.06327543051,3.2456920877829365,2446.0
kreis_03157,share_trips_6,0.06690481779238308,0.08170331607,-1.4798498277616923,2446.0
kreis_03157,share_trips_7,0.029436359368581657,0.02678843864,0.26479207285816586,2446.0
kreis_03157,share_trips_8plus,0.03895751423038554,0.04673583062,-0.7778316389614459,2446.0
kreis_03157,share_trips_followed_by_same_purpose,0.10628995669210146,0.04319098711,6.309896958210145,2446.0
kreis_03157,share_trips_home_based,0.8070392520794666,0.8605857712,-5.354651912053344,2446.0
kreis_03157,share_trips_unknown_purpose,0.0,0.0006487918246,-0.06487918245999999,2446.0
kreis_03157,share_work_activities_lt_2h,0.2019068239226635,0.1186540761,8.325274782266348,2446.0
kreis_03157,tours_per_mobile,1.5140234574196838,1.628471052,-0.11444759458031628,2446.0
kreis_03157,trips_per_mobile_person,3.648272460521146,3.784059434,-0.13578697347885393,2446.0
kreis_03157,trips_per_person,3.20117657414471,3.107621736,0.09355483814470977,2446.0
kreis_03157,trips_per_person_education,0.24603896484948065,0.1992281348,0.04681083004948064,2446.0
kreis_03157,trips_per_person_escort,0.1662901238190247,0.1714839249,-0.005193801080975308,2446.0
kreis_03157,trips_per_person_home,1.328479842732234,1.337365896,-0.008886053267766147,2446.0
kreis_03157,trips_per_person_leisure,0.4665512587289478,0.5164882138,-0.04993695507105217,2446.0
kreis_03157,trips_per_person_other,0.36188457250161377,0.217944694,0.14393987850161377,2446.0
kreis_03157,trips_per_person_shop,0.2450780470629658,0.2889822513,-0.0439042042370342,2446.0
kreis_03157,trips_per_person_work,0.38685376445044306,0.3741124209,0.01274134355044304,2446.0
kreis_03158,dep_hour_share_all_10,0.04404117093344444,0.05515405448,-1.111288354655556,1871.0
kreis_03158,dep_hour_share_all_11,0.0502188684680236,0.05128257631,-0.10637078419764023,1871.0
kreis_03158,dep_hour_share_all_12,0.05981204573862321,0.05721300189,0.2599043848623216,1871.0
kreis_03158,dep_hour_share_all_13,0.06694391720547917,0.07577047958,-0.8826562374520828,1871.0
kreis_03158,dep_hour_share_all_14,0.07441013533324074,0.06910079288,0.5309342453240745,1871.0
kreis_03158,dep_hour_share_all_15,0.08822894001820904,0.0945681824,-0.6339242381790968,1871.0
kreis_03158,dep_hour_share_all_16,0.09063623597672947,0.09813400199,-0.7497766013270526,1871.0
kreis_03158,dep_hour_share_all_17,0.07956164580857882,0.07468157096,0.48800748485788165,1871.0
kreis_03158,dep_hour_share_all_18,0.06364931664686306,0.06272519837,0.09241182768630618,1871.0
kreis_03158,dep_hour_share_all_19,0.0409471783713717,0.0362048663,0.4742312071371699,1871.0
kreis_03158,dep_hour_share_all_20,0.027280115632506725,0.02188639743,0.5393718202506725,1871.0
kreis_03158,dep_hour_share_all_21,0.020688342617882917,0.01357014316,0.7118199457882918,1871.0
kreis_03158,dep_hour_share_all_22,0.015120184765108612,0.006890193345,0.8229991420108612,1871.0
kreis_03158,dep_hour_share_all_23,0.007371057924273053,0.004613050967,0.27580069572730537,1871.0
kreis_03158,dep_hour_share_all_4,0.003544074605599535,0.003629293392,-0.008521878640046533,1871.0
kreis_03158,dep_hour_share_all_5,0.014976158511180037,0.01126620152,0.3709956991180038,1871.0
kreis_03158,dep_hour_share_all_6,0.04560745644491768,0.0406541143,0.49533421449176745,1871.0
kreis_03158,dep_hour_share_all_7,0.0880926294564552,0.1039640148,-1.5871385343544806,1871.0
kreis_03158,dep_hour_share_all_8,0.05938253887422908,0.06412901048,-0.47464716057709216,1871.0
kreis_03158,dep_hour_share_all_9,0.048418540293916436,0.05243075416,-0.40122138660835666,1871.0
kreis_03158,dep_hour_share_education_10,0.011447589788603614,0.002660874358,0.8786715430603614,1871.0
kreis_03158,dep_hour_share_education_11,0.032148343208251044,0.00987711508,2.2271228128251046,1871.0
kreis_03158,dep_hour_share_education_12,0.021285933728330042,0.00972202424,1.1563909488330042,1871.0
kreis_03158,dep_hour_share_education_13,0.028308097432521395,0.03807245213,-0.9764354697478602,1871.0
kreis_03158,dep_hour_share_education_14,0.023992392655987127,0.009916532512,1.4075860143987127,1871.0
kreis_03158,dep_hour_share_education_15,0.04304732645746471,0.02757460069,1.547272576746471,1871.0
kreis_03158,dep_hour_share_education_16,0.019237802647940897,0.01405167733,0.5186125317940897,1871.0
kreis_03158,dep_hour_share_education_17,0.010240655401945725,0.004867861149,0.5372794252945724,1871.0
kreis_03158,dep_hour_share_education_18,0.003145344159169044,0.0,0.3145344159169044,1871.0
kreis_03158,dep_hour_share_education_19,0.004937458854509546,0.0,0.4937458854509546,1871.0
kreis_03158,dep_hour_share_education_20,0.000365737692926633,0.0,0.0365737692926633,1871.0
kreis_03158,dep_hour_share_education_21,0.0,0.0,0.0,1871.0
kreis_03158,dep_hour_share_education_22,7.31475385853266e-05,0.0,0.00731475385853266,1871.0
kreis_03158,dep_hour_share_education_23,3.65737692926633e-05,0.0,0.00365737692926633,1871.0
kreis_03158,dep_hour_share_education_4,0.0005486065393899496,0.0,0.05486065393899496,1871.0
kreis_03158,dep_hour_share_education_5,0.0035842293906810036,0.0,0.35842293906810035,1871.0
kreis_03158,dep_hour_share_education_6,0.17511520737327188,0.08214585943,9.29693479432719,1871.0
kreis_03158,dep_hour_share_education_7,0.4665350010972131,0.6373170409,-17.07820398027869,1871.0
kreis_03158,dep_hour_share_education_8,0.12844707775583353,0.110496553,1.795052475583353,1871.0
kreis_03158,dep_hour_share_education_9,0.026186818813546925,0.05329740919,-2.7110590376453074,1871.0
kreis_03158,dep_hour_share_escort_10,0.01621048378951621,0.02741296507,-1.120248128048379,1871.0
kreis_03158,dep_hour_share_escort_11,0.03444096555903444,0.02080495752,1.363600803903444,1871.0
kreis_03158,dep_hour_share_escort_12,0.052772447227552775,0.05321798475,-0.044553752244722716,1871.0
kreis_03158,dep_hour_share_escort_13,0.07327542672457328,0.09225923392,-1.898380719542672,1871.0
kreis_03158,dep_hour_share_escort_14,0.135996364003636,0.102593244,3.340312000363599,1871.0
kreis_03158,dep_hour_share_escort_15,0.1215028784971215,0.1687602819,-4.7257403402878495,1871.0
kreis_03158,dep_hour_share_escort_16,0.11014038985961014,0.04451623652,6.562415333961013,1871.0
kreis_03158,dep_hour_share_escort_17,0.055701444298555704,0.03453654203,2.1164902268555705,1871.0
kreis_03158,dep_hour_share_escort_18,0.040147459852540146,0.03517520488,0.49722549725401477,1871.0
kreis_03158,dep_hour_share_escort_19,0.01605898394101606,0.007376827986,0.868215595501606,1871.0
kreis_03158,dep_hour_share_escort_20,0.006716493283506717,0.002614832101,0.4101661182506717,1871.0
kreis_03158,dep_hour_share_escort_21,0.016765983234016766,0.0,1.6765983234016766,1871.0
kreis_03158,dep_hour_share_escort_22,0.0029794970205029793,0.001096139809,0.18833572115029795,1871.0
kreis_03158,dep_hour_share_escort_23,0.0025754974245025754,0.0,0.2575497424502575,1871.0
kreis_03158,dep_hour_share_escort_4,0.0006564993435006565,0.0,0.06564993435006565,1871.0
kreis_03158,dep_hour_share_escort_5,0.0012624987375012625,0.0,0.12624987375012625,1871.0
kreis_03158,dep_hour_share_escort_6,0.03534996465003535,0.03150092254,0.3849042110035353,1871.0
kreis_03158,dep_hour_share_escort_7,0.1598828401171599,0.2425382786,-8.26554384828401,1871.0
kreis_03158,dep_hour_share_escort_8,0.09261690738309261,0.1043624275,-1.1745520116907382,1871.0
kreis_03158,dep_hour_share_escort_9,0.02237147762852237,0.03123392086,-0.886244323147763,1871.0
kreis_03158,dep_hour_share_home_10,0.033484325301055703,0.04367232834,-1.0188003038944293,1871.0
kreis_03158,dep_hour_share_home_11,0.04945605762447555,0.05756872897,-0.8112671345524445,1871.0
kreis_03158,dep_hour_share_home_12,0.07226574586319137,0.07114544741,0.11202984531913651,1871.0
kreis_03158,dep_hour_share_home_13,0.08147996881149519,0.08939421248,-0.7914243668504808,1871.0
kreis_03158,dep_hour_share_home_14,0.0808178319038602,0.08751906609,-0.6701234186139798,1871.0
kreis_03158,dep_hour_share_home_15,0.10337380413123924,0.1153993244,-1.202552026876076,1871.0
kreis_03158,dep_hour_share_home_16,0.11264990903352765,0.1205004999,-0.7850590866472357,1871.0
kreis_03158,dep_hour_share_home_17,0.10373271946434981,0.0867880434,1.6944676064349808,1871.0
kreis_03158,dep_hour_share_home_18,0.08881916855406627,0.09740646199,-0.8587293435933729,1871.0
kreis_03158,dep_hour_share_home_19,0.05927053552642978,0.05202318318,0.724735234642978,1871.0
kreis_03158,dep_hour_share_home_20,0.050031559796532135,0.03821740242,1.1814157376532137,1871.0
kreis_03158,dep_hour_share_home_21,0.03924553521702001,0.02671837785,1.2527157367020012,1871.0
kreis_03158,dep_hour_share_home_22,0.030687260980952733,0.01568993182,1.4997329160952735,1871.0
kreis_03158,dep_hour_share_home_23,0.01489498632408817,0.00638792609,0.850706023408817,1871.0
kreis_03158,dep_hour_share_home_4,0.00011138751717224223,0.0007734310221,-0.06620435049277577,1871.0
kreis_03158,dep_hour_share_home_5,0.0007178306662211166,0.00563800055,-0.4920169883778884,1871.0
kreis_03158,dep_hour_share_home_6,0.002326761469820171,0.007895271508,-0.5568510038179829,1871.0
kreis_03158,dep_hour_share_home_7,0.009956806396118763,0.01212239825,-0.21655918538812363,1871.0
kreis_03158,dep_hour_share_home_8,0.019511380091337766,0.03462856587,-1.5117185778662237,1871.0
kreis_03158,dep_hour_share_home_9,0.029969430314731618,0.02767257553,0.22968547847316173,1871.0
kreis_03158,dep_hour_share_leisure_10,0.04092654614319031,0.04393411535,-0.30075692068096893,1871.0
kreis_03158,dep_hour_share_leisure_11,0.03687597538094654,0.03413978358,0.2736191800946537,1871.0
kreis_03158,dep_hour_share_leisure_12,0.045696049378386436,0.0515817975,-0.5885748121613563,1871.0
kreis_03158,dep_hour_share_leisure_13,0.053691981272685825,0.06887164928,-1.5179668007314178,1871.0
kreis_03158,dep_hour_share_leisure_14,0.08825334478949307,0.05625050905,3.2002835739493065,1871.0
kreis_03158,dep_hour_share_leisure_15,0.10391204474916271,0.1167850565,-1.2873011750837284,1871.0
kreis_03158,dep_hour_share_leisure_16,0.1266022549930737,0.1247820193,0.1820235693073699,1871.0
kreis_03158,dep_hour_share_leisure_17,0.13622893615528942,0.1476739585,-1.1445022344710591,1871.0
kreis_03158,dep_hour_share_leisure_18,0.10345613635168073,0.0844457048,1.9010431551680738,1871.0
kreis_03158,dep_hour_share_leisure_19,0.0653001104701117,0.06485958293,0.04405275401116876,1871.0
kreis_03158,dep_hour_share_leisure_20,0.023794911360886566,0.0308634367,-0.7068525339113434,1871.0
kreis_03158,dep_hour_share_leisure_21,0.01139770993704957,0.01105487573,0.03428342070495704,1871.0
kreis_03158,dep_hour_share_leisure_22,0.00999491486787424,0.0005575326329,0.9437382234974241,1871.0
kreis_03158,dep_hour_share_leisure_23,0.0033316382892914134,0.003073118089,0.025852020029141318,1871.0
kreis_03158,dep_hour_share_leisure_4,0.00017534938364691647,0.004135896466,-0.39605470823530836,1871.0
kreis_03158,dep_hour_share_leisure_5,0.004401269529537604,0.005569946358,-0.11686768284623963,1871.0
kreis_03158,dep_hour_share_leisure_6,0.015132651808728892,0.01499059211,0.014205969872889239,1871.0
kreis_03158,dep_hour_share_leisure_7,0.023426677655228042,0.02605144068,-0.2624763024771958,1871.0
kreis_03158,dep_hour_share_leisure_8,0.04995703940100651,0.05167739811,-0.1720358708993494,1871.0
kreis_03158,dep_hour_share_leisure_9,0.05262235003243963,0.05842583073,-0.580348069756037,1871.0
kreis_03158,dep_hour_share_other_10,0.08488188976377953,0.1599726669,-7.509077713622048,1871.0
kreis_03158,dep_hour_share_other_11,0.08695163104611923,0.07557085747,1.1380773576119232,1871.0
kreis_03158,dep_hour_share_other_12,0.06778402699662542,0.03858206384,2.9201963156625417,1871.0
kreis_03158,dep_hour_share_other_13,0.07748031496062992,0.07530674409,0.2173570870629915,1871.0
kreis_03158,dep_hour_share_other_14,0.08602924634420697,0.08053868999,0.5490556354206977,1871.0
kreis_03158,dep_hour_share_other_15,0.08726659167604049,0.0852189803,0.20476113760404951,1871.0
kreis_03158,dep_hour_share_other_16,0.08611923509561305,0.09817349272,-1.2054257624386957,1871.0
kreis_03158,dep_hour_share_other_17,0.05516310461192351,0.04801915574,0.714394887192351,1871.0
kreis_03158,dep_hour_share_other_18,0.04191226096737908,0.01484022095,2.707204001737908,1871.0
kreis_03158,dep_hour_share_other_19,0.03300337457817773,0.0009990018478,3.200437273037773,1871.0
kreis_03158,dep_hour_share_other_20,0.015365579302587177,0.000445981966,1.4919597336587176,1871.0
kreis_03158,dep_hour_share_other_21,0.010843644544431945,0.003042066317,0.7801578227431945,1871.0
kreis_03158,dep_hour_share_other_22,0.004679415073115861,0.0,0.46794150731158607,1871.0
kreis_03158,dep_hour_share_other_23,0.003667041619797525,0.0,0.36670416197975253,1871.0
kreis_03158,dep_hour_share_other_4,0.0012598425196850393,0.0,0.12598425196850394,1871.0
kreis_03158,dep_hour_share_other_5,0.0015973003374578178,0.002421446838,-0.08241465005421822,1871.0
kreis_03158,dep_hour_share_other_6,0.018537682789651292,0.01059897521,0.7938707579651292,1871.0
kreis_03158,dep_hour_share_other_7,0.06672665916760405,0.07230242952,-0.5575770352395953,1871.0
kreis_03158,dep_hour_share_other_8,0.07361079865016873,0.1147094796,-4.109868094983127,1871.0
kreis_03158,dep_hour_share_other_9,0.0900562429696288,0.1192577466,-2.9201503630371204,1871.0
kreis_03158,dep_hour_share_shop_10,0.11463146314631463,0.1219647016,-0.7333238453685373,1871.0
kreis_03158,dep_hour_share_shop_11,0.08964325003928965,0.1097824358,-2.0139185760710347,1871.0
kreis_03158,dep_hour_share_shop_12,0.08866886688668867,0.06949173784,1.9177129046688668,1871.0
kreis_03158,dep_hour_share_shop_13,0.0644978783592645,0.08454214989,-2.00442715307355,1871.0
kreis_03158,dep_hour_share_shop_14,0.08137670909948137,0.06957981999,1.1796889109481374,1871.0
kreis_03158,dep_hour_share_shop_15,0.10397611189690398,0.07121066525,3.2765446646903977,1871.0
kreis_03158,dep_hour_share_shop_16,0.08433129027188434,0.1397555875,-5.542429722811566,1871.0
kreis_03158,dep_hour_share_shop_17,0.06666666666666667,0.07355867656,-0.6892009893333328,1871.0
kreis_03158,dep_hour_share_shop_18,0.04563884959924564,0.04277831041,0.2860539189245642,1871.0
kreis_03158,dep_hour_share_shop_19,0.01713028445701713,0.03085819852,-1.3727914062982869,1871.0
kreis_03158,dep_hour_share_shop_20,0.0044633034732044635,0.006191894785,-0.17285913117955362,1871.0
kreis_03158,dep_hour_share_shop_21,0.002765990884802766,0.0,0.2765990884802766,1871.0
kreis_03158,dep_hour_share_shop_22,0.0017601760176017601,0.0,0.176017601760176,1871.0
kreis_03158,dep_hour_share_shop_23,0.0005972025774005972,0.0,0.05972025774005972,1871.0
kreis_03158,dep_hour_share_shop_4,0.00025145371680025143,0.0,0.025145371680025144,1871.0
kreis_03158,dep_hour_share_shop_5,0.0008800880088008801,0.0,0.088008800880088,1871.0
kreis_03158,dep_hour_share_shop_6,0.008046518937608046,0.008862747522,-0.08162285843919537,1871.0
kreis_03158,dep_hour_share_shop_7,0.03476347634763476,0.03514281976,-0.037934341236523644,1871.0
kreis_03158,dep_hour_share_shop_8,0.07656765676567656,0.0437058696,3.286178716567656,1871.0
kreis_03158,dep_hour_share_shop_9,0.11126826968411127,0.0925743851,1.8693884584111267,1871.0
kreis_03158,dep_hour_share_work_10,0.02832285921935787,0.02641494861,0.19079106093578718,1871.0
kreis_03158,dep_hour_share_work_11,0.024646231456543113,0.01660022885,0.8046002606543114,1871.0
kreis_03158,dep_hour_share_work_12,0.0322987473814715,0.04021213059,-0.7913383208528496,1871.0
kreis_03158,dep_hour_share_work_13,0.044440169295883035,0.04043885205,0.4001317245883034,1871.0
kreis_03158,dep_hour_share_work_14,0.02302167500320636,0.025826721,-0.280504599679364,1871.0
kreis_03158,dep_hour_share_work_15,0.01932367149758454,0.01949787229,-0.0174200792415459,1871.0
kreis_03158,dep_hour_share_work_16,0.012804069941430464,0.01095984865,0.18442212914304648,1871.0
kreis_03158,dep_hour_share_work_17,0.009554957034756957,0.006489062176,0.30658948587569573,1871.0
kreis_03158,dep_hour_share_work_18,0.006391347099311701,0.004155481623,0.2235865476311701,1871.0
kreis_03158,dep_hour_share_work_19,0.003291864392287632,0.0,0.3291864392287632,1871.0
kreis_03158,dep_hour_share_work_20,0.004211021332991322,0.0006980929976,0.35129283353913215,1871.0
kreis_03158,dep_hour_share_work_21,0.003206361421059382,0.003611585871,-0.040522444994061824,1871.0
kreis_03158,dep_hour_share_work_22,0.0005343935701765636,0.001434930602,-0.09005370318234364,1871.0
kreis_03158,dep_hour_share_work_23,0.0007481509982471891,0.012066013,-1.1317862001752812,1871.0
kreis_03158,dep_hour_share_work_4,0.02689068445128468,0.02201327391,0.48774105412846824,1871.0
kreis_03158,dep_hour_share_work_5,0.11188063785216536,0.06533262306,4.654801479216536,1871.0
kreis_03158,dep_hour_share_work_6,0.21217562310290283,0.2199542112,-0.7778588097097167,1871.0
kreis_03158,dep_hour_share_work_7,0.24182377837629856,0.2789355718,-3.711179342370144,1871.0
kreis_03158,dep_hour_share_work_8,0.12895985635500834,0.1334530624,-0.4493206044991649,1871.0
kreis_03158,dep_hour_share_work_9,0.048736693600102604,0.0644253084,-1.5688614799897402,1871.0
kreis_03158,mean_work_activity_h,5.829277301927195,6.272497235,-0.4432199330728057,1871.0
kreis_03158,mobility_rate,0.9000195823010055,0.859850828,4.016875430100553,1871.0
kreis_03158,n_persons_unweighted,117453.0,1871.0,115582.0,1871.0
kreis_03158,n_persons_weighted,117453.0,67261.0,50192.0,1871.0
kreis_03158,n_work_activities_measured,46700.0,685.0,46015.0,1871.0
kreis_03158,nonhome_acts_per_mobile,2.1494655188723866,2.19084171,-0.04137619112761337,1871.0
kreis_03158,participation_education,0.18363941321209334,0.1783423675,0.5297045712093357,1871.0
kreis_03158,participation_escort,0.11103164670123368,0.1155273422,-0.4495695498766314,1871.0
kreis_03158,participation_home,0.9000195823010055,0.8509482999,4.907128240100556,1871.0
kreis_03158,participation_leisure,0.3805862770640171,0.3852013769,-0.46150998359829054,1871.0
kreis_03158,participation_other,0.26850740296118447,0.1813403823,8.716702066118447,1871.0
kreis_03158,participation_shop,0.22354473704375366,0.3003820177,-7.683728065624634,1871.0
kreis_03158,participation_work,0.32221399197977063,0.3336604347,-1.1446442720229377,1871.0
kreis_03158,purpose_share_education,0.0703208184806259,0.05991894387,1.0401874610625896,1871.0
kreis_03158,purpose_share_escort,0.05092871214810014,0.05721124417,-0.6282532021899865,1871.0
kreis_03158,purpose_share_home,0.41561347468481397,0.4209777963,-0.5364321615186018,1871.0
kreis_03158,purpose_share_leisure,0.1466727363445108,0.1581563002,-1.1483563855489183,1871.0
kreis_03158,purpose_share_other,0.11432083905580503,0.06567131097,4.8649528085805045,1871.0
kreis_03158,purpose_share_shop,0.08182491551317068,0.1180479127,-3.622299718682931,1871.0
kreis_03158,purpose_share_work,0.12031850377297347,0.1200164918,0.03020119729734705,1871.0
kreis_03158,share_mobile_first_from_home,1.0,0.981267738,1.8732262,1871.0
kreis_03158,share_mobile_last_to_home,1.0,0.9794394822,2.056051780000001,1871.0
kreis_03158,share_mobile_odd_trip_count,0.30076624728029516,0.2337599305,6.700631678029517,1871.0
kreis_03158,share_trips_0,0.09998041769899449,0.140149172,-4.01687543010055,1871.0
kreis_03158,share_trips_1,0.0006300392497424501,0.005121677129,-0.44916378792575495,1871.0
kreis_03158,share_trips_2,0.3218053178718296,0.3023557305,1.9449587371829613,1871.0
kreis_03158,share_trips_3,0.13836172766979132,0.0894352087,4.892651896979132,1871.0
kreis_03158,share_trips_4,0.2127659574468085,0.2458050449,-3.303908745319148,1871.0
kreis_03158,share_trips_5,0.09261576971214018,0.07536807732,1.7247692392140177,1871.0
kreis_03158,share_trips_6,0.06503878147003482,0.07578641606,-1.074763458996518,1871.0
kreis_03158,share_trips_7,0.030761240666479357,0.01798444424,1.2776796426479355,1871.0
kreis_03158,share_trips_8plus,0.03804074821417929,0.04799422912,-0.9953480905820711,1871.0
kreis_03158,share_trips_followed_by_same_purpose,0.10483568147565185,0.04154866765,6.328701382565185,1871.0
kreis_03158,share_trips_home_based,0.8081467421775741,0.8419643411,-3.381759892242586,1871.0
kreis_03158,share_trips_unknown_purpose,0.0,0.0005637387882,-0.05637387882,1871.0
kreis_03158,share_work_activities_lt_2h,0.18276231263383297,0.1171743165,6.558799613383297,1871.0
kreis_03158,tours_per_mobile,1.5286917037177183,1.59130017,-0.06260846628228167,1871.0
kreis_03158,trips_per_mobile_person,3.678157222590105,3.782141881,-0.10398465840989468,1871.0
kreis_03158,trips_per_person,3.310413527112973,3.252077828,0.05833569911297287,1871.0
kreis_03158,trips_per_person_education,0.2327909887359199,0.1947512181,0.0380397706359199,1871.0
kreis_03158,trips_per_person_escort,0.1685950976135135,0.185950532,-0.017355434386486512,1871.0
kreis_03158,trips_per_person_home,1.3758524686470333,1.368280769,0.007571699647033192,1871.0
kreis_03158,trips_per_person_leisure,0.4855474104535431,0.5140466457,-0.028499235246456922,1871.0
kreis_03158,trips_per_person_other,0.378449252041242,0.2134478176,0.16500143444124202,1871.0
kreis_03158,trips_per_person_shop,0.27087430716967636,0.3836845796,-0.11281027243032365,1871.0
kreis_03158,trips_per_person_work,0.39830400245204467,0.3900829432,0.008221059252044693,1871.0
