segment,metric,model,srv,delta_pp,n_srv
age_0-5,dep_hour_share_all_10,0.0194507585116371,0.03927904023,-1.9828281718362901,1081
age_0-5,dep_hour_share_all_11,0.027943865197410683,0.04226813044,-1.432426524258932,1081
age_0-5,dep_hour_share_all_12,0.048784404803083464,0.03748043204,1.1303972763083467,1081
age_0-5,dep_hour_share_all_13,0.06834016899738103,0.05527771632,1.306245267738103,1081
age_0-5,dep_hour_share_all_14,0.0864505608538815,0.1203613924,-3.39108315461185,1081
age_0-5,dep_hour_share_all_15,0.13273335968770075,0.1388659157,-0.6132556012299256,1081
age_0-5,dep_hour_share_all_16,0.12285047190789149,0.1040704872,1.8779984707891482,1081
age_0-5,dep_hour_share_all_17,0.08060112664920689,0.0875289599,-0.6927833250793103,1081
age_0-5,dep_hour_share_all_18,0.053299649157483815,0.04142940511,1.1870244047483818,1081
age_0-5,dep_hour_share_all_19,0.023076542965854624,0.008109154422,1.4967388543854625,1081
age_0-5,dep_hour_share_all_20,0.009858180560359737,0.004198027095,0.5660153465359737,1081
age_0-5,dep_hour_share_all_21,0.006287987349903642,0.001025825513,0.5262161836903642,1081
age_0-5,dep_hour_share_all_22,0.0039593319167860845,0.0,0.39593319167860846,1081
age_0-5,dep_hour_share_all_23,0.0010438800217423532,0.0,0.10438800217423533,1081
age_0-5,dep_hour_share_all_4,0.00016059692642190048,0.0,0.016059692642190048,1081
age_0-5,dep_hour_share_all_5,0.0017542125809161437,0.0,0.17542125809161438,1081
age_0-5,dep_hour_share_all_6,0.0340465484014429,0.004651560907,2.93949874944429,1081
age_0-5,dep_hour_share_all_7,0.14694001087117656,0.1546271582,-0.7687147328823446,1081
age_0-5,dep_hour_share_all_8,0.10173815288827395,0.1249925596,-2.3254406711726046,1081
age_0-5,dep_hour_share_all_9,0.029951326777684438,0.03583423487,-0.5882908092315564,1081
age_0-5,dep_hour_share_education_10,0.0110069635892095,0.01012151758,0.0885446009209501,1081
age_0-5,dep_hour_share_education_11,0.009761277542935326,0.003528773684,0.6232503858935325,1081
age_0-5,dep_hour_share_education_12,0.01770507872327391,0.002992244809,1.4712833914273908,1081
age_0-5,dep_hour_share_education_13,0.025342563662725397,0.003951932875,2.1390630787725398,1081
age_0-5,dep_hour_share_education_14,0.03926974208172517,0.005629101725,3.364064035672517,1081
age_0-5,dep_hour_share_education_15,0.05311523616982172,0.01484007092,3.8275165249821717,1081
age_0-5,dep_hour_share_education_16,0.02095203087667708,0.003396129473,1.755590140367708,1081
age_0-5,dep_hour_share_education_17,0.012681492372725601,0.0,1.26814923727256,1081
age_0-5,dep_hour_share_education_18,0.005186955012354755,0.0,0.5186955012354755,1081
age_0-5,dep_hour_share_education_19,0.00236884559619351,0.0,0.236884559619351,1081
age_0-5,dep_hour_share_education_20,8.168433090322448e-05,0.0,0.008168433090322448,1081
age_0-5,dep_hour_share_education_21,2.042108272580612e-05,0.0,0.002042108272580612,1081
age_0-5,dep_hour_share_education_22,2.042108272580612e-05,0.0,0.002042108272580612,1081
age_0-5,dep_hour_share_education_23,0.0,0.0,0.0,1081
age_0-5,dep_hour_share_education_4,0.0004492638199677347,0.0,0.04492638199677347,1081
age_0-5,dep_hour_share_education_5,0.00563621883232249,0.0,0.5636218832322489,1081
age_0-5,dep_hour_share_education_6,0.0914047662807082,0.01423413437,7.717063191070821,1081
age_0-5,dep_hour_share_education_7,0.3946986869243807,0.5557846062,-16.108591927561932,1081
age_0-5,dep_hour_share_education_8,0.28125957238252774,0.3598748049,-7.861523251747227,1081
age_0-5,dep_hour_share_education_9,0.028936674222467276,0.02564668343,0.32899907924672755,1081
age_0-5,dep_hour_share_escort_10,0.0006562756357670221,0.007567602011,-0.6911326375232978,1081
age_0-5,dep_hour_share_escort_11,0.02936833470057424,0.0223770094,0.6991325300574238,1081
age_0-5,dep_hour_share_escort_12,0.04692370795734208,0.03126627875,1.5657429207342082,1081
age_0-5,dep_hour_share_escort_13,0.06398687448728466,0.1163807025,-5.239382801271534,1081
age_0-5,dep_hour_share_escort_14,0.02493847415914684,0.08807880457,-6.314033041085317,1081
age_0-5,dep_hour_share_escort_15,0.0564397046759639,0.1710638512,-11.462414652403611,1081
age_0-5,dep_hour_share_escort_16,0.13256767842493847,0.05859278952,7.397488890493848,1081
age_0-5,dep_hour_share_escort_17,0.004593929450369155,0.04664377303,-4.204984357963085,1081
age_0-5,dep_hour_share_escort_18,0.006070549630844955,0.009686457866,-0.3615908235155045,1081
age_0-5,dep_hour_share_escort_19,0.0026251025430680886,0.004172965036,-0.15478624929319112,1081
age_0-5,dep_hour_share_escort_20,0.0009844134536505333,0.0,0.09844134536505333,1081
age_0-5,dep_hour_share_escort_21,0.00032813781788351107,0.0,0.03281378178835111,1081
age_0-5,dep_hour_share_escort_22,0.00016406890894175554,0.0,0.016406890894175553,1081
age_0-5,dep_hour_share_escort_23,0.0,0.0,0.0,1081
age_0-5,dep_hour_share_escort_4,0.0,0.0,0.0,1081
age_0-5,dep_hour_share_escort_5,0.0,0.0,0.0,1081
age_0-5,dep_hour_share_escort_6,0.06152584085315833,0.01247177688,4.905406397315833,1081
age_0-5,dep_hour_share_escort_7,0.40902378999179656,0.2677369862,14.128680379179654,1081
age_0-5,dep_hour_share_escort_8,0.12551271534044298,0.163961003,-3.8448287659557017,1081
age_0-5,dep_hour_share_escort_9,0.034290401968826906,0.0,3.4290401968826907,1081
age_0-5,dep_hour_share_home_10,0.01919261686775317,0.03036516751,-1.1172550642246828,1081
age_0-5,dep_hour_share_home_11,0.030816935353505666,0.06912766921,-3.831073385649434,1081
age_0-5,dep_hour_share_home_12,0.07668229312093112,0.06231455668,1.4367736440931125,1081
age_0-5,dep_hour_share_home_13,0.09844666186606316,0.08337989217,1.5066769696063158,1081
age_0-5,dep_hour_share_home_14,0.11912354696018929,0.1755057383,-5.638219133981071,1081
age_0-5,dep_hour_share_home_15,0.15792026099607623,0.1502221188,0.769814219607623,1081
age_0-5,dep_hour_share_home_16,0.16795744118036063,0.1144395176,5.351792358036063,1081
age_0-5,dep_hour_share_home_17,0.12273869531353329,0.1461544406,-2.34157452864667,1081
age_0-5,dep_hour_share_home_18,0.09829970461592723,0.08334545138,1.4954253235927224,1081
age_0-5,dep_hour_share_home_19,0.04327891016503299,0.0140982489,2.918066126503299,1081
age_0-5,dep_hour_share_home_20,0.018751745117345363,0.009415860686,0.9335884431345363,1081
age_0-5,dep_hour_share_home_21,0.01454876776345761,0.002372423523,1.217634424045761,1081
age_0-5,dep_hour_share_home_22,0.009126045233441592,0.0,0.9126045233441592,1081
age_0-5,dep_hour_share_home_23,0.0024688818022837156,0.0,0.24688818022837156,1081
age_0-5,dep_hour_share_home_4,0.0,0.0,0.0,1081
age_0-5,dep_hour_share_home_5,1.4695725013593546e-05,0.0,0.0014695725013593546,1081
age_0-5,dep_hour_share_home_6,2.9391450027187092e-05,0.0005671905054,-0.05377990553728129,1081
age_0-5,dep_hour_share_home_7,0.000646611900598116,0.006578514549,-0.5931902648401883,1081
age_0-5,dep_hour_share_home_8,0.004129498728819786,0.03081316199,-2.6683663261180213,1081
age_0-5,dep_hour_share_home_9,0.014181374638117772,0.02130004765,-0.7118673011882228,1081
age_0-5,dep_hour_share_leisure_10,0.02302873986735446,0.08134889579,-5.832015592264554,1081
age_0-5,dep_hour_share_leisure_11,0.007553426676492263,0.02061085804,-1.3057431363507737,1081
age_0-5,dep_hour_share_leisure_12,0.02712785556374355,0.02430667608,0.2821179483743552,1081
age_0-5,dep_hour_share_leisure_13,0.0940493736182756,0.04430382513,4.97455484882756,1081
age_0-5,dep_hour_share_leisure_14,0.11219602063375092,0.1588733201,-4.667729946624907,1081
age_0-5,dep_hour_share_leisure_15,0.27505526897568167,0.2605382913,1.4516977675681664,1081
age_0-5,dep_hour_share_leisure_16,0.18095983787767134,0.2068195166,-2.5859678722328665,1081
age_0-5,dep_hour_share_leisure_17,0.11509764185703758,0.05597247131,5.912517054703758,1081
age_0-5,dep_hour_share_leisure_18,0.061026160648489314,0.0167333378,4.429282284848932,1081
age_0-5,dep_hour_share_leisure_19,0.023673544583640384,0.00559432099,1.8079223593640386,1081
age_0-5,dep_hour_share_leisure_20,0.0123894620486367,0.0008138555409,1.1575606507736698,1081
age_0-5,dep_hour_share_leisure_21,0.0007829771554900516,0.0,0.07829771554900516,1081
age_0-5,dep_hour_share_leisure_22,0.0006448047162859248,0.0,0.06448047162859248,1081
age_0-5,dep_hour_share_leisure_23,4.605747973470892e-05,0.0,0.004605747973470892,1081
age_0-5,dep_hour_share_leisure_4,0.0,0.0,0.0,1081
age_0-5,dep_hour_share_leisure_5,9.211495946941784e-05,0.0,0.009211495946941784,1081
age_0-5,dep_hour_share_leisure_6,0.0002302873986735446,0.001575982468,-0.13456950693264555,1081
age_0-5,dep_hour_share_leisure_7,0.0008290346352247605,0.005751872642,-0.492283800677524,1081
age_0-5,dep_hour_share_leisure_8,0.03145725865880619,0.03813793091,-0.6680672251193808,1081
age_0-5,dep_hour_share_leisure_9,0.03376013264554164,0.07861884525,-4.485871260445836,1081
age_0-5,dep_hour_share_other_10,0.03032371294851794,0.08878535176,-5.846163881148207,1081
age_0-5,dep_hour_share_other_11,0.09740639625585024,0.03749729285,5.990910340585024,1081
age_0-5,dep_hour_share_other_12,0.06542511700468019,0.01596237387,4.9462743134680185,1081
age_0-5,dep_hour_share_other_13,0.051969578783151324,0.02291171688,2.9057861903151325,1081
age_0-5,dep_hour_share_other_14,0.0904836193447738,0.2023591065,-11.18754871552262,1081
age_0-5,dep_hour_share_other_15,0.11427457098283932,0.1510125408,-3.6737969817160696,1081
age_0-5,dep_hour_share_other_16,0.19715288611544463,0.1092854049,8.786748121544463,1081
age_0-5,dep_hour_share_other_17,0.12090483619344773,0.07842442186,4.248041433344774,1081
age_0-5,dep_hour_share_other_18,0.02096333853354134,0.0,2.096333853354134,1081
age_0-5,dep_hour_share_other_19,0.014138065522620905,0.0,1.4138065522620904,1081
age_0-5,dep_hour_share_other_20,0.0039976599063962556,0.0,0.39976599063962553,1081
age_0-5,dep_hour_share_other_21,0.00078003120124805,0.0,0.078003120124805,1081
age_0-5,dep_hour_share_other_22,0.000390015600624025,0.0,0.0390015600624025,1081
age_0-5,dep_hour_share_other_23,0.0,0.0,0.0,1081
age_0-5,dep_hour_share_other_4,0.000390015600624025,0.0,0.0390015600624025,1081
age_0-5,dep_hour_share_other_5,0.000390015600624025,0.0,0.0390015600624025,1081
age_0-5,dep_hour_share_other_6,0.018038221528861153,0.0,1.8038221528861154,1081
age_0-5,dep_hour_share_other_7,0.05128705148205928,0.03019949616,2.108755532205928,1081
age_0-5,dep_hour_share_other_8,0.040171606864274574,0.1501003408,-10.992873393572545,1081
age_0-5,dep_hour_share_other_9,0.0814157566302652,0.1134619536,-3.204619696973479,1081
age_0-5,dep_hour_share_shop_10,0.07794070768249921,0.0995957711,-2.1655063417500786,1081
age_0-5,dep_hour_share_shop_11,0.09674848581447243,0.07551405828,2.1234427534472426,1081
age_0-5,dep_hour_share_shop_12,0.04255658272234619,0.04665381932,-0.40972365976538055,1081
age_0-5,dep_hour_share_shop_13,0.025342684093082563,0.03537792038,-1.0035236286917433,1081
age_0-5,dep_hour_share_shop_14,0.07188396557220274,0.05718852869,1.4695436882202741,1081
age_0-5,dep_hour_share_shop_15,0.10312400382531081,0.1708411791,-6.771717527468918,1081
age_0-5,dep_hour_share_shop_16,0.10726809053235575,0.187467588,-8.019949746764423,1081
age_0-5,dep_hour_share_shop_17,0.04925087663372649,0.1315901505,-8.233927386627352,1081
age_0-5,dep_hour_share_shop_18,0.01737328657953459,0.03048643737,-1.3113150790465413,1081
age_0-5,dep_hour_share_shop_19,0.0,0.01229764952,-1.229764952,1081
age_0-5,dep_hour_share_shop_20,0.0,0.0,0.0,1081
age_0-5,dep_hour_share_shop_21,0.0,0.0,0.0,1081
age_0-5,dep_hour_share_shop_22,0.0,0.0,0.0,1081
age_0-5,dep_hour_share_shop_23,0.0,0.0,0.0,1081
age_0-5,dep_hour_share_shop_4,0.0,0.0,0.0,1081
age_0-5,dep_hour_share_shop_5,0.0,0.0,0.0,1081
age_0-5,dep_hour_share_shop_6,0.07443417277653809,0.0,7.4434172776538094,1081
age_0-5,dep_hour_share_shop_7,0.1582722346190628,0.03201851834,12.625371627906281,1081
age_0-5,dep_hour_share_shop_8,0.07236212942301562,0.0674913207,0.4870808723015624,1081
age_0-5,dep_hour_share_shop_9,0.10344277972585272,0.05347705871,4.996572101585272,1081
age_0-5,dep_hour_share_work_10,0.0,,,1081
age_0-5,dep_hour_share_work_11,0.0,,,1081
age_0-5,dep_hour_share_work_12,0.0,,,1081
age_0-5,dep_hour_share_work_13,0.0,,,1081
age_0-5,dep_hour_share_work_14,0.0,,,1081
age_0-5,dep_hour_share_work_15,0.01289134438305709,,,1081
age_0-5,dep_hour_share_work_16,0.003683241252302026,,,1081
age_0-5,dep_hour_share_work_17,0.0,,,1081
age_0-5,dep_hour_share_work_18,0.0,,,1081
age_0-5,dep_hour_share_work_19,0.0,,,1081
age_0-5,dep_hour_share_work_20,0.0,,,1081
age_0-5,dep_hour_share_work_21,0.0,,,1081
age_0-5,dep_hour_share_work_22,0.0,,,1081
age_0-5,dep_hour_share_work_23,0.0,,,1081
age_0-5,dep_hour_share_work_4,0.0,,,1081
age_0-5,dep_hour_share_work_5,0.001841620626151013,,,1081
age_0-5,dep_hour_share_work_6,0.003683241252302026,,,1081
age_0-5,dep_hour_share_work_7,0.712707182320442,,,1081
age_0-5,dep_hour_share_work_8,0.18968692449355432,,,1081
age_0-5,dep_hour_share_work_9,0.07550644567219153,,,1081
age_0-5,mean_work_activity_h,4.418508287292818,,,1081
age_0-5,mobility_rate,0.913228614685844,0.894369307,1.8859307685844096,1081
age_0-5,n_persons_unweighted,52840.0,1081.0,51759.0,1081
age_0-5,n_persons_weighted,52840.0,41866.19746,10973.802539999997,1081
age_0-5,n_work_activities_measured,543.0,0.0,543.0,1081
age_0-5,nonhome_acts_per_mobile,1.9448554553932236,1.849759997,0.09509545839322353,1081
age_0-5,participation_education,0.73444360333081,0.6558256021,7.861800123081009,1081
age_0-5,participation_escort,0.09102952308856926,0.131683716,-4.065419291143074,1081
age_0-5,participation_home,0.913228614685844,0.8872372133,2.5991401385843993,1081
age_0-5,participation_leisure,0.3531415594246783,0.3698573999,-1.6715840475321708,1081
age_0-5,participation_other,0.16233913701741104,0.1063940398,5.594509721741103,1081
age_0-5,participation_shop,0.10034065102195307,0.1736667987,-7.332614767804695,1081
age_0-5,participation_work,0.010257380772142317,0.0,1.0257380772142317,1081
age_0-5,purpose_share_education,0.3024719573059248,0.2316162448,7.085571250592479,1081
age_0-5,purpose_share_escort,0.0376476256362109,0.06858371484,-3.0936089203789106,1081
age_0-5,purpose_share_home,0.42031304047042545,0.4336017334,-1.3288692929574575,1081
age_0-5,purpose_share_leisure,0.13411078717201166,0.1552869692,-2.117618202798835,1081
age_0-5,purpose_share_other,0.06334931066857735,0.0414726107,2.187669996857735,1081
age_0-5,purpose_share_shop,0.03875327370657706,0.06943872705,-3.0685453343422937,1081
age_0-5,purpose_share_work,0.0033540050402727675,0.0,0.3354005040272767,1081
age_0-5,share_mobile_first_from_home,1.0,0.981573838,1.8426162000000024,1081
age_0-5,share_mobile_last_to_home,1.0,0.9913895519,0.8610448100000001,1081
age_0-5,share_mobile_odd_trip_count,0.22774841985286498,0.2665506923,-3.8802272447135024,1081
age_0-5,share_trips_0,0.08677138531415594,0.105630693,-1.8859307685844053,1081
age_0-5,share_trips_1,0.0,0.0007377866275,-0.07377866275,1081
age_0-5,share_trips_2,0.36667297501892504,0.384519259,-1.7846283981074962,1081
age_0-5,share_trips_3,0.13385692657077972,0.160445454,-2.658852742922027,1081
age_0-5,share_trips_4,0.27634367903103707,0.20986863,6.647504903103707,1081
age_0-5,share_trips_5,0.06722180166540499,0.05693658983,1.028521183540499,1081
age_0-5,share_trips_6,0.038171839515518544,0.05262935205,-1.4457512534481458,1081
age_0-5,share_trips_7,0.005696442089326268,0.0172978903,-1.1601448210673733,1081
age_0-5,share_trips_8plus,0.025264950794852383,0.01193434526,1.3330605534852384,1081
age_0-5,share_trips_followed_by_same_purpose,0.07930399762810693,0.019392394,5.991160362810692,1081
age_0-5,share_trips_home_based,0.8246590403715965,0.8641978859,-3.9538845528403477,1081
age_0-5,share_trips_unknown_purpose,0.0,0.0,0.0,1081
age_0-5,share_work_activities_lt_2h,0.014732965009208104,,,1081
age_0-5,tours_per_mobile,1.4101543881463061,1.416069201,-0.005914812853693885,1081
age_0-5,trips_per_mobile_person,3.3550098435395297,3.265829198,0.08918064553952965,1081
age_0-5,trips_per_person,3.063890991672975,2.920857397,0.14303359467297527,1081
age_0-5,trips_per_person_education,0.9267411052233157,0.6765180219,0.25022308332331566,1081
age_0-5,trips_per_person_escort,0.11534822104466314,0.2003232508,-0.08497502975533686,1081
age_0-5,trips_per_person_home,1.287793338380015,1.26648883,0.021304508380015186,1081
age_0-5,trips_per_person_leisure,0.4109008327024981,0.4535710926,-0.042670259897501894,1081
age_0-5,trips_per_person_other,0.19409538228614687,0.1211355817,0.07295980058614687,1081
age_0-5,trips_per_person_shop,0.11873580620741862,0.2028206195,-0.08408481329258137,1081
age_0-5,trips_per_person_work,0.010276305828917486,0.0,0.010276305828917486,1081
age_10-17,dep_hour_share_all_10,0.015301976505298602,0.00442174633,1.0880230175298602,1356
age_10-17,dep_hour_share_all_11,0.0231446561847572,0.01246946098,1.06751952047572,1356
age_10-17,dep_hour_share_all_12,0.06706282894873922,0.03513628026,3.192654868873922,1356
age_10-17,dep_hour_share_all_13,0.10244239880984628,0.1750913411,-7.264894229015371,1356
age_10-17,dep_hour_share_all_14,0.07801424350645292,0.06215947784,1.5854765666452921,1356
age_10-17,dep_hour_share_all_15,0.10358421296084078,0.1061258385,-0.2541625539159223,1356
age_10-17,dep_hour_share_all_16,0.07672657718288613,0.08023796321,-0.3511386027113872,1356
age_10-17,dep_hour_share_all_17,0.07737666115206547,0.0691471243,0.8229536852065469,1356
age_10-17,dep_hour_share_all_18,0.07187178343869416,0.06126578846,1.0605994978694162,1356
age_10-17,dep_hour_share_all_19,0.03142072517700203,0.04549539783,-1.4074672652997973,1356
age_10-17,dep_hour_share_all_20,0.029003746317232643,0.01792879994,1.1074946377232644,1356
age_10-17,dep_hour_share_all_21,0.015093616258766757,0.008667625887,0.6425990371766758,1356
age_10-17,dep_hour_share_all_22,0.009680417053869458,0.0009978874137,0.8682529640169457,1356
age_10-17,dep_hour_share_all_23,0.0029295450662377223,0.0,0.2929545066237722,1356
age_10-17,dep_hour_share_all_4,0.00021252745146248058,0.0,0.02125274514624806,1356
age_10-17,dep_hour_share_all_5,0.001325171167942526,0.0007003765575,0.062479461044252595,1356
age_10-17,dep_hour_share_all_6,0.07504302639090883,0.04466560956,3.037741683090883,1356
age_10-17,dep_hour_share_all_7,0.1687509636661402,0.24253221,-7.37812463338598,1356
age_10-17,dep_hour_share_all_8,0.027903604215544508,0.01949799485,0.840560936554451,1356
age_10-17,dep_hour_share_all_9,0.01672716059157641,0.01260818799,0.41189726015764105,1356
age_10-17,dep_hour_share_education_10,0.01067374318148312,0.004015895715,0.6657847466483119,1356
age_10-17,dep_hour_share_education_11,0.011440365619932183,0.007404057313,0.40363083069321826,1356
age_10-17,dep_hour_share_education_12,0.02089046144773699,0.01370027149,0.7190189957736989,1356
age_10-17,dep_hour_share_education_13,0.014890166592952971,0.01918172748,-0.42915608870470295,1356
age_10-17,dep_hour_share_education_14,0.007651481645289695,0.008485964429,-0.0834482783710306,1356
age_10-17,dep_hour_share_education_15,0.012664012973610497,0.008147977648,0.4516035325610497,1356
age_10-17,dep_hour_share_education_16,0.009405867610201976,0.01067460563,-0.12687380197980244,1356
age_10-17,dep_hour_share_education_17,0.004142709715465134,0.003872329163,0.02703805524651337,1356
age_10-17,dep_hour_share_education_18,0.00487984667551231,0.003580728232,0.12991184435123104,1356
age_10-17,dep_hour_share_education_19,0.0038773404098481497,0.0,0.38773404098481495,1356
age_10-17,dep_hour_share_education_20,0.00022114108801415304,0.0,0.022114108801415303,1356
age_10-17,dep_hour_share_education_21,0.00022114108801415304,0.0,0.022114108801415303,1356
age_10-17,dep_hour_share_education_22,7.371369600471768e-05,0.0,0.007371369600471768,1356
age_10-17,dep_hour_share_education_23,1.4742739200943536e-05,0.0,0.0014742739200943535,1356
age_10-17,dep_hour_share_education_4,2.948547840188707e-05,0.0,0.002948547840188707,1356
age_10-17,dep_hour_share_education_5,0.0009582780480613298,0.001317372414,-0.035909436593867014,1356
age_10-17,dep_hour_share_education_6,0.2476485330974495,0.1267340089,12.09145241974495,1356
age_10-17,dep_hour_share_education_7,0.5599734630694383,0.7195300297,-15.955656663056173,1356
age_10-17,dep_hour_share_education_8,0.0625829279080053,0.04666598543,1.5916942478005305,1356
age_10-17,dep_hour_share_education_9,0.025254312251216274,0.02668904647,-0.14347342187837273,1356
age_10-17,dep_hour_share_escort_10,0.0018401144960130853,0.0,0.18401144960130852,1356
age_10-17,dep_hour_share_escort_11,0.009609486812512778,0.0,0.9609486812512777,1356
age_10-17,dep_hour_share_escort_12,0.03189531793089348,0.03546087084,-0.35655529091065186,1356
age_10-17,dep_hour_share_escort_13,0.10999795542833776,0.04120335327,6.879460215833777,1356
age_10-17,dep_hour_share_escort_14,0.1320793293804948,0.01437659832,11.77027310604948,1356
age_10-17,dep_hour_share_escort_15,0.08116949499079942,0.1124452474,-3.127575240920058,1356
age_10-17,dep_hour_share_escort_16,0.18585156409732162,0.1604631846,2.538837949732162,1356
age_10-17,dep_hour_share_escort_17,0.17685544878347986,0.05605201649,12.080343229347987,1356
age_10-17,dep_hour_share_escort_18,0.0754446943365365,0.1499496799,-7.450498556346349,1356
age_10-17,dep_hour_share_escort_19,0.012471887139644245,0.01535698273,-0.28850955903557546,1356
age_10-17,dep_hour_share_escort_20,0.0018401144960130853,0.04668576768,-4.48456531839869,1356
age_10-17,dep_hour_share_escort_21,0.0014312001635657329,0.0,0.1431200163565733,1356
age_10-17,dep_hour_share_escort_22,0.0018401144960130853,0.0,0.18401144960130852,1356
age_10-17,dep_hour_share_escort_23,0.001635657329789409,0.0,0.16356573297894092,1356
age_10-17,dep_hour_share_escort_4,0.0008178286648947046,0.0,0.08178286648947046,1356
age_10-17,dep_hour_share_escort_5,0.0,0.0,0.0,1356
age_10-17,dep_hour_share_escort_6,0.0057248006542629315,0.007374775111,-0.16499744567370686,1356
age_10-17,dep_hour_share_escort_7,0.11960744224085054,0.3168269311,-19.721948885914944,1356
age_10-17,dep_hour_share_escort_8,0.03741566141893273,0.04380459248,-0.638893106106727,1356
age_10-17,dep_hour_share_escort_9,0.0034757718258024944,0.0,0.34757718258024944,1356
age_10-17,dep_hour_share_home_10,0.013548959478485603,0.00178743111,1.1761528368485603,1356
age_10-17,dep_hour_share_home_11,0.022314798742502265,0.0135107027,0.8804096042502265,1356
age_10-17,dep_hour_share_home_12,0.10872919439140581,0.05783137855,5.089781584140582,1356
age_10-17,dep_hour_share_home_13,0.1708133233042103,0.3374361694,-16.66228460957897,1356
age_10-17,dep_hour_share_home_14,0.10546008601901675,0.08450475411,2.095533190901676,1356
age_10-17,dep_hour_share_home_15,0.13981947578545392,0.1440732202,-0.4253744414546068,1356
age_10-17,dep_hour_share_home_16,0.06979883893614149,0.06445284741,0.5345991526141486,1356
age_10-17,dep_hour_share_home_17,0.08122625315820942,0.06355814714,1.7668106018209424,1356
age_10-17,dep_hour_share_home_18,0.11276013037859939,0.09341187214,1.9348258238599383,1356
age_10-17,dep_hour_share_home_19,0.05273004300950838,0.07886809866,-2.613805565049162,1356
age_10-17,dep_hour_share_home_20,0.046751142741422204,0.03446409868,1.2287044061422205,1356
age_10-17,dep_hour_share_home_21,0.030945630581110533,0.01458825569,1.6357374891110534,1356
age_10-17,dep_hour_share_home_22,0.020781500125364036,0.002185776683,1.8595723442364036,1356
age_10-17,dep_hour_share_home_23,0.006152481243611256,0.0,0.6152481243611255,1356
age_10-17,dep_hour_share_home_4,0.0,0.0,0.0,1356
age_10-17,dep_hour_share_home_5,4.8216937645856236e-05,0.0,0.004821693764585623,1356
age_10-17,dep_hour_share_home_6,0.00017358097552508245,0.0,0.017358097552508247,1356
age_10-17,dep_hour_share_home_7,0.0010607726282088371,0.002429963828,-0.1369191199791163,1356
age_10-17,dep_hour_share_home_8,0.0011475631159713784,0.001794973979,-0.06474108630286216,1356
age_10-17,dep_hour_share_home_9,0.004744546664352253,0.003238518905,0.15060277593522534,1356
age_10-17,dep_hour_share_leisure_10,0.009483279480915228,0.007081944441,0.24013350399152283,1356
age_10-17,dep_hour_share_leisure_11,0.007381721701211022,0.01273546789,-0.5353746188788977,1356
age_10-17,dep_hour_share_leisure_12,0.0449207975411774,0.01316997792,3.17508196211774,1356
age_10-17,dep_hour_share_leisure_13,0.0817768671027399,0.04503274812,3.6744118982739904,1356
age_10-17,dep_hour_share_leisure_14,0.120419260777051,0.08878091719,3.163834358705099,1356
age_10-17,dep_hour_share_leisure_15,0.16502482465127274,0.1822424086,-1.7217583948727244,1356
age_10-17,dep_hour_share_leisure_16,0.19200357264822548,0.2529597759,-6.095620325177453,1356
age_10-17,dep_hour_share_leisure_17,0.18866734967294507,0.2199202591,-3.1252909427054916,1356
age_10-17,dep_hour_share_leisure_18,0.0806472797961489,0.08414899795,-0.35017181538510994,1356
age_10-17,dep_hour_share_leisure_19,0.033730002364252505,0.05331590717,-1.9585904805747498,1356
age_10-17,dep_hour_share_leisure_20,0.03690860850605511,0.0120195797,2.488902880605511,1356
age_10-17,dep_hour_share_leisure_21,0.007092757506501695,0.009688232857,-0.2595475350498306,1356
age_10-17,dep_hour_share_leisure_22,0.002942180891585888,0.0,0.2942180891585888,1356
age_10-17,dep_hour_share_leisure_23,0.0002626947224630257,0.0,0.02626947224630257,1356
age_10-17,dep_hour_share_leisure_4,0.0,0.0,0.0,1356
age_10-17,dep_hour_share_leisure_5,0.00023642525021672314,0.0,0.023642525021672314,1356
age_10-17,dep_hour_share_leisure_6,0.0007880841673890772,0.0,0.07880841673890772,1356
age_10-17,dep_hour_share_leisure_7,0.00286337247484698,0.008011786758,-0.5148414283153019,1356
age_10-17,dep_hour_share_leisure_8,0.010061207870333886,0.002734710159,0.7326497711333886,1356
age_10-17,dep_hour_share_leisure_9,0.014080437124018179,0.008157286237,0.5923150887018179,1356
age_10-17,dep_hour_share_other_10,0.051161504424778764,0.0,5.116150442477877,1356
age_10-17,dep_hour_share_other_11,0.10121681415929204,0.03846662925,6.275018490929204,1356
age_10-17,dep_hour_share_other_12,0.06526548672566372,0.01789075402,4.7374732705663725,1356
age_10-17,dep_hour_share_other_13,0.11338495575221239,0.1113795422,0.20054135522123845,1356
age_10-17,dep_hour_share_other_14,0.09192477876106195,0.1453220215,-5.339724273893806,1356
age_10-17,dep_hour_share_other_15,0.11825221238938054,0.1647685613,-4.6516348910619465,1356
age_10-17,dep_hour_share_other_16,0.09651548672566372,0.1518817946,-5.536630787433629,1356
age_10-17,dep_hour_share_other_17,0.05127212389380531,0.1120897459,-6.081762200619469,1356
age_10-17,dep_hour_share_other_18,0.05691371681415929,0.02913503778,2.7778679034159293,1356
age_10-17,dep_hour_share_other_19,0.02190265486725664,0.0009727619991,2.092989286815664,1356
age_10-17,dep_hour_share_other_20,0.03545353982300885,0.0,3.5453539823008846,1356
age_10-17,dep_hour_share_other_21,0.004258849557522124,0.01165126497,-0.7392415412477876,1356
age_10-17,dep_hour_share_other_22,0.0007190265486725664,0.0,0.07190265486725664,1356
age_10-17,dep_hour_share_other_23,0.0006084070796460177,0.0,0.06084070796460177,1356
age_10-17,dep_hour_share_other_4,0.0,0.0,0.0,1356
age_10-17,dep_hour_share_other_5,0.00038716814159292035,0.0,0.03871681415929203,1356
age_10-17,dep_hour_share_other_6,0.011946902654867256,0.07230259777,-6.035569511513275,1356
age_10-17,dep_hour_share_other_7,0.05055309734513274,0.0540212516,-0.34681542548672606,1356
age_10-17,dep_hour_share_other_8,0.06742256637168141,0.04302092197,2.4401644401681413,1356
age_10-17,dep_hour_share_other_9,0.05663716814159292,0.04709711518,0.9540052961592916,1356
age_10-17,dep_hour_share_shop_10,0.04864616796695732,0.0275011603,2.1145007666957314,1356
age_10-17,dep_hour_share_shop_11,0.0578246902248738,0.03137060099,2.64540892348738,1356
age_10-17,dep_hour_share_shop_12,0.07893529141808169,0.0392723112,3.9662980218081687,1356
age_10-17,dep_hour_share_shop_13,0.034189995410738874,0.1435856966,-10.939570118926113,1356
age_10-17,dep_hour_share_shop_14,0.08031206975676916,0.1201428232,-3.9830753443230837,1356
age_10-17,dep_hour_share_shop_15,0.11817347407067462,0.1826829485,-6.450947442932538,1356
age_10-17,dep_hour_share_shop_16,0.10371730151445617,0.1789527893,-7.523548778554383,1356
age_10-17,dep_hour_share_shop_17,0.18953648462597522,0.1029522183,8.658426632597523,1356
age_10-17,dep_hour_share_shop_18,0.1714089031665902,0.0975049076,7.390399556659019,1356
age_10-17,dep_hour_share_shop_19,0.015603487838458009,0.04884875696,-3.3245269121541994,1356
age_10-17,dep_hour_share_shop_20,0.009637448370812299,0.0,0.9637448370812299,1356
age_10-17,dep_hour_share_shop_21,0.010096374483708122,0.009813679928,0.028269455570812188,1356
age_10-17,dep_hour_share_shop_22,0.006654428636989445,0.0,0.6654428636989446,1356
age_10-17,dep_hour_share_shop_23,0.007801743919229004,0.0,0.7801743919229004,1356
age_10-17,dep_hour_share_shop_4,0.0,0.0,0.0,1356
age_10-17,dep_hour_share_shop_5,0.0,0.0,0.0,1356
age_10-17,dep_hour_share_shop_6,0.0,0.001596131314,-0.1596131314,1356
age_10-17,dep_hour_share_shop_7,0.010325837540156035,0.008105973574,0.2219863966156036,1356
age_10-17,dep_hour_share_shop_8,0.00986691142726021,0.007670002347,0.21969090802602104,1356
age_10-17,dep_hour_share_shop_9,0.031206975676916018,0.0,3.1206975676916016,1356
age_10-17,dep_hour_share_work_10,0.011822660098522168,0.0738349554,-6.201229530147783,1356
age_10-17,dep_hour_share_work_11,0.017733990147783252,0.0,1.7733990147783252,1356
age_10-17,dep_hour_share_work_12,0.00361247947454844,0.04706689957,-4.345442009545156,1356
age_10-17,dep_hour_share_work_13,0.003284072249589491,0.0,0.3284072249589491,1356
age_10-17,dep_hour_share_work_14,0.007881773399014778,0.03515190519,-2.727013179098522,1356
age_10-17,dep_hour_share_work_15,0.0548440065681445,0.05540401136,-0.05600047918555007,1356
age_10-17,dep_hour_share_work_16,0.03973727422003284,0.0,3.973727422003284,1356
age_10-17,dep_hour_share_work_17,0.021018062397372743,0.0,2.1018062397372743,1356
age_10-17,dep_hour_share_work_18,0.002627257799671593,0.0,0.2627257799671593,1356
age_10-17,dep_hour_share_work_19,0.0,0.0,0.0,1356
age_10-17,dep_hour_share_work_20,0.0,0.0,0.0,1356
age_10-17,dep_hour_share_work_21,0.0,0.0,0.0,1356
age_10-17,dep_hour_share_work_22,0.0,0.0,0.0,1356
age_10-17,dep_hour_share_work_23,0.0003284072249589491,0.0,0.03284072249589491,1356
age_10-17,dep_hour_share_work_4,0.014778325123152709,0.0,1.477832512315271,1356
age_10-17,dep_hour_share_work_5,0.0761904761904762,0.04977079272,2.64196834704762,1356
age_10-17,dep_hour_share_work_6,0.30147783251231525,0.2484128487,5.306498381231525,1356
age_10-17,dep_hour_share_work_7,0.24597701149425288,0.2703012379,-2.4324226405747105,1356
age_10-17,dep_hour_share_work_8,0.16551724137931034,0.2200573492,-5.454010782068966,1356
age_10-17,dep_hour_share_work_9,0.03152709359605911,0.0,3.152709359605911,1356
age_10-17,mean_work_activity_h,5.364012041598248,6.158400091,-0.7943880494017517,1356
age_10-17,mobility_rate,0.9207541938167199,0.9254325783,-0.46783844832801735,1356
age_10-17,n_persons_unweighted,72130.0,1356.0,70774.0,1356
age_10-17,n_persons_weighted,72130.0,62009.48908,10120.51092,1356
age_10-17,n_work_activities_measured,3045.0,21.0,3024.0,1356
age_10-17,nonhome_acts_per_mobile,2.0518414792061916,1.740651841,0.3111896382061916,1356
age_10-17,participation_education,0.7971163177596007,0.8821687656,-8.505244784039935,1356
age_10-17,participation_escort,0.052391515319561904,0.02915043193,2.32410833895619,1356
age_10-17,participation_home,0.9207541938167199,0.9171505122,0.3603681616719867,1356
age_10-17,participation_leisure,0.42745043671149313,0.3678488354,5.960160131149311,1356
age_10-17,participation_other,0.16923610148343268,0.0704082156,9.882788588343267,1356
age_10-17,participation_shop,0.051989463468737,0.08257518726,-3.0585723791263,1356
age_10-17,participation_work,0.03633716900041591,0.01443311795,2.1904051050415916,1356
age_10-17,purpose_share_education,0.2826615104450992,0.3233577547,-4.0696244254900815,1356
age_10-17,purpose_share_escort,0.02038179931574495,0.01089583979,0.9485959525744949,1356
age_10-17,purpose_share_home,0.4321308168971826,0.4602123588,-2.808154190281742,1356
age_10-17,purpose_share_leisure,0.15863299009455387,0.1393511378,1.928185229455387,1356
age_10-17,purpose_share_other,0.07534306514591468,0.02796532155,4.737774359591468,1356
age_10-17,purpose_share_shop,0.018160679087715497,0.03276509472,-1.4604415632284502,1356
age_10-17,purpose_share_work,0.01268913901378928,0.005452492618,0.7236646395789281,1356
age_10-17,share_mobile_first_from_home,1.0,0.9975792783,0.24207216999999615,1356
age_10-17,share_mobile_last_to_home,1.0,0.9902675592,0.973244080000002,1356
age_10-17,share_mobile_odd_trip_count,0.24128948715632245,0.09777002982,14.351945733632244,1356
age_10-17,share_trips_0,0.07924580618328018,0.0745674217,0.46783844832801874,1356
age_10-17,share_trips_1,0.0011922916955497019,0.001901001929,-0.07087102334502982,1356
age_10-17,share_trips_2,0.3670456120892832,0.439407902,-7.23622899107168,1356
age_10-17,share_trips_3,0.0776098710661306,0.04338212778,3.42277432861306,1356
age_10-17,share_trips_4,0.23032025509496742,0.3327361997,-10.24159446050326,1356
age_10-17,share_trips_5,0.12262581450159435,0.03509807424,8.752774026159434,1356
age_10-17,share_trips_6,0.07213364758075697,0.05676029972,1.5373347860756967,1356
age_10-17,share_trips_7,0.016456398169970885,0.009886829835,0.6569568334970886,1356
age_10-17,share_trips_8plus,0.03337030361846666,0.006260143071,2.7110160547466657,1356
age_10-17,share_trips_followed_by_same_purpose,0.09346623938925444,0.02021044301,7.325579637925444,1356
age_10-17,share_trips_home_based,0.8435297892644467,0.9214773335,-7.794754423555339,1356
age_10-17,share_trips_unknown_purpose,0.0,0.001322599525,-0.1322599525,1356
age_10-17,share_work_activities_lt_2h,0.19901477832512315,0.1578749223,4.113985602512315,1356
age_10-17,tours_per_mobile,1.5613876592284759,1.480413484,0.08097417522847583,1356
age_10-17,trips_per_mobile_person,3.6132291384346673,3.221065325,0.3921638134346672,1356
age_10-17,trips_per_person,3.3268958824344934,2.980878788,0.34601709443449336,1356
age_10-17,trips_per_person_education,0.940385415222515,0.9626154311,-0.022230015877485076,1356
age_10-17,trips_per_person_escort,0.06780812422015804,0.03243622078,0.035371903440158045,1356
age_10-17,trips_per_person_home,1.4376542354082906,1.370022867,0.06763136840829054,1356
age_10-17,trips_per_person_leisure,0.527755441563843,0.4148394578,0.11291598376384304,1356
age_10-17,trips_per_person_other,0.25065853320393733,0.0832509803,0.16740755290393733,1356
age_10-17,trips_per_person_shop,0.0604186884791349,0.09753959918,-0.03712091070086511,1356
age_10-17,trips_per_person_work,0.04221544433661445,0.01623172309,0.02598372124661445,1356
age_18-24,dep_hour_share_all_10,0.02995216110840696,0.02518440939,0.47677517184069595,893
age_18-24,dep_hour_share_all_11,0.04749964354371629,0.05090803158,-0.34083880362837105,893
age_18-24,dep_hour_share_all_12,0.04607873504727348,0.05836505411,-1.2286319062726523,893
age_18-24,dep_hour_share_all_13,0.06344430186193097,0.0792229709,-1.5778669038069029,893
age_18-24,dep_hour_share_all_14,0.06045498571716546,0.05888386204,0.15711236771654633,893
age_18-24,dep_hour_share_all_15,0.0915084738262755,0.09764625903,-0.6137785203724502,893
age_18-24,dep_hour_share_all_16,0.0869556666715833,0.09096595024,-0.4010283568416692,893
age_18-24,dep_hour_share_all_17,0.08487101199168105,0.07436101291,1.0509999081681056,893
age_18-24,dep_hour_share_all_18,0.09273271678687847,0.0671115381,2.5621178686878467,893
age_18-24,dep_hour_share_all_19,0.0482076394727397,0.05334741515,-0.5139775677260303,893
age_18-24,dep_hour_share_all_20,0.028393586736876263,0.03905792369,-1.0664336953123739,893
age_18-24,dep_hour_share_all_21,0.02832475379933232,0.03349708147,-0.5172327670667682,893
age_18-24,dep_hour_share_all_22,0.03227281443131702,0.02222615009,1.004666434131702,893
age_18-24,dep_hour_share_all_23,0.010708438426479047,0.01050622403,0.020221439647904668,893
age_18-24,dep_hour_share_all_4,0.002315736684514064,0.0007791789303,0.1536557754214064,893
age_18-24,dep_hour_share_all_5,0.01688865289024588,0.00986631329,0.7022339600245882,893
age_18-24,dep_hour_share_all_6,0.055415431361269675,0.04215588232,1.3259549041269678,893
age_18-24,dep_hour_share_all_7,0.08973848400371698,0.1076210018,-1.7882517796283026,893
age_18-24,dep_hour_share_all_8,0.03721895265768888,0.03860352794,-0.1384575282311118,893
age_18-24,dep_hour_share_all_9,0.03719436946570891,0.03518651183,0.2007857635708904,893
age_18-24,dep_hour_share_education_10,0.024315973310644397,0.03490101284,-1.0585039529355607,893
age_18-24,dep_hour_share_education_11,0.1428507456002866,0.06986012065,7.29906249502866,893
age_18-24,dep_hour_share_education_12,0.023689042138730913,0.04841063952,-2.472159738126909,893
age_18-24,dep_hour_share_education_13,0.035645515203080916,0.08040129635,-4.475578114691908,893
age_18-24,dep_hour_share_education_14,0.011687788276387084,0.03089837697,-1.9210588693612913,893
age_18-24,dep_hour_share_education_15,0.008463570820832027,0.02820735963,-1.9743788809167975,893
age_18-24,dep_hour_share_education_16,0.002686847879629215,0.02570737329,-2.3020525410370785,893
age_18-24,dep_hour_share_education_17,0.006000626931171913,0.02053196086,-1.4531333928828087,893
age_18-24,dep_hour_share_education_18,0.006941023689042139,0.005045877116,0.18951465730421385,893
age_18-24,dep_hour_share_education_19,0.004343737405400564,0.0004466295588,0.38971078466005643,893
age_18-24,dep_hour_share_education_20,4.478079799382025e-05,0.002221431637,-0.21766508390061798,893
age_18-24,dep_hour_share_education_21,0.0,0.0,0.0,893
age_18-24,dep_hour_share_education_22,0.0,0.0,0.0,893
age_18-24,dep_hour_share_education_23,4.478079799382025e-05,0.0,0.004478079799382025,893
age_18-24,dep_hour_share_education_4,0.000716492767901124,0.0,0.0716492767901124,893
age_18-24,dep_hour_share_education_5,0.004836326183332587,0.004640286008,0.019604017533258675,893
age_18-24,dep_hour_share_education_6,0.20733509471138775,0.068343697,13.899139771138774,893
age_18-24,dep_hour_share_education_7,0.3820697684832744,0.3998014518,-1.7731683316725588,893
age_18-24,dep_hour_share_education_8,0.0911289239174242,0.08356063542,0.7568288497424205,893
age_18-24,dep_hour_share_education_9,0.047198961085486546,0.09702185135,-4.982289026451345,893
age_18-24,dep_hour_share_escort_10,0.020638560592697124,0.01375894695,0.6879613642697124,893
age_18-24,dep_hour_share_escort_11,0.030164050097018873,0.09245729675,-6.229324665298113,893
age_18-24,dep_hour_share_escort_12,0.048685835244311165,0.0,4.868583524431116,893
age_18-24,dep_hour_share_escort_13,0.05203739636620215,0.05387730056,-0.18399041937978491,893
age_18-24,dep_hour_share_escort_14,0.0596225083789028,0.002560722335,5.7061786043902805,893
age_18-24,dep_hour_share_escort_15,0.01993296877756218,0.1685697225,-14.863675372243781,893
age_18-24,dep_hour_share_escort_16,0.21308872817075322,0.1200561636,9.303256457075323,893
age_18-24,dep_hour_share_escort_17,0.05750573293349797,0.03481375873,2.2691974203497973,893
age_18-24,dep_hour_share_escort_18,0.18821661668724643,0.05679474115,13.142187553724643,893
age_18-24,dep_hour_share_escort_19,0.05062621273593226,0.02043029322,3.0195919515932266,893
age_18-24,dep_hour_share_escort_20,0.0044099488445934025,0.02878126346,-2.43713146154066,893
age_18-24,dep_hour_share_escort_21,0.026459693067560415,0.0503793547,-2.391966163243958,893
age_18-24,dep_hour_share_escort_22,0.0003527959075674722,0.005435604866,-0.5082808958432528,893
age_18-24,dep_hour_share_escort_23,0.0,0.0,0.0,893
age_18-24,dep_hour_share_escort_4,0.0,0.0,0.0,893
age_18-24,dep_hour_share_escort_5,0.0010583877227024166,0.0,0.10583877227024166,893
age_18-24,dep_hour_share_escort_6,0.019580172869994708,0.08831266671,-6.8732493840005295,893
age_18-24,dep_hour_share_escort_7,0.12559534309402012,0.2202617057,-9.466636260597989,893
age_18-24,dep_hour_share_escort_8,0.037043570294584584,0.0435104588,-0.6466888505415415,893
age_18-24,dep_hour_share_escort_9,0.026988886928911625,0.0,2.6988886928911624,893
age_18-24,dep_hour_share_home_10,0.023165553540625414,0.01166516689,1.1500386650625414,893
age_18-24,dep_hour_share_home_11,0.027256844619399354,0.04631435463,-1.9057510010600645,893
age_18-24,dep_hour_share_home_12,0.04560130921314521,0.05628787982,-1.0686570606854788,893
age_18-24,dep_hour_share_home_13,0.09029589986288646,0.09039552002,-0.009962015711353911,893
age_18-24,dep_hour_share_home_14,0.08329647485514619,0.08169424827,0.16022265851461798,893
age_18-24,dep_hour_share_home_15,0.14311778495289487,0.1234329542,1.968483075289487,893
age_18-24,dep_hour_share_home_16,0.1086624795435446,0.1213479746,-1.26854950564554,893
age_18-24,dep_hour_share_home_17,0.08755362908576231,0.09271122846,-0.5157599374237696,893
age_18-24,dep_hour_share_home_18,0.10857401919589545,0.08376426422,2.480975497589545,893
age_18-24,dep_hour_share_home_19,0.06299482506966253,0.06886305667,-0.5868231600337476,893
age_18-24,dep_hour_share_home_20,0.04361095139103897,0.05846138833,-1.4850436938961036,893
age_18-24,dep_hour_share_home_21,0.04480516608430271,0.05890813052,-1.4102964435697287,893
age_18-24,dep_hour_share_home_22,0.05577424919279933,0.04590416275,0.9870086442799332,893
age_18-24,dep_hour_share_home_23,0.022712194258923436,0.02555811974,-0.28459254810765633,893
age_18-24,dep_hour_share_home_4,0.00018797823875447831,0.0,0.01879782387544783,893
age_18-24,dep_hour_share_home_5,0.000508646998982706,0.0003030322736,0.020561472538270602,893
age_18-24,dep_hour_share_home_6,0.0018244946702640542,0.0002400066681,0.15844880021640542,893
age_18-24,dep_hour_share_home_7,0.006822504312441948,0.006598089243,0.022441506944194823,893
age_18-24,dep_hour_share_home_8,0.007906143571144235,0.006845390063,0.10607535081442353,893
age_18-24,dep_hour_share_home_9,0.0180901410942545,0.01014019989,0.79499412042545,893
age_18-24,dep_hour_share_leisure_10,0.02428613969493432,0.0354571134,-1.1170973705065677,893
age_18-24,dep_hour_share_leisure_11,0.03914237501240777,0.05252686808,-1.3384493067592227,893
age_18-24,dep_hour_share_leisure_12,0.046355424676570826,0.05265061882,-0.6295194143429175,893
age_18-24,dep_hour_share_leisure_13,0.03100287860238891,0.06150753248,-3.050465387761109,893
age_18-24,dep_hour_share_leisure_14,0.055156668762200975,0.04834662628,0.6810042482200975,893
age_18-24,dep_hour_share_leisure_15,0.0677960493663766,0.1010176195,-3.3221570133623395,893
age_18-24,dep_hour_share_leisure_16,0.15610627667670318,0.1084790178,4.762725887670319,893
age_18-24,dep_hour_share_leisure_17,0.1620289183734242,0.1137904161,4.823850227342421,893
age_18-24,dep_hour_share_leisure_18,0.15759520894682857,0.1352658494,2.2329359546828575,893
age_18-24,dep_hour_share_leisure_19,0.08926976143996294,0.1165758567,-2.730609526003705,893
age_18-24,dep_hour_share_leisure_20,0.027131654700062867,0.05583868812,-2.870703341993713,893
age_18-24,dep_hour_share_leisure_21,0.014988584852595705,0.03859737112,-2.36087862674043,893
age_18-24,dep_hour_share_leisure_22,0.03209476226714754,0.01820037088,1.3894391387147538,893
age_18-24,dep_hour_share_leisure_23,0.001753631340369917,0.0,0.1753631340369917,893
age_18-24,dep_hour_share_leisure_4,0.0005293981404890316,0.001289111248,-0.07597131075109684,893
age_18-24,dep_hour_share_leisure_5,0.00019852430268338682,0.0,0.019852430268338682,893
age_18-24,dep_hour_share_leisure_6,0.0034410879131787048,0.006702918364,-0.32618304508212953,893
age_18-24,dep_hour_share_leisure_7,0.016742216192965623,0.008876328858,0.7865887334965623,893
age_18-24,dep_hour_share_leisure_8,0.030804354299705523,0.01015999501,2.0644359289705525,893
age_18-24,dep_hour_share_leisure_9,0.04159084141216954,0.03382672897,0.7764112442169541,893
age_18-24,dep_hour_share_other_10,0.0539958172254262,0.117216012,-6.32201947745738,893
age_18-24,dep_hour_share_other_11,0.07307180429685024,0.07209096089,0.09808434068502431,893
age_18-24,dep_hour_share_other_12,0.1008935927498574,0.05781988174,4.30737110098574,893
age_18-24,dep_hour_share_other_13,0.08055009823182711,0.118511811,-3.796171276817288,893
age_18-24,dep_hour_share_other_14,0.06071360669243932,0.1039058685,-4.319226180756068,893
age_18-24,dep_hour_share_other_15,0.08276823626338804,0.1426642749,-5.989603863661196,893
age_18-24,dep_hour_share_other_16,0.04955954116230433,0.1481865664,-9.862702523769567,893
age_18-24,dep_hour_share_other_17,0.11065340008872553,0.04089013149,6.976326859872553,893
age_18-24,dep_hour_share_other_18,0.06305849546866088,0.02609496754,3.696352792866088,893
age_18-24,dep_hour_share_other_19,0.015780467710247797,0.008629403325,0.7151064385247797,893
age_18-24,dep_hour_share_other_20,0.03834210025983903,0.0,3.8342100259839027,893
age_18-24,dep_hour_share_other_21,0.0387223524938209,0.0,3.8722352493820904,893
age_18-24,dep_hour_share_other_22,0.0057037835097281196,0.0,0.570378350972812,893
age_18-24,dep_hour_share_other_23,0.0039926484568096835,0.0,0.39926484568096837,893
age_18-24,dep_hour_share_other_4,0.00012675074466062487,0.0,0.012675074466062487,893
age_18-24,dep_hour_share_other_5,0.001014005957284999,0.0,0.1014005957284999,893
age_18-24,dep_hour_share_other_6,0.024843145953482478,0.008060061011,1.6783084942482478,893
age_18-24,dep_hour_share_other_7,0.0519678053108562,0.02260816915,2.93596361608562,893
age_18-24,dep_hour_share_other_8,0.06629063945750681,0.07815482528,-1.1864185822493198,893
age_18-24,dep_hour_share_other_9,0.07269155206286837,0.05516706685,1.7524485212868368,893
age_18-24,dep_hour_share_shop_10,0.0765153100369673,0.01897096944,5.754434059696729,893
age_18-24,dep_hour_share_shop_11,0.0594964078956546,0.06281294543,-0.3316537534345403,893
age_18-24,dep_hour_share_shop_12,0.05761316872427984,0.09938698379,-4.177381506572016,893
age_18-24,dep_hour_share_shop_13,0.047848224872706985,0.1007398641,-5.289163922729302,893
age_18-24,dep_hour_share_shop_14,0.08265327474367022,0.06651575496,1.6137519783670216,893
age_18-24,dep_hour_share_shop_15,0.11173885750156937,0.1866778874,-7.493902989843063,893
age_18-24,dep_hour_share_shop_16,0.06193764385854782,0.09368439708,-3.1746753221452177,893
age_18-24,dep_hour_share_shop_17,0.14807839854920835,0.1038333869,4.424501164920834,893
age_18-24,dep_hour_share_shop_18,0.132733486782451,0.05401011441,7.8723372372451,893
age_18-24,dep_hour_share_shop_19,0.03822278021901374,0.04229752422,-0.4074744000986258,893
age_18-24,dep_hour_share_shop_20,0.0047429727279068145,0.03410551903,-2.936254630209319,893
age_18-24,dep_hour_share_shop_21,0.02755109158122341,0.01732718335,1.0223908231223409,893
age_18-24,dep_hour_share_shop_22,0.03180581711655158,0.0,3.180581711655158,893
age_18-24,dep_hour_share_shop_23,0.0001394991978796122,0.0,0.01394991978796122,893
age_18-24,dep_hour_share_shop_4,0.0001394991978796122,0.0,0.01394991978796122,893
age_18-24,dep_hour_share_shop_5,6.97495989398061e-05,0.002847337897,-0.2777588298060194,893
age_18-24,dep_hour_share_shop_6,0.0017437399734951523,0.0,0.17437399734951523,893
age_18-24,dep_hour_share_shop_7,0.02734184278440399,0.003504804092,2.3837038692403993,893
age_18-24,dep_hour_share_shop_8,0.03961777219780986,0.05225400101,-1.263622881219014,893
age_18-24,dep_hour_share_shop_9,0.04938271604938271,0.06103132682,-1.164861077061729,893
age_18-24,dep_hour_share_work_10,0.026568085797855055,0.02259725549,0.39708303078550555,893
age_18-24,dep_hour_share_work_11,0.026243093922651933,0.02100725469,0.5235839232651931,893
age_18-24,dep_hour_share_work_12,0.025349366265843352,0.0673294876,-4.198012133415665,893
age_18-24,dep_hour_share_work_13,0.030589860253493664,0.04425739801,-1.3667537756506334,893
age_18-24,dep_hour_share_work_14,0.014380890477738056,0.02296553244,-0.8584641962261943,893
age_18-24,dep_hour_share_work_15,0.016655833604159898,0.01421659067,0.2439242934159898,893
age_18-24,dep_hour_share_work_16,0.008246668833279168,0.02749113726,-1.9244468426720833,893
age_18-24,dep_hour_share_work_17,0.004793630159246019,0.01921930609,-1.442567593075398,893
age_18-24,dep_hour_share_work_18,0.006459213519662009,0.008101323702,-0.16421101823379916,893
age_18-24,dep_hour_share_work_19,0.009302892427689308,0.0,0.9302892427689308,893
age_18-24,dep_hour_share_work_20,0.012674683132921676,0.01068788997,0.19867931629216767,893
age_18-24,dep_hour_share_work_21,0.004062398440038999,0.002276105451,0.17862929890389992,893
age_18-24,dep_hour_share_work_22,8.124796880077999e-05,0.0,0.008124796880077998,893
age_18-24,dep_hour_share_work_23,0.00020311992200194994,0.0,0.020311992200194993,893
age_18-24,dep_hour_share_work_4,0.016980825479363016,0.004549769724,1.2431055755363014,893
age_18-24,dep_hour_share_work_5,0.13210919727006826,0.07302180838,5.908738889006826,893
age_18-24,dep_hour_share_work_6,0.2374065648358791,0.2369148277,0.04917371358791056,893
age_18-24,dep_hour_share_work_7,0.2710838479038024,0.293810017,-2.2726169096197566,893
age_18-24,dep_hour_share_work_8,0.08388852778680533,0.1096593637,-2.5770835913194663,893
age_18-24,dep_hour_share_work_9,0.06540461488462788,0.02189493214,4.350968274462788,893
age_18-24,mean_work_activity_h,6.5384235185787025,6.812952307,-0.27452878842129724,893
age_18-24,mobility_rate,0.8918275418275419,0.7546605455,13.716699632754192,893
age_18-24,n_persons_unweighted,62160.0,893.0,61267.0,893
age_18-24,n_persons_weighted,62160.0,52074.31211,10085.687890000001,893
age_18-24,n_work_activities_measured,24616.0,309.0,24307.0,893
age_18-24,nonhome_acts_per_mobile,2.0375748611010898,2.084417489,-0.04684262789891003,893
age_18-24,participation_education,0.28381595881595884,0.334489587,-5.067362818404114,893
age_18-24,participation_escort,0.07323037323037324,0.02815135473,4.507901850037324,893
age_18-24,participation_home,0.8918275418275419,0.7424896041,14.93379377275419,893
age_18-24,participation_leisure,0.3724259974259974,0.3696243154,0.28016820259973985,893
age_18-24,participation_other,0.21504182754182755,0.07997782929,13.506399825182754,893
age_18-24,participation_shop,0.21748712998713,0.1781573512,3.932977878712998,893
age_18-24,participation_work,0.3476029601029601,0.2871962929,6.040666720296012,893
age_18-24,purpose_share_education,0.10979345202098421,0.159334404,-4.95409519790158,893
age_18-24,purpose_share_escort,0.027872423066900697,0.01309209486,1.4780328206900697,893
age_18-24,purpose_share_home,0.4446411099802843,0.4153081079,2.9333002080284274,893
age_18-24,purpose_share_leisure,0.1485955622421838,0.1797186293,-3.11230670578162,893
age_18-24,purpose_share_other,0.07757963725041914,0.03396281963,4.361681762041913,893
age_18-24,purpose_share_shop,0.07048984468339307,0.07914112503,-0.8651280346606921,893
age_18-24,purpose_share_work,0.12102797075583482,0.1194428193,0.15851514558348212,893
age_18-24,share_mobile_first_from_home,1.0,0.9406851375,5.931486249999995,893
age_18-24,share_mobile_last_to_home,1.0,0.9660975119,3.390248809999996,893
age_18-24,share_mobile_odd_trip_count,0.3410960386752291,0.2136054659,12.749057277522907,893
age_18-24,share_trips_0,0.10817245817245817,0.2453394545,-13.716699632754182,893
age_18-24,share_trips_1,0.0020913770913770914,0.006018493157,-0.3927116065622909,893
age_18-24,share_trips_2,0.30698198198198196,0.3013416917,0.564029028198193,893
age_18-24,share_trips_3,0.13386422136422135,0.07133340527,6.253081609422136,893
age_18-24,share_trips_4,0.19044401544401546,0.210344162,-1.9900146555984544,893
age_18-24,share_trips_5,0.12646396396396398,0.05463050607,7.183345789396397,893
age_18-24,share_trips_6,0.08449163449163449,0.06955324763,1.4938386861634498,893
age_18-24,share_trips_7,0.035424710424710425,0.01833388261,1.7090827814710423,893
age_18-24,share_trips_8plus,0.012065637065637066,0.02310515705,-1.1039519984362933,893
age_18-24,share_trips_followed_by_same_purpose,0.08930090318647334,0.04177658799,4.752431519647334,893
age_18-24,share_trips_home_based,0.8503031107571132,0.8218979499,2.84051608571132,893
age_18-24,share_trips_unknown_purpose,0.0,0.001902570424,-0.1902570424,893
age_18-24,share_work_activities_lt_2h,0.13288105297367567,0.0748682609,5.801279207367567,893
age_18-24,tours_per_mobile,1.6313586838877263,1.475755717,0.15560296688772635,893
age_18-24,trips_per_mobile_person,3.668933544988816,3.560173206,0.10876033898881587,893
age_18-24,trips_per_person,3.2720559845559847,2.686722253,0.5853337315559846,893
age_18-24,trips_per_person_education,0.35925032175032173,0.4272728227,-0.06802250094967827,893
age_18-24,trips_per_person_escort,0.0912001287001287,0.03510790004,0.056092228660128696,893
age_18-24,trips_per_person_home,1.454890604890605,1.113694614,0.34119599089060504,893
age_18-24,trips_per_person_leisure,0.4862129987129987,0.4819353769,0.004277621812998733,893
age_18-24,trips_per_person_other,0.25384491634491635,0.09107505629,0.16276986005491634,893
age_18-24,trips_per_person_shop,0.23064671814671814,0.2122256778,0.018421040346718126,893
age_18-24,trips_per_person_work,0.396010296010296,0.3202991272,0.07571116881029605,893
age_25-44,dep_hour_share_all_10,0.03425985706721951,0.02935278429,0.4907072777219513,4025
age_25-44,dep_hour_share_all_11,0.044497266673070864,0.03903459805,0.5462668623070863,4025
age_25-44,dep_hour_share_all_12,0.05950766604933169,0.05083562843,0.8672037619331691,4025
age_25-44,dep_hour_share_all_13,0.06110946041646653,0.05847497675,0.2634483666466535,4025
age_25-44,dep_hour_share_all_14,0.06989363817319486,0.07454956686,-0.4655928686805144,4025
age_25-44,dep_hour_share_all_15,0.08376021786190611,0.08547313505,-0.1712917188093882,4025
age_25-44,dep_hour_share_all_16,0.09516043634933861,0.1027285578,-0.756812145066138,4025
age_25-44,dep_hour_share_all_17,0.07970211539621512,0.09686879024,-1.7166674843784882,4025
age_25-44,dep_hour_share_all_18,0.06549819826058982,0.06613640102,-0.0638202759410178,4025
age_25-44,dep_hour_share_all_19,0.04611916724565092,0.04156726866,0.4551898585650922,4025
age_25-44,dep_hour_share_all_20,0.03272955143055652,0.03107559391,0.16539575205565155,4025
age_25-44,dep_hour_share_all_21,0.022874159728164103,0.01904776471,0.3826395018164102,4025
age_25-44,dep_hour_share_all_22,0.01706234934308559,0.01723390815,-0.01715588069144125,4025
age_25-44,dep_hour_share_all_23,0.009855391702392415,0.003892511866,0.5962879836392414,4025
age_25-44,dep_hour_share_all_4,0.004441237380563554,0.003105880327,0.13353570535635542,4025
age_25-44,dep_hour_share_all_5,0.022547992395386296,0.02100437761,0.15436147853862964,4025
age_25-44,dep_hour_share_all_6,0.05243698380110048,0.03752643822,1.4910545581100478,4025
age_25-44,dep_hour_share_all_7,0.08346756087153699,0.110174645,-2.670708412846301,4025
age_25-44,dep_hour_share_all_8,0.0603968071345753,0.07897970077,-1.8582893635424695,4025
age_25-44,dep_hour_share_all_9,0.03937241830737027,0.03065365709,0.8718761217370266,4025
age_25-44,dep_hour_share_education_10,0.028139005216369112,0.02641891161,0.17200936063691102,4025
age_25-44,dep_hour_share_education_11,0.036734993755051064,0.02744738155,0.9287612205051063,4025
age_25-44,dep_hour_share_education_12,0.09191095437513776,0.0269026847,6.500826967513776,4025
age_25-44,dep_hour_share_education_13,0.05517596062008669,0.08153439236,-2.6358431739913306,4025
age_25-44,dep_hour_share_education_14,0.03144515465432371,0.1084028729,-7.695771824567629,4025
age_25-44,dep_hour_share_education_15,0.048416721769157296,0.06961964452,-2.12029227508427,4025
age_25-44,dep_hour_share_education_16,0.022628756153111454,0.06204862759,-3.9419871436888547,4025
age_25-44,dep_hour_share_education_17,0.003012269487914187,0.0367147792,-3.370250971208581,4025
age_25-44,dep_hour_share_education_18,0.019469546690177062,0.01074641341,0.8723133280177061,4025
age_25-44,dep_hour_share_education_19,7.346998751010212e-05,0.01173627202,-1.1662802032489898,4025
age_25-44,dep_hour_share_education_20,0.0,0.0,0.0,4025
age_25-44,dep_hour_share_education_21,7.346998751010212e-05,0.008324041908,-0.8250571920489898,4025
age_25-44,dep_hour_share_education_22,0.0,0.0,0.0,4025
age_25-44,dep_hour_share_education_23,0.0,0.0,0.0,4025
age_25-44,dep_hour_share_education_4,0.007420468738520315,0.0,0.7420468738520315,4025
age_25-44,dep_hour_share_education_5,0.014767467489530527,0.0,1.4767467489530526,4025
age_25-44,dep_hour_share_education_6,0.07839247667327896,0.02785585686,5.053661981327896,4025
age_25-44,dep_hour_share_education_7,0.4092278304312688,0.2431989634,16.60288670312688,4025
age_25-44,dep_hour_share_education_8,0.12313569906693116,0.1696731779,-4.653747883306885,4025
age_25-44,dep_hour_share_education_9,0.02982881492910146,0.08937598006,-5.9547165130898545,4025
age_25-44,dep_hour_share_escort_10,0.007931831573222137,0.007296551807,0.06352797662221368,4025
age_25-44,dep_hour_share_escort_11,0.02192207164332442,0.02120520619,0.07168654533244202,4025
age_25-44,dep_hour_share_escort_12,0.06522231790780945,0.04721467212,1.8007645787809452,4025
age_25-44,dep_hour_share_escort_13,0.09643596367976552,0.09357296788,0.2862995799765525,4025
age_25-44,dep_hour_share_escort_14,0.1649518802217891,0.130670501,3.4281379221789114,4025
age_25-44,dep_hour_share_escort_15,0.13055039356992854,0.1267819293,0.3768464269928523,4025
age_25-44,dep_hour_share_escort_16,0.06247261629575911,0.05071967507,1.1752941225759115,4025
age_25-44,dep_hour_share_escort_17,0.031530919034884954,0.05279784819,-2.126692915511505,4025
age_25-44,dep_hour_share_escort_18,0.03415975464201,0.01817284159,1.5986913052010003,4025
age_25-44,dep_hour_share_escort_19,0.01146716221728686,0.007804126756,0.366303546128686,4025
age_25-44,dep_hour_share_escort_20,0.0035957636465273686,0.0003713339033,0.32244297432273683,4025
age_25-44,dep_hour_share_escort_21,0.008082914079378748,0.002670445741,0.5412468338378749,4025
age_25-44,dep_hour_share_escort_22,0.0011180105455589296,0.02141109736,-2.029308681444107,4025
age_25-44,dep_hour_share_escort_23,0.0012388765504842195,0.0,0.12388765504842195,4025
age_25-44,dep_hour_share_escort_4,0.0016921240689540557,0.0,0.16921240689540556,4025
age_25-44,dep_hour_share_escort_5,0.0017978818232636843,0.0005714581752,0.12264236480636842,4025
age_25-44,dep_hour_share_escort_6,0.04663916965054617,0.01192044468,3.4718724970546164,4025
age_25-44,dep_hour_share_escort_7,0.17715934671924338,0.2583130331,-8.11536863807566,4025
age_25-44,dep_hour_share_escort_8,0.111755729804046,0.1347702211,-2.301449129595401,4025
age_25-44,dep_hour_share_escort_9,0.017676653220323617,0.009764125762,0.7912527458323617,4025
age_25-44,dep_hour_share_home_10,0.020631956751438172,0.0257201201,-0.5088163348561828,4025
age_25-44,dep_hour_share_home_11,0.04396694861717532,0.0382674508,0.5699497817175319,4025
age_25-44,dep_hour_share_home_12,0.06774918517607464,0.0410214586,2.6727726576074646,4025
age_25-44,dep_hour_share_home_13,0.060132048995656134,0.06200003835,-0.18679893543438672,4025
age_25-44,dep_hour_share_home_14,0.06945710084808775,0.08132017858,-1.1863077731912253,4025
age_25-44,dep_hour_share_home_15,0.10064682763748581,0.1010822646,-0.04354369625141907,4025
age_25-44,dep_hour_share_home_16,0.12325225159750214,0.1384557829,-1.5203531302497852,4025
age_25-44,dep_hour_share_home_17,0.10641628417927804,0.1331026752,-2.668639102072196,4025
age_25-44,dep_hour_share_home_18,0.08757889675915315,0.09261052467,-0.5031627910846853,4025
age_25-44,dep_hour_share_home_19,0.06429421992139675,0.05089554471,1.3398675211396753,4025
age_25-44,dep_hour_share_home_20,0.06131445215320367,0.05684347064,0.4470981513203673,4025
age_25-44,dep_hour_share_home_21,0.04237363939778502,0.03274124022,0.9632399177785016,4025
age_25-44,dep_hour_share_home_22,0.03708497090114215,0.02815653928,0.8928431621142149,4025
age_25-44,dep_hour_share_home_23,0.021341957701833145,0.00754118837,1.3800769331833145,4025
age_25-44,dep_hour_share_home_4,6.988198330659182e-05,0.0002017456656,-0.013186368229340818,4025
age_25-44,dep_hour_share_home_5,0.0010314580736052953,0.005221632523,-0.4190174449394704,4025
age_25-44,dep_hour_share_home_6,0.002865161315570265,0.006611835438,-0.3746674122429735,4025
age_25-44,dep_hour_share_home_7,0.016447423591039453,0.03017629035,-1.3728866758960547,4025
age_25-44,dep_hour_share_home_8,0.025191057342360223,0.04812328746,-2.2932230117639776,4025
age_25-44,dep_hour_share_home_9,0.022711644574642344,0.01763454772,0.5077096854642342,4025
age_25-44,dep_hour_share_leisure_10,0.04157631480035852,0.02700385503,1.457245977035852,4025
age_25-44,dep_hour_share_leisure_11,0.046910688987191716,0.037845402,0.9065286987191716,4025
age_25-44,dep_hour_share_leisure_12,0.06525573192239859,0.0632204461,0.20352858223985915,4025
age_25-44,dep_hour_share_leisure_13,0.06290658339838667,0.03932223107,2.3584352328386675,4025
age_25-44,dep_hour_share_leisure_14,0.06373059241911701,0.0600168606,0.3713731819117008,4025
age_25-44,dep_hour_share_leisure_15,0.07591725214676034,0.08739013564,-1.147288349323966,4025
age_25-44,dep_hour_share_leisure_16,0.13348223320900918,0.1438486555,-1.0366422290990829,4025
age_25-44,dep_hour_share_leisure_17,0.12742504409171077,0.1477244444,-2.0299400308289224,4025
age_25-44,dep_hour_share_leisure_18,0.10746089571226183,0.117110796,-0.9649900287738169,4025
age_25-44,dep_hour_share_leisure_19,0.08313094515280307,0.1128861458,-2.975520064719693,4025
age_25-44,dep_hour_share_leisure_20,0.03262063781189464,0.03746674649,-0.48461086781053586,4025
age_25-44,dep_hour_share_leisure_21,0.020289415098158268,0.01625238859,0.4037026508158268,4025
age_25-44,dep_hour_share_leisure_22,0.008370196894787059,0.01404944481,-0.5679247915212942,4025
age_25-44,dep_hour_share_leisure_23,0.0018937751178188336,0.002662663419,-0.07688883011811665,4025
age_25-44,dep_hour_share_leisure_4,0.00012287853817908462,0.002551764697,-0.24288861588209154,4025
age_25-44,dep_hour_share_leisure_5,0.009505016335617428,0.008189518441,0.13154978946174276,4025
age_25-44,dep_hour_share_leisure_6,0.014839390522450632,0.01320803356,0.1631356962450632,4025
age_25-44,dep_hour_share_leisure_7,0.01714517015063463,0.01732781009,-0.018263993936536854,4025
age_25-44,dep_hour_share_leisure_8,0.037167143724520776,0.02546712609,1.1700017634520776,4025
age_25-44,dep_hour_share_leisure_9,0.04615896145950791,0.02589343178,2.0265529679507908,4025
age_25-44,dep_hour_share_other_10,0.06631216006216006,0.05412017233,1.2191987732160063,4025
age_25-44,dep_hour_share_other_11,0.06290064102564102,0.0789802017,-1.607956067435898,4025
age_25-44,dep_hour_share_other_12,0.05465714840714841,0.05983446371,-0.5177315302851593,4025
age_25-44,dep_hour_share_other_13,0.07793074980574981,0.04273636165,3.519438815574981,4025
age_25-44,dep_hour_share_other_14,0.11455905205905206,0.1265055826,-1.1946530540947937,4025
age_25-44,dep_hour_share_other_15,0.09728292540792541,0.1352309765,-3.794805109207458,4025
age_25-44,dep_hour_share_other_16,0.08668414918414918,0.1316381246,-4.49539754158508,4025
age_25-44,dep_hour_share_other_17,0.06636072261072261,0.04966564691,1.6695075700722608,4025
age_25-44,dep_hour_share_other_18,0.06186868686868687,0.03138908936,3.0479597508686873,4025
age_25-44,dep_hour_share_other_19,0.05095425407925408,0.006066265421,4.488798865825408,4025
age_25-44,dep_hour_share_other_20,0.021464646464646464,0.004669368886,1.6795277578646466,4025
age_25-44,dep_hour_share_other_21,0.013318278943278944,0.01009070344,0.32275755032789444,4025
age_25-44,dep_hour_share_other_22,0.006568084693084693,0.009226448133,-0.26583634399153067,4025
age_25-44,dep_hour_share_other_23,0.007478632478632479,0.0,0.7478632478632479,4025
age_25-44,dep_hour_share_other_4,0.00042492229992229994,0.0,0.04249222999222999,4025
age_25-44,dep_hour_share_other_5,0.0022945804195804195,0.002621566313,-0.03269858934195806,4025
age_25-44,dep_hour_share_other_6,0.015649281274281276,0.01949225706,-0.38429757857187247,4025
age_25-44,dep_hour_share_other_7,0.060557498057498056,0.04723864121,1.3318856847498055,4025
age_25-44,dep_hour_share_other_8,0.061759421134421136,0.09630056464,-3.454114350557887,4025
age_25-44,dep_hour_share_other_9,0.0648552836052836,0.09419356547,-2.9338281864716405,4025
age_25-44,dep_hour_share_shop_10,0.09625212947189098,0.06803486304,2.821726643189097,4025
age_25-44,dep_hour_share_shop_11,0.09769856320915432,0.06635659884,3.134196436915432,4025
age_25-44,dep_hour_share_shop_12,0.06629487962457009,0.07726087357,-1.0965993945429908,4025
age_25-44,dep_hour_share_shop_13,0.05355019125068304,0.04675210802,0.6798083230683039,4025
age_25-44,dep_hour_share_shop_14,0.08122529009032176,0.08259293623,-0.13676461396782413,4025
age_25-44,dep_hour_share_shop_15,0.10118607566455594,0.0909313898,1.025468586455594,4025
age_25-44,dep_hour_share_shop_16,0.1294397479991,0.1393931915,-0.9953443500900022,4025
age_25-44,dep_hour_share_shop_17,0.09782713509691106,0.1325312315,-3.4704096403088953,4025
age_25-44,dep_hour_share_shop_18,0.06417344347658384,0.0866208823,-2.2447438823416155,4025
age_25-44,dep_hour_share_shop_19,0.02386615666484523,0.03743184982,-1.3565693155154772,4025
age_25-44,dep_hour_share_shop_20,0.006155379126354023,0.01958655162,-1.3431172493645978,4025
age_25-44,dep_hour_share_shop_21,0.0025071518112564687,0.01126433868,-0.8757186868743531,4025
age_25-44,dep_hour_share_shop_22,0.0013017903635370127,0.002536911833,-0.12351214694629872,4025
age_25-44,dep_hour_share_shop_23,0.0006910738966924882,0.0,0.06910738966924883,4025
age_25-44,dep_hour_share_shop_4,0.0006750024107228954,0.0,0.06750024107228954,4025
age_25-44,dep_hour_share_shop_5,0.0004982160650573752,0.0001243325662,0.03738834988573752,4025
age_25-44,dep_hour_share_shop_6,0.008019671498826781,0.003842382528,0.41772889708267813,4025
age_25-44,dep_hour_share_shop_7,0.034826910096107486,0.03503773812,-0.021082802389251615,4025
age_25-44,dep_hour_share_shop_8,0.039150139821927936,0.04984367514,-1.0693535318072065,4025
age_25-44,dep_hour_share_shop_9,0.08877888849603034,0.04985814484,3.892074365603034,4025
age_25-44,dep_hour_share_work_10,0.029634588754992502,0.02775671931,0.1877869444992502,4025
age_25-44,dep_hour_share_work_11,0.025211430402490242,0.03089445661,-0.5683026207509757,4025
age_25-44,dep_hour_share_work_12,0.033268101761252444,0.05180966087,-1.8541559108747558,4025
age_25-44,dep_hour_share_work_13,0.04353349126240258,0.05380842665,-1.027493538759742,4025
age_25-44,dep_hour_share_work_14,0.017572469987754774,0.0228067842,-0.5234314212245226,4025
age_25-44,dep_hour_share_work_15,0.02785502569208409,0.01733496191,1.0520063782084093,4025
age_25-44,dep_hour_share_work_16,0.01713759284054886,0.008581947131,0.8555645709548859,4025
age_25-44,dep_hour_share_work_17,0.011289639624174591,0.008768448911,0.2521190713174592,4025
age_25-44,dep_hour_share_work_18,0.004714983806548334,0.003612725887,0.1102257919548334,4025
age_25-44,dep_hour_share_work_19,0.0019683912978794016,0.00134504902,0.062334227787940164,4025
age_25-44,dep_hour_share_work_20,0.0026550394250466347,0.003590311475,-0.09352720499533652,4025
age_25-44,dep_hour_share_work_21,0.0041370549661825795,0.008217950353,-0.40808953868174214,4025
age_25-44,dep_hour_share_work_22,0.0008811984298646158,0.0003123685422,0.056882988766461584,4025
age_25-44,dep_hour_share_work_23,0.0010585825293828177,0.002312288664,-0.12537061346171824,4025
age_25-44,dep_hour_share_work_4,0.020851214794978312,0.01340819879,0.7443016004978311,4025
age_25-44,dep_hour_share_work_5,0.10277978050148201,0.08837114296,1.4408637541482014,4025
age_25-44,dep_hour_share_work_6,0.21700369645575124,0.1519441065,6.5059589955751225,4025
age_25-44,dep_hour_share_work_7,0.24042411965988028,0.3004886393,-6.0064519640119745,4025
age_25-44,dep_hour_share_work_8,0.13343861937949897,0.1545272577,-2.1088638320501034,4025
age_25-44,dep_hour_share_work_9,0.04746455179043499,0.0457817992,0.16827525904349883,4025
age_25-44,mean_work_activity_h,5.533031100686051,6.30967192,-0.7766408193139496,4025
age_25-44,mobility_rate,0.931113736010731,0.8781907671,5.2922968910731,4025
age_25-44,n_persons_unweighted,249745.0,4025.0,245720.0,4025
age_25-44,n_persons_weighted,249745.0,199882.6486,49862.351400000014,4025
age_25-44,n_work_activities_measured,174153.0,2600.0,171553.0,4025
age_25-44,nonhome_acts_per_mobile,2.311420351679919,2.338478239,-0.027057887320081075,4025
age_25-44,participation_education,0.04551042062904162,0.03817704481,0.7333375819041622,4025
age_25-44,participation_escort,0.16528459028208772,0.2139314898,-4.864689951791229,4025
age_25-44,participation_home,0.931113736010731,0.8664663577,6.464737831073098,4025
age_25-44,participation_leisure,0.38846423351818854,0.3519283511,3.6535882418188557,4025
age_25-44,participation_other,0.239660453662736,0.1266739587,11.2986494962736,4025
age_25-44,participation_shop,0.2137300046046968,0.2531729059,-3.944290129530323,4025
age_25-44,participation_work,0.5365592904762858,0.5710853725,-3.452608202371421,4025
age_25-44,purpose_share_education,0.01520364235081754,0.01234228039,0.286136196081754,4025
age_25-44,purpose_share_escort,0.07393386845626788,0.1066532473,-3.271937884373212,4025
age_25-44,purpose_share_home,0.3996063651778394,0.4085153751,-0.8909009922160649,4025
age_25-44,purpose_share_leisure,0.15453629505186284,0.1418072416,1.2729053451862842,4025
age_25-44,purpose_share_other,0.09200599611726833,0.04337982444,4.862617167726833,4025
age_25-44,purpose_share_shop,0.06950268417842694,0.08947511376,-1.9972429581573068,4025
age_25-44,purpose_share_work,0.1952111486675171,0.1978269174,-0.2615768732482898,4025
age_25-44,share_mobile_first_from_home,1.0,0.9727469658,2.7253034200000026,4025
age_25-44,share_mobile_last_to_home,1.0,0.9661972261,3.380277389999997,4025
age_25-44,share_mobile_odd_trip_count,0.28881788587818924,0.2489258215,3.9892064378189236,4025
age_25-44,share_trips_0,0.06888626398926906,0.1218092329,-5.292296891073094,4025
age_25-44,share_trips_1,0.00035235940659472664,0.006205911764,-0.5853552357405274,4025
age_25-44,share_trips_2,0.3279505095197101,0.3005872781,2.736323141971009,4025
age_25-44,share_trips_3,0.13147410358565736,0.09065990804,4.081419554565737,4025
age_25-44,share_trips_4,0.21316542873731206,0.2270095403,-1.3844111562687944,4025
age_25-44,share_trips_5,0.08518288654427517,0.0716958831,1.348700344427517,4025
age_25-44,share_trips_6,0.07498848825802318,0.08548423682,-1.0495748561976825,4025
age_25-44,share_trips_7,0.04030511121343771,0.03189912385,0.8405987363437707,4025
age_25-44,share_trips_8plus,0.05769484874572064,0.06464888519,-0.6954036444279367,4025
age_25-44,share_trips_followed_by_same_purpose,0.11771401380179303,0.05382549989,6.388851391179302,4025
age_25-44,share_trips_home_based,0.7797376363591684,0.8176476408,-3.791000444083159,4025
age_25-44,share_trips_unknown_purpose,0.0,0.001274407943,-0.12744079430000002,4025
age_25-44,share_work_activities_lt_2h,0.23018265548109995,0.1059530374,12.422961808109994,4025
age_25-44,tours_per_mobile,1.5384211816410869,1.611618956,-0.07319777435891317,4025
age_25-44,trips_per_mobile_person,3.8498415333210056,3.950097195,-0.10025566167899447,4025
age_25-44,trips_per_person,3.5846403331398027,3.468938886,0.11570144713980257,4025
age_25-44,trips_per_person_education,0.054499589581373,0.04276005311,0.011739536471372998,4025
age_25-44,trips_per_person_escort,0.26502632685339045,0.3695020997,-0.10447577284660953,4025
age_25-44,trips_per_person_home,1.4324450939958757,1.415308888,0.01713620599587573,4025
age_25-44,trips_per_person_leisure,0.5539570361769004,0.491293747,0.0626632891769004,4025
age_25-44,trips_per_person_other,0.32980840457266414,0.1502901845,0.17951822007266413,4025
age_25-44,trips_per_person_shop,0.24914212496746682,0.309988146,-0.0608460210325332,4025
age_25-44,trips_per_person_work,0.699761756992132,0.6853749247,0.01438683229213189,4025
age_45-64,dep_hour_share_all_10,0.044854904824072346,0.04680343587,-0.1948531045927654,5681
age_45-64,dep_hour_share_all_11,0.04980913228600793,0.04934325941,0.0465872876007932,5681
age_45-64,dep_hour_share_all_12,0.05858865031526902,0.06233942474,-0.3750774424730985,5681
age_45-64,dep_hour_share_all_13,0.0638385044859865,0.06205620181,0.17823026759865024,5681
age_45-64,dep_hour_share_all_14,0.07133730412250454,0.06321266472,0.8124639402504532,5681
age_45-64,dep_hour_share_all_15,0.07857916645172555,0.0843216828,-0.5742516348274453,5681
age_45-64,dep_hour_share_all_16,0.08664045046367759,0.09614078578,-0.9500335316322411,5681
age_45-64,dep_hour_share_all_17,0.0838657259520569,0.09083277066,-0.6967044707943113,5681
age_45-64,dep_hour_share_all_18,0.06326312364339086,0.07157503018,-0.8311906536609139,5681
age_45-64,dep_hour_share_all_19,0.04621002591197863,0.04848706328,-0.2277037368021366,5681
age_45-64,dep_hour_share_all_20,0.03648708170804779,0.02725067037,0.9236411338047791,5681
age_45-64,dep_hour_share_all_21,0.025072716234072864,0.02017086581,0.4901850424072863,5681
age_45-64,dep_hour_share_all_22,0.016741598447662168,0.01174013787,0.5001460577662167,5681
age_45-64,dep_hour_share_all_23,0.0098816699536124,0.00469285664,0.51888133136124,5681
age_45-64,dep_hour_share_all_4,0.006765685080176344,0.00499284714,0.17728379401763442,5681
age_45-64,dep_hour_share_all_5,0.020362529612272674,0.01948566076,0.08768688522726754,5681
age_45-64,dep_hour_share_all_6,0.04476363751800545,0.05240261375,-0.7638976231994548,5681
age_45-64,dep_hour_share_all_7,0.07244144011872686,0.0849579084,-1.2516468281273148,5681
age_45-64,dep_hour_share_all_8,0.05991103421730349,0.05597711829,0.39339159273034874,5681
age_45-64,dep_hour_share_all_9,0.04762268508414449,0.0407157239,0.6906961184144488,5681
age_45-64,dep_hour_share_education_10,0.0199935504675911,0.0180264043,0.19671461675911,5681
age_45-64,dep_hour_share_education_11,0.026684940341825218,0.0,2.6684940341825216,5681
age_45-64,dep_hour_share_education_12,0.048290873911641406,0.01280254679,3.5488327121641405,5681
age_45-64,dep_hour_share_education_13,0.046114156723637535,0.06836111697,-2.224696024636246,5681
age_45-64,dep_hour_share_education_14,0.03216704288939052,0.01214647967,2.002056321939052,5681
age_45-64,dep_hour_share_education_15,0.047887778136085135,0.08074472984,-3.2856951703914867,5681
age_45-64,dep_hour_share_education_16,0.009351821992905514,0.0695055698,-6.015374780709449,5681
age_45-64,dep_hour_share_education_17,0.008787487907126733,0.2210425892,-21.225510129287326,5681
age_45-64,dep_hour_share_education_18,0.009513060303128023,0.07639481756,-6.688175725687197,5681
age_45-64,dep_hour_share_education_19,0.0039503386004514675,0.05714022957,-5.318989096954853,5681
age_45-64,dep_hour_share_education_20,0.003466623669783941,0.007588080157,-0.412145648721606,5681
age_45-64,dep_hour_share_education_21,0.001854240567558852,0.0,0.1854240567558852,5681
age_45-64,dep_hour_share_education_22,0.0016123831022250886,0.0,0.16123831022250887,5681
age_45-64,dep_hour_share_education_23,0.0008868107062237988,0.0,0.08868107062237987,5681
age_45-64,dep_hour_share_education_4,0.0012092873266688164,0.0,0.12092873266688164,5681
age_45-64,dep_hour_share_education_5,0.002015478877781361,0.0,0.2015478877781361,5681
age_45-64,dep_hour_share_education_6,0.17591099645275718,0.01219940897,16.371158748275718,5681
age_45-64,dep_hour_share_education_7,0.29401805869074493,0.1660867436,12.793131509074493,5681
age_45-64,dep_hour_share_education_8,0.18292486294743632,0.1450687591,3.7856103847436318,5681
age_45-64,dep_hour_share_education_9,0.08239277652370203,0.05289252447,2.9500252053702027,5681
age_45-64,dep_hour_share_escort_10,0.02311572645466472,0.03040798242,-0.7292255965335281,5681
age_45-64,dep_hour_share_escort_11,0.044956484783532584,0.01626646173,2.8690023053532583,5681
age_45-64,dep_hour_share_escort_12,0.051201980820044714,0.04870046625,0.2501514570044716,5681
age_45-64,dep_hour_share_escort_13,0.06493098542101665,0.05631628287,0.8614702551016651,5681
age_45-64,dep_hour_share_escort_14,0.11506125390343502,0.09469003003,2.0371223873435027,5681
age_45-64,dep_hour_share_escort_15,0.12062307137973724,0.1349615955,-1.4338524120262763,5681
age_45-64,dep_hour_share_escort_16,0.09177922725844898,0.07123830026,2.054092699844898,5681
age_45-64,dep_hour_share_escort_17,0.07969474676176574,0.06292308799,1.6771658771765743,5681
age_45-64,dep_hour_share_escort_18,0.03309373787394446,0.07691119255,-4.381745467605554,5681
age_45-64,dep_hour_share_escort_19,0.01650067443966075,0.05486997196,-3.8369297520339254,5681
age_45-64,dep_hour_share_escort_20,0.016814797021378815,0.0160042763,0.08105207213788164,5681
age_45-64,dep_hour_share_escort_21,0.010329089598846986,0.009413006713,0.09160828858469847,5681
age_45-64,dep_hour_share_escort_22,0.004989005709639868,0.003357792542,0.1631213167639868,5681
age_45-64,dep_hour_share_escort_23,0.0033260038064265784,0.0,0.33260038064265784,5681
age_45-64,dep_hour_share_escort_4,0.00024021138601969732,0.002366420474,-0.21262090879803028,5681
age_45-64,dep_hour_share_escort_5,0.0009978011419279735,0.005212890202,-0.42150890600720264,5681
age_45-64,dep_hour_share_escort_6,0.03290895988469854,0.03188321977,0.10257401146985395,5681
age_45-64,dep_hour_share_escort_7,0.16970010532345386,0.2017532159,-3.205311057654614,5681
age_45-64,dep_hour_share_escort_8,0.09414438552079676,0.0553452899,3.8799095620796766,5681
age_45-64,dep_hour_share_escort_9,0.02487111735250097,0.02737851659,-0.2507399237499028,5681
age_45-64,dep_hour_share_home_10,0.033515268523760446,0.03274615955,0.07691089737604448,5681
age_45-64,dep_hour_share_home_11,0.04444347670406983,0.04995478944,-0.5511312735930168,5681
age_45-64,dep_hour_share_home_12,0.06267328601082901,0.05941128641,0.3261999600829013,5681
age_45-64,dep_hour_share_home_13,0.07565310378531648,0.06880440994,0.6848693845316473,5681
age_45-64,dep_hour_share_home_14,0.07687971471013756,0.07011377843,0.6765936280137566,5681
age_45-64,dep_hour_share_home_15,0.08611437723487543,0.1030260406,-1.6911663365124563,5681
age_45-64,dep_hour_share_home_16,0.11164336831714787,0.1276099237,-1.596655538285212,5681
age_45-64,dep_hour_share_home_17,0.10828047051537014,0.1138892697,-0.5608799184629865,5681
age_45-64,dep_hour_share_home_18,0.08243454446041217,0.09739026656,-1.495572209958783,5681
age_45-64,dep_hour_share_home_19,0.06390473563752316,0.0660255061,-0.21207704624768425,5681
age_45-64,dep_hour_share_home_20,0.06635311878529228,0.04802909426,1.8324024525292275,5681
age_45-64,dep_hour_share_home_21,0.0483362123609478,0.03746494482,1.0871267540947804,5681
age_45-64,dep_hour_share_home_22,0.03291285014056429,0.02501954222,0.789330792056429,5681
age_45-64,dep_hour_share_home_23,0.02010480628257051,0.008649559118,1.1455247164570512,5681
age_45-64,dep_hour_share_home_4,7.741922996898392e-05,0.001948822672,-0.1871403442031016,5681
age_45-64,dep_hour_share_home_5,0.0007983858090551466,0.002759668717,-0.19612829079448535,5681
age_45-64,dep_hour_share_home_6,0.0025282217286746313,0.01180691711,-0.9278695381325369,5681
age_45-64,dep_hour_share_home_7,0.010091112756269748,0.02017840632,-1.0087293563730255,5681
age_45-64,dep_hour_share_home_8,0.023293510816918037,0.02617171359,-0.28782027730819626,5681
age_45-64,dep_hour_share_home_9,0.027708826276086652,0.02576795501,0.19408712660866528,5681
age_45-64,dep_hour_share_leisure_10,0.03225874643272381,0.045839606,-1.3580859567276184,5681
age_45-64,dep_hour_share_leisure_11,0.033421414226825916,0.03595036312,-0.25289488931740867,5681
age_45-64,dep_hour_share_leisure_12,0.043152591339886553,0.07327390558,-3.0121314240113453,5681
age_45-64,dep_hour_share_leisure_13,0.04282140718035444,0.05364096284,-1.081955565964556,5681
age_45-64,dep_hour_share_leisure_14,0.0734453722298559,0.06770694977,0.5738422459855896,5681
age_45-64,dep_hour_share_leisure_15,0.0816686044463235,0.08657870366,-0.4910099213676508,5681
age_45-64,dep_hour_share_leisure_16,0.11172180530599303,0.1145215037,-0.2799698394006969,5681
age_45-64,dep_hour_share_leisure_17,0.1378219356657154,0.1135313025,2.4290633165715407,5681
age_45-64,dep_hour_share_leisure_18,0.1206496846704013,0.1250131417,-0.43634570295986996,5681
age_45-64,dep_hour_share_leisure_19,0.0753479195292957,0.09221849853,-1.6870579000704296,5681
age_45-64,dep_hour_share_leisure_20,0.03395694605926083,0.02974502018,0.42119258792608255,5681
age_45-64,dep_hour_share_leisure_21,0.02007539724482965,0.01528108855,0.4794308694829651,5681
age_45-64,dep_hour_share_leisure_22,0.013409435225310925,0.004577632951,0.8831802274310925,5681
age_45-64,dep_hour_share_leisure_23,0.007497445654088715,0.002233280054,0.5264165600088714,5681
age_45-64,dep_hour_share_leisure_4,0.00035232357397033435,0.004664541801,-0.43122182270296655,5681
age_45-64,dep_hour_share_leisure_5,0.004058767572138252,0.005880865137,-0.18220975648617477,5681
age_45-64,dep_hour_share_leisure_6,0.032089631117218055,0.02213485708,0.9954774037218055,5681
age_45-64,dep_hour_share_leisure_7,0.03853010604939577,0.02987178994,0.8658316109395766,5681
age_45-64,dep_hour_share_leisure_8,0.042757988937039776,0.04036823063,0.23897583070397743,5681
age_45-64,dep_hour_share_leisure_9,0.05032589930592256,0.03567584755,1.4650051755922557,5681
age_45-64,dep_hour_share_other_10,0.08155796838600989,0.1185990949,-3.7041126513990106,5681
age_45-64,dep_hour_share_other_11,0.08302501229253823,0.06569822999,1.732678230253823,5681
age_45-64,dep_hour_share_other_12,0.07456935812798748,0.05037139347,2.4197964657987487,5681
age_45-64,dep_hour_share_other_13,0.07795484406612982,0.06753736176,1.0417482306129822,5681
age_45-64,dep_hour_share_other_14,0.09132751352179205,0.07529869747,1.6028816051792059,5681
age_45-64,dep_hour_share_other_15,0.08501600045139812,0.1137791554,-2.8763154948601874,5681
age_45-64,dep_hour_share_other_16,0.08633795210343466,0.1024444725,-1.6106520396565336,5681
age_45-64,dep_hour_share_other_17,0.0544337774768457,0.08398206746,-2.9548289983154308,5681
age_45-64,dep_hour_share_other_18,0.04165759840076093,0.02892033184,1.2737266560760927,5681
age_45-64,dep_hour_share_other_19,0.04064195261931823,0.01294729499,2.769465762931823,5681
age_45-64,dep_hour_share_other_20,0.013380730136467326,0.007570874662,0.5809855474467326,5681
age_45-64,dep_hour_share_other_21,0.01059173457790245,0.006193968075,0.439776650290245,5681
age_45-64,dep_hour_share_other_22,0.007149823874124409,0.003477762087,0.3672061787124409,5681
age_45-64,dep_hour_share_other_23,0.001886199308393587,0.006684960276,-0.47987609676064125,5681
age_45-64,dep_hour_share_other_4,0.0024101435607251386,0.0,0.24101435607251387,5681
age_45-64,dep_hour_share_other_5,0.00434470695394933,0.002931527197,0.14131797569493307,5681
age_45-64,dep_hour_share_other_6,0.012477933886296037,0.01832017096,-0.5842237073703963,5681
age_45-64,dep_hour_share_other_7,0.05674719286790962,0.06194564389,-0.5198451022090378,5681
age_45-64,dep_hour_share_other_8,0.09211746024069192,0.08794837845,0.416908179069192,5681
age_45-64,dep_hour_share_other_9,0.07622985837383825,0.08534861464,-0.9118756266161752,5681
age_45-64,dep_hour_share_shop_10,0.10304992733179448,0.08757092542,1.5479001911794479,5681
age_45-64,dep_hour_share_shop_11,0.0980913909549457,0.102975855,-0.48844640450542987,5681
age_45-64,dep_hour_share_shop_12,0.09674489185261179,0.09148993228,0.5254959572611781,5681
age_45-64,dep_hour_share_shop_13,0.06932333076857314,0.06784995004,0.14733807285731426,5681
age_45-64,dep_hour_share_shop_14,0.07695349234846542,0.07087680628,0.6076686068465426,5681
age_45-64,dep_hour_share_shop_15,0.11459134820894247,0.1006418467,1.3949501508942475,5681
age_45-64,dep_hour_share_shop_16,0.08018081559374199,0.1129633966,-3.278258100625801,5681
age_45-64,dep_hour_share_shop_17,0.07846028896298196,0.123117931,-4.465764203701804,5681
age_45-64,dep_hour_share_shop_18,0.04642215952808412,0.04776828768,-0.13461281519158777,5681
age_45-64,dep_hour_share_shop_19,0.02520945541591861,0.02682088651,-0.16114310940813886,5681
age_45-64,dep_hour_share_shop_20,0.006144737967000086,0.00226830754,0.3876430427000086,5681
age_45-64,dep_hour_share_shop_21,0.0010579635804052322,0.006008597661,-0.49506340805947674,5681
age_45-64,dep_hour_share_shop_22,0.0006411900487304436,0.0002402680333,0.04009220154304437,5681
age_45-64,dep_hour_share_shop_23,0.00028853552192869967,0.001653779421,-0.13652438990713003,5681
age_45-64,dep_hour_share_shop_4,5.3432504060870306e-05,0.0,0.00534325040608703,5681
age_45-64,dep_hour_share_shop_5,0.0006091305462939215,0.0,0.06091305462939215,5681
age_45-64,dep_hour_share_shop_6,0.006882106523040095,0.01564947456,-0.8767368036959905,5681
age_45-64,dep_hour_share_shop_7,0.02941993673591519,0.02745746482,0.19624719159151913,5681
age_45-64,dep_hour_share_shop_8,0.0634885013251261,0.0479062183,1.5582283025126098,5681
age_45-64,dep_hour_share_shop_9,0.10143626570915619,0.06674007218,3.469619352915619,5681
age_45-64,dep_hour_share_work_10,0.03275985790619199,0.03085346619,0.19063917161919913,5681
age_45-64,dep_hour_share_work_11,0.028780519626855492,0.02813170863,0.06488109968554936,5681
age_45-64,dep_hour_share_work_12,0.03176354072149969,0.05048566749,-1.8722126768500305,5681
age_45-64,dep_hour_share_work_13,0.040089905764999614,0.05025438512,-1.0164479355000386,5681
age_45-64,dep_hour_share_work_14,0.027001381797047818,0.03233467608,-0.5333294282952181,5681
age_45-64,dep_hour_share_work_15,0.02155128957840364,0.01533741007,0.6213879508403639,5681
age_45-64,dep_hour_share_work_16,0.012086276323826807,0.008334280192,0.3751996131826807,5681
age_45-64,dep_hour_share_work_17,0.010123294251605672,0.01006612954,0.005716471160567213,5681
age_45-64,dep_hour_share_work_18,0.00684968064475955,0.003416207431,0.343347321375955,5681
age_45-64,dep_hour_share_work_19,0.006707349618374936,0.00125172506,0.5455624558374936,5681
age_45-64,dep_hour_share_work_20,0.007988328855836462,0.005688787766,0.22995410898364615,5681
age_45-64,dep_hour_share_work_21,0.002674637204144205,0.003364510853,-0.06898736488557948,5681
age_45-64,dep_hour_share_work_22,0.0007828206451153771,0.000788094727,-0.0005274081884622879,5681
age_45-64,dep_hour_share_work_23,0.0008006120234134538,0.0003012099019,0.049940212151345385,5681
age_45-64,dep_hour_share_work_4,0.037990523125826556,0.01682920113,2.1161321995826556,5681
age_45-64,dep_hour_share_work_5,0.11235255395235469,0.08520683255,2.714572140235469,5681
age_45-64,dep_hour_share_work_6,0.1978935008095077,0.1989858948,-0.10923939904922964,5681
age_45-64,dep_hour_share_work_7,0.24172552647653614,0.2848097505,-4.3084224023463875,5681
age_45-64,dep_hour_share_work_8,0.1183897616548354,0.1219647874,-0.3575025745164592,5681
age_45-64,dep_hour_share_work_9,0.047995208188778386,0.04684778783,0.11474203587783852,5681
age_45-64,mean_work_activity_h,5.739853466970585,6.316484025,-0.5766305580294153,5681
age_45-64,mobility_rate,0.8906539528641112,0.8644561576,2.6197795264111146,5681
age_45-64,n_persons_unweighted,299517.0,5681.0,293836.0,5681
age_45-64,n_persons_weighted,299517.0,223518.2899,75998.7101,5681
age_45-64,n_work_activities_measured,168466.0,3639.0,164827.0,5681
age_45-64,nonhome_acts_per_mobile,2.2292720961441863,2.223968816,0.005303280144186129,5681
age_45-64,participation_education,0.03289295766183555,0.01172435546,2.116860220183555,5681
age_45-64,participation_escort,0.10565343536426981,0.07013019229,3.552324307426981,5681
age_45-64,participation_home,0.8906539528641112,0.8552704883,3.5383464564111233,5681
age_45-64,participation_leisure,0.3699623059792933,0.3780919185,-0.8129612520706708,5681
age_45-64,participation_other,0.29062791093660795,0.1848890424,10.573886853660794,5681
age_45-64,participation_shop,0.2483765529168628,0.3153023858,-6.692583288313717,5681
age_45-64,participation_work,0.4594497140396038,0.5556875706,-9.623785656039619,5681
age_45-64,purpose_share_education,0.012305213744062665,0.003888154201,0.8417059543062665,5681
age_45-64,purpose_share_escort,0.05368799279385096,0.03264918142,2.103881137385096,5681
age_45-64,purpose_share_home,0.4100421813679779,0.4192834901,-0.9241308732022113,5681
age_45-64,purpose_share_leisure,0.14078477978786302,0.1583307923,-1.754601251213697,5681
age_45-64,purpose_share_other,0.12307098612340134,0.07152975971,5.154122641340134,5681
age_45-64,purpose_share_shop,0.0928307547012583,0.1151502296,-2.2319474898741696,5681
age_45-64,purpose_share_work,0.16727809148158582,0.1991683927,-3.1890301218414185,5681
age_45-64,share_mobile_first_from_home,1.0,0.9767372463,2.326275369999997,5681
age_45-64,share_mobile_last_to_home,1.0,0.9768489272,2.315107279999995,5681
age_45-64,share_mobile_odd_trip_count,0.2975716545586769,0.2434248115,5.41468430586769,5681
age_45-64,share_trips_0,0.10934604713588877,0.1355438424,-2.619779526411123,5681
age_45-64,share_trips_1,0.0006376933529649402,0.007695816698,-0.705812334503506,5681
age_45-64,share_trips_2,0.32874594764237086,0.322376759,0.6369188642370849,5681
age_45-64,share_trips_3,0.11530898079240912,0.07971814451,3.559083628240911,5681
age_45-64,share_trips_4,0.19016282882106858,0.2099114625,-1.9748633678931427,5681
age_45-64,share_trips_5,0.10088242069732269,0.07535074869,2.5531672007322688,5681
age_45-64,share_trips_6,0.07267700998607758,0.08294875651,-1.0271746523922418,5681
age_45-64,share_trips_7,0.03542369882176972,0.03480625296,0.06174458617697193,5681
age_45-64,share_trips_8plus,0.046815372750127704,0.05164821675,-0.48328439998722994,5681
age_45-64,share_trips_followed_by_same_purpose,0.10892157757522608,0.04341822701,6.5503350565226075,5681
age_45-64,share_trips_home_based,0.7989143158721782,0.838278266,-3.936395012782179,5681
age_45-64,share_trips_unknown_purpose,0.0,0.0003095111312,-0.030951113120000002,5681
age_45-64,share_work_activities_lt_2h,0.18750964586326024,0.1051738015,8.233584436326025,5681
age_45-64,tours_per_mobile,1.5494253390611996,1.604873481,-0.05544814193880043,5681
age_45-64,trips_per_mobile_person,3.778697435205386,3.828842297,-0.05014486179461386,5681
age_45-64,trips_per_person,3.365511807343156,3.3098663,0.0556455073431561,5681
age_45-64,trips_per_person_education,0.04141334214752418,0.01286528738,0.02854805476752418,5681
age_45-64,trips_per_person_escort,0.1806875736602597,0.1080309782,0.0726565954602597,5681
age_45-64,trips_per_person_home,1.3800018029026733,1.387342763,-0.007340960097326654,5681
age_45-64,trips_per_person_leisure,0.47381283867025914,0.5238915532,-0.050078714529740886,5681
age_45-64,trips_per_person_other,0.4141968569396729,0.2366806631,0.1775161938396729,5681
age_45-64,trips_per_person_shop,0.312423001031661,0.3810138999,-0.06859089886833902,5681
age_45-64,trips_per_person_work,0.5629763919911057,0.6590167149,-0.0960403229088943,5681
age_6-9,dep_hour_share_all_10,0.01975974164687551,0.006042133365,1.3717608281875509,706
age_6-9,dep_hour_share_all_11,0.04167452030007163,0.009631192766,3.2043327534071633,706
age_6-9,dep_hour_share_all_12,0.0693444415124213,0.07077051279,-0.1426071277578697,706
age_6-9,dep_hour_share_all_13,0.08571769643507872,0.07981330157,0.5904394865078724,706
age_6-9,dep_hour_share_all_14,0.09415564016536611,0.06541848585,2.8737154315366107,706
age_6-9,dep_hour_share_all_15,0.11896055591158694,0.1517689726,-3.2808416688413056,706
age_6-9,dep_hour_share_all_16,0.0941933376057099,0.1184534808,-2.42601431942901,706
age_6-9,dep_hour_share_all_17,0.0686281901458891,0.07794169231,-0.9313502164110907,706
age_6-9,dep_hour_share_all_18,0.045362586547040125,0.07533580769,-2.9973221142959883,706
age_6-9,dep_hour_share_all_19,0.024522184943642326,0.01254073155,1.1981453393642327,706
age_6-9,dep_hour_share_all_20,0.008268305248740277,0.003323237522,0.49450677267402765,706
age_6-9,dep_hour_share_all_21,0.00535931943554366,0.0,0.535931943554366,706
age_6-9,dep_hour_share_all_22,0.0021236224727007704,0.0,0.21236224727007705,706
age_6-9,dep_hour_share_all_23,0.0007790804337718802,0.0,0.07790804337718803,706
age_6-9,dep_hour_share_all_4,0.0,0.0,0.0,706
age_6-9,dep_hour_share_all_5,0.0014513514532363252,0.0,0.14513514532363253,706
age_6-9,dep_hour_share_all_6,0.062470941556401656,0.005521091681,5.694984987540166,706
age_6-9,dep_hour_share_all_7,0.20139229213003104,0.2921771555,-9.078486336996896,706
age_6-9,dep_hour_share_all_8,0.04010379361907993,0.02883290132,1.1270892299079933,706
age_6-9,dep_hour_share_all_9,0.014702001734082256,0.002429302601,1.2272699133082254,706
age_6-9,dep_hour_share_education_10,0.007875620784226522,0.0041498133,0.3725807484226522,706
age_6-9,dep_hour_share_education_11,0.009710177155140463,0.01034856432,-0.06383871648595364,706
age_6-9,dep_hour_share_education_12,0.014546734860277221,0.03456182759,-2.001509272972277,706
age_6-9,dep_hour_share_education_13,0.030557408642798902,0.01452733622,1.6030072422798902,706
age_6-9,dep_hour_share_education_14,0.017178118745830553,0.005534368212,1.1643750533830555,706
age_6-9,dep_hour_share_education_15,0.04912534282114002,0.002647424605,4.647791821614002,706
age_6-9,dep_hour_share_education_16,0.025813505299829516,0.009402735046,1.6410770253829519,706
age_6-9,dep_hour_share_education_17,0.007708842932325254,0.0079930632,-0.02842202676747469,706
age_6-9,dep_hour_share_education_18,0.0012230375806092952,0.0,0.12230375806092952,706
age_6-9,dep_hour_share_education_19,0.0076347194425913575,0.0,0.7634719442591358,706
age_6-9,dep_hour_share_education_20,5.55926173004225e-05,0.0,0.00555926173004225,706
age_6-9,dep_hour_share_education_21,0.0,0.0,0.0,706
age_6-9,dep_hour_share_education_22,0.0,0.0,0.0,706
age_6-9,dep_hour_share_education_23,0.0,0.0,0.0,706
age_6-9,dep_hour_share_education_4,0.0,0.0,0.0,706
age_6-9,dep_hour_share_education_5,0.0042806315321325325,0.0,0.4280631532132533,706
age_6-9,dep_hour_share_education_6,0.17878585723815876,0.01282725711,16.595860012815876,706
age_6-9,dep_hour_share_education_7,0.5480505522199985,0.8210027227,-27.295217048000143,706
age_6-9,dep_hour_share_education_8,0.08824401452820399,0.07528160241,1.2962412118203994,706
age_6-9,dep_hour_share_education_9,0.008876287895634126,0.001723285314,0.7153002581634126,706
age_6-9,dep_hour_share_escort_10,0.0023518344308560675,0.0,0.23518344308560676,706
age_6-9,dep_hour_share_escort_11,0.016462841015992474,0.0,1.6462841015992473,706
age_6-9,dep_hour_share_escort_12,0.03857008466603951,0.02104749244,1.7522592226039513,706
age_6-9,dep_hour_share_escort_13,0.059266227657572904,0.1180780176,-5.88117899424271,706
age_6-9,dep_hour_share_escort_14,0.1039510818438382,0.1235209801,-1.9569898256161802,706
age_6-9,dep_hour_share_escort_15,0.15851364063969897,0.09423406151,6.427957912969898,706
age_6-9,dep_hour_share_escort_16,0.1636876763875823,0.09411512493,6.95725514575823,706
age_6-9,dep_hour_share_escort_17,0.015051740357478834,0.07797335793,-6.292161757252117,706
age_6-9,dep_hour_share_escort_18,0.01458137347130762,0.1046873353,-9.010596182869238,706
age_6-9,dep_hour_share_escort_19,0.03998118532455315,0.0,3.9981185324553152,706
age_6-9,dep_hour_share_escort_20,0.0051740357478833494,0.0,0.517403574788335,706
age_6-9,dep_hour_share_escort_21,0.0,0.0,0.0,706
age_6-9,dep_hour_share_escort_22,0.00047036688617121356,0.0,0.047036688617121354,706
age_6-9,dep_hour_share_escort_23,0.0,0.0,0.0,706
age_6-9,dep_hour_share_escort_4,0.0,0.0,0.0,706
age_6-9,dep_hour_share_escort_5,0.0,0.0,0.0,706
age_6-9,dep_hour_share_escort_6,0.07808090310442145,0.01902950721,5.905139589442145,706
age_6-9,dep_hour_share_escort_7,0.23941674506114768,0.2771411129,-3.7724367838852304,706
age_6-9,dep_hour_share_escort_8,0.057855126999059266,0.05255649314,0.5298633859059265,706
age_6-9,dep_hour_share_escort_9,0.005644402634054563,0.0176165169,-1.197211426594544,706
age_6-9,dep_hour_share_home_10,0.022096771752455616,0.003546510286,1.8550261466455615,706
age_6-9,dep_hour_share_home_11,0.05348629546108093,0.006827028133,4.665926732808093,706
age_6-9,dep_hour_share_home_12,0.12281870052820365,0.1152211857,0.7597514828203644,706
age_6-9,dep_hour_share_home_13,0.1407685438832806,0.1452726888,-0.45041449167193826,706
age_6-9,dep_hour_share_home_14,0.1266477986469511,0.07939900259,4.724879605695111,706
age_6-9,dep_hour_share_home_15,0.13967884007083076,0.2295890798,-8.991023972916926,706
age_6-9,dep_hour_share_home_16,0.10483858762278087,0.1194057891,-1.456720147721914,706
age_6-9,dep_hour_share_home_17,0.1017056891619875,0.1158204572,-1.4114768038012508,706
age_6-9,dep_hour_share_home_18,0.0949555794348675,0.1445112672,-4.955568776513249,706
age_6-9,dep_hour_share_home_19,0.04380003935041545,0.02755063919,1.6249400160415453,706
age_6-9,dep_hour_share_home_20,0.01672392656607086,0.005961987331,1.076193923507086,706
age_6-9,dep_hour_share_home_21,0.012440785192135971,0.0,1.2440785192135972,706
age_6-9,dep_hour_share_home_22,0.004888532380851482,0.0,0.48885323808514825,706
age_6-9,dep_hour_share_home_23,0.001785903470403947,0.0,0.1785903470403947,706
age_6-9,dep_hour_share_home_4,0.0,0.0,0.0,706
age_6-9,dep_hour_share_home_5,0.0,0.0,0.0,706
age_6-9,dep_hour_share_home_6,1.5134775172914806e-05,0.0,0.0015134775172914805,706
age_6-9,dep_hour_share_home_7,0.00019675207724789248,0.003146833533,-0.2950081455752107,706
age_6-9,dep_hour_share_home_8,0.000469178030360359,0.002506437791,-0.20372597606396411,706
age_6-9,dep_hour_share_home_9,0.010912172899671575,0.001241093512,0.9671079387671575,706
age_6-9,dep_hour_share_leisure_10,0.007686899460979611,0.01564049153,-0.7953592069020391,706
age_6-9,dep_hour_share_leisure_11,0.015514412936489337,0.01586788215,-0.03534692135106609,706
age_6-9,dep_hour_share_leisure_12,0.04682446683852824,0.02550094039,2.132352644852824,706
age_6-9,dep_hour_share_leisure_13,0.05976095617529881,0.03378208418,2.597887199529881,706
age_6-9,dep_hour_share_leisure_14,0.18570424185610498,0.122303543,6.3400698856104984,706
age_6-9,dep_hour_share_leisure_15,0.20881181157722054,0.2590167226,-5.0204911022779495,706
age_6-9,dep_hour_share_leisure_16,0.22334192641199907,0.3432535177,-11.991159128800094,706
age_6-9,dep_hour_share_leisure_17,0.13339582845090228,0.113918991,1.9476837450902285,706
age_6-9,dep_hour_share_leisure_18,0.023576283102882588,0.04831007319,-2.473379008711741,706
age_6-9,dep_hour_share_leisure_19,0.016639325052730254,0.0009239125357,1.5715412517030254,706
age_6-9,dep_hour_share_leisure_20,0.002531052261542067,0.004557757144,-0.20267048824579334,706
age_6-9,dep_hour_share_leisure_21,0.0007499414108272792,0.0,0.07499414108272792,706
age_6-9,dep_hour_share_leisure_22,0.00046871338176704945,0.0,0.04687133817670495,706
age_6-9,dep_hour_share_leisure_23,4.687133817670495e-05,0.0,0.004687133817670495,706
age_6-9,dep_hour_share_leisure_4,0.0,0.0,0.0,706
age_6-9,dep_hour_share_leisure_5,0.0,0.0,0.0,706
age_6-9,dep_hour_share_leisure_6,0.0016404968361846731,0.002455406234,-0.08149093978153271,706
age_6-9,dep_hour_share_leisure_7,0.032200609327396296,0.009403228975,2.2797380352396295,706
age_6-9,dep_hour_share_leisure_8,0.032809936723693464,0.002589162095,3.0220774628693463,706
age_6-9,dep_hour_share_leisure_9,0.008296226857276776,0.00247628716,0.5819939697276776,706
age_6-9,dep_hour_share_other_10,0.09261875331096592,0.03253746663,6.008128668096592,706
age_6-9,dep_hour_share_other_11,0.17773265053858378,0.03207502087,14.565762966858378,706
age_6-9,dep_hour_share_other_12,0.052975454705986226,0.1659097521,-11.293429739401379,706
age_6-9,dep_hour_share_other_13,0.10851138972276178,0.09682082355,1.1690566172761776,706
age_6-9,dep_hour_share_other_14,0.08175878509623874,0.192294403,-11.053561790376126,706
age_6-9,dep_hour_share_other_15,0.06012714109129437,0.1933377376,-13.321059650870565,706
age_6-9,dep_hour_share_other_16,0.08891047148154688,0.09400496928,-0.5094497798453126,706
age_6-9,dep_hour_share_other_17,0.04688327741479781,0.07539359292,-2.8510315505202195,706
age_6-9,dep_hour_share_other_18,0.014568250044146212,0.006845559776,0.7722690268146213,706
age_6-9,dep_hour_share_other_19,0.012184354582376832,0.00774747143,0.44368831523768326,706
age_6-9,dep_hour_share_other_20,0.0025604803107893343,0.0,0.2560480310789334,706
age_6-9,dep_hour_share_other_21,0.0013243863676496556,0.0,0.13243863676496556,706
age_6-9,dep_hour_share_other_22,0.0003531696980399082,0.0,0.035316969803990815,706
age_6-9,dep_hour_share_other_23,0.0004414621225498852,0.0,0.04414621225498852,706
age_6-9,dep_hour_share_other_4,0.0,0.0,0.0,706
age_6-9,dep_hour_share_other_5,0.0,0.0,0.0,706
age_6-9,dep_hour_share_other_6,0.008211195479427865,0.01296505047,-0.4753854990572135,706
age_6-9,dep_hour_share_other_7,0.11177820942963093,0.07634882402,3.5429385409630934,706
age_6-9,dep_hour_share_other_8,0.06604273353346284,0.01371932841,5.232340512346283,706
age_6-9,dep_hour_share_other_9,0.07063393960798163,0.0,7.063393960798163,706
age_6-9,dep_hour_share_shop_10,0.01046598554697234,0.0,1.0465985546972338,706
age_6-9,dep_hour_share_shop_11,0.0299028158484924,0.0,2.99028158484924,706
age_6-9,dep_hour_share_shop_12,0.07924246199850486,0.0,7.9242461998504865,706
age_6-9,dep_hour_share_shop_13,0.01569897832045851,0.01627989073,-0.05809124095414904,706
age_6-9,dep_hour_share_shop_14,0.14502865686518815,0.142485743,0.2542913865188151,706
age_6-9,dep_hour_share_shop_15,0.3939695988038874,0.1937399981,20.022960070388738,706
age_6-9,dep_hour_share_shop_16,0.13755295290306505,0.3466340862,-20.9081133296935,706
age_6-9,dep_hour_share_shop_17,0.09419386992275106,0.1731845625,-7.899069257724895,706
age_6-9,dep_hour_share_shop_18,0.04510341390480937,0.06764836851,-2.2544954605190632,706
age_6-9,dep_hour_share_shop_19,0.00473461250934463,0.002175522493,0.255909001634463,706
age_6-9,dep_hour_share_shop_20,0.02840767505606778,0.0,2.840767505606778,706
age_6-9,dep_hour_share_shop_21,0.0,0.0,0.0,706
age_6-9,dep_hour_share_shop_22,0.0,0.0,0.0,706
age_6-9,dep_hour_share_shop_23,0.0,0.0,0.0,706
age_6-9,dep_hour_share_shop_4,0.0,0.0,0.0,706
age_6-9,dep_hour_share_shop_5,0.0,0.0,0.0,706
age_6-9,dep_hour_share_shop_6,0.0,0.0,0.0,706
age_6-9,dep_hour_share_shop_7,0.00049838026414154,0.03267823619,-3.217985592585846,706
age_6-9,dep_hour_share_shop_8,0.00423623224520309,0.0,0.423623224520309,706
age_6-9,dep_hour_share_shop_9,0.01096436581111388,0.02517359219,-1.420922637888612,706
age_6-9,dep_hour_share_work_10,0.0,,,706
age_6-9,dep_hour_share_work_11,0.23384615384615384,,,706
age_6-9,dep_hour_share_work_12,0.4246153846153846,,,706
age_6-9,dep_hour_share_work_13,0.0,,,706
age_6-9,dep_hour_share_work_14,0.0,,,706
age_6-9,dep_hour_share_work_15,0.0,,,706
age_6-9,dep_hour_share_work_16,0.0,,,706
age_6-9,dep_hour_share_work_17,0.0,,,706
age_6-9,dep_hour_share_work_18,0.0,,,706
age_6-9,dep_hour_share_work_19,0.0,,,706
age_6-9,dep_hour_share_work_20,0.0,,,706
age_6-9,dep_hour_share_work_21,0.0,,,706
age_6-9,dep_hour_share_work_22,0.0,,,706
age_6-9,dep_hour_share_work_23,0.0,,,706
age_6-9,dep_hour_share_work_4,0.0,,,706
age_6-9,dep_hour_share_work_5,0.0,,,706
age_6-9,dep_hour_share_work_6,0.0,,,706
age_6-9,dep_hour_share_work_7,0.006153846153846154,,,706
age_6-9,dep_hour_share_work_8,0.006153846153846154,,,706
age_6-9,dep_hour_share_work_9,0.3292307692307692,,,706
age_6-9,mean_work_activity_h,2.816666666666666,,,706
age_6-9,mobility_rate,0.9674805554953745,0.9594813278,0.7999227695374533,706
age_6-9,n_persons_unweighted,46157.0,706.0,45451.0,706
age_6-9,n_persons_weighted,46157.0,28815.5809,17341.4191,706
age_6-9,n_work_activities_measured,325.0,0.0,325.0,706
age_6-9,nonhome_acts_per_mobile,2.084579899677535,1.741619641,0.3429602586775349,706
age_6-9,participation_education,0.8788049483285308,0.9373912158,-5.858626747146911,706
age_6-9,participation_escort,0.03364603418766384,0.06409444435,-3.044841016233616,706
age_6-9,participation_home,0.9674805554953745,0.9594813278,0.7999227695374533,706
age_6-9,participation_leisure,0.3740277747687241,0.388149802,-1.4122027231275869,706
age_6-9,participation_other,0.180167688541283,0.06093596664,11.9231721901283,706
age_6-9,participation_shop,0.06077084732543276,0.05313031927,0.7640528055432763,706
age_6-9,participation_work,0.00240483566956258,0.0,0.240483566956258,706
age_6-9,purpose_share_education,0.3390507784521431,0.337628268,0.14225104521430887,706
age_6-9,purpose_share_escort,0.013357459695153366,0.02588004279,-1.2522583094846633,706
age_6-9,purpose_share_home,0.4151304959726568,0.4480455796,-3.2915083627343247,706
age_6-9,purpose_share_leisure,0.13404581495583118,0.1487619505,-1.4716135544168814,706
age_6-9,purpose_share_other,0.0711602015556477,0.02157326712,4.95869344356477,706
age_6-9,purpose_share_shop,0.025213304683278672,0.01811089207,0.7102412613278674,706
age_6-9,purpose_share_work,0.002041944685289202,0.0,0.2041944685289202,706
age_6-9,share_mobile_first_from_home,1.0,0.995279573,0.47204269999999715,706
age_6-9,share_mobile_last_to_home,1.0,0.9994727443,0.052725570000000666,706
age_6-9,share_mobile_odd_trip_count,0.27588677893228236,0.1899499537,8.593682523228235,706
age_6-9,share_trips_0,0.032519444504625517,0.04051867223,-0.799922772537448,706
age_6-9,share_trips_1,0.0,0.0,0.0,706
age_6-9,share_trips_2,0.37833914682496694,0.4375820244,-5.924287757503305,706
age_6-9,share_trips_3,0.10488116645362566,0.1329237479,-2.8042581446374335,706
age_6-9,share_trips_4,0.23959529432155469,0.2857796976,-4.618440327844531,706
age_6-9,share_trips_5,0.14028208072448384,0.04001094336,10.027113736448385,706
age_6-9,share_trips_6,0.05700110492449682,0.0458142383,1.1186866624496825,706
age_6-9,share_trips_7,0.020083627618779385,0.007784566773,1.2299060845779384,706
age_6-9,share_trips_8plus,0.02729813462746712,0.009586109528,1.7712025099467121,706
age_6-9,share_trips_followed_by_same_purpose,0.13096719066108745,0.02780519414,10.316199652108745,706
age_6-9,share_trips_home_based,0.8085095688669406,0.8946428729,-8.613330403305941,706
age_6-9,share_trips_unknown_purpose,0.0,0.0001330690646,-0.01330690646,706
age_6-9,share_work_activities_lt_2h,0.6584615384615384,,,706
age_6-9,tours_per_mobile,1.4795996058760301,1.413408148,0.06619145787603009,706
age_6-9,trips_per_mobile_person,3.564179505553565,3.155027789,0.40915171655356497,706
age_6-9,trips_per_person,3.4482743679181924,3.027190252,0.4210841159181924,706
age_6-9,trips_per_person_education,1.1691401087592348,1.021928997,0.14721111175923474,706
age_6-9,trips_per_person_escort,0.046060185887297704,0.07833338812,-0.032273202232702296,706
age_6-9,trips_per_person_home,1.4314838486036787,1.356138727,0.07534512160367868,706
age_6-9,trips_per_person_leisure,0.46222674783889767,0.4502708013,0.011955946538897644,706
age_6-9,trips_per_person_other,0.24537989904023225,0.06529769369,0.18008220535023223,706
age_6-9,trips_per_person_shop,0.08694239226986156,0.05481782042,0.032124571849861554,706
age_6-9,trips_per_person_work,0.0070411855189895355,0.0,0.0070411855189895355,706
age_65-74,dep_hour_share_all_10,0.08875715994305866,0.1108105452,-2.205338525694134,2722
age_65-74,dep_hour_share_all_11,0.07987467985869201,0.1009700694,-2.109538954130799,2722
age_65-74,dep_hour_share_all_12,0.07089688759619613,0.08779096375,-1.689407615380388,2722
age_65-74,dep_hour_share_all_13,0.06391142731524042,0.0771028323,-1.319140498475957,2722
age_65-74,dep_hour_share_all_14,0.07004830175220679,0.08236054864,-1.2312246887793212,2722
age_65-74,dep_hour_share_all_15,0.08349654262760302,0.07808910197,0.5407440657603013,2722
age_65-74,dep_hour_share_all_16,0.08467410921545779,0.07385285111,1.082125810545778,2722
age_65-74,dep_hour_share_all_17,0.07166245960762128,0.06362260605,0.8039853557621282,2722
age_65-74,dep_hour_share_all_18,0.05400818454897355,0.04933658805,0.46715964989735503,2722
age_65-74,dep_hour_share_all_19,0.03576973807598533,0.0297690224,0.6000715675985331,2722
age_65-74,dep_hour_share_all_20,0.023080920039231723,0.01412671421,0.8954205829231723,2722
age_65-74,dep_hour_share_all_21,0.01880724495537238,0.0158298169,0.29774280553723775,2722
age_65-74,dep_hour_share_all_22,0.015083920835549597,0.008624455007,0.6459465828549598,2722
age_65-74,dep_hour_share_all_23,0.006927043139521655,0.002520268684,0.44067744555216554,2722
age_65-74,dep_hour_share_all_4,0.0035757439730420264,0.0008479624069,0.2727781566142026,2722
age_65-74,dep_hour_share_all_5,0.007173010050822913,0.001426861863,0.5746148187822913,2722
age_65-74,dep_hour_share_all_6,0.019305327950757425,0.007144691404,1.2160636546757424,2722
age_65-74,dep_hour_share_all_7,0.042072640178080045,0.02979899475,1.2273645428080047,2722
age_65-74,dep_hour_share_all_8,0.059022834953127934,0.06937082876,-1.034799380687207,2722
age_65-74,dep_hour_share_all_9,0.08684169262130012,0.09543137519,-0.858968256869988,2722
age_65-74,dep_hour_share_education_10,0.07111262334127254,0.01526790929,5.584471405127254,2722
age_65-74,dep_hour_share_education_11,0.04048996257230351,0.02232554812,1.8164414452303508,2722
age_65-74,dep_hour_share_education_12,0.004763525008506295,0.02182966921,-1.7066144201493705,2722
age_65-74,dep_hour_share_education_13,0.013610071452875128,0.0,1.3610071452875128,2722
age_65-74,dep_hour_share_education_14,0.023137121469887716,0.1356294567,-11.24923352301123,2722
age_65-74,dep_hour_share_education_15,0.17386866281047975,0.1743245121,-0.04558492895202493,2722
age_65-74,dep_hour_share_education_16,0.09799251446070092,0.0535491089,4.444340556070092,2722
age_65-74,dep_hour_share_education_17,0.002041510717931269,0.1903135114,-18.827200068206874,2722
age_65-74,dep_hour_share_education_18,0.0006805035726437564,0.1246903067,-12.400980312735625,2722
age_65-74,dep_hour_share_education_19,0.0,0.009728485365,-0.9728485364999999,2722
age_65-74,dep_hour_share_education_20,0.0,0.0,0.0,2722
age_65-74,dep_hour_share_education_21,0.0,0.0,0.0,2722
age_65-74,dep_hour_share_education_22,0.0,0.0,0.0,2722
age_65-74,dep_hour_share_education_23,0.0,0.0,0.0,2722
age_65-74,dep_hour_share_education_4,0.0,0.0,0.0,2722
age_65-74,dep_hour_share_education_5,0.0,0.0,0.0,2722
age_65-74,dep_hour_share_education_6,0.06192582511058183,0.0,6.192582511058183,2722
age_65-74,dep_hour_share_education_7,0.24259952364749915,0.06322906052,17.937046312749917,2722
age_65-74,dep_hour_share_education_8,0.05784280367471929,0.1891124316,-13.126962792528069,2722
age_65-74,dep_hour_share_education_9,0.20993535216059883,0.0,20.993535216059882,2722
age_65-74,dep_hour_share_escort_10,0.027852279760676706,0.02651622536,0.13360544006767067,2722
age_65-74,dep_hour_share_escort_11,0.051268826077986385,0.09153890488,-4.027007880201361,2722
age_65-74,dep_hour_share_escort_12,0.059315040231070766,0.141575657,-8.226061676892924,2722
age_65-74,dep_hour_share_escort_13,0.058902413864245926,0.1286656259,-6.976321203575407,2722
age_65-74,dep_hour_share_escort_14,0.1468949865896431,0.1357603198,1.1134666789643088,2722
age_65-74,dep_hour_share_escort_15,0.1637095110377553,0.05633190058,10.73776104577553,2722
age_65-74,dep_hour_share_escort_16,0.032597482979162366,0.03503812347,-0.24406404908376353,2722
age_65-74,dep_hour_share_escort_17,0.060037136373014235,0.02991063074,3.0126505633014236,2722
age_65-74,dep_hour_share_escort_18,0.03311326593769342,0.03914182637,-0.6028560432306582,2722
age_65-74,dep_hour_share_escort_19,0.022900763358778626,0.02602994906,-0.3129185701221376,2722
age_65-74,dep_hour_share_escort_20,0.015886115122756343,0.005195545715,1.0690569407756343,2722
age_65-74,dep_hour_share_escort_21,0.04188157623272127,0.0,4.188157623272127,2722
age_65-74,dep_hour_share_escort_22,0.007839900969671963,0.008081906015,-0.024200504532803646,2722
age_65-74,dep_hour_share_escort_23,0.006189395502372601,0.0,0.6189395502372601,2722
age_65-74,dep_hour_share_escort_4,0.0,0.003419951605,-0.3419951605,2722
age_65-74,dep_hour_share_escort_5,0.0005157829585310501,0.0,0.05157829585310501,2722
age_65-74,dep_hour_share_escort_6,0.026408087476789768,0.006909895881,1.949819159578977,2722
age_65-74,dep_hour_share_escort_7,0.1298741489581184,0.107646759,2.222738995811842,2722
age_65-74,dep_hour_share_escort_8,0.05838663090571487,0.1116502506,-5.326361969428513,2722
age_65-74,dep_hour_share_escort_9,0.03105013410356922,0.04658652802,-1.5536393916430777,2722
age_65-74,dep_hour_share_home_10,0.060864101711202274,0.09317196225,-3.230786053879773,2722
age_65-74,dep_hour_share_home_11,0.08478397457219942,0.1002026003,-1.5418625727800574,2722
age_65-74,dep_hour_share_home_12,0.08583361052592675,0.1018567884,-1.6023177874073244,2722
age_65-74,dep_hour_share_home_13,0.06120412462579,0.07583051245,-1.4626387824209997,2722
age_65-74,dep_hour_share_home_14,0.0684111320545515,0.07995625316,-1.1545121105448501,2722
age_65-74,dep_hour_share_home_15,0.07918838008648409,0.08047897324,-0.12905931535159149,2722
age_65-74,dep_hour_share_home_16,0.09949366152936394,0.08794147735,1.1552184179363933,2722
age_65-74,dep_hour_share_home_17,0.11133532912000592,0.07288430151,3.845102761000592,2722
age_65-74,dep_hour_share_home_18,0.0782052703551761,0.06140209029,1.6803180065176102,2722
age_65-74,dep_hour_share_home_19,0.04741102117751414,0.03671343006,1.0697591117514136,2722
age_65-74,dep_hour_share_home_20,0.0396052777469786,0.02564003487,1.3965242876978596,2722
age_65-74,dep_hour_share_home_21,0.034534501238126916,0.03241848579,0.21160154481269164,2722
age_65-74,dep_hour_share_home_22,0.029352847691909673,0.01766250244,1.1690345251909675,2722
age_65-74,dep_hour_share_home_23,0.013053923199172118,0.005627739679,0.7426183520172118,2722
age_65-74,dep_hour_share_home_4,6.652622241933696e-05,0.0004939175948,-0.042739137238066306,2722
age_65-74,dep_hour_share_home_5,0.00048046716191743356,0.0001997118877,0.02807552742174335,2722
age_65-74,dep_hour_share_home_6,0.001833167017777285,0.004816026727,-0.29828597092227155,2722
age_65-74,dep_hour_share_home_7,0.010910300476771261,0.01504409389,-0.41337934132287396,2722
age_65-74,dep_hour_share_home_8,0.02392726466348819,0.04499854426,-2.107127959651181,2722
age_65-74,dep_hour_share_home_9,0.048564142366115975,0.06112449648,-1.2560354113884022,2722
age_65-74,dep_hour_share_leisure_10,0.09359407963031176,0.07963283128,1.3961248350311761,2722
age_65-74,dep_hour_share_leisure_11,0.06824498543347955,0.06882876956,-0.058378412652045075,2722
age_65-74,dep_hour_share_leisure_12,0.03797341191440914,0.08417370009,-4.620028817559086,2722
age_65-74,dep_hour_share_leisure_13,0.07963031175702374,0.06888803747,1.0742274287023748,2722
age_65-74,dep_hour_share_leisure_14,0.0859592137427586,0.07989133438,0.6067879362758599,2722
age_65-74,dep_hour_share_leisure_15,0.09977229347352912,0.08893338973,1.0838903743529111,2722
age_65-74,dep_hour_share_leisure_16,0.08661219569366775,0.08305374968,0.3558446013667754,2722
age_65-74,dep_hour_share_leisure_17,0.05516860328835013,0.09243936509,-3.727076180164987,2722
age_65-74,dep_hour_share_leisure_18,0.07147640893413254,0.08480404761,-1.3327638675867461,2722
age_65-74,dep_hour_share_leisure_19,0.06385828617352576,0.05312572113,1.0732565043525766,2722
age_65-74,dep_hour_share_leisure_20,0.016240833137996853,0.01135173756,0.4889095577996853,2722
age_65-74,dep_hour_share_leisure_21,0.006228443224056524,0.005136477281,0.10919659430565247,2722
age_65-74,dep_hour_share_leisure_22,0.008220875330676758,0.003953798833,0.4267076497676757,2722
age_65-74,dep_hour_share_leisure_23,0.0033486253892777017,0.0005950169203,0.2753608468977702,2722
age_65-74,dep_hour_share_leisure_4,0.0009376151089977564,0.0009499591907,-0.0012344081702243565,2722
age_65-74,dep_hour_share_leisure_5,0.0018752302179955128,0.001154741347,0.07204888709955128,2722
age_65-74,dep_hour_share_leisure_6,0.015587851187087701,0.007152571114,0.8435280073087701,2722
age_65-74,dep_hour_share_leisure_7,0.034691759032916984,0.02113571431,1.3556044722916982,2722
age_65-74,dep_hour_share_leisure_8,0.06437732310886381,0.08109519698,-1.67178738711362,2722
age_65-74,dep_hour_share_leisure_9,0.09983926598131466,0.08206895309,1.7770312891314672,2722
age_65-74,dep_hour_share_other_10,0.12004484013517026,0.1796732605,-5.962842036482972,2722
age_65-74,dep_hour_share_other_11,0.07980244346243827,0.1211780025,-4.137555903756174,2722
age_65-74,dep_hour_share_other_12,0.08630101377696907,0.05810881301,2.8192200766969067,2722
age_65-74,dep_hour_share_other_13,0.06760137769690668,0.07278338269,-0.518200499309332,2722
age_65-74,dep_hour_share_other_14,0.06552183519625682,0.09234189024,-2.6820055043743185,2722
age_65-74,dep_hour_share_other_15,0.08831557057447362,0.07009777953,1.8217791044473617,2722
age_65-74,dep_hour_share_other_16,0.08610605666753314,0.05290096307,3.3205093597533137,2722
age_65-74,dep_hour_share_other_17,0.04877177021055368,0.03281025241,1.596151780055368,2722
age_65-74,dep_hour_share_other_18,0.026790356121653237,0.009213382853,1.7576973268653238,2722
age_65-74,dep_hour_share_other_19,0.01291590850012997,0.005383154553,0.7532753947129971,2722
age_65-74,dep_hour_share_other_20,0.014264361840395113,0.002164639023,1.2099722817395113,2722
age_65-74,dep_hour_share_other_21,0.009910319729659474,0.0005696483306,0.9340671399059475,2722
age_65-74,dep_hour_share_other_22,0.005540031193137509,0.0003688176139,0.5171213579237509,2722
age_65-74,dep_hour_share_other_23,0.0034279958409149987,0.0,0.34279958409149985,2722
age_65-74,dep_hour_share_other_4,0.0009097998440343125,0.0,0.09097998440343125,2722
age_65-74,dep_hour_share_other_5,0.0009585391213932934,0.0,0.09585391213932934,2722
age_65-74,dep_hour_share_other_6,0.012038601507668313,0.001688546887,1.0350054620668312,2722
age_65-74,dep_hour_share_other_7,0.04844684169482714,0.04600457289,0.244226880482714,2722
age_65-74,dep_hour_share_other_8,0.07414868728879646,0.106821007,-3.2672319711203532,2722
age_65-74,dep_hour_share_other_9,0.13122238107616324,0.1472505132,-1.6028132123836747,2722
age_65-74,dep_hour_share_shop_10,0.17395555320666967,0.16272336,1.1232193206669656,2722
age_65-74,dep_hour_share_shop_11,0.11944084771291917,0.1342749817,-1.483413398708082,2722
age_65-74,dep_hour_share_shop_12,0.07332928150516609,0.08038347883,-0.7054197324833908,2722
age_65-74,dep_hour_share_shop_13,0.05403905610020347,0.08934954527,-3.5310489169796524,2722
age_65-74,dep_hour_share_shop_14,0.06693443965858943,0.0791550925,-1.2220652841410564,2722
age_65-74,dep_hour_share_shop_15,0.07295933197685173,0.07319409014,-0.023475816314827425,2722
age_65-74,dep_hour_share_shop_16,0.07472980471949899,0.05350510651,2.122469820949899,2722
age_65-74,dep_hour_share_shop_17,0.030335861321776816,0.03620373575,-0.5867874428223184,2722
age_65-74,dep_hour_share_shop_18,0.016779853605686654,0.009277681942,0.7502171663686654,2722
age_65-74,dep_hour_share_shop_19,0.007081890970589012,0.005995348713,0.1086542257589012,2722
age_65-74,dep_hour_share_shop_20,0.002933171260206643,0.0,0.29331712602066434,2722
age_65-74,dep_hour_share_shop_21,0.0006870491240123669,0.002183770179,-0.1496721054987633,2722
age_65-74,dep_hour_share_shop_22,0.000581349258779695,0.0,0.05813492587796951,2722
age_65-74,dep_hour_share_shop_23,0.0002906746293898475,0.0,0.029067462938984753,2722
age_65-74,dep_hour_share_shop_4,0.00034352456200618345,0.0,0.034352456200618345,2722
age_65-74,dep_hour_share_shop_5,0.0009512987870940465,0.001077890615,-0.012659182790595344,2722
age_65-74,dep_hour_share_shop_6,0.010252886927569167,0.00725155989,0.30013270375691664,2722
age_65-74,dep_hour_share_shop_7,0.03387680680707132,0.03980447332,-0.5927666512928677,2722
age_65-74,dep_hour_share_shop_8,0.11774964986919642,0.06286044798,5.488920188919642,2722
age_65-74,dep_hour_share_shop_9,0.14182279417593743,0.1627594367,-2.0936642524062576,2722
age_65-74,dep_hour_share_work_10,0.032568101933216166,0.07525156395,-4.2683462016783835,2722
age_65-74,dep_hour_share_work_11,0.021144551845342707,0.07742704047,-5.628248862465729,2722
age_65-74,dep_hour_share_work_12,0.027625219683655534,0.02367990888,0.3945310803655535,2722
age_65-74,dep_hour_share_work_13,0.051296133567662563,0.05724041023,-0.5944276662337433,2722
age_65-74,dep_hour_share_work_14,0.01845342706502636,0.05392362555,-3.547019848497364,2722
age_65-74,dep_hour_share_work_15,0.010434973637961335,0.01540678937,-0.4971815732038665,2722
age_65-74,dep_hour_share_work_16,0.00961115992970123,0.04289739038,-3.328623045029877,2722
age_65-74,dep_hour_share_work_17,0.011698154657293498,0.007523610125,0.4174544532293498,2722
age_65-74,dep_hour_share_work_18,0.006041300527240773,0.009924118752,-0.38828182247592263,2722
age_65-74,dep_hour_share_work_19,0.00664543057996485,0.0,0.664543057996485,2722
age_65-74,dep_hour_share_work_20,0.001977152899824253,0.01563034611,-1.3653193210175747,2722
age_65-74,dep_hour_share_work_21,0.001702548330404218,0.02102059769,-1.9318049359595781,2722
age_65-74,dep_hour_share_work_22,0.0002746045694200352,0.0,0.027460456942003518,2722
age_65-74,dep_hour_share_work_23,0.0002746045694200352,0.0,0.027460456942003518,2722
age_65-74,dep_hour_share_work_4,0.05651362038664323,0.01534094525,4.117267513664323,2722
age_65-74,dep_hour_share_work_5,0.11291739894551846,0.04015674082,7.276065812551846,2722
age_65-74,dep_hour_share_work_6,0.19403558875219684,0.08163405011,11.240153864219685,2722
age_65-74,dep_hour_share_work_7,0.2141915641476274,0.1315797217,8.26118424476274,2722
age_65-74,dep_hour_share_work_8,0.1295584358523726,0.2020674161,-7.250898024762742,2722
age_65-74,dep_hour_share_work_9,0.07414323374340949,0.1254917876,-5.1348553856590495,2722
age_65-74,mean_work_activity_h,5.547095400678578,4.508049344,1.0390460566785782,2722
age_65-74,mobility_rate,0.8357414586100644,0.7677188754,6.802258321006449,2722
age_65-74,n_persons_unweighted,110667.0,2722.0,107945.0,2722
age_65-74,n_persons_weighted,110667.0,104701.8215,5965.1784999999945,2722
age_65-74,n_work_activities_measured,18208.0,195.0,18013.0,2722
age_65-74,nonhome_acts_per_mobile,2.0538874893230545,2.40781451,-0.3539270206769456,2722
age_65-74,participation_education,0.021099334038150487,0.01328280801,0.7816526028150488,2722
age_65-74,participation_escort,0.06763533844777576,0.05540560553,1.2229732917775764,2722
age_65-74,participation_home,0.8357414586100644,0.7595744755,7.616698311006442,2722
age_65-74,participation_leisure,0.42304390649425755,0.4663659495,-4.332204300574244,2722
age_65-74,participation_other,0.3673181707284014,0.2865291122,8.07890585284014,2722
age_65-74,participation_shop,0.29077322056258864,0.4461536635,-15.538044293741137,2722
age_65-74,participation_work,0.13465622091499724,0.05486659912,7.978962179499724,2722
age_65-74,purpose_share_education,0.009036209403929936,0.004136457692,0.4899751711929936,2722
age_65-74,purpose_share_escort,0.02980504047692984,0.02596832393,0.3836716546929842,2722
age_65-74,purpose_share_home,0.41594541994238227,0.4264175128,-1.0472092857617743,2722
age_65-74,purpose_share_leisure,0.1836327468047361,0.2199712748,-3.633852799526391,2722
age_65-74,purpose_share_other,0.1892469415551873,0.1178365822,7.141035935518729,2722
age_65-74,purpose_share_shop,0.11635157280466846,0.1836120308,-6.7260457995331535,2722
age_65-74,purpose_share_work,0.05598206901216614,0.02205781785,3.392425116216614,2722
age_65-74,share_mobile_first_from_home,1.0,0.9858700503,1.4129949700000033,2722
age_65-74,share_mobile_last_to_home,1.0,0.9857838199,1.421618010000003,2722
age_65-74,share_mobile_odd_trip_count,0.350149747537545,0.2617860696,8.836367793754501,2722
age_65-74,share_trips_0,0.16425854138993556,0.2322811246,-6.802258321006444,2722
age_65-74,share_trips_1,0.0036867358833256527,0.005603553251,-0.19168173676743475,2722
age_65-74,share_trips_2,0.30803220472227494,0.2322006465,7.583155822227495,2722
age_65-74,share_trips_3,0.1700597287357568,0.07505438776,9.500534097575681,2722
age_65-74,share_trips_4,0.15751759783856073,0.1933910899,-3.587349206143928,2722
age_65-74,share_trips_5,0.08207505399080123,0.05876575092,2.330930307080123,2722
age_65-74,share_trips_6,0.06841244454082969,0.08893308525,-2.052064070917031,2722
age_65-74,share_trips_7,0.026783051858277535,0.0455699629,-1.8786911041722463,2722
age_65-74,share_trips_8plus,0.01917464104023783,0.06820039893,-4.902575788976217,2722
age_65-74,share_trips_followed_by_same_purpose,0.11589960860515239,0.05751895492,5.838065368515239,2722
age_65-74,share_trips_home_based,0.798629964304052,0.8527795904,-5.414962609594798,2722
age_65-74,share_trips_unknown_purpose,0.0,8.908877103e-05,-0.008908877103,2722
age_65-74,share_work_activities_lt_2h,0.18349077328646748,0.3046651366,-12.117436331353252,2722
age_65-74,tours_per_mobile,1.4627144849657796,1.789759687,-0.3270452020342205,2722
age_65-74,trips_per_mobile_person,3.516601974288834,4.197574196,-0.6809722217111656,2722
age_65-74,trips_per_person,2.9389700633431826,3.222556941,-0.28358687765681756,2722
age_65-74,trips_per_person_education,0.026557148924250228,0.0133287829,0.013228366024250227,2722
age_65-74,trips_per_person_escort,0.08759612169842862,0.08367694721,0.0039191744884286145,2722
age_65-74,trips_per_person_home,1.22245113719537,1.374032294,-0.15158115680463013,2722
age_65-74,trips_per_person_leisure,0.5396911455085979,0.7088068062,-0.16911566069140216,2722
age_65-74,trips_per_person_other,0.5561910958099524,0.3797012658,0.1764898300099524,2722
age_65-74,trips_per_person_shop,0.3419537892958154,0.5916475104,-0.24969372110418458,2722
age_65-74,trips_per_person_work,0.16452962491076834,0.07107624138,0.09345338353076833,2722
age_75+,dep_hour_share_all_10,0.11155818819716493,0.1402526586,-2.8694470402835073,1757
age_75+,dep_hour_share_all_11,0.0807492015544123,0.139188472,-5.843927044558771,1757
age_75+,dep_hour_share_all_12,0.0740194458866286,0.08437790956,-1.0358463673371412,1757
age_75+,dep_hour_share_all_13,0.06473702427589245,0.057911365,0.6825659275892453,1757
age_75+,dep_hour_share_all_14,0.08372665628294079,0.06875053446,1.4976121822940793,1757
age_75+,dep_hour_share_all_15,0.06511068107801954,0.08634828577,-2.1237604691980465,1757
age_75+,dep_hour_share_all_16,0.06863092147700633,0.07733575853,-0.8704837052993672,1757
age_75+,dep_hour_share_all_17,0.06024134296187914,0.06071213824,-0.047079527812085575,1757
age_75+,dep_hour_share_all_18,0.053491921146615065,0.04213526123,1.1356659916615066,1757
age_75+,dep_hour_share_all_19,0.03409716650147103,0.01603520517,1.8061961331471028,1757
age_75+,dep_hour_share_all_20,0.02185695630968676,0.01106124017,1.079571613968676,1757
age_75+,dep_hour_share_all_21,0.013026856090999198,0.01232677845,0.07000776409991968,1757
age_75+,dep_hour_share_all_22,0.008857632825160082,0.005184793679,0.3672839146160081,1757
age_75+,dep_hour_share_all_23,0.0025408662544642155,0.002788430283,-0.024756402853578444,1757
age_75+,dep_hour_share_all_4,0.001203568225798839,0.0009924730995,0.021109512629883892,1757
age_75+,dep_hour_share_all_5,0.005628451408882806,0.0001878658087,0.5440585600182806,1757
age_75+,dep_hour_share_all_6,0.019886408332153365,0.002586154909,1.7300253423153364,1757
age_75+,dep_hour_share_all_7,0.05081339185978823,0.02107308044,2.9740311419788235,1757
age_75+,dep_hour_share_all_8,0.07228882490835575,0.06562999095,0.6658833958355759,1757
age_75+,dep_hour_share_all_9,0.1031725429115338,0.1020002288,0.11723141115338037,1757
age_75+,dep_hour_share_education_10,0.01601470202152796,0.0,1.6014702021527958,1757
age_75+,dep_hour_share_education_11,0.0,0.2528978271,-25.289782710000004,1757
age_75+,dep_hour_share_education_12,0.14334470989761092,0.0,14.334470989761092,1757
age_75+,dep_hour_share_education_13,0.10606458388028354,0.03752681402,6.853776986028354,1757
age_75+,dep_hour_share_education_14,0.09740089262273563,0.1904885103,-9.308761767726438,1757
age_75+,dep_hour_share_education_15,0.013914413231819375,0.09714150777,-8.322709453818062,1757
age_75+,dep_hour_share_education_16,0.06720924127067472,0.1357520537,-6.8542812429325295,1757
age_75+,dep_hour_share_education_17,0.07456025203465476,0.0,7.456025203465476,1757
age_75+,dep_hour_share_education_18,0.002887897085849304,0.0,0.2887897085849304,1757
age_75+,dep_hour_share_education_19,0.0,0.0,0.0,1757
age_75+,dep_hour_share_education_20,0.0,0.0,0.0,1757
age_75+,dep_hour_share_education_21,0.0,0.0,0.0,1757
age_75+,dep_hour_share_education_22,0.0,0.0,0.0,1757
age_75+,dep_hour_share_education_23,0.0,0.0,0.0,1757
age_75+,dep_hour_share_education_4,0.0,0.0,0.0,1757
age_75+,dep_hour_share_education_5,0.0,0.0,0.0,1757
age_75+,dep_hour_share_education_6,0.11394066684169073,0.0,11.394066684169072,1757
age_75+,dep_hour_share_education_7,0.27671304804410607,0.0,27.671304804410607,1757
age_75+,dep_hour_share_education_8,0.07692307692307693,0.1728129148,-9.588983787692307,1757
age_75+,dep_hour_share_education_9,0.011026516145970071,0.1133803723,-10.235385615402993,1757
age_75+,dep_hour_share_escort_10,0.062219730941704035,0.08295596132,-2.073623037829596,1757
age_75+,dep_hour_share_escort_11,0.05848281016442451,0.1464836642,-8.80008540355755,1757
age_75+,dep_hour_share_escort_12,0.1507847533632287,0.08061840341,7.016634995322869,1757
age_75+,dep_hour_share_escort_13,0.05194319880418535,0.09138832238,-3.9445123575814645,1757
age_75+,dep_hour_share_escort_14,0.07492526158445441,0.0731167491,0.18085124844544054,1757
age_75+,dep_hour_share_escort_15,0.025037369207772796,0.07856438134,-5.352701213222721,1757
age_75+,dep_hour_share_escort_16,0.018871449925261585,0.09433086214,-7.545941221473841,1757
age_75+,dep_hour_share_escort_17,0.14947683109118087,0.03916106827,11.031576282118086,1757
age_75+,dep_hour_share_escort_18,0.12481315396113603,0.04059220942,8.422094454113603,1757
age_75+,dep_hour_share_escort_19,0.023542600896860985,0.005843814637,1.7698786259860984,1757
age_75+,dep_hour_share_escort_20,0.0009342301943198804,0.02386732631,-2.293309611568012,1757
age_75+,dep_hour_share_escort_21,0.0007473841554559044,0.003627052286,-0.2879668130544096,1757
age_75+,dep_hour_share_escort_22,0.0001868460388639761,0.008344154487,-0.8157308448136025,1757
age_75+,dep_hour_share_escort_23,0.0001868460388639761,0.0,0.01868460388639761,1757
age_75+,dep_hour_share_escort_4,0.0005605381165919282,0.0,0.05605381165919283,1757
age_75+,dep_hour_share_escort_5,0.02055306427503737,0.0,2.055306427503737,1757
age_75+,dep_hour_share_escort_6,0.025971599402092677,0.0,2.5971599402092678,1757
age_75+,dep_hour_share_escort_7,0.043721973094170405,0.05330566248,-0.9583689385829597,1757
age_75+,dep_hour_share_escort_8,0.04185351270553064,0.07561813287,-3.376462016446935,1757
age_75+,dep_hour_share_escort_9,0.12406576980568013,0.06283893447,6.122683533568013,1757
age_75+,dep_hour_share_home_10,0.08862134597428716,0.1072685476,-1.8647201625712846,1757
age_75+,dep_hour_share_home_11,0.09321805645335057,0.1537783162,-6.056025974664942,1757
age_75+,dep_hour_share_home_12,0.08943833943833944,0.111457598,-2.2019258561660564,1757
age_75+,dep_hour_share_home_13,0.057261366084895494,0.05902988695,-0.17685208651045045,1757
age_75+,dep_hour_share_home_14,0.09992458521870287,0.0554112846,4.451330061870287,1757
age_75+,dep_hour_share_home_15,0.08100804424333836,0.08534048539,-0.43324411466616336,1757
age_75+,dep_hour_share_home_16,0.0839707677942972,0.1042695572,-2.0298789405702804,1757
age_75+,dep_hour_share_home_17,0.0802449184802126,0.07229917472,0.7945743760212607,1757
age_75+,dep_hour_share_home_18,0.06350104144221791,0.05317439514,1.0326646302217912,1757
age_75+,dep_hour_share_home_19,0.057683329742153275,0.02232961792,3.5353711822153273,1757
age_75+,dep_hour_share_home_20,0.042079652373770024,0.02070951551,2.1370136863770024,1757
age_75+,dep_hour_share_home_21,0.027517417223299576,0.02696688922,0.055052800329957394,1757
age_75+,dep_hour_share_home_22,0.017677583854054442,0.009924744398,0.7752839456054441,1757
age_75+,dep_hour_share_home_23,0.005261078790490556,0.005270412678,-0.0009333887509444666,1757
age_75+,dep_hour_share_home_4,0.00019751490339725634,0.001157582957,-0.09600680536027437,1757
age_75+,dep_hour_share_home_5,0.0009247288659053365,0.0,0.09247288659053364,1757
age_75+,dep_hour_share_home_6,0.0035642462113050347,0.0004001626772,0.3164083534105035,1757
age_75+,dep_hour_share_home_7,0.00930115635997989,0.008660138639,0.06410177209798892,1757
age_75+,dep_hour_share_home_8,0.027975292681175035,0.04031015037,-1.2334857688824963,1757
age_75+,dep_hour_share_home_9,0.06418336565395388,0.06096797535,0.3215390303953881,1757
age_75+,dep_hour_share_leisure_10,0.10811198851399856,0.1087361696,-0.06241810860014435,1757
age_75+,dep_hour_share_leisure_11,0.0592964824120603,0.09637348618,-3.7077003767939694,1757
age_75+,dep_hour_share_leisure_12,0.04522613065326633,0.0689004136,-2.367428294673367,1757
age_75+,dep_hour_share_leisure_13,0.05436707346255085,0.07426174988,-1.9894676417449157,1757
age_75+,dep_hour_share_leisure_14,0.0816223977027997,0.09584862902,-1.42262313172003,1757
age_75+,dep_hour_share_leisure_15,0.0745393634840871,0.1154246229,-4.088525941591289,1757
age_75+,dep_hour_share_leisure_16,0.0680067001675042,0.05235435328,1.5652346887504192,1757
age_75+,dep_hour_share_leisure_17,0.0834410145967935,0.08548245401,-0.20414394132065028,1757
age_75+,dep_hour_share_leisure_18,0.07851160564728404,0.07529126466,0.3220340987284048,1757
age_75+,dep_hour_share_leisure_19,0.03563053362048337,0.02724206847,0.8388465150483373,1757
age_75+,dep_hour_share_leisure_20,0.013113184972481455,0.007190845342,0.5922339630481455,1757
age_75+,dep_hour_share_leisure_21,0.003206508734146925,0.002202242151,0.1004266583146925,1757
age_75+,dep_hour_share_leisure_22,0.005312275664034458,0.003726288702,0.15859869620344574,1757
age_75+,dep_hour_share_leisure_23,0.0004546542234984446,0.002647351203,-0.21926969795015555,1757
age_75+,dep_hour_share_leisure_4,0.0008853792773390763,0.002482956162,-0.15975768846609237,1757
age_75+,dep_hour_share_leisure_5,0.006054079923426657,0.0,0.6054079923426656,1757
age_75+,dep_hour_share_leisure_6,0.012754247427614262,0.003994981942,0.8759265485614263,1757
age_75+,dep_hour_share_leisure_7,0.039172050729839675,0.02685075774,1.2321292989839674,1757
age_75+,dep_hour_share_leisure_8,0.10399617133285476,0.08000139048,2.3994780852854753,1757
age_75+,dep_hour_share_leisure_9,0.12493419478344102,0.07098797462,5.394622016344101,1757
age_75+,dep_hour_share_other_10,0.12899848525349727,0.2016516118,-7.2653126546502715,1757
age_75+,dep_hour_share_other_11,0.09017196827942618,0.1370475612,-4.687559292057382,1757
age_75+,dep_hour_share_other_12,0.049852980486500935,0.0384005106,1.1452469886500936,1757
age_75+,dep_hour_share_other_13,0.0673616680032077,0.03175840438,3.5603263623207697,1757
age_75+,dep_hour_share_other_14,0.06462175888799786,0.08103297054,-1.6411211652002142,1757
age_75+,dep_hour_share_other_15,0.06292880691437228,0.07709632233,-1.4167515415627718,1757
age_75+,dep_hour_share_other_16,0.0693887552347857,0.04479360352,2.4595151714785697,1757
age_75+,dep_hour_share_other_17,0.022208856811904126,0.03314536162,-1.0936504808095875,1757
age_75+,dep_hour_share_other_18,0.04493005435266863,0.007321502186,3.7608552166668625,1757
age_75+,dep_hour_share_other_19,0.01082598235765838,0.004783734651,0.604224770665838,1757
age_75+,dep_hour_share_other_20,0.004187828566336986,0.001527661785,0.2660166781336986,1757
age_75+,dep_hour_share_other_21,0.0018711574445335472,0.0004788788905,0.13922785540335472,1757
age_75+,dep_hour_share_other_22,0.0008019246190858059,0.0,0.08019246190858059,1757
age_75+,dep_hour_share_other_23,0.0006905461997683328,0.0,0.06905461997683328,1757
age_75+,dep_hour_share_other_4,0.00015592978704446225,0.0,0.015592978704446226,1757
age_75+,dep_hour_share_other_5,0.00037868662567940833,0.00121498969,-0.08363030643205917,1757
age_75+,dep_hour_share_other_6,0.03136416287980041,0.002476732209,2.888743067080041,1757
age_75+,dep_hour_share_other_7,0.11870711930856277,0.04703117968,7.167593962856278,1757
age_75+,dep_hour_share_other_8,0.09901541477323354,0.1042349238,-0.5219509026766461,1757
age_75+,dep_hour_share_other_9,0.1292880691437227,0.175755808,-4.646773885627731,1757
age_75+,dep_hour_share_shop_10,0.19959245519619626,0.2087992818,-0.920682660380373,1757
age_75+,dep_hour_share_shop_11,0.0822927007680652,0.1533425538,-7.10498530319348,1757
age_75+,dep_hour_share_shop_12,0.08247557343643869,0.07528007254,0.719550089643868,1757
age_75+,dep_hour_share_shop_13,0.0983071215841998,0.05509187559,4.32152459941998,1757
age_75+,dep_hour_share_shop_14,0.07401118135743769,0.06113938107,1.2871800287437687,1757
age_75+,dep_hour_share_shop_15,0.033126077642510056,0.06822457185,-3.5098494207489943,1757
age_75+,dep_hour_share_shop_16,0.04341919640524583,0.06710347312,-2.3684276714754176,1757
age_75+,dep_hour_share_shop_17,0.018365640838079313,0.03537323174,-1.7007590901920684,1757
age_75+,dep_hour_share_shop_18,0.01368932546110037,0.0108462037,0.28431217611003706,1757
age_75+,dep_hour_share_shop_19,0.003370082031454099,0.001063710266,0.23063717654540988,1757
age_75+,dep_hour_share_shop_20,0.0032133340299911176,0.0,0.3213334029991118,1757
age_75+,dep_hour_share_shop_21,0.0005486180051204347,0.0008895349251,-0.03409169199795652,1757
age_75+,dep_hour_share_shop_22,0.0005747426720309316,0.0,0.05747426720309316,1757
age_75+,dep_hour_share_shop_23,0.00020899733528397514,0.0,0.020899733528397513,1757
age_75+,dep_hour_share_shop_4,5.2249333820993784e-05,0.0,0.005224933382099378,1757
age_75+,dep_hour_share_shop_5,0.0015936046815403103,0.0,0.15936046815403102,1757
age_75+,dep_hour_share_shop_6,0.006087047390145776,0.003147675821,0.29393715691457756,1757
age_75+,dep_hour_share_shop_7,0.03179371963007472,0.02041468547,1.1379034160074721,1757
age_75+,dep_hour_share_shop_8,0.12362192382047128,0.0646015702,5.902035362047128,1757
age_75+,dep_hour_share_shop_9,0.1815925596948639,0.1746821781,0.6910381594863901,1757
age_75+,dep_hour_share_work_10,0.01705000572147843,0.07434471358,-5.729470785852158,1757
age_75+,dep_hour_share_work_11,0.01807987183888317,0.01929711201,-0.12172401711168304,1757
age_75+,dep_hour_share_work_12,0.025060075523515277,0.09843333039,-7.337325486648473,1757
age_75+,dep_hour_share_work_13,0.038906053324178964,0.02364396595,1.5262087374178963,1757
age_75+,dep_hour_share_work_14,0.02746309646412633,0.01643313137,1.102996509412633,1757
age_75+,dep_hour_share_work_15,0.015562421329671587,0.03231314461,-1.6750723280328408,1757
age_75+,dep_hour_share_work_16,0.013731548232063165,0.0,1.3731548232063164,1757
age_75+,dep_hour_share_work_17,0.012243963840256323,0.0,1.2243963840256322,1757
age_75+,dep_hour_share_work_18,0.002975168783613686,0.03378738214,-3.0812213356386318,1757
age_75+,dep_hour_share_work_19,0.0016020139604073693,0.0,0.16020139604073694,1757
age_75+,dep_hour_share_work_20,0.0006865774116031583,0.0,0.06865774116031582,1757
age_75+,dep_hour_share_work_21,0.0004577182744021055,0.0,0.04577182744021055,1757
age_75+,dep_hour_share_work_22,0.00022885913720105275,0.0,0.022885913720105275,1757
age_75+,dep_hour_share_work_23,0.00011442956860052638,0.0,0.011442956860052637,1757
age_75+,dep_hour_share_work_4,0.0268909486211237,0.0,2.68909486211237,1757
age_75+,dep_hour_share_work_5,0.10149902734866689,0.002988362444,9.851066490466689,1757
age_75+,dep_hour_share_work_6,0.21878933516420643,0.1164616422,10.232769296420642,1757
age_75+,dep_hour_share_work_7,0.2760041194644696,0.01476200325,26.124211621446964,1757
age_75+,dep_hour_share_work_8,0.13994736239844377,0.4807737085,-34.08263461015563,1757
age_75+,dep_hour_share_work_9,0.04577182744021055,0.04028559832,0.5486229120210552,1757
age_75+,mean_work_activity_h,5.706603341725795,4.157264988,1.549338353725795,1757
age_75+,mobility_rate,0.7597071784709214,0.7161184435,4.358873497092142,1757
age_75+,n_persons_unweighted,110511.0,1757.0,108754.0,1757
age_75+,n_persons_weighted,110511.0,74247.32901,36263.67099,1757
age_75+,n_work_activities_measured,8738.0,21.0,8717.0,1757
age_75+,nonhome_acts_per_mobile,1.7016056029348707,2.178282042,-0.47667643906512946,1757
age_75+,participation_education,0.02266742677199555,0.005425378628,1.7242048143995548,1757
age_75+,participation_escort,0.035353946665942756,0.04312282707,-0.7768880404057245,1757
age_75+,participation_home,0.7597071784709214,0.7090660818,5.064109667092143,1757
age_75+,participation_leisure,0.3086932522554316,0.3928226251,-8.41293728445684,1757
age_75+,participation_other,0.3303653030015112,0.3145649768,1.5800326201511172,1757
age_75+,participation_shop,0.30791504918062457,0.3890343395,-8.111929031937542,1757
age_75+,participation_work,0.06685307344970184,0.01256186084,5.429121260970184,1757
age_75+,purpose_share_education,0.014981671150548293,0.002305597265,1.2676073885548291,1757
age_75+,purpose_share_escort,0.021050644262991455,0.02217510901,-0.11244647470085439,1757
age_75+,purpose_share_home,0.4380988341907774,0.4299173366,0.8181497590777409,1757
age_75+,purpose_share_leisure,0.1643696606409591,0.1993583812,-3.49887205590409,1757
age_75+,purpose_share_other,0.1765705385377826,0.1410283854,3.5542153137782586,1757
age_75+,purpose_share_shop,0.15055615865074495,0.1997667241,-4.921056544925503,1757
age_75+,purpose_share_work,0.034372492566196254,0.005448466475,2.8924026091196255,1757
age_75+,share_mobile_first_from_home,1.0,0.9846670343,1.5332965699999979,1757
age_75+,share_mobile_last_to_home,1.0,0.979422835,2.0577164999999953,1757
age_75+,share_mobile_odd_trip_count,0.2842203058745057,0.2527318391,3.1488466774505675,1757
age_75+,share_trips_0,0.24029282152907855,0.2838815565,-4.358873497092147,1757
age_75+,share_trips_1,0.0007963008207327777,0.007999159324,-0.7202858503267222,1757
age_75+,share_trips_2,0.3885495561527812,0.2597294843,12.882007185278121,1757
age_75+,share_trips_3,0.1566450398602854,0.07853855337,7.810648649028542,1757
age_75+,share_trips_4,0.10623376858412285,0.1787453697,-7.251160111587714,1757
age_75+,share_trips_5,0.04800427106803848,0.05599159257,-0.798732150196152,1757
age_75+,share_trips_6,0.04019509370107953,0.06113342987,-2.093833616892047,1757
age_75+,share_trips_7,0.009302241405832903,0.02487302184,-1.5570780434167095,1757
age_75+,share_trips_8plus,0.009980906878048338,0.04910783257,-3.9126925691951664,1757
age_75+,share_trips_followed_by_same_purpose,0.08690470571576911,0.0518164098,3.508829591576911,1757
age_75+,share_trips_home_based,0.8429658123692201,0.8612071433,-1.8241330930779953,1757
age_75+,share_trips_unknown_purpose,0.0,0.0,0.0,1757
age_75+,share_work_activities_lt_2h,0.1699473563744564,0.3424019536,-17.245459722554358,1757
age_75+,tours_per_mobile,1.3266949354423745,1.642711266,-0.31601633055762557,1757
age_75+,trips_per_mobile_person,3.028300538377245,3.820993308,-0.7926927696227546,1757
age_75+,trips_per_person,2.3006216575725493,2.736283781,-0.4356621234274507,1757
age_75+,trips_per_person_education,0.03446715711558125,0.0063087684,0.02815838871558125,1757
age_75+,trips_per_person_escort,0.048429568097293485,0.06067739112,-0.012247823022706515,1757
age_75+,trips_per_person_home,1.0078996660965878,1.176375835,-0.16847616890341222,1757
age_75+,trips_per_person_leisure,0.3781524011184407,0.545501105,-0.16734870388155937,1757
age_75+,trips_per_person_other,0.40622200504927114,0.3858936835,0.020328321549271167,1757
age_75+,trips_per_person_shop,0.34637275927283256,0.5466184471,-0.2002456878271674,1757
age_75+,trips_per_person_work,0.07907810082254255,0.01490855045,0.06416955037254254,1757
all,dep_hour_share_all_10,0.04593981922176853,0.05208275243,-0.614293320823147,18223
all,dep_hour_share_all_11,0.05017456669365416,0.05638717976,-0.6212613066345845,18223
all,dep_hour_share_all_12,0.061164092076116436,0.06122048412,-0.005639204388356578,18223
all,dep_hour_share_all_13,0.067288785387211,0.07229829733,-0.5009511942788993,18223
all,dep_hour_share_all_14,0.07346398401322007,0.07193688752,0.15270964932200676,18223
all,dep_hour_share_all_15,0.08678260510725758,0.09129177653,-0.4509171422742417,18223
all,dep_hour_share_all_16,0.08884500811934529,0.09313951947,-0.42945113506547145,18223
all,dep_hour_share_all_17,0.07831957730746927,0.08325053706,-0.4930959752530731,18223
all,dep_hour_share_all_18,0.06329516999811836,0.06232227312,0.09728968781183636,18223
all,dep_hour_share_all_19,0.041006620199723884,0.03832407875,0.26825414497238864,18223
all,dep_hour_share_all_20,0.02919207202057907,0.02323517727,0.5956894750579068,18223
all,dep_hour_share_all_21,0.0204592719289304,0.01689596206,0.35633098689304005,18223
all,dep_hour_share_all_22,0.015143895493416909,0.01114277512,0.4001120373416909,18223
all,dep_hour_share_all_23,0.007654942761156362,0.003609894486,0.4045048275156362,18223
all,dep_hour_share_all_4,0.003945881707313693,0.002569121759,0.13767599483136927,18223
all,dep_hour_share_all_5,0.015011165062147714,0.01238511537,0.26260496921477144,18223
all,dep_hour_share_all_6,0.04561984957423096,0.03307486761,1.2544981964230955,18223
all,dep_hour_share_all_7,0.08898174202069917,0.102717226,-1.3735483979300827,18223
all,dep_hour_share_all_8,0.05825295340607536,0.06368874809,-0.543579468392464,18223
all,dep_hour_share_all_9,0.048194696757158435,0.04633409046,0.18606062971584375,18223
all,dep_hour_share_education_10,0.013867181446667582,0.01127198533,0.2595196116667583,18223
all,dep_hour_share_education_11,0.026202420115382742,0.01820934422,0.7993075895382742,18223
all,dep_hour_share_education_12,0.026600902340861696,0.02153748165,0.5063420690861696,18223
all,dep_hour_share_education_13,0.02861545136967196,0.02866261207,-0.004716070032803957,18223
all,dep_hour_share_education_14,0.02167743306605507,0.01802018268,0.3657250386055071,18223
all,dep_hour_share_education_15,0.035938669157918504,0.01783646586,1.8102203297918502,18223
all,dep_hour_share_education_16,0.018086665456461388,0.01602070108,0.20659643764613864,18223
all,dep_hour_share_education_17,0.008376981895624223,0.01398119051,-0.5604208614375777,18223
all,dep_hour_share_education_18,0.005321951500285579,0.005305116992,0.001683450828557885,18223
all,dep_hour_share_education_19,0.004153070305547315,0.001884147068,0.2268923237547315,18223
all,dep_hour_share_education_20,0.0002922202986845659,0.0004658888282,-0.01736685295154341,18223
all,dep_hour_share_education_21,0.00017710321132397933,0.0004652239367,-0.028812072537602068,18223
all,dep_hour_share_education_22,0.00011511708736058657,0.0,0.011511708736058657,18223
all,dep_hour_share_education_23,5.7558543680293284e-05,0.0,0.005755854368029329,18223
all,dep_hour_share_education_4,0.0006907025241635194,0.0,0.06907025241635194,18223
all,dep_hour_share_education_5,0.004011387736488132,0.001188721285,0.28226664514881317,18223
all,dep_hour_share_education_6,0.17452193201893235,0.06624452555,10.827740646893234,18223
all,dep_hour_share_education_7,0.47110339728235123,0.617002642,-14.589924471764876,18223
all,dep_hour_share_education_8,0.1293871786130162,0.1259639598,0.34232188130162156,18223
all,dep_hour_share_education_9,0.02988616691092151,0.03593981114,-0.605364422907849,18223
all,dep_hour_share_escort_10,0.016310377266681806,0.01565574758,0.06546296866818055,18223
all,dep_hour_share_escort_11,0.033256560807084695,0.03004725867,0.3209302137084695,18223
all,dep_hour_share_escort_12,0.06014208323871931,0.0528680563,0.7274026938719307,18223
all,dep_hour_share_escort_13,0.07847017225159762,0.08932804703,-1.0857874778402374,18223
all,dep_hour_share_escort_14,0.13187789924416907,0.115349183,1.6528716244169073,18223
all,dep_hour_share_escort_15,0.11730625750154086,0.1244621437,-0.7155886198459138,18223
all,dep_hour_share_escort_16,0.08299218217796088,0.05920440843,2.378777374796088,18223
all,dep_hour_share_escort_17,0.05860447010737341,0.05249078204,0.6113688067373404,18223
all,dep_hour_share_escort_18,0.04246277613780128,0.03538729115,0.7075484987801278,18223
all,dep_hour_share_escort_19,0.015888669023907613,0.01797240353,-0.2083734506092387,18223
all,dep_hour_share_escort_20,0.0088104583644208,0.005678119723,0.31323386414207993,18223
all,dep_hour_share_escort_21,0.010789243195899698,0.004239624988,0.6549618207899698,18223
all,dep_hour_share_escort_22,0.0028157134979076783,0.01415427905,-1.1338565552092321,18223
all,dep_hour_share_escort_23,0.002147468128588575,0.0,0.21474681285885752,18223
all,dep_hour_share_escort_4,0.0008563921237875888,0.0006932826375,0.01631094862875888,18223
all,dep_hour_share_escort_5,0.001907418821163266,0.001337280905,0.057013791616326595,18223
all,dep_hour_share_escort_6,0.0385571090278003,0.01618361979,2.23734892378003,18223
all,dep_hour_share_escort_7,0.17323774613163784,0.2309359067,-5.769816056836216,18223
all,dep_hour_share_escort_8,0.0944821098387777,0.1134596022,-1.8977492361222301,18223
all,dep_hour_share_escort_9,0.025120835631102605,0.0168111617,0.8309673931102605,18223
all,dep_hour_share_home_10,0.03388179669733277,0.04046123877,-0.6579442072667231,18223
all,dep_hour_share_home_11,0.0493030104687731,0.0585540642,-0.92510537312269,18223
all,dep_hour_share_home_12,0.0746268767603044,0.06647582231,0.8151054450304396,18223
all,dep_hour_share_home_13,0.08121750100111218,0.09330815006,-1.209064905888782,18223
all,dep_hour_share_home_14,0.08317440600058099,0.08069255332,0.2481852680580987,18223
all,dep_hour_share_home_15,0.10308520857680109,0.1093322941,-0.6247085523198914,18223
all,dep_hour_share_home_16,0.11030658921265406,0.116839246,-0.6532656787345936,18223
all,dep_hour_share_home_17,0.10270333721395866,0.1064625149,-0.37591776860413373,18223
all,dep_hour_share_home_18,0.08731927046225009,0.08747836701,-0.015909654774991233,18223
all,dep_hour_share_home_19,0.05888396979798708,0.05159458958,0.7289380217987078,18223
all,dep_hour_share_home_20,0.05243599011294923,0.04105673517,1.137925494294923,18223
all,dep_hour_share_home_21,0.038594267620503074,0.0308444887,0.7749778920503075,18223
all,dep_hour_share_home_22,0.03042638092188502,0.02079915672,0.962722420188502,18223
all,dep_hour_share_home_23,0.0158060568958613,0.00713848223,0.8667574665861301,18223
all,dep_hour_share_home_4,7.800874143668328e-05,0.0007880555536,-0.07100468121633167,18223
all,dep_hour_share_home_5,0.0006827622226696375,0.002243374312,-0.15606120893303624,18223
all,dep_hour_share_home_6,0.0021552700848363636,0.005951955834,-0.3796685749163637,18223
all,dep_hour_share_home_7,0.009918997208772937,0.01771765154,-0.7798654331227064,18223
all,dep_hour_share_home_8,0.019419718975366325,0.03211590665,-1.2696187674633672,18223
all,dep_hour_share_home_9,0.02757126098530241,0.02755384938,0.0017411605302410788,18223
all,dep_hour_share_leisure_10,0.04501374930036746,0.05123809208,-0.622434277963254,18223
all,dep_hour_share_leisure_11,0.040043316379918724,0.04645842328,-0.6415106900081278,18223
all,dep_hour_share_leisure_12,0.048688341079989296,0.06364873778,-1.496039670001071,18223
all,dep_hour_share_leisure_13,0.059164577908646244,0.05387841209,0.5286165818646243,18223
all,dep_hour_share_leisure_14,0.08199693378434283,0.07686726499,0.5129668794342832,18223
all,dep_hour_share_leisure_15,0.10124392637837751,0.1102737997,-0.9029873321622486,18223
all,dep_hour_share_leisure_16,0.1278766050990031,0.1294178436,-0.1541238500996911,18223
all,dep_hour_share_leisure_17,0.12450214553979186,0.1191116262,0.5390519339791857,18223
all,dep_hour_share_leisure_18,0.09977368408244713,0.1016873967,-0.1913712617552868,18223
all,dep_hour_share_leisure_19,0.06559916936380081,0.07607784797,-1.0478678606199194,18223
all,dep_hour_share_leisure_20,0.027170077628793227,0.0244133345,0.27567431287932254,18223
all,dep_hour_share_leisure_21,0.014029153383787994,0.01228588096,0.17432724237879932,18223
all,dep_hour_share_leisure_22,0.00989625159191752,0.006821451648,0.307479994391752,18223
all,dep_hour_share_leisure_23,0.0032649518571695097,0.001633402206,0.16315496511695096,18223
all,dep_hour_share_leisure_4,0.00035691399183964827,0.002422411664,-0.2065497672160352,18223
all,dep_hour_share_leisure_5,0.00460946308779273,0.003823253606,0.07862094817927298,18223
all,dep_hour_share_leisure_6,0.016720203765442615,0.01165320072,0.5067003045442615,18223
all,dep_hour_share_leisure_7,0.0260973077328661,0.02062581758,0.5471490152866101,18223
all,dep_hour_share_leisure_8,0.04481298517995766,0.04255933534,0.22536498399576624,18223
all,dep_hour_share_leisure_9,0.05559543799024976,0.04425437079,1.1341067200249764,18223
all,dep_hour_share_other_10,0.08660320597754079,0.1301118092,-4.350860322245922,18223
all,dep_hour_share_other_11,0.08263646039227611,0.09145098908,-0.8814528687723894,18223
all,dep_hour_share_other_12,0.06881665544429723,0.05132191486,1.749474058429723,18223
all,dep_hour_share_other_13,0.07699450465909338,0.06001855461,1.6975950049093385,18223
all,dep_hour_share_other_14,0.08735528573600643,0.09755224515,-1.0196959413993567,18223
all,dep_hour_share_other_15,0.08720324073068485,0.1054314224,-1.8228181669315155,18223
all,dep_hour_share_other_16,0.0863995742739851,0.08905000017,-0.2650425896014899,18223
all,dep_hour_share_other_17,0.05609917678489976,0.05648435509,-0.03851783051002436,18223
all,dep_hour_share_other_18,0.04434826994504659,0.01983289418,2.451537576504659,18223
all,dep_hour_share_other_19,0.031082343230739155,0.007601686856,2.3480656374739155,18223
all,dep_hour_share_other_20,0.015774669302113426,0.003986890487,1.1787778815113428,18223
all,dep_hour_share_other_21,0.010360781076913052,0.004324751579,0.6036029497913052,18223
all,dep_hour_share_other_22,0.005202111253502465,0.002829444726,0.23726665275024653,18223
all,dep_hour_share_other_23,0.003179369664849367,0.002102075094,0.10772945708493668,18223
all,dep_hour_share_other_4,0.001094181020439193,0.0,0.10941810204391929,18223
all,dep_hour_share_other_5,0.002256239275396946,0.001597040282,0.06591989933969458,18223
all,dep_hour_share_other_6,0.015943004843719456,0.01265661625,0.3286388593719455,18223
all,dep_hour_share_other_7,0.06479560807141771,0.05086334049,1.393226758141771,18223
all,dep_hour_share_other_8,0.07859912248311214,0.096064651,-1.746552851688786,18223
all,dep_hour_share_other_9,0.08820239362279807,0.1148234528,-2.6621059177201936,18223
all,dep_hour_share_shop_10,0.12148286131521152,0.113573183,0.7909678315211527,18223
all,dep_hour_share_shop_11,0.09490189765466595,0.1045408637,-0.9638966045334054,18223
all,dep_hour_share_shop_12,0.07997286326997596,0.08070060705,-0.07277437800240344,18223
all,dep_hour_share_shop_13,0.06394762764420221,0.06772682363,-0.37791959857977897,18223
all,dep_hour_share_shop_14,0.07738184215468703,0.07479634652,0.2585495634687032,18223
all,dep_hour_share_shop_15,0.09732810529664508,0.09546457991,0.18635253866450818,18223
all,dep_hour_share_shop_16,0.08666888973212061,0.1031216009,-1.6452711167879386,18223
all,dep_hour_share_shop_17,0.07250259677042249,0.09223050614,-1.972790936957751,18223
all,dep_hour_share_shop_18,0.04766558962978294,0.04335069655,0.43148930797829443,18223
all,dep_hour_share_shop_19,0.0186890812990368,0.02151343125,-0.2824349950963201,18223
all,dep_hour_share_shop_20,0.0054273460048064204,0.006442516701,-0.10151706961935794,18223
all,dep_hour_share_shop_21,0.0028401577609898005,0.005893960561,-0.30538028000101997,18223
all,dep_hour_share_shop_22,0.0025680238864550153,0.0006416588402,0.19263650462550153,18223
all,dep_hour_share_shop_23,0.00047910893404011485,0.0005087035568,-0.0029594622759885137,18223
all,dep_hour_share_shop_4,0.0002453037742285388,0.0,0.02453037742285388,18223
all,dep_hour_share_shop_5,0.0007129140938516909,0.0003825330999,0.033038099395169086,18223
all,dep_hour_share_shop_6,0.008646958041555993,0.007791666165,0.08552918765559929,18223
all,dep_hour_share_shop_7,0.033924745401512454,0.02966680839,0.4257937011512454,18223
all,dep_hour_share_shop_8,0.07147155434436817,0.05374159274,1.772996160436817,18223
all,dep_hour_share_shop_9,0.11065883227737724,0.09791192129,1.274691098737725,18223
all,dep_hour_share_work_10,0.030424285273743353,0.0303903156,0.0033969673743354523,18223
all,dep_hour_share_work_11,0.026520650154565898,0.03001389447,-0.3493244315434102,18223
all,dep_hour_share_work_12,0.031753075648286735,0.05146979714,-1.9716721491713267,18223
all,dep_hour_share_work_13,0.04112982281959289,0.0513865555,-1.025673268040711,18223
all,dep_hour_share_work_14,0.021506346854402184,0.02808671787,-0.6580371015597817,18223
all,dep_hour_share_work_15,0.023597311330570452,0.01634328475,0.7254026580570453,18223
all,dep_hour_share_work_16,0.014175435429562828,0.01024163755,0.3933797879562828,18223
all,dep_hour_share_work_17,0.010484908200642332,0.009852105267,0.06328029336423319,18223
all,dep_hour_share_work_18,0.005721320065486801,0.004006507796,0.17148122694868015,18223
all,dep_hour_share_work_19,0.004610651884500537,0.001186497274,0.3424154610500537,18223
all,dep_hour_share_work_20,0.005427983322427224,0.005229557461,0.019842586142722416,18223
all,dep_hour_share_work_21,0.003281861509957153,0.005844712427,-0.2562850917042847,18223
all,dep_hour_share_work_22,0.0007396097367741482,0.0005113971661,0.02282125706741482,18223
all,dep_hour_share_work_23,0.000832374347827177,0.001162207318,-0.0329832970172823,18223
all,dep_hour_share_work_4,0.029526724983014046,0.01450336362,1.5023361363014047,18223
all,dep_hour_share_work_5,0.10864741675629734,0.08463918182,2.4008234936297335,18223
all,dep_hour_share_work_6,0.20935217708513534,0.1774689088,3.188326828513535,18223
all,dep_hour_share_work_7,0.24294299489293208,0.2873963517,-4.445335680706791,18223
all,dep_hour_share_work_8,0.1242017855934052,0.1391245841,-1.492279850659481,18223
all,dep_hour_share_work_9,0.05012297578843652,0.04672684261,0.3396133178436518,18223
all,mean_work_activity_h,5.682145044051573,6.290371181,-0.608226136948427,18223
all,mobility_rate,0.8872063818149756,0.8437201354,4.3486246414975565,18223
all,n_persons_unweighted,1003727.0,18223.0,985504.0,18223
all,n_persons_weighted,1003727.0,787251.0,216476.0,18223
all,n_work_activities_measured,398094.0,6787.0,391307.0,18223
all,nonhome_acts_per_mobile,2.134926722013042,2.181590299,-0.04666357698695789,18223
all,participation_education,0.1798965256489065,0.1760996645,0.37968611489065107,18223
all,participation_escort,0.09864235992456116,0.0991716453,-0.052928537543883714,18223
all,participation_home,0.8872063818149756,0.8345502806,5.265610121497555,18223
all,participation_leisure,0.3772579595846281,0.3831627093,-0.5904749715371915,18223
all,participation_other,0.2655393348988321,0.1711559913,9.438334359883207,18223
all,participation_shop,0.21853950327130783,0.279384675,-6.084517172869219,18223
all,participation_work,0.31760329252874536,0.3315582716,-1.3954979071254647,18223
all,purpose_share_education,0.06955474945514312,0.06103073209,0.852401736514312,18223
all,purpose_share_escort,0.04746729703869477,0.0501628758,-0.2695578761305231,18223
all,purpose_share_home,0.4145140572613247,0.4226397423,-0.8125685038675334,18223
all,purpose_share_leisure,0.15185962725229837,0.164692032,-1.2832404747701616,18223
all,purpose_share_other,0.11342508260236642,0.06709773398,4.632734862236641,18223
all,purpose_share_shop,0.08034687296650667,0.1104526704,-3.0105797433493326,18223
all,purpose_share_work,0.12283231342366599,0.1239242133,-0.10918998763340126,18223
all,share_mobile_first_from_home,1.0,0.9781395677,2.186043230000001,18223
all,share_mobile_last_to_home,1.0,0.9776106086,2.238939139999996,18223
all,share_mobile_odd_trip_count,0.29312879205581505,0.2325256214,6.060317065581505,18223
all,share_trips_0,0.11279361818502441,0.1562798646,-4.34862464149756,18223
all,share_trips_1,0.0009873202574006677,0.005847443426,-0.48601231685993324,18223
all,share_trips_2,0.3385302975809159,0.3142358594,2.4294438180915923,18223
all,share_trips_3,0.12885575460259613,0.08457489727,4.428085733259612,18223
all,share_trips_4,0.19275958502660584,0.2217298615,-2.8970276473394145,18223
all,share_trips_5,0.09226712044211224,0.06356429858,2.8702821862112247,18223
all,share_trips_6,0.06736094575517047,0.07639621825,-0.9035272494829522,18223
all,share_trips_7,0.029176260078686733,0.02958426773,-0.04080076513132656,18223
all,share_trips_8plus,0.037269098071487566,0.04778728929,-1.0518191218512434,18223
all,share_trips_followed_by_same_purpose,0.1075535317843189,0.0453464843,6.220704748431889,18223
all,share_trips_home_based,0.8053177169257169,0.8448585244,-3.9540807474283124,18223
all,share_trips_unknown_purpose,0.0,0.0006637068375,-0.06637068375,18223
all,share_work_activities_lt_2h,0.20246725647711344,0.1095768815,9.289037497711345,18223
all,tours_per_mobile,1.5114916907445484,1.595134658,-0.08364296725545173,18223
all,trips_per_mobile_person,3.6464184127575905,3.776724957,-0.1303065442424094,18223
all,trips_per_person,3.235125686566168,3.186498892,0.04862679456616803,18223
all,trips_per_person_education,0.22501835658500768,0.1943452862,0.03067307038500769,18223
all,trips_per_person_escort,0.15356267192174763,0.1597378586,-0.00617518667825237,18223
all,trips_per_person_home,1.3410050740888708,1.345847229,-0.0048421549111292705,18223
all,trips_per_person_leisure,0.49128498087627415,0.5244426702,-0.03315768932372587,18223
all,trips_per_person_other,0.36694439822780495,0.2136649499,0.15327944832780493,18223
all,trips_per_person_shop,0.25993223256921455,0.3517237155,-0.09179148293078543,18223
all,trips_per_person_work,0.39737797229724814,0.394622281,0.0027556912972481196,18223
group_adult_18_64_not_employed,dep_hour_share_all_10,0.06576798559163785,0.07165122473,-0.5883239138362153,2675
group_adult_18_64_not_employed,dep_hour_share_all_11,0.07447266941427357,0.08680706048,-1.2334391065726438,2675
group_adult_18_64_not_employed,dep_hour_share_all_12,0.07415444791885352,0.07065167156,0.35027763588535155,2675
group_adult_18_64_not_employed,dep_hour_share_all_13,0.06587847916643647,0.0777059848,-1.1827505633563538,2675
group_adult_18_64_not_employed,dep_hour_share_all_14,0.07208600819862325,0.07692122488,-0.483521668137675,2675
group_adult_18_64_not_employed,dep_hour_share_all_15,0.0829254278863684,0.08280676952,0.011865836636840155,2675
group_adult_18_64_not_employed,dep_hour_share_all_16,0.07904268366794472,0.07353761676,0.5505066907944722,2675
group_adult_18_64_not_employed,dep_hour_share_all_17,0.07773222987083302,0.06529279816,1.2439431710833018,2675
group_adult_18_64_not_employed,dep_hour_share_all_18,0.05782570743511265,0.05822012501,-0.03944175748873471,2675
group_adult_18_64_not_employed,dep_hour_share_all_19,0.04267924820171707,0.04298386512,-0.030461691828292947,2675
group_adult_18_64_not_employed,dep_hour_share_all_20,0.02843883628167022,0.0277107883,0.07280479816702198,2675
group_adult_18_64_not_employed,dep_hour_share_all_21,0.01993746063666398,0.01877952809,0.11579325466639784,2675
group_adult_18_64_not_employed,dep_hour_share_all_22,0.0188745124471012,0.01125130093,0.76232115171012,2675
group_adult_18_64_not_employed,dep_hour_share_all_23,0.010079223893130615,0.006303026106,0.37761977871306146,2675
group_adult_18_64_not_employed,dep_hour_share_all_4,0.001440836215374076,0.0007940285042,0.0646807711174076,2675
group_adult_18_64_not_employed,dep_hour_share_all_5,0.005034087267825376,0.003373080531,0.1661006736825376,2675
group_adult_18_64_not_employed,dep_hour_share_all_6,0.025890854446813917,0.0205995613,0.5291293146813918,2675
group_adult_18_64_not_employed,dep_hour_share_all_7,0.06139464990110825,0.0712313203,-0.9836670398891745,2675
group_adult_18_64_not_employed,dep_hour_share_all_8,0.06506303658442261,0.07224614301,-0.7183106425577388,2675
group_adult_18_64_not_employed,dep_hour_share_all_9,0.06072284896633261,0.05919135095,0.1531498016332608,2675
group_adult_18_64_not_employed,dep_hour_share_education_10,0.029668411867364748,0.03655114998,-0.6882738112635255,2675
group_adult_18_64_not_employed,dep_hour_share_education_11,0.08079807556247347,0.06124143177,1.9556643792473467,2675
group_adult_18_64_not_employed,dep_hour_share_education_12,0.09301448044903542,0.04075472363,5.225975681903542,2675
group_adult_18_64_not_employed,dep_hour_share_education_13,0.06711947549643885,0.08046636037,-1.3346884873561158,2675
group_adult_18_64_not_employed,dep_hour_share_education_14,0.025895004952596577,0.04670294869,-2.0807943737403427,2675
group_adult_18_64_not_employed,dep_hour_share_education_15,0.021555587000613177,0.02865837881,-0.7102791809386823,2675
group_adult_18_64_not_employed,dep_hour_share_education_16,0.004056412433375784,0.0317713543,-2.7714941866624216,2675
group_adult_18_64_not_employed,dep_hour_share_education_17,0.007829819348143955,0.01465466638,-0.6824847031856046,2675
group_adult_18_64_not_employed,dep_hour_share_education_18,0.01872553181453705,0.005656864576,1.306866723853705,2675
group_adult_18_64_not_employed,dep_hour_share_education_19,0.004575255884156408,0.0003542756636,0.42209802205564084,2675
group_adult_18_64_not_employed,dep_hour_share_education_20,4.716758643460214e-05,0.00253999511,-0.2492827523565398,2675
group_adult_18_64_not_employed,dep_hour_share_education_21,4.716758643460214e-05,0.0,0.0047167586434602145,2675
group_adult_18_64_not_employed,dep_hour_share_education_22,0.0,0.0,0.0,2675
group_adult_18_64_not_employed,dep_hour_share_education_23,4.716758643460214e-05,0.0,0.0047167586434602145,2675
group_adult_18_64_not_employed,dep_hour_share_education_4,0.0002358379321730107,0.0,0.02358379321730107,2675
group_adult_18_64_not_employed,dep_hour_share_education_5,0.004575255884156408,0.003680769382,0.08944865021564079,2675
group_adult_18_64_not_employed,dep_hour_share_education_6,0.13461629168435452,0.05784876368,7.676752800435452,2675
group_adult_18_64_not_employed,dep_hour_share_education_7,0.27692089995754915,0.3735181492,-9.659724924245083,2675
group_adult_18_64_not_employed,dep_hour_share_education_8,0.15702089524079052,0.1067165937,5.030430154079052,2675
group_adult_18_64_not_employed,dep_hour_share_education_9,0.07320409414650253,0.1088835747,-3.567948055349747,2675
group_adult_18_64_not_employed,dep_hour_share_escort_10,0.034673052894627236,0.03067522113,0.39978317646272366,2675
group_adult_18_64_not_employed,dep_hour_share_escort_11,0.0490420658059142,0.02960345917,1.94386066359142,2675
group_adult_18_64_not_employed,dep_hour_share_escort_12,0.09561988060530334,0.07759238147,1.802749913530334,2675
group_adult_18_64_not_employed,dep_hour_share_escort_13,0.07673885880882965,0.1148031105,-3.806425169117035,2675
group_adult_18_64_not_employed,dep_hour_share_escort_14,0.11602804387060947,0.1120108762,0.4017167670609473,2675
group_adult_18_64_not_employed,dep_hour_share_escort_15,0.12862696098847703,0.1123351428,1.6291818188477039,2675
group_adult_18_64_not_employed,dep_hour_share_escort_16,0.07281688185478273,0.06040650305,1.2410378804782733,2675
group_adult_18_64_not_employed,dep_hour_share_escort_17,0.03456892961266139,0.02470108218,0.9867847432661392,2675
group_adult_18_64_not_employed,dep_hour_share_escort_18,0.018776898514507843,0.02730435586,-0.8527457345492158,2675
group_adult_18_64_not_employed,dep_hour_share_escort_19,0.008885186727752325,0.008937555707,-0.005236897924767482,2675
group_adult_18_64_not_employed,dep_hour_share_escort_20,0.002013050118006386,0.003842521149,-0.1829471030993614,2675
group_adult_18_64_not_employed,dep_hour_share_escort_21,0.018256282104678605,0.00383706935,1.4419212754678605,2675
group_adult_18_64_not_employed,dep_hour_share_escort_22,0.001735388032764126,0.001236942501,0.04984455317641261,2675
group_adult_18_64_not_employed,dep_hour_share_escort_23,0.00045120088851867277,0.0,0.045120088851867274,2675
group_adult_18_64_not_employed,dep_hour_share_escort_4,3.470776065528252e-05,0.002380520588,-0.23458128273447176,2675
group_adult_18_64_not_employed,dep_hour_share_escort_5,0.00048590864917395527,0.002741468167,-0.22555595178260449,2675
group_adult_18_64_not_employed,dep_hour_share_escort_6,0.033527696793002916,0.01625729771,1.7270399083002916,2675
group_adult_18_64_not_employed,dep_hour_share_escort_7,0.19054560599750103,0.1943059165,-0.3760310502498976,2675
group_adult_18_64_not_employed,dep_hour_share_escort_8,0.0844092739136471,0.1472160311,-6.280675718635291,2675
group_adult_18_64_not_employed,dep_hour_share_escort_9,0.0270026377898098,0.02981254483,-0.2809907040190199,2675
group_adult_18_64_not_employed,dep_hour_share_home_10,0.042196970957348284,0.053418102,-1.1221131042651717,2675
group_adult_18_64_not_employed,dep_hour_share_home_11,0.07383499426023592,0.09171059541,-1.787560114976408,2675
group_adult_18_64_not_employed,dep_hour_share_home_12,0.07499403840928123,0.07681300931,-0.18189709007187665,2675
group_adult_18_64_not_employed,dep_hour_share_home_13,0.07853771884583603,0.08762245449,-0.9084735644163968,2675
group_adult_18_64_not_employed,dep_hour_share_home_14,0.07994631795520211,0.08133295553,-0.1386637574797886,2675
group_adult_18_64_not_employed,dep_hour_share_home_15,0.07337470400008873,0.09081736557,-1.7442661569911269,2675
group_adult_18_64_not_employed,dep_hour_share_home_16,0.09351656213086662,0.0877813539,0.5735208230866623,2675
group_adult_18_64_not_employed,dep_hour_share_home_17,0.09297863254973075,0.07810394104,1.4874691509730753,2675
group_adult_18_64_not_employed,dep_hour_share_home_18,0.07476666611210009,0.06650224081,0.8264425302100087,2675
group_adult_18_64_not_employed,dep_hour_share_home_19,0.05766937849723548,0.05914462084,-0.14752423427645198,2675
group_adult_18_64_not_employed,dep_hour_share_home_20,0.05508509824146938,0.04803247152,0.7052626721469377,2675
group_adult_18_64_not_employed,dep_hour_share_home_21,0.03561426567066509,0.03229978975,0.331447592066509,2675
group_adult_18_64_not_employed,dep_hour_share_home_22,0.03820963725800101,0.02279037419,1.5419263068001006,2675
group_adult_18_64_not_employed,dep_hour_share_home_23,0.02415137449326479,0.01290218499,1.1249189503264792,2675
group_adult_18_64_not_employed,dep_hour_share_home_4,3.8819660494340647e-05,0.0006552569534,-0.061643729290565934,2675
group_adult_18_64_not_employed,dep_hour_share_home_5,0.0006654798941886968,0.0009853621845,-0.031988229031130314,2675
group_adult_18_64_not_employed,dep_hour_share_home_6,0.0022459946428868517,0.004338705097,-0.20927104541131483,2675
group_adult_18_64_not_employed,dep_hour_share_home_7,0.01247220235025316,0.01801542409,-0.554322173974684,2675
group_adult_18_64_not_employed,dep_hour_share_home_8,0.030606529466895148,0.04755906941,-1.6952539943104854,2675
group_adult_18_64_not_employed,dep_hour_share_home_9,0.03721696308250287,0.03554370969,0.167325339250287,2675
group_adult_18_64_not_employed,dep_hour_share_leisure_10,0.045531662505689734,0.06981202767,-2.4280365164310265,2675
group_adult_18_64_not_employed,dep_hour_share_leisure_11,0.04459371853404875,0.06085617371,-1.6262455175951256,2675
group_adult_18_64_not_employed,dep_hour_share_leisure_12,0.050331728713499495,0.06501968379,-1.468795507650051,2675
group_adult_18_64_not_employed,dep_hour_share_leisure_13,0.041655746975820356,0.06578438099,-2.412863401417965,2675
group_adult_18_64_not_employed,dep_hour_share_leisure_14,0.04998689637098443,0.07514363785,-2.5156741479015574,2675
group_adult_18_64_not_employed,dep_hour_share_leisure_15,0.08291148843432324,0.08598090722,-0.3069418785676764,2675
group_adult_18_64_not_employed,dep_hour_share_leisure_16,0.10230485937737072,0.08289441417,1.9410445207370717,2675
group_adult_18_64_not_employed,dep_hour_share_leisure_17,0.12693968192664726,0.08912702132,3.7812660606647257,2675
group_adult_18_64_not_employed,dep_hour_share_leisure_18,0.09698064800893806,0.1044387179,-0.7458069891061945,2675
group_adult_18_64_not_employed,dep_hour_share_leisure_19,0.06655264210540834,0.07682325309,-1.0270610984591657,2675
group_adult_18_64_not_employed,dep_hour_share_leisure_20,0.030496972372032718,0.03182270078,-0.132572840796728,2675
group_adult_18_64_not_employed,dep_hour_share_leisure_21,0.023241699885515662,0.02340149202,-0.01597921344843392,2675
group_adult_18_64_not_employed,dep_hour_share_leisure_22,0.01780714216747817,0.007865558586,0.9941583581478172,2675
group_adult_18_64_not_employed,dep_hour_share_leisure_23,0.0008551842094373716,0.003824079613,-0.2968895403562628,2675
group_adult_18_64_not_employed,dep_hour_share_leisure_4,0.00027586587401205536,0.001473409351,-0.11975434769879448,2675
group_adult_18_64_not_employed,dep_hour_share_leisure_5,0.002248306873198251,0.00115933373,0.1088973143198251,2675
group_adult_18_64_not_employed,dep_hour_share_leisure_6,0.03915916081601126,0.01072824616,2.843091465601126,2675
group_adult_18_64_not_employed,dep_hour_share_leisure_7,0.04674547235134278,0.0260223301,2.0723142251342774,2675
group_adult_18_64_not_employed,dep_hour_share_leisure_8,0.0578214871929268,0.05716228561,0.06592015829267953,2675
group_adult_18_64_not_employed,dep_hour_share_leisure_9,0.06942164719513373,0.05847160753,1.0950039665133735,2675
group_adult_18_64_not_employed,dep_hour_share_other_10,0.11402823764602986,0.166437942,-5.240970435397014,2675
group_adult_18_64_not_employed,dep_hour_share_other_11,0.09712938089585806,0.1127436224,-1.5614241504141937,2675
group_adult_18_64_not_employed,dep_hour_share_other_12,0.07791903542200287,0.04805753766,2.9861497762002873,2675
group_adult_18_64_not_employed,dep_hour_share_other_13,0.06637720997063784,0.06980975277,-0.34325427993621566,2675
group_adult_18_64_not_employed,dep_hour_share_other_14,0.07189042293996377,0.08195003941,-1.0059616470036226,2675
group_adult_18_64_not_employed,dep_hour_share_other_15,0.08326044855375773,0.07548901697,0.7771431583757732,2675
group_adult_18_64_not_employed,dep_hour_share_other_16,0.08507215593177984,0.06676473212,1.8307423811779842,2675
group_adult_18_64_not_employed,dep_hour_share_other_17,0.04473043043668395,0.04738352591,-0.2653095473316054,2675
group_adult_18_64_not_employed,dep_hour_share_other_18,0.02956519022927469,0.02129948196,0.826570826927469,2675
group_adult_18_64_not_employed,dep_hour_share_other_19,0.045042793777722245,0.002840950479,4.220184329872224,2675
group_adult_18_64_not_employed,dep_hour_share_other_20,0.005060286124820391,0.004844683305,0.02156028198203909,2675
group_adult_18_64_not_employed,dep_hour_share_other_21,0.004248141438120822,0.004313117994,-0.00649765558791782,2675
group_adult_18_64_not_employed,dep_hour_share_other_22,0.00407634160054976,0.0007746600906,0.330168150994976,2675
group_adult_18_64_not_employed,dep_hour_share_other_23,0.0013587805335165866,0.0,0.13587805335165865,2675
group_adult_18_64_not_employed,dep_hour_share_other_4,0.0035297057537327418,0.0,0.3529705753732742,2675
group_adult_18_64_not_employed,dep_hour_share_other_5,0.004638595614418692,0.003726583115,0.09120124994186919,2675
group_adult_18_64_not_employed,dep_hour_share_other_6,0.011666770787780346,0.009239126731,0.24276440567803456,2675
group_adult_18_64_not_employed,dep_hour_share_other_7,0.05791216342850003,0.04579016382,1.212199960850003,2675
group_adult_18_64_not_employed,dep_hour_share_other_8,0.10561004560504779,0.1324450757,-2.683503009495221,2675
group_adult_18_64_not_employed,dep_hour_share_other_9,0.08419753857687262,0.1060899876,-2.1892449023127383,2675
group_adult_18_64_not_employed,dep_hour_share_shop_10,0.14354781141503617,0.1139830734,2.956473801503617,2675
group_adult_18_64_not_employed,dep_hour_share_shop_11,0.11413413803173367,0.158432854,-4.429871596826635,2675
group_adult_18_64_not_employed,dep_hour_share_shop_12,0.09559038255621533,0.09215603046,0.3434352096215329,2675
group_adult_18_64_not_employed,dep_hour_share_shop_13,0.06315909017164736,0.06183406612,0.1325024051647361,2675
group_adult_18_64_not_employed,dep_hour_share_shop_14,0.08421752814822026,0.0778109549,0.6406573248220249,2675
group_adult_18_64_not_employed,dep_hour_share_shop_15,0.10767708231934846,0.09809911528,0.9577967039348462,2675
group_adult_18_64_not_employed,dep_hour_share_shop_16,0.05348973036114085,0.06278247103,-0.9292740668859143,2675
group_adult_18_64_not_employed,dep_hour_share_shop_17,0.07130341672344982,0.0644418765,0.6861540223449827,2675
group_adult_18_64_not_employed,dep_hour_share_shop_18,0.041597715694863556,0.04565405956,-0.4056343865136446,2675
group_adult_18_64_not_employed,dep_hour_share_shop_19,0.00898796197151108,0.0201264567,-1.113849472848892,2675
group_adult_18_64_not_employed,dep_hour_share_shop_20,0.003796359388688796,0.003524818303,0.027154108568879606,2675
group_adult_18_64_not_employed,dep_hour_share_shop_21,0.000762516629352023,0.001552994373,-0.07904777436479771,2675
group_adult_18_64_not_employed,dep_hour_share_shop_22,0.0003082514033550732,0.0,0.03082514033550732,2675
group_adult_18_64_not_employed,dep_hour_share_shop_23,0.00027580388721243387,0.001272307649,-0.09965037617875663,2675
group_adult_18_64_not_employed,dep_hour_share_shop_4,8.111879035659821e-05,0.0,0.008111879035659821,2675
group_adult_18_64_not_employed,dep_hour_share_shop_5,0.000405593951782991,0.0006184708628,-0.021287691101700902,2675
group_adult_18_64_not_employed,dep_hour_share_shop_6,0.0070086634868100845,0.005079003591,0.19296598958100844,2675
group_adult_18_64_not_employed,dep_hour_share_shop_7,0.03369674551413089,0.02038669453,1.3310050984130892,2675
group_adult_18_64_not_employed,dep_hour_share_shop_8,0.0634348940588598,0.07124038456,-0.7805490501140198,2675
group_adult_18_64_not_employed,dep_hour_share_shop_9,0.1053246373990071,0.1010043682,0.4320269199007104,2675
group_adult_18_64_not_employed,dep_hour_share_work_10,0.044720186542305126,0.08647231108,-4.175212453769488,2675
group_adult_18_64_not_employed,dep_hour_share_work_11,0.03218687541638907,0.03020856277,0.19783126463890738,2675
group_adult_18_64_not_employed,dep_hour_share_work_12,0.03231179213857428,0.05308922464,-2.077743250142572,2675
group_adult_18_64_not_employed,dep_hour_share_work_13,0.0354763491005996,0.04576541088,-1.0289061779400401,2675
group_adult_18_64_not_employed,dep_hour_share_work_14,0.03722518321119254,0.03892861384,-0.17034306288074633,2675
group_adult_18_64_not_employed,dep_hour_share_work_15,0.08960692871419054,0.01166495962,7.794196909419054,2675
group_adult_18_64_not_employed,dep_hour_share_work_16,0.023317788141239172,0.034726039,-1.140825085876083,2675
group_adult_18_64_not_employed,dep_hour_share_work_17,0.03268654230512991,0.01943866905,1.3247873255129914,2675
group_adult_18_64_not_employed,dep_hour_share_work_18,0.010784477015323118,0.008770640999,0.20138360163231178,2675
group_adult_18_64_not_employed,dep_hour_share_work_19,0.012408394403730845,0.0,1.2408394403730845,2675
group_adult_18_64_not_employed,dep_hour_share_work_20,0.004497001998667555,0.003262498465,0.12345035336675556,2675
group_adult_18_64_not_employed,dep_hour_share_work_21,0.0028730846102598268,0.0,0.2873084610259827,2675
group_adult_18_64_not_employed,dep_hour_share_work_22,0.0012491672218520986,0.0,0.12491672218520986,2675
group_adult_18_64_not_employed,dep_hour_share_work_23,0.0010826115922718189,0.0,0.10826115922718188,2675
group_adult_18_64_not_employed,dep_hour_share_work_4,0.01615589606928714,0.001734208256,1.442168781328714,2675
group_adult_18_64_not_employed,dep_hour_share_work_5,0.06503997335109926,0.03824637086,2.6793602491099264,2675
group_adult_18_64_not_employed,dep_hour_share_work_6,0.14461192538307796,0.1998110751,-5.519914971692205,2675
group_adult_18_64_not_employed,dep_hour_share_work_7,0.20811125916055961,0.2680210681,-5.9909808939440365,2675
group_adult_18_64_not_employed,dep_hour_share_work_8,0.1373251165889407,0.1111316743,2.6193442288940703,2675
group_adult_18_64_not_employed,dep_hour_share_work_9,0.0633327781479014,0.04872867301,1.4604105137901404,2675
group_adult_18_64_not_employed,mean_work_activity_h,4.527320675105485,5.569660792,-1.0423401168945148,2675
group_adult_18_64_not_employed,mobility_rate,0.8297404067123506,0.781385942,4.835446471235061,2675
group_adult_18_64_not_employed,n_persons_unweighted,144033.0,2675.0,141358.0,2675
group_adult_18_64_not_employed,n_persons_weighted,144033.0,125960.9487,18072.051300000006,2675
group_adult_18_64_not_employed,n_work_activities_measured,24016.0,401.0,23615.0,2675
group_adult_18_64_not_employed,nonhome_acts_per_mobile,2.27758346581876,2.298529457,-0.020945991181239965,2675
group_adult_18_64_not_employed,participation_education,0.10964848333368048,0.1795846592,-6.993617586631952,2675
group_adult_18_64_not_employed,participation_escort,0.10880145522206716,0.1056751912,0.3126264022067157,2675
group_adult_18_64_not_employed,participation_home,0.8297404067123506,0.7693894624,6.035094431235066,2675
group_adult_18_64_not_employed,participation_leisure,0.3849465053147543,0.4197998914,-3.4853386085245743,2675
group_adult_18_64_not_employed,participation_other,0.315649885790062,0.1742343432,14.141554259006197,2675
group_adult_18_64_not_employed,participation_shop,0.33308339061187364,0.315653704,1.7429686611873663,2675
group_adult_18_64_not_employed,participation_work,0.1216526768171183,0.1329277122,-1.1275035382881686,2675
group_adult_18_64_not_employed,purpose_share_education,0.04685148558611317,0.0718495926,-2.4998107013886828,2675
group_adult_18_64_not_employed,purpose_share_escort,0.06367081754195994,0.06173871817,0.19320993719599416,2675
group_adult_18_64_not_employed,purpose_share_home,0.39848623802525884,0.4215678261,-2.3081588074741144,2675
group_adult_18_64_not_employed,purpose_share_leisure,0.16021347358651095,0.1921757222,-3.1962248613489064,2675
group_adult_18_64_not_employed,purpose_share_other,0.14149365214412782,0.07151786513,6.997578701412782,2675
group_adult_18_64_not_employed,purpose_share_shop,0.13621205926875352,0.1303258577,0.5886201568753524,2675
group_adult_18_64_not_employed,purpose_share_work,0.05307227384727578,0.05082441799,0.2247855857275778,2675
group_adult_18_64_not_employed,share_mobile_first_from_home,1.0,0.9650440147,3.495598529999999,2675
group_adult_18_64_not_employed,share_mobile_last_to_home,1.0,0.9729143664,2.7085633600000047,2675
group_adult_18_64_not_employed,share_mobile_odd_trip_count,0.31104510082838255,0.2580423422,5.300275862838255,2675
group_adult_18_64_not_employed,share_trips_0,0.17025959328764936,0.218614058,-4.8354464712350635,2675
group_adult_18_64_not_employed,share_trips_1,0.00036797122881561867,0.007630358735,-0.7262387506184382,2675
group_adult_18_64_not_employed,share_trips_2,0.3131782299889609,0.2694868135,4.3691416488960915,2675
group_adult_18_64_not_employed,share_trips_3,0.11833399290440386,0.07952334033,3.881065257440386,2675
group_adult_18_64_not_employed,share_trips_4,0.1527844313455944,0.1907933,-3.8008868654405585,2675
group_adult_18_64_not_employed,share_trips_5,0.0912985218665167,0.06256192442,2.87365974465167,2675
group_adult_18_64_not_employed,share_trips_6,0.07274027479813654,0.08572260691,-1.2982332111863462,2675
group_adult_18_64_not_employed,share_trips_7,0.03667909437420591,0.0307552279,0.592386647420591,2675
group_adult_18_64_not_employed,share_trips_8plus,0.044357890205716746,0.0549123702,-1.0554479994283252,2675
group_adult_18_64_not_employed,share_trips_followed_by_same_purpose,0.11582378484691115,0.05073373232,6.509005252691115,2675
group_adult_18_64_not_employed,share_trips_home_based,0.7774571008695844,0.8402682017,-6.281110083041563,2675
group_adult_18_64_not_employed,share_trips_unknown_purpose,0.0,0.00105005172,-0.105005172,2675
group_adult_18_64_not_employed,share_work_activities_lt_2h,0.27677381745503,0.1758307284,10.094308905502999,2675
group_adult_18_64_not_employed,tours_per_mobile,1.5088360806627061,1.672155207,-0.16331912633729395,2675
group_adult_18_64_not_employed,trips_per_mobile_person,3.786419546481466,3.970684664,-0.18426511751853436,2675
group_adult_18_64_not_employed,trips_per_person,3.141745294481126,3.102637176,0.03910811848112594,2675
group_adult_18_64_not_employed,trips_per_person_education,0.14719543437962135,0.2226891362,-0.07549370182037865,2675
group_adult_18_64_not_employed,trips_per_person_escort,0.20003749140821894,0.1913517018,0.008685789608218947,2675
group_adult_18_64_not_employed,trips_per_person_home,1.2519422632313428,1.306598571,-0.054656307768657264,2675
group_adult_18_64_not_employed,trips_per_person_leisure,0.5033499267528969,0.5956254453,-0.09227551854710303,2675
group_adult_18_64_not_employed,trips_per_person_other,0.44453701582276284,0.221660987,0.22287602882276283,2675
group_adult_18_64_not_employed,trips_per_person_shop,0.4279435962591906,0.4039292588,0.02401433745919057,2675
group_adult_18_64_not_employed,trips_per_person_work,0.1667395666270924,0.1575241463,0.00921542032709241,2675
group_child_0_5,dep_hour_share_all_10,0.0194507585116371,0.03927904023,-1.9828281718362901,1081
group_child_0_5,dep_hour_share_all_11,0.027943865197410683,0.04226813044,-1.432426524258932,1081
group_child_0_5,dep_hour_share_all_12,0.048784404803083464,0.03748043204,1.1303972763083467,1081
group_child_0_5,dep_hour_share_all_13,0.06834016899738103,0.05527771632,1.306245267738103,1081
group_child_0_5,dep_hour_share_all_14,0.0864505608538815,0.1203613924,-3.39108315461185,1081
group_child_0_5,dep_hour_share_all_15,0.13273335968770075,0.1388659157,-0.6132556012299256,1081
group_child_0_5,dep_hour_share_all_16,0.12285047190789149,0.1040704872,1.8779984707891482,1081
group_child_0_5,dep_hour_share_all_17,0.08060112664920689,0.0875289599,-0.6927833250793103,1081
group_child_0_5,dep_hour_share_all_18,0.053299649157483815,0.04142940511,1.1870244047483818,1081
group_child_0_5,dep_hour_share_all_19,0.023076542965854624,0.008109154422,1.4967388543854625,1081
group_child_0_5,dep_hour_share_all_20,0.009858180560359737,0.004198027095,0.5660153465359737,1081
group_child_0_5,dep_hour_share_all_21,0.006287987349903642,0.001025825513,0.5262161836903642,1081
group_child_0_5,dep_hour_share_all_22,0.0039593319167860845,0.0,0.39593319167860846,1081
group_child_0_5,dep_hour_share_all_23,0.0010438800217423532,0.0,0.10438800217423533,1081
group_child_0_5,dep_hour_share_all_4,0.00016059692642190048,0.0,0.016059692642190048,1081
group_child_0_5,dep_hour_share_all_5,0.0017542125809161437,0.0,0.17542125809161438,1081
group_child_0_5,dep_hour_share_all_6,0.0340465484014429,0.004651560907,2.93949874944429,1081
group_child_0_5,dep_hour_share_all_7,0.14694001087117656,0.1546271582,-0.7687147328823446,1081
group_child_0_5,dep_hour_share_all_8,0.10173815288827395,0.1249925596,-2.3254406711726046,1081
group_child_0_5,dep_hour_share_all_9,0.029951326777684438,0.03583423487,-0.5882908092315564,1081
group_child_0_5,dep_hour_share_education_10,0.0110069635892095,0.01012151758,0.0885446009209501,1081
group_child_0_5,dep_hour_share_education_11,0.009761277542935326,0.003528773684,0.6232503858935325,1081
group_child_0_5,dep_hour_share_education_12,0.01770507872327391,0.002992244809,1.4712833914273908,1081
group_child_0_5,dep_hour_share_education_13,0.025342563662725397,0.003951932875,2.1390630787725398,1081
group_child_0_5,dep_hour_share_education_14,0.03926974208172517,0.005629101725,3.364064035672517,1081
group_child_0_5,dep_hour_share_education_15,0.05311523616982172,0.01484007092,3.8275165249821717,1081
group_child_0_5,dep_hour_share_education_16,0.02095203087667708,0.003396129473,1.755590140367708,1081
group_child_0_5,dep_hour_share_education_17,0.012681492372725601,0.0,1.26814923727256,1081
group_child_0_5,dep_hour_share_education_18,0.005186955012354755,0.0,0.5186955012354755,1081
group_child_0_5,dep_hour_share_education_19,0.00236884559619351,0.0,0.236884559619351,1081
group_child_0_5,dep_hour_share_education_20,8.168433090322448e-05,0.0,0.008168433090322448,1081
group_child_0_5,dep_hour_share_education_21,2.042108272580612e-05,0.0,0.002042108272580612,1081
group_child_0_5,dep_hour_share_education_22,2.042108272580612e-05,0.0,0.002042108272580612,1081
group_child_0_5,dep_hour_share_education_23,0.0,0.0,0.0,1081
group_child_0_5,dep_hour_share_education_4,0.0004492638199677347,0.0,0.04492638199677347,1081
group_child_0_5,dep_hour_share_education_5,0.00563621883232249,0.0,0.5636218832322489,1081
group_child_0_5,dep_hour_share_education_6,0.0914047662807082,0.01423413437,7.717063191070821,1081
group_child_0_5,dep_hour_share_education_7,0.3946986869243807,0.5557846062,-16.108591927561932,1081
group_child_0_5,dep_hour_share_education_8,0.28125957238252774,0.3598748049,-7.861523251747227,1081
group_child_0_5,dep_hour_share_education_9,0.028936674222467276,0.02564668343,0.32899907924672755,1081
group_child_0_5,dep_hour_share_escort_10,0.0006562756357670221,0.007567602011,-0.6911326375232978,1081
group_child_0_5,dep_hour_share_escort_11,0.02936833470057424,0.0223770094,0.6991325300574238,1081
group_child_0_5,dep_hour_share_escort_12,0.04692370795734208,0.03126627875,1.5657429207342082,1081
group_child_0_5,dep_hour_share_escort_13,0.06398687448728466,0.1163807025,-5.239382801271534,1081
group_child_0_5,dep_hour_share_escort_14,0.02493847415914684,0.08807880457,-6.314033041085317,1081
group_child_0_5,dep_hour_share_escort_15,0.0564397046759639,0.1710638512,-11.462414652403611,1081
group_child_0_5,dep_hour_share_escort_16,0.13256767842493847,0.05859278952,7.397488890493848,1081
group_child_0_5,dep_hour_share_escort_17,0.004593929450369155,0.04664377303,-4.204984357963085,1081
group_child_0_5,dep_hour_share_escort_18,0.006070549630844955,0.009686457866,-0.3615908235155045,1081
group_child_0_5,dep_hour_share_escort_19,0.0026251025430680886,0.004172965036,-0.15478624929319112,1081
group_child_0_5,dep_hour_share_escort_20,0.0009844134536505333,0.0,0.09844134536505333,1081
group_child_0_5,dep_hour_share_escort_21,0.00032813781788351107,0.0,0.03281378178835111,1081
group_child_0_5,dep_hour_share_escort_22,0.00016406890894175554,0.0,0.016406890894175553,1081
group_child_0_5,dep_hour_share_escort_23,0.0,0.0,0.0,1081
group_child_0_5,dep_hour_share_escort_4,0.0,0.0,0.0,1081
group_child_0_5,dep_hour_share_escort_5,0.0,0.0,0.0,1081
group_child_0_5,dep_hour_share_escort_6,0.06152584085315833,0.01247177688,4.905406397315833,1081
group_child_0_5,dep_hour_share_escort_7,0.40902378999179656,0.2677369862,14.128680379179654,1081
group_child_0_5,dep_hour_share_escort_8,0.12551271534044298,0.163961003,-3.8448287659557017,1081
group_child_0_5,dep_hour_share_escort_9,0.034290401968826906,0.0,3.4290401968826907,1081
group_child_0_5,dep_hour_share_home_10,0.01919261686775317,0.03036516751,-1.1172550642246828,1081
group_child_0_5,dep_hour_share_home_11,0.030816935353505666,0.06912766921,-3.831073385649434,1081
group_child_0_5,dep_hour_share_home_12,0.07668229312093112,0.06231455668,1.4367736440931125,1081
group_child_0_5,dep_hour_share_home_13,0.09844666186606316,0.08337989217,1.5066769696063158,1081
group_child_0_5,dep_hour_share_home_14,0.11912354696018929,0.1755057383,-5.638219133981071,1081
group_child_0_5,dep_hour_share_home_15,0.15792026099607623,0.1502221188,0.769814219607623,1081
group_child_0_5,dep_hour_share_home_16,0.16795744118036063,0.1144395176,5.351792358036063,1081
group_child_0_5,dep_hour_share_home_17,0.12273869531353329,0.1461544406,-2.34157452864667,1081
group_child_0_5,dep_hour_share_home_18,0.09829970461592723,0.08334545138,1.4954253235927224,1081
group_child_0_5,dep_hour_share_home_19,0.04327891016503299,0.0140982489,2.918066126503299,1081
group_child_0_5,dep_hour_share_home_20,0.018751745117345363,0.009415860686,0.9335884431345363,1081
group_child_0_5,dep_hour_share_home_21,0.01454876776345761,0.002372423523,1.217634424045761,1081
group_child_0_5,dep_hour_share_home_22,0.009126045233441592,0.0,0.9126045233441592,1081
group_child_0_5,dep_hour_share_home_23,0.0024688818022837156,0.0,0.24688818022837156,1081
group_child_0_5,dep_hour_share_home_4,0.0,0.0,0.0,1081
group_child_0_5,dep_hour_share_home_5,1.4695725013593546e-05,0.0,0.0014695725013593546,1081
group_child_0_5,dep_hour_share_home_6,2.9391450027187092e-05,0.0005671905054,-0.05377990553728129,1081
group_child_0_5,dep_hour_share_home_7,0.000646611900598116,0.006578514549,-0.5931902648401883,1081
group_child_0_5,dep_hour_share_home_8,0.004129498728819786,0.03081316199,-2.6683663261180213,1081
group_child_0_5,dep_hour_share_home_9,0.014181374638117772,0.02130004765,-0.7118673011882228,1081
group_child_0_5,dep_hour_share_leisure_10,0.02302873986735446,0.08134889579,-5.832015592264554,1081
group_child_0_5,dep_hour_share_leisure_11,0.007553426676492263,0.02061085804,-1.3057431363507737,1081
group_child_0_5,dep_hour_share_leisure_12,0.02712785556374355,0.02430667608,0.2821179483743552,1081
group_child_0_5,dep_hour_share_leisure_13,0.0940493736182756,0.04430382513,4.97455484882756,1081
group_child_0_5,dep_hour_share_leisure_14,0.11219602063375092,0.1588733201,-4.667729946624907,1081
group_child_0_5,dep_hour_share_leisure_15,0.27505526897568167,0.2605382913,1.4516977675681664,1081
group_child_0_5,dep_hour_share_leisure_16,0.18095983787767134,0.2068195166,-2.5859678722328665,1081
group_child_0_5,dep_hour_share_leisure_17,0.11509764185703758,0.05597247131,5.912517054703758,1081
group_child_0_5,dep_hour_share_leisure_18,0.061026160648489314,0.0167333378,4.429282284848932,1081
group_child_0_5,dep_hour_share_leisure_19,0.023673544583640384,0.00559432099,1.8079223593640386,1081
group_child_0_5,dep_hour_share_leisure_20,0.0123894620486367,0.0008138555409,1.1575606507736698,1081
group_child_0_5,dep_hour_share_leisure_21,0.0007829771554900516,0.0,0.07829771554900516,1081
group_child_0_5,dep_hour_share_leisure_22,0.0006448047162859248,0.0,0.06448047162859248,1081
group_child_0_5,dep_hour_share_leisure_23,4.605747973470892e-05,0.0,0.004605747973470892,1081
group_child_0_5,dep_hour_share_leisure_4,0.0,0.0,0.0,1081
group_child_0_5,dep_hour_share_leisure_5,9.211495946941784e-05,0.0,0.009211495946941784,1081
group_child_0_5,dep_hour_share_leisure_6,0.0002302873986735446,0.001575982468,-0.13456950693264555,1081
group_child_0_5,dep_hour_share_leisure_7,0.0008290346352247605,0.005751872642,-0.492283800677524,1081
group_child_0_5,dep_hour_share_leisure_8,0.03145725865880619,0.03813793091,-0.6680672251193808,1081
group_child_0_5,dep_hour_share_leisure_9,0.03376013264554164,0.07861884525,-4.485871260445836,1081
group_child_0_5,dep_hour_share_other_10,0.03032371294851794,0.08878535176,-5.846163881148207,1081
group_child_0_5,dep_hour_share_other_11,0.09740639625585024,0.03749729285,5.990910340585024,1081
group_child_0_5,dep_hour_share_other_12,0.06542511700468019,0.01596237387,4.9462743134680185,1081
group_child_0_5,dep_hour_share_other_13,0.051969578783151324,0.02291171688,2.9057861903151325,1081
group_child_0_5,dep_hour_share_other_14,0.0904836193447738,0.2023591065,-11.18754871552262,1081
group_child_0_5,dep_hour_share_other_15,0.11427457098283932,0.1510125408,-3.6737969817160696,1081
group_child_0_5,dep_hour_share_other_16,0.19715288611544463,0.1092854049,8.786748121544463,1081
group_child_0_5,dep_hour_share_other_17,0.12090483619344773,0.07842442186,4.248041433344774,1081
group_child_0_5,dep_hour_share_other_18,0.02096333853354134,0.0,2.096333853354134,1081
group_child_0_5,dep_hour_share_other_19,0.014138065522620905,0.0,1.4138065522620904,1081
group_child_0_5,dep_hour_share_other_20,0.0039976599063962556,0.0,0.39976599063962553,1081
group_child_0_5,dep_hour_share_other_21,0.00078003120124805,0.0,0.078003120124805,1081
group_child_0_5,dep_hour_share_other_22,0.000390015600624025,0.0,0.0390015600624025,1081
group_child_0_5,dep_hour_share_other_23,0.0,0.0,0.0,1081
group_child_0_5,dep_hour_share_other_4,0.000390015600624025,0.0,0.0390015600624025,1081
group_child_0_5,dep_hour_share_other_5,0.000390015600624025,0.0,0.0390015600624025,1081
group_child_0_5,dep_hour_share_other_6,0.018038221528861153,0.0,1.8038221528861154,1081
group_child_0_5,dep_hour_share_other_7,0.05128705148205928,0.03019949616,2.108755532205928,1081
group_child_0_5,dep_hour_share_other_8,0.040171606864274574,0.1501003408,-10.992873393572545,1081
group_child_0_5,dep_hour_share_other_9,0.0814157566302652,0.1134619536,-3.204619696973479,1081
group_child_0_5,dep_hour_share_shop_10,0.07794070768249921,0.0995957711,-2.1655063417500786,1081
group_child_0_5,dep_hour_share_shop_11,0.09674848581447243,0.07551405828,2.1234427534472426,1081
group_child_0_5,dep_hour_share_shop_12,0.04255658272234619,0.04665381932,-0.40972365976538055,1081
group_child_0_5,dep_hour_share_shop_13,0.025342684093082563,0.03537792038,-1.0035236286917433,1081
group_child_0_5,dep_hour_share_shop_14,0.07188396557220274,0.05718852869,1.4695436882202741,1081
group_child_0_5,dep_hour_share_shop_15,0.10312400382531081,0.1708411791,-6.771717527468918,1081
group_child_0_5,dep_hour_share_shop_16,0.10726809053235575,0.187467588,-8.019949746764423,1081
group_child_0_5,dep_hour_share_shop_17,0.04925087663372649,0.1315901505,-8.233927386627352,1081
group_child_0_5,dep_hour_share_shop_18,0.01737328657953459,0.03048643737,-1.3113150790465413,1081
group_child_0_5,dep_hour_share_shop_19,0.0,0.01229764952,-1.229764952,1081
group_child_0_5,dep_hour_share_shop_20,0.0,0.0,0.0,1081
group_child_0_5,dep_hour_share_shop_21,0.0,0.0,0.0,1081
group_child_0_5,dep_hour_share_shop_22,0.0,0.0,0.0,1081
group_child_0_5,dep_hour_share_shop_23,0.0,0.0,0.0,1081
group_child_0_5,dep_hour_share_shop_4,0.0,0.0,0.0,1081
group_child_0_5,dep_hour_share_shop_5,0.0,0.0,0.0,1081
group_child_0_5,dep_hour_share_shop_6,0.07443417277653809,0.0,7.4434172776538094,1081
group_child_0_5,dep_hour_share_shop_7,0.1582722346190628,0.03201851834,12.625371627906281,1081
group_child_0_5,dep_hour_share_shop_8,0.07236212942301562,0.0674913207,0.4870808723015624,1081
group_child_0_5,dep_hour_share_shop_9,0.10344277972585272,0.05347705871,4.996572101585272,1081
group_child_0_5,dep_hour_share_work_10,0.0,,,1081
group_child_0_5,dep_hour_share_work_11,0.0,,,1081
group_child_0_5,dep_hour_share_work_12,0.0,,,1081
group_child_0_5,dep_hour_share_work_13,0.0,,,1081
group_child_0_5,dep_hour_share_work_14,0.0,,,1081
group_child_0_5,dep_hour_share_work_15,0.01289134438305709,,,1081
group_child_0_5,dep_hour_share_work_16,0.003683241252302026,,,1081
group_child_0_5,dep_hour_share_work_17,0.0,,,1081
group_child_0_5,dep_hour_share_work_18,0.0,,,1081
group_child_0_5,dep_hour_share_work_19,0.0,,,1081
group_child_0_5,dep_hour_share_work_20,0.0,,,1081
group_child_0_5,dep_hour_share_work_21,0.0,,,1081
group_child_0_5,dep_hour_share_work_22,0.0,,,1081
group_child_0_5,dep_hour_share_work_23,0.0,,,1081
group_child_0_5,dep_hour_share_work_4,0.0,,,1081
group_child_0_5,dep_hour_share_work_5,0.001841620626151013,,,1081
group_child_0_5,dep_hour_share_work_6,0.003683241252302026,,,1081
group_child_0_5,dep_hour_share_work_7,0.712707182320442,,,1081
group_child_0_5,dep_hour_share_work_8,0.18968692449355432,,,1081
group_child_0_5,dep_hour_share_work_9,0.07550644567219153,,,1081
group_child_0_5,mean_work_activity_h,4.418508287292818,,,1081
group_child_0_5,mobility_rate,0.913228614685844,0.894369307,1.8859307685844096,1081
group_child_0_5,n_persons_unweighted,52840.0,1081.0,51759.0,1081
group_child_0_5,n_persons_weighted,52840.0,41866.19746,10973.802539999997,1081
group_child_0_5,n_work_activities_measured,543.0,0.0,543.0,1081
group_child_0_5,nonhome_acts_per_mobile,1.9448554553932236,1.849759997,0.09509545839322353,1081
group_child_0_5,participation_education,0.73444360333081,0.6558256021,7.861800123081009,1081
group_child_0_5,participation_escort,0.09102952308856926,0.131683716,-4.065419291143074,1081
group_child_0_5,participation_home,0.913228614685844,0.8872372133,2.5991401385843993,1081
group_child_0_5,participation_leisure,0.3531415594246783,0.3698573999,-1.6715840475321708,1081
group_child_0_5,participation_other,0.16233913701741104,0.1063940398,5.594509721741103,1081
group_child_0_5,participation_shop,0.10034065102195307,0.1736667987,-7.332614767804695,1081
group_child_0_5,participation_work,0.010257380772142317,0.0,1.0257380772142317,1081
group_child_0_5,purpose_share_education,0.3024719573059248,0.2316162448,7.085571250592479,1081
group_child_0_5,purpose_share_escort,0.0376476256362109,0.06858371484,-3.0936089203789106,1081
group_child_0_5,purpose_share_home,0.42031304047042545,0.4336017334,-1.3288692929574575,1081
group_child_0_5,purpose_share_leisure,0.13411078717201166,0.1552869692,-2.117618202798835,1081
group_child_0_5,purpose_share_other,0.06334931066857735,0.0414726107,2.187669996857735,1081
group_child_0_5,purpose_share_shop,0.03875327370657706,0.06943872705,-3.0685453343422937,1081
group_child_0_5,purpose_share_work,0.0033540050402727675,0.0,0.3354005040272767,1081
group_child_0_5,share_mobile_first_from_home,1.0,0.981573838,1.8426162000000024,1081
group_child_0_5,share_mobile_last_to_home,1.0,0.9913895519,0.8610448100000001,1081
group_child_0_5,share_mobile_odd_trip_count,0.22774841985286498,0.2665506923,-3.8802272447135024,1081
group_child_0_5,share_trips_0,0.08677138531415594,0.105630693,-1.8859307685844053,1081
group_child_0_5,share_trips_1,0.0,0.0007377866275,-0.07377866275,1081
group_child_0_5,share_trips_2,0.36667297501892504,0.384519259,-1.7846283981074962,1081
group_child_0_5,share_trips_3,0.13385692657077972,0.160445454,-2.658852742922027,1081
group_child_0_5,share_trips_4,0.27634367903103707,0.20986863,6.647504903103707,1081
group_child_0_5,share_trips_5,0.06722180166540499,0.05693658983,1.028521183540499,1081
group_child_0_5,share_trips_6,0.038171839515518544,0.05262935205,-1.4457512534481458,1081
group_child_0_5,share_trips_7,0.005696442089326268,0.0172978903,-1.1601448210673733,1081
group_child_0_5,share_trips_8plus,0.025264950794852383,0.01193434526,1.3330605534852384,1081
group_child_0_5,share_trips_followed_by_same_purpose,0.07930399762810693,0.019392394,5.991160362810692,1081
group_child_0_5,share_trips_home_based,0.8246590403715965,0.8641978859,-3.9538845528403477,1081
group_child_0_5,share_trips_unknown_purpose,0.0,0.0,0.0,1081
group_child_0_5,share_work_activities_lt_2h,0.014732965009208104,,,1081
group_child_0_5,tours_per_mobile,1.4101543881463061,1.416069201,-0.005914812853693885,1081
group_child_0_5,trips_per_mobile_person,3.3550098435395297,3.265829198,0.08918064553952965,1081
group_child_0_5,trips_per_person,3.063890991672975,2.920857397,0.14303359467297527,1081
group_child_0_5,trips_per_person_education,0.9267411052233157,0.6765180219,0.25022308332331566,1081
group_child_0_5,trips_per_person_escort,0.11534822104466314,0.2003232508,-0.08497502975533686,1081
group_child_0_5,trips_per_person_home,1.287793338380015,1.26648883,0.021304508380015186,1081
group_child_0_5,trips_per_person_leisure,0.4109008327024981,0.4535710926,-0.042670259897501894,1081
group_child_0_5,trips_per_person_other,0.19409538228614687,0.1211355817,0.07295980058614687,1081
group_child_0_5,trips_per_person_shop,0.11873580620741862,0.2028206195,-0.08408481329258137,1081
group_child_0_5,trips_per_person_work,0.010276305828917486,0.0,0.010276305828917486,1081
group_employed,dep_hour_share_all_10,0.03150844002187883,0.02641160384,0.5096836181878832,8066
group_employed,dep_hour_share_all_11,0.03989727479868844,0.03143042627,0.846684852868844,8066
group_employed,dep_hour_share_all_12,0.0534229546365277,0.05231759284,0.11053617965276971,8066
group_employed,dep_hour_share_all_13,0.0618931037811181,0.0570680688,0.48250349811180954,8066
group_employed,dep_hour_share_all_14,0.0690025535051465,0.06486207855,0.41404749551465087,8066
group_employed,dep_hour_share_all_15,0.08205029205897924,0.08668387008,-0.4633578021020768,8066
group_employed,dep_hour_share_all_16,0.09332900436699104,0.1063349753,-1.3005970933008952,8066
group_employed,dep_hour_share_all_17,0.08354086046980985,0.1005445115,-1.700365103019015,8066
group_employed,dep_hour_share_all_18,0.0695161795117043,0.07216330436,-0.2647124848295698,8066
group_employed,dep_hour_share_all_19,0.047504555652079804,0.0468927679,0.061178775207980374,8066
group_employed,dep_hour_share_all_20,0.03578534176896775,0.03075252168,0.503282008896775,8066
group_employed,dep_hour_share_all_21,0.025681885323341612,0.02169177925,0.39901060733416105,8066
group_employed,dep_hour_share_all_22,0.018200378492057225,0.01623534128,0.19650372120572251,8066
group_employed,dep_hour_share_all_23,0.009814468692505915,0.004313276907,0.5501191785505916,8066
group_employed,dep_hour_share_all_4,0.006322630841545207,0.0048873755,0.14352553415452068,8066
group_employed,dep_hour_share_all_5,0.02485938171830714,0.02446181481,0.03975669083071398,8066
group_employed,dep_hour_share_all_6,0.05555409306692641,0.05287373409,0.26803589769264086,8066
group_employed,dep_hour_share_all_7,0.08344492121573754,0.1059441268,-2.249920558426245,8066
group_employed,dep_hour_share_all_8,0.055886955478921155,0.06258820781,-0.670125233107885,8066
group_employed,dep_hour_share_all_9,0.038475735851153756,0.02850799534,0.9967740511153754,8066
group_employed,dep_hour_share_education_10,0.017572709099116526,0.005064238572,1.2508470527116526,8066
group_employed,dep_hour_share_education_11,0.07441800477203843,0.01245836659,6.195963818203843,8066
group_employed,dep_hour_share_education_12,0.013316566711807571,0.03514664956,-2.1830082848192425,8066
group_employed,dep_hour_share_education_13,0.02273166956858193,0.07447236922,-5.174069965141808,8066
group_employed,dep_hour_share_education_14,0.017379248081511575,0.05934692987,-4.196768178848843,8066
group_employed,dep_hour_share_education_15,0.03175985039014639,0.1139921957,-8.223234530985362,8066
group_employed,dep_hour_share_education_16,0.015605855420132844,0.07197027812,-5.6364422699867145,8066
group_employed,dep_hour_share_education_17,0.004804281937189656,0.1742716388,-16.946735686281034,8066
group_employed,dep_hour_share_education_18,0.012510479138453602,0.04642669151,-3.3916212371546397,8066
group_employed,dep_hour_share_education_19,0.00941510285677436,0.04633855113,-3.692344827322564,8066
group_employed,dep_hour_share_education_20,0.001386470626168827,0.0,0.1386470626168827,8066
group_employed,dep_hour_share_education_21,0.0007416005674856516,0.01245836659,-1.1716766022514349,8066
group_employed,dep_hour_share_education_22,0.0006448700586831754,0.0,0.06448700586831754,8066
group_employed,dep_hour_share_education_23,0.00035467853227574646,0.0,0.03546785322757465,8066
group_employed,dep_hour_share_education_4,0.004094924872638164,0.0,0.4094924872638164,8066
group_employed,dep_hour_share_education_5,0.007738440704198104,0.0,0.7738440704198104,8066
group_employed,dep_hour_share_education_6,0.19333204359321596,0.02996888367,16.336315992321595,8066
group_employed,dep_hour_share_education_7,0.4477332817437286,0.1861054973,26.162778444372858,8066
group_employed,dep_hour_share_education_8,0.0937641065325337,0.128384966,-3.462085946746629,8066
group_employed,dep_hour_share_education_9,0.03027664925517508,0.003594377306,2.6682271949175083,8066
group_employed,dep_hour_share_escort_10,0.009070731435405243,0.007385097129,0.16856343064052431,8066
group_employed,dep_hour_share_escort_11,0.028043255733817107,0.01862146969,0.9421786043817107,8066
group_employed,dep_hour_share_escort_12,0.04776576229616192,0.036786187,1.0979575296161919,8066
group_employed,dep_hour_share_escort_13,0.08130213136851494,0.07373814624,0.7563985128514944,8066
group_employed,dep_hour_share_escort_14,0.14747286381740973,0.1225008427,2.497202111740973,8066
group_employed,dep_hour_share_escort_15,0.11877083987878664,0.1349238129,-1.615297302121335,8066
group_employed,dep_hour_share_escort_16,0.0833493802511427,0.05615988578,2.7189494471142703,8066
group_employed,dep_hour_share_escort_17,0.0616708388652971,0.06427020841,-0.2599369544702898,8066
group_employed,dep_hour_share_escort_18,0.04673200295938947,0.03481857642,1.1913426539389476,8066
group_employed,dep_hour_share_escort_19,0.01799957433439074,0.0226786663,-0.4679091965609259,8066
group_employed,dep_hour_share_escort_20,0.011381487599955406,0.004924860764,0.6456626835955406,8066
group_employed,dep_hour_share_escort_21,0.007276854939241302,0.005582920381,0.16939345582413023,8066
group_employed,dep_hour_share_escort_22,0.00299992905573179,0.02158636442,-1.858643536426821,8066
group_employed,dep_hour_share_escort_23,0.002523588969179783,0.0,0.2523588969179783,8066
group_employed,dep_hour_share_escort_4,0.0012567270368606148,0.0,0.12567270368606148,8066
group_employed,dep_hour_share_escort_5,0.001672257750661302,0.001345126612,0.03271311386613019,8066
group_employed,dep_hour_share_escort_6,0.04084362869796998,0.01868971358,2.215391511796998,8066
group_employed,dep_hour_share_escort_7,0.1639826085193931,0.2595170998,-9.553449128060688,8066
group_employed,dep_hour_share_escort_8,0.10520021485978372,0.103432532,0.1767682859783723,8066
group_employed,dep_hour_share_escort_9,0.019195491998500035,0.009184162854,1.0011329144500034,8066
group_employed,dep_hour_share_home_10,0.023087352479705302,0.01968307236,0.34042801197053,8066
group_employed,dep_hour_share_home_11,0.034030572799417874,0.02884281757,0.5187755229417876,8066
group_employed,dep_hour_share_home_12,0.059370523228051024,0.0428905726,1.647995062805102,8066
group_employed,dep_hour_share_home_13,0.06839654819564772,0.06136098464,0.7035563555647724,8066
group_employed,dep_hour_share_home_14,0.07347306546603907,0.07398704741,-0.05139819439609339,8066
group_employed,dep_hour_share_home_15,0.10554522818746163,0.1077909573,-0.22457291125383694,8066
group_employed,dep_hour_share_home_16,0.12178951497373627,0.1462539467,-2.4464431726263722,8066
group_employed,dep_hour_share_home_17,0.1083293539804898,0.1344457994,-2.6116445419510206,8066
group_employed,dep_hour_share_home_18,0.0913204629692794,0.1033606611,-1.2040198130720603,8066
group_employed,dep_hour_share_home_19,0.06545893307865475,0.0599731303,0.5485802778654749,8066
group_employed,dep_hour_share_home_20,0.06385440116424494,0.05442238497,0.9432016194244941,8066
group_employed,dep_hour_share_home_21,0.04838040339268254,0.03898753847,0.9392864922682542,8066
group_employed,dep_hour_share_home_22,0.03670100279691657,0.02987505333,0.6825949466916569,8066
group_employed,dep_hour_share_home_23,0.01989676421765923,0.008443263388,1.145350082965923,8066
group_employed,dep_hour_share_home_4,0.00010374741342065171,0.001265046107,-0.11612986935793483,8066
group_employed,dep_hour_share_home_5,0.0009223571412329172,0.004420442886,-0.34980857447670827,8066
group_employed,dep_hour_share_home_6,0.0026817995770516407,0.01024945843,-0.7567658852948359,8066
group_employed,dep_hour_share_home_7,0.012077335880119153,0.02479331074,-1.2715974859880848,8066
group_employed,dep_hour_share_home_8,0.02000335402596812,0.02917662476,-0.9173270734031878,8066
group_employed,dep_hour_share_home_9,0.02167894581258385,0.01597792943,0.570101638258385,8066
group_employed,dep_hour_share_leisure_10,0.03224581935072225,0.02205305453,1.019276482072225,8066
group_employed,dep_hour_share_leisure_11,0.03816596602175028,0.02808192743,1.0084038591750277,8066
group_employed,dep_hour_share_leisure_12,0.05419397566520884,0.06763899064,-1.3445014974791156,8066
group_employed,dep_hour_share_leisure_13,0.05579718045947769,0.04137831854,1.4418861919477686,8066
group_employed,dep_hour_share_leisure_14,0.07222094342746609,0.05682011555,1.5400827877466086,8066
group_employed,dep_hour_share_leisure_15,0.07747073242633133,0.08979177252,-1.232104009366866,8066
group_employed,dep_hour_share_leisure_16,0.13365558961187907,0.1445064127,-1.0850823088120936,8066
group_employed,dep_hour_share_leisure_17,0.13742736109260223,0.1441319283,-0.670456720739776,8066
group_employed,dep_hour_share_leisure_18,0.12227970068126108,0.1318037642,-0.9524063518738926,8066
group_employed,dep_hour_share_leisure_19,0.0849940838916282,0.1157375198,-3.0743435908371795,8066
group_employed,dep_hour_share_leisure_20,0.03371172197117462,0.03701164207,-0.3299920098825383,8066
group_employed,dep_hour_share_leisure_21,0.017998699667647975,0.01562190186,0.23767978076479745,8066
group_employed,dep_hour_share_leisure_22,0.011141667575283993,0.01061438345,0.052728412528399264,8066
group_employed,dep_hour_share_leisure_23,0.005322478385003372,0.001407385601,0.3915092784003373,8066
group_employed,dep_hour_share_leisure_4,0.0004038299229896337,0.004699393584,-0.4295563661010366,8066
group_employed,dep_hour_share_leisure_5,0.00714375133768662,0.008372509081,-0.122875774331338,8066
group_employed,dep_hour_share_leisure_6,0.01577763509120499,0.01936968457,-0.3592049478795011,8066
group_employed,dep_hour_share_leisure_7,0.021758356250681465,0.02088457272,0.08737835306814636,8066
group_employed,dep_hour_share_leisure_8,0.03409536039801477,0.01937984288,1.4715517518014771,8066
group_employed,dep_hour_share_leisure_9,0.04021742203053762,0.0195866195,2.0630802530537617,8066
group_employed,dep_hour_share_other_10,0.05819201479282742,0.06582555123,-0.7633536437172579,8066
group_employed,dep_hour_share_other_11,0.06824043210627478,0.05223378832,1.6006643786274783,8066
group_employed,dep_hour_share_other_12,0.06934746113233255,0.05695782797,1.2389633162332547,8066
group_employed,dep_hour_share_other_13,0.08212087297146055,0.05883394106,2.328693191146055,8066
group_employed,dep_hour_share_other_14,0.10578209775917861,0.09997012445,0.5811973309178611,8066
group_employed,dep_hour_share_other_15,0.09062431571008005,0.1425452865,-5.192097078991996,8066
group_employed,dep_hour_share_other_16,0.08303325953139826,0.1347467156,-5.171345606860175,8066
group_employed,dep_hour_share_other_17,0.07011386584268023,0.07966933621,-0.9555470367319768,8066
group_employed,dep_hour_share_other_18,0.05751076616140727,0.0327887049,2.4722061261407267,8066
group_employed,dep_hour_share_other_19,0.040449137490572,0.01357255796,2.6876579530572,8066
group_employed,dep_hour_share_other_20,0.02333276562614048,0.006641968652,1.669079697414048,8066
group_employed,dep_hour_share_other_21,0.017171115058027785,0.008361133746,0.8809981312027785,8066
group_employed,dep_hour_share_other_22,0.008357460889029463,0.007441076917,0.09163839720294636,8066
group_employed,dep_hour_share_other_23,0.0051093647356512005,0.005791392492,-0.06820277563487995,8066
group_employed,dep_hour_share_other_4,0.0006690834772876572,0.0,0.06690834772876572,8066
group_employed,dep_hour_share_other_5,0.00272499452568064,0.002125970592,0.059902393368064036,8066
group_employed,dep_hour_share_other_6,0.015358507092284859,0.02186661955,-0.6508112457715142,8066
group_employed,dep_hour_share_other_7,0.05721271988516095,0.0589211378,-0.17084179148390555,8066
group_employed,dep_hour_share_other_8,0.06893384589182745,0.07107361327,-0.21397673781725496,8066
group_employed,dep_hour_share_other_9,0.06816135860441352,0.08063325274,-1.247189413558647,8066
group_employed,dep_hour_share_shop_10,0.0721688201368087,0.05727082509,1.48979950468087,8066
group_employed,dep_hour_share_shop_11,0.08253230205213037,0.05310446394,2.942783811213037,8066
group_employed,dep_hour_share_shop_12,0.07509277059954397,0.08311051215,-0.8017741550456023,8066
group_employed,dep_hour_share_shop_13,0.06201994009031162,0.06255020761,-0.053026751968838354,8066
group_employed,dep_hour_share_shop_14,0.07644297402423213,0.07478716545,0.16558085742321288,8066
group_employed,dep_hour_share_shop_15,0.10972414718111503,0.1050107416,0.4713405581115035,8066
group_employed,dep_hour_share_shop_16,0.12184021102517101,0.1477131522,-2.5872941174828994,8066
group_employed,dep_hour_share_shop_17,0.1045200518621183,0.1532161875,-4.869613563788169,8066
group_employed,dep_hour_share_shop_18,0.07089909241292976,0.07058474657,0.03143458429297613,8066
group_employed,dep_hour_share_shop_19,0.03526624044351053,0.03761819146,-0.23519510164894675,8066
group_employed,dep_hour_share_shop_20,0.007528948897929986,0.01466811263,-0.7139163732070014,8066
group_employed,dep_hour_share_shop_21,0.005418697187821344,0.01298312832,-0.7564431132178657,8066
group_employed,dep_hour_share_shop_22,0.00517727008539366,0.001624212666,0.35530574193936604,8066
group_employed,dep_hour_share_shop_23,0.0005007376939240845,0.0006958252947,-0.019508760077591548,8066
group_employed,dep_hour_share_shop_4,0.00041132024858049805,0.0,0.04113202485804981,8066
group_employed,dep_hour_share_shop_5,0.0005722716501989538,7.043314739e-05,0.05018385028089538,8066
group_employed,dep_hour_share_shop_6,0.006581123977287969,0.01375137219,-0.717024821271203,8066
group_employed,dep_hour_share_shop_7,0.030223096526132247,0.03258598989,-0.23628933638677532,8066
group_employed,dep_hour_share_shop_8,0.045424062234541956,0.03767744765,0.7746614584541955,8066
group_employed,dep_hour_share_shop_9,0.08414181606831493,0.0409772847,4.316453136831493,8066
group_employed,dep_hour_share_work_10,0.029960367030820594,0.02583972221,0.41206448208205954,8066
group_employed,dep_hour_share_work_11,0.02634911081332758,0.02897947259,-0.26303617766724186,8066
group_employed,dep_hour_share_work_12,0.031802902632355946,0.05133060517,-1.9527702537644056,8066
group_employed,dep_hour_share_work_13,0.04171682300302074,0.0518677871,-1.0150964096979262,8066
group_employed,dep_hour_share_work_14,0.020844216311976197,0.02698671153,-0.6142495218023801,8066
group_employed,dep_hour_share_work_15,0.019688727883894707,0.01648589181,0.3202836073894707,8066
group_employed,dep_hour_share_work_16,0.013516659474437302,0.007840049671,0.5676609803437302,8066
group_employed,dep_hour_share_work_17,0.008803856549092643,0.009356538598,-0.05526820489073561,8066
group_employed,dep_hour_share_work_18,0.005431079515773695,0.003355179616,0.20758998997736947,8066
group_employed,dep_hour_share_work_19,0.0040796974721206474,0.001289499106,0.27901983661206475,8066
group_employed,dep_hour_share_work_20,0.005820027709009971,0.005418135962,0.040189174700997095,8066
group_employed,dep_hour_share_work_21,0.003497694701219651,0.006352101783,-0.28544070817803485,8066
group_employed,dep_hour_share_work_22,0.0007381498557768743,0.0005557924176,0.01823574381768743,8066
group_employed,dep_hour_share_work_23,0.000860228485770742,0.001263100498,-0.040287201222925804,8066
group_employed,dep_hour_share_work_4,0.029037679711099502,0.01553697165,1.3500708061099502,8066
group_employed,dep_hour_share_work_5,0.11117672443162462,0.08910631198,2.2070412451624613,8066
group_employed,dep_hour_share_work_6,0.2154375525222013,0.1769626441,3.8474908422201275,8066
group_employed,dep_hour_share_work_7,0.24388471234867928,0.2910539035,-4.716919115132071,8066
group_employed,dep_hour_share_work_8,0.12297292693452043,0.1408538114,-1.7880884465479572,8066
group_employed,dep_hour_share_work_9,0.04857309954802517,0.04504618717,0.35269123780251666,8066
group_employed,mean_work_activity_h,5.779621897773528,6.382705045,-0.6030831472264717,8066
group_employed,mobility_rate,0.930835336191019,0.8849113803,4.592395589101894,8066
group_employed,n_persons_unweighted,484308.0,8066.0,476242.0,8066
group_employed,n_persons_weighted,484308.0,355852.7842,128455.2158,8066
group_employed,n_work_activities_measured,351468.0,6251.0,345217.0,8066
group_employed,nonhome_acts_per_mobile,2.2310524809731795,2.244814454,-0.013761973026820584,8066
group_employed,participation_education,0.05436622975461896,0.01443697294,3.992925681461896,8066
group_employed,participation_escort,0.12999165820097955,0.1313131328,-0.13214745990204613,8066
group_employed,participation_home,0.930835336191019,0.8749258521,5.5909484091019035,8066
group_employed,participation_leisure,0.3799152605366833,0.3458831461,3.4032114436683303,8066
group_employed,participation_other,0.24512913270067807,0.1396304195,10.549871320067808,8066
group_employed,participation_shop,0.19818586519322415,0.2588973061,-6.071144090677586,8066
group_employed,participation_work,0.5837669416982582,0.6754624109,-9.169546920174188,8066
group_employed,purpose_share_education,0.018143048937794507,0.004756063934,1.3386985003794507,8066
group_employed,purpose_share_escort,0.05772091621987639,0.06329604897,-0.5575132750123613,8066
group_employed,purpose_share_home,0.4116215196426848,0.412082481,-0.04609613573152149,8066
group_employed,purpose_share_leisure,0.1448618386992041,0.1398272214,0.5034617299204097,8066
group_employed,purpose_share_other,0.09617559223477037,0.05085231905,4.532327318477038,8066
group_employed,purpose_share_shop,0.06542296633643674,0.09109387659,-2.567091025356326,8066
group_employed,purpose_share_work,0.2060541179292331,0.238091989,-3.2037871070766917,8066
group_employed,share_mobile_first_from_home,1.0,0.9734305467,2.6569453300000045,8066
group_employed,share_mobile_last_to_home,1.0,0.9705584708,2.9441529199999983,8066
group_employed,share_mobile_odd_trip_count,0.2972398632686425,0.2367539331,6.048593016864248,8066
group_employed,share_trips_0,0.06916466380898106,0.1150886197,-4.592395589101894,8066
group_employed,share_trips_1,0.0010344656706063084,0.006633628409,-0.5599162738393691,8066
group_employed,share_trips_2,0.32967037505058766,0.3271438318,0.2526543250587654,8066
group_employed,share_trips_3,0.12805074456750662,0.08357427543,4.4476469137506625,8066
group_employed,share_trips_4,0.21261057013305582,0.2263110399,-1.3700469766944194,8066
group_employed,share_trips_5,0.09899898411754503,0.07500420703,2.3994777087545023,8066
group_employed,share_trips_6,0.07553664197163788,0.0805410491,-0.5004407128362115,8066
group_employed,share_trips_7,0.037021895157626966,0.03174726263,0.5274632527626965,8066
group_employed,share_trips_8plus,0.04791165952245265,0.05395608608,-0.6044426557547347,8066
group_employed,share_trips_followed_by_same_purpose,0.10907942190749467,0.04682117002,6.225825188749468,8066
group_employed,share_trips_home_based,0.8003849270071925,0.8242533816,-2.3868454592807398,8066
group_employed,share_trips_unknown_purpose,0.0,0.0008059100903,-0.08059100903,8066
group_employed,share_work_activities_lt_2h,0.1978729215746526,0.1004668666,9.740605497465262,8066
group_employed,tours_per_mobile,1.5608137334714547,1.571277178,-0.010463444528545418,8066
group_employed,trips_per_mobile_person,3.7918662144446342,3.816091632,-0.02422541755536578,8066
group_employed,trips_per_person,3.5296030625139374,3.376902914,0.15270014851393743,8066
group_employed,trips_per_person_education,0.06403776109417973,0.01604782262,0.04798993847417973,8066
group_employed,trips_per_person_escort,0.2037319226607861,0.2135723533,-0.009840430639213887,8066
group_employed,trips_per_person_home,1.4528605763274611,1.390441057,0.06241951932746104,8066
group_employed,trips_per_person_leisure,0.5113047895141108,0.4718024145,0.03950237501411086,8066
group_employed,trips_per_person_other,0.33946166489093715,0.1715849508,0.16787671409093716,8066
group_employed,trips_per_person_shop,0.23091710233983334,0.3073672671,-0.07645016476016667,8066
group_employed,trips_per_person_work,0.7272892456866291,0.8033655687,-0.07607632301337086,8066
group_school_age_6_17_not_employed,dep_hour_share_all_10,0.01630213785196903,0.004940075177,1.1362062674969031,2062
group_school_age_6_17_not_employed,dep_hour_share_all_11,0.030014927448403235,0.01156155672,1.8453370728403238,2062
group_school_age_6_17_not_employed,dep_hour_share_all_12,0.06854558381014594,0.0465349463,2.2010637510145945,2062
group_school_age_6_17_not_employed,dep_hour_share_all_13,0.09668736571199206,0.1446138346,-4.792646888800793,2062
group_school_age_6_17_not_employed,dep_hour_share_all_14,0.08443321606497768,0.0632019682,2.123124786497768,2062
group_school_age_6_17_not_employed,dep_hour_share_all_15,0.11045262437135504,0.1207261485,-1.0273524128644962,2062
group_school_age_6_17_not_employed,dep_hour_share_all_16,0.08461423433208194,0.09246232983,-0.7848095497918053,2062
group_school_age_6_17_not_employed,dep_hour_share_all_17,0.07338323141217859,0.07196032769,0.1422903722178584,2062
group_school_age_6_17_not_employed,dep_hour_share_all_18,0.061115964499432025,0.06576650137,-0.46505368705679684,2062
group_school_age_6_17_not_employed,dep_hour_share_all_19,0.027939776009570358,0.03495387052,-0.7014094510429641,2062
group_school_age_6_17_not_employed,dep_hour_share_all_20,0.020515403605149314,0.01325677766,0.7258625945149314,2062
group_school_age_6_17_not_employed,dep_hour_share_all_21,0.010672207399711945,0.005895028701,0.4777178698711945,2062
group_school_age_6_17_not_employed,dep_hour_share_all_22,0.006674064804539624,0.0006786835313,0.5995381273239624,2062
group_school_age_6_17_not_employed,dep_hour_share_all_23,0.001985954031853968,0.0,0.1985954031853968,2062
group_school_age_6_17_not_employed,dep_hour_share_all_4,2.361107831794678e-05,0.0,0.002361107831794678,2062
group_school_age_6_17_not_employed,dep_hour_share_all_5,0.000973301117328695,0.0004763403453,0.049696077202869504,2062
group_school_age_6_17_not_employed,dep_hour_share_all_6,0.07004095210361591,0.03214407465,3.789687745361591,2062
group_school_age_6_17_not_employed,dep_hour_share_all_7,0.1837440349234083,0.2584126181,-7.466858317659169,2062
group_school_age_6_17_not_employed,dep_hour_share_all_8,0.03196415313620706,0.02248404152,0.9480111616207061,2062
group_school_age_6_17_not_employed,dep_hour_share_all_9,0.015512478454891034,0.009352169634,0.6160308820891034,2062
group_school_age_6_17_not_employed,dep_hour_share_education_10,0.009741415854175497,0.004060171404,0.5681244450175498,2062
group_school_age_6_17_not_employed,dep_hour_share_education_11,0.011021619330224672,0.008377567075,0.2644052255224672,2062
group_school_age_6_17_not_employed,dep_hour_share_education_12,0.018668927511657482,0.02059749689,-0.19285693783425184,2062
group_school_age_6_17_not_employed,dep_hour_share_education_13,0.022543450614667233,0.01764289761,0.4900553004667234,2062
group_school_age_6_17_not_employed,dep_hour_share_education_14,0.012259431962696058,0.00751011084,0.4749321122696058,2062
group_school_age_6_17_not_employed,dep_hour_share_education_15,0.029758372191606614,0.006329390676,2.3428981515606613,2062
group_school_age_6_17_not_employed,dep_hour_share_education_16,0.01649003815175922,0.01025410113,0.6235937021759218,2062
group_school_age_6_17_not_employed,dep_hour_share_education_17,0.005646460364561255,0.005234721849,0.04117385155612552,2062
group_school_age_6_17_not_employed,dep_hour_share_education_18,0.001271725307333616,0.002396871688,-0.11251463806663839,2062
group_school_age_6_17_not_employed,dep_hour_share_education_19,0.0036710470538363713,0.0,0.36710470538363715,2062
group_school_age_6_17_not_employed,dep_hour_share_education_20,0.0001526070368800339,0.0,0.01526070368800339,2062
group_school_age_6_17_not_employed,dep_hour_share_education_21,0.0001271725307333616,0.0,0.012717253073336161,2062
group_school_age_6_17_not_employed,dep_hour_share_education_22,4.23908435777872e-05,0.0,0.00423908435777872,2062
group_school_age_6_17_not_employed,dep_hour_share_education_23,8.478168715557439e-06,0.0,0.0008478168715557439,2062
group_school_age_6_17_not_employed,dep_hour_share_education_4,1.6956337431114878e-05,0.0,0.0016956337431114877,2062
group_school_age_6_17_not_employed,dep_hour_share_education_5,0.00248410343365833,0.0008818241533,0.16022792803583297,2062
group_school_age_6_17_not_employed,dep_hour_share_education_6,0.21600678253497244,0.08907428028,12.693250225497243,2062
group_school_age_6_17_not_employed,dep_hour_share_education_7,0.5558033064857991,0.7530788231,-19.727551661420083,2062
group_school_age_6_17_not_employed,dep_hour_share_education_8,0.07418397626112759,0.05612685015,1.8057126111127593,2062
group_school_age_6_17_not_employed,dep_hour_share_education_9,0.01850784230606189,0.01843489318,0.00729491260618928,2062
group_school_age_6_17_not_employed,dep_hour_share_escort_10,0.0021820448877805485,0.0,0.21820448877805484,2062
group_school_age_6_17_not_employed,dep_hour_share_escort_11,0.012780548628428928,0.0,1.2780548628428927,2062
group_school_age_6_17_not_employed,dep_hour_share_escort_12,0.03709476309226933,0.02783907862,0.9255684472269328,2062
group_school_age_6_17_not_employed,dep_hour_share_escort_13,0.10349127182044887,0.08185466361,2.163660821044887,2062
group_school_age_6_17_not_employed,dep_hour_share_escort_14,0.10504987531172069,0.07209213019,3.2957745121720685,2062
group_school_age_6_17_not_employed,dep_hour_share_escort_15,0.11299875311720699,0.1028151752,1.018357791720699,2062
group_school_age_6_17_not_employed,dep_hour_share_escort_16,0.19404613466334164,0.1253783411,6.866779356334163,2062
group_school_age_6_17_not_employed,dep_hour_share_escort_17,0.09959476309226932,0.06764401838,3.1950744712269317,2062
group_school_age_6_17_not_employed,dep_hour_share_escort_18,0.06234413965087282,0.1260149592,-6.367081954912718,2062
group_school_age_6_17_not_employed,dep_hour_share_escort_19,0.02275561097256858,0.007236212688,1.5519398284568582,2062
group_school_age_6_17_not_employed,dep_hour_share_escort_20,0.003117206982543641,0.0219983411,-1.8881134117456357,2062
group_school_age_6_17_not_employed,dep_hour_share_escort_21,0.0010910224438902742,0.0,0.10910224438902742,2062
group_school_age_6_17_not_employed,dep_hour_share_escort_22,0.0015586034912718205,0.0,0.15586034912718205,2062
group_school_age_6_17_not_employed,dep_hour_share_escort_23,0.0012468827930174563,0.0,0.12468827930174563,2062
group_school_age_6_17_not_employed,dep_hour_share_escort_4,0.0006234413965087282,0.0,0.062344139650872814,2062
group_school_age_6_17_not_employed,dep_hour_share_escort_5,0.0,0.0,0.0,2062
group_school_age_6_17_not_employed,dep_hour_share_escort_6,0.030236907730673317,0.01353779561,1.6699112120673316,2062
group_school_age_6_17_not_employed,dep_hour_share_escort_7,0.16490024937655862,0.2958410767,-13.094082732344138,2062
group_school_age_6_17_not_employed,dep_hour_share_escort_8,0.033198254364089776,0.04843259617,-1.5234341805910225,2062
group_school_age_6_17_not_employed,dep_hour_share_escort_9,0.00451995012468828,0.009315611358,-0.4795661233311721,2062
group_school_age_6_17_not_employed,dep_hour_share_home_10,0.01612813935893414,0.002338311799,1.3789827559934138,2062
group_school_age_6_17_not_employed,dep_hour_share_home_11,0.03542408641041255,0.01141761486,2.400647155041255,2062
group_school_age_6_17_not_employed,dep_hour_share_home_12,0.11780553966525807,0.07580381373,4.2001725935258065,2062
group_school_age_6_17_not_employed,dep_hour_share_home_13,0.16296679030343292,0.2772574396,-11.429064929656708,2062
group_school_age_6_17_not_employed,dep_hour_share_home_14,0.11134690262220664,0.08290581533,2.844108729220665,2062
group_school_age_6_17_not_employed,dep_hour_share_home_15,0.1369784650587736,0.1708537291,-3.38752640412264,2062
group_school_age_6_17_not_employed,dep_hour_share_home_16,0.08251677707860469,0.08166214347,0.0854633608604688,2062
group_school_age_6_17_not_employed,dep_hour_share_home_17,0.09074077491342351,0.07992483361,1.0815941303423517,2062
group_school_age_6_17_not_employed,dep_hour_share_home_18,0.10552182711766407,0.1094143752,-0.38925480823359254,2062
group_school_age_6_17_not_employed,dep_hour_share_home_19,0.04947315974977395,0.06279730561,-1.332414586022606,2062
group_school_age_6_17_not_employed,dep_hour_share_home_20,0.033966279763552376,0.02553825672,0.8428023043552377,2062
group_school_age_6_17_not_employed,dep_hour_share_home_21,0.022488359075615263,0.01001973573,1.2468623345615264,2062
group_school_age_6_17_not_employed,dep_hour_share_home_22,0.0145227067225185,0.001501269596,1.3021437126518498,2062
group_school_age_6_17_not_employed,dep_hour_share_home_23,0.004219642868126934,0.0,0.4219642868126934,2062
group_school_age_6_17_not_employed,dep_hour_share_home_4,0.0,0.0,0.0,2062
group_school_age_6_17_not_employed,dep_hour_share_home_5,0.0,0.0,0.0,2062
group_school_age_6_17_not_employed,dep_hour_share_home_6,5.535974608329796e-05,0.0,0.005535974608329796,2062
group_school_age_6_17_not_employed,dep_hour_share_home_7,0.0006274104556107103,0.002654461782,-0.20270513263892895,2062
group_school_age_6_17_not_employed,dep_hour_share_home_8,0.0007504321135735946,0.002017779001,-0.12673468874264052,2062
group_school_age_6_17_not_employed,dep_hour_share_home_9,0.00680924876824565,0.002612996705,0.4196252063245649,2062
group_school_age_6_17_not_employed,dep_hour_share_leisure_10,0.00920648838228847,0.009951427984,-0.07449396017115295,2062
group_school_age_6_17_not_employed,dep_hour_share_leisure_11,0.010732135028496273,0.01378569418,-0.3053559151503727,2062
group_school_age_6_17_not_employed,dep_hour_share_leisure_12,0.04,0.01730426537,2.2695734630000004,2062
group_school_age_6_17_not_employed,dep_hour_share_leisure_13,0.0627093380096449,0.04126065986,2.1448678149644897,2062
group_school_age_6_17_not_employed,dep_hour_share_leisure_14,0.1483559842174485,0.1000202809,4.83357033174485,2062
group_school_age_6_17_not_employed,dep_hour_share_leisure_15,0.18744410346339324,0.2079830662,-2.053896273660677,2062
group_school_age_6_17_not_employed,dep_hour_share_leisure_16,0.210872424375274,0.283233186,-7.236076162472601,2062
group_school_age_6_17_not_employed,dep_hour_share_leisure_17,0.1648925909688733,0.1843804775,-1.9487886531126708,2062
group_school_age_6_17_not_employed,dep_hour_share_leisure_18,0.06113108285839544,0.07213303266,-1.1001949801604558,2062
group_school_age_6_17_not_employed,dep_hour_share_leisure_19,0.0246733888645331,0.03575007914,-1.1076690275466903,2062
group_school_age_6_17_not_employed,dep_hour_share_leisure_20,0.025585269618588338,0.009517802609,1.6067467009588339,2062
group_school_age_6_17_not_employed,dep_hour_share_leisure_21,0.005015344147303814,0.006439991719,-0.14246475716961862,2062
group_school_age_6_17_not_employed,dep_hour_share_leisure_22,0.0021394125383603683,0.0,0.21394125383603682,2062
group_school_age_6_17_not_employed,dep_hour_share_leisure_23,0.00019289785181937746,0.0,0.019289785181937746,2062
group_school_age_6_17_not_employed,dep_hour_share_leisure_4,0.0,0.0,0.0,2062
group_school_age_6_17_not_employed,dep_hour_share_leisure_5,7.014467338886454e-05,0.0,0.0070144673388864535,2062
group_school_age_6_17_not_employed,dep_hour_share_leisure_6,0.001052170100832968,0.0008232411067,0.022892899413296787,2062
group_school_age_6_17_not_employed,dep_hour_share_leisure_7,0.013958790004384042,0.008478305257,0.5480484747384042,2062
group_school_age_6_17_not_employed,dep_hour_share_leisure_8,0.018991670320035074,0.002685911248,1.6305759072035075,2062
group_school_age_6_17_not_employed,dep_hour_share_leisure_9,0.012503288031565103,0.006252578209,0.6250709822565103,2062
group_school_age_6_17_not_employed,dep_hour_share_other_10,0.061738002594033725,0.00869146934,5.304653325403373,2062
group_school_age_6_17_not_employed,dep_hour_share_other_11,0.12017787659811006,0.03675929078,8.341858581811007,2062
group_school_age_6_17_not_employed,dep_hour_share_other_12,0.05462293866963128,0.05742986744,-0.28069287703687207,2062
group_school_age_6_17_not_employed,dep_hour_share_other_13,0.12021493422271633,0.1074905899,1.2724344322716323,2062
group_school_age_6_17_not_employed,dep_hour_share_other_14,0.09442282749675746,0.1578693725,-6.344654500324253,2062
group_school_age_6_17_not_employed,dep_hour_share_other_15,0.09890680007411524,0.1724000135,-7.349321342588476,2062
group_school_age_6_17_not_employed,dep_hour_share_other_16,0.0942745969983324,0.1364216281,-4.214703110166759,2062
group_school_age_6_17_not_employed,dep_hour_share_other_17,0.05277005743931814,0.1022874004,-4.951734296068187,2062
group_school_age_6_17_not_employed,dep_hour_share_other_18,0.04332036316472114,0.02318103046,2.013933270472114,2062
group_school_age_6_17_not_employed,dep_hour_share_other_19,0.0197887715397443,0.002782435136,1.7006336403744302,2062
group_school_age_6_17_not_employed,dep_hour_share_other_20,0.02405039836946452,0.0,2.405039836946452,2062
group_school_age_6_17_not_employed,dep_hour_share_other_21,0.0022234574763757642,0.008538957137,-0.6315499660624235,2062
group_school_age_6_17_not_employed,dep_hour_share_other_22,0.0006299796183064666,0.0,0.06299796183064665,2062
group_school_age_6_17_not_employed,dep_hour_share_other_23,0.0005929219937002038,0.0,0.05929219937002038,2062
group_school_age_6_17_not_employed,dep_hour_share_other_4,0.0,0.0,0.0,2062
group_school_age_6_17_not_employed,dep_hour_share_other_5,0.00025940337224383917,0.0,0.02594033722438392,2062
group_school_age_6_17_not_employed,dep_hour_share_other_6,0.010783768760422457,0.05645224043,-4.566847166957755,2062
group_school_age_6_17_not_employed,dep_hour_share_other_7,0.0791550861589772,0.05998543478,1.9169651378977206,2062
group_school_age_6_17_not_employed,dep_hour_share_other_8,0.06147859922178988,0.03519382514,2.6284774081789877,2062
group_school_age_6_17_not_employed,dep_hour_share_other_9,0.056772280896794515,0.03451644511,2.2255835786794513,2062
group_school_age_6_17_not_employed,dep_hour_share_shop_10,0.026764596041329514,0.02180620714,0.49583889013295157,2062
group_school_age_6_17_not_employed,dep_hour_share_shop_11,0.04058259678824847,0.02487436224,1.5708234548248472,2062
group_school_age_6_17_not_employed,dep_hour_share_shop_12,0.07954686916469562,0.03113978259,4.840708657469563,2062
group_school_age_6_17_not_employed,dep_hour_share_shop_13,0.02626665006846757,0.1172231507,-9.095650063153244,2062
group_school_age_6_17_not_employed,dep_hour_share_shop_14,0.11602141167683307,0.1247696055,-0.8748193823166939,2062
group_school_age_6_17_not_employed,dep_hour_share_shop_15,0.26067471679322796,0.1849726475,7.570206929322795,2062
group_school_age_6_17_not_employed,dep_hour_share_shop_16,0.1192580605004357,0.2136763108,-9.441825029956428,2062
group_school_age_6_17_not_employed,dep_hour_share_shop_17,0.12784762853230425,0.117495965,1.0351663532304254,2062
group_school_age_6_17_not_employed,dep_hour_share_shop_18,0.11552346570397112,0.0913222015,2.4201264203971116,2062
group_school_age_6_17_not_employed,dep_hour_share_shop_19,0.010830324909747292,0.0391836417,-2.8353316790252707,2062
group_school_age_6_17_not_employed,dep_hour_share_shop_20,0.01892194696875389,0.0,1.892194696875389,2062
group_school_age_6_17_not_employed,dep_hour_share_shop_21,0.005477405701481389,0.007781458491,-0.2304052789518611,2062
group_school_age_6_17_not_employed,dep_hour_share_shop_22,0.0036101083032490976,0.0,0.36101083032490977,2062
group_school_age_6_17_not_employed,dep_hour_share_shop_23,0.004232540769326528,0.0,0.42325407693265277,2062
group_school_age_6_17_not_employed,dep_hour_share_shop_4,0.0,0.0,0.0,2062
group_school_age_6_17_not_employed,dep_hour_share_shop_5,0.0,0.0,0.0,2062
group_school_age_6_17_not_employed,dep_hour_share_shop_6,0.0,0.001265603694,-0.12656036939999998,2062
group_school_age_6_17_not_employed,dep_hour_share_shop_7,0.005850865181127847,0.01319440923,-0.7343544048872154,2062
group_school_age_6_17_not_employed,dep_hour_share_shop_8,0.007469189592929167,0.006081694668,0.13874949249291665,2062
group_school_age_6_17_not_employed,dep_hour_share_shop_9,0.022407568778787502,0.005212959265,1.7194609513787502,2062
group_school_age_6_17_not_employed,dep_hour_share_work_10,0.010478359908883827,0.0738349554,-6.335659549111618,2062
group_school_age_6_17_not_employed,dep_hour_share_work_11,0.05421412300683371,0.0,5.421412300683371,2062
group_school_age_6_17_not_employed,dep_hour_share_work_12,0.06469248291571754,0.04706689957,1.7625583345717537,2062
group_school_age_6_17_not_employed,dep_hour_share_work_13,0.0031890660592255125,0.0,0.31890660592255127,2062
group_school_age_6_17_not_employed,dep_hour_share_work_14,0.010022779043280182,0.03515190519,-2.512912614671982,2062
group_school_age_6_17_not_employed,dep_hour_share_work_15,0.06651480637813212,0.05540401136,1.111079501813212,2062
group_school_age_6_17_not_employed,dep_hour_share_work_16,0.055125284738041,0.0,5.5125284738041,2062
group_school_age_6_17_not_employed,dep_hour_share_work_17,0.027790432801822324,0.0,2.7790432801822322,2062
group_school_age_6_17_not_employed,dep_hour_share_work_18,0.0036446469248291574,0.0,0.36446469248291574,2062
group_school_age_6_17_not_employed,dep_hour_share_work_19,0.0,0.0,0.0,2062
group_school_age_6_17_not_employed,dep_hour_share_work_20,0.0,0.0,0.0,2062
group_school_age_6_17_not_employed,dep_hour_share_work_21,0.0,0.0,0.0,2062
group_school_age_6_17_not_employed,dep_hour_share_work_22,0.0,0.0,0.0,2062
group_school_age_6_17_not_employed,dep_hour_share_work_23,0.00045558086560364467,0.0,0.04555808656036447,2062
group_school_age_6_17_not_employed,dep_hour_share_work_4,0.001366742596810934,0.0,0.1366742596810934,2062
group_school_age_6_17_not_employed,dep_hour_share_work_5,0.03052391799544419,0.04977079272,-1.924687472455581,2062
group_school_age_6_17_not_employed,dep_hour_share_work_6,0.3034168564920273,0.2484128487,5.5004007792027325,2062
group_school_age_6_17_not_employed,dep_hour_share_work_7,0.1562642369020501,0.2703012379,-11.403700099794989,2062
group_school_age_6_17_not_employed,dep_hour_share_work_8,0.13530751708428246,0.2200573492,-8.474983211571754,2062
group_school_age_6_17_not_employed,dep_hour_share_work_9,0.07699316628701594,0.0,7.699316628701594,2062
group_school_age_6_17_not_employed,mean_work_activity_h,4.309043280182232,6.158400091,-1.8493568108177678,2062
group_school_age_6_17_not_employed,mobility_rate,0.9400311041990669,0.9362350417,0.37960624990668324,2062
group_school_age_6_17_not_employed,n_persons_unweighted,112525.0,2062.0,110463.0,2062
group_school_age_6_17_not_employed,n_persons_weighted,112525.0,90825.06998,21699.93002,2062
group_school_age_6_17_not_employed,n_work_activities_measured,2195.0,21.0,2174.0,2062
group_school_age_6_17_not_employed,nonhome_acts_per_mobile,2.0666496497348197,1.740966513,0.32568313673481963,2062
group_school_age_6_17_not_employed,participation_education,0.842666074205732,0.8996888951,-5.702282089426802,2062
group_school_age_6_17_not_employed,participation_escort,0.042043990224394576,0.04023693059,0.18070596343945783,2062
group_school_age_6_17_not_employed,participation_home,0.9400311041990669,0.9305805821,0.9450522099066827,2062
group_school_age_6_17_not_employed,participation_leisure,0.4064252388358143,0.3742896138,3.2135625035814295,2062
group_school_age_6_17_not_employed,participation_other,0.1721750722061764,0.06740300618,10.477206602617638,2062
group_school_age_6_17_not_employed,participation_shop,0.05524994445678738,0.07323337254,-1.7983428083212614,2062
group_school_age_6_17_not_employed,participation_work,0.014023550322150634,0.009854000332,0.41695499901506333,2062
group_school_age_6_17_not_employed,purpose_share_education,0.3094362986224248,0.327936773,-1.8500474377575238,2062
group_school_age_6_17_not_employed,purpose_share_escort,0.016832075387549616,0.01570386168,0.11282137075496156,2062
group_school_age_6_17_not_employed,purpose_share_home,0.4265026483759513,0.4563083713,-2.9805722924048705,2062
group_school_age_6_17_not_employed,purpose_share_leisure,0.14960241567565724,0.1423708108,0.7231604875657244,2062
group_school_age_6_17_not_employed,purpose_share_other,0.07079388315664377,0.0259142857,4.487959745664377,2062
group_school_age_6_17_not_employed,purpose_share_shop,0.021074199125340722,0.02806296094,-0.6988761814659277,2062
group_school_age_6_17_not_employed,purpose_share_work,0.005758479656432576,0.003702936512,0.2055543144432576,2062
group_school_age_6_17_not_employed,share_mobile_first_from_home,1.0,0.9968315472,0.3168452799999999,2062
group_school_age_6_17_not_employed,share_mobile_last_to_home,1.0,0.9932605529,0.6739447099999962,2062
group_school_age_6_17_not_employed,share_mobile_odd_trip_count,0.24499654934437542,0.1277416085,11.725494084437543,2062
group_school_age_6_17_not_employed,share_trips_0,0.05996889580093313,0.06376495829,-0.37960624890668804,2062
group_school_age_6_17_not_employed,share_trips_1,0.0007642746056431904,0.001297881283,-0.05336066773568096,2062
group_school_age_6_17_not_employed,share_trips_2,0.3754898911353033,0.4388286157,-6.333872456469669,2062
group_school_age_6_17_not_employed,share_trips_3,0.08104865585425461,0.07179051544,0.9258140414254614,2062
group_school_age_6_17_not_employed,share_trips_4,0.23706731837369474,0.3178385631,-8.077124472630528,2062
group_school_age_6_17_not_employed,share_trips_5,0.12627416129748945,0.03665675377,8.961740752748945,2062
group_school_age_6_17_not_employed,share_trips_6,0.06801155298822484,0.05328750175,1.4724051238224838,2062
group_school_age_6_17_not_employed,share_trips_7,0.018786936236391914,0.009219856153,0.9567080083391913,2062
group_school_age_6_17_not_employed,share_trips_8plus,0.03258831370806487,0.00731535454,2.5272959168064872,2062
group_school_age_6_17_not_employed,share_trips_followed_by_same_purpose,0.10982561906935623,0.02264542174,8.718019732935623,2062
group_school_age_6_17_not_employed,share_trips_home_based,0.8311860369329734,0.9128738468,-8.16878098670266,2062
group_school_age_6_17_not_employed,share_trips_unknown_purpose,0.0,0.0009412201595,-0.09412201595,2062
group_school_age_6_17_not_employed,share_work_activities_lt_2h,0.3284738041002278,0.1578749223,17.05988818002278,2062
group_school_age_6_17_not_employed,tours_per_mobile,1.536940922884937,1.458627225,0.07831369788493703,2062
group_school_age_6_17_not_employed,trips_per_mobile_person,3.6035905726197566,3.199593738,0.40399683461975666,2062
group_school_age_6_17_not_employed,trips_per_person,3.3874872250610975,2.995571777,0.39191544806109757,2062
group_school_age_6_17_not_employed,trips_per_person_education,1.0482115085536547,0.9814335267,0.0667779818536548,2062
group_school_age_6_17_not_employed,trips_per_person_escort,0.05701844034658965,0.04699776792,0.010020672426589647,2062
group_school_age_6_17_not_employed,trips_per_person_home,1.4447722728282604,1.365617921,0.07915435182826047,2062
group_school_age_6_17_not_employed,trips_per_person_leisure,0.506776271939569,0.4260805693,0.08069570263956899,2062
group_school_age_6_17_not_employed,trips_per_person_other,0.23981337480559875,0.07755503773,0.16225833707559875,2062
group_school_age_6_17_not_employed,trips_per_person_shop,0.07138858031548545,0.08398549047,-0.012596910154514543,2062
group_school_age_6_17_not_employed,trips_per_person_work,0.019506776271939568,0.0110819717,0.008424804571939568,2062
group_senior_65plus_not_employed,dep_hour_share_all_10,0.10363716846803644,0.123969224,-2.033205553196356,4339
group_senior_65plus_not_employed,dep_hour_share_all_11,0.08310893061344941,0.1176306263,-3.4521695686550586,4339
group_senior_65plus_not_employed,dep_hour_share_all_12,0.07323582574052898,0.08783974196,-1.4603916219471018,4339
group_senior_65plus_not_employed,dep_hour_share_all_13,0.06449518610055702,0.06971876615,-0.5223580049442983,4339
group_senior_65plus_not_employed,dep_hour_share_all_14,0.07709063410675421,0.07765345569,-0.056282158324579,4339
group_senior_65plus_not_employed,dep_hour_share_all_15,0.07456010918883028,0.08177841478,-0.7218305591169718,4339
group_senior_65plus_not_employed,dep_hour_share_all_16,0.07570917407503043,0.075231048,0.04781260750304356,4339
group_senior_65plus_not_employed,dep_hour_share_all_17,0.06513703935962227,0.06176249265,0.337454670962227,4339
group_senior_65plus_not_employed,dep_hour_share_all_18,0.052762920063447565,0.04587436006,0.6888560003447564,4339
group_senior_65plus_not_employed,dep_hour_share_all_19,0.03366409679442252,0.02398184197,0.9682254824422518,4339
group_senior_65plus_not_employed,dep_hour_share_all_20,0.020906341067542144,0.01225640014,0.8649940927542143,4339
group_senior_65plus_not_employed,dep_hour_share_all_21,0.015540964255413332,0.01389848055,0.1642483705413332,4339
group_senior_65plus_not_employed,dep_hour_share_all_22,0.011688000295104946,0.007401073552,0.4286926743104946,4339
group_senior_65plus_not_employed,dep_hour_share_all_23,0.004782544542402892,0.002702357254,0.2080187288402892,4339
group_senior_65plus_not_employed,dep_hour_share_all_4,0.0024309269984138107,0.0005019455823,0.19289814161138108,4339
group_senior_65plus_not_employed,dep_hour_share_all_5,0.006116050020288465,0.0004406899397,0.5675360080588465,4339
group_senior_65plus_not_employed,dep_hour_share_all_6,0.017051532701316905,0.004025912121,1.3025620580316903,4339
group_senior_65plus_not_employed,dep_hour_share_all_7,0.04553469327529603,0.02579421847,1.9740474805296029,4339
group_senior_65plus_not_employed,dep_hour_share_all_8,0.0655262090080785,0.06683868198,-0.13124729719214967,4339
group_senior_65plus_not_employed,dep_hour_share_all_9,0.09680548895200856,0.09938054822,-0.2575059267991439,4339
group_senior_65plus_not_employed,dep_hour_share_education_10,0.040160642570281124,0.01199914598,2.8161496590281123,4339
group_senior_65plus_not_employed,dep_hour_share_education_11,0.01770043135504983,0.08425665059,-6.655621923495017,4339
group_senior_65plus_not_employed,dep_hour_share_education_12,0.08240368882939164,0.01715607438,6.524761444939164,4339
group_senior_65plus_not_employed,dep_hour_share_education_13,0.06470325747434182,0.00989904158,5.480421589434181,4339
group_senior_65plus_not_employed,dep_hour_share_education_14,0.06529822995686449,0.1568402122,-9.15419822431355,4339
group_senior_65plus_not_employed,dep_hour_share_education_15,0.08389112003569835,0.1626272836,-7.8736163564301656,4339
group_senior_65plus_not_employed,dep_hour_share_education_16,0.08091625762308494,0.07789404902,0.30222086030849415,4339
group_senior_65plus_not_employed,dep_hour_share_education_17,0.04313550498289454,0.1495685861,-10.643308111710548,4339
group_senior_65plus_not_employed,dep_hour_share_education_18,0.0019336605681987207,0.09799489661,-9.60612360418013,4339
group_senior_65plus_not_employed,dep_hour_share_education_19,0.0,0.00764567786,-0.764567786,4339
group_senior_65plus_not_employed,dep_hour_share_education_20,0.0,0.0,0.0,4339
group_senior_65plus_not_employed,dep_hour_share_education_21,0.0,0.0,0.0,4339
group_senior_65plus_not_employed,dep_hour_share_education_22,0.0,0.0,0.0,4339
group_senior_65plus_not_employed,dep_hour_share_education_23,0.0,0.0,0.0,4339
group_senior_65plus_not_employed,dep_hour_share_education_4,0.0,0.0,0.0,4339
group_senior_65plus_not_employed,dep_hour_share_education_5,0.0,0.0,0.0,4339
group_senior_65plus_not_employed,dep_hour_share_education_6,0.09117953294660122,0.0,9.117953294660122,4339
group_senior_65plus_not_employed,dep_hour_share_education_7,0.2617878923099807,0.0,26.178789230998067,4339
group_senior_65plus_not_employed,dep_hour_share_education_8,0.0688680648520006,0.1942102471,-12.534218224799943,4339
group_senior_65plus_not_employed,dep_hour_share_education_9,0.09802171649561207,0.02990813501,6.811358148561207,4339
group_senior_65plus_not_employed,dep_hour_share_escort_10,0.04256522661387259,0.04663537097,-0.407014435612741,4339
group_senior_65plus_not_employed,dep_hour_share_escort_11,0.048433854203492895,0.112495649,-6.406179479650712,4339
group_senior_65plus_not_employed,dep_hour_share_escort_12,0.09036272360885243,0.1233954962,-3.3032772591147563,4339
group_senior_65plus_not_employed,dep_hour_share_escort_13,0.05713073605317118,0.1184254991,-6.129476304682882,4339
group_senior_65plus_not_employed,dep_hour_share_escort_14,0.11362511489782931,0.1115064822,0.21186326978293035,4339
group_senior_65plus_not_employed,dep_hour_share_escort_15,0.11221098776780032,0.06272580147,4.9485186297800325,4339
group_senior_65plus_not_employed,dep_hour_share_escort_16,0.029484550661104433,0.0534444049,-2.3959854238895564,4339
group_senior_65plus_not_employed,dep_hour_share_escort_17,0.09085766810436258,0.03374122629,5.711644181436258,4339
group_senior_65plus_not_employed,dep_hour_share_escort_18,0.0675952768153857,0.04046083234,2.7134444475385697,4339
group_senior_65plus_not_employed,dep_hour_share_escort_19,0.018030120907869616,0.01957471194,-0.1544591032130383,4339
group_senior_65plus_not_employed,dep_hour_share_escort_20,0.01067665983171887,0.01177691654,-0.1100256708281129,4339
group_senior_65plus_not_employed,dep_hour_share_escort_21,0.028989606165594286,0.001257406891,2.773219927459429,4339
group_senior_65plus_not_employed,dep_hour_share_escort_22,0.00544438945061161,0.008341346795,-0.28969573443883895,4339
group_senior_65plus_not_employed,dep_hour_share_escort_23,0.004313087746588418,0.0,0.4313087746588418,4339
group_senior_65plus_not_employed,dep_hour_share_escort_4,0.00021211906950434844,0.002305654933,-0.20935358634956514,4339
group_senior_65plus_not_employed,dep_hour_share_escort_5,0.00813123099766669,0.0,0.8131230997666691,4339
group_senior_65plus_not_employed,dep_hour_share_escort_6,0.026727002757547903,0.004658497359,2.20685053985479,4339
group_senior_65plus_not_employed,dep_hour_share_escort_7,0.10471611397864668,0.08640632856,1.8309785418646682,4339
group_senior_65plus_not_employed,dep_hour_share_escort_8,0.05465601357562045,0.09850497542,-4.384896184437955,4339
group_senior_65plus_not_employed,dep_hour_share_escort_9,0.0680195149543944,0.05070407615,1.73154388043944,4339
group_senior_65plus_not_employed,dep_hour_share_home_10,0.07701248757723718,0.1002612359,-2.3248748322762816,4339
group_senior_65plus_not_employed,dep_hour_share_home_11,0.09180745797865446,0.1233054618,-3.149800382134554,4339
group_senior_65plus_not_employed,dep_hour_share_home_12,0.08978956920019013,0.1068339671,-1.7044397899809869,4339
group_senior_65plus_not_employed,dep_hour_share_home_13,0.05979345806507367,0.06903153087,-0.9238072804926327,4339
group_senior_65plus_not_employed,dep_hour_share_home_14,0.08482478503219117,0.07123050455,1.3594280482191161,4339
group_senior_65plus_not_employed,dep_hour_share_home_15,0.07882297022857884,0.08267943615,-0.3856465921421151,4339
group_senior_65plus_not_employed,dep_hour_share_home_16,0.09104696884587132,0.0931523054,-0.21053365541286728,4339
group_senior_65plus_not_employed,dep_hour_share_home_17,0.0956876809402411,0.07063709017,2.5050590770241103,4339
group_senior_65plus_not_employed,dep_hour_share_home_18,0.06891932765847124,0.05668713935,1.223218830847124,4339
group_senior_65plus_not_employed,dep_hour_share_home_19,0.05103919111610422,0.03030490685,2.073428426610422,4339
group_senior_65plus_not_employed,dep_hour_share_home_20,0.038534330034999786,0.02250499527,1.6029334764999785,4339
group_senior_65plus_not_employed,dep_hour_share_home_21,0.029546731193017328,0.03004900153,-0.05022703369826735,4339
group_senior_65plus_not_employed,dep_hour_share_home_22,0.02271961284189604,0.01488090604,0.783870680189604,4339
group_senior_65plus_not_employed,dep_hour_share_home_23,0.008927105388238344,0.005661182032,0.3265923356238344,4339
group_senior_65plus_not_employed,dep_hour_share_home_4,0.00010802402454305838,0.000453971782,-0.03459477574569416,4339
group_senior_65plus_not_employed,dep_hour_share_home_5,0.0006438231862766279,0.0001286825985,0.05151405877766279,4339
group_senior_65plus_not_employed,dep_hour_share_home_6,0.0025839346670699565,0.002206542813,0.03773918540699566,4339
group_senior_65plus_not_employed,dep_hour_share_home_7,0.0106209220930735,0.01282550121,-0.22045791169264997,4339
group_senior_65plus_not_employed,dep_hour_share_home_8,0.026539342349738582,0.04417268038,-1.763333803026142,4339
group_senior_65plus_not_employed,dep_hour_share_home_9,0.05649224387503781,0.06249350161,-0.6001257734962191,4339
group_senior_65plus_not_employed,dep_hour_share_leisure_10,0.10489013379168391,0.09162066961,1.3269464181683912,4339
group_senior_65plus_not_employed,dep_hour_share_leisure_11,0.06669425258087447,0.07996216928,-1.3267916699125526,4339
group_senior_65plus_not_employed,dep_hour_share_leisure_12,0.04318256570222066,0.07939738058,-3.6214814877779333,4339
group_senior_65plus_not_employed,dep_hour_share_leisure_13,0.07129897826017761,0.07059226913,0.07067091301776185,4339
group_senior_65plus_not_employed,dep_hour_share_leisure_14,0.08519803503411104,0.08614243829,-0.09444032558889592,4339
group_senior_65plus_not_employed,dep_hour_share_leisure_15,0.08561182374722814,0.09801726609,-1.2405442342771855,4339
group_senior_65plus_not_employed,dep_hour_share_leisure_16,0.06991968254978727,0.07179394305,-0.1874260500212735,4339
group_senior_65plus_not_employed,dep_hour_share_leisure_17,0.0663971735047904,0.08989302708,-2.3495853575209598,4339
group_senior_65plus_not_employed,dep_hour_share_leisure_18,0.07509734644725255,0.07937463061,-0.42772841627474467,4339
group_senior_65plus_not_employed,dep_hour_share_leisure_19,0.04832839969867694,0.04209959088,0.6228808818676934,4339
group_senior_65plus_not_employed,dep_hour_share_leisure_20,0.01178767334033591,0.009755469299,0.20322040413359113,4339
group_senior_65plus_not_employed,dep_hour_share_leisure_21,0.0050185143924202395,0.003971118392,0.10473960004202393,4339
group_senior_65plus_not_employed,dep_hour_share_leisure_22,0.007363317100083819,0.003958117353,0.34051997470838197,4339
group_senior_65plus_not_employed,dep_hour_share_leisure_23,0.002312972806654571,0.001348461563,0.09645112436545712,4339
group_senior_65plus_not_employed,dep_hour_share_leisure_4,0.0005941581521681468,0.0008958020999,-0.030164394773185315,4339
group_senior_65plus_not_employed,dep_hour_share_leisure_5,0.003554338946005878,0.0007633670105,0.2790971935505878,4339
group_senior_65plus_not_employed,dep_hour_share_leisure_6,0.015214692682305757,0.00616967497,0.9045017712305758,4339
group_senior_65plus_not_employed,dep_hour_share_leisure_7,0.03477947183584259,0.02334015425,1.1439317585842588,4339
group_senior_65plus_not_employed,dep_hour_share_leisure_8,0.08166491602211118,0.08196618227,-0.030126624788881506,4339
group_senior_65plus_not_employed,dep_hour_share_leisure_9,0.11646560779195976,0.07893826818,3.7527339611959754,4339
group_senior_65plus_not_employed,dep_hour_share_other_10,0.12716413838794222,0.1893583864,-6.219424801205778,4339
group_senior_65plus_not_employed,dep_hour_share_other_11,0.085308703319401,0.1280928911,-4.278418778059899,4339
group_senior_65plus_not_employed,dep_hour_share_other_12,0.06635879149251259,0.04958492373,1.6773867762512586,4339
group_senior_65plus_not_employed,dep_hour_share_other_13,0.06654390631241536,0.05484277999,1.1701126322415358,4339
group_senior_65plus_not_employed,dep_hour_share_other_14,0.06531630276990227,0.08758521163,-2.226890886009773,4339
group_senior_65plus_not_employed,dep_hour_share_other_15,0.07840099767145042,0.07364563755,0.47553601214504193,4339
group_senior_65plus_not_employed,dep_hour_share_other_16,0.0794824579350929,0.05024453699,2.92379209450929,4339
group_senior_65plus_not_employed,dep_hour_share_other_17,0.03514258712575142,0.03270927158,0.24333155457514216,4339
group_senior_65plus_not_employed,dep_hour_share_other_18,0.035093872699461216,0.008584095873,2.650977682646122,4339
group_senior_65plus_not_employed,dep_hour_share_other_19,0.01203246329367979,0.005231311399,0.680115189467979,4339
group_senior_65plus_not_employed,dep_hour_share_other_20,0.009353169847718704,0.001934678521,0.7418491326718704,4339
group_senior_65plus_not_employed,dep_hour_share_other_21,0.006362104073500326,0.0005419180645,0.5820186009000327,4339
group_senior_65plus_not_employed,dep_hour_share_other_22,0.002533150167090482,0.0,0.2533150167090482,4339
group_senior_65plus_not_employed,dep_hour_share_other_23,0.0022213778388331922,0.0,0.22213778388331923,4339
group_senior_65plus_not_employed,dep_hour_share_other_4,0.0006138017712565399,0.0,0.061380177125653995,4339
group_senior_65plus_not_employed,dep_hour_share_other_5,0.0007307163943530237,0.0005182940076,0.02124223867530237,4339
group_senior_65plus_not_employed,dep_hour_share_other_6,0.020693888288077632,0.002057351153,1.863653713507763,4339
group_senior_65plus_not_employed,dep_hour_share_other_7,0.07881019885228811,0.04624792396,3.2562274892288112,4339
group_senior_65plus_not_employed,dep_hour_share_other_8,0.0855717612213681,0.1059706263,-2.0398865078631894,4339
group_senior_65plus_not_employed,dep_hour_share_other_9,0.13174329445922114,0.158098286,-2.635499154077886,4339
group_senior_65plus_not_employed,dep_hour_share_shop_10,0.19244813391501758,0.1827957764,0.9652357515017584,4339
group_senior_65plus_not_employed,dep_hour_share_shop_11,0.10341762284432653,0.1417410105,-3.832338765567346,4339
group_senior_65plus_not_employed,dep_hour_share_shop_12,0.07752902722883986,0.07891649724,-0.138747001116013,4339
group_senior_65plus_not_employed,dep_hour_share_shop_13,0.07501265026462986,0.07532128749,-0.03086372253701397,4339
group_senior_65plus_not_employed,dep_hour_share_shop_14,0.06928242228634729,0.07097441111,-0.1691988823652707,4339
group_senior_65plus_not_employed,dep_hour_share_shop_15,0.05120280083696886,0.07057611148,-1.9373310643031134,4339
group_senior_65plus_not_employed,dep_hour_share_shop_16,0.055497052830240284,0.0594904772,-0.3993424369759718,4339
group_senior_65plus_not_employed,dep_hour_share_shop_17,0.020459238795968327,0.03467602334,-1.4216784544031673,4339
group_senior_65plus_not_employed,dep_hour_share_shop_18,0.012390421356381888,0.00998674224,0.24036791163818874,4339
group_senior_65plus_not_employed,dep_hour_share_shop_19,0.003979704872745176,0.004123654261,-0.014394938825482411,4339
group_senior_65plus_not_employed,dep_hour_share_shop_20,0.0025710808112580515,0.0,0.25710808112580513,4339
group_senior_65plus_not_employed,dep_hour_share_shop_21,0.0006017423175284802,0.0007303560459,-0.012861372837151976,4339
group_senior_65plus_not_employed,dep_hour_share_shop_22,0.0005880663557664693,0.0,0.05880663557664693,4339
group_senior_65plus_not_employed,dep_hour_share_shop_23,0.00024616731171619646,0.0,0.024616731171619645,4339
group_senior_65plus_not_employed,dep_hour_share_shop_4,0.00017778750290614188,0.0,0.01777875029061419,4339
group_senior_65plus_not_employed,dep_hour_share_shop_5,0.0013265682909150585,0.0006641441515,0.06624241394150585,4339
group_senior_65plus_not_employed,dep_hour_share_shop_6,0.008492772254208776,0.003832019375,0.4660752879208776,4339
group_senior_65plus_not_employed,dep_hour_share_shop_7,0.03219321398777369,0.03223980374,-0.004658975222631562,4339
group_senior_65plus_not_employed,dep_hour_share_shop_8,0.12503931839006577,0.06482276785,6.021655054006576,4339
group_senior_65plus_not_employed,dep_hour_share_shop_9,0.1660261757908125,0.1691089176,-0.3082741809187495,4339
group_senior_65plus_not_employed,dep_hour_share_work_10,0.02440497156946611,0.06664970941,-4.224473784053388,4339
group_senior_65plus_not_employed,dep_hour_share_work_11,0.02037940924872943,0.1116948473,-9.131543805127057,4339
group_senior_65plus_not_employed,dep_hour_share_work_12,0.02742414331001862,0.05452728097,-2.710313765998138,4339
group_senior_65plus_not_employed,dep_hour_share_work_13,0.04287223871584562,0.05795050438,-1.5078265664154378,4339
group_senior_65plus_not_employed,dep_hour_share_work_14,0.01610224928294671,0.05140635717,-3.5304107887053293,4339
group_senior_65plus_not_employed,dep_hour_share_work_15,0.008654958989583858,0.01959160178,-1.093664279041614,4339
group_senior_65plus_not_employed,dep_hour_share_work_16,0.010567101091933779,0.06361350919,-5.304640809806623,4339
group_senior_65plus_not_employed,dep_hour_share_work_17,0.011825089317163992,0.0,1.1825089317163993,4339
group_senior_65plus_not_employed,dep_hour_share_work_18,0.0051325919589392645,0.0282476518,-2.3115059841060734,4339
group_senior_65plus_not_employed,dep_hour_share_work_19,0.005233231016957681,0.0,0.5233231016957681,4339
group_senior_65plus_not_employed,dep_hour_share_work_20,0.0003522367030644593,0.002804761883,-0.2452525179935541,4339
group_senior_65plus_not_employed,dep_hour_share_work_21,0.0004025562320736678,0.0,0.04025562320736678,4339
group_senior_65plus_not_employed,dep_hour_share_work_22,0.00025159764504604235,0.0,0.025159764504604235,4339
group_senior_65plus_not_employed,dep_hour_share_work_23,0.00010063905801841694,0.0,0.010063905801841695,4339
group_senior_65plus_not_employed,dep_hour_share_work_4,0.05827001459266341,0.007607627774,5.066238681866341,4339
group_senior_65plus_not_employed,dep_hour_share_work_5,0.12806320132843557,0.003425336628,12.463786470043557,4339
group_senior_65plus_not_employed,dep_hour_share_work_6,0.17496100236501785,0.08348231066,9.147869170501785,4339
group_senior_65plus_not_employed,dep_hour_share_work_7,0.26508327882051025,0.1242190286,14.086425022051024,4339
group_senior_65plus_not_employed,dep_hour_share_work_8,0.12710713027726062,0.1341059355,-0.6998805222739379,4339
group_senior_65plus_not_employed,dep_hour_share_work_9,0.057968097418608165,0.170423871,-11.245577358139183,4339
group_senior_65plus_not_employed,mean_work_activity_h,5.539954039184111,3.30246543,2.237488609184111,4339
group_senior_65plus_not_employed,mobility_rate,0.7911589793401612,0.7434022921,4.775668724016125,4339
group_senior_65plus_not_employed,n_persons_unweighted,210021.0,4339.0,205682.0,4339
group_senior_65plus_not_employed,n_persons_weighted,210021.0,172745.9997,37275.000300000014,4339
group_senior_65plus_not_employed,n_work_activities_measured,19872.0,114.0,19758.0,4339
group_senior_65plus_not_employed,nonhome_acts_per_mobile,1.8701853635050554,2.325446883,-0.45526151949494476,4339
group_senior_65plus_not_employed,participation_education,0.02292627880069136,0.00987180536,1.3054473440691359,4339
group_senior_65plus_not_employed,participation_escort,0.051623409087662664,0.05132545591,0.029795317766266594,4339
group_senior_65plus_not_employed,participation_home,0.7911589793401612,0.7356316286,5.552735074016124,4339
group_senior_65plus_not_employed,participation_leisure,0.356297703562977,0.4411329338,-8.4835230237023,4339
group_senior_65plus_not_employed,participation_other,0.3542264821136934,0.3040992676,5.012721451369339,4339
group_senior_65plus_not_employed,participation_shop,0.3041457758986006,0.4291520673,-12.50062914013994,4339
group_senior_65plus_not_employed,participation_work,0.0781921807819218,0.01745748322,6.07346975619218,4339
group_senior_65plus_not_employed,purpose_share_education,0.01239994097901066,0.003403748817,0.899619216201066,4339
group_senior_65plus_not_employed,purpose_share_escort,0.026085432882068684,0.0249097433,0.11756895820686855,4339
group_senior_65plus_not_employed,purpose_share_home,0.42685086133756317,0.4276283164,-0.0777455062436816,4339
group_senior_65plus_not_employed,purpose_share_leisure,0.17383710206942343,0.2151874717,-4.135036963057656,4339
group_senior_65plus_not_employed,purpose_share_other,0.18930797889999632,0.1286440155,6.066396339999633,4339
group_senior_65plus_not_employed,purpose_share_shop,0.13486480504629458,0.1926772718,-5.781246675370541,4339
group_senior_65plus_not_employed,purpose_share_work,0.03665387878564314,0.007549432521,2.910444626464314,4339
group_senior_65plus_not_employed,share_mobile_first_from_home,1.0,0.9863450136,1.3654986399999958,4339
group_senior_65plus_not_employed,share_mobile_last_to_home,1.0,0.9841222301,1.5877769900000005,4339
group_senior_65plus_not_employed,share_mobile_odd_trip_count,0.31871689937409725,0.2620630164,5.665388297409724,4339
group_senior_65plus_not_employed,share_trips_0,0.20884102065983878,0.2565977079,-4.775668724016125,4339
group_senior_65plus_not_employed,share_trips_1,0.001671261445284043,0.006558269621,-0.4887008175715957,4339
group_senior_65plus_not_employed,share_trips_2,0.3494650534946505,0.2377342317,11.173082179465052,4339
group_senior_65plus_not_employed,share_trips_3,0.16228377162283772,0.0786535077,8.363026392283771,4339
group_senior_65plus_not_employed,share_trips_4,0.1296298941534418,0.1871940612,-5.75641670465582,4339
group_senior_65plus_not_employed,share_trips_5,0.06548868922631547,0.05648276457,0.9005924656315466,4339
group_senior_65plus_not_employed,share_trips_6,0.05181386623242438,0.07896744276,-2.7153576527575627,4339
group_senior_65plus_not_employed,share_trips_7,0.01741254445983973,0.03795945443,-2.0546909970160265,4339
group_senior_65plus_not_employed,share_trips_8plus,0.013393898705367559,0.05985256017,-4.645866146463244,4339
group_senior_65plus_not_employed,share_trips_followed_by_same_purpose,0.10267807739127227,0.05583601869,4.684205870127227,4339
group_senior_65plus_not_employed,share_trips_home_based,0.8201612010771331,0.8557544834,-3.559328232286696,4339
group_senior_65plus_not_employed,share_trips_unknown_purpose,0.0,5.761510002e-05,-0.005761510002,4339
group_senior_65plus_not_employed,share_work_activities_lt_2h,0.18513486312399355,0.4198636205,-23.472875737600642,4339
group_senior_65plus_not_employed,tours_per_mobile,1.3928141550312951,1.737204808,-0.34439065296870486,4339
group_senior_65plus_not_employed,trips_per_mobile_person,3.2629995185363505,4.062651691,-0.7996521724636496,4339
group_senior_65plus_not_employed,trips_per_person,2.5815513686726566,3.020184579,-0.43863321032734337,4339
group_senior_65plus_not_employed,trips_per_person_education,0.03201108460582513,0.01027935741,0.021731727195825126,4339
group_senior_65plus_not_employed,trips_per_person_escort,0.06734088495912313,0.07522768809,-0.007886803130876863,4339
group_senior_65plus_not_employed,trips_per_person_home,1.1019374253050886,1.291442036,-0.18950461069491142,4339
group_senior_65plus_not_employed,trips_per_person_leisure,0.4487694087734084,0.6498684392,-0.20109903042659166,4339
group_senior_65plus_not_employed,trips_per_person_other,0.4887082720299399,0.3885062866,0.10020198542993991,4339
group_senior_65plus_not_employed,trips_per_person_shop,0.34816042205303277,0.5818873975,-0.2337269754469672,4339
group_senior_65plus_not_employed,trips_per_person_work,0.09462387094623871,0.02279936601,0.07182450493623871,4339
kreis_03101,dep_hour_share_all_10,0.0480808151915665,0.04768783712,0.039297807156649794,4519
kreis_03101,dep_hour_share_all_11,0.05084270486850519,0.05982544237,-0.8982737501494815,4519
kreis_03101,dep_hour_share_all_12,0.060716988437373505,0.0566705804,0.40464080373735084,4519
kreis_03101,dep_hour_share_all_13,0.06416055097000523,0.07240278203,-0.8242231059994776,4519
kreis_03101,dep_hour_share_all_14,0.06855681291541273,0.07081130982,-0.22544969045872748,4519
kreis_03101,dep_hour_share_all_15,0.08682705337815244,0.09227897368,-0.5451920301847559,4519
kreis_03101,dep_hour_share_all_16,0.08893660207787027,0.0956105496,-0.6673947522129728,4519
kreis_03101,dep_hour_share_all_17,0.08251292069246699,0.09057934006,-0.8066419367533009,4519
kreis_03101,dep_hour_share_all_18,0.06858379824360712,0.06391969238,0.4664105863607118,4519
kreis_03101,dep_hour_share_all_19,0.04675384100948593,0.0429888639,0.37649771094859297,4519
kreis_03101,dep_hour_share_all_20,0.03387362653479054,0.02757435138,0.6299275154790541,4519
kreis_03101,dep_hour_share_all_21,0.021570663428427284,0.02015657983,0.14140835984272834,4519
kreis_03101,dep_hour_share_all_22,0.01582630834843925,0.01470191907,0.11243892784392508,4519
kreis_03101,dep_hour_share_all_23,0.00903891166998117,0.006778047623,0.22608640469811694,4519
kreis_03101,dep_hour_share_all_4,0.0037732528466588055,0.001778546951,0.1994705895658805,4519
kreis_03101,dep_hour_share_all_5,0.012351067387057602,0.007976812978,0.43742544090576013,4519
kreis_03101,dep_hour_share_all_6,0.04187653625713498,0.02687070239,1.500583386713498,4519
kreis_03101,dep_hour_share_all_7,0.08231346391885629,0.09452740564,-1.221394172114372,4519
kreis_03101,dep_hour_share_all_8,0.055114599649190736,0.0597203073,-0.4605707650809261,4519
kreis_03101,dep_hour_share_all_9,0.046877034899069005,0.04474744367,0.2129591229069007,4519
kreis_03101,dep_hour_share_education_10,0.019124544033350704,0.02053195257,-0.14074085366492967,4519
kreis_03101,dep_hour_share_education_11,0.037710613166579816,0.03082812426,0.6882488906579818,4519
kreis_03101,dep_hour_share_education_12,0.03689421573736321,0.03279441828,0.40997974573632123,4519
kreis_03101,dep_hour_share_education_13,0.03673788431474726,0.04742332445,-1.0685440135252737,4519
kreis_03101,dep_hour_share_education_14,0.02235539343408025,0.02829449134,-0.593909790591975,4519
kreis_03101,dep_hour_share_education_15,0.04047246829946152,0.02188450235,1.8587965949461522,4519
kreis_03101,dep_hour_share_education_16,0.02421400034740316,0.02514131497,-0.09273146225968372,4519
kreis_03101,dep_hour_share_education_17,0.010178912628104915,0.008888763946,0.12901486821049157,4519
kreis_03101,dep_hour_share_education_18,0.0051415667882577735,0.003465831918,0.16757348702577732,4519
kreis_03101,dep_hour_share_education_19,0.0015112037519541429,0.005285766938,-0.37745631860458567,4519
kreis_03101,dep_hour_share_education_20,0.00041688379364252214,0.0009515474552,-0.0534663661557478,4519
kreis_03101,dep_hour_share_education_21,0.00033003300330033004,0.0,0.033003300330033,4519
kreis_03101,dep_hour_share_education_22,0.00017370158068438424,0.0,0.017370158068438425,4519
kreis_03101,dep_hour_share_education_23,6.948063227375369e-05,0.0,0.006948063227375369,4519
kreis_03101,dep_hour_share_education_4,0.0005211047420531526,0.0,0.05211047420531526,4519
kreis_03101,dep_hour_share_education_5,0.0019107173875282265,0.0,0.19107173875282266,4519
kreis_03101,dep_hour_share_education_6,0.1524405072086156,0.03835223238,11.408827482861561,4519
kreis_03101,dep_hour_share_education_7,0.4403856175091193,0.5734807602,-13.309514269088075,4519
kreis_03101,dep_hour_share_education_8,0.1315094667361473,0.1071521884,2.43572783361473,4519
kreis_03101,dep_hour_share_education_9,0.03628626020496786,0.05552478052,-1.9238520315032135,4519
kreis_03101,dep_hour_share_escort_10,0.017986792659345472,0.01426058452,0.37262081393454727,4519
kreis_03101,dep_hour_share_escort_11,0.031194133313875005,0.01673303493,1.4461098383875004,4519
kreis_03101,dep_hour_share_escort_12,0.06716771863256595,0.04311350857,2.4054210062565944,4519
kreis_03101,dep_hour_share_escort_13,0.07661716954285089,0.06740651589,0.9210653652850884,4519
kreis_03101,dep_hour_share_escort_14,0.13459082783027473,0.149648673,-1.5057845169725277,4519
kreis_03101,dep_hour_share_escort_15,0.13579481192309095,0.1296761603,0.6118651623090943,4519
kreis_03101,dep_hour_share_escort_16,0.07015943668138203,0.05898405193,1.1175384751382023,4519
kreis_03101,dep_hour_share_escort_17,0.04841475427779197,0.05730475698,-0.8890002702208035,4519
kreis_03101,dep_hour_share_escort_18,0.03954905323069065,0.04755531218,-0.8006258949309355,4519
kreis_03101,dep_hour_share_escort_19,0.010689919369550148,0.006061524081,0.46283952885501484,4519
kreis_03101,dep_hour_share_escort_20,0.015068043343427342,0.003375638135,1.169240520842734,4519
kreis_03101,dep_hour_share_escort_21,0.0059104673647342116,0.005019465352,0.08910020127342114,4519
kreis_03101,dep_hour_share_escort_22,0.004013280309387427,0.04399348222,-3.998020191061257,4519
kreis_03101,dep_hour_share_escort_23,0.0018971870553467838,0.0,0.18971870553467837,4519
kreis_03101,dep_hour_share_escort_4,0.0010945309934692984,0.0,0.10945309934692984,4519
kreis_03101,dep_hour_share_escort_5,0.0021525776204896203,0.0,0.21525776204896202,4519
kreis_03101,dep_hour_share_escort_6,0.04137327155313948,0.009420544121,3.1952727432139483,4519
kreis_03101,dep_hour_share_escort_7,0.16720785143565983,0.2091592327,-4.195138126434017,4519
kreis_03101,dep_hour_share_escort_8,0.10595060016782809,0.1103325865,-0.43819863321719055,4519
kreis_03101,dep_hour_share_escort_9,0.020175854646284068,0.02210900321,-0.19331485637159307,4519
kreis_03101,dep_hour_share_home_10,0.03302195089233474,0.03475853875,-0.1736587857665256,4519
kreis_03101,dep_hour_share_home_11,0.04804023141052535,0.06199770507,-1.3957473659474646,4519
kreis_03101,dep_hour_share_home_12,0.07009957959089314,0.04503452745,2.5065052140893136,4519
kreis_03101,dep_hour_share_home_13,0.07309067764924809,0.09082291551,-1.7732237860751912,4519
kreis_03101,dep_hour_share_home_14,0.07547956035425105,0.07274032995,0.27392304042510446,4519
kreis_03101,dep_hour_share_home_15,0.10140336156039421,0.1123338805,-1.0930518939605782,4519
kreis_03101,dep_hour_share_home_16,0.10693175558618957,0.122242975,-1.531121941381043,4519
kreis_03101,dep_hour_share_home_17,0.10872983934264341,0.1193938817,-1.0664042357356587,4519
kreis_03101,dep_hour_share_home_18,0.09328058954314403,0.08822572569,0.505486385314402,4519
kreis_03101,dep_hour_share_home_19,0.06637783162515376,0.05534110244,1.1036729185153762,4519
kreis_03101,dep_hour_share_home_20,0.059445219808603976,0.04714811709,1.2297102718603978,4519
kreis_03101,dep_hour_share_home_21,0.04224926007426371,0.03676528799,0.5483972084263711,4519
kreis_03101,dep_hour_share_home_22,0.032899224540703764,0.02422624834,0.8672976200703765,4519
kreis_03101,dep_hour_share_home_23,0.019199538777245964,0.01383220433,0.5367334447245964,4519
kreis_03101,dep_hour_share_home_4,0.0001027476432259335,0.001314338049,-0.12115904057740665,4519
kreis_03101,dep_hour_share_home_5,0.00046521849571742115,0.0008203007169,-0.03550822211825789,4519
kreis_03101,dep_hour_share_home_6,0.0016325458868120546,0.004059743068,-0.24271971811879456,4519
kreis_03101,dep_hour_share_home_7,0.00807139819563722,0.01706015141,-0.8988753214362778,4519
kreis_03101,dep_hour_share_home_8,0.016699346125414915,0.02381268918,-0.7113343054585084,4519
kreis_03101,dep_hour_share_home_9,0.02404294851486844,0.02437431795,-0.03313694351315573,4519
kreis_03101,dep_hour_share_leisure_10,0.04977561029830631,0.05049671566,-0.07211053616936886,4519
kreis_03101,dep_hour_share_leisure_11,0.04598946827282453,0.05309479879,-0.7105330517175469,4519
kreis_03101,dep_hour_share_leisure_12,0.05027579786864519,0.07241167753,-2.213587966135481,4519
kreis_03101,dep_hour_share_leisure_13,0.05876509246523002,0.05821315957,0.05519328952300201,4519
kreis_03101,dep_hour_share_leisure_14,0.07446542453420033,0.06831086682,0.6154557714200328,4519
kreis_03101,dep_hour_share_leisure_15,0.09548719658760924,0.1002183477,-0.4731151112390766,4519
kreis_03101,dep_hour_share_leisure_16,0.12251816653467272,0.1261105894,-0.359242286532728,4519
kreis_03101,dep_hour_share_leisure_17,0.12169146763369597,0.1180175561,0.36739115336959643,4519
kreis_03101,dep_hour_share_leisure_18,0.10210773484501133,0.1004245207,0.16832141450113247,4519
kreis_03101,dep_hour_share_leisure_19,0.07452794798049268,0.09438887854,-1.9860930559507315,4519
kreis_03101,dep_hour_share_leisure_20,0.03634696344462507,0.03233891003,0.4008053414625068,4519
kreis_03101,dep_hour_share_leisure_21,0.013824628680199519,0.01484423459,-0.10196059098004813,4519
kreis_03101,dep_hour_share_leisure_22,0.005752157058897087,0.0118752588,-0.6123101741102913,4519
kreis_03101,dep_hour_share_leisure_23,0.0033554249510233006,0.002511792798,0.08436321530233006,4519
kreis_03101,dep_hour_share_leisure_4,0.00043071707445847747,0.003523407115,-0.30926900405415225,4519
kreis_03101,dep_hour_share_leisure_5,0.0046545232239867725,0.003262851437,0.13916717869867723,4519
kreis_03101,dep_hour_share_leisure_6,0.014811109721701193,0.008722591137,0.6088518584701194,4519
kreis_03101,dep_hour_share_leisure_7,0.026336264988259486,0.01670159881,0.9634666178259487,4519
kreis_03101,dep_hour_share_leisure_8,0.03747933252747558,0.0310501451,0.6429187427475582,4519
kreis_03101,dep_hour_share_leisure_9,0.05809122865519014,0.033145983,2.4945245655190145,4519
kreis_03101,dep_hour_share_other_10,0.0852294434775226,0.1097865958,-2.455715232247739,4519
kreis_03101,dep_hour_share_other_11,0.077535339814068,0.07884335742,-0.13080176059319937,4519
kreis_03101,dep_hour_share_other_12,0.07411809653181645,0.04660928546,2.750881107181645,4519
kreis_03101,dep_hour_share_other_13,0.07222906142547862,0.0674063884,0.4822673025478619,4519
kreis_03101,dep_hour_share_other_14,0.09655304155877234,0.1276187168,-3.1065675241227666,4519
kreis_03101,dep_hour_share_other_15,0.09919556819628984,0.1215248284,-2.2329260203710164,4519
kreis_03101,dep_hour_share_other_16,0.09740204610094665,0.08850395204,0.8898094060946646,4519
kreis_03101,dep_hour_share_other_17,0.06162711720507705,0.0612286676,0.03984496050770461,4519
kreis_03101,dep_hour_share_other_18,0.05096149764401239,0.01906266383,3.1898833814012395,4519
kreis_03101,dep_hour_share_other_19,0.025841575752430276,0.008143389339,1.7698186413430275,4519
kreis_03101,dep_hour_share_other_20,0.013976737275544424,0.006035542698,0.7941194577544424,4519
kreis_03101,dep_hour_share_other_21,0.00820350638875918,0.01073811873,-0.2534612341240819,4519
kreis_03101,dep_hour_share_other_22,0.005444241626692703,0.002364734062,0.3079507564692703,4519
kreis_03101,dep_hour_share_other_23,0.0035552065203548837,0.006819974246,-0.32647677256451163,4519
kreis_03101,dep_hour_share_other_4,0.00046695249819586534,0.0,0.04669524981958653,4519
kreis_03101,dep_hour_share_other_5,0.002504563399414187,0.0,0.2504563399414187,4519
kreis_03101,dep_hour_share_other_6,0.013891836821326994,0.01169958313,0.21922536913269938,4519
kreis_03101,dep_hour_share_other_7,0.05323258479432865,0.04960291759,0.36296672043286543,4519
kreis_03101,dep_hour_share_other_8,0.07063717790890181,0.08067309692,-1.0035919011098196,4519
kreis_03101,dep_hour_share_other_9,0.08144076070806978,0.09899760006,-1.7556839351930211,4519
kreis_03101,dep_hour_share_shop_10,0.12487673439908888,0.09419011631,3.0686618089088875,4519
kreis_03101,dep_hour_share_shop_11,0.09268184280337227,0.1044476569,-1.1765814096627734,4519
kreis_03101,dep_hour_share_shop_12,0.08030667092598508,0.08265072538,-0.2344054454014921,4519
kreis_03101,dep_hour_share_shop_13,0.06969541243628384,0.07090172509,-0.12063126537161656,4519
kreis_03101,dep_hour_share_shop_14,0.06763982833094905,0.075349347,-0.7709518669050952,4519
kreis_03101,dep_hour_share_shop_15,0.08909845970082918,0.1029787233,-1.3880263599170828,4519
kreis_03101,dep_hour_share_shop_16,0.08780677509409852,0.09980711195,-1.2000336855901474,4519
kreis_03101,dep_hour_share_shop_17,0.08543174210752927,0.1030396687,-1.7607926592470735,4519
kreis_03101,dep_hour_share_shop_18,0.05855636883845609,0.05472815649,0.3828212348456088,4519
kreis_03101,dep_hour_share_shop_19,0.030458756371616273,0.02009529869,1.0363457681616273,4519
kreis_03101,dep_hour_share_shop_20,0.006500090279031653,0.01066398826,-0.4163897980968347,4519
kreis_03101,dep_hour_share_shop_21,0.005458409144571452,0.007219031324,-0.17606221794285482,4519
kreis_03101,dep_hour_share_shop_22,0.005708412616841901,0.001594011209,0.4114401407841901,4519
kreis_03101,dep_hour_share_shop_23,0.0006111195988833179,0.001428227147,-0.08171075481166822,4519
kreis_03101,dep_hour_share_shop_4,9.722357254961875e-05,0.0,0.009722357254961875,4519
kreis_03101,dep_hour_share_shop_5,0.00034722704482006696,0.0005067921782,-0.01595651333799331,4519
kreis_03101,dep_hour_share_shop_6,0.0053334074084362285,0.00837450019,-0.30410927815637717,4519
kreis_03101,dep_hour_share_shop_7,0.02250031250434034,0.02719511611,-0.4694803605659662,4519
kreis_03101,dep_hour_share_shop_8,0.0658898040250559,0.04254401445,2.33457895750559,4519
kreis_03101,dep_hour_share_shop_9,0.09737635244933958,0.09228578924,0.509056320933958,4519
kreis_03101,dep_hour_share_work_10,0.03398258263882386,0.03514968477,-0.11671021311761426,4519
kreis_03101,dep_hour_share_work_11,0.026940724786965072,0.03869775956,-1.1757034773034931,4519
kreis_03101,dep_hour_share_work_12,0.030162000187283454,0.0689206516,-3.875865141271654,4519
kreis_03101,dep_hour_share_work_13,0.042869182507725444,0.05130043392,-0.8431251412274555,4519
kreis_03101,dep_hour_share_work_14,0.021752973124824423,0.03559415257,-1.384117944517558,4519
kreis_03101,dep_hour_share_work_15,0.027305927521303494,0.01882791838,0.8478009141303495,4519
kreis_03101,dep_hour_share_work_16,0.017632737147673005,0.01534365213,0.22890850176730052,4519
kreis_03101,dep_hour_share_work_17,0.007893997565315104,0.01283202216,-0.4938024594684896,4519
kreis_03101,dep_hour_share_work_18,0.006330180728532634,0.002466888062,0.3863292666532634,4519
kreis_03101,dep_hour_share_work_19,0.008015731810094578,0.001465515567,0.6550216243094579,4519
kreis_03101,dep_hour_share_work_20,0.005515497705777694,0.005188446893,0.03270508127776947,4519
kreis_03101,dep_hour_share_work_21,0.0022942223054593126,0.005495518164,-0.3201295858540687,4519
kreis_03101,dep_hour_share_work_22,0.000842775540780972,0.0,0.0842775540780972,4519
kreis_03101,dep_hour_share_work_23,0.0005524861878453039,0.0004100550272,0.014243116064530392,4519
kreis_03101,dep_hour_share_work_4,0.028158067234759807,0.004734940982,2.342312625275981,4519
kreis_03101,dep_hour_share_work_5,0.08674969566438805,0.05358261365,3.3167082014388045,4519
kreis_03101,dep_hour_share_work_6,0.2002528326622343,0.1467060386,5.354679406223428,4519
kreis_03101,dep_hour_share_work_7,0.2525142803633299,0.2640257821,-1.1511501736670093,4519
kreis_03101,dep_hour_share_work_8,0.1297312482442176,0.1802284275,-5.04971792557824,4519
kreis_03101,dep_hour_share_work_9,0.054696132596685085,0.05651873313,-0.18226005333149137,4519
kreis_03101,mean_work_activity_h,5.5512529198602625,5.906851596,-0.3555986761397376,4519
kreis_03101,mobility_rate,0.9006136084364246,0.8532543912,4.735921723642456,4519
kreis_03101,n_persons_unweighted,253093.0,4519.0,248574.0,4519
kreis_03101,n_persons_weighted,253093.0,252816.0,277.0,4519
kreis_03101,n_work_activities_measured,106550.0,1988.0,104562.0,4519
kreis_03101,nonhome_acts_per_mobile,2.2020891554319357,2.258748975,-0.05665981956806432,4519
kreis_03101,participation_education,0.17996151612253203,0.1758203279,0.41411882225320384,4519
kreis_03101,participation_escort,0.07132160905279877,0.07505334494,-0.3731735887201229,4519
kreis_03101,participation_home,0.9006136084364246,0.8410964282,5.95171802364246,4519
kreis_03101,participation_leisure,0.4134646157736484,0.417759712,-0.42950962263516024,4519
kreis_03101,participation_other,0.27287992951207657,0.1661717134,10.670821611207657,4519
kreis_03101,participation_shop,0.2369603268363803,0.3051895512,-6.8229224363619725,4519
kreis_03101,participation_work,0.33381405254195096,0.3444301713,-1.061611875804902,4519
kreis_03101,purpose_share_education,0.06754544974569261,0.06254172817,0.5003721575692608,4519
kreis_03101,purpose_share_escort,0.03215829828173856,0.03652324792,-0.4364949638261444,4519
kreis_03101,purpose_share_home,0.41108393023706025,0.4143342663,-0.32503360629397293,4519
kreis_03101,purpose_share_leisure,0.16888826314214814,0.1750090584,-0.6120795257851863,4519
kreis_03101,purpose_share_other,0.1105553697869919,0.06245350583,4.810186395699191,4519
kreis_03101,purpose_share_shop,0.08447463672468512,0.1187333581,-3.4258721375314884,4519
kreis_03101,purpose_share_work,0.12529405208168343,0.1304048353,-0.5110783218316567,4519
kreis_03101,share_mobile_first_from_home,1.0,0.9765953407,2.340465930000002,4519
kreis_03101,share_mobile_last_to_home,1.0,0.972429834,2.757016599999995,4519
kreis_03101,share_mobile_odd_trip_count,0.3097363768376627,0.2506396326,5.90967442376627,4519
kreis_03101,share_trips_0,0.09938639156357544,0.1467456088,-4.735921723642457,4519
kreis_03101,share_trips_1,0.0005334007657264326,0.006412655869,-0.5879255103273567,4519
kreis_03101,share_trips_2,0.3144101180198583,0.2915493441,2.28607739198583,4519
kreis_03101,share_trips_3,0.13299459092112387,0.08743882215,4.555576877112387,4519
kreis_03101,share_trips_4,0.2028898468152023,0.23078466,-2.7894813184797695,4519
kreis_03101,share_trips_5,0.1028001564642246,0.07522695049,2.757320597422461,4519
kreis_03101,share_trips_6,0.07968612328274587,0.08162127706,-0.1935153777254131,4519
kreis_03101,share_trips_7,0.032063312695333336,0.03220095058,-0.013763788466666232,4519
kreis_03101,share_trips_8plus,0.03523605947220982,0.04801973094,-1.2783671467790179,4519
kreis_03101,share_trips_followed_by_same_purpose,0.11735919231739439,0.05303718818,6.432200413739439,4519
kreis_03101,share_trips_home_based,0.7982271812651426,0.8289227483,-3.069556703485743,4519
kreis_03101,share_trips_unknown_purpose,0.0,0.0009975171235,-0.09975171235,4519
kreis_03101,share_work_activities_lt_2h,0.21800093852651337,0.1202949916,9.770594692651336,4519
kreis_03101,tours_per_mobile,1.5371349352238977,1.595251636,-0.058116700776102315,4519
kreis_03101,trips_per_mobile_person,3.739224090655833,3.85400061,-0.11477651934416677,4519
kreis_03101,trips_per_person,3.3675961010379583,3.288442944,0.07915315703795844,4519
kreis_03101,trips_per_person_education,0.2274657932064498,0.2054597505,0.02200604270644979,4519
kreis_03101,trips_per_person_escort,0.10829615990959844,0.1199848105,-0.011688650590401556,4519
kreis_03101,trips_per_person_home,1.3843646406656842,1.361155463,0.0232091776656842,4519
kreis_03101,trips_per_person_leisure,0.5687474564685708,0.5749332249,-0.0061857684314291506,4519
kreis_03101,trips_per_person_other,0.3723058322434836,0.2051699257,0.16713590654348362,4519
kreis_03101,trips_per_person_shop,0.2844764572706476,0.3900583952,-0.10558193792935244,4519
kreis_03101,trips_per_person_work,0.42193976127352395,0.4284010964,-0.006461335126476064,4519
kreis_03102,dep_hour_share_all_10,0.04357064622124863,0.05599799838,-1.2427352158751368,1794
kreis_03102,dep_hour_share_all_11,0.05011735252699108,0.05435093842,-0.4233585893008922,1794
kreis_03102,dep_hour_share_all_12,0.06197152245345017,0.06319435206,-0.12228296065498329,1794
kreis_03102,dep_hour_share_all_13,0.06776404318572993,0.06619872613,0.15653170557299312,1794
kreis_03102,dep_hour_share_all_14,0.07524331090596151,0.06538420907,0.9859101835961503,1794
kreis_03102,dep_hour_share_all_15,0.08702863401658582,0.08964608147,-0.2617447453414176,1794
kreis_03102,dep_hour_share_all_16,0.08905022688155219,0.08734953676,0.17006901215521897,1794
kreis_03102,dep_hour_share_all_17,0.0765013299953059,0.07466723082,0.18340991753059005,1794
kreis_03102,dep_hour_share_all_18,0.058497887654514164,0.0545953237,0.39025639545141666,1794
kreis_03102,dep_hour_share_all_19,0.03497731184478173,0.04411365433,-0.9136342485218274,1794
kreis_03102,dep_hour_share_all_20,0.027613831951181347,0.01856791988,0.9045912071181349,1794
kreis_03102,dep_hour_share_all_21,0.018848380535127524,0.02047187277,-0.16234922348724762,1794
kreis_03102,dep_hour_share_all_22,0.01366922234392114,0.01109499983,0.25742225139211394,1794
kreis_03102,dep_hour_share_all_23,0.007332185886402754,0.002286324245,0.5045861641402755,1794
kreis_03102,dep_hour_share_all_4,0.004872476920669692,0.004248621672,0.0623855248669692,1794
kreis_03102,dep_hour_share_all_5,0.016288530746362072,0.02066589265,-0.4377361903637928,1794
kreis_03102,dep_hour_share_all_6,0.04775778438429041,0.03642322146,1.1334562924290408,1794
kreis_03102,dep_hour_share_all_7,0.09750586762634955,0.1066172801,-0.9111412473650451,1794
kreis_03102,dep_hour_share_all_8,0.06205601627288374,0.07298458603,-1.0928569757116264,1794
kreis_03102,dep_hour_share_all_9,0.046753246753246755,0.04805610009,-0.1302853336753243,1794
kreis_03102,dep_hour_share_education_10,0.013522293510923414,0.005463369422,0.8058924088923414,1794
kreis_03102,dep_hour_share_education_11,0.01526841549581743,0.008815438064,0.6452977431817429,1794
kreis_03102,dep_hour_share_education_12,0.02160318362706083,0.02082189191,0.07812917170608273,1794
kreis_03102,dep_hour_share_education_13,0.027247624461950785,0.02006965188,0.7177972581950784,1794
kreis_03102,dep_hour_share_education_14,0.020994071306748966,0.01377510542,0.7218965886748967,1794
kreis_03102,dep_hour_share_education_15,0.03134898075205068,0.007347558802,2.400142195005068,1794
kreis_03102,dep_hour_share_education_16,0.013197433606757085,0.01565707294,-0.24596393332429137,1794
kreis_03102,dep_hour_share_education_17,0.006537805571347356,0.0292680655,-2.2730259928652643,1794
kreis_03102,dep_hour_share_education_18,0.0034110289937464467,0.008138399725,-0.4727370731253554,1794
kreis_03102,dep_hour_share_education_19,0.0006903272963534476,0.0,0.06903272963534475,1794
kreis_03102,dep_hour_share_education_20,0.0003248599041663283,0.0,0.032485990416632825,1794
kreis_03102,dep_hour_share_education_21,0.0001218224640623731,0.0,0.01218224640623731,1794
kreis_03102,dep_hour_share_education_22,8.121497604158207e-05,0.0,0.008121497604158206,1794
kreis_03102,dep_hour_share_education_23,0.0,0.0,0.0,1794
kreis_03102,dep_hour_share_education_4,0.0002842524161455372,0.0,0.02842524161455372,1794
kreis_03102,dep_hour_share_education_5,0.005360188418744417,0.0,0.5360188418744417,1794
kreis_03102,dep_hour_share_education_6,0.16860229026232437,0.06901546842,9.958682184232437,1794
kreis_03102,dep_hour_share_education_7,0.5007309347843742,0.6150964299,-11.436549511562577,1794
kreis_03102,dep_hour_share_education_8,0.13968975879152115,0.1660756636,-2.6385904808478857,1794
kreis_03102,dep_hour_share_education_9,0.0298871111833022,0.02045588436,0.9431226823302201,1794
kreis_03102,dep_hour_share_escort_10,0.020699058006941003,0.01862516033,0.20738976769410014,1794
kreis_03102,dep_hour_share_escort_11,0.032350024789291026,0.02053651758,1.1813507209291025,1794
kreis_03102,dep_hour_share_escort_12,0.06191125433812593,0.0642005887,-0.22893343618740764,1794
kreis_03102,dep_hour_share_escort_13,0.08186663361427864,0.0757287673,0.6137866314278637,1794
kreis_03102,dep_hour_share_escort_14,0.12307882994546356,0.06950923725,5.356959269546356,1794
kreis_03102,dep_hour_share_escort_15,0.1205379276152702,0.1136989828,0.6838944815270198,1794
kreis_03102,dep_hour_share_escort_16,0.062221120475954385,0.06200208645,0.021903402595438437,1794
kreis_03102,dep_hour_share_escort_17,0.05806891422905305,0.05272871415,0.5340200079053046,1794
kreis_03102,dep_hour_share_escort_18,0.039600892414476944,0.02508727222,1.4513620194476944,1794
kreis_03102,dep_hour_share_escort_19,0.014625681705503223,0.03263084378,-1.8005162074496779,1794
kreis_03102,dep_hour_share_escort_20,0.01295240456122955,0.004882833198,0.806957136322955,1794
kreis_03102,dep_hour_share_escort_21,0.006321269211700545,0.0,0.6321269211700545,1794
kreis_03102,dep_hour_share_escort_22,0.002169062964799207,0.0,0.21690629647992068,1794
kreis_03102,dep_hour_share_escort_23,0.0026648487853247397,0.0,0.266484878532474,1794
kreis_03102,dep_hour_share_escort_4,0.00229300941993059,0.0,0.22930094199305898,1794
kreis_03102,dep_hour_share_escort_5,0.002478929102627665,0.002065175858,0.04137532446276651,1794
kreis_03102,dep_hour_share_escort_6,0.041212196331184926,0.008083858796,3.3128337535184924,1794
kreis_03102,dep_hour_share_escort_7,0.18176747645017352,0.2779537572,-9.618628074982647,1794
kreis_03102,dep_hour_share_escort_8,0.10306147744174517,0.1447613543,-4.169987685825484,1794
kreis_03102,dep_hour_share_escort_9,0.02478929102627665,0.01123233948,1.3556951546276648,1794
kreis_03102,dep_hour_share_home_10,0.031176593024293063,0.04550045972,-1.4323866695706935,1794
kreis_03102,dep_hour_share_home_11,0.04888347060747525,0.06218986094,-1.3306390332524751,1794
kreis_03102,dep_hour_share_home_12,0.07774820849811186,0.07852345259,-0.07752440918881442,1794
kreis_03102,dep_hour_share_home_13,0.08619279831108204,0.09039482876,-0.4202030448917968,1794
kreis_03102,dep_hour_share_home_14,0.0894041211977045,0.0770255852,1.2378535997704498,1794
kreis_03102,dep_hour_share_home_15,0.1061446284677827,0.1092339116,-0.3089283132217291,1794
kreis_03102,dep_hour_share_home_16,0.11556302221164996,0.1190348678,-0.34718455883500365,1794
kreis_03102,dep_hour_share_home_17,0.10136481222681455,0.08377673445,1.758807777681455,1794
kreis_03102,dep_hour_share_home_18,0.08116023906514823,0.08003307081,0.11271682551482337,1794
kreis_03102,dep_hour_share_home_19,0.05242187267699444,0.05596458716,-0.3542714483005561,1794
kreis_03102,dep_hour_share_home_20,0.04817727691713003,0.03341743577,1.4759841147130033,1794
kreis_03102,dep_hour_share_home_21,0.035480657726502336,0.03619514563,-0.07144879034976653,1794
kreis_03102,dep_hour_share_home_22,0.026917130028842436,0.02168557803,0.5231551998842436,1794
kreis_03102,dep_hour_share_home_23,0.014443519372007968,0.004497603958,0.9945915414007969,1794
kreis_03102,dep_hour_share_home_4,5.9468942344860395e-05,0.000740800273,-0.06813313306551397,1794
kreis_03102,dep_hour_share_home_5,0.0010927418155868098,0.003578231944,-0.24854901284131903,1794
kreis_03102,dep_hour_share_home_6,0.002393624929380631,0.005518117656,-0.31244927266193695,1794
kreis_03102,dep_hour_share_home_7,0.010719276857661086,0.02080562375,-1.0086346892338913,1794
kreis_03102,dep_hour_share_home_8,0.021691296720287828,0.04005671538,-1.8365418659712176,1794
kreis_03102,dep_hour_share_home_9,0.028693764681395142,0.02873681964,-0.004305495860485939,1794
kreis_03102,dep_hour_share_leisure_10,0.04492340816830018,0.05721627985,-1.2292871681699826,1794
kreis_03102,dep_hour_share_leisure_11,0.03379908942068316,0.0392547623,-0.5455672879316843,1794
kreis_03102,dep_hour_share_leisure_12,0.05158454257967569,0.07502043453,-2.343589195032431,1794
kreis_03102,dep_hour_share_leisure_13,0.06383026442685087,0.04863800139,1.5192263036850875,1794
kreis_03102,dep_hour_share_leisure_14,0.08363424316504811,0.08592498985,-0.22907466849518832,1794
kreis_03102,dep_hour_share_leisure_15,0.10193554174983739,0.096035257,0.5900284749837392,1794
kreis_03102,dep_hour_share_leisure_16,0.1254850068405589,0.1114906753,1.3994331540558915,1794
kreis_03102,dep_hour_share_leisure_17,0.1319218606320228,0.1178850653,1.4036795332022802,1794
kreis_03102,dep_hour_share_leisure_18,0.09805548702536614,0.08600026419,1.2055222835366142,1794
kreis_03102,dep_hour_share_leisure_19,0.054836611568394374,0.09524265053,-4.040603896160563,1794
kreis_03102,dep_hour_share_leisure_20,0.02675667795545787,0.01372419589,1.3032482065457869,1794
kreis_03102,dep_hour_share_leisure_21,0.015138941844035256,0.01882117763,-0.36822357859647453,1794
kreis_03102,dep_hour_share_leisure_22,0.009823491152129545,0.01131361043,-0.1490119277870454,1794
kreis_03102,dep_hour_share_leisure_23,0.003790342476506605,0.002251885305,0.1538457171506605,1794
kreis_03102,dep_hour_share_leisure_4,0.00029156480588512346,0.002680584327,-0.23890195211148765,1794
kreis_03102,dep_hour_share_leisure_5,0.00663870634938435,0.002492599846,0.41461065033843497,1794
kreis_03102,dep_hour_share_leisure_6,0.017875165406957185,0.01326065175,0.46145136569571854,1794
kreis_03102,dep_hour_share_leisure_7,0.027205239195281134,0.02586163569,0.13436035052811351,1794
kreis_03102,dep_hour_share_leisure_8,0.043375871890909905,0.04689578518,-0.35199132890900986,1794
kreis_03102,dep_hour_share_leisure_9,0.05524031668423531,0.04998949377,0.5250822914235315,1794
kreis_03102,dep_hour_share_other_10,0.07993568393246812,0.1490332128,-6.909752886753188,1794
kreis_03102,dep_hour_share_other_11,0.09558401286321351,0.06521807797,3.0365934893213513,1794
kreis_03102,dep_hour_share_other_12,0.06687148271505686,0.03565917878,3.1212303935056855,1794
kreis_03102,dep_hour_share_other_13,0.06560813138853795,0.02538823107,4.021990031853795,1794
kreis_03102,dep_hour_share_other_14,0.0862524405650626,0.07498158342,1.1270857145062596,1794
kreis_03102,dep_hour_share_other_15,0.08674055357758126,0.1195323042,-3.2791750622418734,1794
kreis_03102,dep_hour_share_other_16,0.09544045021247273,0.0967057086,-0.12652583875272655,1794
kreis_03102,dep_hour_share_other_17,0.04863902607097737,0.09062683153,-4.198780545902262,1794
kreis_03102,dep_hour_share_other_18,0.04154703112438268,0.0180191687,2.352786242438268,1794
kreis_03102,dep_hour_share_other_19,0.024520500746525783,0.001435302409,2.308519833752578,1794
kreis_03102,dep_hour_share_other_20,0.011312736878373723,0.0,1.1312736878373724,1794
kreis_03102,dep_hour_share_other_21,0.005943493740668428,0.0,0.5943493740668427,1794
kreis_03102,dep_hour_share_other_22,0.004766280004594005,0.0,0.4766280004594005,1794
kreis_03102,dep_hour_share_other_23,0.003158378316297232,0.0,0.31583783162972323,1794
kreis_03102,dep_hour_share_other_4,0.003244515906741702,0.0,0.3244515906741702,1794
kreis_03102,dep_hour_share_other_5,0.0030435281957046055,0.003051138735,-0.0007610539295394708,1794
kreis_03102,dep_hour_share_other_6,0.017887906282301597,0.01267362443,0.5214281852301597,1794
kreis_03102,dep_hour_share_other_7,0.07448030320431837,0.04841632628,2.6063976924318366,1794
kreis_03102,dep_hour_share_other_8,0.09610083840588032,0.1178466867,-2.174584829411967,1794
kreis_03102,dep_hour_share_other_9,0.08257723670609854,0.1389144219,-5.633718519390146,1794
kreis_03102,dep_hour_share_shop_10,0.12490800556055279,0.1415361828,-1.6628177239447206,1794
kreis_03102,dep_hour_share_shop_11,0.10475100171722954,0.1278791152,-2.3128113482770467,1794
kreis_03102,dep_hour_share_shop_12,0.07572164526944149,0.06074797599,1.4973669279441486,1794
kreis_03102,dep_hour_share_shop_13,0.05842669065336495,0.05290030681,0.552638384336495,1794
kreis_03102,dep_hour_share_shop_14,0.0815275165589991,0.05309710309,2.8430413468999105,1794
kreis_03102,dep_hour_share_shop_15,0.09608308120042522,0.09884998315,-0.2766901949574782,1794
kreis_03102,dep_hour_share_shop_16,0.08753781993621719,0.07077933091,1.6758489026217196,1794
kreis_03102,dep_hour_share_shop_17,0.06934336413443454,0.0802868732,-1.094350906556546,1794
kreis_03102,dep_hour_share_shop_18,0.04391201242947093,0.03013849475,1.377351767947093,1794
kreis_03102,dep_hour_share_shop_19,0.014882655981682884,0.02756928234,-1.2686626358317117,1794
kreis_03102,dep_hour_share_shop_20,0.005437893531768746,0.00764840668,-0.22105131482312534,1794
kreis_03102,dep_hour_share_shop_21,0.003025594897375092,0.01330831612,-1.0282721222624909,1794
kreis_03102,dep_hour_share_shop_22,0.0026576171395862294,0.0,0.26576171395862297,1794
kreis_03102,dep_hour_share_shop_23,0.0006132962629814376,0.0,0.06132962629814376,1794
kreis_03102,dep_hour_share_shop_4,0.0009812740207703,0.0,0.09812740207703001,1794
kreis_03102,dep_hour_share_shop_5,0.0009812740207703,0.0,0.09812740207703001,1794
kreis_03102,dep_hour_share_shop_6,0.007931965001226593,0.01139650326,-0.3464538258773407,1794
kreis_03102,dep_hour_share_shop_7,0.037492844876931886,0.03371704054,0.3775804336931886,1794
kreis_03102,dep_hour_share_shop_8,0.07449505274347862,0.06660087224,0.789418050347862,1794
kreis_03102,dep_hour_share_shop_9,0.10671354975877013,0.1235442129,-1.6830663141229871,1794
kreis_03102,dep_hour_share_work_10,0.030204748582605037,0.01228181889,1.7922929692605036,1794
kreis_03102,dep_hour_share_work_11,0.028298383303211112,0.01691956326,1.1378820043211113,1794
kreis_03102,dep_hour_share_work_12,0.03297764353445074,0.03380337557,-0.08257320355492606,1794
kreis_03102,dep_hour_share_work_13,0.03731029189670966,0.05840194655,-2.109165465329034,1794
kreis_03102,dep_hour_share_work_14,0.019484538634844395,0.03017141703,-1.0686878395155606,1794
kreis_03102,dep_hour_share_work_15,0.022232675596048624,0.02302332758,-0.07906519839513751,1794
kreis_03102,dep_hour_share_work_16,0.01289891312421084,0.004292362918,0.8606550206210839,1794
kreis_03102,dep_hour_share_work_17,0.010893515882250996,0.00800506722,0.28884486622509953,1794
kreis_03102,dep_hour_share_work_18,0.003936520511995246,0.003809781501,0.012673901099524622,1794
kreis_03102,dep_hour_share_work_19,0.005174420044069223,0.003189842786,0.1984577258069223,1794
kreis_03102,dep_hour_share_work_20,0.010051744200440691,0.008183139739,0.18686044614406905,1794
kreis_03102,dep_hour_share_work_21,0.004679260231239633,0.004693160007,-0.0013899775760366911,1794
kreis_03102,dep_hour_share_work_22,0.001015077616300661,0.0,0.1015077616300661,1794
kreis_03102,dep_hour_share_work_23,0.0015597534104132109,0.0,0.1559753410413211,1794
kreis_03102,dep_hour_share_work_4,0.033547077319204775,0.02932437751,0.42226998092047763,1794
kreis_03102,dep_hour_share_work_5,0.11042063826099874,0.1539003873,-4.347974903900126,1794
kreis_03102,dep_hour_share_work_6,0.2106409843777079,0.2068248526,0.38161317777078985,1794
kreis_03102,dep_hour_share_work_7,0.24084573296031295,0.2462323274,-0.5386594439687059,1794
kreis_03102,dep_hour_share_work_8,0.11651110395880271,0.1193508457,-0.2839741741197291,1794
kreis_03102,dep_hour_share_work_9,0.04939219132975168,0.03168121451,1.771097681975168,1794
kreis_03102,mean_work_activity_h,5.811297597955613,7.072122757,-1.260825159044387,1794
kreis_03102,mobility_rate,0.8797194219786116,0.8518945471,2.7824874878611627,1794
kreis_03102,n_persons_unweighted,104356.0,1794.0,102562.0,1794
kreis_03102,n_persons_weighted,104356.0,104215.0,141.0,1794
kreis_03102,n_work_activities_measured,40262.0,574.0,39688.0,1794
kreis_03102,nonhome_acts_per_mobile,2.015445950067535,2.028576664,-0.01313071393246501,1794
kreis_03102,participation_education,0.19761202039173598,0.1930437614,0.4568258991735963,1794
kreis_03102,participation_escort,0.09668825941967879,0.1004531557,-0.37648962803212144,1794
kreis_03102,participation_home,0.8797194219786116,0.8392071382,4.05122837786116,1794
kreis_03102,participation_leisure,0.3373644064548277,0.3421771265,-0.4812720045172303,1794
kreis_03102,participation_other,0.24717313810418184,0.1616519367,8.552120140418184,1794
kreis_03102,participation_shop,0.1993847981908084,0.261744458,-6.235965980919161,1794
kreis_03102,participation_work,0.3155448656521906,0.3302091275,-1.466426184780939,1794
kreis_03102,purpose_share_education,0.07706462212486309,0.06829222748,0.8772394644863096,1794
kreis_03102,purpose_share_escort,0.050496010014082306,0.05432030239,-0.3824292375917693,1794
kreis_03102,purpose_share_home,0.42097950242528553,0.4340319776,-1.3052475174714473,1794
kreis_03102,purpose_share_leisure,0.13953058989203568,0.1552222015,-1.569161160796431,1794
kreis_03102,purpose_share_other,0.1089907682678767,0.06476168425,4.4229084017876685,1794
kreis_03102,purpose_share_shop,0.07653888280394304,0.1045181978,-2.7979314996056965,1794
kreis_03102,purpose_share_work,0.12639962447191364,0.118853409,0.7546215471913642,1794
kreis_03102,share_mobile_first_from_home,1.0,0.9772171382,2.27828618,1794
kreis_03102,share_mobile_last_to_home,1.0,0.971298838,2.8701161999999947,1794
kreis_03102,share_mobile_odd_trip_count,0.25933510522417325,0.2177658142,4.156929102417325,1794
kreis_03102,share_trips_0,0.12028057802138832,0.1481054529,-2.7824874878611667,1794
kreis_03102,share_trips_1,0.00087201502548967,0.005918851816,-0.5046836790510331,1794
kreis_03102,share_trips_2,0.37031890835217907,0.3510270143,1.929189405217907,1794
kreis_03102,share_trips_3,0.1253785120165587,0.1006662674,2.4712244616558703,1794
kreis_03102,share_trips_4,0.198781095480854,0.2131422171,-1.4361121619146018,1794
kreis_03102,share_trips_5,0.06974203687377822,0.04508730437,2.4654732503778227,1794
kreis_03102,share_trips_6,0.05752424393422515,0.07288561167,-1.5361367735774851,1794
kreis_03102,share_trips_7,0.026974970293993636,0.02427825241,0.2696717883993637,1794
kreis_03102,share_trips_8plus,0.03012764000153321,0.03888902797,-0.8761387968466785,1794
kreis_03102,share_trips_followed_by_same_purpose,0.10044124550148646,0.03392662003,6.651462547148645,1794
kreis_03102,share_trips_home_based,0.8177092786731341,0.869356787,-5.1647508326865825,1794
kreis_03102,share_trips_unknown_purpose,0.0,0.0004134294961,-0.04134294961,1794
kreis_03102,share_work_activities_lt_2h,0.19830112761412746,0.06516546791,13.313565970412746,1794
kreis_03102,tours_per_mobile,1.4653392009062787,1.554547509,-0.08920830809372138,1794
kreis_03102,trips_per_mobile_person,3.480785150973814,3.583124174,-0.10233902302618603,1794
kreis_03102,trips_per_person,3.0621143010464182,3.052443945,0.009670356046418416,1794
kreis_03102,trips_per_person_education,0.23598068151328147,0.2083720135,0.027608668013281462,1794
kreis_03102,trips_per_person_escort,0.15462455440990455,0.1657411275,-0.01111657309009545,1794
kreis_03102,trips_per_person_home,1.2890873548238722,1.324310546,-0.03522319117612782,1794
kreis_03102,trips_per_person_leisure,0.42725861474184523,0.4736111832,-0.046352568458154775,1794
kreis_03102,trips_per_person_other,0.3337421901951014,0.1975996837,0.13614250649510137,1794
kreis_03102,trips_per_person_shop,0.23437080762006976,0.3189040412,-0.08453323357993023,1794
kreis_03102,trips_per_person_work,0.3870500977423435,0.3626433793,0.02440671844234349,1794
kreis_03151,dep_hour_share_all_10,0.04252578730173788,0.05327547111,-1.074968380826212,3574
kreis_03151,dep_hour_share_all_11,0.046696269917429555,0.05378061782,-0.7084347902570447,3574
kreis_03151,dep_hour_share_all_12,0.060566864548708535,0.06318425229,-0.26173877412914714,3574
kreis_03151,dep_hour_share_all_13,0.06860863505175704,0.06681356015,0.17950749017570378,3574
kreis_03151,dep_hour_share_all_14,0.07561781887043044,0.07630277758,-0.06849587095695553,3574
kreis_03151,dep_hour_share_all_15,0.08839379864194782,0.08661967614,0.17741225019478196,3574
kreis_03151,dep_hour_share_all_16,0.0898879479255224,0.09032553549,-0.043758756447759284,3574
kreis_03151,dep_hour_share_all_17,0.0781974612232686,0.08789306024,-0.9695599016731407,3574
kreis_03151,dep_hour_share_all_18,0.06075477343296761,0.06343424151,-0.2679468077032392,3574
kreis_03151,dep_hour_share_all_19,0.040411356264298405,0.03569009255,0.4721263714298408,3574
kreis_03151,dep_hour_share_all_20,0.026825361496557436,0.0220156406,0.48097208965574356,3574
kreis_03151,dep_hour_share_all_21,0.020082533960426023,0.01401562092,0.6066913040426024,3574
kreis_03151,dep_hour_share_all_22,0.015410352867343624,0.009160260505,0.6250092362343624,3574
kreis_03151,dep_hour_share_all_23,0.007514531012263335,0.001397038088,0.6117492924263335,3574
kreis_03151,dep_hour_share_all_4,0.004267173594970609,0.002267490539,0.1999683055970609,3574
kreis_03151,dep_hour_share_all_5,0.0164228716126231,0.009547669686,0.68752019266231,3574
kreis_03151,dep_hour_share_all_6,0.04732932217799168,0.03465618137,1.267314080799168,3574
kreis_03151,dep_hour_share_all_7,0.09560548620967713,0.107848736,-1.2243249790322874,3574
kreis_03151,dep_hour_share_all_8,0.05699294703158694,0.07190555352,-1.4912606488413063,3574
kreis_03151,dep_hour_share_all_9,0.04705201974685207,0.04831656661,-0.12645468631479334,3574
kreis_03151,dep_hour_share_education_10,0.01138496184161141,0.01203153858,-0.06465767383885909,3574
kreis_03151,dep_hour_share_education_11,0.02251970474164894,0.009096817215,1.3422887526648941,3574
kreis_03151,dep_hour_share_education_12,0.0246465657450269,0.01586000299,0.87865627550269,3574
kreis_03151,dep_hour_share_education_13,0.025497310146378082,0.01389920682,1.1598103326378082,3574
kreis_03151,dep_hour_share_education_14,0.017865632428374828,0.01103366649,0.6831965938374828,3574
kreis_03151,dep_hour_share_education_15,0.031077192543475542,0.03138602005,-0.030882750652445543,3574
kreis_03151,dep_hour_share_education_16,0.014262479669710997,0.00656040349,0.7702076179710996,3574
kreis_03151,dep_hour_share_education_17,0.00765669961216064,0.01918744175,-1.1530742137839358,3574
kreis_03151,dep_hour_share_education_18,0.0040785687476541975,0.01088533825,-0.6806769502345802,3574
kreis_03151,dep_hour_share_education_19,0.006355561115976479,0.0,0.6355561115976479,3574
kreis_03151,dep_hour_share_education_20,0.00027524083573126485,0.0,0.027524083573126485,3574
kreis_03151,dep_hour_share_education_21,0.00025021894157387716,0.0,0.025021894157387717,3574
kreis_03151,dep_hour_share_education_22,0.000175153259101714,0.0,0.017515325910171402,3574
kreis_03151,dep_hour_share_education_23,0.00010008757662955086,0.0,0.010008757662955087,3574
kreis_03151,dep_hour_share_education_4,0.000700613036406856,0.0,0.07006130364068561,3574
kreis_03151,dep_hour_share_education_5,0.006530714375078193,0.001631845133,0.4898869242078194,3574
kreis_03151,dep_hour_share_education_6,0.18381083448017016,0.09518298409,8.862785039017016,3574
kreis_03151,dep_hour_share_education_7,0.49620918303515577,0.5934328793,-9.722369626484422,3574
kreis_03151,dep_hour_share_education_8,0.12123107719254347,0.1648780037,-4.364692650745653,3574
kreis_03151,dep_hour_share_education_9,0.0246465657450269,0.01493385218,0.97127135650269,3574
kreis_03151,dep_hour_share_escort_10,0.011501961704838871,0.006751716853,0.47502448518388707,3574
kreis_03151,dep_hour_share_escort_11,0.031152543509607323,0.06136858157,-3.0216038060392676,3574
kreis_03151,dep_hour_share_escort_12,0.056034338218034274,0.04996301876,0.6071319458034276,3574
kreis_03151,dep_hour_share_escort_13,0.08597967874987425,0.1096775581,-2.3697879350125755,3574
kreis_03151,dep_hour_share_escort_14,0.12860065054827136,0.09279235286,3.5808297688271358,3574
kreis_03151,dep_hour_share_escort_15,0.11458368263975051,0.1053799514,0.9203731239750503,3574
kreis_03151,dep_hour_share_escort_16,0.08339760571409409,0.06455789437,1.8839711344094097,3574
kreis_03151,dep_hour_share_escort_17,0.06425002515006203,0.02937674321,3.4873281940062033,3574
kreis_03151,dep_hour_share_escort_18,0.04443177626504812,0.02991605405,1.451572221504812,3574
kreis_03151,dep_hour_share_escort_19,0.020153583045504846,0.02766531207,-0.7511729024495154,3574
kreis_03151,dep_hour_share_escort_20,0.006069548304885819,0.009548458349,-0.3478910044114181,3574
kreis_03151,dep_hour_share_escort_21,0.01606250628751551,0.004706234511,1.135627177651551,3574
kreis_03151,dep_hour_share_escort_22,0.002950940612320177,0.005124866326,-0.2173925713679823,3574
kreis_03151,dep_hour_share_escort_23,0.0023473391234365044,0.0,0.23473391234365043,3574
kreis_03151,dep_hour_share_escort_4,0.0005030012407363938,0.0,0.05030012407363938,3574
kreis_03151,dep_hour_share_escort_5,0.001307803225914624,0.0005417023648,0.0766100861114624,3574
kreis_03151,dep_hour_share_escort_6,0.03785922671942591,0.01546537353,2.239385318942591,3574
kreis_03151,dep_hour_share_escort_7,0.18359545286878373,0.2216046364,-3.800918353121627,3574
kreis_03151,dep_hour_share_escort_8,0.08329700546594682,0.1450352227,-6.173821723405318,3574
kreis_03151,dep_hour_share_escort_9,0.020924851614633984,0.0198520364,0.10728152146339855,3574
kreis_03151,dep_hour_share_home_10,0.03275094839920715,0.04084502196,-0.8094073560792849,3574
kreis_03151,dep_hour_share_home_11,0.04459554657110478,0.06061309749,-1.6017550918895216,3574
kreis_03151,dep_hour_share_home_12,0.07671641660431516,0.06997066698,0.6745749624315165,3574
kreis_03151,dep_hour_share_home_13,0.08360789873240485,0.0853597357,-0.17518369675951495,3574
kreis_03151,dep_hour_share_home_14,0.08968115409354038,0.0949945457,-0.5313391606459619,3574
kreis_03151,dep_hour_share_home_15,0.10612007368416447,0.0966377123,0.9482361384164473,3574
kreis_03151,dep_hour_share_home_16,0.110828159252307,0.09912547335,1.1702685902306997,3574
kreis_03151,dep_hour_share_home_17,0.10350787379180286,0.117556205,-1.4048331208197138,3574
kreis_03151,dep_hour_share_home_18,0.08654388889618146,0.08895521924,-0.24113303438185324,3574
kreis_03151,dep_hour_share_home_19,0.056615166511334844,0.05168985603,0.49253104813348425,3574
kreis_03151,dep_hour_share_home_20,0.04806535312829533,0.04145329759,0.661205553829533,3574
kreis_03151,dep_hour_share_home_21,0.03623388158902263,0.02711545077,0.9118430819022632,3574
kreis_03151,dep_hour_share_home_22,0.030261263744678243,0.01784287486,1.2418388884678242,3574
kreis_03151,dep_hour_share_home_23,0.015677574898377986,0.003038706035,1.2638868863377986,3574
kreis_03151,dep_hour_share_home_4,6.563316312466362e-05,0.0003981406923,-0.033250752917533634,3574
kreis_03151,dep_hour_share_home_5,0.0005950740123302836,0.001682486915,-0.10874129026697164,3574
kreis_03151,dep_hour_share_home_6,0.0020740079547393706,0.006112698831,-0.40386908762606294,3574
kreis_03151,dep_hour_share_home_7,0.010505681644154491,0.02255023855,-1.204455690584551,3574
kreis_03151,dep_hour_share_home_8,0.019322403223900973,0.03620096444,-1.6878561216099024,3574
kreis_03151,dep_hour_share_home_9,0.028690443373894627,0.03585285143,-0.7162408056105373,3574
kreis_03151,dep_hour_share_leisure_10,0.04170746745004171,0.05570669057,-1.399922311995829,3574
kreis_03151,dep_hour_share_leisure_11,0.03835878093303836,0.03804554098,0.031323995303835644,3574
kreis_03151,dep_hour_share_leisure_12,0.0437988853830438,0.04699122706,-0.3192341676956201,3574
kreis_03151,dep_hour_share_leisure_13,0.061823764794061827,0.03195226994,2.987149485406183,3574
kreis_03151,dep_hour_share_leisure_14,0.08219393367908219,0.08200482232,0.018911135908218635,3574
kreis_03151,dep_hour_share_leisure_15,0.10541713512010542,0.1303417906,-2.4924655479894584,3574
kreis_03151,dep_hour_share_leisure_16,0.14365502484314366,0.1547659692,-1.1110944356856334,3574
kreis_03151,dep_hour_share_leisure_17,0.12440914421112441,0.1219572218,0.24519224111244076,3574
kreis_03151,dep_hour_share_leisure_18,0.09126077442909127,0.1133825256,-2.212175117090874,3574
kreis_03151,dep_hour_share_leisure_19,0.0632986375560633,0.05896213968,0.43364978760633,3574
kreis_03151,dep_hour_share_leisure_20,0.0202009211910202,0.01869717184,0.1503749351020201,3574
kreis_03151,dep_hour_share_leisure_21,0.013757419698013758,0.005146799563,0.8610620135013757,3574
kreis_03151,dep_hour_share_leisure_22,0.01272984441301273,0.003231748698,0.9498095715012731,3574
kreis_03151,dep_hour_share_leisure_23,0.002840943435002841,0.0006512571564,0.2189686278602841,3574
kreis_03151,dep_hour_share_leisure_4,9.671296800009671e-05,0.003016775514,-0.2920062545999903,3574
kreis_03151,dep_hour_share_leisure_5,0.004666400706004666,0.003321333035,0.13450676710046663,3574
kreis_03151,dep_hour_share_leisure_6,0.018883207002018884,0.008843545751,1.0039661251018885,3574
kreis_03151,dep_hour_share_leisure_7,0.02616085784402616,0.01727750194,0.8883355904026162,3574
kreis_03151,dep_hour_share_leisure_8,0.0491060095020491,0.05617735909,-0.7071349587950894,3574
kreis_03151,dep_hour_share_leisure_9,0.05258767635005259,0.04850358488,0.4084091470052592,3574
kreis_03151,dep_hour_share_other_10,0.08545015681187501,0.1237126258,-3.8262468988124994,3574
kreis_03151,dep_hour_share_other_11,0.08494113397152755,0.0903879872,-0.544685322847245,3574
kreis_03151,dep_hour_share_other_12,0.0676343573997143,0.07820017067,-1.0565813270285704,3574
kreis_03151,dep_hour_share_other_13,0.08338122526723699,0.0630453521,2.033587316723699,3574
kreis_03151,dep_hour_share_other_14,0.08531879607888213,0.08562378072,-0.030498464111787527,3574
kreis_03151,dep_hour_share_other_15,0.08196909738756342,0.1008998158,-1.8930718412436585,3574
kreis_03151,dep_hour_share_other_16,0.07880001970410995,0.09468582851,-1.5885808805890052,3574
kreis_03151,dep_hour_share_other_17,0.05201885026518448,0.03513973227,1.6879117995184476,3574
kreis_03151,dep_hour_share_other_18,0.04132937061788805,0.02164090522,1.968846539788805,3574
kreis_03151,dep_hour_share_other_19,0.03937537971461881,0.01225358956,2.712179015461881,3574
kreis_03151,dep_hour_share_other_20,0.02146105975271342,0.005215719467,1.6245340285713423,3574
kreis_03151,dep_hour_share_other_21,0.01522142493555114,0.003600892744,1.162053219155114,3574
kreis_03151,dep_hour_share_other_22,0.005040968128602157,0.01051023822,-0.5469270091397843,3574
kreis_03151,dep_hour_share_other_23,0.002233132460879132,0.0,0.22331324608791317,3574
kreis_03151,dep_hour_share_other_4,0.000558283115219783,0.0,0.05582831152197829,3574
kreis_03151,dep_hour_share_other_5,0.002068931544638019,0.0006855590116,0.1383372533038019,3574
kreis_03151,dep_hour_share_other_6,0.015582666951281588,0.01884942288,-0.3266755928718413,3574
kreis_03151,dep_hour_share_other_7,0.06991675013546575,0.03849861215,3.141813798546575,3574
kreis_03151,dep_hour_share_other_8,0.06871808344690564,0.109142914,-4.042483055309436,3574
kreis_03151,dep_hour_share_other_9,0.08944023907653405,0.1079068537,-1.8466614623465951,3574
kreis_03151,dep_hour_share_shop_10,0.11533627424402987,0.1223811126,-0.7044838355970127,3574
kreis_03151,dep_hour_share_shop_11,0.09231830840131108,0.09411248034,-0.17941719386889154,3574
kreis_03151,dep_hour_share_shop_12,0.08369273233605244,0.1020627898,-1.8370057463947556,3574
kreis_03151,dep_hour_share_shop_13,0.05581979939374523,0.07210519603,-1.6285396636254772,3574
kreis_03151,dep_hour_share_shop_14,0.0757079133499273,0.07698168234,-0.1273768990072699,3574
kreis_03151,dep_hour_share_shop_15,0.11139315375705448,0.07081403551,4.057911824705449,3574
kreis_03151,dep_hour_share_shop_16,0.08465386795475269,0.1143379935,-2.9684125545247313,3574
kreis_03151,dep_hour_share_shop_17,0.0674027158242354,0.1143724742,-4.69697583757646,3574
kreis_03151,dep_hour_share_shop_18,0.03957907188801538,0.02866793894,1.0911132948015378,3574
kreis_03151,dep_hour_share_shop_19,0.014835990832244867,0.01471347049,0.012252034224486709,3574
kreis_03151,dep_hour_share_shop_20,0.0047810335904576486,0.002839077483,0.19419561074576486,3574
kreis_03151,dep_hour_share_shop_21,0.0008625576065258644,0.004475480917,-0.36129233104741354,3574
kreis_03151,dep_hour_share_shop_22,0.000788624097395076,0.0005915770036,0.0197047093795076,3574
kreis_03151,dep_hour_share_shop_23,0.0001725115213051729,0.0,0.01725115213051729,3574
kreis_03151,dep_hour_share_shop_4,4.928900608719225e-05,0.0,0.004928900608719225,3574
kreis_03151,dep_hour_share_shop_5,0.0004682455578283264,0.001394360309,-0.09261147511716734,3574
kreis_03151,dep_hour_share_shop_6,0.011287182393967025,0.005051757983,0.6235424410967025,3574
kreis_03151,dep_hour_share_shop_7,0.04315252482933682,0.0227578817,2.039464312933682,3574
kreis_03151,dep_hour_share_shop_8,0.08019321290386179,0.06498539394,1.5207818963861794,3574
kreis_03151,dep_hour_share_shop_9,0.1158045198018582,0.08735529681,2.8449222991858205,3574
kreis_03151,dep_hour_share_work_10,0.025803206730476133,0.04095154438,-1.514833764952387,3574
kreis_03151,dep_hour_share_work_11,0.02260257270011583,0.01603574633,0.6566826370115831,3574
kreis_03151,dep_hour_share_work_12,0.02853136621349753,0.0507651394,-2.223377318650247,3574
kreis_03151,dep_hour_share_work_13,0.037477900384076085,0.05127197728,-1.3794076895923915,3574
kreis_03151,dep_hour_share_work_14,0.02037736999329391,0.02269270829,-0.23153382967060904,3574
kreis_03151,dep_hour_share_work_15,0.019935377674815583,0.01672250101,0.3212876664815581,3574
kreis_03151,dep_hour_share_work_16,0.011705175882460525,0.006487427178,0.5217748704460525,3574
kreis_03151,dep_hour_share_work_17,0.01205572151435713,0.008516547155,0.353917435935713,3574
kreis_03151,dep_hour_share_work_18,0.005532524538194233,0.003206143128,0.23263814101942326,3574
kreis_03151,dep_hour_share_work_19,0.0018441748460647442,0.001482325267,0.03618495790647441,3574
kreis_03151,dep_hour_share_work_20,0.005410595622751936,0.001322132511,0.40884631117519354,3574
kreis_03151,dep_hour_share_work_21,0.0021032737913796256,0.005578870895,-0.3475597103620374,3574
kreis_03151,dep_hour_share_work_22,0.0006706090349326342,0.0,0.06706090349326342,3574
kreis_03151,dep_hour_share_work_23,0.00128025361214412,0.0,0.128025361214412,3574
kreis_03151,dep_hour_share_work_4,0.03409437298055234,0.01329083293,2.080354005055234,3574
kreis_03151,dep_hour_share_work_5,0.12246235444735719,0.06582489289,5.663746155735719,3574
kreis_03151,dep_hour_share_work_6,0.21375662988477717,0.1816646257,3.2092004184777174,3574
kreis_03151,dep_hour_share_work_7,0.25185941596049505,0.3321687438,-8.030932783950496,3574
kreis_03151,dep_hour_share_work_8,0.12183746875571541,0.1202209262,0.16165425557154167,3574
kreis_03151,dep_hour_share_work_9,0.04768944705236847,0.05773481954,-1.0045372487631536,3574
kreis_03151,mean_work_activity_h,5.906090071387503,6.28423715,-0.3781470786124972,3574
kreis_03151,mobility_rate,0.8779397484442963,0.8358940444,4.204570404429631,3574
kreis_03151,n_persons_unweighted,174037.0,3574.0,170463.0,3574
kreis_03151,n_persons_weighted,174037.0,107068.0,66969.0,3574
kreis_03151,n_work_activities_measured,65511.0,1236.0,64275.0,3574
kreis_03151,nonhome_acts_per_mobile,2.0916724478709896,2.139120026,-0.04744757812901046,3574
kreis_03151,participation_education,0.18704643265512505,0.1826494134,0.4397019255125062,3574
kreis_03151,participation_escort,0.11049949148744233,0.1150801247,-0.45806332125576665,3574
kreis_03151,participation_home,0.8779397484442963,0.831216451,4.672329744429637,3574
kreis_03151,participation_leisure,0.3780115722518775,0.3821445253,-0.4132953048122501,3574
kreis_03151,participation_other,0.24989513724093151,0.1633809278,8.651420944093152,3574
kreis_03151,participation_shop,0.2008308578060987,0.2605779723,-5.974711449390132,3574
kreis_03151,participation_work,0.31025586513212705,0.3239381085,-1.3682243367872937,3574
kreis_03151,purpose_share_education,0.0729104714506201,0.06233506775,1.05754037006201,3574
kreis_03151,purpose_share_escort,0.05440418288825077,0.05977979352,-0.5375610631749232,3574
kreis_03151,purpose_share_home,0.41694427315748955,0.4268124939,-0.9868220742510425,3574
kreis_03151,purpose_share_leisure,0.150909077641032,0.1617405157,-1.0831438058967997,3574
kreis_03151,purpose_share_other,0.11110523262390128,0.06494569828,4.615953434390127,3574
kreis_03151,purpose_share_shop,0.07402697860757693,0.1036245534,-2.9597574792423074,3574
kreis_03151,purpose_share_work,0.11969978363112939,0.1207618773,-0.10620936688706117,3574
kreis_03151,share_mobile_first_from_home,1.0,0.9778671254,2.213287460000002,3574
kreis_03151,share_mobile_last_to_home,1.0,0.9850407459,1.4959254099999986,3574
kreis_03151,share_mobile_odd_trip_count,0.28054766548424676,0.2196672558,6.088040968424677,3574
kreis_03151,share_trips_0,0.12206025155570367,0.1641059556,-4.204570404429632,3574
kreis_03151,share_trips_1,0.0012985744410671295,0.004752026205,-0.34534517639328705,3574
kreis_03151,share_trips_2,0.35414308451651083,0.3298549021,2.428818241651082,3574
kreis_03151,share_trips_3,0.12312324390790465,0.07512812162,4.799512228790465,3574
kreis_03151,share_trips_4,0.1886093187080908,0.222638183,-3.4028864291909184,3574
kreis_03151,share_trips_5,0.08505662588989697,0.05928519041,2.577143547989697,3574
kreis_03151,share_trips_6,0.0603262524635566,0.06692578753,-0.6599535066443403,3574
kreis_03151,share_trips_7,0.028798473887736514,0.02800039044,0.07980834477365126,3574
kreis_03151,share_trips_8plus,0.0365841746295328,0.04930944301,-1.2725268380467205,3574
kreis_03151,share_trips_followed_by_same_purpose,0.09566569002696401,0.04155748233,5.410820769696401,3574
kreis_03151,share_trips_home_based,0.8120710478018309,0.8513942199,-3.9323172098169046,3574
kreis_03151,share_trips_unknown_purpose,0.0,0.0003608672198,-0.03608672198,3574
kreis_03151,share_work_activities_lt_2h,0.18174047106592786,0.1076775839,7.406288716592786,3574
kreis_03151,tours_per_mobile,1.4957589957720854,1.591849944,-0.09609094822791464,3574
kreis_03151,trips_per_mobile_person,3.587431443643075,3.73096997,-0.14353852635692466,3574
kreis_03151,trips_per_person,3.1495486591931603,3.118695578,0.030853081193160214,3574
kreis_03151,trips_per_person_education,0.2296350775984417,0.1943339461,0.03530113149844172,3574
kreis_03151,trips_per_person_escort,0.17134862127018968,0.1863676994,-0.01501907812981032,3574
kreis_03151,trips_per_person_home,1.313186276481438,1.330617888,-0.017431611518561985,3574
kreis_03151,trips_per_person_leisure,0.47529548314438885,0.5042374028,-0.028941919655611104,3574
kreis_03151,trips_per_person_other,0.34993133643995245,0.2024727699,0.14745856653995246,3574
kreis_03151,trips_per_person_shop,0.23315157121761465,0.3230568139,-0.08990524268238537,3574
kreis_03151,trips_per_person_work,0.3770002930411349,0.3764836232,0.0005166698411349091,3574
kreis_03153,dep_hour_share_all_10,0.04934501757269927,0.05240737785,-0.3062360277300731,2258
kreis_03153,dep_hour_share_all_11,0.05401318501210943,0.06342503556,-0.9411850547890566,2258
kreis_03153,dep_hour_share_all_12,0.06390560253261497,0.06509816517,-0.11925626373850279,2258
kreis_03153,dep_hour_share_all_13,0.07034689313213548,0.08363069951,-1.3283806377864527,2258
kreis_03153,dep_hour_share_all_14,0.07858325752235916,0.07815669826,0.04265592623591552,2258
kreis_03153,dep_hour_share_all_15,0.08245144642460812,0.09058075282,-0.8129306395391875,2258
kreis_03153,dep_hour_share_all_16,0.08481967556967984,0.08266902457,0.21506509996798429,2258
kreis_03153,dep_hour_share_all_17,0.07199562938555307,0.07316620234,-0.11705729544469329,2258
kreis_03153,dep_hour_share_all_18,0.06113738411896266,0.05813579809,0.30015860289626595,2258
kreis_03153,dep_hour_share_all_19,0.038045320735297344,0.03465676472,0.33885560152973476,2258
kreis_03153,dep_hour_share_all_20,0.02686513288667865,0.02049735222,0.636778066667865,2258
kreis_03153,dep_hour_share_all_21,0.02042628124611291,0.01381516028,0.6611120966112908,2258
kreis_03153,dep_hour_share_all_22,0.01505325466877718,0.009684183882,0.536907078677718,2258
kreis_03153,dep_hour_share_all_23,0.0074485806478362775,0.001554154463,0.5894426184836278,2258
kreis_03153,dep_hour_share_all_4,0.00410720687981542,0.002316186677,0.17910202028154198,2258
kreis_03153,dep_hour_share_all_5,0.015128862396374732,0.01754223423,-0.24133718336252669,2258
kreis_03153,dep_hour_share_all_6,0.04485245517803181,0.03561214906,0.924030611803181,2258
kreis_03153,dep_hour_share_all_7,0.08569038391652907,0.1024405401,-1.6750156183470934,2258
kreis_03153,dep_hour_share_all_8,0.06187151076434535,0.0641592531,-0.22877423356546453,2258
kreis_03153,dep_hour_share_all_9,0.051718124635680505,0.0486711927,0.3046931935680508,2258
kreis_03153,dep_hour_share_education_10,0.012076000494580226,0.001404834904,1.0671165590580225,2258
kreis_03153,dep_hour_share_education_11,0.02567695668301529,0.01986929254,0.5807664143015291,2258
kreis_03153,dep_hour_share_education_12,0.019082553682561926,0.02122449286,-0.21419391774380736,2258
kreis_03153,dep_hour_share_education_13,0.01656843753863908,0.02026308408,-0.3694646541360921,2258
kreis_03153,dep_hour_share_education_14,0.020607509376416765,0.005568766728,1.5038742648416765,2258
kreis_03153,dep_hour_share_education_15,0.035321271071178335,0.01293126717,2.2390003901178335,2258
kreis_03153,dep_hour_share_education_16,0.015950212257346576,0.007478930673,0.8471281584346575,2258
kreis_03153,dep_hour_share_education_17,0.00630589786918353,0.009788265114,-0.34823672448164694,2258
kreis_03153,dep_hour_share_education_18,0.010551044800725384,0.002165938638,0.8385106162725385,2258
kreis_03153,dep_hour_share_education_19,0.006223467831677864,0.0,0.6223467831677864,2258
kreis_03153,dep_hour_share_education_20,0.0001236450562585006,0.0,0.01236450562585006,2258
kreis_03153,dep_hour_share_education_21,0.00016486007501133413,0.0,0.016486007501133413,2258
kreis_03153,dep_hour_share_education_22,8.243003750566706e-05,0.0,0.008243003750566706,2258
kreis_03153,dep_hour_share_education_23,4.121501875283353e-05,0.0,0.004121501875283353,2258
kreis_03153,dep_hour_share_education_4,0.001154020525079339,0.0,0.1154020525079339,2258
kreis_03153,dep_hour_share_education_5,0.002926266331451181,0.009747126451,-0.6820860119548818,2258
kreis_03153,dep_hour_share_education_6,0.16720933108024563,0.05344687683,11.376245425024564,2258
kreis_03153,dep_hour_share_education_7,0.47632197172649715,0.6515028391,-17.51808673735028,2258
kreis_03153,dep_hour_share_education_8,0.14952808803528006,0.1431430873,0.6385000735280061,2258
kreis_03153,dep_hour_share_education_9,0.03371388533981783,0.04146519763,-0.7751312290182166,2258
kreis_03153,dep_hour_share_escort_10,0.01763064434297311,0.02300717273,-0.5376528387026892,2258
kreis_03153,dep_hour_share_escort_11,0.04498562489430069,0.03402464192,1.096098297430069,2258
kreis_03153,dep_hour_share_escort_12,0.06692880094706578,0.06737372291,-0.04449219629342194,2258
kreis_03153,dep_hour_share_escort_13,0.07487738880432944,0.09148280048,-1.660541167567056,2258
kreis_03153,dep_hour_share_escort_14,0.13863521055301878,0.1197980689,1.8837141653018779,2258
kreis_03153,dep_hour_share_escort_15,0.10472687299171317,0.1255578193,-2.0830946308286844,2258
kreis_03153,dep_hour_share_escort_16,0.07906308134618636,0.06627425959,1.2788821756186368,2258
kreis_03153,dep_hour_share_escort_17,0.05048198883815322,0.05926481512,-0.8782826281846783,2258
kreis_03153,dep_hour_share_escort_18,0.04025029595805851,0.03847381402,0.17764819380585162,2258
kreis_03153,dep_hour_share_escort_19,0.017926602401488245,0.02083021503,-0.29036126285117564,2258
kreis_03153,dep_hour_share_escort_20,0.006003720615592761,0.005588668526,0.04150520895927611,2258
kreis_03153,dep_hour_share_escort_21,0.011542364282090309,0.009504298913,0.2038065369090309,2258
kreis_03153,dep_hour_share_escort_22,0.0028750211398613224,0.007078376325,-0.42033551851386775,2258
kreis_03153,dep_hour_share_escort_23,0.0022408253001860307,0.0,0.22408253001860307,2258
kreis_03153,dep_hour_share_escort_4,0.0009301538981904278,0.003014229552,-0.20840756538095723,2258
kreis_03153,dep_hour_share_escort_5,0.0028750211398613224,0.006069739354,-0.3194718214138677,2258
kreis_03153,dep_hour_share_escort_6,0.03433113478775579,0.01820250643,1.612862835775579,2258
kreis_03153,dep_hour_share_escort_7,0.1743615761880602,0.2125039425,-3.814236631193979,2258
kreis_03153,dep_hour_share_escort_8,0.09322678843226788,0.083059687,1.0167101432267887,2258
kreis_03153,dep_hour_share_escort_9,0.0321748689328598,0.008891221396,2.32836475368598,2258
kreis_03153,dep_hour_share_home_10,0.03736189642527621,0.04697630147,-0.9614405044723794,2258
kreis_03153,dep_hour_share_home_11,0.05628829638742341,0.05563228183,0.06560145574234094,2258
kreis_03153,dep_hour_share_home_12,0.0789053443421893,0.07429116762,0.4614176722189306,2258
kreis_03153,dep_hour_share_home_13,0.08525751732948497,0.1166993292,-3.144181187051502,2258
kreis_03153,dep_hour_share_home_14,0.08638127232723745,0.09251609461,-0.6134822282762548,2258
kreis_03153,dep_hour_share_home_15,0.09928671130142658,0.09748987173,0.1796839571426581,2258
kreis_03153,dep_hour_share_home_16,0.11057157727885684,0.1155813595,-0.500978222114315,2258
kreis_03153,dep_hour_share_home_17,0.09437176181125648,0.09717924799,-0.2807486178743518,2258
kreis_03153,dep_hour_share_home_18,0.07961508434076983,0.07562310874,0.39919756007698315,2258
kreis_03153,dep_hour_share_home_19,0.05432468239135064,0.04678991945,0.7534762941350637,2258
kreis_03153,dep_hour_share_home_20,0.05037379639925241,0.03563306282,1.474073357925241,2258
kreis_03153,dep_hour_share_home_21,0.037533416924933165,0.02619473525,1.1338681674933164,2258
kreis_03153,dep_hour_share_home_22,0.028827272942345453,0.01954933901,0.9277933932345452,2258
kreis_03153,dep_hour_share_home_23,0.014744848470510302,0.00351613514,1.1228713330510303,2258
kreis_03153,dep_hour_share_home_4,5.3230499893539e-05,0.0004532785685,-0.0400048068606461,2258
kreis_03153,dep_hour_share_home_5,0.000952234498095531,0.001566574905,-0.06143404069044689,2258
kreis_03153,dep_hour_share_home_6,0.002738413494523173,0.009642484395,-0.6904070900476826,2258
kreis_03153,dep_hour_share_home_7,0.011107430977785137,0.01614052634,-0.5033095362214862,2258
kreis_03153,dep_hour_share_home_8,0.022090657455818685,0.03842244978,-1.6331792324181316,2258
kreis_03153,dep_hour_share_home_9,0.028182592443634816,0.02769443898,0.048815346363481615,2258
kreis_03153,dep_hour_share_leisure_10,0.04614335902679461,0.03417401908,1.196933994679461,2258
kreis_03153,dep_hour_share_leisure_11,0.03857514900459686,0.05916144904,-2.0586300035403142,2258
kreis_03153,dep_hour_share_leisure_12,0.049237061507000156,0.08092315418,-3.1686092672999844,2258
kreis_03153,dep_hour_share_leisure_13,0.05533707374198172,0.06058897899,-0.525190524801828,2258
kreis_03153,dep_hour_share_leisure_14,0.08781221051159702,0.09461195817,-0.6799747658402979,2258
kreis_03153,dep_hour_share_leisure_15,0.09700592522678413,0.1225532912,-2.554736597321587,2258
kreis_03153,dep_hour_share_leisure_16,0.11334836488210721,0.09253483615,2.081352873210722,2258
kreis_03153,dep_hour_share_leisure_17,0.11490395539475294,0.09274307075,2.216088464475294,2258
kreis_03153,dep_hour_share_leisure_18,0.10862915770891231,0.1140735686,-0.5444410891087686,2258
kreis_03153,dep_hour_share_leisure_19,0.06339468302658487,0.05972580881,0.36688742165848637,2258
kreis_03153,dep_hour_share_leisure_20,0.022652194431335537,0.02933975379,-0.6687559358664462,2258
kreis_03153,dep_hour_share_leisure_21,0.015730690577316343,0.01128810366,0.4442586917316343,2258
kreis_03153,dep_hour_share_leisure_22,0.015083984409137783,0.001770099209,1.3313885200137783,2258
kreis_03153,dep_hour_share_leisure_23,0.004911471169139881,0.0005879270829,0.432354408623988,2258
kreis_03153,dep_hour_share_leisure_4,0.0005418348976631185,0.0,0.05418348976631185,2258
kreis_03153,dep_hour_share_leisure_5,0.004317200636219041,0.005110367107,-0.07931664707809591,2258
kreis_03153,dep_hour_share_leisure_6,0.017041581458759374,0.01739545402,-0.0353872561240625,2258
kreis_03153,dep_hour_share_leisure_7,0.028175414678482162,0.02188765176,0.628776291848216,2258
kreis_03153,dep_hour_share_leisure_8,0.05390383304493734,0.05173752422,0.21663088249373394,2258
kreis_03153,dep_hour_share_leisure_9,0.05839581913201545,0.04720474733,1.119107180201545,2258
kreis_03153,dep_hour_share_other_10,0.08965723993204756,0.1315819366,-4.192469666795244,2258
kreis_03153,dep_hour_share_other_11,0.0803437593684421,0.1243874101,-4.40436507315579,2258
kreis_03153,dep_hour_share_other_12,0.06767262915958829,0.04761661363,2.0056015529588285,2258
kreis_03153,dep_hour_share_other_13,0.0837413810332767,0.04756339058,3.6177990453276703,2258
kreis_03153,dep_hour_share_other_14,0.08921754771659839,0.05589018401,3.332736370659838,2258
kreis_03153,dep_hour_share_other_15,0.07884480863395624,0.1165910289,-3.774622026604377,2258
kreis_03153,dep_hour_share_other_16,0.07604676726291595,0.07428514028,0.17616269829159592,2258
kreis_03153,dep_hour_share_other_17,0.05382232437293894,0.0408020817,1.3020242672938942,2258
kreis_03153,dep_hour_share_other_18,0.04344958529029679,0.02317033488,2.027925041029679,2258
kreis_03153,dep_hour_share_other_19,0.03061856700309783,0.005202427901,2.541613910209783,2258
kreis_03153,dep_hour_share_other_20,0.014389927051064256,0.004642196308,0.9747730743064256,2258
kreis_03153,dep_hour_share_other_21,0.011072249425402218,0.0007686538478,1.0303595577602218,2258
kreis_03153,dep_hour_share_other_22,0.00591585889877086,0.004482402718,0.14334561807708607,2258
kreis_03153,dep_hour_share_other_23,0.0038972719096632357,0.0,0.3897271909663236,2258
kreis_03153,dep_hour_share_other_4,0.0012591186169681223,0.0,0.12591186169681223,2258
kreis_03153,dep_hour_share_other_5,0.0012191465973818327,0.001831961841,-0.06128152436181671,2258
kreis_03153,dep_hour_share_other_6,0.014429899070650544,0.01387558487,0.055431420065054325,2258
kreis_03153,dep_hour_share_other_7,0.06597381832717097,0.06244021599,0.35336023371709757,2258
kreis_03153,dep_hour_share_other_8,0.08408114319976016,0.09131337718,-0.7232233980239838,2258
kreis_03153,dep_hour_share_other_9,0.0978315179374438,0.1518387067,-5.4007188762556195,2258
kreis_03153,dep_hour_share_shop_10,0.12453771394168746,0.1114345698,1.3103144141687464,2258
kreis_03153,dep_hour_share_shop_11,0.0943493592500215,0.1205447312,-2.619537194997851,2258
kreis_03153,dep_hour_share_shop_12,0.08101831942891545,0.06155905795,1.9459261478915448,2258
kreis_03153,dep_hour_share_shop_13,0.07141423697715088,0.07150650735,-0.00922703728491181,2258
kreis_03153,dep_hour_share_shop_14,0.09208451592557552,0.07546879174,1.6615724185575527,2258
kreis_03153,dep_hour_share_shop_15,0.08741148476247813,0.1028407695,-1.5429284737521864,2258
kreis_03153,dep_hour_share_shop_16,0.08182104870846593,0.08042503588,0.13960128284659368,2258
kreis_03153,dep_hour_share_shop_17,0.06573779421461541,0.08674251959,-2.1004725375384585,2258
kreis_03153,dep_hour_share_shop_18,0.04724635188211347,0.04028822953,0.6958122352113474,2258
kreis_03153,dep_hour_share_shop_19,0.014162438003497606,0.03724363878,-2.3081200776502393,2258
kreis_03153,dep_hour_share_shop_20,0.004615693357415212,0.0,0.46156933574152115,2258
kreis_03153,dep_hour_share_shop_21,0.0013474384335311488,0.004366195127,-0.3018756693468851,2258
kreis_03153,dep_hour_share_shop_22,0.0008600670852326481,0.0,0.08600670852326481,2258
kreis_03153,dep_hour_share_shop_23,0.0002006823198876179,0.0,0.02006823198876179,2258
kreis_03153,dep_hour_share_shop_4,0.0004873713482985006,0.0,0.048737134829850065,2258
kreis_03153,dep_hour_share_shop_5,0.0012040939193257074,0.0002299281066,0.09741658127257075,2258
kreis_03153,dep_hour_share_shop_6,0.011094865399501162,0.005074628411,0.6020236988501162,2258
kreis_03153,dep_hour_share_shop_7,0.036208824288294486,0.03182600542,0.43828188682944885,2258
kreis_03153,dep_hour_share_shop_8,0.06390298443278576,0.06811076243,-0.42077779972142376,2258
kreis_03153,dep_hour_share_shop_9,0.11903328459619851,0.1023386292,1.6694655396198508,2258
kreis_03153,dep_hour_share_work_10,0.034092472146352006,0.02437427258,0.9718199566352007,2258
kreis_03153,dep_hour_share_work_11,0.027981371951818594,0.03661008216,-0.8628710208181407,2258
kreis_03153,dep_hour_share_work_12,0.03509461397889607,0.04602808941,-1.0933475431103927,2258
kreis_03153,dep_hour_share_work_13,0.0473168143679629,0.05766791802,-1.03511036520371,2258
kreis_03153,dep_hour_share_work_14,0.0223222180739227,0.03265190864,-1.0329690566077299,2258
kreis_03153,dep_hour_share_work_15,0.022420467273191722,0.01129233743,1.112812984319172,2258
kreis_03153,dep_hour_share_work_16,0.013381540940441335,0.006334458875,0.7047082065441335,2258
kreis_03153,dep_hour_share_work_17,0.012890294944096206,0.01017416613,0.27161288140962053,2258
kreis_03153,dep_hour_share_work_18,0.007093592187223674,0.001251459409,0.5842132778223674,2258
kreis_03153,dep_hour_share_work_19,0.0036548702128077655,0.000786676141,0.2868194071807766,2258
kreis_03153,dep_hour_share_work_20,0.0034583718142697137,0.00324327462,0.021509719426971365,2258
kreis_03153,dep_hour_share_work_21,0.0049321098033051035,0.0002235143361,0.4708595467205104,2258
kreis_03153,dep_hour_share_work_22,0.0007663437542984024,0.003094140279,-0.23277965247015978,2258
kreis_03153,dep_hour_share_work_23,0.0004715961564913246,0.0,0.04715961564913246,2258
kreis_03153,dep_hour_share_work_4,0.02974985753866106,0.01567304025,1.4076817288661063,2258
kreis_03153,dep_hour_share_work_5,0.10911556070818022,0.1217105363,-1.2594975591819781,2258
kreis_03153,dep_hour_share_work_6,0.21563734255565817,0.1891580527,2.6479289855658172,2258
kreis_03153,dep_hour_share_work_7,0.22398852449352538,0.3056586603,-8.167013580647462,2258
kreis_03153,dep_hour_share_work_8,0.1234009942818966,0.1036869266,1.9714067681896597,2258
kreis_03153,dep_hour_share_work_9,0.04859405395846024,0.02845216693,2.014188702846024,2258
kreis_03153,mean_work_activity_h,5.5567104935112654,6.466280458,-0.9095699644887345,2258
kreis_03153,mobility_rate,0.8794398372711626,0.8323700116,4.706982567116258,2258
kreis_03153,n_persons_unweighted,127820.0,2258.0,125562.0,2258
kreis_03153,n_persons_weighted,127820.0,95795.0,32025.0,2258
kreis_03153,n_work_activities_measured,50806.0,826.0,49980.0,2258
kreis_03153,nonhome_acts_per_mobile,2.143359131749844,2.220014823,-0.07665569125015592,2258
kreis_03153,participation_education,0.14872476920669692,0.145628591,0.30961782066969146,2258
kreis_03153,participation_escort,0.11621811923016742,0.120012767,-0.3794647769832585,2258
kreis_03153,participation_home,0.8794398372711626,0.8247719592,5.466787807116258,2258
kreis_03153,participation_leisure,0.34298231888593333,0.3479370237,-0.49547048140666794,2258
kreis_03153,participation_other,0.2841104678454076,0.1980244057,8.608606214540762,2258
kreis_03153,participation_shop,0.227749960882491,0.2808092782,-5.305931731750901,2258
kreis_03153,participation_work,0.3149194179314661,0.3284658498,-1.3546431868533881,2258
kreis_03153,purpose_share_education,0.059176461119335826,0.05007344776,0.9103013359335825,2258
kreis_03153,purpose_share_escort,0.05768625719797762,0.06229541015,-0.4609152952022383,2258
kreis_03153,purpose_share_home,0.41236942423495954,0.4189974931,-0.6628068865040471,2258
kreis_03153,purpose_share_leisure,0.1395401586786696,0.1540440778,-1.4503919121330422,2258
kreis_03153,purpose_share_other,0.12203331130140412,0.08123393901,4.079937229140411,2258
kreis_03153,purpose_share_shop,0.08507332730097485,0.1102021466,-2.5128819299025147,2258
kreis_03153,purpose_share_work,0.12412106016667845,0.1231534856,0.0967574566678453,2258
kreis_03153,share_mobile_first_from_home,1.0,0.9822715632,1.7728436800000025,2258
kreis_03153,share_mobile_last_to_home,1.0,0.9834002883,1.6599711699999964,2258
kreis_03153,share_mobile_odd_trip_count,0.2941820122764879,0.2276124655,6.6569546776487885,2258
kreis_03153,share_trips_0,0.12056016272883743,0.1676299884,-4.706982567116258,2258
kreis_03153,share_trips_1,0.002057580973243624,0.002313128098,-0.025554712475637585,2258
kreis_03153,share_trips_2,0.35021905805038334,0.3282780951,2.1940962950383334,2258
kreis_03153,share_trips_3,0.1247066186825223,0.08590477545,3.8801843232522297,2258
kreis_03153,share_trips_4,0.17069316225942732,0.194497228,-2.3804065740572673,2258
kreis_03153,share_trips_5,0.09410107964324832,0.05496935306,3.9131726583248323,2258
kreis_03153,share_trips_6,0.06639805977155375,0.07146337992,-0.5065320148446253,2258
kreis_03153,share_trips_7,0.027311844781724298,0.03608694801,-0.8775103228275704,2258
kreis_03153,share_trips_8plus,0.043952433109059615,0.058857104,-1.4904670890940386,2258
kreis_03153,share_trips_followed_by_same_purpose,0.11047264585584289,0.04814703654,6.232560931584289,2258
kreis_03153,share_trips_home_based,0.7984785774040208,0.8371207738,-3.864219639597921,2258
kreis_03153,share_trips_unknown_purpose,0.0,0.0006905355139,-0.06905355139,2258
kreis_03153,share_work_activities_lt_2h,0.2093256701964335,0.1135096853,9.581598489643351,2258
kreis_03153,tours_per_mobile,1.5041010586246775,1.599090611,-0.09498955237532258,2258
kreis_03153,trips_per_mobile_person,3.6474601903745216,3.819105434,-0.17164524362547828,2258
kreis_03153,trips_per_person,3.207721796276013,3.178908834,0.028812962276012932,2258
kreis_03153,trips_per_person_education,0.18982162415897355,0.1590690068,0.030752617358973555,2258
kreis_03153,trips_per_person_escort,0.18504146455953685,0.1978946819,-0.012853217340463158,2258
kreis_03153,trips_per_person_home,1.3227663902362699,1.33103507,-0.008268679763730136,2258
kreis_03153,trips_per_person_leisure,0.4476060084493819,0.48935393,-0.04174792155061807,2258
kreis_03153,trips_per_person_other,0.39144891253324987,0.2580569657,0.1333919468332499,2258
kreis_03153,trips_per_person_shop,0.2728915662650602,0.3500806672,-0.07718910093493975,2258
kreis_03153,trips_per_person_work,0.39814583007354093,0.3912233631,0.0069224669735409305,2258
kreis_03154,dep_hour_share_all_10,0.04799942454126005,0.06207068411,-1.4071259568739953,1761
kreis_03154,dep_hour_share_all_11,0.052695578901216344,0.05855026925,-0.5854690348783658,1761
kreis_03154,dep_hour_share_all_12,0.06088216454694613,0.06244773228,-0.15655677330538714,1761
kreis_03154,dep_hour_share_all_13,0.06756844704923255,0.07161385978,-0.4045412730767445,1761
kreis_03154,dep_hour_share_all_14,0.07147677099139894,0.07427548446,-0.2798713468601055,1761
kreis_03154,dep_hour_share_all_15,0.0853049074984329,0.09545626666,-1.015135916156709,1761
kreis_03154,dep_hour_share_all_16,0.08849048266601814,0.1002803984,-1.178991573398186,1761
kreis_03154,dep_hour_share_all_17,0.07807741975262125,0.0682875799,0.9789839852621246,1761
kreis_03154,dep_hour_share_all_18,0.06416707485416574,0.06295902495,0.1208049904165745,1761
kreis_03154,dep_hour_share_all_19,0.03931616319735837,0.0319258347,0.7390328497358365,1761
kreis_03154,dep_hour_share_all_20,0.028903100283961484,0.02363699647,0.5266103813961482,1761
kreis_03154,dep_hour_share_all_21,0.021346778972463613,0.01439045814,0.6956320832463614,1761
kreis_03154,dep_hour_share_all_22,0.014955076539437763,0.005699764231,0.9255312308437763,1761
kreis_03154,dep_hour_share_all_23,0.006449933376949452,0.002423430965,0.40265024119494525,1761
kreis_03154,dep_hour_share_all_4,0.0038261155507448423,0.003195060167,0.06310553837448421,1761
kreis_03154,dep_hour_share_all_5,0.01668487810893297,0.01307586481,0.360901329893297,1761
kreis_03154,dep_hour_share_all_6,0.04678685076779212,0.03685247029,0.9934380477792117,1761
kreis_03154,dep_hour_share_all_7,0.08436978704601272,0.1043748671,-2.000508005398728,1761
kreis_03154,dep_hour_share_all_8,0.05928252626386839,0.06215595232,-0.28734260561316116,1761
kreis_03154,dep_hour_share_all_9,0.05140764743561199,0.04393311096,0.7474536475611991,1761
kreis_03154,dep_hour_share_education_10,0.012884791632972127,0.003979768808,0.8905022824972127,1761
kreis_03154,dep_hour_share_education_11,0.019785433176990674,0.006089696943,1.3695736233990674,1761
kreis_03154,dep_hour_share_education_12,0.02550002695563103,0.01314888278,1.2351144175631033,1761
kreis_03154,dep_hour_share_education_13,0.02550002695563103,0.002655089981,2.284493697463103,1761
kreis_03154,dep_hour_share_education_14,0.023882689093751686,0.03264672969,-0.8764040596248315,1761
kreis_03154,dep_hour_share_education_15,0.03196937840314842,0.005156528215,2.6812850188148416,1761
kreis_03154,dep_hour_share_education_16,0.01676640250148256,0.01384157015,0.292483235148256,1761
kreis_03154,dep_hour_share_education_17,0.008571890667960536,0.01182236213,-0.32504714620394637,1761
kreis_03154,dep_hour_share_education_18,0.005498948730389778,0.006968813771,-0.14698650406102218,1761
kreis_03154,dep_hour_share_education_19,0.004097255916761011,0.001437982093,0.2659273823761011,1761
kreis_03154,dep_hour_share_education_20,0.0,0.0,0.0,1761
kreis_03154,dep_hour_share_education_21,5.3911262062644886e-05,0.0,0.0053911262062644886,1761
kreis_03154,dep_hour_share_education_22,5.3911262062644886e-05,0.0,0.0053911262062644886,1761
kreis_03154,dep_hour_share_education_23,0.0,0.0,0.0,1761
kreis_03154,dep_hour_share_education_4,0.0013477815515661221,0.0,0.1347781551566122,1761
kreis_03154,dep_hour_share_education_5,0.004312900965011591,0.0,0.4312900965011591,1761
kreis_03154,dep_hour_share_education_6,0.19704566283896707,0.1040818782,9.296378463896707,1761
kreis_03154,dep_hour_share_education_7,0.45997088791848617,0.6825804706,-22.260958268151388,1761
kreis_03154,dep_hour_share_education_8,0.13267561593616906,0.09882488457,3.3850731366169065,1761
kreis_03154,dep_hour_share_education_9,0.02965119413445469,0.01676534205,1.288585208445469,1761
kreis_03154,dep_hour_share_escort_10,0.01823147832024582,0.0008394805377,1.7391997782545818,1761
kreis_03154,dep_hour_share_escort_11,0.029156708774325708,0.03305299812,-0.38962893456742953,1761
kreis_03154,dep_hour_share_escort_12,0.0602253328781154,0.02678571647,3.34396164081154,1761
kreis_03154,dep_hour_share_escort_13,0.07442813246841926,0.08540865615,-1.0980523681580743,1761
kreis_03154,dep_hour_share_escort_14,0.1198361215431888,0.159562714,-3.972659245681119,1761
kreis_03154,dep_hour_share_escort_15,0.10802321611471492,0.1445334976,-3.6510281485285083,1761
kreis_03154,dep_hour_share_escort_16,0.09197678388528507,0.05945111565,3.2525668235285075,1761
kreis_03154,dep_hour_share_escort_17,0.07319904404233527,0.07232574487,0.08732991723352651,1761
kreis_03154,dep_hour_share_escort_18,0.05080232161147149,0.04177022239,0.9032099221471489,1761
kreis_03154,dep_hour_share_escort_19,0.019665414817343803,0.02122784937,-0.15624345526561967,1761
kreis_03154,dep_hour_share_escort_20,0.008740184363263912,0.01315893533,-0.4418750966736088,1761
kreis_03154,dep_hour_share_escort_21,0.010652099692727894,0.0,1.0652099692727894,1761
kreis_03154,dep_hour_share_escort_22,0.0018436326391259815,0.0,0.18436326391259816,1761
kreis_03154,dep_hour_share_escort_23,0.0013656538067599864,0.0,0.13656538067599863,1761
kreis_03154,dep_hour_share_escort_4,0.00047797883236599524,0.0,0.047797883236599524,1761
kreis_03154,dep_hour_share_escort_5,0.0021167634004779787,0.0007529550837,0.13638083167779785,1761
kreis_03154,dep_hour_share_escort_6,0.03707750085353363,0.01834383594,1.8733664913533632,1761
kreis_03154,dep_hour_share_escort_7,0.16490269716626835,0.1984839152,-3.358121803373165,1761
kreis_03154,dep_hour_share_escort_8,0.09429839535677706,0.1134303427,-1.9131947343222946,1761
kreis_03154,dep_hour_share_escort_9,0.030180949129395698,0.01087202053,1.9308928599395696,1761
kreis_03154,dep_hour_share_home_10,0.0361732074846829,0.04492175025,-0.8748542765317107,1761
kreis_03154,dep_hour_share_home_11,0.05306342109620798,0.06234447055,-0.9281049453792024,1761
kreis_03154,dep_hour_share_home_12,0.07340619307832423,0.07492357487,-0.15173817916757648,1761
kreis_03154,dep_hour_share_home_13,0.08322569961914224,0.09078154704,-0.7555847420857755,1761
kreis_03154,dep_hour_share_home_14,0.08106474581884418,0.07089193347,1.0172812348844178,1761
kreis_03154,dep_hour_share_home_15,0.10057956615333664,0.1238723366,-2.329277044666335,1761
kreis_03154,dep_hour_share_home_16,0.10908262957443285,0.1228347913,-1.3752161725567147,1761
kreis_03154,dep_hour_share_home_17,0.10220235138267925,0.0814453777,2.0756973682679245,1761
kreis_03154,dep_hour_share_home_18,0.08987415134956118,0.08995911956,-0.008496821043880998,1761
kreis_03154,dep_hour_share_home_19,0.05656565656565657,0.0485103465,0.8055310065656567,1761
kreis_03154,dep_hour_share_home_20,0.052409339294585196,0.04397725021,0.8432089084585197,1761
kreis_03154,dep_hour_share_home_21,0.039907269415466136,0.02563765668,1.4269612735466137,1761
kreis_03154,dep_hour_share_home_22,0.030211955621791686,0.01282509798,1.7386857641791689,1761
kreis_03154,dep_hour_share_home_23,0.013578407021029972,0.005606254156,0.7972152865029971,1761
kreis_03154,dep_hour_share_home_4,9.107468123861566e-05,0.0006030866858,-0.051201200456138435,1761
kreis_03154,dep_hour_share_home_5,0.0004636529226693161,0.00266922052,-0.2205567597330684,1761
kreis_03154,dep_hour_share_home_6,0.0022023513826792515,0.008493714497,-0.6291363114320748,1761
kreis_03154,dep_hour_share_home_7,0.009935419771485345,0.02114835001,-1.1212930238514656,1761
kreis_03154,dep_hour_share_home_8,0.020003311806590495,0.04138234612,-2.1379034313409506,1761
kreis_03154,dep_hour_share_home_9,0.02952475575426395,0.02587608931,0.36486664442639505,1761
kreis_03154,dep_hour_share_leisure_10,0.0463219591985097,0.07536460558,-2.9042646381490296,1761
kreis_03154,dep_hour_share_leisure_11,0.04093779817347449,0.04516560624,-0.42278080665255136,1761
kreis_03154,dep_hour_share_leisure_12,0.05138806851742469,0.04981854766,0.15695208574246916,1761
kreis_03154,dep_hour_share_leisure_13,0.05886228361124994,0.03621516808,2.2647115531249944,1761
kreis_03154,dep_hour_share_leisure_14,0.0782180017265664,0.09255633098,-1.4338329253433604,1761
kreis_03154,dep_hour_share_leisure_15,0.10270798309782361,0.1058846696,-0.3176686502176382,1761
kreis_03154,dep_hour_share_leisure_16,0.12981053205506837,0.1550299239,-2.521939184493163,1761
kreis_03154,dep_hour_share_leisure_17,0.11906492798400654,0.1215240792,-0.2459151215993452,1761
kreis_03154,dep_hour_share_leisure_18,0.09857331091826071,0.0980332311,0.054007981826070806,1761
kreis_03154,dep_hour_share_leisure_19,0.061997364714435,0.0421005409,1.9896823814435007,1761
kreis_03154,dep_hour_share_leisure_20,0.026761779272115954,0.008369642156,1.8392137116115954,1761
kreis_03154,dep_hour_share_leisure_21,0.01615248307510564,0.005249754289,1.090272878610564,1761
kreis_03154,dep_hour_share_leisure_22,0.01065473215502749,0.0008060443813,0.9848687773727488,1761
kreis_03154,dep_hour_share_leisure_23,0.0026580035440047253,0.0002329302224,0.24250733216047254,1761
kreis_03154,dep_hour_share_leisure_4,0.0007042573492662093,0.001727608706,-0.10233513567337908,1761
kreis_03154,dep_hour_share_leisure_5,0.0034076968512881094,0.003396528557,0.0011168294288109275,1761
kreis_03154,dep_hour_share_leisure_6,0.01806079331182698,0.01623190741,0.18288859018269799,1761
kreis_03154,dep_hour_share_leisure_7,0.025444136489617884,0.02907391021,-0.3629773720382118,1761
kreis_03154,dep_hour_share_leisure_8,0.04509518833204598,0.05683768705,-1.174249871795402,1761
kreis_03154,dep_hour_share_leisure_9,0.060452542141851064,0.05593859604,0.451394610185106,1761
kreis_03154,dep_hour_share_other_10,0.08950340234544665,0.1168359878,-2.7332585454553344,1761
kreis_03154,dep_hour_share_other_11,0.08316200955552339,0.1256523253,-4.249031574447662,1761
kreis_03154,dep_hour_share_other_12,0.06906037353409585,0.04594481099,2.3115562544095845,1761
kreis_03154,dep_hour_share_other_13,0.0796293615173013,0.1219334212,-4.230405968269871,1761
kreis_03154,dep_hour_share_other_14,0.08156942232517736,0.1058910885,-2.4321666174822636,1761
kreis_03154,dep_hour_share_other_15,0.08348052700159259,0.08328690462,0.01936223815925814,1761
kreis_03154,dep_hour_share_other_16,0.08067178224989141,0.05241096696,2.8260815289891412,1761
kreis_03154,dep_hour_share_other_17,0.057188359635152744,0.02649349131,3.0694868325152744,1761
kreis_03154,dep_hour_share_other_18,0.04302881135080353,0.02205314131,2.097567004080353,1761
kreis_03154,dep_hour_share_other_19,0.03214130592152888,0.02202918232,1.0112123601528884,1761
kreis_03154,dep_hour_share_other_20,0.015491530331547706,0.003557888283,1.1933642048547706,1761
kreis_03154,dep_hour_share_other_21,0.010597944114666281,0.0,1.0597944114666282,1761
kreis_03154,dep_hour_share_other_22,0.004980454611263935,0.001193481369,0.3786973242263935,1761
kreis_03154,dep_hour_share_other_23,0.0023454466483277835,0.0,0.23454466483277836,1761
kreis_03154,dep_hour_share_other_4,0.0011872013898943101,0.0,0.11872013898943101,1761
kreis_03154,dep_hour_share_other_5,0.002808744751701173,0.009020004278,-0.6211259526298827,1761
kreis_03154,dep_hour_share_other_6,0.01607065296076444,0.01720896226,-0.1138309299235557,1761
kreis_03154,dep_hour_share_other_7,0.06503547126103952,0.04298486993,2.205060133103952,1761
kreis_03154,dep_hour_share_other_8,0.08261184305776748,0.07866410799,0.394773506776748,1761
kreis_03154,dep_hour_share_other_9,0.0934703923555813,0.1248393656,-3.13689732444187,1761
kreis_03154,dep_hour_share_shop_10,0.1231902356902357,0.1601016876,-3.691145190976429,1761
kreis_03154,dep_hour_share_shop_11,0.10054713804713805,0.08107734514,1.9469792907138044,1761
kreis_03154,dep_hour_share_shop_12,0.07394781144781144,0.07510487905,-0.11570676021885606,1761
kreis_03154,dep_hour_share_shop_13,0.05997474747474747,0.06445719671,-0.4482449235252525,1761
kreis_03154,dep_hour_share_shop_14,0.07781986531986532,0.09063636929,-1.2816503970134687,1761
kreis_03154,dep_hour_share_shop_15,0.09301346801346802,0.09567766789,-0.2664199876531978,1761
kreis_03154,dep_hour_share_shop_16,0.08766835016835017,0.122642756,-3.497440583164983,1761
kreis_03154,dep_hour_share_shop_17,0.0667087542087542,0.06407174735,0.2637006858754204,1761
kreis_03154,dep_hour_share_shop_18,0.04318181818181818,0.03957267966,0.3609138521818184,1761
kreis_03154,dep_hour_share_shop_19,0.012542087542087542,0.01306296914,-0.05208815979124582,1761
kreis_03154,dep_hour_share_shop_20,0.0059764309764309765,0.0008375024452,0.5138928531230977,1761
kreis_03154,dep_hour_share_shop_21,0.001893939393939394,0.008402424389,-0.6508484995060605,1761
kreis_03154,dep_hour_share_shop_22,0.0012205387205387204,0.0,0.12205387205387204,1761
kreis_03154,dep_hour_share_shop_23,0.00042087542087542086,0.0,0.04208754208754208,1761
kreis_03154,dep_hour_share_shop_4,8.417508417508418e-05,0.0,0.008417508417508417,1761
kreis_03154,dep_hour_share_shop_5,0.0008417508417508417,0.0,0.08417508417508417,1761
kreis_03154,dep_hour_share_shop_6,0.010732323232323232,0.01202395152,-0.12916282876767674,1761
kreis_03154,dep_hour_share_shop_7,0.03876262626262626,0.03905452015,-0.02918938873737384,1761
kreis_03154,dep_hour_share_shop_8,0.07798821548821548,0.05067274122,2.7315474268215483,1761
kreis_03154,dep_hour_share_shop_9,0.12163299663299663,0.0826035624,3.902943423299664,1761
kreis_03154,dep_hour_share_work_10,0.030319178773770123,0.02821033718,0.21088415937701235,1761
kreis_03154,dep_hour_share_work_11,0.031356930498681775,0.03649074971,-0.5133819211318225,1761
kreis_03154,dep_hour_share_work_12,0.03222639816009424,0.0691151671,-3.688876893990576,1761
kreis_03154,dep_hour_share_work_13,0.037723677567734336,0.0547943844,-1.7070706832265663,1761
kreis_03154,dep_hour_share_work_14,0.02156840747181242,0.01071592853,1.085247894181242,1761
kreis_03154,dep_hour_share_work_15,0.027121781567285577,0.00778838231,1.9333399257285575,1761
kreis_03154,dep_hour_share_work_16,0.011723789757110002,0.007751212765,0.3972576992110001,1761
kreis_03154,dep_hour_share_work_17,0.011723789757110002,0.001631617885,1.009217187211,1761
kreis_03154,dep_hour_share_work_18,0.0050765692488921295,0.0004865293025,0.45900399463921293,1761
kreis_03154,dep_hour_share_work_19,0.00406686486789701,0.0,0.40668648678970104,1761
kreis_03154,dep_hour_share_work_20,0.003505917989566388,0.0211683322,-1.7662414210433612,1761
kreis_03154,dep_hour_share_work_21,0.003730296740898637,0.01350213162,-0.9771834879101363,1761
kreis_03154,dep_hour_share_work_22,0.000532899534414091,0.0002381207411,0.029477879331409093,1761
kreis_03154,dep_hour_share_work_23,0.00042071015874796657,0.0,0.042071015874796655,1761
kreis_03154,dep_hour_share_work_4,0.028047343916531103,0.02197396525,0.6073378666531102,1761
kreis_03154,dep_hour_share_work_5,0.12444606495764851,0.08869688724,3.5749177717648517,1761
kreis_03154,dep_hour_share_work_6,0.21287934032647107,0.1780825382,3.479680212647107,1761
kreis_03154,dep_hour_share_work_7,0.22990407808380547,0.3047986337,-7.489455561619451,1761
kreis_03154,dep_hour_share_work_8,0.12223032478824256,0.1070376473,1.5192677488242559,1761
kreis_03154,dep_hour_share_work_9,0.046867111684523476,0.0328678353,1.3999276384523474,1761
kreis_03154,mean_work_activity_h,5.553332210116439,6.355170737,-0.8018385268835608,1761
kreis_03154,mobility_rate,0.8852052074139453,0.8422844969,4.29207105139453,1761
kreis_03154,n_persons_unweighted,90640.0,1761.0,88879.0,1761
kreis_03154,n_persons_weighted,90640.0,55924.0,34716.0,1761
kreis_03154,n_work_activities_measured,35612.0,607.0,35005.0,1761
kreis_03154,nonhome_acts_per_mobile,2.1332460896117653,2.168146457,-0.034900367388234876,1761
kreis_03154,participation_education,0.16198146513680495,0.1566083895,0.5373075636804947,1761
kreis_03154,participation_escort,0.10440203000882613,0.1066033005,-0.22012704911738706,1761
kreis_03154,participation_home,0.8852052074139453,0.8384272405,4.677796691394532,1761
kreis_03154,participation_leisure,0.37883936451897615,0.3832723827,-0.44330181810238733,1761
kreis_03154,participation_other,0.27525375110326566,0.1766926064,9.856114470326565,1761
kreis_03154,participation_shop,0.22215357458075904,0.2917111385,-6.955756391924098,1761
kreis_03154,participation_work,0.30840688437775815,0.3214259891,-1.3019104722241825,1761
kreis_03154,purpose_share_education,0.06353681051993382,0.05299640443,1.054040608993382,1761
kreis_03154,purpose_share_escort,0.05016424551536098,0.04975880244,0.04054430753609797,1761
kreis_03154,purpose_share_home,0.4137137298289723,0.4269593928,-1.3245662971027694,1761
kreis_03154,purpose_share_leisure,0.1507770405664158,0.1623001646,-1.1523124033584187,1761
kreis_03154,purpose_share_other,0.11829444990597415,0.06896078783,4.933366207597416,1761
kreis_03154,purpose_share_shop,0.08138630750733881,0.1179408427,-3.655453519266119,1761
kreis_03154,purpose_share_work,0.12212741615600413,0.1210836052,0.10438109560041292,1761
kreis_03154,share_mobile_first_from_home,1.0,0.971415874,2.8584126000000043,1761
kreis_03154,share_mobile_last_to_home,1.0,0.9801030915,1.9896908500000032,1761
kreis_03154,share_mobile_odd_trip_count,0.29856047859412976,0.2300324463,6.852803229412976,1761
kreis_03154,share_trips_0,0.11479479258605473,0.1577155031,-4.292071051394526,1761
kreis_03154,share_trips_1,0.0008053839364518976,0.006616003335,-0.5810619398548102,1761
kreis_03154,share_trips_2,0.3328552515445719,0.3086377183,2.4217533244571934,1761
kreis_03154,share_trips_3,0.13635260370697264,0.08493575231,5.141685139697263,1761
kreis_03154,share_trips_4,0.1938989408649603,0.2289717101,-3.507276923503971,1761
kreis_03154,share_trips_5,0.09438437775816416,0.05452956044,3.9854817318164164,1761
kreis_03154,share_trips_6,0.06283097969991173,0.07674607943,-1.3915099730088267,1761
kreis_03154,share_trips_7,0.024558693733451015,0.03869570917,-1.4137015436548988,1761
kreis_03154,share_trips_8plus,0.03951897616946161,0.04315196375,-0.36329875805383927,1761
kreis_03154,share_trips_followed_by_same_purpose,0.11044012317557314,0.04074375061,6.969637256557315,1761
kreis_03154,share_trips_home_based,0.8030389702028835,0.8514306391,-4.839166889711654,1761
kreis_03154,share_trips_unknown_purpose,0.0,0.0002245328896,-0.02245328896,1761
kreis_03154,share_work_activities_lt_2h,0.2157138043356172,0.1041750996,11.153870473561721,1761
kreis_03154,tours_per_mobile,1.5053280987100393,1.614803253,-0.1094751542899608,1761
kreis_03154,trips_per_mobile_person,3.6385741883218046,3.78294971,-0.14437552167819545,1761
kreis_03154,trips_per_person,3.220884819064431,3.186319893,0.034564926064430956,1761
kreis_03154,trips_per_person_education,0.20464474845542807,0.1688255823,0.03581916615542807,1761
kreis_03154,trips_per_person_escort,0.16157325684024712,0.158511863,0.0030613938402471175,1761
kreis_03154,trips_per_person_home,1.3325242718446602,1.360123746,-0.02759947415533981,1761
kreis_03154,trips_per_person_leisure,0.48563548102383053,0.5170241282,-0.03138864717616946,1761
kreis_03154,trips_per_person_other,0.3810127978817299,0.2196817933,0.16133100458172991,1761
kreis_03154,trips_per_person_shop,0.2621359223300971,0.3757128743,-0.11357695196990292,1761
kreis_03154,trips_per_person_work,0.3933583406884378,0.3857244727,0.0076338679884377925,1761
kreis_03157,dep_hour_share_all_10,0.04489585481542586,0.05040664724,-0.551079242457414,2446
kreis_03157,dep_hour_share_all_11,0.047948030521757064,0.04791158955,0.00364409717570624,2446
kreis_03157,dep_hour_share_all_12,0.06101372562498568,0.06730605092,-0.629232529501432,2446
kreis_03157,dep_hour_share_all_13,0.06863958204440779,0.07105049827,-0.24109162255922106,2446
kreis_03157,dep_hour_share_all_14,0.07471643637863477,0.07151439576,0.32020406186347716,2446
kreis_03157,dep_hour_share_all_15,0.08826103893128022,0.09135650668,-0.3095467748719785,2446
kreis_03157,dep_hour_share_all_16,0.08962901858344217,0.09790233586,-0.8273317276557821,2446
kreis_03157,dep_hour_share_all_17,0.07661144336747554,0.09156566576,-1.495422239252446,2446
kreis_03157,dep_hour_share_all_18,0.06079833184390825,0.06794690332,-0.7148571476091748,2446
kreis_03157,dep_hour_share_all_19,0.03891065740931693,0.03182552229,0.7085135119316931,2446
kreis_03157,dep_hour_share_all_20,0.028260122361999037,0.02120330303,0.7056819331999038,2446
kreis_03157,dep_hour_share_all_21,0.019174629362296924,0.0145336647,0.4640964662296923,2446
kreis_03157,dep_hour_share_all_22,0.014788845351848033,0.01135253815,0.3436307201848033,2446
kreis_03157,dep_hour_share_all_23,0.006617630210123507,0.0009784164261,0.5639213784023507,2446
kreis_03157,dep_hour_share_all_4,0.0034875461148919594,0.002440058689,0.10474874258919595,2446
kreis_03157,dep_hour_share_all_5,0.016298893242592975,0.01403795215,0.22609410925929757,2446
kreis_03157,dep_hour_share_all_6,0.04916935908893014,0.03448410281,1.4685256278930137,2446
kreis_03157,dep_hour_share_all_7,0.0944135102312046,0.113090005,-1.867649476879539,2446
kreis_03157,dep_hour_share_all_8,0.05808528677161385,0.05639258685,0.16926999216138466,2446
kreis_03157,dep_hour_share_all_9,0.047599734194908455,0.04168325467,0.5916479524908452,2446
kreis_03157,dep_hour_share_education_10,0.011865720589112158,0.009375466,0.24902545891121575,2446
kreis_03157,dep_hour_share_education_11,0.017947647725239997,0.01515107299,0.2796574735239997,2446
kreis_03157,dep_hour_share_education_12,0.02531154969888498,0.01130645617,1.400509352888498,2446
kreis_03157,dep_hour_share_education_13,0.030081688629181324,0.01753060144,1.2551087189181322,2446
kreis_03157,dep_hour_share_education_14,0.02322461391688033,0.01131181449,1.191279942688033,2446
kreis_03157,dep_hour_share_education_15,0.03416612008824757,0.008302381617,2.586373847124757,2446
kreis_03157,dep_hour_share_education_16,0.017053246675809434,0.01153476899,0.5518477685809434,2446
kreis_03157,dep_hour_share_education_17,0.007363901973644982,0.01531026961,-0.7946367636355016,2446
kreis_03157,dep_hour_share_education_18,0.006409874187585714,0.006235166339,0.01747078485857135,2446
kreis_03157,dep_hour_share_education_19,0.00649931429252877,0.0,0.6499314292528771,2446
kreis_03157,dep_hour_share_education_20,0.00029813368314352153,0.001051387468,-0.07532537848564785,2446
kreis_03157,dep_hour_share_education_21,8.944010494305647e-05,0.003428040294,-0.33386001890569433,2446
kreis_03157,dep_hour_share_education_22,5.962673662870431e-05,0.0,0.005962673662870431,2446
kreis_03157,dep_hour_share_education_23,8.944010494305647e-05,0.0,0.008944010494305647,2446
kreis_03157,dep_hour_share_education_4,0.0006857074712300996,0.0,0.06857074712300995,2446
kreis_03157,dep_hour_share_education_5,0.004591258720410232,0.0,0.45912587204102323,2446
kreis_03157,dep_hour_share_education_6,0.19805020571224136,0.08624550358,11.180470213224137,2446
kreis_03157,dep_hour_share_education_7,0.4782660544988373,0.6836874772,-20.54214227011627,2446
kreis_03157,dep_hour_share_education_8,0.11227714507185022,0.1016171904,1.0659954671850214,2446
kreis_03157,dep_hour_share_education_9,0.025520243277085446,0.01791240341,0.7607839867085446,2446
kreis_03157,dep_hour_share_escort_10,0.014953683281870312,0.01643404262,-0.14803593381296862,2446
kreis_03157,dep_hour_share_escort_11,0.028539920599911776,0.0275608171,0.09791034999117772,2446
kreis_03157,dep_hour_share_escort_12,0.05509483899426555,0.05907865898,-0.3983819985734445,2446
kreis_03157,dep_hour_share_escort_13,0.07931186590207323,0.1144842184,-3.5172352497926775,2446
kreis_03157,dep_hour_share_escort_14,0.13630348478164975,0.1086685359,2.7634948881649746,2446
kreis_03157,dep_hour_share_escort_15,0.11168945743273048,0.1051370628,0.6552394632730483,2446
kreis_03157,dep_hour_share_escort_16,0.08734009704455227,0.05356769621,3.3772400834552267,2446
kreis_03157,dep_hour_share_escort_17,0.0654609616232907,0.06544904216,0.0011919463290696597,2446
kreis_03157,dep_hour_share_escort_18,0.04437582708425231,0.02445403048,1.9921796604252313,2446
kreis_03157,dep_hour_share_escort_19,0.01274812527569475,0.01603934988,-0.32912246043052507,2446
kreis_03157,dep_hour_share_escort_20,0.00670489633877371,0.004554857828,0.21500385107737097,2446
kreis_03157,dep_hour_share_escort_21,0.0070136744596382885,0.005955909995,0.10577644646382889,2446
kreis_03157,dep_hour_share_escort_22,0.0020732245258050287,0.01087793846,-0.8804713934194972,2446
kreis_03157,dep_hour_share_escort_23,0.0018526687251874724,0.0,0.18526687251874724,2446
kreis_03157,dep_hour_share_escort_4,0.00035288928098809,0.001677280153,-0.13243908720119102,2446
kreis_03157,dep_hour_share_escort_5,0.00141155712395236,0.0,0.141155712395236,2446
kreis_03157,dep_hour_share_escort_6,0.0423467137185708,0.02231280512,2.00339085985708,2446
kreis_03157,dep_hour_share_escort_7,0.17670930745478605,0.2606590118,-8.394970434521396,2446
kreis_03157,dep_hour_share_escort_8,0.09228054697838553,0.09204885515,0.023169182838553293,2446
kreis_03157,dep_hour_share_escort_9,0.0286281429201588,0.01103988698,1.75882559401588,2446
kreis_03157,dep_hour_share_home_10,0.03455929854397076,0.03864134031,-0.4082041766029242,2446
kreis_03157,dep_hour_share_home_11,0.04883247105334357,0.04567262629,0.3159844763343571,2446
kreis_03157,dep_hour_share_home_12,0.07735672992507274,0.08891004988,-1.1553319954927255,2446
kreis_03157,dep_hour_share_home_13,0.08488258452092386,0.09304391983,-0.8161335309076145,2446
kreis_03157,dep_hour_share_home_14,0.08573842271781082,0.07927661311,0.6461809607810814,2446
kreis_03157,dep_hour_share_home_15,0.10519631823929236,0.113888281,-0.8691962760707633,2446
kreis_03157,dep_hour_share_home_16,0.11075098421392642,0.1149899722,-0.42389879860735835,2446
kreis_03157,dep_hour_share_home_17,0.09821709578209807,0.120698359,-2.2481263217901932,2446
kreis_03157,dep_hour_share_home_18,0.0854899535638759,0.09434014163,-0.8850188066124101,2446
kreis_03157,dep_hour_share_home_19,0.05750680529404944,0.04379358737,1.3713217924049441,2446
kreis_03157,dep_hour_share_home_20,0.051642933261185256,0.03840670697,1.3236226291185254,2446
kreis_03157,dep_hour_share_home_21,0.0363482764523022,0.0246708772,1.16773992523022,2446
kreis_03157,dep_hour_share_home_22,0.029860470766223654,0.02339576701,0.6464703756223655,2446
kreis_03157,dep_hour_share_home_23,0.01370445422369954,0.002119216066,1.1585238157699538,2446
kreis_03157,dep_hour_share_home_4,4.4172294032875227e-05,0.0003567160325,-0.03125437384671248,2446
kreis_03157,dep_hour_share_home_5,0.0007730151455753165,0.003148970236,-0.23759550904246832,2446
kreis_03157,dep_hour_share_home_6,0.002363217730758825,0.004829271289,-0.24660535582411747,2446
kreis_03157,dep_hour_share_home_7,0.011004422750940041,0.01461149749,-0.3607074739059959,2446
kreis_03157,dep_hour_share_home_8,0.020153609152499325,0.02807630003,-0.7922690877500675,2446
kreis_03157,dep_hour_share_home_9,0.02813775129894152,0.02642496843,0.1712782868941519,2446
kreis_03157,dep_hour_share_leisure_10,0.04034337463052638,0.04986634595,-0.9522971319473619,2446
kreis_03157,dep_hour_share_leisure_11,0.03669580529526445,0.04112018317,-0.4424377874735548,2446
kreis_03157,dep_hour_share_leisure_12,0.04974529903779636,0.04638918938,0.33561096577963623,2446
kreis_03157,dep_hour_share_leisure_13,0.061898622728130306,0.06298794176,-0.10893190318696927,2446
kreis_03157,dep_hour_share_leisure_14,0.08941261555876989,0.07585839861,1.355421694876989,2446
kreis_03157,dep_hour_share_leisure_15,0.10876674422992265,0.1178422143,-0.9075470070077349,2446
kreis_03157,dep_hour_share_leisure_16,0.13403245078925854,0.1507206765,-1.6688225710741467,2446
kreis_03157,dep_hour_share_leisure_17,0.12766492673416766,0.1236744464,0.39904803341676565,2446
kreis_03157,dep_hour_share_leisure_18,0.09633041947047355,0.1100027136,-1.3672294129526446,2446
kreis_03157,dep_hour_share_leisure_19,0.06067228476196466,0.06592465554,-0.5252370778035343,2446
kreis_03157,dep_hour_share_leisure_20,0.023127476259354757,0.01873725732,0.43902189393547586,2446
kreis_03157,dep_hour_share_leisure_21,0.013426828501352116,0.01198286858,0.1443959921352116,2446
kreis_03157,dep_hour_share_leisure_22,0.010360983585937992,0.004309228184,0.6051755401937992,2446
kreis_03157,dep_hour_share_leisure_23,0.002122508018363625,0.0004180202683,0.17044877500636246,2446
kreis_03157,dep_hour_share_leisure_4,0.000330167913967675,0.0,0.0330167913967675,2446
kreis_03157,dep_hour_share_leisure_5,0.004292182881579775,0.00504694818,-0.07547652984202252,2446
kreis_03157,dep_hour_share_leisure_6,0.017624677693226842,0.0113036418,0.6321035893226843,2446
kreis_03157,dep_hour_share_leisure_7,0.025674485881391106,0.02065448715,0.5019998731391105,2446
kreis_03157,dep_hour_share_leisure_8,0.04384944343123074,0.03447851003,0.9370933401230741,2446
kreis_03157,dep_hour_share_leisure_9,0.050893025595874476,0.04677948641,0.4113539185874475,2446
kreis_03157,dep_hour_share_other_10,0.09178068308503091,0.1521518314,-6.037114831496908,2446
kreis_03157,dep_hour_share_other_11,0.07846356542008716,0.1007628704,-2.2299304979912837,2446
kreis_03157,dep_hour_share_other_12,0.06344380257423736,0.06561377344,-0.21699708657626354,2446
kreis_03157,dep_hour_share_other_13,0.07712577277794669,0.04204706984,3.507870293794669,2446
kreis_03157,dep_hour_share_other_14,0.07643660687138948,0.1123311418,-3.5894534928610526,2446
kreis_03157,dep_hour_share_other_15,0.08211209080774298,0.07287010809,0.9241982717742986,2446
kreis_03157,dep_hour_share_other_16,0.0831458396675788,0.1080794917,-2.4933652032421207,2446
kreis_03157,dep_hour_share_other_17,0.05823451910408432,0.0736993369,-1.5464817795915673,2446
kreis_03157,dep_hour_share_other_18,0.041451302320867536,0.01983697873,2.1614323590867537,2446
kreis_03157,dep_hour_share_other_19,0.03348535522448566,0.006493111688,2.699224353648566,2446
kreis_03157,dep_hour_share_other_20,0.01731022600587818,0.003512883071,1.379734293487818,2446
kreis_03157,dep_hour_share_other_21,0.010276679841897233,0.001318428024,0.8958251817897233,2446
kreis_03157,dep_hour_share_other_22,0.005148474713692105,0.0,0.5148474713692105,2446
kreis_03157,dep_hour_share_other_23,0.0030607074085334954,0.0,0.30607074085334957,2446
kreis_03157,dep_hour_share_other_4,0.001054018445322793,0.0,0.10540184453227931,2446
kreis_03157,dep_hour_share_other_5,0.00271612445525489,0.0,0.271612445525489,2446
kreis_03157,dep_hour_share_other_6,0.018039931083409344,0.006424926355,1.1615004728409346,2446
kreis_03157,dep_hour_share_other_7,0.07061923583662714,0.04588633064,2.4732905196627146,2446
kreis_03157,dep_hour_share_other_8,0.0897739941218202,0.101739951,-1.1965956878179793,2446
kreis_03157,dep_hour_share_other_9,0.08843620147967975,0.08723176686,0.12044346196797423,2446
kreis_03157,dep_hour_share_shop_10,0.1212474933405166,0.09878747672,2.2460016620516594,2446
kreis_03157,dep_hour_share_shop_11,0.09718356229984138,0.08513403848,1.2049523819841381,2446
kreis_03157,dep_hour_share_shop_12,0.07276046810930532,0.1066141196,-3.3853651490694676,2446
kreis_03157,dep_hour_share_shop_13,0.05998024602675765,0.05232446615,0.7655779876757653,2446
kreis_03157,dep_hour_share_shop_14,0.07790847325731047,0.08709761272,-0.9189139462689524,2446
kreis_03157,dep_hour_share_shop_15,0.10598305947143156,0.1078695233,-0.1886463828568441,2446
kreis_03157,dep_hour_share_shop_16,0.09260423213911587,0.1170282527,-2.4424020560884134,2446
kreis_03157,dep_hour_share_shop_17,0.06988716291041873,0.08633566781,-1.6448504899581273,2446
kreis_03157,dep_hour_share_shop_18,0.04232139115860046,0.04407355299,-0.17521618313995416,2446
kreis_03157,dep_hour_share_shop_19,0.011373499745592769,0.007665948329,0.37075514165927687,2446
kreis_03157,dep_hour_share_shop_20,0.0052677261979587565,0.006720398303,-0.14526721050412433,2446
kreis_03157,dep_hour_share_shop_21,0.0017658854868157193,0.0,0.17658854868157192,2446
kreis_03157,dep_hour_share_shop_22,0.0014067223369548952,0.0,0.1406722336954895,2446
kreis_03157,dep_hour_share_shop_23,0.0006883960372332465,0.0,0.06883960372332465,2446
kreis_03157,dep_hour_share_shop_4,0.00011972104995360809,0.0,0.011972104995360808,2446
kreis_03157,dep_hour_share_shop_5,0.0008380473496752566,0.0,0.08380473496752566,2446
kreis_03157,dep_hour_share_shop_6,0.009637544521265452,0.004202694124,0.5434850397265452,2446
kreis_03157,dep_hour_share_shop_7,0.03810122414773578,0.02758049166,1.0520732487735778,2446
kreis_03157,dep_hour_share_shop_8,0.06910897608572027,0.05805903282,1.1049943265720266,2446
kreis_03157,dep_hour_share_shop_9,0.11879321181646763,0.1105067242,0.8286487616467622,2446
kreis_03157,dep_hour_share_work_10,0.027531807580727735,0.03349005889,-0.5958251309272266,2446
kreis_03157,dep_hour_share_work_11,0.026166593981683386,0.03219821615,-0.6031622168316615,2446
kreis_03157,dep_hour_share_work_12,0.0340165721761884,0.02400403544,1.0012536736188398,2446
kreis_03157,dep_hour_share_work_13,0.038472477673069265,0.04438396933,-0.5911491656930736,2446
kreis_03157,dep_hour_share_work_14,0.021786533684749428,0.01752233201,0.4264201674749429,2446
kreis_03157,dep_hour_share_work_15,0.02423254138303722,0.01002949914,1.420304224303722,2446
kreis_03157,dep_hour_share_work_16,0.014865659189594038,0.01039100778,0.4474651409594039,2446
kreis_03157,dep_hour_share_work_17,0.011130283092208803,0.0112437194,-0.011343630779119679,2446
kreis_03157,dep_hour_share_work_18,0.004607595896774683,0.01378795032,-0.9180354423225318,2446
kreis_03157,dep_hour_share_work_19,0.003185498397770151,0.0,0.3185498397770151,2446
kreis_03157,dep_hour_share_work_20,0.006010732095792487,0.002694522053,0.3316210042792487,2446
kreis_03157,dep_hour_share_work_21,0.0038491438973055994,0.01089474319,-0.7045599292694401,2446
kreis_03157,dep_hour_share_work_22,0.0007015680995089024,0.0,0.07015680995089024,2446
kreis_03157,dep_hour_share_work_23,0.0009859875993098086,0.0,0.09859875993098086,2446
kreis_03157,dep_hour_share_work_4,0.026659587781338288,0.01818388768,0.8475700101338288,2446
kreis_03157,dep_hour_share_work_5,0.12044217751569047,0.09817122256,2.2270954955690483,2446
kreis_03157,dep_hour_share_work_6,0.21035666205275033,0.1898237086,2.053295345275033,2446
kreis_03157,dep_hour_share_work_7,0.24217372343047838,0.3243751272,-8.220140376952163,2446
kreis_03157,dep_hour_share_work_8,0.11972164811619485,0.119425894,0.02957541161948407,2446
kreis_03157,dep_hour_share_work_9,0.04935626386545062,0.03607658411,1.3279679755450622,2446
kreis_03157,mean_work_activity_h,5.647290182895561,6.415477383,-0.768187200104439,2446
kreis_03157,mobility_rate,0.877449973593099,0.8212402024,5.6209771193099005,2446
kreis_03157,n_persons_unweighted,136328.0,2446.0,133882.0,2446
kreis_03157,n_persons_weighted,136328.0,104172.0,32156.0,2446
kreis_03157,n_work_activities_measured,52653.0,871.0,51782.0,2446
kreis_03157,nonhome_acts_per_mobile,2.1342490031014623,2.155588382,-0.021339378898537653,2446
kreis_03157,participation_education,0.19500029341001116,0.1901311055,0.4869187910011147,2446
kreis_03157,participation_escort,0.10474003873012147,0.1063565594,-0.1616520669878524,2446
kreis_03157,participation_home,0.877449973593099,0.8137540321,6.369594149309899,2446
kreis_03157,participation_leisure,0.3678334604776715,0.3722657309,-0.4432270422328466,2446
kreis_03157,participation_other,0.25951381961152514,0.1664957087,9.301811091152516,2446
kreis_03157,participation_shop,0.2062599025878763,0.2322507851,-2.5990882512123696,2446
kreis_03157,participation_work,0.30312188251863154,0.3164269236,-1.3305041081368485,2446
kreis_03157,purpose_share_education,0.07685891707339429,0.06415113977,1.2707777303394285,2446
kreis_03157,purpose_share_escort,0.05194656401090717,0.05521754869,-0.3270984679092828,2446
kreis_03157,purpose_share_home,0.4149973648633166,0.430629673,-1.563230813668337,2446
kreis_03157,purpose_share_leisure,0.14574368140051785,0.1663083762,-2.0564694799482144,2446
kreis_03157,purpose_share_other,0.113047363717605,0.07017784179,4.2869521927605,2446
kreis_03157,purpose_share_shop,0.07655874063380766,0.09305182129,-1.6493080656192345,2446
kreis_03157,purpose_share_work,0.12084736830045141,0.1204635993,0.03837690004514088,2446
kreis_03157,share_mobile_first_from_home,1.0,0.9810117436,1.8988256400000014,2446
kreis_03157,share_mobile_last_to_home,1.0,0.9814461412,1.8553858800000045,2446
kreis_03157,share_mobile_odd_trip_count,0.2921059011377601,0.2207371556,7.136874553776007,2446
kreis_03157,share_trips_0,0.122550026406901,0.1787597976,-5.620977119309899,2446
kreis_03157,share_trips_1,0.0009462472859573969,0.008836270712,-0.7890023426042604,2446
kreis_03157,share_trips_2,0.34626782465817735,0.3141973457,3.207047895817733,2446
kreis_03157,share_trips_3,0.12186784813097823,0.06668096858,5.518687955097823,2446
kreis_03157,share_trips_4,0.1773370107388064,0.2130226015,-3.5685590761193597,2446
kreis_03157,share_trips_5,0.09573235138782936,0.06327543051,3.2456920877829365,2446
kreis_03157,share_trips_6,0.06690481779238308,0.08170331607,-1.4798498277616923,2446
kreis_03157,share_trips_7,0.029436359368581657,0.02678843864,0.26479207285816586,2446
kreis_03157,share_trips_8plus,0.03895751423038554,0.04673583062,-0.7778316389614459,2446
kreis_03157,share_trips_followed_by_same_purpose,0.10628995669210146,0.04319098711,6.309896958210145,2446
kreis_03157,share_trips_home_based,0.8070392520794666,0.8605857712,-5.354651912053344,2446
kreis_03157,share_trips_unknown_purpose,0.0,0.0006487918246,-0.06487918245999999,2446
kreis_03157,share_work_activities_lt_2h,0.2019068239226635,0.1186540761,8.325274782266348,2446
kreis_03157,tours_per_mobile,1.5140234574196838,1.628471052,-0.11444759458031628,2446
kreis_03157,trips_per_mobile_person,3.648272460521146,3.784059434,-0.13578697347885393,2446
kreis_03157,trips_per_person,3.20117657414471,3.107621736,0.09355483814470977,2446
kreis_03157,trips_per_person_education,0.24603896484948065,0.1992281348,0.04681083004948064,2446
kreis_03157,trips_per_person_escort,0.1662901238190247,0.1714839249,-0.005193801080975308,2446
kreis_03157,trips_per_person_home,1.328479842732234,1.337365896,-0.008886053267766147,2446
kreis_03157,trips_per_person_leisure,0.4665512587289478,0.5164882138,-0.04993695507105217,2446
kreis_03157,trips_per_person_other,0.36188457250161377,0.217944694,0.14393987850161377,2446
kreis_03157,trips_per_person_shop,0.2450780470629658,0.2889822513,-0.0439042042370342,2446
kreis_03157,trips_per_person_work,0.38685376445044306,0.3741124209,0.01274134355044304,2446
kreis_03158,dep_hour_share_all_10,0.04404117093344444,0.05515405448,-1.111288354655556,1871
kreis_03158,dep_hour_share_all_11,0.0502188684680236,0.05128257631,-0.10637078419764023,1871
kreis_03158,dep_hour_share_all_12,0.05981204573862321,0.05721300189,0.2599043848623216,1871
kreis_03158,dep_hour_share_all_13,0.06694391720547917,0.07577047958,-0.8826562374520828,1871
kreis_03158,dep_hour_share_all_14,0.07441013533324074,0.06910079288,0.5309342453240745,1871
kreis_03158,dep_hour_share_all_15,0.08822894001820904,0.0945681824,-0.6339242381790968,1871
kreis_03158,dep_hour_share_all_16,0.09063623597672947,0.09813400199,-0.7497766013270526,1871
kreis_03158,dep_hour_share_all_17,0.07956164580857882,0.07468157096,0.48800748485788165,1871
kreis_03158,dep_hour_share_all_18,0.06364931664686306,0.06272519837,0.09241182768630618,1871
kreis_03158,dep_hour_share_all_19,0.0409471783713717,0.0362048663,0.4742312071371699,1871
kreis_03158,dep_hour_share_all_20,0.027280115632506725,0.02188639743,0.5393718202506725,1871
kreis_03158,dep_hour_share_all_21,0.020688342617882917,0.01357014316,0.7118199457882918,1871
kreis_03158,dep_hour_share_all_22,0.015120184765108612,0.006890193345,0.8229991420108612,1871
kreis_03158,dep_hour_share_all_23,0.007371057924273053,0.004613050967,0.27580069572730537,1871
kreis_03158,dep_hour_share_all_4,0.003544074605599535,0.003629293392,-0.008521878640046533,1871
kreis_03158,dep_hour_share_all_5,0.014976158511180037,0.01126620152,0.3709956991180038,1871
kreis_03158,dep_hour_share_all_6,0.04560745644491768,0.0406541143,0.49533421449176745,1871
kreis_03158,dep_hour_share_all_7,0.0880926294564552,0.1039640148,-1.5871385343544806,1871
kreis_03158,dep_hour_share_all_8,0.05938253887422908,0.06412901048,-0.47464716057709216,1871
kreis_03158,dep_hour_share_all_9,0.048418540293916436,0.05243075416,-0.40122138660835666,1871
kreis_03158,dep_hour_share_education_10,0.011447589788603614,0.002660874358,0.8786715430603614,1871
kreis_03158,dep_hour_share_education_11,0.032148343208251044,0.00987711508,2.2271228128251046,1871
kreis_03158,dep_hour_share_education_12,0.021285933728330042,0.00972202424,1.1563909488330042,1871
kreis_03158,dep_hour_share_education_13,0.028308097432521395,0.03807245213,-0.9764354697478602,1871
kreis_03158,dep_hour_share_education_14,0.023992392655987127,0.009916532512,1.4075860143987127,1871
kreis_03158,dep_hour_share_education_15,0.04304732645746471,0.02757460069,1.547272576746471,1871
kreis_03158,dep_hour_share_education_16,0.019237802647940897,0.01405167733,0.5186125317940897,1871
kreis_03158,dep_hour_share_education_17,0.010240655401945725,0.004867861149,0.5372794252945724,1871
kreis_03158,dep_hour_share_education_18,0.003145344159169044,0.0,0.3145344159169044,1871
kreis_03158,dep_hour_share_education_19,0.004937458854509546,0.0,0.4937458854509546,1871
kreis_03158,dep_hour_share_education_20,0.000365737692926633,0.0,0.0365737692926633,1871
kreis_03158,dep_hour_share_education_21,0.0,0.0,0.0,1871
kreis_03158,dep_hour_share_education_22,7.31475385853266e-05,0.0,0.00731475385853266,1871
kreis_03158,dep_hour_share_education_23,3.65737692926633e-05,0.0,0.00365737692926633,1871
kreis_03158,dep_hour_share_education_4,0.0005486065393899496,0.0,0.05486065393899496,1871
kreis_03158,dep_hour_share_education_5,0.0035842293906810036,0.0,0.35842293906810035,1871
kreis_03158,dep_hour_share_education_6,0.17511520737327188,0.08214585943,9.29693479432719,1871
kreis_03158,dep_hour_share_education_7,0.4665350010972131,0.6373170409,-17.07820398027869,1871
kreis_03158,dep_hour_share_education_8,0.12844707775583353,0.110496553,1.795052475583353,1871
kreis_03158,dep_hour_share_education_9,0.026186818813546925,0.05329740919,-2.7110590376453074,1871
kreis_03158,dep_hour_share_escort_10,0.01621048378951621,0.02741296507,-1.120248128048379,1871
kreis_03158,dep_hour_share_escort_11,0.03444096555903444,0.02080495752,1.363600803903444,1871
kreis_03158,dep_hour_share_escort_12,0.052772447227552775,0.05321798475,-0.044553752244722716,1871
kreis_03158,dep_hour_share_escort_13,0.07327542672457328,0.09225923392,-1.898380719542672,1871
kreis_03158,dep_hour_share_escort_14,0.135996364003636,0.102593244,3.340312000363599,1871
kreis_03158,dep_hour_share_escort_15,0.1215028784971215,0.1687602819,-4.7257403402878495,1871
kreis_03158,dep_hour_share_escort_16,0.11014038985961014,0.04451623652,6.562415333961013,1871
kreis_03158,dep_hour_share_escort_17,0.055701444298555704,0.03453654203,2.1164902268555705,1871
kreis_03158,dep_hour_share_escort_18,0.040147459852540146,0.03517520488,0.49722549725401477,1871
kreis_03158,dep_hour_share_escort_19,0.01605898394101606,0.007376827986,0.868215595501606,1871
kreis_03158,dep_hour_share_escort_20,0.006716493283506717,0.002614832101,0.4101661182506717,1871
kreis_03158,dep_hour_share_escort_21,0.016765983234016766,0.0,1.6765983234016766,1871
kreis_03158,dep_hour_share_escort_22,0.0029794970205029793,0.001096139809,0.18833572115029795,1871
kreis_03158,dep_hour_share_escort_23,0.0025754974245025754,0.0,0.2575497424502575,1871
kreis_03158,dep_hour_share_escort_4,0.0006564993435006565,0.0,0.06564993435006565,1871
kreis_03158,dep_hour_share_escort_5,0.0012624987375012625,0.0,0.12624987375012625,1871
kreis_03158,dep_hour_share_escort_6,0.03534996465003535,0.03150092254,0.3849042110035353,1871
kreis_03158,dep_hour_share_escort_7,0.1598828401171599,0.2425382786,-8.26554384828401,1871
kreis_03158,dep_hour_share_escort_8,0.09261690738309261,0.1043624275,-1.1745520116907382,1871
kreis_03158,dep_hour_share_escort_9,0.02237147762852237,0.03123392086,-0.886244323147763,1871
kreis_03158,dep_hour_share_home_10,0.033484325301055703,0.04367232834,-1.0188003038944293,1871
kreis_03158,dep_hour_share_home_11,0.04945605762447555,0.05756872897,-0.8112671345524445,1871
kreis_03158,dep_hour_share_home_12,0.07226574586319137,0.07114544741,0.11202984531913651,1871
kreis_03158,dep_hour_share_home_13,0.08147996881149519,0.08939421248,-0.7914243668504808,1871
kreis_03158,dep_hour_share_home_14,0.0808178319038602,0.08751906609,-0.6701234186139798,1871
kreis_03158,dep_hour_share_home_15,0.10337380413123924,0.1153993244,-1.202552026876076,1871
kreis_03158,dep_hour_share_home_16,0.11264990903352765,0.1205004999,-0.7850590866472357,1871
kreis_03158,dep_hour_share_home_17,0.10373271946434981,0.0867880434,1.6944676064349808,1871
kreis_03158,dep_hour_share_home_18,0.08881916855406627,0.09740646199,-0.8587293435933729,1871
kreis_03158,dep_hour_share_home_19,0.05927053552642978,0.05202318318,0.724735234642978,1871
kreis_03158,dep_hour_share_home_20,0.050031559796532135,0.03821740242,1.1814157376532137,1871
kreis_03158,dep_hour_share_home_21,0.03924553521702001,0.02671837785,1.2527157367020012,1871
kreis_03158,dep_hour_share_home_22,0.030687260980952733,0.01568993182,1.4997329160952735,1871
kreis_03158,dep_hour_share_home_23,0.01489498632408817,0.00638792609,0.850706023408817,1871
kreis_03158,dep_hour_share_home_4,0.00011138751717224223,0.0007734310221,-0.06620435049277577,1871
kreis_03158,dep_hour_share_home_5,0.0007178306662211166,0.00563800055,-0.4920169883778884,1871
kreis_03158,dep_hour_share_home_6,0.002326761469820171,0.007895271508,-0.5568510038179829,1871
kreis_03158,dep_hour_share_home_7,0.009956806396118763,0.01212239825,-0.21655918538812363,1871
kreis_03158,dep_hour_share_home_8,0.019511380091337766,0.03462856587,-1.5117185778662237,1871
kreis_03158,dep_hour_share_home_9,0.029969430314731618,0.02767257553,0.22968547847316173,1871
kreis_03158,dep_hour_share_leisure_10,0.04092654614319031,0.04393411535,-0.30075692068096893,1871
kreis_03158,dep_hour_share_leisure_11,0.03687597538094654,0.03413978358,0.2736191800946537,1871
kreis_03158,dep_hour_share_leisure_12,0.045696049378386436,0.0515817975,-0.5885748121613563,1871
kreis_03158,dep_hour_share_leisure_13,0.053691981272685825,0.06887164928,-1.5179668007314178,1871
kreis_03158,dep_hour_share_leisure_14,0.08825334478949307,0.05625050905,3.2002835739493065,1871
kreis_03158,dep_hour_share_leisure_15,0.10391204474916271,0.1167850565,-1.2873011750837284,1871
kreis_03158,dep_hour_share_leisure_16,0.1266022549930737,0.1247820193,0.1820235693073699,1871
kreis_03158,dep_hour_share_leisure_17,0.13622893615528942,0.1476739585,-1.1445022344710591,1871
kreis_03158,dep_hour_share_leisure_18,0.10345613635168073,0.0844457048,1.9010431551680738,1871
kreis_03158,dep_hour_share_leisure_19,0.0653001104701117,0.06485958293,0.04405275401116876,1871
kreis_03158,dep_hour_share_leisure_20,0.023794911360886566,0.0308634367,-0.7068525339113434,1871
kreis_03158,dep_hour_share_leisure_21,0.01139770993704957,0.01105487573,0.03428342070495704,1871
kreis_03158,dep_hour_share_leisure_22,0.00999491486787424,0.0005575326329,0.9437382234974241,1871
kreis_03158,dep_hour_share_leisure_23,0.0033316382892914134,0.003073118089,0.025852020029141318,1871
kreis_03158,dep_hour_share_leisure_4,0.00017534938364691647,0.004135896466,-0.39605470823530836,1871
kreis_03158,dep_hour_share_leisure_5,0.004401269529537604,0.005569946358,-0.11686768284623963,1871
kreis_03158,dep_hour_share_leisure_6,0.015132651808728892,0.01499059211,0.014205969872889239,1871
kreis_03158,dep_hour_share_leisure_7,0.023426677655228042,0.02605144068,-0.2624763024771958,1871
kreis_03158,dep_hour_share_leisure_8,0.04995703940100651,0.05167739811,-0.1720358708993494,1871
kreis_03158,dep_hour_share_leisure_9,0.05262235003243963,0.05842583073,-0.580348069756037,1871
kreis_03158,dep_hour_share_other_10,0.08488188976377953,0.1599726669,-7.509077713622048,1871
kreis_03158,dep_hour_share_other_11,0.08695163104611923,0.07557085747,1.1380773576119232,1871
kreis_03158,dep_hour_share_other_12,0.06778402699662542,0.03858206384,2.9201963156625417,1871
kreis_03158,dep_hour_share_other_13,0.07748031496062992,0.07530674409,0.2173570870629915,1871
kreis_03158,dep_hour_share_other_14,0.08602924634420697,0.08053868999,0.5490556354206977,1871
kreis_03158,dep_hour_share_other_15,0.08726659167604049,0.0852189803,0.20476113760404951,1871
kreis_03158,dep_hour_share_other_16,0.08611923509561305,0.09817349272,-1.2054257624386957,1871
kreis_03158,dep_hour_share_other_17,0.05516310461192351,0.04801915574,0.714394887192351,1871
kreis_03158,dep_hour_share_other_18,0.04191226096737908,0.01484022095,2.707204001737908,1871
kreis_03158,dep_hour_share_other_19,0.03300337457817773,0.0009990018478,3.200437273037773,1871
kreis_03158,dep_hour_share_other_20,0.015365579302587177,0.000445981966,1.4919597336587176,1871
kreis_03158,dep_hour_share_other_21,0.010843644544431945,0.003042066317,0.7801578227431945,1871
kreis_03158,dep_hour_share_other_22,0.004679415073115861,0.0,0.46794150731158607,1871
kreis_03158,dep_hour_share_other_23,0.003667041619797525,0.0,0.36670416197975253,1871
kreis_03158,dep_hour_share_other_4,0.0012598425196850393,0.0,0.12598425196850394,1871
kreis_03158,dep_hour_share_other_5,0.0015973003374578178,0.002421446838,-0.08241465005421822,1871
kreis_03158,dep_hour_share_other_6,0.018537682789651292,0.01059897521,0.7938707579651292,1871
kreis_03158,dep_hour_share_other_7,0.06672665916760405,0.07230242952,-0.5575770352395953,1871
kreis_03158,dep_hour_share_other_8,0.07361079865016873,0.1147094796,-4.109868094983127,1871
kreis_03158,dep_hour_share_other_9,0.0900562429696288,0.1192577466,-2.9201503630371204,1871
kreis_03158,dep_hour_share_shop_10,0.11463146314631463,0.1219647016,-0.7333238453685373,1871
kreis_03158,dep_hour_share_shop_11,0.08964325003928965,0.1097824358,-2.0139185760710347,1871
kreis_03158,dep_hour_share_shop_12,0.08866886688668867,0.06949173784,1.9177129046688668,1871
kreis_03158,dep_hour_share_shop_13,0.0644978783592645,0.08454214989,-2.00442715307355,1871
kreis_03158,dep_hour_share_shop_14,0.08137670909948137,0.06957981999,1.1796889109481374,1871
kreis_03158,dep_hour_share_shop_15,0.10397611189690398,0.07121066525,3.2765446646903977,1871
kreis_03158,dep_hour_share_shop_16,0.08433129027188434,0.1397555875,-5.542429722811566,1871
kreis_03158,dep_hour_share_shop_17,0.06666666666666667,0.07355867656,-0.6892009893333328,1871
kreis_03158,dep_hour_share_shop_18,0.04563884959924564,0.04277831041,0.2860539189245642,1871
kreis_03158,dep_hour_share_shop_19,0.01713028445701713,0.03085819852,-1.3727914062982869,1871
kreis_03158,dep_hour_share_shop_20,0.0044633034732044635,0.006191894785,-0.17285913117955362,1871
kreis_03158,dep_hour_share_shop_21,0.002765990884802766,0.0,0.2765990884802766,1871
kreis_03158,dep_hour_share_shop_22,0.0017601760176017601,0.0,0.176017601760176,1871
kreis_03158,dep_hour_share_shop_23,0.0005972025774005972,0.0,0.05972025774005972,1871
kreis_03158,dep_hour_share_shop_4,0.00025145371680025143,0.0,0.025145371680025144,1871
kreis_03158,dep_hour_share_shop_5,0.0008800880088008801,0.0,0.088008800880088,1871
kreis_03158,dep_hour_share_shop_6,0.008046518937608046,0.008862747522,-0.08162285843919537,1871
kreis_03158,dep_hour_share_shop_7,0.03476347634763476,0.03514281976,-0.037934341236523644,1871
kreis_03158,dep_hour_share_shop_8,0.07656765676567656,0.0437058696,3.286178716567656,1871
kreis_03158,dep_hour_share_shop_9,0.11126826968411127,0.0925743851,1.8693884584111267,1871
kreis_03158,dep_hour_share_work_10,0.02832285921935787,0.02641494861,0.19079106093578718,1871
kreis_03158,dep_hour_share_work_11,0.024646231456543113,0.01660022885,0.8046002606543114,1871
kreis_03158,dep_hour_share_work_12,0.0322987473814715,0.04021213059,-0.7913383208528496,1871
kreis_03158,dep_hour_share_work_13,0.044440169295883035,0.04043885205,0.4001317245883034,1871
kreis_03158,dep_hour_share_work_14,0.02302167500320636,0.025826721,-0.280504599679364,1871
kreis_03158,dep_hour_share_work_15,0.01932367149758454,0.01949787229,-0.0174200792415459,1871
kreis_03158,dep_hour_share_work_16,0.012804069941430464,0.01095984865,0.18442212914304648,1871
kreis_03158,dep_hour_share_work_17,0.009554957034756957,0.006489062176,0.30658948587569573,1871
kreis_03158,dep_hour_share_work_18,0.006391347099311701,0.004155481623,0.2235865476311701,1871
kreis_03158,dep_hour_share_work_19,0.003291864392287632,0.0,0.3291864392287632,1871
kreis_03158,dep_hour_share_work_20,0.004211021332991322,0.0006980929976,0.35129283353913215,1871
kreis_03158,dep_hour_share_work_21,0.003206361421059382,0.003611585871,-0.040522444994061824,1871
kreis_03158,dep_hour_share_work_22,0.0005343935701765636,0.001434930602,-0.09005370318234364,1871
kreis_03158,dep_hour_share_work_23,0.0007481509982471891,0.012066013,-1.1317862001752812,1871
kreis_03158,dep_hour_share_work_4,0.02689068445128468,0.02201327391,0.48774105412846824,1871
kreis_03158,dep_hour_share_work_5,0.11188063785216536,0.06533262306,4.654801479216536,1871
kreis_03158,dep_hour_share_work_6,0.21217562310290283,0.2199542112,-0.7778588097097167,1871
kreis_03158,dep_hour_share_work_7,0.24182377837629856,0.2789355718,-3.711179342370144,1871
kreis_03158,dep_hour_share_work_8,0.12895985635500834,0.1334530624,-0.4493206044991649,1871
kreis_03158,dep_hour_share_work_9,0.048736693600102604,0.0644253084,-1.5688614799897402,1871
kreis_03158,mean_work_activity_h,5.829277301927195,6.272497235,-0.4432199330728057,1871
kreis_03158,mobility_rate,0.9000195823010055,0.859850828,4.016875430100553,1871
kreis_03158,n_persons_unweighted,117453.0,1871.0,115582.0,1871
kreis_03158,n_persons_weighted,117453.0,67261.0,50192.0,1871
kreis_03158,n_work_activities_measured,46700.0,685.0,46015.0,1871
kreis_03158,nonhome_acts_per_mobile,2.1494655188723866,2.19084171,-0.04137619112761337,1871
kreis_03158,participation_education,0.18363941321209334,0.1783423675,0.5297045712093357,1871
kreis_03158,participation_escort,0.11103164670123368,0.1155273422,-0.4495695498766314,1871
kreis_03158,participation_home,0.9000195823010055,0.8509482999,4.907128240100556,1871
kreis_03158,participation_leisure,0.3805862770640171,0.3852013769,-0.46150998359829054,1871
kreis_03158,participation_other,0.26850740296118447,0.1813403823,8.716702066118447,1871
kreis_03158,participation_shop,0.22354473704375366,0.3003820177,-7.683728065624634,1871
kreis_03158,participation_work,0.32221399197977063,0.3336604347,-1.1446442720229377,1871
kreis_03158,purpose_share_education,0.0703208184806259,0.05991894387,1.0401874610625896,1871
kreis_03158,purpose_share_escort,0.05092871214810014,0.05721124417,-0.6282532021899865,1871
kreis_03158,purpose_share_home,0.41561347468481397,0.4209777963,-0.5364321615186018,1871
kreis_03158,purpose_share_leisure,0.1466727363445108,0.1581563002,-1.1483563855489183,1871
kreis_03158,purpose_share_other,0.11432083905580503,0.06567131097,4.8649528085805045,1871
kreis_03158,purpose_share_shop,0.08182491551317068,0.1180479127,-3.622299718682931,1871
kreis_03158,purpose_share_work,0.12031850377297347,0.1200164918,0.03020119729734705,1871
kreis_03158,share_mobile_first_from_home,1.0,0.981267738,1.8732262,1871
kreis_03158,share_mobile_last_to_home,1.0,0.9794394822,2.056051780000001,1871
kreis_03158,share_mobile_odd_trip_count,0.30076624728029516,0.2337599305,6.700631678029517,1871
kreis_03158,share_trips_0,0.09998041769899449,0.140149172,-4.01687543010055,1871
kreis_03158,share_trips_1,0.0006300392497424501,0.005121677129,-0.44916378792575495,1871
kreis_03158,share_trips_2,0.3218053178718296,0.3023557305,1.9449587371829613,1871
kreis_03158,share_trips_3,0.13836172766979132,0.0894352087,4.892651896979132,1871
kreis_03158,share_trips_4,0.2127659574468085,0.2458050449,-3.303908745319148,1871
kreis_03158,share_trips_5,0.09261576971214018,0.07536807732,1.7247692392140177,1871
kreis_03158,share_trips_6,0.06503878147003482,0.07578641606,-1.074763458996518,1871
kreis_03158,share_trips_7,0.030761240666479357,0.01798444424,1.2776796426479355,1871
kreis_03158,share_trips_8plus,0.03804074821417929,0.04799422912,-0.9953480905820711,1871
kreis_03158,share_trips_followed_by_same_purpose,0.10483568147565185,0.04154866765,6.328701382565185,1871
kreis_03158,share_trips_home_based,0.8081467421775741,0.8419643411,-3.381759892242586,1871
kreis_03158,share_trips_unknown_purpose,0.0,0.0005637387882,-0.05637387882,1871
kreis_03158,share_work_activities_lt_2h,0.18276231263383297,0.1171743165,6.558799613383297,1871
kreis_03158,tours_per_mobile,1.5286917037177183,1.59130017,-0.06260846628228167,1871
kreis_03158,trips_per_mobile_person,3.678157222590105,3.782141881,-0.10398465840989468,1871
kreis_03158,trips_per_person,3.310413527112973,3.252077828,0.05833569911297287,1871
kreis_03158,trips_per_person_education,0.2327909887359199,0.1947512181,0.0380397706359199,1871
kreis_03158,trips_per_person_escort,0.1685950976135135,0.185950532,-0.017355434386486512,1871
kreis_03158,trips_per_person_home,1.3758524686470333,1.368280769,0.007571699647033192,1871
kreis_03158,trips_per_person_leisure,0.4855474104535431,0.5140466457,-0.028499235246456922,1871
kreis_03158,trips_per_person_other,0.378449252041242,0.2134478176,0.16500143444124202,1871
kreis_03158,trips_per_person_shop,0.27087430716967636,0.3836845796,-0.11281027243032365,1871
kreis_03158,trips_per_person_work,0.39830400245204467,0.3900829432,0.008221059252044693,1871
sex_female,dep_hour_share_all_10,0.04958462331831211,0.05564390134,-0.6059278021687896,9081
sex_female,dep_hour_share_all_11,0.051874555452498486,0.06150041106,-0.9625855607501517,9081
sex_female,dep_hour_share_all_12,0.06239184322529349,0.06404882651,-0.1656983284706516,9081
sex_female,dep_hour_share_all_13,0.06944932902558833,0.07936019488,-0.9910865854411671,9081
sex_female,dep_hour_share_all_14,0.07913628862134545,0.07819771704,0.09385715813454432,9081
sex_female,dep_hour_share_all_15,0.0911186470327764,0.09580112016,-0.4682473127223599,9081
sex_female,dep_hour_share_all_16,0.08912634533512884,0.0890369148,0.008943053512883159,9081
sex_female,dep_hour_share_all_17,0.07653536305142872,0.07761570694,-0.10803438885712835,9081
sex_female,dep_hour_share_all_18,0.060647364421743545,0.05914231058,0.15050538417435422,9081
sex_female,dep_hour_share_all_19,0.04063566572336041,0.03458839858,0.6047267143360409,9081
sex_female,dep_hour_share_all_20,0.02672113911064381,0.02032991122,0.6391227890643811,9081
sex_female,dep_hour_share_all_21,0.017783722287721165,0.01418941975,0.3594302537721165,9081
sex_female,dep_hour_share_all_22,0.013222080290973234,0.008862348845,0.43597314459732345,9081
sex_female,dep_hour_share_all_23,0.005650726430858324,0.002854619479,0.27961069518583237,9081
sex_female,dep_hour_share_all_4,0.0027047925181782344,0.002381063838,0.032372868017823464,9081
sex_female,dep_hour_share_all_5,0.00933709198056048,0.007581775505,0.17553164755604805,9081
sex_female,dep_hour_share_all_6,0.04101043710977765,0.02739186806,1.3618569049777647,9081
sex_female,dep_hour_share_all_7,0.09109981735209742,0.1021297677,-1.1029950347902577,9081
sex_female,dep_hour_share_all_8,0.0627095181606196,0.06774667538,-0.5037157219380389,9081
sex_female,dep_hour_share_all_9,0.050764211701492465,0.0500818887,0.06823230014924644,9081
sex_female,dep_hour_share_education_10,0.014247444844472504,0.008213915878,0.6033528966472504,9081
sex_female,dep_hour_share_education_11,0.025329738768406506,0.02787163858,-0.25418998115934943,9081
sex_female,dep_hour_share_education_12,0.02531267596020953,0.02119910342,0.4113572540209529,9081
sex_female,dep_hour_share_education_13,0.03183066869145324,0.0328745111,-0.10438424085467621,9081
sex_female,dep_hour_share_education_14,0.026583855170884026,0.01569082492,1.0893030250884026,9081
sex_female,dep_hour_share_education_15,0.042256044499803774,0.02240920996,1.9846834539803775,9081
sex_female,dep_hour_share_education_16,0.01498967700104083,0.02274942859,-0.7759751588959168,9081
sex_female,dep_hour_share_education_17,0.007473509990274199,0.01516501824,-0.76915082497258,9081
sex_female,dep_hour_share_education_18,0.006321770436978518,0.005676726778,0.06450436589785172,9081
sex_female,dep_hour_share_education_19,0.004402204514819049,0.0007242699645,0.3677934550319049,9081
sex_female,dep_hour_share_education_20,0.0005033528418107052,0.0002856230944,0.02177297474107052,9081
sex_female,dep_hour_share_education_21,0.00031566195164400157,0.0,0.03156619516440016,9081
sex_female,dep_hour_share_education_22,0.00019622229426519017,0.0,0.019622229426519016,9081
sex_female,dep_hour_share_education_23,7.678263688637876e-05,0.0,0.007678263688637875,9081
sex_female,dep_hour_share_education_4,8.531404098486529e-06,0.0,0.0008531404098486529,9081
sex_female,dep_hour_share_education_5,0.0027641749279096353,0.0,0.2764174927909635,9081
sex_female,dep_hour_share_education_6,0.17323869162386746,0.07116294589,10.207574573386747,9081
sex_female,dep_hour_share_education_7,0.4588359752248025,0.594652672,-13.581669677519754,9081
sex_female,dep_hour_share_education_8,0.13644274574709506,0.1222619995,1.4180746247095062,9081
sex_female,dep_hour_share_education_9,0.028622860750422304,0.03906211208,-1.04392513295777,9081
sex_female,dep_hour_share_escort_10,0.014635540128682695,0.01053875373,0.4096786398682696,9081
sex_female,dep_hour_share_escort_11,0.03173679309177108,0.03089559536,0.08411977317710831,9081
sex_female,dep_hour_share_escort_12,0.05765323399932272,0.05254428009,0.5108953909322721,9081
sex_female,dep_hour_share_escort_13,0.08504063664070437,0.108682214,-2.364157735929563,9081
sex_female,dep_hour_share_escort_14,0.15813367761598374,0.1333373884,2.479628921598373,9081
sex_female,dep_hour_share_escort_15,0.1381857433118862,0.1274622677,1.072347561188622,9081
sex_female,dep_hour_share_escort_16,0.09392990179478497,0.0594227688,3.4507132994784975,9081
sex_female,dep_hour_share_escort_17,0.05569547917372164,0.04881485254,0.6880626633721638,9081
sex_female,dep_hour_share_escort_18,0.026297409414155096,0.02443591942,0.1861489994155096,9081
sex_female,dep_hour_share_escort_19,0.009534795123603116,0.0104643206,-0.09295254763968842,9081
sex_female,dep_hour_share_escort_20,0.003185320013545547,0.006126904052,-0.2941584038454453,9081
sex_female,dep_hour_share_escort_21,0.010571876058245852,0.003275618222,0.7296257836245852,9081
sex_female,dep_hour_share_escort_22,0.0013968845242126652,0.01838105251,-1.6984167985787335,9081
sex_female,dep_hour_share_escort_23,0.0010582458516762614,0.0,0.10582458516762613,9081
sex_female,dep_hour_share_escort_4,0.0010899932272265492,0.0,0.10899932272265492,9081
sex_female,dep_hour_share_escort_5,0.0009418388079918727,0.001275581831,-0.033374302300812723,9081
sex_female,dep_hour_share_escort_6,0.03991703352522858,0.01181001373,2.8107019795228583,9081
sex_female,dep_hour_share_escort_7,0.1632132577040298,0.2281949606,-6.498170289597019,9081
sex_female,dep_hour_share_escort_8,0.08544277006434135,0.1081020967,-2.2659326635658643,9081
sex_female,dep_hour_share_escort_9,0.020699288858787673,0.01605629947,0.4642989388787672,9081
sex_female,dep_hour_share_home_10,0.03934763688210433,0.04346140692,-0.4113770037895669,9081
sex_female,dep_hour_share_home_11,0.05332268123748974,0.06333577174,-1.0013090502510265,9081
sex_female,dep_hour_share_home_12,0.08160661984992791,0.07737263605,0.42339837999279123,9081
sex_female,dep_hour_share_home_13,0.08463605258208844,0.102654936,-1.8018883417911566,9081
sex_female,dep_hour_share_home_14,0.08537227179755576,0.0830329687,0.2339303097555756,9081
sex_female,dep_hour_share_home_15,0.10393811676582543,0.1051328312,-0.11947144341745708,9081
sex_female,dep_hour_share_home_16,0.10741073888709896,0.1089339521,-0.15232132129010395,9081
sex_female,dep_hour_share_home_17,0.10007333034958021,0.1036690702,-0.35957398504197907,9081
sex_female,dep_hour_share_home_18,0.08395960561975808,0.08693458957,-0.29749839502419134,9081
sex_female,dep_hour_share_home_19,0.06114993067876496,0.04783156201,1.3318368668764957,9081
sex_female,dep_hour_share_home_20,0.05038800939444876,0.03854229042,1.1845718974448762,9081
sex_female,dep_hour_share_home_21,0.034702895455413545,0.02753753849,0.7165356965413545,9081
sex_female,dep_hour_share_home_22,0.025914916384449302,0.01598826247,0.9926653914449302,9081
sex_female,dep_hour_share_home_23,0.011750350250824784,0.004993073923,0.6757276327824784,9081
sex_female,dep_hour_share_home_4,4.9567234308690155e-05,0.001321228949,-0.12716617146913098,9081
sex_female,dep_hour_share_home_5,0.0005452395773955917,0.001950612328,-0.14053727506044084,9081
sex_female,dep_hour_share_home_6,0.0018194090710954504,0.003638594392,-0.18191853209045494,9081
sex_female,dep_hour_share_home_7,0.011439826106479166,0.01810501158,-0.6665185473520834,9081
sex_female,dep_hour_share_home_8,0.021051495982867232,0.03431543392,-1.3263937937132768,9081
sex_female,dep_hour_share_home_9,0.028234371378129477,0.02927977372,-0.10454023418705223,9081
sex_female,dep_hour_share_leisure_10,0.044680453267001576,0.05462172484,-0.9941271572998421,9081
sex_female,dep_hour_share_leisure_11,0.041672763335446845,0.04628751124,-0.4614747904553157,9081
sex_female,dep_hour_share_leisure_12,0.04253442585637874,0.05635633875,-1.382191289362126,9081
sex_female,dep_hour_share_leisure_13,0.058467053601911914,0.05718385016,0.12832034419119134,9081
sex_female,dep_hour_share_leisure_14,0.08485750052837795,0.08216268994,0.26948105883779494,9081
sex_female,dep_hour_share_leisure_15,0.11053260498463639,0.1272720321,-1.6739427115363594,9081
sex_female,dep_hour_share_leisure_16,0.12773740428230015,0.1253701822,0.2367222082300141,9081
sex_female,dep_hour_share_leisure_17,0.12483945438878863,0.1043263832,2.051307118878863,9081
sex_female,dep_hour_share_leisure_18,0.10660635029020143,0.09469715799,1.1909192300201432,9081
sex_female,dep_hour_share_leisure_19,0.05455705669089076,0.07038338344,-1.582632674910924,9081
sex_female,dep_hour_share_leisure_20,0.020245004796046108,0.01967476721,0.05702375860461087,9081
sex_female,dep_hour_share_leisure_21,0.00939699881318181,0.01002472552,-0.06277267068181894,9081
sex_female,dep_hour_share_leisure_22,0.011177226096993936,0.003390172062,0.7787054034993935,9081
sex_female,dep_hour_share_leisure_23,0.003202783332520444,0.001180154656,0.2022628676520444,9081
sex_female,dep_hour_share_leisure_4,0.00013006226731047488,0.003847666622,-0.37176043546895254,9081
sex_female,dep_hour_share_leisure_5,0.002093189614527955,0.003703411029,-0.1610221414472045,9081
sex_female,dep_hour_share_leisure_6,0.015940756637240077,0.01338753767,0.25532189672400774,9081
sex_female,dep_hour_share_leisure_7,0.022342258856427516,0.02613416417,-0.37919053135724856,9081
sex_female,dep_hour_share_leisure_8,0.05489847014258076,0.05113362981,0.376484033258076,9081
sex_female,dep_hour_share_leisure_9,0.06088539888471606,0.04835303897,1.253235991471606,9081
sex_female,dep_hour_share_other_10,0.09043394719116964,0.1348110701,-4.437712290883038,9081
sex_female,dep_hour_share_other_11,0.0759760026315652,0.09772038499,-2.17443823584348,9081
sex_female,dep_hour_share_other_12,0.06536620005116932,0.05525924419,1.0106955861169318,9081
sex_female,dep_hour_share_other_13,0.08173516220153404,0.05908030142,2.265486078153404,9081
sex_female,dep_hour_share_other_14,0.09915883897849322,0.1076915263,-0.8532687321506791,9081
sex_female,dep_hour_share_other_15,0.08595924206744952,0.1050887751,-1.912953303255048,9081
sex_female,dep_hour_share_other_16,0.09041306175301925,0.08102901566,0.9384046093019252,9081
sex_female,dep_hour_share_other_17,0.053404065350535976,0.04118342128,1.2220644070535975,9081
sex_female,dep_hour_share_other_18,0.03650774588687403,0.01589284632,2.0614899566874025,9081
sex_female,dep_hour_share_other_19,0.03550524485565552,0.006578379822,2.8926865033655518,9081
sex_female,dep_hour_share_other_20,0.013575534797750638,0.001954714752,1.1620820045750637,9081
sex_female,dep_hour_share_other_21,0.007262911116796592,0.004889097142,0.23738139747965922,9081
sex_female,dep_hour_share_other_22,0.0026367865664861817,0.0004631535536,0.21736330128861817,9081
sex_female,dep_hour_share_other_23,0.0014463165919142026,0.003863407744,-0.24170911520857977,9081
sex_female,dep_hour_share_other_4,0.00041248740347011556,0.0,0.04124874034701156,9081
sex_female,dep_hour_share_other_5,0.0019371243884482641,0.0002735779155,0.16635464729482644,9081
sex_female,dep_hour_share_other_6,0.013460664887923518,0.008011336304,0.5449328583923518,9081
sex_female,dep_hour_share_other_7,0.06376846403266483,0.04816898193,1.5599482102664826,9081
sex_female,dep_hour_share_other_8,0.08230429039113205,0.1128097471,-3.050545670886795,9081
sex_female,dep_hour_share_other_9,0.09294542112875351,0.1124933919,-1.9547970771246495,9081
sex_female,dep_hour_share_shop_10,0.12961004059694664,0.1198761026,0.9733937996946634,9081
sex_female,dep_hour_share_shop_11,0.09409485962605066,0.1169865793,-2.2891719673949344,9081
sex_female,dep_hour_share_shop_12,0.07784178626565269,0.08148095497,-0.3639168704347315,9081
sex_female,dep_hour_share_shop_13,0.06667047858654011,0.07697954792,-1.0309069333459888,9081
sex_female,dep_hour_share_shop_14,0.07769169192063582,0.08357843987,-0.5886747949364168,9081
sex_female,dep_hour_share_shop_15,0.10096346274801303,0.1067689247,-0.5805461951986973,9081
sex_female,dep_hour_share_shop_16,0.08693321516381726,0.09405065551,-0.7117440346182737,9081
sex_female,dep_hour_share_shop_17,0.0632540453999657,0.07863250604,-1.53784606400343,9081
sex_female,dep_hour_share_shop_18,0.03583681171021785,0.03048188095,0.5354930760217851,9081
sex_female,dep_hour_share_shop_19,0.018240036594430784,0.01367381603,0.4566220564430783,9081
sex_female,dep_hour_share_shop_20,0.005653553662302018,0.002363004895,0.32905487673020184,9081
sex_female,dep_hour_share_shop_21,0.0036951798273200296,0.003738169523,-0.004298969567997045,9081
sex_female,dep_hour_share_shop_22,0.0038238321230487735,0.0,0.3823832123048774,9081
sex_female,dep_hour_share_shop_23,0.0003001886900337355,0.0005031517551,-0.020296306506626446,9081
sex_female,dep_hour_share_shop_4,0.00010006289667791183,0.0,0.010006289667791183,9081
sex_female,dep_hour_share_shop_5,0.000607524729830179,5.093025792e-05,0.0556594471910179,9081
sex_female,dep_hour_share_shop_6,0.007154497112470696,0.002861893683,0.4292603429470696,9081
sex_female,dep_hour_share_shop_7,0.030669277831779976,0.02719172955,0.34775482817799747,9081
sex_female,dep_hour_share_shop_8,0.0739035965464006,0.05326576952,2.0637827026400593,9081
sex_female,dep_hour_share_shop_9,0.12069014809308708,0.1075159429,1.3174205193087083,9081
sex_female,dep_hour_share_work_10,0.030037203380426467,0.03373468881,-0.3697485429573537,9081
sex_female,dep_hour_share_work_11,0.028559580892530707,0.03023797949,-0.1678398597469294,9081
sex_female,dep_hour_share_work_12,0.02599564305780249,0.04202972644,-1.6034083382197508,9081
sex_female,dep_hour_share_work_13,0.030066405405878953,0.05076409518,-2.069768977412105,9081
sex_female,dep_hour_share_work_14,0.017094865699884942,0.03357446312,-1.647959742011506,9081
sex_female,dep_hour_share_work_15,0.01706566367443246,0.01710203597,-0.0036372295567538987,9081
sex_female,dep_hour_share_work_16,0.008848213712103072,0.009453428221,-0.06052145088969278,9081
sex_female,dep_hour_share_work_17,0.008334258064139328,0.007894201755,0.044005630913932815,9081
sex_female,dep_hour_share_work_18,0.004637281641854679,0.005078452465,-0.044117082314532124,9081
sex_female,dep_hour_share_work_19,0.00445622908404927,0.0009776666542,0.347856242984927,9081
sex_female,dep_hour_share_work_20,0.004070762348076463,0.00161763673,0.2453125618076463,9081
sex_female,dep_hour_share_work_21,0.0012732083097283628,0.0005407050794,0.07325032303283628,9081
sex_female,dep_hour_share_work_22,0.0002744990392533626,0.0007736066358,-0.049910759654663746,9081
sex_female,dep_hour_share_work_23,0.00015769093744342108,0.002223033248,-0.2065342310556579,9081
sex_female,dep_hour_share_work_4,0.024471297329182753,0.01076494928,1.3706348049182753,9081
sex_female,dep_hour_share_work_5,0.07951127490202721,0.05501916658,2.449210832202721,9081
sex_female,dep_hour_share_work_6,0.2026036525893436,0.1623264436,4.0277208989343585,9081
sex_female,dep_hour_share_work_7,0.29744015044883515,0.3213769541,-2.3936803651164853,9081
sex_female,dep_hour_share_work_8,0.14673433749364856,0.156185806,-0.9451468506351451,9081
sex_female,dep_hour_share_work_9,0.05390693898528802,0.05463405374,-0.07271147547119813,9081
sex_female,mean_work_activity_h,5.740102657536192,5.932515233,-0.1924125754638082,9081
sex_female,mobility_rate,0.8748334973656022,0.84224619,3.2587307365602225,9081
sex_female,n_persons_unweighted,505998.0,9081.0,496917.0,9081
sex_female,n_persons_weighted,505998.0,395486.7894,110511.21059999999,9081
sex_female,n_work_activities_measured,170467.0,3205.0,167262.0,9081
sex_female,nonhome_acts_per_mobile,2.169591383080621,2.269292474,-0.09970109091937873,9081
sex_female,participation_education,0.18235645200178657,0.1721849735,1.0171478501786568,9081
sex_female,participation_escort,0.11604196064016063,0.1117313844,0.4310576240160638,9081
sex_female,participation_home,0.8748334973656022,0.834559381,4.027411636560219,9081
sex_female,participation_leisure,0.37740070118854224,0.392055681,-1.4654979811457747,9081
sex_female,participation_other,0.2668903829659406,0.1847525414,8.213784156594059,9081
sex_female,participation_shop,0.23534875631919494,0.3006409647,-6.529220838080507,9081
sex_female,participation_work,0.29230155059901425,0.3096539045,-1.7352353900985773,9081
sex_female,purpose_share_education,0.07119684487440907,0.05882261065,1.2374234224409066,9081
sex_female,purpose_share_escort,0.05739772598198303,0.05769020517,-0.02924791880169683,9081
sex_female,purpose_share_home,0.4166443443839263,0.4194158484,-0.27715040160737336,9081
sex_female,purpose_share_leisure,0.1494444940495172,0.1676425636,-1.819806955048278,9081
sex_female,purpose_share_other,0.11633158946193883,0.0703652878,4.596630166193884,9081
sex_female,purpose_share_shop,0.08498381558575188,0.1163822848,-3.139846921424812,9081
sex_female,purpose_share_work,0.10400118566247372,0.1096811996,-0.5680013937526276,9081
sex_female,share_mobile_first_from_home,1.0,0.9872184025,1.2781597499999964,9081
sex_female,share_mobile_last_to_home,1.0,0.9845448816,1.5455118400000023,9081
sex_female,share_mobile_odd_trip_count,0.3085252019590479,0.2421011955,6.642400645904792,9081
sex_female,share_trips_0,0.12516650263439777,0.15775381,-3.2587307365602225,9081
sex_female,share_trips_1,0.0008932841631785106,0.004967868856,-0.40745846928214896,9081
sex_female,share_trips_2,0.3187087695998798,0.2942299513,2.4478818299879803,9081
sex_female,share_trips_3,0.1377041015972395,0.08520329084,5.25008107572395,9081
sex_female,share_trips_4,0.1799374701085775,0.2225492322,-4.261176209142251,9081
sex_female,share_trips_5,0.08984027604852193,0.06516403908,2.4676236968521934,9081
sex_female,share_trips_6,0.07439159838576437,0.08185637828,-0.7464779894235635,9081
sex_female,share_trips_7,0.031784710611504396,0.03198292832,-0.0198217708495603,9081
sex_female,share_trips_8plus,0.04157328685093617,0.05629250109,-1.4719214239063834,9081
sex_female,share_trips_followed_by_same_purpose,0.09571126689128653,0.04767013261,4.8041134281286535,9081
sex_female,share_trips_home_based,0.8107811462659225,0.8387695823,-2.7988436034077524,9081
sex_female,share_trips_unknown_purpose,0.0,0.0008899970183,-0.08899970183,9081
sex_female,share_work_activities_lt_2h,0.15366610546322748,0.09601990244,5.764620302322748,9081
sex_female,tours_per_mobile,1.5495658106374135,1.636832751,-0.08726694036258653,9081
sex_female,trips_per_mobile_person,3.7191571937180345,3.906125225,-0.18696803128196526,9081
sex_female,trips_per_person,3.2536432950327865,3.289919088,-0.036275792967213505,9081
sex_female,trips_per_person_education,0.23164913695311048,0.1933493959,0.038299741053110486,9081
sex_female,trips_per_person_escort,0.18675172629140827,0.1896271892,-0.002875462908591725,9081
sex_female,trips_per_person_home,1.3556120775180929,1.378616148,-0.023004070481907224,9081
sex_female,trips_per_person_leisure,0.4862390760437788,0.5510396096,-0.06480053355622117,9081
sex_female,trips_per_person_other,0.3785014960533441,0.2312900726,0.1472114234533441,9081
sex_female,trips_per_person_shop,0.27650702176688446,0.3825475307,-0.10604050893311556,9081
sex_female,trips_per_person_work,0.3383827604061676,0.3605211236,-0.02213836319383239,9081
sex_male,dep_hour_share_all_10,0.042191441275425616,0.04834357506,-0.6152133784574382,9108
sex_male,dep_hour_share_all_11,0.04842626960994374,0.05095485764,-0.25285880300562547,9108
sex_male,dep_hour_share_all_12,0.05990145210719832,0.05823432245,0.166712965719832,9108
sex_male,dep_hour_share_all_13,0.06506684590522761,0.06452828574,0.053856016522761674,9108
sex_male,dep_hour_share_all_14,0.06763049037821252,0.06525967651,0.23708138682125152,9108
sex_male,dep_hour_share_all_15,0.08232334653052199,0.08636645508,-0.40431085494780084,9108
sex_male,dep_hour_share_all_16,0.08855567618621654,0.09754007778,-0.8984401593783455,9108
sex_male,dep_hour_share_all_17,0.08015449331166145,0.08951151184,-0.9357018528338548,9108
sex_male,dep_hour_share_all_18,0.06601821786730266,0.06563028858,0.038792928730266296,9108
sex_male,dep_hour_share_all_19,0.041388116033647206,0.04220360217,-0.08154861363527943,9108
sex_male,dep_hour_share_all_20,0.03173322105936486,0.02641174534,0.5321475719364859,9108
sex_male,dep_hour_share_all_21,0.02321085226186654,0.01988387121,0.3326981051866539,9108
sex_male,dep_hour_share_all_22,0.0171203226294097,0.01358920796,0.3531114669409698,9108
sex_male,dep_hour_share_all_23,0.009716112605459864,0.004442027203,0.5274085402459864,9108
sex_male,dep_hour_share_all_4,0.005222238741265556,0.002759885741,0.24623530002655553,9108
sex_male,dep_hour_share_all_5,0.0208464774250615,0.01756621655,0.3280260875061499,9108
sex_male,dep_hour_share_all_6,0.0503602470193885,0.03923958085,1.1120666169388504,9108
sex_male,dep_hour_share_all_7,0.08680347766118665,0.1033327831,-1.6529305438813355,9108
sex_male,dep_hour_share_all_8,0.05366974712120966,0.05924486777,-0.5575120648790344,9108
sex_male,dep_hour_share_all_9,0.045552164293130006,0.04227111085,0.3281053443130004,9108
sex_male,dep_hour_share_education_10,0.013456918531336579,0.0144589015,-0.10019829686634205,9108
sex_male,dep_hour_share_education_11,0.027143948528667288,0.007503867829,1.9640080699667286,9108
sex_male,dep_hour_share_education_12,0.027990758723525674,0.02208028019,0.5910478533525675,9108
sex_male,dep_hour_share_education_13,0.02514658100383826,0.02356660909,0.15799719138382615,9108
sex_male,dep_hour_share_education_14,0.016383936378781883,0.02053610308,-0.41521667012181174,9108
sex_male,dep_hour_share_education_15,0.029122907136216784,0.01296201604,1.6160891096216785,9108
sex_male,dep_hour_share_education_16,0.02142797971337316,0.008798193379,1.2629786334373159,9108
sex_male,dep_hour_share_education_17,0.009351729978001344,0.01248523901,-0.3133509031998655,9108
sex_male,dep_hour_share_education_18,0.004243255432931712,0.004980407948,-0.0737152515068288,9108
sex_male,dep_hour_share_education_19,0.003884281545980873,0.003070483552,0.08137979939808732,9108
sex_male,dep_hour_share_education_20,6.443121047835571e-05,0.0006518887577,-0.05874575472216443,9108
sex_male,dep_hour_share_education_21,2.7613375919295307e-05,0.0009383380266,-0.09107246506807047,9108
sex_male,dep_hour_share_education_22,2.7613375919295307e-05,0.0,0.0027613375919295306,9108
sex_male,dep_hour_share_education_23,3.681783455906041e-05,0.0,0.0036817834559060413,9108
sex_male,dep_hour_share_education_4,0.001426691089163591,0.0,0.1426691089163591,9108
sex_male,dep_hour_share_education_5,0.00535699492834329,0.002397603169,0.29593917593432895,9108
sex_male,dep_hour_share_education_6,0.17590640906455088,0.06190964,11.399676906455088,9108
sex_male,dep_hour_share_education_7,0.4843386136244397,0.6408135672,-15.647495357556036,9108
sex_male,dep_hour_share_education_8,0.12177498780409231,0.1298972859,-0.8122298095907685,9108
sex_male,dep_hour_share_education_9,0.031249137082002523,0.0329495753,-0.17004382179974764,9108
sex_male,dep_hour_share_escort_10,0.018964100672378813,0.02326614789,-0.4302047217621188,9108
sex_male,dep_hour_share_escort_11,0.03566458190110498,0.02886709894,0.6797482961104985,9108
sex_male,dep_hour_share_escort_12,0.0640855815825215,0.05347921156,1.0606370022521503,9108
sex_male,dep_hour_share_escort_13,0.06805949127248948,0.06091410776,0.7145383512489473,9108
sex_male,dep_hour_share_escort_14,0.09027649692315431,0.08791399022,0.2362506703154313,9108
sex_male,dep_hour_share_escort_15,0.0842234108553128,0.1203340072,-3.611059634468719,9108
sex_male,dep_hour_share_escort_16,0.06566173141736112,0.05902922971,0.663250170736112,9108
sex_male,dep_hour_share_escort_17,0.06321366890792937,0.0580609601,0.5152708807929368,9108
sex_male,dep_hour_share_escort_18,0.06807625882392394,0.05167974161,1.639651721392394,9108
sex_male,dep_hour_share_escort_19,0.02595616962055031,0.02912653228,-0.31703626594496886,9108
sex_male,dep_hour_share_escort_20,0.017723301866228475,0.005028268545,1.2695033321228475,9108
sex_male,dep_hour_share_escort_21,0.011133654152484112,0.005676595916,0.5457058236484111,9108
sex_male,dep_hour_share_escort_22,0.005063800533208136,0.007935557272,-0.2871756738791864,9108
sex_male,dep_hour_share_escort_23,0.0038733043813611897,0.0,0.38733043813611895,9108
sex_male,dep_hour_share_escort_4,0.0004862589915994567,0.001720820398,-0.12345614064005433,9108
sex_male,dep_hour_share_escort_5,0.003437348044065125,0.001431914086,0.2005433958065125,9108
sex_male,dep_hour_share_escort_6,0.0364023541642214,0.02269539586,1.37069583042214,9108
sex_male,dep_hour_share_escort_7,0.18912121262931975,0.234177484,-4.505627137068025,9108
sex_male,dep_hour_share_escort_8,0.10880464125823706,0.1216702233,-1.286558204176294,9108
sex_male,dep_hour_share_escort_9,0.032126628548433074,0.0179700834,1.4156545148433075,9108
sex_male,dep_hour_share_home_10,0.028201725282017254,0.03743581122,-0.9234085937982743,9108
sex_male,dep_hour_share_home_11,0.045125790451257905,0.05358675722,-0.8460966768742098,9108
sex_male,dep_hour_share_home_12,0.06737356567373566,0.05507148966,1.230207601373566,9108
sex_male,dep_hour_share_home_13,0.07766496077664961,0.0832573536,-0.559239282335039,9108
sex_male,dep_hour_share_home_14,0.08089039580890396,0.07822242687,0.2667968938903961,9108
sex_male,dep_hour_share_home_15,0.10219887102198871,0.1137515748,-1.1552703778011293,9108
sex_male,dep_hour_share_home_16,0.11331594113315942,0.1251375858,-1.182164466684059,9108
sex_male,dep_hour_share_home_17,0.10543642605436426,0.1095121989,-0.40757728456357334,9108
sex_male,dep_hour_share_home_18,0.09081061590810616,0.0879490827,0.2861533208106157,9108
sex_male,dep_hour_share_home_19,0.056529195565291956,0.05532071646,0.12084791052919541,9108
sex_male,dep_hour_share_home_20,0.054564240545642406,0.04375319559,1.0811044955642404,9108
sex_male,dep_hour_share_home_21,0.042638160426381605,0.03449138369,0.8146776736381602,9108
sex_male,dep_hour_share_home_22,0.0351146703511467,0.02584664579,0.9268024561146702,9108
sex_male,dep_hour_share_home_23,0.020020725200207253,0.009451181261,1.0569543939207253,9108
sex_male,dep_hour_share_home_4,0.00010756500107565002,0.0002239065549,-0.011634155382434999,9108
sex_male,dep_hour_share_home_5,0.0008256750082567501,0.002539370106,-0.171369509774325,9108
sex_male,dep_hour_share_home_6,0.00250429502504295,0.008438483909,-0.593418888395705,9108
sex_male,dep_hour_share_home_7,0.0083385600833856,0.01737871523,-0.90401551466144,9108
sex_male,dep_hour_share_home_8,0.017723985177239852,0.02970342999,-1.1979444812760147,9108
sex_male,dep_hour_share_home_9,0.026882160268821603,0.02576093963,0.11212206388216024,9108
sex_male,dep_hour_share_leisure_10,0.045345637040634615,0.0476208566,-0.22752195593653823,9108
sex_male,dep_hour_share_leisure_11,0.038420754411526634,0.04681338628,-0.8392631868473367,9108
sex_male,dep_hour_share_leisure_12,0.054816253844908534,0.07180140224,-1.6985148395091472,9108
sex_male,dep_hour_share_leisure_13,0.05985915492957746,0.05005836285,0.9800792079577458,9108
sex_male,dep_hour_share_leisure_14,0.07914845394204306,0.07105050767,0.8097946272043064,9108
sex_male,dep_hour_share_leisure_15,0.09199449570989153,0.09058404604,0.14104496698915253,9108
sex_male,dep_hour_share_leisure_16,0.12801521774324107,0.1339227708,-0.5907553056758941,9108
sex_male,dep_hour_share_leisure_17,0.12416626193945281,0.1361222554,-1.1955993460547196,9108
sex_male,dep_hour_share_leisure_18,0.09296988829528897,0.1089172928,-1.594740450471102,9108
sex_male,dep_hour_share_leisure_19,0.07659462522259997,0.08238699501,-0.579236978740004,9108
sex_male,dep_hour_share_leisure_20,0.03406588959041606,0.0298167936,0.42490959904160597,9108
sex_male,dep_hour_share_leisure_21,0.018641735470293023,0.01486654496,0.3775190510293023,9108
sex_male,dep_hour_share_leisure_22,0.008620689655172414,0.01069606242,-0.20753727648275855,9108
sex_male,dep_hour_share_leisure_23,0.0033268576979116078,0.002147782611,0.11790750869116076,9108
sex_male,dep_hour_share_leisure_4,0.0005828071879553182,0.0008314681938,-0.024866100584468177,9108
sex_male,dep_hour_share_leisure_5,0.007115104419621175,0.003971170718,0.3143933701621175,9108
sex_male,dep_hour_share_leisure_6,0.01749635745507528,0.009747817472,0.774853998307528,9108
sex_male,dep_hour_share_leisure_7,0.029836490205601425,0.01451667347,1.5319816735601426,9108
sex_male,dep_hour_share_leisure_8,0.03477011494252873,0.03308655077,0.16835641725287329,9108
sex_male,dep_hour_share_leisure_9,0.050327829043224866,0.03981018078,1.0517648263224864,9108
sex_male,dep_hour_share_other_10,0.08245329230560379,0.1248488067,-4.23955143943962,9108
sex_male,dep_hour_share_other_11,0.08985185897472156,0.08420165709,0.5650201884721553,9108
sex_male,dep_hour_share_other_12,0.07255459836756396,0.04675220962,2.5802388747563967,9108
sex_male,dep_hour_share_other_13,0.07185886159363317,0.06130791317,1.0550948423633169,9108
sex_male,dep_hour_share_other_14,0.07456827553438806,0.08568848383,-1.112020829561193,9108
sex_male,dep_hour_share_other_15,0.08855088777143633,0.1061339514,-1.7583063628563669,9108
sex_male,dep_hour_share_other_16,0.08205168815154618,0.09841154706,-1.6359858908453817,9108
sex_male,dep_hour_share_other_17,0.05901884145686149,0.07495270296,-1.5933861503138518,9108
sex_male,dep_hour_share_other_18,0.05284205643952464,0.02460323149,2.8238824949524637,9108
sex_male,dep_hour_share_other_19,0.026290931099433795,0.008847434274,1.7443496825433793,9108
sex_male,dep_hour_share_other_20,0.018157032880633063,0.006429992228,1.1727040652633063,9108
sex_male,dep_hour_share_other_21,0.013716761599855196,0.003661357578,1.0055404021855194,9108
sex_male,dep_hour_share_other_22,0.007981175512328116,0.00566919437,0.23119811423281156,9108
sex_male,dep_hour_share_other_23,0.005056818503204348,0.0,0.5056818503204348,9108
sex_male,dep_hour_share_other_4,0.0018326724776713747,0.0,0.18326724776713746,9108
sex_male,dep_hour_share_other_5,0.0026019424065704703,0.003185347439,-0.05834050324295295,9108
sex_male,dep_hour_share_other_6,0.018632170189658976,0.01825104606,0.03811241296589746,9108
sex_male,dep_hour_share_other_7,0.06590833243773722,0.05422895338,1.167937905773722,9108
sex_male,dep_hour_share_other_8,0.07458524472399614,0.07400193217,0.058331255399612925,9108
sex_male,dep_hour_share_other_9,0.08306418313149425,0.1179305069,-3.486632376850575,9108
sex_male,dep_hour_share_shop_10,0.11208456967162304,0.1058640198,0.6220549871623043,9108
sex_male,dep_hour_share_shop_11,0.0958351585681343,0.08977354814,0.6061610428134288,9108
sex_male,dep_hour_share_shop_12,0.08243724636123945,0.07957753168,0.2859714681239453,9108
sex_male,dep_hour_share_shop_13,0.06079891560389788,0.05634335872,0.44555568838978776,9108
sex_male,dep_hour_share_shop_14,0.07702353106480754,0.06437859708,1.2644933984807538,9108
sex_male,dep_hour_share_shop_15,0.09312416831282183,0.08182579393,1.129837438282183,9108
sex_male,dep_hour_share_shop_16,0.08636322310292671,0.1141000252,-2.7736802097073285,9108
sex_male,dep_hour_share_shop_17,0.08319764606699782,0.1088744128,-2.567676673300218,9108
sex_male,dep_hour_share_shop_18,0.061344419740637576,0.05866082733,0.2683592410637578,9108
sex_male,dep_hour_share_shop_19,0.019208357784591987,0.03049092249,-1.1282564705408011,9108
sex_male,dep_hour_share_shop_20,0.0051657588706411324,0.0113834525,-0.6217693629358868,9108
sex_male,dep_hour_share_shop_21,0.001851407979237782,0.00851110749,-0.6659699510762217,9108
sex_male,dep_hour_share_shop_22,0.0011158039160584846,0.001417892457,-0.030208854094151538,9108
sex_male,dep_hour_share_shop_23,0.0006860127780211425,0.0005166611297,0.01693516483211424,9108
sex_male,dep_hour_share_shop_4,0.0004132607096512906,0.0,0.04132607096512906,9108
sex_male,dep_hour_share_shop_5,0.000834786633495607,0.0007838084917,0.005097814179560697,9108
sex_male,dep_hour_share_shop_6,0.010372843812247394,0.01376241825,-0.3389574437752606,9108
sex_male,dep_hour_share_shop_7,0.037689376720197704,0.03272807267,0.4961304050197707,9108
sex_male,dep_hour_share_shop_8,0.06865913430146542,0.05444862939,1.4210504911465416,9108
sex_male,dep_hour_share_shop_9,0.09905859210341436,0.0865589205,1.2499671603414364,9108
sex_male,dep_hour_share_work_10,0.030715434154227325,0.02724383376,0.3471600394227326,9108
sex_male,dep_hour_share_work_11,0.02498704082798127,0.02989184421,-0.4904803382018732,9108
sex_male,dep_hour_share_work_12,0.03608360642774932,0.05930075687,-2.321715044225068,9108
sex_male,dep_hour_share_work_13,0.04945132183554591,0.05171918606,-0.22678642244540886,9108
sex_male,dep_hour_share_work_14,0.024824502060288703,0.02355686001,0.1267642050288703,9108
sex_male,dep_hour_share_work_15,0.02851017844120929,0.01577958027,1.2730598171209289,9108
sex_male,dep_hour_share_work_16,0.018182377283230394,0.01096399505,0.7218382233230394,9108
sex_male,dep_hour_share_work_17,0.012102548783595006,0.01156810964,0.05344391435950068,9108
sex_male,dep_hour_share_work_18,0.006536694225041513,0.003114235959,0.3422458266041513,9108
sex_male,dep_hour_share_work_19,0.00472680308208647,0.001370208538,0.33565945440864703,9108
sex_male,dep_hour_share_work_20,0.006448835431694181,0.008330178763,-0.18813433313058192,9108
sex_male,dep_hour_share_work_21,0.00479269717709697,0.01031335315,-0.5520655972903029,9108
sex_male,dep_hour_share_work_22,0.001089449037506919,0.0002907829154,0.0798666122106919,9108
sex_male,dep_hour_share_work_23,0.0013398465985468156,0.000265107831,0.10747387675468156,9108
sex_male,dep_hour_share_work_4,0.03332923325631046,0.01759090689,1.5738326366310458,9108
sex_male,dep_hour_share_work_5,0.13056255985380297,0.1098712613,2.0691298553802975,9108
sex_male,dep_hour_share_work_6,0.2144281710434989,0.1903818965,2.404627454349889,9108
sex_male,dep_hour_share_work_7,0.20195222238817773,0.2591743915,-5.722216911182226,9108
sex_male,dep_hour_share_work_8,0.10725362197875575,0.1251315612,-1.7877939221244241,9108
sex_male,dep_hour_share_work_9,0.04727681670019944,0.03908736603,0.8189450670199439,9108
sex_male,mean_work_activity_h,5.63874131559281,6.601615795,-0.9628744794071897,9108
sex_male,mobility_rate,0.8997848226645424,0.8450434006,5.4741422064542355,9108
sex_male,n_persons_unweighted,497729.0,9108.0,488621.0,9108
sex_male,n_persons_weighted,497729.0,390275.5205,107453.47950000002,9108
sex_male,n_work_activities_measured,227627.0,3566.0,224061.0,9108
sex_male,nonhome_acts_per_mobile,2.1006633932419185,2.092983074,0.007680319241918365,9108
sex_male,participation_education,0.17739573141207363,0.1794297743,-0.2034042887926385,9108
sex_male,participation_escort,0.08095369166755403,0.08649845022,-0.5544758552445961,9108
sex_male,participation_home,0.8997848226645424,0.8343357191,6.544910356454237,9108
sex_male,participation_leisure,0.37711284654902566,0.3739004314,0.3212415149025649,9108
sex_male,participation_other,0.2641658412509619,0.157487502,10.667833925096188,9108
sex_male,participation_shop,0.20145099039838948,0.2584351105,-5.698412010161053,9108
sex_male,participation_work,0.3433253838936449,0.3532285264,-0.99031425063551,9108
sex_male,purpose_share_education,0.06786599085733419,0.06308262542,0.47833654373341944,9108
sex_male,purpose_share_escort,0.03725467658975317,0.0421139333,-0.4859256710246833,9108
sex_male,purpose_share_home,0.4123232340899749,0.4261234955,-1.3800261410025105,9108
sex_male,purpose_share_leisure,0.1543433909320447,0.1616213085,-0.7277917567955317,9108
sex_male,purpose_share_other,0.11043598197453097,0.06366749713,4.676848484453097,9108
sex_male,purpose_share_shop,0.07557816304628927,0.1042435209,-2.866535785371073,9108
sex_male,purpose_share_work,0.1421985625100728,0.1391476193,0.3050943210072793,9108
sex_male,share_mobile_first_from_home,1.0,0.9692147464,3.078525359999995,9108
sex_male,share_mobile_last_to_home,1.0,0.9705553993,2.944460069999999,9108
sex_male,share_mobile_odd_trip_count,0.2779106350577985,0.2220121475,5.58984875577985,9108
sex_male,share_trips_0,0.10021517733545765,0.1549565994,-5.4741422064542355,9108
sex_male,share_trips_1,0.0010829186163554866,0.00676106761,-0.5678148993644513,9108
sex_male,share_trips_2,0.35868112969105675,0.33490715,2.377397969105677,9108
sex_male,share_trips_3,0.11986040596388797,0.08369665326,3.616375270388797,9108
sex_male,share_trips_4,0.20579471961649815,0.2208545976,-1.5059877983501861,9108
sex_male,share_trips_5,0.09473428311390335,0.06125010788,3.3484175233903346,9108
sex_male,share_trips_6,0.06021348967008151,0.07099178493,-1.0778295259918482,9108
sex_male,share_trips_7,0.026524474161642178,0.02726642631,-0.07419521483578231,9108
sex_male,share_trips_8plus,0.032893401831116935,0.03931561299,-0.6422211158883063,9108
sex_male,share_trips_followed_by_same_purpose,0.11973231653763072,0.04278463245,7.694768408763072,9108
sex_male,share_trips_home_based,0.7996990341357008,0.8515199607,-5.182092656429926,9108
sex_male,share_trips_unknown_purpose,0.0,0.0004216156738,-0.04216156738,9108
sex_male,share_work_activities_lt_2h,0.23901382524920153,0.1213007249,11.771310034920154,9108
sex_male,tours_per_mobile,1.4738583763723934,1.552972152,-0.07911377562760658,9108
sex_male,trips_per_mobile_person,3.574521769614312,3.645955225,-0.07143345538568768,9108
sex_male,trips_per_person,3.21630043658296,3.080990402,0.1353100345829601,9108
sex_male,trips_per_person_education,0.21827741602357909,0.1942750195,0.024002396523579078,9108
sex_male,trips_per_person_escort,0.11982223258038009,0.1296979185,-0.009875685919619917,9108
sex_male,trips_per_person_home,1.3261553978168843,1.312328868,0.013826529816884259,9108
sex_male,trips_per_person_leisure,0.49641471563842976,0.497743755,-0.00132903936157025,9108
sex_male,trips_per_person_other,0.3551952970391518,0.1960762439,0.1591190531391518,9108
sex_male,trips_per_person_shop,0.24308207880191832,0.3210378755,-0.0779557966980817,9108
sex_male,trips_per_person_work,0.4573532986826164,0.4285317276,0.028821571082616404,9108
