kreis_ags5,kreis_name,stichtag,teil,euro1,euro2,euro3,euro4,euro5,euro6,other,euro6d,euro6dtemp,euro6ab,total,euro1_share,euro2_share,euro3_share,euro4_share,euro5_share,euro6_share,other_share
01001,"Flensburg, kreisfreie Stadt",2025-01-01,all,264.0,1295.0,1720.0,7997.0,9532.0,22605.0,1923.0,6942.0,4846.0,10817.0,45336.0,0.005823186871360508,0.028564496206105523,0.03793894476795483,0.17639403564496206,0.21025233809775895,0.49861037586024354,0.04241662255161461
01001,"Flensburg, kreisfreie Stadt",2025-01-01,diesel,75.0,427.0,947.0,1761.0,4259.0,7808.0,74.0,2053.0,1600.0,4155.0,15351.0,0.004885675200312683,0.02781577747378021,0.06168979219594815,0.1147156537033418,0.27744120904175623,0.5086313595205524,0.004820532864308514
01002,"Kiel, kreisfreie Stadt",2025-01-01,all,856.0,3614.0,4466.0,20825.0,23514.0,52757.0,4086.0,16002.0,11248.0,25507.0,110118.0,0.0077734793585063295,0.03281933925425453,0.040556493942861295,0.18911531266459616,0.2135345720045769,0.4790951524728019,0.03710565030240288
01002,"Kiel, kreisfreie Stadt",2025-01-01,diesel,277.0,1247.0,2317.0,3621.0,8928.0,15885.0,224.0,3979.0,3408.0,8498.0,32499.0,0.008523339179667067,0.03837041139727376,0.0712945013692729,0.11141881288655035,0.2747161451121573,0.4887842702852395,0.0068925197698390716
01003,"Lübeck, kreisfreie Stadt, Hansestadt",2025-01-01,all,865.0,3255.0,3945.0,19331.0,21715.0,48811.0,3488.0,15328.0,9928.0,23555.0,101410.0,0.00852973079577951,0.03209742628932058,0.03890148900502909,0.19062222660487133,0.21413075633566708,0.481323340893403,0.034395030075929395
01003,"Lübeck, kreisfreie Stadt, Hansestadt",2025-01-01,diesel,191.0,909.0,1842.0,3004.0,7827.0,14038.0,205.0,3929.0,2705.0,7404.0,28016.0,0.0068175328383780695,0.03244574528840662,0.06574814391776128,0.10722444317532838,0.2793760708166762,0.501070816676185,0.00731724728726442
01004,"Neumünster, kreisfreie Stadt",2025-01-01,all,279.0,1290.0,2001.0,9009.0,9306.0,20238.0,1640.0,6280.0,4272.0,9686.0,43763.0,0.0063752484975892875,0.029476955418961222,0.04572355642894683,0.20585883051893153,0.21264538537120398,0.4624454447821219,0.03747457898224527
01004,"Neumünster, kreisfreie Stadt",2025-01-01,diesel,59.0,345.0,950.0,1673.0,3894.0,6666.0,53.0,1775.0,1324.0,3567.0,13640.0,0.004325513196480939,0.025293255131964808,0.06964809384164222,0.12265395894428152,0.2854838709677419,0.48870967741935484,0.0038856304985337244
01051,"Dithmarschen, Kreis",2025-01-01,all,578.0,2865.0,3974.0,16263.0,19222.0,37891.0,2700.0,9673.0,8511.0,19707.0,83493.0,0.006922736037751668,0.034314253889547626,0.04759680452253482,0.19478279616255256,0.23022289293713247,0.45382247613572396,0.03233804031475693
01051,"Dithmarschen, Kreis",2025-01-01,diesel,155.0,997.0,2246.0,3979.0,9347.0,13975.0,138.0,2521.0,2935.0,8519.0,30837.0,0.005026429289489899,0.032331290333041475,0.07283458183351169,0.12903330414761488,0.3031099004442715,0.4531893504556215,0.004475143496449071
01053,"Herzogtum Lauenburg, Kreis",2025-01-01,all,1047.0,3926.0,5003.0,21562.0,27371.0,58069.0,4713.0,15532.0,12835.0,29702.0,121691.0,0.008603758700314731,0.03226204074253643,0.04111232548010946,0.17718648051211675,0.22492213885989926,0.4771840152517442,0.038729240453279204
01053,"Herzogtum Lauenburg, Kreis",2025-01-01,diesel,205.0,1140.0,2581.0,4086.0,11517.0,18055.0,212.0,3388.0,3819.0,10848.0,37796.0,0.005423854376124458,0.030161921896496982,0.06828764948671817,0.1081066779553392,0.30471478463329454,0.4776960524923272,0.005609059159699439
01054,"Nordfriesland, Kreis",2025-01-01,all,795.0,4049.0,5209.0,19182.0,23505.0,47931.0,5165.0,12899.0,10590.0,24442.0,105836.0,0.007511621754412487,0.038257303752976306,0.04921765750784232,0.18124267734986205,0.2220888922483843,0.4528799274348993,0.048801919951623265
01054,"Nordfriesland, Kreis",2025-01-01,diesel,215.0,1538.0,3053.0,4601.0,11883.0,17552.0,135.0,3318.0,3891.0,10343.0,38977.0,0.005516073581855966,0.039459168227416165,0.07832824486235472,0.11804397465171768,0.30487210406136955,0.4503168535290043,0.003463581086281653
01055,"Ostholstein, Kreis",2025-01-01,all,1204.0,4500.0,5214.0,22955.0,28978.0,63007.0,4484.0,17496.0,14170.0,31341.0,130342.0,0.009237237421552531,0.034524558469257796,0.04000245507971337,0.17611360881373617,0.22232281229381168,0.48339752343833914,0.03440180448358933
01055,"Ostholstein, Kreis",2025-01-01,diesel,276.0,1346.0,2698.0,3967.0,11745.0,18712.0,219.0,3629.0,4047.0,11036.0,38963.0,0.007083643456612684,0.034545594538408234,0.06924518132587326,0.10181454200138593,0.30143982752868104,0.4802504940584657,0.005620717090573108
01056,"Pinneberg, Kreis",2025-01-01,all,1094.0,5428.0,7131.0,31754.0,38333.0,89087.0,6630.0,25331.0,19554.0,44202.0,179457.0,0.006096167884228534,0.030246800069097333,0.03973653855798325,0.17694489487732437,0.21360548766556892,0.4964253275157837,0.036944783430013874
01056,"Pinneberg, Kreis",2025-01-01,diesel,248.0,1487.0,3348.0,5178.0,14138.0,23943.0,187.0,5073.0,5114.0,13756.0,48529.0,0.0051103463908178616,0.030641472109460322,0.06898967627604113,0.1066990871437697,0.2913309567475118,0.49337509530383894,0.0038533660285602423
01057,"Plön, Kreis",2025-01-01,all,590.0,2947.0,3651.0,14845.0,18390.0,38676.0,3211.0,10461.0,8657.0,19558.0,82310.0,0.0071680233264487915,0.03580366905600778,0.044356700279431414,0.18035475640869883,0.2234236423277852,0.4698821528368364,0.03901105576479164
01057,"Plön, Kreis",2025-01-01,diesel,182.0,1088.0,2074.0,2840.0,7750.0,12561.0,127.0,2735.0,2652.0,7174.0,26622.0,0.0068364510555179924,0.04086845466155811,0.07790549169859515,0.10667868680039065,0.2911126136278266,0.4718278115844039,0.004770490571707611
01058,"Rendsburg-Eckernförde, Kreis",2025-01-01,all,1264.0,6048.0,7934.0,31257.0,40039.0,83768.0,7426.0,23059.0,18567.0,42142.0,177736.0,0.007111671242742044,0.03402799657919611,0.04463924022145204,0.17586195255885134,0.22527231399378855,0.4713057568528604,0.04178106855110951
01058,"Rendsburg-Eckernförde, Kreis",2025-01-01,diesel,324.0,2127.0,4577.0,7069.0,19051.0,29926.0,273.0,6072.0,6601.0,17253.0,63347.0,0.0051146857783320445,0.03357696497071685,0.07225282965254866,0.1115917091574976,0.30074036655248076,0.4724138475381628,0.00430959635026126
01059,"Schleswig-Flensburg, Kreis",2025-01-01,all,990.0,5075.0,6733.0,24748.0,30668.0,58912.0,5336.0,15096.0,13292.0,30524.0,132462.0,0.007473841554559043,0.03831287463574459,0.05082967190590509,0.1868309401941689,0.23152300282345126,0.44474641784058827,0.040283251045582884
01059,"Schleswig-Flensburg, Kreis",2025-01-01,diesel,273.0,2062.0,4129.0,6628.0,16167.0,23370.0,213.0,4179.0,5131.0,14060.0,52842.0,0.005166344952878392,0.03902199008364558,0.07813860186972484,0.1254305287460732,0.3059498126490292,0.44226183717497447,0.00403088452367435
01060,"Segeberg, Kreis",2025-01-01,all,1155.0,5271.0,7070.0,30126.0,37512.0,85871.0,6785.0,25149.0,18337.0,42385.0,173790.0,0.006645952011047816,0.030329708268600035,0.04068128200701997,0.1733471431037459,0.2158467115484205,0.4941078312906381,0.03904137177052765
01060,"Segeberg, Kreis",2025-01-01,diesel,284.0,1548.0,3529.0,5427.0,15340.0,25930.0,259.0,5569.0,5460.0,14901.0,52317.0,0.005428445820670145,0.02958885257182178,0.06745417359558079,0.10373301221400309,0.2932125312995776,0.49563239482386223,0.004950589674484393
01061,"Steinburg, Kreis",2025-01-01,all,619.0,2992.0,3857.0,16172.0,18605.0,37796.0,3044.0,9906.0,8417.0,19473.0,83085.0,0.0074502016007702955,0.03601131371487031,0.04642233856893543,0.19464403923692605,0.2239273033640248,0.45490762472167057,0.03663717879280255
01061,"Steinburg, Kreis",2025-01-01,diesel,157.0,978.0,2071.0,3401.0,8469.0,12766.0,177.0,2424.0,2671.0,7671.0,28019.0,0.0056033405903137155,0.03490488597023449,0.07391412969770512,0.12138191941182769,0.3022591812698526,0.4556194011206681,0.006317141939398266
01062,"Stormarn, Kreis",2025-01-01,all,1356.0,4838.0,5642.0,25197.0,31667.0,78408.0,6752.0,24463.0,16328.0,37617.0,153860.0,0.008813206811386975,0.03144417002469778,0.036669699727024566,0.16376576108150268,0.2058169764721175,0.5096061354478097,0.04388405043546081
01062,"Stormarn, Kreis",2025-01-01,diesel,242.0,1280.0,2738.0,4169.0,12165.0,23627.0,241.0,6187.0,4699.0,12741.0,44462.0,0.0054428500742206825,0.02878862849174576,0.061580675633124915,0.09376546264225631,0.2736044262516306,0.5313975979488103,0.005420358958211507
02000,"Hamburg, kreisfreie Stadt, Freie und Hansestadt",2025-01-01,all,6807.0,23980.0,28828.0,128236.0,146947.0,419580.0,38886.0,147257.0,75095.0,197228.0,793264.0,0.008581002037152827,0.030229532665039634,0.036340991145444645,0.16165614473869985,0.1852435002722927,0.5289285786320821,0.04902025050928821
02000,"Hamburg, kreisfreie Stadt, Freie und Hansestadt",2025-01-01,diesel,1282.0,5941.0,12690.0,20755.0,52330.0,111791.0,1247.0,32408.0,21278.0,58105.0,206036.0,0.0062222135937409,0.028834766739793048,0.0615911782406958,0.10073482304063368,0.253984740530781,0.5425799374866528,0.006052340367702732
03101,"Braunschweig, Stadt",2025-01-01,all,986.0,3997.0,4161.0,20995.0,26261.0,75379.0,9054.0,26085.0,13302.0,35992.0,140833.0,0.007001200002840244,0.02838113226303494,0.029545632060667598,0.14907727592254658,0.1864690804001903,0.5352367697911711,0.06428890955954926
03101,"Braunschweig, Stadt",2025-01-01,diesel,137.0,818.0,1913.0,3556.0,9963.0,23552.0,279.0,7902.0,3558.0,12092.0,40218.0,0.0034064349296334976,0.020339151623651103,0.04756576657218161,0.08841812123924611,0.2477248992988214,0.5856084340345119,0.006937192301954349
03102,Salzgitter,2025-01-01,all,433.0,1907.0,2372.0,12113.0,13022.0,25200.0,1458.0,6643.0,5487.0,13070.0,56505.0,0.007663038669144324,0.033749225732236085,0.04197858596584373,0.2143704096982568,0.23045748163879304,0.4459782320148659,0.025803026280860102
03102,Salzgitter,2025-01-01,diesel,56.0,441.0,1076.0,2398.0,5804.0,7795.0,48.0,1390.0,1621.0,4784.0,17618.0,0.0031785673742763085,0.025031218072425927,0.06107390169145192,0.1361107957770462,0.32943580429106595,0.4424452264729254,0.0027244863208082644
03103,Wolfsburg,2025-01-01,all,514.0,1881.0,1557.0,9571.0,13165.0,84463.0,11517.0,26547.0,6955.0,50961.0,122668.0,0.004190171845958196,0.015334072455734177,0.012692796817425897,0.0780236084390387,0.1073222030195324,0.6885495809828154,0.09388756643949522
03103,Wolfsburg,2025-01-01,diesel,74.0,429.0,919.0,1905.0,4993.0,23096.0,70.0,8418.0,1909.0,12769.0,31486.0,0.0023502509051642,0.013625103220478944,0.029187575430349996,0.060503080734294605,0.15857841580384932,0.733532363590167,0.0022232103156958646
03151,Gifhorn,2025-01-01,all,754.0,3904.0,4201.0,18649.0,25222.0,53274.0,4455.0,14517.0,11466.0,27291.0,110459.0,0.006826062158810056,0.03534343059415711,0.03803221104663269,0.16883187427009116,0.228338116405182,0.4822965987379933,0.040331706787133687
03151,Gifhorn,2025-01-01,diesel,133.0,1075.0,2531.0,4423.0,11629.0,18112.0,69.0,3270.0,3831.0,11011.0,37972.0,0.003502580849046666,0.028310333930264404,0.0666543769093016,0.11648056462656695,0.3062519751395765,0.4769830401348362,0.0018171284104076689
03153,Goslar,2025-01-01,all,535.0,2471.0,2989.0,14098.0,17398.0,39883.0,2475.0,11583.0,8783.0,19517.0,79849.0,0.006700146526568898,0.03094591040589112,0.0374331550802139,0.17655825370386605,0.2178862603163471,0.4994802690077521,0.030996004959360793
03153,Goslar,2025-01-01,diesel,76.0,486.0,1365.0,2496.0,7063.0,11403.0,78.0,2347.0,2428.0,6628.0,22967.0,0.0033090956589889842,0.02116079592458745,0.05943309966473636,0.10867766795837507,0.30752819262419995,0.49649497104541296,0.003396177123699221
03154,Helmstedt,2025-01-01,all,469.0,2036.0,2177.0,9559.0,12558.0,27817.0,2050.0,7546.0,6376.0,13895.0,56666.0,0.008276567959623055,0.03592983446864081,0.03841809903645925,0.16869021988493982,0.22161437193378747,0.4908940105177708,0.036176896198778806
03154,Helmstedt,2025-01-01,diesel,65.0,487.0,1198.0,1900.0,5417.0,8906.0,53.0,1689.0,1954.0,5263.0,18026.0,0.0036059025851547764,0.027016531676467326,0.06645955841562189,0.10540330633529346,0.30051037390436036,0.49406412959059137,0.0029401974925108176
03155,"Northeim, Landkreis",2025-01-01,all,729.0,3152.0,3659.0,16510.0,19086.0,41854.0,3137.0,12243.0,8846.0,20765.0,88127.0,0.008272152688733306,0.035766564163082826,0.041519625086522856,0.18734326596843193,0.21657380825399708,0.4749282285792096,0.035596355260022465
03155,"Northeim, Landkreis",2025-01-01,diesel,112.0,682.0,1760.0,3061.0,8042.0,12854.0,131.0,2984.0,2445.0,7425.0,26642.0,0.004203888596952181,0.02559867877786953,0.06606110652353427,0.11489377674348773,0.30185421514901284,0.482471285939494,0.0049170482696494254
03157,Peine,2025-01-01,all,568.0,3322.0,3651.0,17117.0,19727.0,38662.0,3490.0,9819.0,8802.0,20041.0,86537.0,0.006563666408588234,0.03838820388966569,0.04219004587633036,0.1977997850630366,0.22796029444052832,0.44676843431133506,0.040329570010515736
03157,Peine,2025-01-01,diesel,70.0,737.0,1707.0,3152.0,8224.0,11694.0,63.0,1961.0,2472.0,7261.0,25647.0,0.0027293640581744455,0.02873630444106523,0.06655749210433969,0.1228993644480836,0.32066128592038057,0.45595976137559946,0.0024564276523570006
03158,Wolfenbuettel,2025-01-01,all,542.0,2643.0,2949.0,13494.0,17258.0,35692.0,3073.0,9288.0,7954.0,18450.0,75651.0,0.007164478989041784,0.03493674901851925,0.03898163937026609,0.1783717333544831,0.22812652840015332,0.4717981256030984,0.04062074526443801
03158,Wolfenbuettel,2025-01-01,diesel,87.0,586.0,1381.0,2361.0,7061.0,10184.0,88.0,1721.0,2149.0,6314.0,21748.0,0.004000367849917234,0.02694500643737355,0.06350009196247931,0.10856170682361596,0.32467353319845504,0.46827294463858743,0.004046349089571455
03159,"Göttingen, Landkreis",2025-01-01,all,1682.0,6373.0,7200.0,33795.0,39642.0,87133.0,6953.0,24713.0,19007.0,43413.0,182778.0,0.009202420422589152,0.034867434811629405,0.039392049371368545,0.1848964317368611,0.2168860584971933,0.4767149219271466,0.03804068323321187
03159,"Göttingen, Landkreis",2025-01-01,diesel,241.0,1491.0,3416.0,6041.0,16291.0,25345.0,328.0,5474.0,5308.0,14563.0,53153.0,0.004534080860910956,0.02805109777434952,0.06426730382104491,0.11365303933926589,0.3064925780294621,0.47683103493688034,0.006170865238086279
03241,"Region Hannover, Landkreis",2025-01-01,all,4657.0,20387.0,23627.0,110288.0,123208.0,285655.0,24320.0,87894.0,59068.0,138693.0,592142.0,0.007864667596623782,0.034429241634607914,0.03990090214847115,0.18625262183732955,0.2080717125284138,0.48240962471839527,0.041071229536158556
03241,"Region Hannover, Landkreis",2025-01-01,diesel,576.0,3803.0,9899.0,18111.0,46030.0,82802.0,591.0,20893.0,16727.0,45182.0,161812.0,0.003559686549823252,0.02350258324475317,0.06117593256371592,0.11192618594418213,0.2844659234172991,0.5117173015598349,0.0036523867203915655
03241001,"Hannover, Landeshauptstadt",2025-01-01,all,1825.0,7716.0,8846.0,41350.0,43617.0,108187.0,9430.0,37212.0,20868.0,50107.0,220971.0,0.008259002312520648,0.03491860922926538,0.040032402441949395,0.18712862773848152,0.1973878925288839,0.48959818256694315,0.042675283181956
03241001,"Hannover, Landeshauptstadt",2025-01-01,diesel,180.0,1318.0,3429.0,6604.0,15651.0,30530.0,210.0,8918.0,5935.0,15677.0,57922.0,0.003107627499050447,0.022754739131936052,0.05920030385691102,0.11401540002071751,0.27020821104243636,0.5270881530333897,0.003625565415558855
03251,"Diepholz, Landkreis",2025-01-01,all,971.0,4634.0,6179.0,28109.0,32889.0,66748.0,5544.0,18214.0,14266.0,34268.0,145074.0,0.006693135916842439,0.0319423190923253,0.04259205646773371,0.1937562898934337,0.22670499193515034,0.4600962267532432,0.03821497994127135
03251,"Diepholz, Landkreis",2025-01-01,diesel,157.0,1123.0,2989.0,5323.0,14217.0,21014.0,158.0,3947.0,4283.0,12784.0,44981.0,0.003490362597541184,0.02496609679642516,0.06645027900669172,0.11833885418287722,0.31606678375314023,0.4671750294568818,0.00351259420644272
03252,"Hameln-Pyrmont, Landkreis",2025-01-01,all,887.0,3642.0,4250.0,18676.0,20234.0,40811.0,3500.0,11000.0,8800.0,21011.0,92000.0,0.009641304347826087,0.03958695652173913,0.04619565217391304,0.203,0.21993478260869564,0.4435978260869565,0.03804347826086957
03252,"Hameln-Pyrmont, Landkreis",2025-01-01,diesel,136.0,768.0,1820.0,3218.0,7955.0,11098.0,218.0,2026.0,2257.0,6815.0,25213.0,0.005394042755721255,0.030460476738190616,0.07218498393685797,0.12763257049934557,0.3155118391306072,0.4401697536984889,0.008646333240788482
03254,"Hildesheim, Landkreis",2025-01-01,all,1134.0,5360.0,6277.0,30519.0,35881.0,77417.0,5799.0,21356.0,16959.0,39102.0,162387.0,0.006983317630105858,0.03300756833983016,0.038654572102446626,0.18793992129911877,0.22095980589579214,0.47674382801578946,0.03571098671691699
03254,"Hildesheim, Landkreis",2025-01-01,diesel,200.0,1169.0,2834.0,5115.0,13741.0,21430.0,155.0,4230.0,4616.0,12584.0,44644.0,0.004479885314935938,0.026184929665800556,0.06347997491264223,0.1145730669294866,0.3077905205626736,0.4800197114953857,0.003471911119075352
03255,"Holzminden, Landkreis",2025-01-01,all,532.0,1822.0,2128.0,8911.0,9275.0,20794.0,1468.0,5683.0,4695.0,10416.0,44930.0,0.01184064099710661,0.04055196973069219,0.04736256398842644,0.19833073670153573,0.20643222791008234,0.46280881371021587,0.032673046961940795
03255,"Holzminden, Landkreis",2025-01-01,diesel,93.0,360.0,971.0,1647.0,3766.0,5913.0,98.0,1160.0,1255.0,3498.0,12848.0,0.007238480697384807,0.028019925280199254,0.07557596513075965,0.1281911581569116,0.2931195516811955,0.4602272727272727,0.007627646326276463
03256,"Nienburg (Weser), Landkreis",2025-01-01,all,609.0,3330.0,3954.0,16612.0,18526.0,33568.0,2602.0,8455.0,7446.0,17667.0,79201.0,0.007689296852312471,0.04204492367520612,0.049923612075605105,0.20974482645421144,0.23391118799005062,0.42383303241120696,0.03285312054140731
03256,"Nienburg (Weser), Landkreis",2025-01-01,diesel,117.0,756.0,1948.0,3311.0,8409.0,11408.0,115.0,2009.0,2402.0,6997.0,26064.0,0.004488950276243094,0.029005524861878452,0.07473910374462861,0.12703345610804173,0.32262891344383055,0.4376918354818907,0.004412216083486802
03257,"Schaumburg, Landkreis",2025-01-01,all,841.0,3949.0,4640.0,20823.0,22953.0,45892.0,3737.0,11983.0,10147.0,23762.0,102835.0,0.00817814946273156,0.03840132250692858,0.04512082462196723,0.20248942480672924,0.22320221714396848,0.446268293868819,0.03633976758885593
03257,"Schaumburg, Landkreis",2025-01-01,diesel,121.0,787.0,2009.0,3497.0,8977.0,13134.0,98.0,2364.0,2762.0,8008.0,28623.0,0.004227369597875834,0.027495370855605633,0.07018831010026902,0.12217447507249415,0.3136288998357964,0.4588617545330678,0.0034238200048911714
03351,"Celle, Landkreis",2025-01-01,all,736.0,3968.0,5133.0,21196.0,25396.0,51975.0,3818.0,13978.0,11723.0,26274.0,112222.0,0.0065584288285719375,0.035358485858387835,0.04573969453404858,0.18887562153588422,0.22630143822066975,0.4631444814742207,0.03402184954821693
03351,"Celle, Landkreis",2025-01-01,diesel,161.0,911.0,2481.0,4044.0,11002.0,17295.0,128.0,3336.0,3793.0,10166.0,36022.0,0.004469490866692577,0.02529010049414247,0.06887457664760424,0.11226472711120981,0.3054244628282716,0.4801232580089945,0.0035533840430847815
03352,"Cuxhaven, Landkreis",2025-01-01,all,830.0,4218.0,5658.0,23989.0,29127.0,59984.0,3644.0,15712.0,13462.0,30810.0,127450.0,0.0065123577873675955,0.03309533150255002,0.04439387995292272,0.1882228324833268,0.22853668105139271,0.47064731267163595,0.02859160455080424
03352,"Cuxhaven, Landkreis",2025-01-01,diesel,165.0,1148.0,2870.0,4748.0,13153.0,19169.0,152.0,3105.0,4079.0,11985.0,41405.0,0.003985025963047941,0.027726120033812342,0.06931530008453085,0.11467214104576742,0.3176669484361792,0.46296341021615744,0.00367105422050477
03353,"Harburg, Landkreis",2025-01-01,all,1202.0,5279.0,6422.0,27216.0,36452.0,86300.0,6789.0,24593.0,18934.0,42773.0,169660.0,0.007084757750795709,0.031115171519509606,0.037852174938111514,0.1604149475421431,0.21485323588353178,0.5086643875987269,0.04001532476718142
03353,"Harburg, Landkreis",2025-01-01,diesel,256.0,1497.0,3308.0,5105.0,15528.0,26791.0,247.0,5257.0,5856.0,15678.0,52732.0,0.004854737161495866,0.02838883410452856,0.06273230675870439,0.09681028597436092,0.2944701509519836,0.5080596222407646,0.004684062808162027
03354,"Lüchow-Dannenberg, Landkreis",2025-01-01,all,311.0,1562.0,1999.0,6953.0,7427.0,12339.0,1019.0,2994.0,2743.0,6602.0,31610.0,0.009838658652325213,0.049414742170199304,0.06323948117684278,0.21996203732995886,0.23495729199620374,0.3903511546978804,0.032236633976589685
03354,"Lüchow-Dannenberg, Landkreis",2025-01-01,diesel,89.0,537.0,1141.0,1630.0,3678.0,4549.0,60.0,783.0,923.0,2843.0,11684.0,0.007617254364943512,0.04596028757274906,0.09765491270112975,0.13950701814447108,0.31478945566586786,0.3893358438890791,0.005135227661759671
03355,"Lüneburg, Landkreis",2025-01-01,all,749.0,3464.0,4356.0,18767.0,23611.0,51662.0,4421.0,13841.0,11498.0,26323.0,107030.0,0.0069980379332897314,0.03236475754461366,0.040698869475847894,0.17534336167429693,0.22060170045781557,0.48268709707558627,0.04130617583854994
03355,"Lüneburg, Landkreis",2025-01-01,diesel,184.0,1059.0,2273.0,3642.0,10279.0,16336.0,157.0,3236.0,3667.0,9433.0,33930.0,0.005422929560860596,0.03121131741821397,0.06699086354258768,0.10733863837312113,0.3029472443265547,0.48146183318597113,0.004627173592690834
03356,"Osterholz, Landkreis",2025-01-01,all,508.0,2543.0,3174.0,14189.0,16680.0,34502.0,2715.0,8789.0,7725.0,17988.0,74311.0,0.006836134623407032,0.03422104399079544,0.042712384438373864,0.19094077592819367,0.22446205810714429,0.46429196215903434,0.036535640753051365
03356,"Osterholz, Landkreis",2025-01-01,diesel,108.0,629.0,1413.0,2450.0,6772.0,10675.0,72.0,1918.0,2267.0,6490.0,22119.0,0.004882680048826801,0.028437090284370903,0.0638817306388173,0.110764501107645,0.3061621230616212,0.48261675482616756,0.0032551200325512003
03357,"Rotenburg (Wümme), Landkreis",2025-01-01,all,762.0,4074.0,4943.0,21482.0,26248.0,57513.0,4227.0,17996.0,11493.0,28024.0,119249.0,0.006389990691745843,0.034163808501538794,0.04145108135078701,0.18014406829407376,0.2201108604684316,0.4822933525648014,0.03544683812862162
03357,"Rotenburg (Wümme), Landkreis",2025-01-01,diesel,146.0,1179.0,2765.0,4673.0,12803.0,24744.0,116.0,6867.0,4536.0,13341.0,46426.0,0.0031447895575754965,0.025395252660147333,0.059557144703398956,0.10065480549691982,0.2757721966139663,0.5329772110455349,0.0024985999224572436
03358,Heidekreis,2025-01-01,all,733.0,3286.0,4194.0,17603.0,20565.0,40127.0,2961.0,10114.0,9197.0,20816.0,89469.0,0.008192781857403122,0.03672780516156434,0.04687657177346343,0.1967497121908147,0.2298561512926265,0.4485017156780561,0.03309526204607183
03358,Heidekreis,2025-01-01,diesel,132.0,846.0,2125.0,3653.0,9791.0,14955.0,137.0,2642.0,3222.0,9091.0,31639.0,0.004172066120926705,0.026739151047757516,0.06716394323461551,0.11545876924049432,0.3094598438635861,0.4726761275640823,0.004330098928537565
03359,"Stade, Landkreis",2025-01-01,all,843.0,4087.0,5095.0,22518.0,28719.0,62204.0,4694.0,16315.0,13745.0,32144.0,128160.0,0.006577715355805243,0.03188982521847691,0.039754993757802747,0.17570224719101124,0.2240870786516854,0.4853620474406991,0.03662609238451935
03359,"Stade, Landkreis",2025-01-01,diesel,188.0,1163.0,2551.0,4259.0,12259.0,19139.0,147.0,3305.0,4148.0,11686.0,39706.0,0.00473480078577545,0.029290283584344934,0.06424721704528283,0.10726338588626404,0.308744270387347,0.48201783105827833,0.0037022112527073992
03360,"Uelzen, Landkreis",2025-01-01,all,395.0,2099.0,2517.0,11006.0,13192.0,26735.0,2102.0,7048.0,6018.0,13669.0,58046.0,0.006804947800020673,0.036160975777831374,0.043362161044688693,0.1896082417393102,0.22726802880474106,0.46058298590772834,0.03621265892567963
03360,"Uelzen, Landkreis",2025-01-01,diesel,92.0,592.0,1364.0,2106.0,5679.0,8320.0,78.0,1564.0,1828.0,4928.0,18231.0,0.005046349624266359,0.03247216279962701,0.07481761834238385,0.11551752509461906,0.31150238604574626,0.4563655312380012,0.004278426855356262
03361,"Verden, Landkreis",2025-01-01,all,614.0,2736.0,3495.0,16464.0,20161.0,41819.0,3232.0,11225.0,9379.0,21215.0,88521.0,0.006936207227663492,0.030907920154539602,0.039482156776358156,0.18598976514047513,0.22775386631420794,0.47241897402876154,0.03651111035799415
03361,"Verden, Landkreis",2025-01-01,diesel,91.0,651.0,1630.0,3015.0,8515.0,14113.0,73.0,3008.0,2920.0,8185.0,28088.0,0.0032398177157504982,0.023177157504984336,0.058031899743662775,0.10734121332953575,0.30315437197379663,0.5024565650811734,0.002598974651096554
03401,"Delmenhorst, kreisfreie Stadt",2025-01-01,all,182.0,1237.0,1798.0,9144.0,9445.0,19798.0,1093.0,5439.0,4172.0,10187.0,42697.0,0.0042625945616788065,0.028971590509871886,0.04211068693350821,0.21416024545050003,0.22120992107173806,0.46368597325339017,0.02559898821931283
03401,"Delmenhorst, kreisfreie Stadt",2025-01-01,diesel,23.0,206.0,730.0,1505.0,3645.0,5579.0,31.0,1119.0,1152.0,3308.0,11719.0,0.001962624797337657,0.017578291663111187,0.062292004437238674,0.12842392695622493,0.31103336462155473,0.47606451062377336,0.0026452769007594503
03402,"Emden, kreisfreie Stadt",2025-01-01,all,119.0,703.0,933.0,4835.0,5410.0,12514.0,815.0,3692.0,2569.0,6253.0,25329.0,0.004698172055746378,0.02775474752260255,0.03683524813454933,0.19088791503809863,0.21358916656796556,0.49405819416479135,0.0321765565162462
03402,"Emden, kreisfreie Stadt",2025-01-01,diesel,21.0,168.0,458.0,737.0,2026.0,3753.0,25.0,895.0,705.0,2153.0,7188.0,0.002921535893155259,0.02337228714524207,0.06371730662214803,0.10253199777406789,0.281858653311074,0.5221202003338898,0.003478018920422927
03403,"Oldenburg (Oldenburg), kreisfreie Stadt",2025-01-01,all,704.0,2677.0,3365.0,15798.0,18739.0,44620.0,4677.0,12542.0,9118.0,22960.0,90580.0,0.007772135129167587,0.029553985427246632,0.03714948112166041,0.17440936189004194,0.20687789799072642,0.49260322366968423,0.05163391477147273
03403,"Oldenburg (Oldenburg), kreisfreie Stadt",2025-01-01,diesel,133.0,620.0,1522.0,2811.0,7909.0,14981.0,112.0,3300.0,3093.0,8588.0,28088.0,0.004735118199943036,0.02207348333808032,0.054186841355739104,0.10007832526345771,0.2815793221304472,0.5333594417544859,0.003987467957846767
03404,"Osnabrück, kreisfreie Stadt",2025-01-01,all,635.0,2721.0,3249.0,15981.0,16745.0,44756.0,3971.0,15277.0,8336.0,21143.0,88058.0,0.007211156283358696,0.030900088577982692,0.03689613663721638,0.18148265915646505,0.19015875899975015,0.5082559222330737,0.04509527811215335
03404,"Osnabrück, kreisfreie Stadt",2025-01-01,diesel,49.0,462.0,1298.0,2735.0,6319.0,14815.0,70.0,4814.0,2639.0,7362.0,25748.0,0.001903060431878204,0.01794314121485164,0.050411682460773655,0.10622184247320181,0.2454171197762933,0.5753844958831754,0.0027186577598260057
03405,"Wilhelmshaven, kreisfreie Stadt",2025-01-01,all,209.0,1249.0,1805.0,8361.0,8465.0,19111.0,878.0,5303.0,4193.0,9615.0,40078.0,0.005214831079395179,0.031164229751983633,0.04503717750386746,0.20861819452068467,0.2112131343879435,0.4768451519536903,0.02190728080243525
03405,"Wilhelmshaven, kreisfreie Stadt",2025-01-01,diesel,47.0,242.0,715.0,1202.0,3091.0,4833.0,32.0,910.0,1030.0,2893.0,10162.0,0.004625073804369218,0.023814209801220232,0.07036016532178704,0.11828380240110214,0.3041724070064948,0.4755953552450305,0.003148986419996064
03451,"Ammerland, Landkreis",2025-01-01,all,523.0,2530.0,3250.0,14413.0,18445.0,39353.0,3034.0,10370.0,8721.0,20262.0,81548.0,0.0064134006965222935,0.031024672585471133,0.03985382842007162,0.1767425320056899,0.2261858046794526,0.482574679943101,0.03720508166969147
03451,"Ammerland, Landkreis",2025-01-01,diesel,104.0,710.0,1616.0,2882.0,8324.0,13859.0,79.0,2638.0,2927.0,8294.0,27574.0,0.003771668963516356,0.025748893885544355,0.058605933125407995,0.10451874954667441,0.30187858127221295,0.5026111554362805,0.002865017770363386
03452,"Aurich, Landkreis",2025-01-01,all,783.0,4188.0,5126.0,23055.0,27552.0,55392.0,3788.0,14432.0,11940.0,29020.0,119884.0,0.006531313603149711,0.034933769310333325,0.04275799939941944,0.19231090053718594,0.22982216142270862,0.4620466450902539,0.03159721063694905
03452,"Aurich, Landkreis",2025-01-01,diesel,170.0,1159.0,2651.0,4445.0,12317.0,18408.0,137.0,3101.0,3777.0,11530.0,39287.0,0.004327131112072695,0.0295008526993662,0.0674777916359101,0.11314175172448902,0.3135133759258788,0.4685519383002011,0.0034871586020821135
03453,"Cloppenburg, Landkreis",2025-01-01,all,573.0,2925.0,4476.0,20787.0,26263.0,47758.0,4114.0,11520.0,10300.0,25938.0,106896.0,0.005360350246969016,0.027363044454422992,0.0418724741805119,0.19446003592276606,0.24568739709624307,0.4467706930100284,0.03848600508905852
03453,"Cloppenburg, Landkreis",2025-01-01,diesel,103.0,930.0,2596.0,6214.0,15746.0,22811.0,94.0,3758.0,4435.0,14618.0,48494.0,0.0021239740998886462,0.01917763022229554,0.05353239576030024,0.12813956365735968,0.32469996288200603,0.4703880892481544,0.0019383841299954634
03454,"Emsland, Landkreis",2025-01-01,all,1057.0,4804.0,7484.0,36498.0,50160.0,102565.0,9223.0,27246.0,22428.0,52891.0,211791.0,0.00499076920171301,0.02268273911544872,0.035336723467947175,0.1723302689916002,0.23683725937362776,0.4842745914604492,0.04354764838921389
03454,"Emsland, Landkreis",2025-01-01,diesel,236.0,1290.0,4097.0,9303.0,27859.0,45734.0,147.0,9217.0,9360.0,27157.0,88666.0,0.0026616741479259243,0.014548981571290009,0.04620711433920556,0.10492184151760539,0.3142016105384251,0.5158008706832382,0.0016579072023097919
03455,"Friesland, Landkreis",2025-01-01,all,463.0,2362.0,3009.0,12579.0,14800.0,31387.0,2342.0,8184.0,6840.0,16363.0,66942.0,0.006916435122942249,0.03528427594036629,0.04494935914672403,0.18790893609393206,0.22108691105733322,0.4688685727943593,0.034985509844342864
03455,"Friesland, Landkreis",2025-01-01,diesel,104.0,633.0,1435.0,2266.0,6415.0,10148.0,95.0,1733.0,2116.0,6299.0,21096.0,0.004929844520288207,0.030005688282138794,0.06802237390974593,0.10741372772089496,0.30408608266970044,0.48103905953735304,0.00450322335987865
03456,"Grafschaft Bentheim, Landkreis",2025-01-01,all,407.0,2055.0,3318.0,14895.0,20665.0,42993.0,3750.0,11686.0,9244.0,22063.0,88083.0,0.004620641894576706,0.0233302680426416,0.037669016722863664,0.16910186982732195,0.2346082672025249,0.4880964544804332,0.04257348182963795
03456,"Grafschaft Bentheim, Landkreis",2025-01-01,diesel,76.0,521.0,1727.0,4012.0,11705.0,18879.0,55.0,3518.0,4006.0,11355.0,36975.0,0.002055442866801893,0.014090601757944557,0.04670723461798512,0.10850574712643678,0.3165652467883705,0.5105882352941177,0.0014874915483434753
03457,"Leer, Landkreis",2025-01-01,all,642.0,3523.0,5003.0,21779.0,24767.0,47421.0,3218.0,12098.0,10155.0,25168.0,106353.0,0.006036501086006036,0.033125534775699794,0.04704145628238037,0.20478030709053813,0.2328754242945662,0.4458830498434459,0.03025772662736359
03457,"Leer, Landkreis",2025-01-01,diesel,156.0,972.0,2553.0,4633.0,11883.0,17646.0,100.0,3128.0,3508.0,11010.0,37943.0,0.004111430303349761,0.0256173734285639,0.06728513823366629,0.12210420894499645,0.31318029676093084,0.4650660200827557,0.0026355322457370265
03458,"Oldenburg, Landkreis",2025-01-01,all,580.0,2714.0,3556.0,15626.0,19470.0,40695.0,3252.0,10323.0,9018.0,21354.0,85893.0,0.006752587521683956,0.0315974526445694,0.04140034694328991,0.18192402174798877,0.22667737766756313,0.4737871537843596,0.037861059690545214
03458,"Oldenburg, Landkreis",2025-01-01,diesel,107.0,712.0,1775.0,3319.0,8962.0,14450.0,78.0,2549.0,3080.0,8821.0,29403.0,0.0036390844471652552,0.024215216134408052,0.060367989660918955,0.11287963813216338,0.30479883005135533,0.49144645104241064,0.0026527905315784106
03459,"Osnabrück, Landkreis",2025-01-01,all,1540.0,7693.0,9624.0,46714.0,53054.0,107581.0,9375.0,28137.0,23465.0,55979.0,235581.0,0.006537029726505958,0.03265543486104567,0.040852190966164506,0.19829273158701252,0.22520491890262798,0.4566624642904139,0.03979522966622945
03459,"Osnabrück, Landkreis",2025-01-01,diesel,193.0,1699.0,4463.0,9337.0,23796.0,37596.0,218.0,7163.0,7748.0,22685.0,77302.0,0.0024967012496442524,0.021978732762412356,0.05773459936353523,0.12078600812398127,0.30783162143282194,0.4863522289203384,0.002820108147266565
03460,"Vechta, Landkreis",2025-01-01,all,536.0,2381.0,3290.0,16741.0,20956.0,43467.0,4329.0,11480.0,9375.0,22612.0,91700.0,0.005845147219193021,0.025965103598691384,0.03587786259541985,0.18256270447110143,0.2285278080697928,0.4740130861504907,0.0472082878953108
03460,"Vechta, Landkreis",2025-01-01,diesel,72.0,602.0,1686.0,4107.0,11156.0,18518.0,73.0,3454.0,3843.0,11221.0,36214.0,0.0019881813663224167,0.016623405312862428,0.04655658032804993,0.11340917877064119,0.30805765725962336,0.5113492019660905,0.002015794996410228
03461,"Wesermarsch, Landkreis",2025-01-01,all,386.0,1758.0,2484.0,10733.0,12391.0,24920.0,1673.0,6083.0,5660.0,13177.0,54345.0,0.007102769344005888,0.03234888214187138,0.04570797681479437,0.19749746986843317,0.22800625632532892,0.4585518446959242,0.0307848008096421
03461,"Wesermarsch, Landkreis",2025-01-01,diesel,84.0,486.0,1241.0,2201.0,5707.0,8770.0,55.0,1350.0,1919.0,5501.0,18544.0,0.0045297670405522,0.026207937877480585,0.06692191544434857,0.11869068162208801,0.30775452976704054,0.47292924935289044,0.002965918895599655
03462,"Wittmund, Landkreis",2025-01-01,all,308.0,1358.0,1716.0,7426.0,8584.0,16865.0,1000.0,4239.0,3795.0,8831.0,37257.0,0.008266902863891349,0.03644952626352095,0.046058458813108945,0.1993182489196661,0.23039965644040047,0.4526666129854792,0.026840593713932954
03462,"Wittmund, Landkreis",2025-01-01,diesel,46.0,368.0,865.0,1539.0,4017.0,5755.0,42.0,922.0,1192.0,3641.0,12632.0,0.003641545281823939,0.029132362254591513,0.06847688410386321,0.12183343888537049,0.3180018999366688,0.4555889803673211,0.003324889170360988
04011,"Bremen, kreisfreie Stadt",2025-01-01,all,1974.0,7796.0,10635.0,48865.0,49445.0,115868.0,8022.0,36951.0,22691.0,56226.0,242605.0,0.008136683085674244,0.03213453968384823,0.04383668926856413,0.20141794274643968,0.20380866016776242,0.4775993899548649,0.033066095092846394
04011,"Bremen, kreisfreie Stadt",2025-01-01,diesel,272.0,1660.0,4336.0,8448.0,19095.0,35234.0,360.0,9684.0,6617.0,18933.0,69405.0,0.003919026006771846,0.023917585188387006,0.062473885166774726,0.12172033715150206,0.27512427058569267,0.5076579497154383,0.005186946185433326
04012,"Bremerhaven, kreisfreie Stadt",2025-01-01,all,201.0,1268.0,2150.0,10915.0,11476.0,24923.0,1372.0,7494.0,5219.0,12210.0,52305.0,0.0038428448523085746,0.024242424242424242,0.04110505687792754,0.2086798585221298,0.219405410572603,0.47649364305515723,0.026230761877449573
04012,"Bremerhaven, kreisfreie Stadt",2025-01-01,diesel,39.0,275.0,931.0,1989.0,4446.0,6604.0,35.0,1400.0,1274.0,3930.0,14319.0,0.0027236538864445843,0.019205251763391298,0.065018506878972,0.13890634820867379,0.3104965430546826,0.4612053914379496,0.0024443047698861652
05111,"Düsseldorf, kreisfreie Stadt",2025-01-01,all,2765.0,8742.0,10680.0,47303.0,51976.0,180877.0,16780.0,75821.0,32890.0,72166.0,319123.0,0.008664370791199631,0.027393826204942923,0.03346671972875662,0.14822811267128974,0.16287136934661556,0.5667939947919768,0.05258160646521874
05111,"Düsseldorf, kreisfreie Stadt",2025-01-01,diesel,204.0,1271.0,3733.0,7467.0,18931.0,52314.0,271.0,20497.0,10387.0,21430.0,84191.0,0.002423061847465881,0.01509662553004478,0.04433965625779478,0.0886911902697438,0.22485776389400292,0.6213728308251476,0.0032188713758002636
05112,"Duisburg, kreisfreie Stadt",2025-01-01,all,1369.0,6642.0,10964.0,55256.0,48531.0,109328.0,5751.0,33210.0,23209.0,52909.0,237841.0,0.005755946199351668,0.02792621961730736,0.04609802346946069,0.23232327479282378,0.20404808254253892,0.4596684339537758,0.02418001942474174
05112,"Duisburg, kreisfreie Stadt",2025-01-01,diesel,97.0,890.0,3850.0,8186.0,16157.0,26959.0,166.0,6369.0,5194.0,15396.0,56305.0,0.0017227599680312584,0.015806766716987834,0.06837758636000356,0.14538673297220495,0.28695497735547465,0.4788029482283989,0.0029482283988988543
05113,"Essen, kreisfreie Stadt",2025-01-01,all,1738.0,8401.0,11131.0,54945.0,55335.0,152864.0,10624.0,54094.0,31234.0,67536.0,295038.0,0.005890766613114243,0.028474298225991228,0.03772734359641809,0.18623024830699775,0.18755211193134444,0.5181163104413669,0.036008920884767384
05113,"Essen, kreisfreie Stadt",2025-01-01,diesel,91.0,1074.0,3351.0,6751.0,16259.0,34617.0,129.0,10960.0,6761.0,16896.0,62272.0,0.0014613309352517986,0.017246916752312436,0.05381230729701953,0.10841148509763618,0.26109647995889,0.5558999229188079,0.00207155704008222
05114,"Krefeld, kreisfreie Stadt",2025-01-01,all,771.0,3618.0,5117.0,24915.0,23956.0,58994.0,3846.0,18221.0,12504.0,28269.0,121217.0,0.006360493990116897,0.029847298646229488,0.04221355090457609,0.2055404769958009,0.1976290454309214,0.4866809110933285,0.031728222939026704
05114,"Krefeld, kreisfreie Stadt",2025-01-01,diesel,71.0,529.0,1778.0,3409.0,8255.0,15023.0,87.0,3899.0,3055.0,8069.0,29152.0,0.002435510428100988,0.018146267837541162,0.06099066959385291,0.1169388035126235,0.2831709659714599,0.5153334248079035,0.002984357848518112
05116,"Mönchengladbach, kreisfreie Stadt",2025-01-01,all,1017.0,4274.0,6451.0,29620.0,28830.0,67831.0,4679.0,20843.0,14261.0,32727.0,142702.0,0.007126739639248224,0.029950526271530883,0.04520609381788623,0.2075654160418214,0.20202940393267088,0.47533321186808875,0.03278860842875363
05116,"Mönchengladbach, kreisfreie Stadt",2025-01-01,diesel,92.0,616.0,2248.0,4624.0,10092.0,17063.0,162.0,4162.0,3383.0,9518.0,34897.0,0.0026363297704673754,0.01765194715878156,0.06441814482620283,0.13250422672436027,0.28919391351692125,0.4889532051465742,0.0046422328566925524
05117,"Mülheim an der Ruhr, kreisfreie Stadt",2025-01-01,all,739.0,3059.0,3779.0,17582.0,18572.0,47554.0,3144.0,15560.0,9913.0,22081.0,94429.0,0.007825985661184594,0.032394709252454225,0.04001948553939997,0.18619280094038906,0.19667686833493947,0.5035952938186362,0.03329485645299643
05117,"Mülheim an der Ruhr, kreisfreie Stadt",2025-01-01,diesel,46.0,428.0,1198.0,2185.0,5720.0,10143.0,55.0,2428.0,2112.0,5603.0,19775.0,0.0023261694058154237,0.021643489254108722,0.060581542351453854,0.11049304677623262,0.2892541087231353,0.5129203539823008,0.002781289506953224
05119,"Oberhausen, kreisfreie Stadt",2025-01-01,all,795.0,3570.0,4680.0,23665.0,22645.0,54869.0,3020.0,16977.0,11852.0,26040.0,113244.0,0.0070202394828865105,0.03152484899862244,0.04132669280491682,0.20897354385221292,0.1999664441383208,0.48452015117798736,0.02666807954505316
05119,"Oberhausen, kreisfreie Stadt",2025-01-01,diesel,79.0,415.0,1499.0,2955.0,6663.0,11588.0,91.0,2696.0,2367.0,6525.0,23290.0,0.0033920137398024902,0.017818806354658653,0.0643623872906827,0.12687848862172607,0.28608844997853156,0.4975525976814083,0.00390725633319021
05120,"Remscheid, kreisfreie Stadt",2025-01-01,all,366.0,1713.0,2258.0,11382.0,12537.0,33192.0,2106.0,10791.0,7019.0,15382.0,63554.0,0.005758882210403751,0.02695345690279133,0.03552884161500456,0.1790917959530478,0.1972653176826006,0.5222645309500582,0.033137174686093715
05120,"Remscheid, kreisfreie Stadt",2025-01-01,diesel,27.0,222.0,792.0,1685.0,4184.0,7177.0,21.0,1632.0,1443.0,4102.0,14108.0,0.0019138077686419053,0.015735752764389,0.05613836121349589,0.11943578111709668,0.2965693223702864,0.5087184576127021,0.0014885171533881485
05122,"Solingen, kreisfreie Stadt",2025-01-01,all,602.0,3024.0,3813.0,18341.0,18204.0,43734.0,3416.0,13037.0,9149.0,21548.0,91134.0,0.006605657603089956,0.033181907959707685,0.04183948910395681,0.20125309983101805,0.19974981894792285,0.4798867601553756,0.03748326639892905
05122,"Solingen, kreisfreie Stadt",2025-01-01,diesel,66.0,449.0,1382.0,2381.0,5980.0,9127.0,45.0,1870.0,1808.0,5449.0,19430.0,0.0033968090581574886,0.023108594956253215,0.07112712300566135,0.12254246011322698,0.30777148739063304,0.4697375193000515,0.0023160061760164694
05124,"Wuppertal, kreisfreie Stadt",2025-01-01,all,1202.0,5285.0,6943.0,34181.0,34747.0,88081.0,5857.0,28768.0,18393.0,40920.0,176296.0,0.006818078685846531,0.02997799155964968,0.03938262921450288,0.19388414938512502,0.19709465898262013,0.4996199573444661,0.033222534827789627
05124,"Wuppertal, kreisfreie Stadt",2025-01-01,diesel,118.0,774.0,2490.0,5158.0,11859.0,21184.0,109.0,5524.0,4108.0,11552.0,41692.0,0.0028302791902523267,0.01856471265470594,0.0597236879976974,0.12371678019763983,0.28444305862035885,0.5081070709008922,0.0026144104384534204
05154,"Kleve, Kreis",2025-01-01,all,1213.0,5879.0,9324.0,39157.0,45175.0,93743.0,6795.0,25280.0,20781.0,47682.0,201286.0,0.006026251204753435,0.02920719771866896,0.046322148584601014,0.19453414544479,0.22443190286458076,0.46572041771409833,0.0337579364685075
05154,"Kleve, Kreis",2025-01-01,diesel,239.0,1413.0,4268.0,8031.0,20739.0,31528.0,280.0,5773.0,6472.0,19283.0,66498.0,0.0035940930554302386,0.021248759361183794,0.06418238142500526,0.12077054949021024,0.3118740413245511,0.4741195223916509,0.00421065295196848
05158,"Mettmann, Kreis",2025-01-01,all,1729.0,8576.0,10831.0,51917.0,58120.0,155348.0,12310.0,51781.0,31804.0,71763.0,298831.0,0.0057858789750728674,0.028698495136046796,0.036244566326786715,0.17373364878476463,0.19449120071210818,0.5198523580217581,0.041193852043462695
05158,"Mettmann, Kreis",2025-01-01,diesel,161.0,1311.0,3903.0,7102.0,19636.0,38116.0,146.0,11196.0,7439.0,19481.0,70375.0,0.0022877442273534637,0.018628774422735347,0.055460035523978685,0.10091651865008881,0.27901953818827707,0.5416127886323269,0.002074600355239787
05162,Rhein-Kreis Neuss,2025-01-01,all,2430.0,7407.0,9893.0,47967.0,54614.0,140433.0,10794.0,43592.0,29930.0,66911.0,273538.0,0.008883592042056314,0.02707850463189758,0.036166821428832555,0.17535771995115854,0.1996578171954171,0.5133948482477755,0.03946069650286249
05162,Rhein-Kreis Neuss,2025-01-01,diesel,261.0,1143.0,3748.0,7373.0,19091.0,34491.0,509.0,8737.0,6863.0,18891.0,66616.0,0.003917977663023898,0.01715804011048397,0.056262759697370004,0.11067911612825748,0.286582802930227,0.5177584964573075,0.007640807013330131
05166,"Viersen, Kreis",2025-01-01,all,1268.0,5691.0,7956.0,36473.0,40460.0,92129.0,6929.0,26001.0,20107.0,46021.0,190906.0,0.00664201229924675,0.029810482645909506,0.04167496045174065,0.1910521408441851,0.21193676469047595,0.4825882895246875,0.03629534954375452
05166,"Viersen, Kreis",2025-01-01,diesel,161.0,1048.0,3145.0,5605.0,15288.0,25424.0,178.0,5517.0,5322.0,14585.0,50849.0,0.003166237290802179,0.020610041495407974,0.061849790556353125,0.11022832307420008,0.30065488013530256,0.4999901669649354,0.0035005604829986825
05170,"Wesel, Kreis",2025-01-01,all,1755.0,8387.0,11647.0,56842.0,61418.0,143515.0,10301.0,41901.0,31701.0,69913.0,293865.0,0.005972130059721301,0.028540316131557008,0.039633845473261535,0.1934289554727511,0.20900073162846886,0.4883705102683205,0.03505351096591972
05170,"Wesel, Kreis",2025-01-01,diesel,191.0,1492.0,4349.0,8313.0,22086.0,36630.0,205.0,7792.0,7682.0,21156.0,73266.0,0.0026069390986269213,0.020364152540059507,0.05935904785302869,0.11346327082139054,0.3014495127344198,0.499959053312587,0.002798023639887533
05314,"Bonn, kreisfreie Stadt",2025-01-01,all,1881.0,5208.0,6295.0,28835.0,30093.0,89141.0,10019.0,33996.0,18595.0,36550.0,171472.0,0.010969721004012317,0.030372305682560417,0.03671153307828683,0.16816156573668004,0.17549804049640758,0.5198574694410749,0.05842936456097789
05314,"Bonn, kreisfreie Stadt",2025-01-01,diesel,218.0,871.0,2244.0,4794.0,10856.0,29409.0,294.0,11390.0,6821.0,11198.0,48686.0,0.004477673253091238,0.017890153226800314,0.04609127880704925,0.09846773199687796,0.2229799120897178,0.6040545536704597,0.006038696956003779
05315,"Köln, kreisfreie Stadt",2025-01-01,all,3748.0,14389.0,19077.0,89224.0,88491.0,254359.0,21591.0,93602.0,48378.0,112379.0,490879.0,0.00763528282937343,0.029312722687261015,0.038862937709700354,0.18176373403629,0.1802704943580801,0.5181704656340972,0.0439843627451979
05315,"Köln, kreisfreie Stadt",2025-01-01,diesel,343.0,2378.0,6838.0,12790.0,29863.0,62670.0,328.0,20465.0,12216.0,29989.0,115210.0,0.002977172120475653,0.020640569395017794,0.0593524867633018,0.11101466886554986,0.2592049301275931,0.5439631976390938,0.0028469750889679717
05316,"Leverkusen, kreisfreie Stadt",2025-01-01,all,614.0,2630.0,3436.0,17586.0,17812.0,46924.0,3304.0,15769.0,9240.0,21915.0,92306.0,0.006651788616124629,0.02849218902346543,0.03722401577362252,0.19051849283903538,0.19296687105930274,0.5083526531319741,0.035793989556475204
05316,"Leverkusen, kreisfreie Stadt",2025-01-01,diesel,44.0,390.0,1259.0,2670.0,6096.0,10402.0,58.0,2548.0,1958.0,5896.0,20919.0,0.0021033510206032793,0.018643338591710884,0.06018452124862565,0.1276351642047899,0.2914097232181271,0.4972513026435298,0.0027725990726134137
05334,"Städteregion Aachen, Kreis",2025-01-01,all,1831.0,8418.0,11431.0,53214.0,59052.0,153113.0,11350.0,48921.0,32609.0,71583.0,298409.0,0.006135873918011856,0.028209604938188863,0.03830648539420728,0.17832572073898575,0.19788947384294708,0.5130977953077823,0.03803504585987688
05334,"Städteregion Aachen, Kreis",2025-01-01,diesel,218.0,1352.0,4243.0,8496.0,21671.0,36616.0,151.0,8425.0,7416.0,20775.0,72747.0,0.002996687148610939,0.018584958829917383,0.05832542922732209,0.11678832116788321,0.2978954458603104,0.5033334707960466,0.002075686969909412
05334002,"Aachen, kreisfreie Stadt",2025-01-01,all,803.0,3413.0,4285.0,19663.0,21795.0,58401.0,5354.0,19982.0,11601.0,26818.0,113714.0,0.007061575531596813,0.030013894507272633,0.03768225548305398,0.17291626360870255,0.19166505443481013,0.513577923562622,0.04708303287194189
05334002,"Aachen, kreisfreie Stadt",2025-01-01,diesel,87.0,557.0,1559.0,3261.0,8152.0,14479.0,69.0,3849.0,2892.0,7738.0,28164.0,0.0030890498508734554,0.01977702030961511,0.055354353074847325,0.1157861099275671,0.2894475216588553,0.514096009089618,0.002449936088623775
05358,"Düren, Kreis",2025-01-01,all,1153.0,4960.0,6822.0,31595.0,34717.0,82800.0,5935.0,24367.0,18659.0,39774.0,167982.0,0.006863830648521865,0.029526973128073244,0.040611494088652354,0.18808562822207142,0.20667095284018525,0.4929099546379969,0.035331166434498934
05358,"Düren, Kreis",2025-01-01,diesel,139.0,935.0,2730.0,5565.0,13704.0,21786.0,118.0,4417.0,4554.0,12815.0,44977.0,0.0030904684616581807,0.02078840296151366,0.060697689930408874,0.12372990639660271,0.3046890632990195,0.4843809057962959,0.0026235631545011894
05362,Rhein-Erft-Kreis,2025-01-01,all,1942.0,8071.0,11460.0,53694.0,57500.0,145543.0,9958.0,45594.0,31960.0,67989.0,288168.0,0.006739124399655756,0.02800796757447045,0.03976846839343716,0.18632880819521946,0.1995363815552039,0.505063018794592,0.03455623108742123
05362,Rhein-Erft-Kreis,2025-01-01,diesel,216.0,1265.0,4339.0,8216.0,20101.0,34778.0,235.0,8135.0,7057.0,19586.0,69150.0,0.003123644251626898,0.018293564714389008,0.06274765003615329,0.11881417208966016,0.29068691250903833,0.50293564714389,0.003398409255242227
05366,"Euskirchen, Kreis",2025-01-01,all,797.0,3741.0,5331.0,22849.0,27910.0,90467.0,8898.0,28493.0,14068.0,47906.0,159993.0,0.004981467939222341,0.023382272974442633,0.03332020775908946,0.14281249804678955,0.17444513197452388,0.5654434881526067,0.055614933153325455
05366,"Euskirchen, Kreis",2025-01-01,diesel,120.0,774.0,2391.0,4328.0,12033.0,22352.0,132.0,4658.0,3913.0,13781.0,42130.0,0.0028483266081177306,0.018371706622359363,0.05675290766674579,0.10272964633277949,0.28561595062900547,0.5305483028720627,0.003133159268929504
05370,"Heinsberg, Kreis",2025-01-01,all,1011.0,4976.0,7346.0,31799.0,35283.0,81835.0,5652.0,23413.0,17679.0,40743.0,167902.0,0.006021369608462079,0.029636335481411775,0.04375171230837036,0.1893902395444962,0.21014043906564545,0.4873974103941585,0.033662493597455656
05370,"Heinsberg, Kreis",2025-01-01,diesel,155.0,983.0,3041.0,5997.0,14882.0,23595.0,144.0,4514.0,4770.0,14311.0,48797.0,0.0031764247802118983,0.02014468102547288,0.06231940488144763,0.12289689939955326,0.3049777650265385,0.48353382380064347,0.0029510010861323443
05374,Oberbergischer Kreis,2025-01-01,all,1272.0,5325.0,7158.0,33959.0,39295.0,88290.0,6668.0,26521.0,18788.0,42981.0,181967.0,0.006990278457082878,0.029263547786137045,0.039336802826886196,0.18662175009754517,0.21594574840493055,0.48519786554704974,0.03664400688036842
05374,Oberbergischer Kreis,2025-01-01,diesel,191.0,1046.0,3224.0,6200.0,15950.0,24324.0,158.0,5336.0,4727.0,14261.0,51093.0,0.0037382811735462785,0.02047247176716967,0.06310062043724189,0.12134734699469595,0.3121758362202259,0.4760730432740297,0.0030924001330906387
05378,Rheinisch-Bergischer Kreis,2025-01-01,all,1441.0,5874.0,7030.0,31507.0,36174.0,92110.0,7462.0,28421.0,19632.0,44057.0,181598.0,0.007935109417504598,0.03234617121333935,0.0387118800867851,0.17349860681285037,0.19919822905538606,0.5072192425026707,0.04109076091146378
05378,Rheinisch-Bergischer Kreis,2025-01-01,diesel,161.0,1009.0,2643.0,4516.0,12592.0,21103.0,154.0,4644.0,4426.0,12033.0,42178.0,0.0038171558632462423,0.023922424012518373,0.0626629996680734,0.10707003651192565,0.29854426478258805,0.500331926596804,0.0036511925648442314
05382,Rhein-Sieg-Kreis,2025-01-01,all,2620.0,11716.0,15490.0,69473.0,78094.0,182034.0,13427.0,52696.0,39653.0,89685.0,372854.0,0.007026879153770644,0.031422487086098044,0.0415444114854608,0.18632762421752214,0.20944927505136057,0.4882179083501853,0.03601141465560246
05382,Rhein-Sieg-Kreis,2025-01-01,diesel,289.0,2013.0,6105.0,11180.0,29458.0,46434.0,301.0,9929.0,9434.0,27071.0,95780.0,0.003017331384422635,0.021016913760701608,0.06373982042179996,0.11672583002714554,0.3075589893505951,0.4847984965546043,0.0031426185007308416
05512,"Bottrop, kreisfreie Stadt",2025-01-01,all,559.0,2104.0,2790.0,13473.0,13716.0,33434.0,2087.0,10250.0,7371.0,15813.0,68163.0,0.00820093012338072,0.03086718601000543,0.040931297037982484,0.197658553760838,0.20122353769640422,0.4905007115297155,0.030617783841673636
05512,"Bottrop, kreisfreie Stadt",2025-01-01,diesel,61.0,307.0,905.0,1554.0,3871.0,7061.0,61.0,1701.0,1422.0,3938.0,13820.0,0.004413892908827786,0.022214182344428363,0.0654848046309696,0.11244573082489147,0.2801013024602026,0.5109261939218523,0.004413892908827786
05513,"Gelsenkirchen, kreisfreie Stadt",2025-01-01,all,955.0,3871.0,5695.0,28150.0,25285.0,58225.0,3207.0,18648.0,12199.0,27378.0,125388.0,0.0076163588222158424,0.030872172775704212,0.045419019363894475,0.22450314224646697,0.20165406577981945,0.46435863080996587,0.0255766102019332
05513,"Gelsenkirchen, kreisfreie Stadt",2025-01-01,diesel,75.0,513.0,1916.0,4013.0,7981.0,13325.0,88.0,3106.0,2639.0,7580.0,27911.0,0.0026871126079323565,0.018379850238257316,0.06864677009064526,0.14377843860843395,0.2859446096521085,0.4774103400093153,0.0031528787933072983
05515,"Münster, kreisfreie Stadt",2025-01-01,all,1053.0,4815.0,5735.0,25982.0,29686.0,74571.0,7414.0,25393.0,14465.0,34713.0,149256.0,0.007054992764109986,0.032260009647853354,0.03842391595647746,0.1740767540333387,0.19889317682371227,0.49961810580479177,0.04967304496971646
05515,"Münster, kreisfreie Stadt",2025-01-01,diesel,151.0,1100.0,2361.0,4310.0,11997.0,24785.0,114.0,7725.0,4640.0,12420.0,44818.0,0.003369182025079209,0.024543710116471062,0.05267972689544379,0.09616671872908207,0.2676826275157303,0.5530144138515775,0.0025436208666160917
05554,"Borken, Kreis",2025-01-01,all,1170.0,5511.0,8780.0,42121.0,52309.0,113046.0,11027.0,32318.0,23330.0,57398.0,233964.0,0.005000769349130635,0.02355490588295635,0.037527140927664085,0.18003197073053975,0.22357713152450803,0.48317689901010413,0.047131182575097026
05554,"Borken, Kreis",2025-01-01,diesel,180.0,1112.0,4192.0,9004.0,25204.0,42724.0,225.0,9311.0,8540.0,24873.0,82641.0,0.0021780956183976474,0.013455790709212134,0.05072542684623855,0.10895318304473567,0.30498178870052395,0.516983095557895,0.0027226195229970596
05558,"Coesfeld, Kreis",2025-01-01,all,751.0,3911.0,5679.0,26063.0,32686.0,68331.0,6028.0,18975.0,14712.0,34644.0,143449.0,0.005235310110213386,0.027264045061310988,0.03958898284407699,0.18168826551596734,0.22785798437075197,0.476343508842864,0.0420219032548153
05558,"Coesfeld, Kreis",2025-01-01,diesel,122.0,893.0,2616.0,5026.0,14672.0,23602.0,75.0,5113.0,4878.0,13611.0,47006.0,0.0025954133514870443,0.018997574777687955,0.0556524698974599,0.10692252052929413,0.3121303663362124,0.5021061141130919,0.0015955409947666255
05562,"Recklinghausen, Kreis",2025-01-01,all,2226.0,10905.0,14454.0,73139.0,74881.0,174152.0,10061.0,52590.0,38779.0,82783.0,359818.0,0.006186460933027253,0.03030698853309173,0.04017030832254084,0.20326665147380063,0.20810798792722987,0.4840002445680872,0.027961358242222456
05562,"Recklinghausen, Kreis",2025-01-01,diesel,200.0,1550.0,5015.0,9496.0,23889.0,39572.0,227.0,8307.0,8560.0,22705.0,79949.0,0.0025015947666637483,0.019387359441644048,0.06272748877409348,0.11877571952119476,0.2988029869041514,0.4949655405320892,0.002839310060163354
05566,"Steinfurt, Kreis",2025-01-01,all,1499.0,7506.0,10792.0,53572.0,64147.0,131373.0,12086.0,35992.0,28268.0,67113.0,280975.0,0.00533499421656731,0.026714120473351723,0.03840911113088353,0.19066464987988255,0.2283014503069668,0.46756117092267996,0.04301450306966812
05566,"Steinfurt, Kreis",2025-01-01,diesel,269.0,1642.0,5208.0,10773.0,29663.0,46630.0,283.0,9456.0,9422.0,27752.0,94468.0,0.0028475250878604395,0.017381547190583053,0.055129779396197655,0.11403861625100563,0.3140005081085659,0.4936063005462167,0.0029957234195706482
05570,"Warendorf, Kreis",2025-01-01,all,1280.0,5517.0,7330.0,35176.0,39877.0,81400.0,6766.0,21752.0,17666.0,41982.0,177346.0,0.007217529574955172,0.031108680207052878,0.04133163420657923,0.19834673463173683,0.2248542397347558,0.4589897714073055,0.038151410237614605
05570,"Warendorf, Kreis",2025-01-01,diesel,180.0,1121.0,3344.0,6517.0,16991.0,26290.0,157.0,5421.0,5478.0,15391.0,54600.0,0.0032967032967032967,0.02053113553113553,0.06124542124542125,0.11935897435897436,0.3111904761904762,0.4815018315018315,0.0028754578754578756
05711,"Bielefeld, kreisfreie Stadt",2025-01-01,all,1205.0,5717.0,6993.0,33839.0,36327.0,86186.0,8958.0,28268.0,16998.0,40920.0,179225.0,0.006723392383875018,0.03189845166689915,0.03901799414144232,0.1888073650439392,0.20268935695355,0.4808815734412052,0.049981866369089134
05711,"Bielefeld, kreisfreie Stadt",2025-01-01,diesel,202.0,1259.0,3031.0,6021.0,14001.0,26135.0,135.0,7907.0,4773.0,13455.0,50784.0,0.0039776307498424705,0.024791272841839948,0.05968415248897291,0.1185609640831758,0.27569706994328924,0.5146305923125394,0.0026583175803402644
05754,"Gütersloh, Kreis",2025-01-01,all,1610.0,7927.0,9858.0,46825.0,51433.0,109211.0,9930.0,31450.0,23051.0,54710.0,236794.0,0.006799158762468643,0.03347635497521052,0.0416311224101962,0.1977457199084436,0.21720567244102468,0.46120678733413856,0.04193518416851778
05754,"Gütersloh, Kreis",2025-01-01,diesel,194.0,1711.0,4467.0,8505.0,21289.0,35564.0,163.0,8306.0,7089.0,20169.0,71893.0,0.0026984546478794878,0.02379925722949383,0.062134004701431295,0.11830080814543836,0.29612062370467224,0.4946795932844644,0.0022672582866203944
05758,"Herford, Kreis",2025-01-01,all,1118.0,5558.0,6886.0,31998.0,34377.0,78762.0,6777.0,23693.0,16245.0,38824.0,165476.0,0.006756266769803476,0.03358795233145592,0.04161328531025647,0.19336943121661146,0.2077461384128212,0.4759723464429887,0.04095457951606275
05758,"Herford, Kreis",2025-01-01,diesel,151.0,1047.0,2728.0,5217.0,12992.0,20878.0,137.0,4479.0,4169.0,12230.0,43150.0,0.0034994206257242177,0.024264194669756663,0.06322132097334879,0.12090382387022017,0.30108922363847046,0.48384704519119354,0.003174971031286211
05762,"Höxter, Kreis",2025-01-01,all,564.0,2915.0,3656.0,17103.0,20913.0,42628.0,3373.0,10999.0,9633.0,21996.0,91152.0,0.006187467087941022,0.03197955064068808,0.040108829208355276,0.18763164823591363,0.22942996313849395,0.4676584167105494,0.037004124978058626
05762,"Höxter, Kreis",2025-01-01,diesel,85.0,645.0,1797.0,3445.0,9311.0,13390.0,68.0,2198.0,2684.0,8508.0,28741.0,0.0029574475487978845,0.02244180787028983,0.06252392053164468,0.11986360947774956,0.3239622838453777,0.46588497268710205,0.0023659580390383078
05766,"Lippe, Kreis",2025-01-01,all,1594.0,8651.0,10053.0,43212.0,47959.0,98415.0,8464.0,26991.0,21211.0,50213.0,218348.0,0.007300272958763076,0.039620239251103744,0.04604118196640226,0.1979042629197428,0.21964478722040046,0.45072544745085824,0.0387638082327294
05766,"Lippe, Kreis",2025-01-01,diesel,277.0,2102.0,4557.0,8121.0,19552.0,28712.0,214.0,5395.0,5918.0,17399.0,63535.0,0.00435980168411112,0.03308412685921146,0.07172424647831904,0.12781931219013143,0.3077358936019517,0.45190839694656487,0.0033682222397103958
05770,"Minden-Lübbecke, Kreis",2025-01-01,all,1571.0,7688.0,9513.0,43000.0,44050.0,92229.0,8562.0,26292.0,19199.0,46738.0,206613.0,0.0076035873831753085,0.03720966250913544,0.04604260138519842,0.20811855981956606,0.2132005246523694,0.44638527101392456,0.0414397932366308
05770,"Minden-Lübbecke, Kreis",2025-01-01,diesel,249.0,1641.0,4194.0,7773.0,17771.0,27660.0,253.0,6305.0,5313.0,16042.0,59541.0,0.004181992240640903,0.02756084042928402,0.07043885725802389,0.13054869753615156,0.29846660284509835,0.46455383685191715,0.00424917283888413
05774,"Paderborn, Kreis",2025-01-01,all,961.0,5477.0,7272.0,34934.0,41882.0,89770.0,8836.0,24943.0,19310.0,45517.0,189132.0,0.005081107374743566,0.028958610917242982,0.038449336971004375,0.18470697713766046,0.2214432248376795,0.4746420489393651,0.046718693822304
05774,"Paderborn, Kreis",2025-01-01,diesel,137.0,1249.0,3323.0,6626.0,18225.0,28873.0,86.0,5900.0,5928.0,17045.0,58519.0,0.0023411199781267623,0.021343495275038878,0.05678497581981921,0.11322818229976589,0.31143731095883387,0.49339530750696353,0.0014696081614518361
05911,"Bochum, kreisfreie Stadt",2025-01-01,all,1210.0,5980.0,7333.0,37239.0,37579.0,114654.0,7407.0,42216.0,19845.0,52593.0,211402.0,0.0057236923018703706,0.028287338814202326,0.03468746747902101,0.17615254349533116,0.1777608537289146,0.5423505927096243,0.035037511471036224
05911,"Bochum, kreisfreie Stadt",2025-01-01,diesel,88.0,812.0,2374.0,4630.0,11247.0,22865.0,119.0,6807.0,4407.0,11651.0,42135.0,0.0020885249792334166,0.019271389581108342,0.05634270796250148,0.10988489379375815,0.26692773228907085,0.5426604960246826,0.002824255369645188
05913,"Dortmund, kreisfreie Stadt",2025-01-01,all,2050.0,8484.0,11587.0,58298.0,58382.0,147737.0,10981.0,48447.0,30876.0,68414.0,297519.0,0.006890316248710167,0.02851582588002783,0.03894541188966083,0.19594714959380746,0.1962294845035107,0.49656324470033847,0.03690856718394456
05913,"Dortmund, kreisfreie Stadt",2025-01-01,diesel,152.0,1128.0,3969.0,8905.0,19830.0,36657.0,264.0,9599.0,7145.0,19913.0,70905.0,0.0021437134193639375,0.015908610112121854,0.055976306325364926,0.125590578943657,0.27966998096044005,0.5169875185106834,0.0037232917283689443
05914,"Hagen, kreisfreie Stadt",2025-01-01,all,711.0,2996.0,4151.0,20628.0,19967.0,47983.0,2566.0,15081.0,9972.0,22930.0,99002.0,0.007181673097513182,0.03026201490878972,0.04192844588998202,0.20835942708228117,0.2016827942869841,0.4846669764247187,0.025918668309731118
05914,"Hagen, kreisfreie Stadt",2025-01-01,diesel,65.0,401.0,1508.0,3208.0,6928.0,11355.0,64.0,2619.0,2265.0,6471.0,23529.0,0.0027625483445960306,0.017042798248969357,0.0640911215946279,0.13634238599175486,0.2944451527901738,0.482595945429045,0.0027200476008330146
05915,"Hamm, kreisfreie Stadt",2025-01-01,all,560.0,3223.0,4462.0,21516.0,21061.0,45684.0,3032.0,12921.0,10150.0,22613.0,99538.0,0.005625992083425425,0.03237959372300026,0.04482710120757902,0.2161586529767526,0.21158753440896944,0.4589603970342985,0.030460728565974805
05915,"Hamm, kreisfreie Stadt",2025-01-01,diesel,62.0,518.0,1763.0,3415.0,7918.0,12675.0,72.0,2444.0,2688.0,7543.0,26423.0,0.0023464406009915603,0.019604132763123037,0.06672217386367937,0.12924346213526094,0.2996631722363093,0.479695719638194,0.002724898762441812
05916,"Herne, kreisfreie Stadt",2025-01-01,all,666.0,2529.0,3453.0,17548.0,15983.0,36681.0,1774.0,11341.0,7921.0,17419.0,78634.0,0.008469618739985248,0.032161660350484525,0.043912302566319915,0.22316046493883054,0.2032581326143907,0.46647760510720554,0.02256021568278353
05916,"Herne, kreisfreie Stadt",2025-01-01,diesel,56.0,300.0,1053.0,2245.0,4745.0,8055.0,84.0,1929.0,1599.0,4527.0,16538.0,0.0033861410085862863,0.018140041117426533,0.06367154432216714,0.13574797436207522,0.286914983673963,0.4870601040029024,0.005079211512879429
05954,Ennepe-Ruhr-Kreis,2025-01-01,all,1316.0,6581.0,8018.0,37379.0,39999.0,100349.0,6602.0,31047.0,21711.0,47591.0,200244.0,0.0065719821817382795,0.03286490481612433,0.040041149797247357,0.18666726593555863,0.19975130340984,0.5011336169872755,0.032969776872215896
05954,Ennepe-Ruhr-Kreis,2025-01-01,diesel,110.0,1017.0,2835.0,4885.0,12903.0,22474.0,101.0,5224.0,4692.0,12558.0,44325.0,0.0024816694867456288,0.022944162436548222,0.06395939086294417,0.1102086858432036,0.29109983079526225,0.5070276367738297,0.002278623801466441
05958,Hochsauerlandkreis,2025-01-01,all,964.0,4529.0,5747.0,26865.0,35557.0,91446.0,6117.0,27416.0,20131.0,43899.0,171225.0,0.00563001898087312,0.02645057672652942,0.033564023945101475,0.1568988173455979,0.2076624324718937,0.5340692071835305,0.03572492334647394
05958,Hochsauerlandkreis,2025-01-01,diesel,138.0,977.0,2592.0,5102.0,15427.0,27917.0,121.0,5843.0,5873.0,16201.0,52274.0,0.0026399357233041283,0.01868997972223285,0.04958487967249493,0.09760110188621494,0.2951180319087883,0.5340513448368214,0.002314726250143475
05962,Märkischer Kreis,2025-01-01,all,1578.0,7126.0,9688.0,46671.0,52616.0,129371.0,7500.0,39577.0,27462.0,62332.0,254550.0,0.00619917501473188,0.02799450009821253,0.03805932036927912,0.183347083087802,0.20670202317815753,0.508234138676095,0.02946375957572186
05962,Märkischer Kreis,2025-01-01,diesel,178.0,1253.0,3785.0,7578.0,19391.0,32010.0,213.0,6836.0,6348.0,18826.0,64408.0,0.002763631846975531,0.019454105080114272,0.05876599180226059,0.11765619177741896,0.30106508508259844,0.49698795180722893,0.003307042603403304
05966,"Olpe, Kreis",2025-01-01,all,578.0,2033.0,2808.0,14689.0,19590.0,48411.0,3235.0,15140.0,10231.0,23040.0,91344.0,0.006327728148537397,0.02225652478542652,0.030740935365212822,0.16080968645997548,0.2144640042038886,0.5299855491329479,0.03541557190401121
05966,"Olpe, Kreis",2025-01-01,diesel,66.0,412.0,1321.0,2683.0,8023.0,14233.0,84.0,3815.0,2635.0,7783.0,26822.0,0.00246066661695623,0.015360524942211618,0.04925061516665424,0.10002982626202371,0.2991201252703005,0.530646484229364,0.003131757512489747
05970,"Siegen-Wittgenstein, Kreis",2025-01-01,all,1083.0,4368.0,5469.0,27965.0,35846.0,96454.0,5889.0,31169.0,20311.0,44974.0,177074.0,0.006116087059647379,0.024667653071597184,0.0308853925477484,0.15792832375165186,0.20243514011091407,0.5447101211922699,0.0332572822661712
05970,"Siegen-Wittgenstein, Kreis",2025-01-01,diesel,134.0,765.0,2259.0,4921.0,13830.0,24967.0,160.0,6442.0,5028.0,13497.0,47036.0,0.0028488817076281997,0.016264138106981886,0.04802704311591122,0.104621991665958,0.29403010460073137,0.5308061910026363,0.003401649800153074
05974,"Soest, Kreis",2025-01-01,all,1237.0,6381.0,8024.0,36688.0,42313.0,92011.0,8115.0,25695.0,20181.0,46135.0,194769.0,0.006351113370197516,0.032761887158634075,0.04119752116609933,0.18836673187211517,0.21724709784411278,0.4724109072799059,0.0416647413089352
05974,"Soest, Kreis",2025-01-01,diesel,162.0,1245.0,3474.0,6713.0,17793.0,27526.0,156.0,5395.0,5824.0,16307.0,57069.0,0.0028386689796562055,0.021815696788098617,0.0608736792304053,0.11762953617550684,0.31178047626557326,0.482328409469239,0.0027335330915207907
05978,"Unna, Kreis",2025-01-01,all,1668.0,7286.0,9513.0,45896.0,49149.0,121152.0,8277.0,37781.0,26318.0,57053.0,242941.0,0.006865864551475461,0.029990820816576863,0.03915765556246167,0.1889182970350826,0.20230837940075985,0.49868898209853424,0.03407000053510935
05978,"Unna, Kreis",2025-01-01,diesel,182.0,1189.0,3456.0,6522.0,17004.0,30773.0,129.0,7837.0,6030.0,16906.0,59255.0,0.0030714707619610157,0.02006581723061345,0.05832419205130369,0.11006666104126234,0.2869631254746435,0.5193317019660788,0.0021770314741372037
06411,"Darmstadt, kreisfreie Stadt, Wissenschaftsstadt",2025-01-01,all,563.0,2351.0,2927.0,12880.0,13654.0,36247.0,3485.0,12573.0,6939.0,16735.0,72107.0,0.0078078411249947995,0.03260432412941878,0.04059245288252181,0.17862343461799826,0.18935748262998045,0.5026835120029955,0.04833095261209037
06411,"Darmstadt, kreisfreie Stadt, Wissenschaftsstadt",2025-01-01,diesel,47.0,408.0,1042.0,1934.0,4668.0,10206.0,57.0,3250.0,1929.0,5027.0,18362.0,0.0025596340267944667,0.02221980176451367,0.05674763097701775,0.10532621718767018,0.25422067312928875,0.5558218059034964,0.0031042370112188216
06412,"Frankfurt am Main, kreisfreie Stadt",2025-01-01,all,2214.0,8467.0,10611.0,50287.0,54100.0,194918.0,17351.0,84653.0,32912.0,77353.0,337948.0,0.006551303750872916,0.025054150342656265,0.03139832163528117,0.14880099897025578,0.16008379987453691,0.5767692070969498,0.05134221832944713
06412,"Frankfurt am Main, kreisfreie Stadt",2025-01-01,diesel,134.0,1207.0,3933.0,8999.0,20257.0,57751.0,182.0,22178.0,9962.0,25611.0,92463.0,0.0014492283399846425,0.01305387019672734,0.04253593329223581,0.09732541665314774,0.21908222748558884,0.6245849691227843,0.00196835490953138
06413,"Offenbach am Main, kreisfreie Stadt",2025-01-01,all,462.0,1827.0,2509.0,11441.0,11172.0,29893.0,2645.0,10016.0,5707.0,14170.0,59949.0,0.007706550567982785,0.030475904518841013,0.041852241071577506,0.19084555205257803,0.18635840464394735,0.4986405111011026,0.044120836043970706
06413,"Offenbach am Main, kreisfreie Stadt",2025-01-01,diesel,36.0,280.0,969.0,2221.0,4492.0,10303.0,23.0,3034.0,1805.0,5464.0,18324.0,0.0019646365422396855,0.015280506439642,0.052881466928618205,0.12120716000873172,0.24514298188168523,0.5622680637415411,0.0012551844575420213
06414,"Wiesbaden, kreisfreie Stadt, Landeshauptstadt",2025-01-01,all,889.0,3866.0,5194.0,24449.0,27569.0,139807.0,18722.0,58049.0,15206.0,66552.0,220496.0,0.004031819171322836,0.017533197881140702,0.02355598287497279,0.11088183005587403,0.1250317466076482,0.6340568536390683,0.08490856976997316
06414,"Wiesbaden, kreisfreie Stadt, Landeshauptstadt",2025-01-01,diesel,72.0,505.0,1809.0,3872.0,9808.0,35660.0,188.0,16182.0,4099.0,15379.0,51914.0,0.001386909118927457,0.009727626459143969,0.034846091613052355,0.07458489039565436,0.18892784220056247,0.6869052664021266,0.0036213738105328043
06431,"Bergstraße, Landkreis",2025-01-01,all,1355.0,6304.0,7664.0,32649.0,36343.0,84438.0,6583.0,24448.0,17998.0,41992.0,175336.0,0.007728019345713373,0.035953825797326276,0.0437103618195921,0.1862081945521741,0.2072763151891226,0.48157822694711866,0.03754505634895287
06431,"Bergstraße, Landkreis",2025-01-01,diesel,166.0,1139.0,3051.0,5356.0,14042.0,22482.0,120.0,4660.0,4396.0,13426.0,46356.0,0.0035809819656570886,0.02457071360773147,0.065816722754336,0.11554059884373112,0.30291655880576407,0.48498576236085944,0.0025886616619207868
06432,"Darmstadt-Dieburg, Landkreis",2025-01-01,all,1373.0,6459.0,7748.0,33305.0,37666.0,93346.0,7494.0,26657.0,20018.0,46671.0,187391.0,0.007326926053012151,0.03446803741908629,0.041346702883276146,0.17772998703246154,0.20100218260215272,0.49813491576436436,0.0399912482456468
06432,"Darmstadt-Dieburg, Landkreis",2025-01-01,diesel,161.0,1096.0,2877.0,5038.0,13186.0,23969.0,163.0,4966.0,4952.0,14051.0,46490.0,0.0034631103463110347,0.023574962357496235,0.061884276188427616,0.10836739083673909,0.28363088836308886,0.5155732415573242,0.0035061303506130352
06433,"Groß-Gerau, Landkreis",2025-01-01,all,1152.0,4793.0,6620.0,31067.0,31176.0,83644.0,6641.0,26226.0,15812.0,41606.0,165093.0,0.006977885191982701,0.029032121289212745,0.04009861108587281,0.18817878407927652,0.18883901800803185,0.506647768227605,0.04022581211801833
06433,"Groß-Gerau, Landkreis",2025-01-01,diesel,102.0,779.0,2439.0,5012.0,11904.0,23004.0,122.0,5426.0,4303.0,13275.0,43362.0,0.0023522900235229,0.017965038512983717,0.056247405562474054,0.11558507448918408,0.2745260827452608,0.5305105853051059,0.002813523361468567
06434,Hochtaunuskreis,2025-01-01,all,1163.0,4108.0,4907.0,22216.0,28343.0,93759.0,7513.0,28621.0,17021.0,48117.0,162009.0,0.007178613533816023,0.025356615990469664,0.030288440765636478,0.13712818423667822,0.17494707084174335,0.578727107753273,0.0463739668783833
06434,Hochtaunuskreis,2025-01-01,diesel,85.0,576.0,1808.0,3396.0,10467.0,23089.0,86.0,5290.0,4343.0,13456.0,39507.0,0.0021515174526033362,0.014579694737641431,0.04576404181537449,0.08595945022401094,0.26494039031057787,0.584428076037158,0.0021768294226339638
06435,Main-Kinzig-Kreis,2025-01-01,all,1818.0,8149.0,10313.0,47471.0,55100.0,132368.0,8655.0,38007.0,29071.0,65290.0,263874.0,0.006889651879306033,0.03088216345680135,0.0390830472119269,0.17990025542493765,0.20881178138050735,0.5016333553135208,0.03279974533299984
06435,Main-Kinzig-Kreis,2025-01-01,diesel,193.0,1401.0,4142.0,8508.0,21744.0,37954.0,252.0,7581.0,7824.0,22549.0,74194.0,0.0026012885138960024,0.018882928538695852,0.05582661670755048,0.11467234547267974,0.2930695204463973,0.5115507992560046,0.0033965010647761273
06436,Main-Taunus-Kreis,2025-01-01,all,1065.0,4111.0,4948.0,23514.0,29139.0,111284.0,6453.0,39656.0,17279.0,54349.0,180514.0,0.005899819404589118,0.022773856875367007,0.027410616351086343,0.13026136476949157,0.16142238275147633,0.6164840400190567,0.03574791982893294
06436,Main-Taunus-Kreis,2025-01-01,diesel,67.0,545.0,1688.0,3607.0,10162.0,27317.0,79.0,8596.0,4607.0,14114.0,43465.0,0.0015414701483952606,0.012538824341424134,0.03883584493270448,0.08298631082480157,0.2337973081789946,0.628482687219602,0.0018175543540779938
06437,Odenwaldkreis,2025-01-01,all,505.0,2360.0,3049.0,11936.0,13218.0,30045.0,1988.0,8391.0,6506.0,15148.0,63101.0,0.00800304274100252,0.037400358155972174,0.04831936102438947,0.1891570656566457,0.20947370089222042,0.4761414240661796,0.03150504746359012
06437,Odenwaldkreis,2025-01-01,diesel,60.0,491.0,1291.0,2148.0,5230.0,7944.0,44.0,1461.0,1530.0,4953.0,17208.0,0.003486750348675035,0.028533240353324035,0.0750232450023245,0.12482566248256625,0.30392840539284055,0.4616457461645746,0.0025569502556950256
06438,"Offenbach, Landkreis",2025-01-01,all,1570.0,6542.0,8003.0,37661.0,42139.0,112031.0,7253.0,36151.0,23232.0,52648.0,215199.0,0.00729557293481847,0.0303997695156576,0.037188834520606506,0.17500546006254675,0.19581410694287613,0.5205925678093299,0.033703688214164564
06438,"Offenbach, Landkreis",2025-01-01,diesel,96.0,862.0,2729.0,5831.0,14949.0,30863.0,108.0,8169.0,6015.0,16679.0,55438.0,0.0017316642014502687,0.015548901475522205,0.04922616255997691,0.10518056206933872,0.26965258486958404,0.5567120025974963,0.0019481222266315523
06439,Rheingau-Taunus-Kreis,2025-01-01,all,932.0,3592.0,4496.0,19776.0,24943.0,62606.0,4917.0,18547.0,13816.0,30243.0,121262.0,0.007685837277960119,0.02962181062492784,0.0370767429202883,0.16308489056753145,0.20569510646369019,0.5162870478797975,0.040548564265804624
06439,Rheingau-Taunus-Kreis,2025-01-01,diesel,92.0,634.0,1776.0,3150.0,9166.0,16246.0,85.0,3546.0,3387.0,9313.0,31149.0,0.002953545860220232,0.020353783428039424,0.05701627660599056,0.10112684195319271,0.2942630582041157,0.5215576744036726,0.0027288195447686923
06440,Wetteraukreis,2025-01-01,all,1565.0,5968.0,7477.0,33904.0,40064.0,99712.0,7102.0,29862.0,21766.0,48084.0,195792.0,0.007993176432132059,0.030481327122660783,0.03818848573996895,0.17316335703195226,0.2046253166625807,0.5092751491378605,0.03627318787284465
06440,Wetteraukreis,2025-01-01,diesel,159.0,1013.0,3030.0,5677.0,15828.0,27603.0,143.0,5719.0,5799.0,16085.0,53453.0,0.002974575795558715,0.01895122818176716,0.05668531233045854,0.10620545151815614,0.29611060183712795,0.5163975829233158,0.0026752474136157
06531,"Gießen, Landkreis",2025-01-01,all,1118.0,4847.0,5938.0,28622.0,33420.0,77297.0,5579.0,22375.0,16563.0,38359.0,156821.0,0.007129147244310392,0.03090785035167484,0.03786482677702604,0.18251382149074422,0.21310921368949312,0.4928995478921828,0.03557559255456858
06531,"Gießen, Landkreis",2025-01-01,diesel,137.0,910.0,2473.0,5092.0,13683.0,23407.0,68.0,4891.0,4843.0,13673.0,45770.0,0.002993227004588158,0.019882018789600175,0.054031024688660695,0.11125191173257593,0.29895127812977934,0.5114048503386498,0.0014856893161459472
06532,Lahn-Dill-Kreis,2025-01-01,all,1069.0,5036.0,6302.0,29517.0,35050.0,82850.0,5380.0,24522.0,17944.0,40384.0,165204.0,0.00647078763226072,0.03048352340137043,0.03814677610711605,0.1786700079901213,0.21216193312510592,0.5015011743057068,0.03256579743831869
06532,Lahn-Dill-Kreis,2025-01-01,diesel,125.0,984.0,2731.0,5466.0,14607.0,24220.0,108.0,5037.0,4964.0,14219.0,48241.0,0.0025911568997325925,0.02039758711469497,0.05661159594535768,0.1133061089115068,0.3027922306751518,0.5020625608921871,0.00223875956136896
06533,"Limburg-Weilburg, Landkreis",2025-01-01,all,712.0,3337.0,4093.0,20058.0,23490.0,57953.0,4316.0,16679.0,12919.0,28355.0,113959.0,0.006247861072841987,0.02928246123605858,0.03591642608306496,0.1760106705043042,0.2061267648891268,0.5085425460033872,0.037873270211216316
06533,"Limburg-Weilburg, Landkreis",2025-01-01,diesel,65.0,612.0,1653.0,3489.0,9545.0,17133.0,77.0,3495.0,3604.0,10034.0,32574.0,0.001995456499048321,0.018787990421808804,0.05074599373733653,0.10710996500276294,0.29302511205255727,0.5259716338183827,0.0023638484681033954
06534,"Marburg-Biedenkopf, Landkreis",2025-01-01,all,962.0,4309.0,5299.0,25568.0,31625.0,72766.0,4859.0,20241.0,15915.0,36610.0,145388.0,0.006616777175557817,0.029637934354967397,0.03644729963958511,0.1758604561586926,0.21752139103639914,0.500495226566154,0.033420915068643905
06534,"Marburg-Biedenkopf, Landkreis",2025-01-01,diesel,118.0,829.0,2316.0,4506.0,12521.0,20776.0,99.0,4121.0,4316.0,12339.0,41165.0,0.002866512814283979,0.020138467144418803,0.05626138710069233,0.10946192153528483,0.30416616057330254,0.5047005951657962,0.0024049556662213045
06535,Vogelsbergkreis,2025-01-01,all,534.0,2388.0,3045.0,13644.0,16338.0,34544.0,2193.0,9064.0,7568.0,17912.0,72686.0,0.007346669234790743,0.03285364444322153,0.041892524007374185,0.18771152629117024,0.22477505984646287,0.4752497042071375,0.030170871969842885
06535,Vogelsbergkreis,2025-01-01,diesel,69.0,572.0,1410.0,2580.0,7152.0,10984.0,64.0,1948.0,2250.0,6786.0,22831.0,0.0030222066488546275,0.02505365511804126,0.06175813586789891,0.11300424860934694,0.31325828916823617,0.4811002584205685,0.0028032061670535675
06611,"Kassel, kreisfreie Stadt, documenta-Stadt",2025-01-01,all,660.0,2819.0,3492.0,16687.0,17738.0,45159.0,3735.0,15239.0,9163.0,20757.0,90290.0,0.007309779599069664,0.03122161922693543,0.0386753793332595,0.18481559419647803,0.1964558644368147,0.5001550559308894,0.04136670727655333
06611,"Kassel, kreisfreie Stadt, documenta-Stadt",2025-01-01,diesel,86.0,596.0,1545.0,3040.0,6814.0,13300.0,83.0,3745.0,2642.0,6913.0,25464.0,0.0033773169965441406,0.02340559220860823,0.060673892554194156,0.1193842287150487,0.267593465284323,0.5223060006283381,0.003259503612943764
06631,"Fulda, Landkreis",2025-01-01,all,951.0,4445.0,5542.0,26011.0,33072.0,70434.0,5505.0,19705.0,14984.0,35745.0,145960.0,0.006515483694162784,0.030453548917511647,0.03796930665935873,0.1782063579062757,0.22658262537681556,0.4825568648944916,0.03771581255138394
06631,"Fulda, Landkreis",2025-01-01,diesel,139.0,944.0,2706.0,5008.0,14350.0,23508.0,108.0,5084.0,4588.0,13836.0,46763.0,0.0029724354724889337,0.02018689989949319,0.057866261788165854,0.10709321472104014,0.30686653978572803,0.5027051301242436,0.0023095182088403226
06632,"Hersfeld-Rotenburg, Landkreis",2025-01-01,all,548.0,2714.0,3279.0,15388.0,18164.0,37233.0,2496.0,9812.0,8368.0,19053.0,79822.0,0.006865275237403222,0.03400065144947508,0.041078900553732055,0.1927789331262058,0.22755631279597102,0.466450352033274,0.031269574803938764
06632,"Hersfeld-Rotenburg, Landkreis",2025-01-01,diesel,70.0,537.0,1544.0,2781.0,7984.0,12910.0,73.0,2611.0,2715.0,7584.0,25899.0,0.0027028070581875748,0.020734391289238967,0.059616201397737364,0.10737866326885208,0.30827445075099424,0.49847484458859415,0.002818641646395614
06633,"Kassel, Landkreis",2025-01-01,all,1032.0,5089.0,5693.0,25779.0,31362.0,76280.0,6422.0,23129.0,16579.0,36572.0,151657.0,0.006804829318791747,0.03355598488694884,0.037538656309962615,0.1699822626057485,0.20679559796118874,0.5029771128269714,0.042345556090388176
06633,"Kassel, Landkreis",2025-01-01,diesel,149.0,1087.0,2718.0,4434.0,12268.0,19685.0,135.0,3982.0,4074.0,11629.0,40476.0,0.0036811937938531474,0.026855420496096453,0.06715090423954936,0.10954639786540173,0.3030931910267813,0.48633758276509537,0.0033353098132226505
06634,Schwalm-Eder-Kreis,2025-01-01,all,791.0,4165.0,5093.0,22396.0,25910.0,58113.0,4527.0,16182.0,12827.0,29104.0,120995.0,0.006537460225629158,0.03442291003760486,0.04209264845654779,0.18509855779164427,0.21414108020992603,0.48029257407330883,0.037414769205339066
06634,Schwalm-Eder-Kreis,2025-01-01,diesel,109.0,906.0,2412.0,4232.0,11219.0,16943.0,91.0,3028.0,3467.0,10448.0,35912.0,0.003035197148585431,0.025228335932278904,0.06716417910447761,0.11784361773223435,0.3124025395411005,0.4717921586099354,0.002533971931387837
06635,"Waldeck-Frankenberg, Landkreis",2025-01-01,all,1056.0,3389.0,4012.0,18917.0,23629.0,51054.0,3868.0,13754.0,11040.0,26260.0,105925.0,0.009969317913618126,0.03199433561482181,0.037875855558177955,0.1785886240264338,0.22307292895916922,0.48198253481236725,0.03651640311541185
06635,"Waldeck-Frankenberg, Landkreis",2025-01-01,diesel,127.0,749.0,1888.0,3679.0,10228.0,15620.0,109.0,2862.0,3189.0,9569.0,32400.0,0.003919753086419753,0.023117283950617285,0.058271604938271604,0.11354938271604938,0.315679012345679,0.4820987654320988,0.0033641975308641974
06636,Werra-Meißner-Kreis,2025-01-01,all,453.0,2402.0,2840.0,12008.0,13911.0,29365.0,1966.0,7690.0,6612.0,15063.0,62945.0,0.007196759075383271,0.03816029867344507,0.045118754468186514,0.19076971959647313,0.2210024624672333,0.46651838906982285,0.031233616649455873
06636,Werra-Meißner-Kreis,2025-01-01,diesel,90.0,517.0,1345.0,2224.0,6095.0,9373.0,71.0,1608.0,1973.0,5792.0,19715.0,0.004565051990869896,0.026223687547552624,0.06822216586355567,0.11280750697438499,0.3091554653816891,0.4754248034491504,0.0036013187927973625
07111,"Koblenz, kreisfreie Stadt",2025-01-01,all,354.0,1602.0,2105.0,10729.0,12509.0,34029.0,2835.0,11730.0,6730.0,15569.0,64163.0,0.00551719838536228,0.02496766048969032,0.03280706949488023,0.16721474993376245,0.19495659492230724,0.5303523837725792,0.04418434300141826
07111,"Koblenz, kreisfreie Stadt",2025-01-01,diesel,53.0,300.0,865.0,1745.0,4746.0,10616.0,55.0,3410.0,1898.0,5308.0,18380.0,0.002883569096844396,0.01632208922742111,0.0470620239390642,0.09494015233949946,0.25821545157780196,0.5775843307943417,0.0029923830250272033
07131,"Ahrweiler, Landkreis",2025-01-01,all,686.0,2710.0,3649.0,16413.0,18773.0,41351.0,2737.0,11558.0,9219.0,20574.0,86319.0,0.007947265376104913,0.03139517371609958,0.04227342763470383,0.1901435373440378,0.2174839838274308,0.4790486451418575,0.03170796695976552
07131,"Ahrweiler, Landkreis",2025-01-01,diesel,89.0,514.0,1532.0,3073.0,7732.0,11829.0,107.0,2142.0,2468.0,7219.0,24876.0,0.003577745618266602,0.020662485930213862,0.061585463900948705,0.123532722302621,0.31082167551053225,0.4755185721177038,0.004301334619713781
07132,"Altenkirchen (Westerwald), Landkreis",2025-01-01,all,570.0,2512.0,3439.0,15553.0,18197.0,42876.0,2875.0,12439.0,9455.0,20982.0,86022.0,0.006626211899281579,0.029201832089465484,0.039978145125665526,0.18080258538513402,0.21153890865127525,0.49843063402385435,0.033421682825323755
07132,"Altenkirchen (Westerwald), Landkreis",2025-01-01,diesel,59.0,485.0,1479.0,2798.0,7618.0,11822.0,64.0,2415.0,2340.0,7067.0,24325.0,0.0024254881808838643,0.019938335046248715,0.0608016443987667,0.1150256937307297,0.3131757451181912,0.4860020554984584,0.00263103802672148
07133,"Bad Kreuznach, Landkreis",2025-01-01,all,732.0,3402.0,4406.0,18976.0,22201.0,48749.0,3468.0,13428.0,10350.0,24971.0,101934.0,0.007181117193478133,0.03337453646477132,0.043224046932328765,0.1861596719445916,0.21779779072733338,0.47824082249298566,0.03402201424451116
07133,"Bad Kreuznach, Landkreis",2025-01-01,diesel,96.0,703.0,1857.0,3237.0,9164.0,13498.0,80.0,2606.0,2683.0,8209.0,28635.0,0.003352540597171294,0.024550375414702286,0.06485070717653221,0.11304347826086956,0.32002793783830974,0.4713811768814388,0.002793783830976078
07134,"Birkenfeld, Landkreis",2025-01-01,all,360.0,1643.0,2161.0,9438.0,11164.0,26580.0,1245.0,7543.0,5957.0,13080.0,52591.0,0.006845277709113726,0.031241086877982924,0.04109068091498545,0.1794603639405982,0.2122796676237379,0.5054096708562301,0.023673252077351638
07134,"Birkenfeld, Landkreis",2025-01-01,diesel,47.0,323.0,935.0,1763.0,4552.0,6728.0,46.0,1245.0,1340.0,4143.0,14394.0,0.0032652494094761704,0.0224399055161873,0.0649576212310685,0.12248158955120189,0.31624287897735165,0.46741697929692927,0.0031957760177851883
07135,"Cochem-Zell, Landkreis",2025-01-01,all,318.0,1268.0,1729.0,7173.0,9755.0,20589.0,1431.0,5171.0,4647.0,10771.0,42263.0,0.007524312045997681,0.030002602749449873,0.04091048908028299,0.16972292549038165,0.2308165534865012,0.48716371294039706,0.03385940420698957
07135,"Cochem-Zell, Landkreis",2025-01-01,diesel,51.0,286.0,824.0,1674.0,4844.0,7136.0,36.0,1182.0,1426.0,4528.0,14851.0,0.0034341121809979124,0.019257962426772607,0.05548447915965255,0.11271968217628442,0.32617332166184093,0.4805063632078648,0.0024240791865867617
07137,"Mayen-Koblenz, Landkreis",2025-01-01,all,1028.0,4039.0,5165.0,24998.0,30979.0,70253.0,5006.0,19706.0,15661.0,34886.0,141468.0,0.007266661011677553,0.02855062629004439,0.036510023468204825,0.17670427234427574,0.21898238470890943,0.49659993779511974,0.03538609438176832
07137,"Mayen-Koblenz, Landkreis",2025-01-01,diesel,120.0,720.0,2156.0,4428.0,12729.0,19770.0,128.0,3679.0,4077.0,12014.0,40051.0,0.0029961798706649024,0.017977079223989414,0.05383136500961275,0.11055903722753489,0.3178197797807795,0.4936206336920426,0.0031959251953758957
07138,"Neuwied, Landkreis",2025-01-01,all,805.0,3794.0,5225.0,23319.0,27048.0,58966.0,3981.0,16407.0,13254.0,29305.0,123138.0,0.00653738082476571,0.030810960061069693,0.042432068086212214,0.1893728986990206,0.21965599571212785,0.4788611151715961,0.03232958144520782
07138,"Neuwied, Landkreis",2025-01-01,diesel,113.0,699.0,2259.0,4152.0,11376.0,17074.0,101.0,3311.0,3451.0,10312.0,35774.0,0.0031587186224632416,0.01953933023983899,0.06314641918711913,0.11606194442891485,0.3179963101693968,0.4772739978755521,0.0028232794767149324
07140,Rhein-Hunsrück-Kreis,2025-01-01,all,437.0,1926.0,2547.0,11511.0,16721.0,36857.0,2525.0,9933.0,8057.0,18867.0,72524.0,0.006025591528321659,0.026556726049307814,0.03511940874744912,0.15871987204235838,0.23055816005736032,0.5082041806850146,0.03481606089018808
07140,Rhein-Hunsrück-Kreis,2025-01-01,diesel,65.0,420.0,1235.0,2591.0,8131.0,12866.0,54.0,2483.0,2646.0,7737.0,25362.0,0.002562889362037694,0.01656020818547433,0.04869489787871619,0.10216071287753331,0.3205977446573614,0.5072943774150304,0.0021291696238466998
07141,Rhein-Lahn-Kreis,2025-01-01,all,605.0,2623.0,3267.0,14954.0,17325.0,39583.0,2807.0,10986.0,8789.0,19808.0,81164.0,0.007454043664678922,0.03231728352471539,0.04025183578926618,0.18424424621753488,0.21345670494307822,0.4876915874032822,0.034584298457444186
07141,Rhein-Lahn-Kreis,2025-01-01,diesel,73.0,450.0,1297.0,2566.0,6851.0,10952.0,63.0,2051.0,2303.0,6598.0,22252.0,0.0032806039906525257,0.020222901312241595,0.05828689555994967,0.11531547726047096,0.3078824375337048,0.4921804781592666,0.0028312061837138234
07143,Westerwaldkreis,2025-01-01,all,807.0,3409.0,4820.0,22277.0,29295.0,74798.0,5453.0,22098.0,16840.0,35860.0,140859.0,0.005729133388707857,0.024201506471010017,0.03421861577889947,0.15815105886027872,0.2079739313781867,0.5310132827863324,0.038712471336584814
07143,Westerwaldkreis,2025-01-01,diesel,119.0,592.0,2192.0,4128.0,12722.0,22348.0,93.0,4428.0,4746.0,13174.0,42194.0,0.0028203062046736503,0.014030430866947908,0.05195051429113144,0.09783381523439351,0.3015120633265393,0.5296487652272835,0.002204104849030668
07211,"Trier, kreisfreie Stadt",2025-01-01,all,313.0,1435.0,1881.0,8946.0,10947.0,27802.0,1978.0,8708.0,6041.0,13053.0,53302.0,0.005872199917451503,0.02692206671419459,0.03528948257101047,0.16783610371093016,0.20537690893399874,0.5215939364376572,0.03710930171475742
07211,"Trier, kreisfreie Stadt",2025-01-01,diesel,33.0,294.0,712.0,1639.0,4465.0,7656.0,36.0,1707.0,1623.0,4326.0,14835.0,0.002224469160768453,0.019817997977755308,0.047994607347489046,0.11048196831816649,0.3009774182676104,0.5160768452982811,0.0024266936299292214
07231,"Bernkastel-Wittlich, Landkreis",2025-01-01,all,512.0,2306.0,3062.0,12952.0,17310.0,38112.0,2436.0,10543.0,8507.0,19062.0,76690.0,0.006676228973790586,0.030069109401486504,0.03992697874559917,0.16888772982135872,0.22571391315686531,0.4969617942365367,0.03176424566436302
07231,"Bernkastel-Wittlich, Landkreis",2025-01-01,diesel,74.0,584.0,1576.0,2973.0,8482.0,12580.0,54.0,2288.0,2641.0,7651.0,26323.0,0.0028112297230558827,0.02218592105763021,0.05987159518291988,0.11294305360331269,0.3222277096075675,0.47790905291950003,0.0020514379060137524
07232,Eifelkreis Bitburg-Prüm,2025-01-01,all,564.0,2048.0,2809.0,11379.0,15813.0,34411.0,2481.0,9508.0,7486.0,17417.0,69505.0,0.00811452413495432,0.029465506078699376,0.04041435867923171,0.1637148406589454,0.22750881231566075,0.4950866844111934,0.035695273721315014
07232,Eifelkreis Bitburg-Prüm,2025-01-01,diesel,57.0,435.0,1453.0,3068.0,8997.0,13028.0,70.0,2351.0,2654.0,8023.0,27108.0,0.0021027003098716248,0.016046923417441347,0.05360041316216615,0.11317692194186219,0.3318946436476317,0.48059613398258816,0.0025822635384388374
07233,"Vulkaneifel, Landkreis",2025-01-01,all,291.0,1267.0,1638.0,7119.0,9584.0,21302.0,1339.0,5967.0,4704.0,10631.0,42540.0,0.006840620592383639,0.029783732957216737,0.0385049365303244,0.16734837799717914,0.22529384109073813,0.5007522331922896,0.03147625763986836
07233,"Vulkaneifel, Landkreis",2025-01-01,diesel,33.0,314.0,787.0,1587.0,4878.0,7418.0,48.0,1324.0,1554.0,4540.0,15065.0,0.0021905077995353467,0.020843013607699967,0.052240292067706605,0.10534351145038168,0.3237968801858613,0.4923996017258546,0.0031861931629605044
07235,"Trier-Saarburg, Landkreis",2025-01-01,all,671.0,2888.0,3793.0,16207.0,22813.0,52363.0,4007.0,14120.0,11922.0,26321.0,102742.0,0.006530922115590508,0.02810924451538806,0.03691771622121431,0.1577446419185922,0.2220416188121703,0.5096552529637344,0.03900060345331023
07235,"Trier-Saarburg, Landkreis",2025-01-01,diesel,88.0,610.0,1813.0,3692.0,11291.0,16959.0,80.0,2787.0,3674.0,10498.0,34533.0,0.0025482871456288187,0.017664263168563402,0.05250050676164828,0.10691222888251817,0.3269626154692613,0.4910954738945357,0.0023166246778443807
07311,"Frankenthal (Pfalz), kreisfreie Stadt",2025-01-01,all,218.0,966.0,1318.0,5493.0,5696.0,12515.0,720.0,3812.0,2574.0,6129.0,26926.0,0.008096263834212285,0.035876104880041594,0.04894897125454951,0.20400356532719305,0.21154274678749163,0.46479239396865485,0.02673995394785709
07311,"Frankenthal (Pfalz), kreisfreie Stadt",2025-01-01,diesel,17.0,141.0,477.0,1015.0,2099.0,3219.0,15.0,728.0,611.0,1880.0,6983.0,0.0024344837462408706,0.02019189460117428,0.06830874982099384,0.14535300014320493,0.3005871401976228,0.46097665759702133,0.0021480738937419445
07312,"Kaiserslautern, kreisfreie Stadt",2025-01-01,all,348.0,1662.0,2157.0,9371.0,9835.0,24402.0,1956.0,8029.0,4835.0,11538.0,49731.0,0.0069976473427037465,0.03341979851601617,0.04337334861555167,0.18843377370251954,0.19776397015945787,0.4906798576340713,0.039331604029679675
07312,"Kaiserslautern, kreisfreie Stadt",2025-01-01,diesel,27.0,275.0,738.0,1460.0,3541.0,5700.0,25.0,1398.0,1159.0,3143.0,11766.0,0.0022947475777664456,0.02337242903280639,0.06272310045894952,0.12408635050144484,0.30095189529151795,0.4844467108618052,0.002124766275709672
07313,"Landau in der Pfalz, kreisfreie Stadt",2025-01-01,all,229.0,1076.0,1335.0,5184.0,5710.0,13284.0,1127.0,3980.0,2777.0,6527.0,27945.0,0.00819466809804974,0.03850420468777957,0.04777241009125067,0.1855072463768116,0.20432993379853284,0.4753623188405797,0.040329218106995884
07313,"Landau in der Pfalz, kreisfreie Stadt",2025-01-01,diesel,33.0,201.0,532.0,903.0,2150.0,3393.0,34.0,740.0,707.0,1946.0,7246.0,0.004554236820314656,0.027739442451007453,0.07341981783052719,0.12462048026497378,0.2967154292023185,0.46825834943417055,0.004692243996687827
07314,"Ludwigshafen am Rhein, kreisfreie Stadt",2025-01-01,all,566.0,2756.0,3936.0,17454.0,16685.0,39958.0,2975.0,12483.0,8217.0,19258.0,84330.0,0.006711727736274161,0.03268113364164592,0.046673781572394164,0.20697260761294914,0.19785367010553775,0.47382900509901577,0.03527807423218309
07314,"Ludwigshafen am Rhein, kreisfreie Stadt",2025-01-01,diesel,59.0,370.0,1431.0,3102.0,6359.0,10169.0,71.0,2196.0,1927.0,6046.0,21561.0,0.0027364222438662398,0.01716061407170354,0.06636983442326423,0.14387087797411993,0.2949306618431427,0.47163860674365754,0.0032929827002458143
07315,"Mainz, kreisfreie Stadt",2025-01-01,all,775.0,3067.0,3718.0,17695.0,19400.0,52065.0,4077.0,17220.0,10726.0,24119.0,100797.0,0.007688720894471065,0.03042749288173259,0.03688601843308829,0.17555085964860065,0.192466045616437,0.5165332301556594,0.04044763237001101
07315,"Mainz, kreisfreie Stadt",2025-01-01,diesel,61.0,499.0,1405.0,2845.0,6905.0,14089.0,81.0,3694.0,2980.0,7415.0,25885.0,0.0023565771682441568,0.019277573884489085,0.05427853969480394,0.10990921383040371,0.26675680896271975,0.5442920610392119,0.003129225420127487
07316,"Neustadt an der Weinstraße, kreisfreie Stadt",2025-01-01,all,272.0,1210.0,1582.0,6213.0,6795.0,15770.0,1334.0,4496.0,3263.0,8011.0,33176.0,0.008198697853870267,0.03647214854111406,0.04768507354714251,0.18727393296358813,0.2048167349891488,0.475343621895346,0.04020979020979021
07316,"Neustadt an der Weinstraße, kreisfreie Stadt",2025-01-01,diesel,38.0,245.0,627.0,1054.0,2718.0,4267.0,28.0,969.0,785.0,2513.0,8977.0,0.0042330399910883365,0.027291968363595855,0.06984515985295756,0.11741116185808176,0.30277375515205524,0.4753258326835246,0.0031190820986966693
07317,"Pirmasens, kreisfreie Stadt",2025-01-01,all,154.0,752.0,1006.0,4500.0,4716.0,11215.0,654.0,3593.0,2220.0,5402.0,22997.0,0.006696525633778319,0.032699917380527896,0.043744836282993436,0.1956776970909249,0.2050702265512893,0.48767230508327175,0.02843849197721442
07317,"Pirmasens, kreisfreie Stadt",2025-01-01,diesel,15.0,139.0,357.0,803.0,1729.0,2684.0,19.0,631.0,456.0,1597.0,5746.0,0.002610511660285416,0.02419074138531152,0.0621301775147929,0.1397493908806126,0.3009049773755656,0.46710755308040375,0.0033066481030281933
07318,"Speyer, kreisfreie Stadt",2025-01-01,all,201.0,1002.0,1338.0,5667.0,6355.0,14214.0,957.0,4044.0,3030.0,7140.0,29734.0,0.006759938117979417,0.03369879599112127,0.04499899105401224,0.19058989708750926,0.2137283917400955,0.4780386089997982,0.032185377009484095
07318,"Speyer, kreisfreie Stadt",2025-01-01,diesel,32.0,169.0,562.0,969.0,2444.0,3735.0,27.0,748.0,761.0,2226.0,7938.0,0.004031242126480222,0.02128999748047367,0.0707986898463089,0.12207105064247921,0.30788611740992694,0.47052154195011336,0.003401360544217687
07319,"Worms, kreisfreie Stadt",2025-01-01,all,305.0,1550.0,2139.0,9545.0,9606.0,21639.0,1382.0,6351.0,4513.0,10775.0,46166.0,0.006606593597019451,0.03357449205042672,0.046332799029588874,0.20675388814278906,0.20807520686219297,0.4687215699865702,0.02993545033141273
07319,"Worms, kreisfreie Stadt",2025-01-01,diesel,35.0,277.0,751.0,1571.0,3623.0,5597.0,34.0,1119.0,1080.0,3398.0,11888.0,0.0029441453566621803,0.02330080753701211,0.06317294751009421,0.132150067294751,0.30476110363391656,0.4708109017496635,0.0028600269179004036
07320,"Zweibrücken, kreisfreie Stadt",2025-01-01,all,132.0,639.0,904.0,4004.0,4687.0,10362.0,726.0,2977.0,2207.0,5178.0,21454.0,0.006152698797427053,0.029784655542090054,0.04213666449147012,0.18663186352195396,0.21846741866318636,0.4829868555980237,0.03383984338584879
07320,"Zweibrücken, kreisfreie Stadt",2025-01-01,diesel,10.0,109.0,309.0,695.0,1853.0,2577.0,23.0,522.0,517.0,1538.0,5576.0,0.001793400286944046,0.0195480631276901,0.055416068866571015,0.12464131994261118,0.3323170731707317,0.46215925394548063,0.004124820659971305
07331,"Alzey-Worms, Landkreis",2025-01-01,all,640.0,2978.0,3833.0,16008.0,18844.0,41967.0,3296.0,11261.0,9434.0,21272.0,87566.0,0.007308772811365142,0.034008633487883425,0.043772697165566546,0.1828106799442706,0.2151976794646324,0.4792613571477514,0.03764017997853048
07331,"Alzey-Worms, Landkreis",2025-01-01,diesel,82.0,712.0,1678.0,2969.0,8136.0,12464.0,95.0,2215.0,2516.0,7733.0,26136.0,0.003137434955616774,0.027242118151209062,0.06420263238445056,0.11359810223446587,0.31129476584022037,0.47689011325374964,0.003634833180287726
07332,"Bad Dürkheim, Landkreis",2025-01-01,all,793.0,3427.0,4246.0,15897.0,19489.0,44313.0,3617.0,12405.0,9600.0,22308.0,91782.0,0.00864003835174653,0.03733847595389074,0.046261794251596176,0.1732038961887952,0.21234011026127128,0.482807086356802,0.03940859863589811
07332,"Bad Dürkheim, Landkreis",2025-01-01,diesel,108.0,715.0,1714.0,2747.0,7869.0,11428.0,104.0,1955.0,2338.0,7135.0,24685.0,0.004375126595098238,0.028964958476807776,0.06943487948146648,0.1112821551549524,0.31877658497062994,0.4629532104516913,0.004213084869353859
07333,Donnersbergkreis,2025-01-01,all,408.0,1811.0,2270.0,9596.0,11325.0,24190.0,1743.0,6525.0,5391.0,12274.0,51343.0,0.007946555518765946,0.03527257854040473,0.04421245349901642,0.18689986950509319,0.22057534620104005,0.47114504411506924,0.033948152620610406
07333,Donnersbergkreis,2025-01-01,diesel,48.0,403.0,979.0,1984.0,4973.0,7432.0,58.0,1337.0,1582.0,4513.0,15877.0,0.0030232411664672166,0.025382628960131007,0.06166152295773761,0.12496063488064496,0.31322038168419725,0.46809850727467406,0.0036530830761478867
07334,"Germersheim, Landkreis",2025-01-01,all,629.0,2936.0,4203.0,16419.0,18408.0,38825.0,3089.0,10190.0,7969.0,20666.0,84509.0,0.00744299423730017,0.034741861813534655,0.049734347820942146,0.1942869990178561,0.2178229537682377,0.4594185234708729,0.03655231987125632
07334,"Germersheim, Landkreis",2025-01-01,diesel,86.0,573.0,1827.0,3518.0,7885.0,11256.0,78.0,2009.0,2166.0,7081.0,25223.0,0.0034095864885223806,0.0227173611386433,0.07243388970384174,0.13947587519327598,0.31261150537208104,0.4462593664512548,0.0030924156523807634
07335,"Kaiserslautern, Landkreis",2025-01-01,all,464.0,2325.0,3095.0,12723.0,15019.0,33859.0,2360.0,9975.0,7107.0,16777.0,69845.0,0.006643281552008017,0.03328799484572983,0.04431240604195003,0.1821604982461164,0.21503328799484572,0.484773426873792,0.03378910444555802
07335,"Kaiserslautern, Landkreis",2025-01-01,diesel,55.0,471.0,1292.0,2397.0,6187.0,8611.0,49.0,1529.0,1679.0,5403.0,19062.0,0.002885321582205435,0.02470884482215927,0.06777882698562586,0.12574756059175324,0.3245724478019096,0.45173643898856364,0.002570559227783024
07336,"Kusel, Landkreis",2025-01-01,all,365.0,1675.0,2236.0,9283.0,10945.0,22021.0,1211.0,5962.0,4796.0,11263.0,47736.0,0.0076462208815149995,0.035088821853527734,0.046840958605664486,0.19446539299480475,0.2292818836936484,0.46130802748449806,0.025368694486341544
07336,"Kusel, Landkreis",2025-01-01,diesel,57.0,324.0,927.0,1742.0,4583.0,5831.0,54.0,950.0,1126.0,3755.0,13518.0,0.004216600088770528,0.023968042609853527,0.06857523302263649,0.12886521674803966,0.3390294422251812,0.4313507915372096,0.0039946737683089215
07337,"Südliche Weinstraße, Landkreis",2025-01-01,all,736.0,3427.0,4099.0,15047.0,17204.0,34429.0,3038.0,9055.0,7406.0,17968.0,77980.0,0.00943831751731213,0.043947165939984614,0.052564760194921775,0.19295973326493973,0.22062067196717106,0.4415106437548089,0.03895870736086176
07337,"Südliche Weinstraße, Landkreis",2025-01-01,diesel,110.0,820.0,1832.0,2873.0,7065.0,9546.0,93.0,1741.0,1852.0,5953.0,22339.0,0.004924123729799902,0.036707104167599265,0.08200904248175836,0.12860915887013744,0.3162630377366937,0.4273244102242715,0.004163122789739917
07338,Rhein-Pfalz-Kreis,2025-01-01,all,884.0,3703.0,4452.0,18156.0,22127.0,48457.0,3752.0,12935.0,10922.0,24600.0,101531.0,0.008706700416621525,0.03647161950537274,0.04384867675882243,0.17882223163368824,0.21793343904817247,0.47726310190976157,0.036954230727561044
07338,Rhein-Pfalz-Kreis,2025-01-01,diesel,111.0,658.0,1698.0,3005.0,8254.0,11562.0,119.0,1860.0,2460.0,7242.0,25407.0,0.004368874719565474,0.02589837446373047,0.06683197543983942,0.11827449128193018,0.324871098516157,0.45507143700554964,0.00468374857322785
07339,"Mainz-Bingen, Landkreis",2025-01-01,all,967.0,4549.0,5410.0,24142.0,29034.0,73336.0,5778.0,21935.0,16185.0,35216.0,143216.0,0.006752038878337616,0.03176321081443414,0.03777510892637694,0.16857055077644956,0.20272874539157637,0.5120656909842476,0.04034465422857781
07339,"Mainz-Bingen, Landkreis",2025-01-01,diesel,112.0,977.0,2116.0,4006.0,11544.0,22844.0,117.0,5700.0,5380.0,11764.0,41716.0,0.0026848211717326684,0.023420270399846583,0.05072394285166363,0.09603030012465241,0.2767283536293029,0.5476076325630453,0.0028046792597564486
07340,"Südwestpfalz, Landkreis",2025-01-01,all,499.0,2293.0,3021.0,12349.0,15237.0,32017.0,2034.0,8754.0,6973.0,16290.0,67450.0,0.007398072646404744,0.03399555226093402,0.0447887323943662,0.1830837657524092,0.2259006671608599,0.4746775389177168,0.03015567086730912
07340,"Südwestpfalz, Landkreis",2025-01-01,diesel,62.0,523.0,1293.0,2388.0,6523.0,8467.0,81.0,1346.0,1737.0,5384.0,19337.0,0.003206288462532968,0.027046594611366808,0.06686662874282463,0.12349382013756012,0.33733257485649276,0.4378652324559135,0.0041888607333092
08111,"Stuttgart, Stadtkreis",2025-01-01,all,2470.0,9075.0,8487.0,41200.0,43063.0,171347.0,18733.0,62234.0,30373.0,78740.0,294375.0,0.008390658174097664,0.030828025477707008,0.028830573248407643,0.13995753715498938,0.14628619957537156,0.5820704883227176,0.06363651804670913
08111,"Stuttgart, Stadtkreis",2025-01-01,diesel,110.0,968.0,2052.0,2455.0,10121.0,44398.0,168.0,15308.0,8351.0,20739.0,60272.0,0.001825059729227502,0.016060525617202018,0.034045659676134855,0.040732014865941066,0.16792208654101407,0.7366272896203876,0.002787363950092912
08115,"Böblingen, Landkreis",2025-01-01,all,1678.0,7180.0,7983.0,37326.0,44858.0,144701.0,16646.0,47239.0,26523.0,70939.0,260372.0,0.006444625382145546,0.027575929823483322,0.0306599787995637,0.14335642849461538,0.17228427019802436,0.555747161753184,0.06393160554898376
08115,"Böblingen, Landkreis",2025-01-01,diesel,154.0,1281.0,3352.0,6021.0,15756.0,34723.0,187.0,8704.0,6863.0,19156.0,61474.0,0.002505124117513095,0.0208380778865862,0.054527117155220094,0.09794384617887236,0.256303477893093,0.5648404203403065,0.003041936428408758
08116,"Esslingen, Landkreis",2025-01-01,all,2742.0,10632.0,11810.0,54510.0,63887.0,177872.0,15927.0,56126.0,35569.0,86177.0,337380.0,0.008127334163258048,0.03151342699626534,0.03500503882862055,0.16156855770940778,0.1893621435769755,0.5272156025846226,0.04720789614085008
08116,"Esslingen, Landkreis",2025-01-01,diesel,297.0,1908.0,4808.0,7384.0,20781.0,47437.0,281.0,13240.0,9395.0,24802.0,82896.0,0.0035828025477707007,0.02301679212507238,0.058000386025863736,0.08907546805635978,0.2506876085697742,0.572247153059255,0.0033897896159042658
08117,"Göppingen, Landkreis",2025-01-01,all,1143.0,5131.0,6201.0,28021.0,34948.0,86717.0,6152.0,26052.0,18102.0,42563.0,168313.0,0.006790919299162869,0.030484870449697884,0.0368420739930962,0.16648149578463933,0.2076369620884899,0.5152127286662349,0.036550949718678886
08117,"Göppingen, Landkreis",2025-01-01,diesel,141.0,1061.0,2766.0,4792.0,12942.0,24479.0,117.0,5960.0,5007.0,13512.0,46298.0,0.0030454879260443215,0.022916756663354788,0.0597434014428269,0.10350339107520844,0.27953691304160005,0.5287269428485032,0.0025271070024623092
08118,"Ludwigsburg, Landkreis",2025-01-01,all,2582.0,11485.0,12502.0,57140.0,63221.0,174680.0,13846.0,53428.0,36970.0,84282.0,335456.0,0.007696985595726414,0.03423697891824859,0.03726867308976438,0.17033530477916628,0.18846286845368693,0.5207240293809025,0.04127515978250501
08118,"Ludwigsburg, Landkreis",2025-01-01,diesel,150.0,1743.0,4449.0,6856.0,19184.0,42890.0,140.0,10448.0,8770.0,23672.0,75412.0,0.001989073357025407,0.023113032408635232,0.058995915769373575,0.09091391290510795,0.25438922187450275,0.5687423752187981,0.0018564684665570467
08119,"Rems-Murr-Kreis, Landkreis",2025-01-01,all,2049.0,9654.0,10480.0,47200.0,51499.0,137252.0,10759.0,40917.0,28768.0,67567.0,268893.0,0.0076201314277426335,0.03590275685867613,0.03897461071876174,0.1755345062906063,0.19152227837838842,0.5104335181652181,0.04001219816060664
08119,"Rems-Murr-Kreis, Landkreis",2025-01-01,diesel,194.0,1657.0,4101.0,6436.0,16601.0,35398.0,174.0,8311.0,7216.0,19871.0,64561.0,0.0030049100850358577,0.025665649540744413,0.06352132092129924,0.0996886665324267,0.2571366614519602,0.5482876659283469,0.0026951255401868003
08121,"Heilbronn, Stadtkreis",2025-01-01,all,467.0,2217.0,2786.0,13410.0,13264.0,34866.0,2282.0,10472.0,6860.0,17534.0,69292.0,0.006739594758413669,0.03199503550193385,0.04020666166368412,0.1935288344974889,0.19142180915545806,0.5031749696934711,0.03293309472955031
08121,"Heilbronn, Stadtkreis",2025-01-01,diesel,31.0,350.0,1029.0,2156.0,5054.0,10371.0,33.0,2229.0,1954.0,6188.0,19024.0,0.001629520605550883,0.018397813288477713,0.054089571068124474,0.1133305298570227,0.2656644238856182,0.5451534903280068,0.0017346509671993273
08125,"Heilbronn, Landkreis",2025-01-01,all,1850.0,8560.0,10090.0,44046.0,48349.0,129343.0,11602.0,40271.0,23687.0,65385.0,253840.0,0.007288055468011346,0.033722029624960605,0.0397494484714781,0.17351875196974473,0.1904703750393949,0.5095453829183738,0.045705956508036556
08125,"Heilbronn, Landkreis",2025-01-01,diesel,161.0,1623.0,4475.0,7702.0,19667.0,35125.0,483.0,8702.0,6363.0,20060.0,69236.0,0.0023253798601883414,0.023441562193078747,0.06463400543070079,0.11124270610664971,0.2840574267721994,0.5073227800566179,0.006976139580565024
08126,"Hohenlohekreis, Landkreis",2025-01-01,all,692.0,2979.0,3645.0,15680.0,18241.0,41063.0,4303.0,14150.0,7295.0,19618.0,86603.0,0.007990485318060575,0.0343983464776047,0.042088611249032945,0.18105608350749974,0.21062780735078462,0.4741521656293662,0.04968650046765124
08126,"Hohenlohekreis, Landkreis",2025-01-01,diesel,77.0,640.0,1877.0,3630.0,8943.0,16345.0,76.0,5431.0,2415.0,8499.0,31588.0,0.0024376345447638345,0.020260858553881222,0.05942129922755477,0.11491705711029505,0.28311384069899964,0.5174433329112321,0.002405976953273395
08127,"Schwäbisch Hall, Landkreis",2025-01-01,all,1083.0,4901.0,6165.0,25374.0,30089.0,62240.0,5320.0,16924.0,13424.0,31892.0,135172.0,0.008012014322492824,0.036257508951558014,0.04560855798538159,0.18771639096854378,0.22259787529961828,0.4604503891338443,0.03935726333856124
08127,"Schwäbisch Hall, Landkreis",2025-01-01,diesel,150.0,1213.0,3144.0,5771.0,14518.0,22408.0,154.0,4597.0,4425.0,13386.0,47358.0,0.0031673634866337262,0.025613412728578065,0.0663879386798429,0.12185903120908823,0.3065585539929896,0.47316187338992355,0.0032518265129439588
08128,"Main-Tauber-Kreis, Landkreis",2025-01-01,all,596.0,3178.0,4110.0,18030.0,21669.0,41175.0,2933.0,11168.0,8372.0,21635.0,91691.0,0.006500092702664384,0.034659890283670156,0.04482446477844063,0.19663871045140743,0.23632635700341365,0.4490626124701443,0.03198787231025946
08128,"Main-Tauber-Kreis, Landkreis",2025-01-01,diesel,92.0,729.0,2066.0,4036.0,10327.0,14211.0,82.0,2751.0,2703.0,8757.0,31543.0,0.0029166534571854292,0.02311130837269759,0.06549789176679453,0.12795231905652601,0.32739435056906446,0.4505278508702406,0.002599625907491361
08135,"Heidenheim, Landkreis",2025-01-01,all,549.0,2519.0,3387.0,15725.0,19275.0,42578.0,2388.0,11606.0,9117.0,21855.0,86421.0,0.0063526226264449615,0.02914800800731304,0.039191863088832574,0.18195808889043172,0.22303606762245287,0.49268117702873143,0.027632172735793385
08135,"Heidenheim, Landkreis",2025-01-01,diesel,56.0,532.0,1592.0,2937.0,8007.0,13240.0,53.0,2592.0,2516.0,8132.0,26417.0,0.002119847068175796,0.02013854714767006,0.06026422379528334,0.11117840784343415,0.3031002763372071,0.5011924139758489,0.002006283832380664
08136,"Ostalbkreis, Landkreis",2025-01-01,all,1401.0,6096.0,7811.0,35405.0,45951.0,105752.0,7330.0,29774.0,22792.0,53186.0,209746.0,0.006679507594900499,0.029063724695584183,0.03724028110190421,0.16879940499461255,0.21907926730426325,0.5041907831376999,0.034947031171035446
08136,"Ostalbkreis, Landkreis",2025-01-01,diesel,189.0,1348.0,3863.0,7061.0,19896.0,33688.0,205.0,6984.0,6742.0,19962.0,66250.0,0.002852830188679245,0.020347169811320755,0.05830943396226415,0.1065811320754717,0.30031698113207544,0.5084981132075471,0.0030943396226415093
08211,"Baden-Baden, Stadtkreis",2025-01-01,all,334.0,1235.0,1512.0,5987.0,6743.0,18261.0,1625.0,6414.0,3463.0,8384.0,35697.0,0.009356528559822955,0.034596744824495054,0.04235650054626439,0.16771717511275458,0.18889542538588677,0.511555592906967,0.04552203266380928
08211,"Baden-Baden, Stadtkreis",2025-01-01,diesel,34.0,224.0,631.0,1179.0,2912.0,5346.0,41.0,1472.0,1052.0,2822.0,10367.0,0.003279637310697405,0.02160702228224173,0.060866210089707724,0.11372624674447766,0.28089128966914245,0.5156747371467155,0.00395485675701746
08212,"Karlsruhe, Stadtkreis",2025-01-01,all,1322.0,5095.0,6048.0,23565.0,26366.0,69093.0,6848.0,24407.0,13381.0,31305.0,138337.0,0.009556373204565663,0.036830349075084756,0.04371932310227922,0.1703448824248032,0.19059253851102742,0.4994542313336273,0.04950230234861245
08212,"Karlsruhe, Stadtkreis",2025-01-01,diesel,125.0,990.0,2343.0,4115.0,9933.0,20120.0,136.0,6118.0,3828.0,10174.0,37762.0,0.0033102060272231343,0.026216831735607224,0.06204650177427043,0.10897198241618558,0.26304221174725917,0.5328107621418358,0.00360150415761877
08215,"Karlsruhe, Landkreis",2025-01-01,all,2125.0,10410.0,13006.0,52542.0,61044.0,135123.0,11454.0,37226.0,29115.0,68782.0,285704.0,0.007437767759639347,0.03643631170722146,0.04552263881499734,0.1839036205303391,0.21366169182090555,0.47294752611094,0.04009044325595722
08215,"Karlsruhe, Landkreis",2025-01-01,diesel,234.0,2104.0,5301.0,9365.0,23845.0,37266.0,222.0,7394.0,7473.0,22399.0,78337.0,0.0029870942211215647,0.026858317270255436,0.06766917293233082,0.1195475956444592,0.30439000727625515,0.4757139027534881,0.0028339099020896893
08216,"Rastatt, Landkreis",2025-01-01,all,1342.0,6373.0,7468.0,29762.0,31943.0,69529.0,6255.0,19134.0,14087.0,36308.0,152672.0,0.008790085935862503,0.041743083211066866,0.048915321735485226,0.19494078809473905,0.20922631523789562,0.45541422133724585,0.04097018444770489
08216,"Rastatt, Landkreis",2025-01-01,diesel,157.0,1309.0,3281.0,6058.0,13279.0,19222.0,147.0,3653.0,3725.0,11844.0,43453.0,0.0036130992106413826,0.030124502335857135,0.07550686949117437,0.13941500011506686,0.305594550433802,0.442363012910501,0.0033829655029572183
08221,"Heidelberg, Stadtkreis",2025-01-01,all,648.0,2416.0,2579.0,10342.0,11709.0,29323.0,2692.0,10119.0,5583.0,13621.0,59709.0,0.0108526352811134,0.04046291178884255,0.04319281850307324,0.17320671925505368,0.1961010902878963,0.49109849436433367,0.04508533051968715
08221,"Heidelberg, Stadtkreis",2025-01-01,diesel,51.0,467.0,1006.0,1689.0,4518.0,8550.0,56.0,2533.0,1655.0,4362.0,16337.0,0.003121748178980229,0.028585419599681704,0.0615780130991002,0.10338495439799229,0.27655016220848383,0.5233519005937443,0.0034278019220175065
08222,"Mannheim, Stadtkreis",2025-01-01,all,1322.0,5306.0,6505.0,28232.0,28362.0,79051.0,6379.0,28416.0,14621.0,36014.0,155157.0,0.00852040191547916,0.03419761918572801,0.04192527568849617,0.18195763001347023,0.18279549101877454,0.5094903871562353,0.04111319502181661
08222,"Mannheim, Stadtkreis",2025-01-01,diesel,130.0,770.0,2391.0,4962.0,10594.0,22824.0,159.0,7639.0,3951.0,11234.0,41830.0,0.0031078173559646186,0.01840784126225197,0.05715993306239541,0.11862299784843414,0.25326320822376286,0.5456371025579727,0.0038010996892182645
08225,"Neckar-Odenwald-Kreis, Landkreis",2025-01-01,all,688.0,3155.0,3998.0,17264.0,21152.0,47637.0,3093.0,13066.0,10119.0,24452.0,96987.0,0.0070937342118015815,0.03253013290440987,0.041222019445905124,0.17800323754730016,0.21809108437213234,0.4911689195459185,0.0318908719725324
08225,"Neckar-Odenwald-Kreis, Landkreis",2025-01-01,diesel,103.0,702.0,1943.0,3534.0,9662.0,14945.0,85.0,2718.0,2939.0,9288.0,30974.0,0.003325369664880222,0.022664169948989475,0.06273003163943953,0.11409569316200685,0.31193904565119135,0.482501452831407,0.0027442371020856204
08226,"Rhein-Neckar-Kreis, Landkreis",2025-01-01,all,2925.0,12186.0,14789.0,62100.0,71564.0,176396.0,18103.0,58174.0,35217.0,83005.0,358063.0,0.00816895350818152,0.034033117077162396,0.04130278749828941,0.1734331667890846,0.19986426969555637,0.49263956342878207,0.05055814200294362
08226,"Rhein-Neckar-Kreis, Landkreis",2025-01-01,diesel,310.0,2141.0,5672.0,10273.0,27032.0,45439.0,283.0,11567.0,8698.0,25174.0,91150.0,0.0034009873834339004,0.023488754799780583,0.06222709818979704,0.11270433351618211,0.2965660998354361,0.4985079539221064,0.003104772353263851
08231,"Pforzheim, Stadtkreis",2025-01-01,all,414.0,1851.0,2589.0,11643.0,12946.0,31323.0,2332.0,9307.0,6351.0,15665.0,63098.0,0.006561222225744081,0.02933531966147897,0.041031411455196676,0.18452248882690417,0.20517290563884752,0.49641826999270977,0.03695838219911883
08231,"Pforzheim, Stadtkreis",2025-01-01,diesel,24.0,310.0,984.0,2198.0,4965.0,8396.0,31.0,1560.0,1599.0,5237.0,16908.0,0.0014194464158978,0.018334516205346582,0.05819730305180979,0.1299976342559735,0.29364797728885733,0.4965696711615803,0.0018334516205346582
08235,"Calw, Landkreis",2025-01-01,all,868.0,3392.0,4131.0,17976.0,22510.0,54908.0,5363.0,15530.0,11298.0,28080.0,109148.0,0.007952504855792136,0.031077069666874336,0.03784769304064206,0.1646938102393081,0.20623373767728223,0.5030600652325283,0.04913511928757284
08235,"Calw, Landkreis",2025-01-01,diesel,96.0,777.0,2033.0,3725.0,9931.0,16851.0,115.0,3481.0,3252.0,10118.0,33528.0,0.002863278453829635,0.023174659985683608,0.060635886423287995,0.11110116917203532,0.29620019088523025,0.5025948460987831,0.0034299689811500833
08236,"Enzkreis, Landkreis",2025-01-01,all,1079.0,4743.0,5778.0,23829.0,28188.0,65745.0,5468.0,18284.0,14348.0,33113.0,134830.0,0.008002670028925313,0.03517763109100348,0.04285396425127939,0.1767336646147,0.20906326485203588,0.4876140324853519,0.040554772676703994
08236,"Enzkreis, Landkreis",2025-01-01,diesel,103.0,927.0,2418.0,4003.0,10466.0,17367.0,88.0,3563.0,3596.0,10208.0,35372.0,0.002911907723623205,0.026207169512608843,0.06835915413321271,0.11316860793848242,0.29588374985864524,0.49098156734139997,0.0024878434920275923
08237,"Freudenstadt, Landkreis",2025-01-01,all,515.0,2187.0,2893.0,12848.0,17296.0,42066.0,2818.0,12269.0,8506.0,21291.0,80623.0,0.0063877553551716015,0.02712625429468018,0.035883060665070764,0.15935899185096064,0.21452935266611264,0.5217617801371817,0.03495280503082247
08237,"Freudenstadt, Landkreis",2025-01-01,diesel,62.0,522.0,1506.0,2812.0,8213.0,13167.0,53.0,2772.0,2490.0,7905.0,26335.0,0.0023542813745965445,0.019821530282893487,0.057186254034554775,0.10677805202202392,0.3118663375735713,0.4999810138598823,0.002012530852477691
08311,"Freiburg im Breisgau, Stadtkreis",2025-01-01,all,1073.0,4464.0,5038.0,17906.0,19261.0,41374.0,4466.0,12970.0,8212.0,20192.0,93582.0,0.011465880190634952,0.04770148105404885,0.0538351392361779,0.19134021499861084,0.20581949520206877,0.4421149366331132,0.04772285268534547
08311,"Freiburg im Breisgau, Stadtkreis",2025-01-01,diesel,151.0,1275.0,2338.0,3577.0,8039.0,14509.0,160.0,4286.0,2764.0,7459.0,30049.0,0.005025125628140704,0.04243069652900263,0.07780624979200639,0.119038903124896,0.2675297014875703,0.482844687011215,0.005324636427168957
08315,"Breisgau-Hochschwarzwald, Landkreis",2025-01-01,all,1627.0,6457.0,8148.0,30819.0,36357.0,71792.0,6859.0,18776.0,15562.0,37454.0,162059.0,0.010039553495949005,0.03984351378201766,0.050277985178237554,0.19017148075700824,0.22434422031482362,0.44299915462886974,0.04232409184309418
08315,"Breisgau-Hochschwarzwald, Landkreis",2025-01-01,diesel,246.0,1642.0,3700.0,6120.0,15671.0,23048.0,248.0,4811.0,4623.0,13614.0,50675.0,0.004854464726196349,0.03240256536753824,0.07301430685742477,0.12076961026147015,0.3092451899358658,0.4548199309324124,0.004893931919092254
08316,"Emmendingen, Landkreis",2025-01-01,all,944.0,4469.0,5488.0,21678.0,23979.0,44061.0,4057.0,11296.0,9480.0,23285.0,104676.0,0.009018304100271313,0.042693645152661545,0.052428445871068825,0.20709618250601858,0.2290782987504299,0.4209274332225152,0.03875769039703466
08316,"Emmendingen, Landkreis",2025-01-01,diesel,128.0,1042.0,2431.0,4151.0,9700.0,13598.0,137.0,2842.0,2709.0,8047.0,31187.0,0.004104274216821111,0.03341135729630936,0.0779491454772822,0.13310033026581589,0.31102703049347485,0.43601500625260525,0.0043928559976913455
08317,"Ortenaukreis, Landkreis",2025-01-01,all,2351.0,11001.0,14210.0,57094.0,63089.0,122545.0,10132.0,32518.0,25849.0,64178.0,280422.0,0.00838379299769633,0.039230160258467595,0.05067362760411095,0.20360028813716471,0.22497878197858942,0.4370020897076549,0.036131259316316125
08317,"Ortenaukreis, Landkreis",2025-01-01,diesel,355.0,2498.0,6382.0,11629.0,26718.0,38849.0,261.0,8220.0,7575.0,23054.0,86692.0,0.004094956858764361,0.028814654178009505,0.07361694273981452,0.13414155862132607,0.30819452775342593,0.4481267014257371,0.00301065842292253
08325,"Rottweil, Landkreis",2025-01-01,all,718.0,2639.0,3387.0,15392.0,21240.0,49730.0,3335.0,14196.0,10634.0,24900.0,96441.0,0.007444966352484939,0.02736388050725314,0.035119917877251376,0.15960017005215624,0.22023828039941518,0.5156520566978775,0.03458072811356166
08325,"Rottweil, Landkreis",2025-01-01,diesel,95.0,596.0,1695.0,3203.0,9504.0,15630.0,126.0,3318.0,3052.0,9260.0,30849.0,0.003079516353852637,0.01931991312522286,0.054945054945054944,0.10382832506726312,0.3080812992317417,0.5066614801128075,0.0040844111640571815
08326,"Schwarzwald-Baar-Kreis, Landkreis",2025-01-01,all,883.0,3371.0,4547.0,20843.0,29009.0,71353.0,4580.0,20657.0,15149.0,35547.0,134586.0,0.0065608607135957675,0.025047181727668556,0.03378508908801807,0.15486751965286136,0.21554247841528837,0.5301665849345399,0.03403028546802788
08326,"Schwarzwald-Baar-Kreis, Landkreis",2025-01-01,diesel,140.0,818.0,2189.0,4022.0,12206.0,20545.0,127.0,4278.0,4016.0,12251.0,40047.0,0.0034958923265163435,0.02042599945064549,0.05466077359103054,0.10043199240891952,0.3047918695532749,0.5130221989162734,0.003171273753339826
08327,"Tuttlingen, Landkreis",2025-01-01,all,630.0,2116.0,2990.0,13476.0,19091.0,50821.0,3314.0,14903.0,10905.0,25013.0,92438.0,0.006815378956706117,0.02289101884506372,0.03234600488976395,0.14578420130249464,0.2065276185118674,0.5497847205694628,0.035851056924641383
08327,"Tuttlingen, Landkreis",2025-01-01,diesel,87.0,526.0,1461.0,2746.0,8444.0,15228.0,68.0,3104.0,2976.0,9148.0,28560.0,0.003046218487394958,0.018417366946778712,0.05115546218487395,0.0961484593837535,0.29565826330532213,0.5331932773109244,0.002380952380952381
08335,"Konstanz, Landkreis",2025-01-01,all,1437.0,5415.0,6958.0,29652.0,35238.0,78239.0,6782.0,22447.0,16434.0,39358.0,163721.0,0.008777126941565223,0.033074559769363736,0.04249912961684817,0.18111299100298678,0.21523201055454097,0.47788005203975054,0.04142413007494457
08335,"Konstanz, Landkreis",2025-01-01,diesel,237.0,1328.0,3076.0,4547.0,13376.0,21567.0,244.0,4844.0,4293.0,12430.0,44375.0,0.005340845070422535,0.02992676056338028,0.06931830985915494,0.10246760563380282,0.30143098591549294,0.4860169014084507,0.005498591549295774
08336,"Lörrach, Landkreis",2025-01-01,all,1148.0,4835.0,6206.0,25360.0,30601.0,64095.0,5569.0,17435.0,13868.0,32792.0,137814.0,0.008330068062751245,0.03508351836533299,0.045031709405430505,0.18401613769283237,0.22204565573889445,0.465083373242196,0.04040953749256244
08336,"Lörrach, Landkreis",2025-01-01,diesel,189.0,1198.0,2647.0,4295.0,11751.0,17858.0,129.0,3465.0,3604.0,10789.0,38067.0,0.004964930254551186,0.03147082775107048,0.06953529303596291,0.11282738329786955,0.30869256836630155,0.46912023537447134,0.0033887619197730317
08337,"Waldshut, Landkreis",2025-01-01,all,878.0,3164.0,4581.0,18925.0,24839.0,53623.0,4684.0,14112.0,11885.0,27626.0,110694.0,0.007931775886678592,0.028583301714636748,0.041384356875711424,0.17096680940249698,0.22439337272119536,0.484425533452581,0.042314849946699915
08337,"Waldshut, Landkreis",2025-01-01,diesel,108.0,746.0,1989.0,3276.0,10120.0,16507.0,132.0,3314.0,3355.0,9838.0,32878.0,0.003284871342539084,0.022689944643834784,0.060496380558428126,0.0996410973903522,0.3078046109860697,0.5020682523267839,0.0040148427519922135
08415,"Reutlingen, Landkreis",2025-01-01,all,1221.0,5299.0,6360.0,29760.0,39089.0,93995.0,6794.0,27760.0,20112.0,46123.0,182518.0,0.006689751147831995,0.029032752933957198,0.03484587821475142,0.16305241126902553,0.21416517822899658,0.5149903023263459,0.037223725879091375
08415,"Reutlingen, Landkreis",2025-01-01,diesel,116.0,1073.0,2930.0,4936.0,14971.0,26812.0,129.0,6017.0,5488.0,15307.0,50967.0,0.002275982498479408,0.021052838110934526,0.05748817862538505,0.09684697941805483,0.29373908607530363,0.5260658857692232,0.002531049502619342
08416,"Tübingen, Landkreis",2025-01-01,all,942.0,4085.0,4740.0,21293.0,27534.0,64278.0,5353.0,19499.0,13145.0,31634.0,128225.0,0.007346461298498733,0.03185806200038994,0.03696627022811464,0.16605966075258335,0.2147319165529343,0.5012906999415091,0.041746929225969974
08416,"Tübingen, Landkreis",2025-01-01,diesel,118.0,1002.0,2255.0,3678.0,10616.0,19610.0,130.0,5597.0,3686.0,10327.0,37409.0,0.0031543211526637977,0.02678499826245021,0.06027961185810901,0.09831858643641904,0.2837819775989735,0.5242054051164159,0.0034750995749685903
08417,"Zollernalbkreis, Landkreis",2025-01-01,all,820.0,3527.0,4628.0,20124.0,27237.0,69397.0,4214.0,20354.0,14867.0,34176.0,129947.0,0.006310264954173625,0.027141834748012652,0.035614519765750655,0.15486313650950004,0.2096008372644232,0.5340408012497403,0.03242860550839958
08417,"Zollernalbkreis, Landkreis",2025-01-01,diesel,94.0,757.0,2226.0,3660.0,11434.0,19282.0,112.0,4124.0,3909.0,11249.0,37565.0,0.002502329295887129,0.020151736989218686,0.05925728736856116,0.09743111939305205,0.3043790762678025,0.5132969519499534,0.00298149873552509
08421,"Ulm, Stadtkreis",2025-01-01,all,432.0,1603.0,2022.0,10190.0,13025.0,36852.0,3164.0,12712.0,7073.0,17067.0,67288.0,0.006420164070859589,0.02382296992034241,0.03004993460944002,0.1514385923195815,0.19357091903459755,0.5476756628224944,0.047021757222684576
08421,"Ulm, Stadtkreis",2025-01-01,diesel,32.0,330.0,905.0,1920.0,5255.0,12357.0,46.0,3870.0,2268.0,6219.0,20845.0,0.0015351403214200047,0.0158311345646438,0.04341568721515951,0.09210841928520029,0.2520988246581914,0.5928040297433437,0.002206764212041257
08425,"Alb-Donau-Kreis, Landkreis",2025-01-01,all,911.0,3540.0,4573.0,21964.0,29990.0,66488.0,5174.0,17616.0,14449.0,34423.0,132640.0,0.006868214716525935,0.026688781664656214,0.03447677925211098,0.16559107358262967,0.22610072376357057,0.5012665862484922,0.039007840772014475
08425,"Alb-Donau-Kreis, Landkreis",2025-01-01,diesel,102.0,758.0,2336.0,4865.0,13324.0,21518.0,94.0,3837.0,4445.0,13236.0,42997.0,0.0023722585296648605,0.01762913691652906,0.05432937181663837,0.1131474288903877,0.3098820847966137,0.5004535200130241,0.0021861990371421264
08426,"Biberach, Landkreis",2025-01-01,all,891.0,3714.0,4986.0,23034.0,32119.0,66461.0,5665.0,17540.0,14207.0,34714.0,136870.0,0.006509826842989699,0.027135237816906552,0.03642872799006357,0.16829107912617813,0.23466793307518083,0.4855775553444875,0.04138963980419376
08426,"Biberach, Landkreis",2025-01-01,diesel,125.0,904.0,2672.0,5298.0,15361.0,23478.0,116.0,4512.0,4767.0,14199.0,47954.0,0.0026066647203570087,0.018851399257621887,0.05572006506235142,0.11048087750761146,0.3203278141552321,0.48959419443633484,0.002418984860491304
08435,"Bodenseekreis, Landkreis",2025-01-01,all,1122.0,4921.0,5903.0,24207.0,30006.0,68688.0,5977.0,20598.0,13952.0,34138.0,140824.0,0.007967391921831506,0.034944327671419646,0.04191757086860194,0.1718954155541669,0.21307447594160087,0.4877577685621769,0.042443049480202236
08435,"Bodenseekreis, Landkreis",2025-01-01,diesel,216.0,1373.0,2919.0,4619.0,12576.0,18888.0,181.0,3862.0,3864.0,11162.0,40772.0,0.005297753360149122,0.03367507112724419,0.07159325026979299,0.11328853134504072,0.30844697341312666,0.4632590993819288,0.004439321102717551
08436,"Ravensburg, Landkreis",2025-01-01,all,1491.0,5846.0,7593.0,31930.0,42290.0,88686.0,7873.0,24732.0,18533.0,45421.0,185709.0,0.008028690047332117,0.03147935748940547,0.04088654830945188,0.1719356627842485,0.22772186593003033,0.4775535919099236,0.042394283529608154
08436,"Ravensburg, Landkreis",2025-01-01,diesel,301.0,1864.0,4179.0,7006.0,19598.0,29359.0,273.0,6067.0,5695.0,17597.0,62580.0,0.004809843400447427,0.029785874081176094,0.06677852348993289,0.11195270054330457,0.31316714605305207,0.46914349632470437,0.00436241610738255
08437,"Sigmaringen, Landkreis",2025-01-01,all,618.0,2514.0,3367.0,14828.0,20338.0,44559.0,3092.0,12659.0,9196.0,22704.0,89316.0,0.006919252989386,0.028147252451968294,0.03769761296968068,0.1660172869362712,0.22770836132383895,0.49889157597742845,0.0346186573514264
08437,"Sigmaringen, Landkreis",2025-01-01,diesel,104.0,660.0,1743.0,3228.0,9617.0,13981.0,92.0,2648.0,2720.0,8613.0,29425.0,0.0035344095157179268,0.022429906542056073,0.059235344095157176,0.10970263381478335,0.32683092608326253,0.47514018691588783,0.0031265930331350893
09161,"Ingolstadt, kreisfreie Stadt",2025-01-01,all,763.0,2532.0,2689.0,12968.0,15097.0,58238.0,9836.0,14499.0,8196.0,35543.0,102123.0,0.007471382548495442,0.02479363120942393,0.02633099301822312,0.12698412698412698,0.14783153648051858,0.570273102043614,0.09631522771559786
09161,"Ingolstadt, kreisfreie Stadt",2025-01-01,diesel,99.0,577.0,1406.0,2713.0,6523.0,13021.0,524.0,2915.0,2367.0,7739.0,24863.0,0.003981820375658609,0.023207175320757754,0.05654989341591924,0.10911796645617987,0.26235772030728394,0.5237099304186944,0.021075493705506175
09162,"München, kreisfreie Stadt",2025-01-01,all,5652.0,18617.0,21666.0,90396.0,112767.0,456298.0,43048.0,171350.0,69360.0,215588.0,748444.0,0.00755166719220142,0.024874272490660623,0.028948057570105445,0.1207785752841896,0.15066858709536052,0.6096621791343106,0.057516661233171756
09162,"München, kreisfreie Stadt",2025-01-01,diesel,549.0,3496.0,8086.0,13357.0,43496.0,117292.0,599.0,38365.0,20431.0,58496.0,186875.0,0.0029377926421404682,0.018707692307692307,0.0432695652173913,0.07147558528428094,0.23275451505016723,0.6276494983277592,0.003205351170568562
09163,"Rosenheim, kreisfreie Stadt",2025-01-01,all,226.0,972.0,1284.0,5883.0,7404.0,18569.0,1276.0,5779.0,4077.0,8713.0,35614.0,0.006345819059920256,0.027292637726736676,0.03605323749087438,0.1651878474757118,0.20789577132588308,0.5213960801931825,0.03582860672769136
09163,"Rosenheim, kreisfreie Stadt",2025-01-01,diesel,38.0,250.0,670.0,1117.0,3194.0,6107.0,43.0,1445.0,1281.0,3381.0,11419.0,0.0033277870216306157,0.02189333566862247,0.058674139591908224,0.0978194237674052,0.2797092565023207,0.5348104037131097,0.0037656537350030652
09171,"Altötting, Landkreis",2025-01-01,all,456.0,1906.0,2599.0,11780.0,16676.0,37328.0,2967.0,10342.0,8367.0,18619.0,73712.0,0.006186238332971565,0.025857390926850445,0.03525884523551118,0.15981115693509876,0.22623182114174084,0.5064032993271109,0.0402512481007163
09171,"Altötting, Landkreis",2025-01-01,diesel,82.0,481.0,1312.0,2433.0,7522.0,11839.0,67.0,2337.0,2533.0,6969.0,23736.0,0.0034546680148297942,0.02026457701381867,0.05527468823727671,0.10250252780586451,0.3169025952140209,0.49877822716548703,0.002822716548702393
09172,"Berchtesgadener Land, Landkreis",2025-01-01,all,505.0,1723.0,2082.0,9392.0,14223.0,36528.0,2209.0,10919.0,8121.0,17488.0,66662.0,0.007575530287120098,0.025846809276649365,0.031232186253037714,0.14088986229036032,0.21335993519546367,0.547958357084996,0.033137319612372866
09172,"Berchtesgadener Land, Landkreis",2025-01-01,diesel,103.0,545.0,1107.0,1841.0,6073.0,11084.0,98.0,2493.0,2297.0,6294.0,20851.0,0.004939811040237879,0.026137835115821784,0.05309097884993526,0.08829312742794111,0.2912570140520838,0.531581219126181,0.004700014387799147
09173,"Bad Tölz-Wolfratshausen, Landkreis",2025-01-01,all,602.0,2095.0,2730.0,10962.0,17683.0,43586.0,3198.0,13048.0,9730.0,20808.0,80856.0,0.007445334916394578,0.025910260215692094,0.03376372810923123,0.13557435440783616,0.21869743741961017,0.5390570891461364,0.03955179578509944
09173,"Bad Tölz-Wolfratshausen, Landkreis",2025-01-01,diesel,135.0,708.0,1540.0,2325.0,8123.0,13653.0,136.0,2869.0,3050.0,7734.0,26620.0,0.00507137490608565,0.026596543951915852,0.05785123966942149,0.08734034560480841,0.3051465063861758,0.512885048835462,0.005108940646130729
09174,"Dachau, Landkreis",2025-01-01,all,656.0,2597.0,3408.0,15086.0,19753.0,49314.0,3791.0,14069.0,10662.0,24583.0,94605.0,0.006934094392473971,0.027450980392156862,0.03602346599016965,0.15946303049521696,0.2087944611806987,0.521262089741557,0.04007187780772686
09174,"Dachau, Landkreis",2025-01-01,diesel,107.0,594.0,1543.0,2685.0,8465.0,14611.0,97.0,2880.0,3062.0,8669.0,28102.0,0.0038075581809123905,0.021137285602448225,0.054907124048110455,0.09554480108177354,0.3012241121628354,0.5199274073019714,0.0034517116219486155
09175,"Ebersberg, Landkreis",2025-01-01,all,584.0,2265.0,2790.0,12349.0,17999.0,47056.0,4338.0,14403.0,10147.0,22506.0,87381.0,0.006683375104427736,0.02592096680056305,0.03192913791327634,0.14132362870646936,0.20598299401471715,0.5385152378663554,0.049644659594190954
09175,"Ebersberg, Landkreis",2025-01-01,diesel,91.0,494.0,1294.0,2334.0,7646.0,14027.0,94.0,3038.0,3045.0,7944.0,25980.0,0.003502694380292533,0.01901462663587375,0.04980754426481909,0.08983833718244803,0.2943033102386451,0.5399153194765204,0.0036181678214010776
09176,"Eichstätt, Landkreis",2025-01-01,all,663.0,3041.0,3247.0,14797.0,19914.0,42194.0,3251.0,11178.0,9216.0,21800.0,87107.0,0.007611328595864856,0.03491108636504529,0.03727599389256891,0.16987153730469423,0.2286153810830358,0.484392758331707,0.03732191442708393
09176,"Eichstätt, Landkreis",2025-01-01,diesel,97.0,777.0,1927.0,3368.0,9543.0,13631.0,70.0,2430.0,2776.0,8425.0,29413.0,0.0032978614898174275,0.026416890490599396,0.0655152483595689,0.11450719069799069,0.3244483731683269,0.4634345357494985,0.0023799000441981437
09177,"Erding, Landkreis",2025-01-01,all,585.0,2321.0,3135.0,14095.0,20283.0,47959.0,3496.0,13447.0,10491.0,24021.0,91874.0,0.006367416243986329,0.02526286000391841,0.03412282038443956,0.15341663582732873,0.22076974987482856,0.5220084028125476,0.03805211485295078
09177,"Erding, Landkreis",2025-01-01,diesel,87.0,582.0,1564.0,2983.0,9520.0,15224.0,73.0,2800.0,3247.0,9177.0,30033.0,0.002896813505144341,0.019378683448206972,0.05207604967868678,0.09932407684879965,0.3169846502180934,0.506909066693304,0.002430659607764792
09178,"Freising, Landkreis",2025-01-01,all,886.0,3136.0,4082.0,17944.0,24063.0,57043.0,4874.0,16813.0,12026.0,28204.0,112028.0,0.007908737101438926,0.02799300174956261,0.036437319241618166,0.1601742421537473,0.21479451565680008,0.5091852036990753,0.0435069803977577
09178,"Freising, Landkreis",2025-01-01,diesel,150.0,807.0,2066.0,4038.0,11577.0,19021.0,150.0,3874.0,3802.0,11345.0,37809.0,0.003967309370784734,0.021344124414821867,0.05464307440027507,0.10679996826152503,0.30619693723716573,0.5030812769446428,0.003967309370784734
09179,"Fürstenfeldbruck, Landkreis",2025-01-01,all,999.0,3533.0,4507.0,20103.0,26054.0,63960.0,4983.0,18795.0,13782.0,31383.0,124139.0,0.00804743070268006,0.028460032705273926,0.03630607625323226,0.16193943885483209,0.20987763716479108,0.5152288966400567,0.04014048767913388
09179,"Fürstenfeldbruck, Landkreis",2025-01-01,diesel,157.0,811.0,2050.0,3286.0,10339.0,17560.0,146.0,3697.0,3853.0,10010.0,34349.0,0.0045707298611313285,0.023610585461003232,0.059681504556173395,0.09566508486418819,0.30099857346647646,0.5112230341494658,0.004250487641561618
09180,"Garmisch-Partenkirchen, Landkreis",2025-01-01,all,440.0,1522.0,2002.0,7501.0,11634.0,27668.0,1856.0,8323.0,5927.0,13418.0,52623.0,0.00836136290215305,0.028922714402447598,0.03804420120479638,0.14254223438420463,0.22108203637192864,0.5257777017653877,0.03526974896908196
09180,"Garmisch-Partenkirchen, Landkreis",2025-01-01,diesel,127.0,575.0,1123.0,1386.0,5068.0,8321.0,78.0,1787.0,1832.0,4702.0,16678.0,0.007614821921093656,0.03447655594195947,0.06733421273533997,0.0831034896270536,0.3038733661110445,0.4989207339009474,0.004676819762561458
09181,"Landsberg am Lech, Landkreis",2025-01-01,all,686.0,2496.0,3135.0,12905.0,18084.0,42268.0,4645.0,13135.0,8746.0,20387.0,84219.0,0.008145430366069415,0.029637017775086382,0.037224379296833254,0.1532314560847315,0.21472589320699603,0.5018819981239387,0.05515382514634465
09181,"Landsberg am Lech, Landkreis",2025-01-01,diesel,128.0,673.0,1570.0,2694.0,8131.0,14397.0,141.0,4001.0,2788.0,7608.0,27734.0,0.004615273671305978,0.024266243599913462,0.05660921612461239,0.09713708805076801,0.29317804860460084,0.5191101175452513,0.005084012403547992
09182,"Miesbach, Landkreis",2025-01-01,all,552.0,1728.0,2091.0,8025.0,13236.0,37673.0,2986.0,12007.0,8234.0,17432.0,66291.0,0.008326922206634385,0.02606688690772503,0.03154274335882699,0.12105715708014662,0.1996651129112549,0.5682973555987992,0.04504382193661281
09182,"Miesbach, Landkreis",2025-01-01,diesel,82.0,462.0,1029.0,1604.0,6079.0,11760.0,83.0,2823.0,2501.0,6436.0,21099.0,0.003886440115645291,0.021896772358879567,0.04877008389023176,0.07602256031091521,0.28811792028058203,0.5573723873169345,0.003933835726811697
09183,"Mühldorf a.Inn, Landkreis",2025-01-01,all,493.0,2285.0,3021.0,13190.0,17747.0,38251.0,3050.0,10618.0,8211.0,19422.0,78037.0,0.006317516050078809,0.02928098209823545,0.03871240565372836,0.1690223868165101,0.22741776336865846,0.49016492176787935,0.03908402424490946
09183,"Mühldorf a.Inn, Landkreis",2025-01-01,diesel,97.0,609.0,1571.0,2843.0,8196.0,12562.0,83.0,2377.0,2609.0,7576.0,25961.0,0.0037363737914564155,0.023458264319556256,0.06051384769461885,0.1095104194753669,0.31570432571934826,0.48387966565232465,0.0031971033473286855
09184,"München, Landkreis",2025-01-01,all,1529.0,5188.0,6442.0,26426.0,38515.0,141112.0,21806.0,57937.0,25876.0,57299.0,241018.0,0.00634392452016032,0.02152536325087753,0.026728294152303978,0.10964326315876823,0.15980134263830917,0.5854832419155416,0.0904745703640392
09184,"München, Landkreis",2025-01-01,diesel,180.0,1068.0,2753.0,4294.0,15276.0,40164.0,476.0,13829.0,7897.0,18438.0,64211.0,0.0028032580087523945,0.01663266418526421,0.04287427387830745,0.0668732771643488,0.23790316300945322,0.6255003036862843,0.007413060067589666
09185,"Neuburg-Schrobenhausen, Landkreis",2025-01-01,all,495.0,2311.0,2780.0,12094.0,15366.0,31829.0,2174.0,8487.0,6775.0,16567.0,67049.0,0.007382660442363048,0.03446732986323435,0.04146221420155409,0.1803755462423004,0.22917567748959716,0.47471252367671407,0.0324240480842369
09185,"Neuburg-Schrobenhausen, Landkreis",2025-01-01,diesel,62.0,566.0,1460.0,2760.0,7307.0,10427.0,48.0,1868.0,2013.0,6546.0,22630.0,0.0027397260273972603,0.025011047282368536,0.06451612903225806,0.12196199734865223,0.32288996906760936,0.4607600530269554,0.0021210782147591694
09186,"Pfaffenhofen a.d.Ilm, Landkreis",2025-01-01,all,639.0,2747.0,3550.0,14332.0,18937.0,42658.0,3657.0,11607.0,9425.0,21626.0,86520.0,0.007385575589459085,0.03174988441978733,0.041030975496994915,0.16564956079519186,0.21887424872861766,0.493042071197411,0.042267683772538145
09186,"Pfaffenhofen a.d.Ilm, Landkreis",2025-01-01,diesel,93.0,719.0,1848.0,3415.0,9360.0,14805.0,72.0,2607.0,3122.0,9076.0,30312.0,0.003068091844813935,0.02371997888624967,0.06096595407759303,0.11266165215096331,0.3087885985748218,0.48842042755344417,0.0023752969121140144
09187,"Rosenheim, Landkreis",2025-01-01,all,1370.0,5122.0,6312.0,26920.0,38455.0,89660.0,7724.0,25893.0,19970.0,43797.0,175563.0,0.007803466561860984,0.029174712211570777,0.03595290579450112,0.15333526996007132,0.21903818002654318,0.51069986272734,0.043995602718112585
09187,"Rosenheim, Landkreis",2025-01-01,diesel,249.0,1462.0,3377.0,5559.0,16934.0,28624.0,225.0,6194.0,6159.0,16271.0,56430.0,0.004412546517809676,0.025908204855573276,0.059844054580896686,0.09851143009037745,0.30008860535176324,0.5072479177742336,0.003987240829346092
09188,"Starnberg, Landkreis",2025-01-01,all,908.0,2560.0,2940.0,10693.0,16694.0,48111.0,5278.0,15887.0,10075.0,22149.0,87184.0,0.010414755000917599,0.029363185905670764,0.03372178381354377,0.12264865112864747,0.19148008808955772,0.5518329051202056,0.06053863094145715
09188,"Starnberg, Landkreis",2025-01-01,diesel,97.0,633.0,1319.0,1861.0,7017.0,13576.0,122.0,3298.0,2884.0,7394.0,24625.0,0.003939086294416244,0.025705583756345178,0.05356345177664975,0.07557360406091371,0.2849543147208122,0.5513096446700507,0.004954314720812183
09189,"Traunstein, Landkreis",2025-01-01,all,940.0,3489.0,4248.0,18232.0,26987.0,61039.0,5145.0,17419.0,13499.0,30121.0,120080.0,0.00782811459027315,0.029055629580279813,0.03537641572285143,0.15183211192538307,0.22474183877415058,0.508319453697535,0.04284643570952698
09189,"Traunstein, Landkreis",2025-01-01,diesel,206.0,1014.0,2355.0,3889.0,12310.0,19646.0,171.0,4221.0,4049.0,11376.0,39591.0,0.005203202748099316,0.02561188148821702,0.059483215882397515,0.09822939556970019,0.31092925159758533,0.4962238892677629,0.004319163446237781
09190,"Weilheim-Schongau, Landkreis",2025-01-01,all,754.0,2965.0,3680.0,14603.0,20339.0,43924.0,3679.0,11922.0,9634.0,22368.0,89944.0,0.008382993862847994,0.032964955972605174,0.0409143467046162,0.16235657742595394,0.22612959174597527,0.488348305612381,0.040903228675620386
09190,"Weilheim-Schongau, Landkreis",2025-01-01,diesel,155.0,898.0,2029.0,2954.0,9044.0,13754.0,122.0,2734.0,2947.0,8073.0,28956.0,0.005352949302389833,0.03101257079707142,0.07007183312612239,0.10201685315651333,0.3123359580052493,0.47499654648432105,0.0042132891283326425
09261,"Landshut, kreisfreie Stadt",2025-01-01,all,203.0,963.0,1320.0,6361.0,8208.0,20540.0,1442.0,6333.0,4171.0,10036.0,39037.0,0.005200194687091733,0.024668903860440097,0.03381407382739452,0.1629479724364065,0.2102620590721623,0.526167482132336,0.036939313984168866
09261,"Landshut, kreisfreie Stadt",2025-01-01,diesel,49.0,213.0,576.0,1263.0,3763.0,6472.0,31.0,1293.0,1317.0,3862.0,12367.0,0.003962157354249212,0.01722325543785882,0.04657556400097032,0.10212662731462764,0.3042775127355058,0.5233282121775693,0.002506670979218889
09262,"Passau, kreisfreie Stadt",2025-01-01,all,172.0,738.0,949.0,4525.0,5715.0,16496.0,1230.0,5723.0,3235.0,7538.0,29825.0,0.0057669740150880135,0.02474434199497066,0.03181894383906119,0.15171835708298406,0.19161777032690697,0.5530930427493713,0.04124056999161777
09262,"Passau, kreisfreie Stadt",2025-01-01,diesel,38.0,149.0,413.0,792.0,2369.0,5032.0,23.0,1327.0,1008.0,2697.0,8816.0,0.004310344827586207,0.016901088929219602,0.046846642468239566,0.08983666061705989,0.2687159709618875,0.5707803992740472,0.0026088929219600728
09263,"Straubing, kreisfreie Stadt",2025-01-01,all,160.0,646.0,961.0,4857.0,6031.0,14564.0,886.0,4364.0,3091.0,7109.0,28105.0,0.005692937199786515,0.022985233944138053,0.03419320405621776,0.17281622487101939,0.21458815157445293,0.5181996086105675,0.03152463974381783
09263,"Straubing, kreisfreie Stadt",2025-01-01,diesel,17.0,127.0,457.0,928.0,2671.0,4601.0,15.0,1033.0,919.0,2649.0,8816.0,0.001928312159709619,0.014405626134301271,0.051837568058076225,0.10526315789473684,0.3029718693284936,0.5218920145190563,0.0017014519056261343
09271,"Deggendorf, Landkreis",2025-01-01,all,442.0,1922.0,2614.0,12821.0,18199.0,42569.0,3008.0,12594.0,8798.0,21177.0,81575.0,0.005418326693227091,0.023561140055163958,0.032044131167637144,0.1571682500766166,0.22309531106343855,0.5218387986515477,0.036874042292368986
09271,"Deggendorf, Landkreis",2025-01-01,diesel,47.0,444.0,1344.0,2812.0,8886.0,15091.0,44.0,3157.0,2968.0,8966.0,28668.0,0.0016394586298311706,0.015487651737128506,0.04688154039347007,0.09808846100181387,0.3099623273336124,0.5264057485698339,0.0015348123343100321
09272,"Freyung-Grafenau, Landkreis",2025-01-01,all,366.0,1670.0,1781.0,7784.0,11649.0,29464.0,1631.0,8746.0,6557.0,14161.0,54345.0,0.006734750207010765,0.030729597939092832,0.03277210414941577,0.14323304811850215,0.21435274634280982,0.5421657926212163,0.03001196062195234
09272,"Freyung-Grafenau, Landkreis",2025-01-01,diesel,44.0,377.0,1000.0,1867.0,5773.0,9566.0,41.0,1754.0,1969.0,5843.0,18668.0,0.0023569745018212985,0.0201949860724234,0.05356760231412042,0.10001071352046283,0.3092457681594172,0.512427683736876,0.002196271694878937
09273,"Kelheim, Landkreis",2025-01-01,all,492.0,2127.0,2914.0,13530.0,18936.0,42663.0,3015.0,11498.0,9234.0,21931.0,83677.0,0.005879751903151403,0.025419171337404543,0.034824384239396725,0.1616931773366636,0.2262987439798272,0.5098533647238788,0.036031406479677806
09273,"Kelheim, Landkreis",2025-01-01,diesel,62.0,512.0,1515.0,3287.0,9742.0,15143.0,64.0,2668.0,3047.0,9428.0,30325.0,0.002044517724649629,0.01688375927452597,0.04995877988458368,0.1083924154987634,0.3212530915086562,0.49935696619950537,0.002110469909315746
09274,"Landshut, Landkreis",2025-01-01,all,747.0,3193.0,4436.0,19032.0,25024.0,55907.0,5090.0,15627.0,11757.0,28523.0,113429.0,0.0065856174346948316,0.02814976769609183,0.03910816457872326,0.16778777913937354,0.2206137760184785,0.49288100926570805,0.044873885866929974
09274,"Landshut, Landkreis",2025-01-01,diesel,123.0,880.0,2310.0,4596.0,13008.0,20381.0,126.0,3801.0,4194.0,12386.0,41424.0,0.002969293163383546,0.021243723445345693,0.05576477404403245,0.11095017381228274,0.31402085747392816,0.4920094631131711,0.003041714947856315
09275,"Passau, Landkreis",2025-01-01,all,799.0,3839.0,4681.0,22057.0,29253.0,67438.0,5062.0,19016.0,14966.0,33456.0,133129.0,0.006001697601574413,0.02883669223084377,0.035161384822240085,0.16568140675585336,0.21973424272697908,0.5065613052002194,0.03802327066228996
09275,"Passau, Landkreis",2025-01-01,diesel,111.0,837.0,2364.0,4445.0,13318.0,20534.0,86.0,3733.0,4167.0,12634.0,41695.0,0.002662189710996522,0.020074349442379184,0.05669744573689891,0.10660750689531119,0.3194147979374026,0.49248111284326657,0.0020625974337450535
09276,"Regen, Landkreis",2025-01-01,all,300.0,1240.0,1505.0,7028.0,11095.0,28537.0,1529.0,8529.0,6315.0,13693.0,51234.0,0.005855486590935707,0.02420267790920092,0.029375024397860796,0.13717453253698716,0.2165554124214389,0.5569934028184409,0.02984346332513565
09276,"Regen, Landkreis",2025-01-01,diesel,48.0,324.0,841.0,1568.0,5344.0,9286.0,42.0,1690.0,1940.0,5656.0,17453.0,0.002750243511144216,0.018564143700223457,0.04818655818483928,0.08984128803071105,0.306193777574056,0.5320575259267748,0.0024064630722511887
09277,"Rottal-Inn, Landkreis",2025-01-01,all,595.0,2709.0,3427.0,15503.0,19201.0,41413.0,3149.0,11711.0,8629.0,21073.0,85997.0,0.006918846006256032,0.03150109887554217,0.03985022733351164,0.1802737304789702,0.2232752305312976,0.4815633103480354,0.03661755642638697
09277,"Rottal-Inn, Landkreis",2025-01-01,diesel,75.0,718.0,1825.0,3575.0,9366.0,14836.0,83.0,3388.0,2780.0,8668.0,30478.0,0.0024607913905111884,0.023557976245160445,0.05987925716910558,0.11729772294769998,0.3073036288470372,0.48677734759498653,0.0027232758054990484
09278,"Straubing-Bogen, Landkreis",2025-01-01,all,454.0,1798.0,2478.0,11689.0,16735.0,35420.0,2564.0,9176.0,7921.0,18323.0,71138.0,0.006381961820686553,0.02527481795945908,0.034833703505861846,0.16431443110573815,0.2352469847338975,0.4979054794905676,0.036042621383789254
09278,"Straubing-Bogen, Landkreis",2025-01-01,diesel,59.0,421.0,1256.0,2713.0,8253.0,12282.0,46.0,1920.0,2525.0,7837.0,25030.0,0.0023571713943268077,0.01681981622053536,0.05017978425888933,0.1083899320815022,0.32972433080303637,0.49069117059528566,0.0018377946464242908
09279,"Dingolfing-Landau, Landkreis",2025-01-01,all,456.0,2209.0,3040.0,12482.0,15413.0,35569.0,3185.0,8571.0,6562.0,20436.0,72354.0,0.006302346794924953,0.030530447521906184,0.04201564529949968,0.1725129225751168,0.21302208585565416,0.4915968709401001,0.044019681012798184
09279,"Dingolfing-Landau, Landkreis",2025-01-01,diesel,70.0,585.0,1542.0,3213.0,8557.0,12298.0,64.0,1826.0,2328.0,8144.0,26329.0,0.002658665349994303,0.022218846139238104,0.05856659956701736,0.12203273956473851,0.3250028485700179,0.46708952106042767,0.00243077974856622
09361,"Amberg, kreisfreie Stadt",2025-01-01,all,123.0,573.0,778.0,3963.0,5326.0,13147.0,1000.0,4179.0,2718.0,6250.0,24910.0,0.004937775993576877,0.02300281011641911,0.03123243677238057,0.1590927338418306,0.21380971497390605,0.527780008028904,0.04014452027298274
09361,"Amberg, kreisfreie Stadt",2025-01-01,diesel,13.0,136.0,354.0,637.0,2138.0,3539.0,17.0,760.0,751.0,2028.0,6834.0,0.0019022534386889084,0.01990049751243781,0.05179982440737489,0.09321041849575651,0.3128475270705297,0.5178519168861574,0.0024875621890547263
09362,"Regensburg, kreisfreie Stadt",2025-01-01,all,471.0,1764.0,2221.0,11663.0,15822.0,46433.0,4127.0,15893.0,8717.0,21823.0,82501.0,0.0057090217088277715,0.021381559011405923,0.02692088580744476,0.1413679834183828,0.19177949358189597,0.5628174203949043,0.05002363607713846
09362,"Regensburg, kreisfreie Stadt",2025-01-01,diesel,71.0,462.0,987.0,2205.0,6663.0,14030.0,63.0,4160.0,2620.0,7250.0,24481.0,0.0029002083248233323,0.01887177811363915,0.04031698051550182,0.09006985008782321,0.2721702544830685,0.5730975041869205,0.00257342428822352
09363,"Weiden i.d.OPf., kreisfreie Stadt",2025-01-01,all,153.0,669.0,792.0,3960.0,5287.0,14607.0,769.0,4802.0,2905.0,6900.0,26237.0,0.005831459389411899,0.02549834203605595,0.030186378015779242,0.1509318900788962,0.20150931890078896,0.556732858177383,0.029309753401684645
09363,"Weiden i.d.OPf., kreisfreie Stadt",2025-01-01,diesel,18.0,138.0,338.0,650.0,2103.0,4219.0,12.0,1000.0,864.0,2355.0,7478.0,0.0024070607114201658,0.018454132120887937,0.045199251136667555,0.08692163680128377,0.28122492645092273,0.564188285637871,0.0016047071409467772
09371,"Amberg-Sulzbach, Landkreis",2025-01-01,all,488.0,2064.0,2443.0,11691.0,16365.0,35466.0,2704.0,9742.0,7916.0,17808.0,71221.0,0.006851911655270215,0.028980216509175663,0.0343016806840679,0.16415102287246738,0.22977773409528088,0.49797110402830624,0.03796633015543169
09371,"Amberg-Sulzbach, Landkreis",2025-01-01,diesel,67.0,513.0,1214.0,2287.0,7385.0,11406.0,62.0,2035.0,2420.0,6951.0,22934.0,0.0029214267027121306,0.022368535798377952,0.0529345077177989,0.09972093834481556,0.32201098805267286,0.49734019359902326,0.0027034097845992848
09372,"Cham, Landkreis",2025-01-01,all,647.0,2684.0,3132.0,14109.0,21293.0,46386.0,3140.0,12508.0,10265.0,23613.0,91391.0,0.007079471720410106,0.02936831854340143,0.034270332964952785,0.1543806282894377,0.23298793097788623,0.5075554485671455,0.0343578689367662
09372,"Cham, Landkreis",2025-01-01,diesel,69.0,626.0,1678.0,3097.0,10286.0,15644.0,64.0,2813.0,3201.0,9630.0,31464.0,0.0021929824561403508,0.019895753877447242,0.05333079074497839,0.09842995169082126,0.3269132977370964,0.4972031528095601,0.0020340706839562673
09373,"Neumarkt i.d.OPf., Landkreis",2025-01-01,all,539.0,2207.0,2795.0,13641.0,20598.0,48997.0,3528.0,13919.0,10773.0,24305.0,92305.0,0.005839336980661936,0.0239098640377011,0.030280049834786847,0.1477818103028005,0.22315150858566707,0.530816315475868,0.03822111478251449
09373,"Neumarkt i.d.OPf., Landkreis",2025-01-01,diesel,79.0,506.0,1423.0,2771.0,9449.0,17106.0,99.0,3829.0,3564.0,9713.0,31433.0,0.0025132822193236408,0.01609773168326281,0.04527089364680431,0.0881557598702001,0.3006076416504947,0.5442051347310152,0.003149556198899246
09374,"Neustadt a.d.Waldnaab, Landkreis",2025-01-01,all,418.0,1752.0,2071.0,9594.0,14764.0,35428.0,2275.0,10366.0,7607.0,17455.0,66302.0,0.00630448553588127,0.02642454224608609,0.031235860155048114,0.14470151729962896,0.22267804892763415,0.5343428554191427,0.03431269041657869
09374,"Neustadt a.d.Waldnaab, Landkreis",2025-01-01,diesel,53.0,463.0,1086.0,2088.0,6826.0,11206.0,57.0,2130.0,2383.0,6693.0,21779.0,0.0024335368933376188,0.021259010973873914,0.04986454841820102,0.09587217043941411,0.3134211855457092,0.5145323476743652,0.0026172000550989485
09375,"Regensburg, Landkreis",2025-01-01,all,700.0,3077.0,3855.0,19037.0,29187.0,70076.0,5394.0,19976.0,15070.0,35030.0,131326.0,0.005330246866576307,0.023430242297793277,0.0293544309580738,0.14495987085573306,0.2222484504210895,0.5336033991745732,0.04107335942616085
09375,"Regensburg, Landkreis",2025-01-01,diesel,107.0,797.0,1913.0,4093.0,13301.0,20845.0,109.0,3698.0,4262.0,12885.0,41165.0,0.0025992955180371676,0.01936110773715535,0.04647151706546824,0.0994291266852909,0.3231142961253492,0.506376776387708,0.0026478804809911332
09376,"Schwandorf, Landkreis",2025-01-01,all,605.0,2543.0,3097.0,15610.0,23086.0,55611.0,3401.0,16399.0,12039.0,27173.0,103953.0,0.005819937856531317,0.024462978461420065,0.029792309986243784,0.15016401643050226,0.22208113281963965,0.5349629159331621,0.032716708512500844
09376,"Schwandorf, Landkreis",2025-01-01,diesel,97.0,601.0,1605.0,3334.0,11177.0,19625.0,95.0,4169.0,3949.0,11507.0,36534.0,0.0026550610390321345,0.016450429736683637,0.04393168007883068,0.09125745880549625,0.3059341982810533,0.5371708545464499,0.0026003175124541525
09377,"Tirschenreuth, Landkreis",2025-01-01,all,306.0,1275.0,1373.0,6717.0,10659.0,27511.0,1388.0,8026.0,6300.0,13185.0,49229.0,0.00621584838205123,0.02589936825854679,0.02789006479920372,0.1364439659550265,0.21651871864145117,0.5588372707144162,0.028194763249304273
09377,"Tirschenreuth, Landkreis",2025-01-01,diesel,38.0,261.0,689.0,1238.0,4634.0,8608.0,23.0,1713.0,1903.0,4992.0,15491.0,0.002453037247433994,0.016848492673165065,0.044477438512684785,0.07991737137692854,0.2991414369633981,0.5556774901555742,0.0014847330708153122
09461,"Bamberg, kreisfreie Stadt",2025-01-01,all,297.0,1346.0,1595.0,6764.0,8167.0,20777.0,1578.0,6733.0,4156.0,9888.0,40524.0,0.007328990228013029,0.03321488500641595,0.039359391965255154,0.16691343401441122,0.20153489290297108,0.5127085184088441,0.03893988747408943
09461,"Bamberg, kreisfreie Stadt",2025-01-01,diesel,39.0,345.0,749.0,1185.0,3387.0,6441.0,37.0,1720.0,1290.0,3431.0,12183.0,0.0032011819748830337,0.028318148239349913,0.06147911023557416,0.09726668308298449,0.27801034228022653,0.5286875153902979,0.003037018796683904
09462,"Bayreuth, kreisfreie Stadt",2025-01-01,all,265.0,965.0,1152.0,5800.0,7935.0,22518.0,1814.0,8090.0,4267.0,10161.0,40449.0,0.006551459863037405,0.023857202897475834,0.028480308536675814,0.14339044228534698,0.1961729585403842,0.5567010309278351,0.04484659694924473
09462,"Bayreuth, kreisfreie Stadt",2025-01-01,diesel,35.0,186.0,521.0,979.0,2930.0,6415.0,39.0,2021.0,1115.0,3279.0,11105.0,0.0031517334533993696,0.01674921206663665,0.04691580369203062,0.08815848716794236,0.2638451148131472,0.5776677172444845,0.0035119315623592974
09463,"Coburg, kreisfreie Stadt",2025-01-01,all,181.0,674.0,818.0,3702.0,4915.0,13657.0,1012.0,4784.0,2713.0,6160.0,24959.0,0.007251893104691694,0.0270042870307304,0.03277374894827517,0.14832325013021355,0.19692295364397613,0.5471773708882567,0.040546496253856326
09463,"Coburg, kreisfreie Stadt",2025-01-01,diesel,19.0,127.0,316.0,623.0,1766.0,3994.0,13.0,1214.0,740.0,2040.0,6858.0,0.0027704870224555265,0.018518518518518517,0.04607757363662875,0.09084281131525226,0.2575094779819189,0.5823855351414406,0.00189559638378536
09464,"Hof, kreisfreie Stadt",2025-01-01,all,132.0,616.0,764.0,3683.0,4680.0,15830.0,749.0,5141.0,3026.0,7663.0,26454.0,0.004989793603991835,0.02328570348529523,0.02888032055643759,0.13922280184471159,0.17691086414152868,0.5983972178120511,0.02831329855598397
09464,"Hof, kreisfreie Stadt",2025-01-01,diesel,8.0,126.0,319.0,564.0,1623.0,3456.0,11.0,839.0,696.0,1921.0,6107.0,0.0013099721630915344,0.020632061568691667,0.05223514000327493,0.09235303749795316,0.265760602587195,0.5659079744555429,0.0018012117242508596
09471,"Bamberg, Landkreis",2025-01-01,all,744.0,3263.0,3761.0,18174.0,23954.0,49617.0,3564.0,13551.0,10885.0,25181.0,103077.0,0.00721790506126488,0.031655946525413044,0.03648728620351776,0.17631479379493,0.2323893788138964,0.48135859600104774,0.03457609359993015
09471,"Bamberg, Landkreis",2025-01-01,diesel,107.0,840.0,1830.0,3640.0,10666.0,16447.0,87.0,3151.0,3297.0,9999.0,33617.0,0.0031829134069072196,0.024987357586935183,0.054436743314394506,0.10827854954338578,0.31727994764553646,0.4892465121813368,0.002587976321504001
09472,"Bayreuth, Landkreis",2025-01-01,all,465.0,2051.0,2178.0,10882.0,16105.0,38143.0,2387.0,10724.0,8245.0,19174.0,72211.0,0.006439462131808173,0.028402874908254976,0.030161609727049895,0.15069726218997107,0.22302696265111963,0.5282159227818476,0.03305590560994862
09472,"Bayreuth, Landkreis",2025-01-01,diesel,57.0,462.0,1141.0,2129.0,6960.0,11482.0,61.0,2075.0,2451.0,6956.0,22292.0,0.0025569711107123632,0.0207249237394581,0.05118428135654046,0.09550511394222143,0.3122196303606675,0.515072671810515,0.0027364076798851605
09473,"Coburg, Landkreis",2025-01-01,all,367.0,1783.0,1956.0,9639.0,12844.0,30755.0,2031.0,8904.0,6724.0,15127.0,59375.0,0.006181052631578947,0.030029473684210526,0.03294315789473684,0.16234105263157894,0.21632,0.5179789473684211,0.03420631578947368
09473,"Coburg, Landkreis",2025-01-01,diesel,39.0,383.0,888.0,1543.0,4960.0,8217.0,39.0,1586.0,1658.0,4973.0,16069.0,0.0024270334183832225,0.02383471280104549,0.0552616839878026,0.09602339909141826,0.308668865517456,0.5113572717655113,0.0024270334183832225
09474,"Forchheim, Landkreis",2025-01-01,all,584.0,2373.0,2895.0,13236.0,18205.0,38174.0,3070.0,10459.0,8316.0,19399.0,78537.0,0.0074359855864115,0.030215057870812485,0.03686160663126934,0.1685320294892853,0.23180157123394068,0.4860638934514942,0.039089855736786486
09474,"Forchheim, Landkreis",2025-01-01,diesel,85.0,579.0,1408.0,2473.0,7696.0,11420.0,75.0,2137.0,2322.0,6961.0,23736.0,0.0035810583080552747,0.024393326592517695,0.05931917762049208,0.10418773171553758,0.32423323222109873,0.4811257162116616,0.003159757330637007
09475,"Hof, Landkreis",2025-01-01,all,428.0,1755.0,1891.0,8171.0,12206.0,37667.0,1851.0,12105.0,8186.0,17376.0,63969.0,0.006690740827588363,0.027435163907517705,0.029561193703199987,0.12773374603323484,0.19081117416248494,0.5888320905438572,0.028935890822116964
09475,"Hof, Landkreis",2025-01-01,diesel,48.0,340.0,888.0,1496.0,4904.0,9633.0,54.0,2100.0,2043.0,5490.0,17363.0,0.002764499222484594,0.019581869492599206,0.05114323561596498,0.0861602257674365,0.28243967056384267,0.5548004377123769,0.003110061625295168
09476,"Kronach, Landkreis",2025-01-01,all,326.0,1265.0,1406.0,6561.0,9220.0,25429.0,1273.0,7632.0,5581.0,12216.0,45480.0,0.007167985927880387,0.027814423922603342,0.030914687774846086,0.1442612137203166,0.202726473175022,0.5591248900615655,0.02799032541776605
09476,"Kronach, Landkreis",2025-01-01,diesel,37.0,287.0,686.0,1094.0,3756.0,6915.0,26.0,1386.0,1436.0,4093.0,12801.0,0.002890399187563472,0.022420123427857198,0.05358956331536599,0.08546207327552535,0.29341457698617296,0.5401921724865245,0.0020310913209905476
09477,"Kulmbach, Landkreis",2025-01-01,all,327.0,1522.0,1739.0,7569.0,10667.0,26583.0,1687.0,8067.0,5581.0,12935.0,50094.0,0.00652772787160139,0.030382880185251728,0.034714736295763965,0.15109593963348905,0.2129396734139817,0.5306623547730267,0.03367668782688545
09477,"Kulmbach, Landkreis",2025-01-01,diesel,45.0,385.0,819.0,1353.0,4238.0,7902.0,42.0,1871.0,1523.0,4508.0,14784.0,0.003043831168831169,0.026041666666666668,0.05539772727272727,0.09151785714285714,0.2866612554112554,0.5344967532467533,0.002840909090909091
09478,"Lichtenfels, Landkreis",2025-01-01,all,301.0,1372.0,1591.0,8079.0,10274.0,22314.0,1298.0,6076.0,4887.0,11351.0,45229.0,0.006655022220256915,0.03033451988768268,0.03517654602135798,0.17862433394503527,0.22715514382365296,0.4933560326339296,0.028698401468084635
09478,"Lichtenfels, Landkreis",2025-01-01,diesel,24.0,329.0,788.0,1438.0,4271.0,6805.0,32.0,1269.0,1371.0,4165.0,13687.0,0.001753488711916417,0.02403740775918755,0.05757287937458903,0.10506319865565865,0.31204792869145903,0.49718711185796743,0.0023379849492218894
09479,"Wunsiedel i.Fichtelgebirge, Landkreis",2025-01-01,all,291.0,1262.0,1344.0,5994.0,9191.0,27545.0,1342.0,8508.0,6336.0,12701.0,46969.0,0.006195575805318401,0.02686878579488599,0.02861461815239839,0.12761608720645531,0.19568225851093274,0.5864506376546232,0.028572036875385894
09479,"Wunsiedel i.Fichtelgebirge, Landkreis",2025-01-01,diesel,33.0,270.0,603.0,970.0,3601.0,7320.0,40.0,1557.0,1648.0,4115.0,12837.0,0.002570694087403599,0.021032951624211264,0.04697359196073849,0.07556282620549973,0.2805172548103139,0.5702266884786165,0.003115992833216484
09561,"Ansbach, kreisfreie Stadt",2025-01-01,all,114.0,673.0,921.0,4365.0,5638.0,13026.0,908.0,3909.0,2555.0,6562.0,25645.0,0.004445310976798596,0.02624293234548645,0.03591343341782024,0.17020861766426204,0.21984792357184638,0.5079352700331449,0.03540651199064145
09561,"Ansbach, kreisfreie Stadt",2025-01-01,diesel,16.0,161.0,429.0,836.0,2414.0,3664.0,22.0,809.0,720.0,2135.0,7542.0,0.0021214531954388757,0.021347122779103687,0.056881463802704854,0.11084592946168126,0.3200742508618404,0.4858127817555025,0.002916998143728454
09562,"Erlangen, kreisfreie Stadt",2025-01-01,all,394.0,1681.0,2073.0,9371.0,11824.0,27745.0,2348.0,8536.0,5670.0,13539.0,55436.0,0.007107294898621834,0.030323255646150515,0.03739447290569305,0.16904177790605382,0.21329100223681363,0.5004870481275705,0.042355148279096616
09562,"Erlangen, kreisfreie Stadt",2025-01-01,diesel,65.0,404.0,971.0,1753.0,4753.0,7838.0,46.0,1911.0,1527.0,4400.0,15830.0,0.00410612760581175,0.025521162349968415,0.061339229311433985,0.11073910296904611,0.30025268477574224,0.49513581806696144,0.0029058749210360076
09563,"Fürth, kreisfreie Stadt",2025-01-01,all,412.0,1787.0,2317.0,11121.0,13373.0,32500.0,2292.0,10232.0,6587.0,15681.0,63802.0,0.006457477822011849,0.028008526378483434,0.03631547600388703,0.17430488072474218,0.2096015798877778,0.509388420425692,0.03592363875740572
09563,"Fürth, kreisfreie Stadt",2025-01-01,diesel,74.0,429.0,1039.0,1965.0,5116.0,8676.0,33.0,2034.0,1697.0,4945.0,17332.0,0.004269559196861297,0.024751903992614815,0.05994691899376875,0.1133741057004385,0.2951765520424648,0.5005769674590353,0.0019039926148165243
09564,"Nürnberg, kreisfreie Stadt",2025-01-01,all,1645.0,7164.0,9466.0,41067.0,48743.0,126566.0,9803.0,43230.0,24633.0,58703.0,244454.0,0.0067292824007788785,0.029306127124121513,0.038723031736032136,0.16799479656704328,0.19939538727122486,0.517749760691173,0.04010161420962635
09564,"Nürnberg, kreisfreie Stadt",2025-01-01,diesel,257.0,1637.0,4188.0,7775.0,19573.0,37023.0,229.0,10635.0,6962.0,19426.0,70682.0,0.0036360035086726466,0.023160069041623044,0.059251294530432076,0.1099997170425285,0.2769163294756798,0.5237967233524802,0.003239863048583798
09565,"Schwabach, kreisfreie Stadt",2025-01-01,all,231.0,723.0,959.0,4222.0,5210.0,13490.0,1026.0,4369.0,2748.0,6373.0,25861.0,0.00893236920459379,0.027957155562429913,0.037082866091798464,0.16325741463980512,0.20146166041529717,0.5216348942422954,0.03967363984378021
09565,"Schwabach, kreisfreie Stadt",2025-01-01,diesel,31.0,130.0,421.0,673.0,1950.0,3581.0,32.0,961.0,699.0,1921.0,6818.0,0.004546787914344382,0.019067175124669992,0.06174831328835435,0.09870929891463773,0.2860076268700499,0.5252273393957172,0.004693458492226459
09571,"Ansbach, Landkreis",2025-01-01,all,950.0,4225.0,5261.0,23401.0,30784.0,59301.0,4823.0,14821.0,13180.0,31300.0,128745.0,0.00737892733698396,0.03281680841974446,0.0408637228630238,0.18176239853974913,0.239108314886015,0.46060817895840617,0.03746164899607752
09571,"Ansbach, Landkreis",2025-01-01,diesel,142.0,1057.0,2667.0,5238.0,14407.0,20126.0,123.0,3439.0,4144.0,12543.0,43760.0,0.0032449725776965265,0.024154478976234003,0.06094606946983547,0.11969835466179159,0.32922760511883,0.4599177330895795,0.002810786106032907
09572,"Erlangen-Höchstadt, Landkreis",2025-01-01,all,638.0,2735.0,3393.0,15123.0,20343.0,46024.0,5239.0,13281.0,9755.0,22988.0,93495.0,0.006823894325899781,0.02925290122466442,0.03629071073319429,0.1617519653457404,0.21758382801219317,0.49226161826835657,0.05603508208995133
09572,"Erlangen-Höchstadt, Landkreis",2025-01-01,diesel,98.0,664.0,1638.0,2861.0,8480.0,13337.0,92.0,2609.0,2745.0,7983.0,27170.0,0.0036069193963930808,0.024438719175561282,0.06028708133971292,0.10529996319470003,0.31210894368789105,0.4908722856091277,0.0033860875966139122
09573,"Fürth, Landkreis",2025-01-01,all,575.0,2347.0,2760.0,12513.0,16783.0,39236.0,3080.0,11350.0,8525.0,19361.0,77294.0,0.007439128522265635,0.030364581985665124,0.03570781690687505,0.16188837425932154,0.21713198954640722,0.5076202551297643,0.03984785364970114
09573,"Fürth, Landkreis",2025-01-01,diesel,80.0,533.0,1259.0,2181.0,6273.0,9896.0,72.0,1880.0,2069.0,5947.0,20294.0,0.0039420518379816695,0.026263920370552873,0.062038040800236526,0.10747018823297526,0.30910613974573764,0.48763181235833253,0.0035478466541835024
09574,"Nürnberger Land, Landkreis",2025-01-01,all,752.0,3225.0,3946.0,16898.0,23704.0,58448.0,4674.0,17411.0,12507.0,28530.0,111647.0,0.006735514613021398,0.028885684344406925,0.035343538115668136,0.1513520291633452,0.21231201913172768,0.5235071251354716,0.04186408949635906
09574,"Nürnberger Land, Landkreis",2025-01-01,diesel,116.0,810.0,1794.0,2907.0,9685.0,16398.0,109.0,3505.0,3448.0,9445.0,31819.0,0.003645620541186084,0.02545648826173041,0.05638140733523995,0.0913605078726547,0.3043778874257519,0.5153524623652534,0.0034256261981834755
09575,"Neustadt a.d.Aisch-Bad Windsheim, Landkreis",2025-01-01,all,541.0,2369.0,3059.0,13173.0,16090.0,31049.0,2900.0,7794.0,6868.0,16387.0,69181.0,0.007820066203148263,0.034243506164987496,0.04421734291207123,0.19041355285410735,0.23257830907330046,0.44880819878290285,0.04191902400948237
09575,"Neustadt a.d.Aisch-Bad Windsheim, Landkreis",2025-01-01,diesel,80.0,643.0,1566.0,3186.0,7920.0,10808.0,83.0,1863.0,2110.0,6835.0,24286.0,0.0032940788931894917,0.026476159104010542,0.06448159433418431,0.13118669192127153,0.3261138104257597,0.44503005846990035,0.003417606851684098
09576,"Roth, Landkreis",2025-01-01,all,627.0,2683.0,3248.0,14585.0,19796.0,44013.0,3333.0,12872.0,9484.0,21657.0,88285.0,0.007101999207113326,0.030390213513054314,0.03678994166619471,0.16520360197088974,0.22422835136206604,0.49853315965339523,0.03775273262728663
09576,"Roth, Landkreis",2025-01-01,diesel,105.0,672.0,1627.0,2942.0,8746.0,14127.0,92.0,3137.0,2864.0,8126.0,28311.0,0.003708805764543817,0.02373635689308043,0.057468828370598,0.10391720532655152,0.30892585920666876,0.49899332414962383,0.00324962028893363
09577,"Weißenburg-Gunzenhausen, Landkreis",2025-01-01,all,550.0,2192.0,2720.0,12060.0,15420.0,28607.0,2432.0,7412.0,6135.0,15060.0,63981.0,0.008596302027164314,0.03426017098826214,0.042512620934339884,0.18849345899563932,0.24100904956158858,0.4471171128928901,0.03801128460011566
09577,"Weißenburg-Gunzenhausen, Landkreis",2025-01-01,diesel,105.0,567.0,1452.0,2704.0,7247.0,9310.0,89.0,1523.0,1842.0,5945.0,21474.0,0.004889633975970941,0.026404023470243086,0.06761665269628388,0.1259197168669088,0.33747788022725156,0.4335475458694235,0.004144546893918227
09661,"Aschaffenburg, kreisfreie Stadt",2025-01-01,all,304.0,1401.0,1767.0,7562.0,8344.0,21735.0,2549.0,7359.0,4265.0,10111.0,43662.0,0.006962576153176675,0.03208739865329119,0.04046997389033943,0.1731940818102698,0.1911043928358756,0.4978012917411021,0.05838028491594521
09661,"Aschaffenburg, kreisfreie Stadt",2025-01-01,diesel,37.0,251.0,677.0,1308.0,3212.0,6094.0,30.0,1661.0,1139.0,3294.0,11609.0,0.0031871823585149454,0.02162115599965544,0.05831682315444913,0.1126712033766905,0.2766818847445947,0.5249375484537858,0.002584201912309415
09662,"Schweinfurt, kreisfreie Stadt",2025-01-01,all,169.0,882.0,1278.0,5658.0,6129.0,14523.0,1140.0,4995.0,2809.0,6719.0,29779.0,0.005675140199469425,0.029618187313207294,0.04291614896403506,0.1899996641928876,0.20581617918667516,0.4876926693307364,0.03828201081298902
09662,"Schweinfurt, kreisfreie Stadt",2025-01-01,diesel,30.0,180.0,577.0,1067.0,2668.0,4865.0,22.0,1393.0,914.0,2558.0,9409.0,0.0031884366032522054,0.01913061961951323,0.06132426400255075,0.1134020618556701,0.2835582952492295,0.5170581358273993,0.0023381868423849508
09663,"Würzburg, kreisfreie Stadt",2025-01-01,all,511.0,2049.0,2371.0,10328.0,12675.0,32287.0,2913.0,10743.0,6499.0,15045.0,63134.0,0.008093895523806507,0.03245477872461748,0.03755504165742706,0.1635885576709855,0.2007634555073336,0.5114043146323692,0.04613995628346058
09663,"Würzburg, kreisfreie Stadt",2025-01-01,diesel,79.0,455.0,1021.0,1899.0,5114.0,9931.0,71.0,2751.0,2125.0,5055.0,18570.0,0.004254173397953689,0.02450188476036618,0.05498115239633818,0.10226171243941842,0.27539041464728053,0.5347872913301023,0.003823371028540657
09671,"Aschaffenburg, Landkreis",2025-01-01,all,819.0,3806.0,4564.0,20353.0,25040.0,58601.0,4927.0,17382.0,12457.0,28762.0,118110.0,0.006934213868427737,0.0322241977817289,0.03864194395055457,0.1723224113114893,0.21200575734484803,0.49615612564558464,0.04171535009736686
09671,"Aschaffenburg, Landkreis",2025-01-01,diesel,95.0,770.0,1844.0,3595.0,10241.0,16968.0,80.0,3708.0,3403.0,9857.0,33593.0,0.0028279701128211235,0.022921441967076475,0.05489238829518055,0.10701634269044145,0.3048551781621171,0.5051052302563034,0.0023814485160598936
09672,"Bad Kissingen, Landkreis",2025-01-01,all,485.0,2254.0,2860.0,13257.0,17200.0,32824.0,2568.0,8017.0,7250.0,17557.0,71448.0,0.006788153622214758,0.03154741910200425,0.04002911208151383,0.18554753107154853,0.24073452021050273,0.4594110401970664,0.03594222371514948
09672,"Bad Kissingen, Landkreis",2025-01-01,diesel,111.0,559.0,1521.0,2822.0,8404.0,12447.0,94.0,2095.0,2569.0,7783.0,25958.0,0.004276138377378843,0.021534786963556516,0.058594652900839816,0.1087140765852531,0.3237537560674936,0.47950535480391404,0.003621234301564065
09673,"Rhön-Grabfeld, Landkreis",2025-01-01,all,342.0,1678.0,2285.0,10053.0,13729.0,25181.0,2003.0,5964.0,5591.0,13626.0,55271.0,0.006187693365417669,0.030359501365996636,0.041341752456080044,0.18188561813609308,0.24839427547900345,0.4555915398671998,0.03623961933020933
09673,"Rhön-Grabfeld, Landkreis",2025-01-01,diesel,56.0,500.0,1203.0,2399.0,7270.0,10210.0,64.0,1687.0,2101.0,6422.0,21702.0,0.002580407335729426,0.023039351211869875,0.055432679015758914,0.11054280711455165,0.33499216662058795,0.4704635517463828,0.002949036955119344
09674,"Haßberge, Landkreis",2025-01-01,all,355.0,1917.0,2535.0,11017.0,13933.0,27319.0,2139.0,6915.0,6007.0,14397.0,59215.0,0.005995102592248586,0.03237355399814236,0.042810098792535674,0.18605083171493708,0.23529511103605505,0.4613526977961665,0.036122604069914716
09674,"Haßberge, Landkreis",2025-01-01,diesel,66.0,579.0,1484.0,2650.0,7349.0,11061.0,61.0,2004.0,2235.0,6822.0,23250.0,0.002838709677419355,0.02490322580645161,0.06382795698924731,0.11397849462365592,0.31608602150537635,0.47574193548387095,0.002623655913978495
09675,"Kitzingen, Landkreis",2025-01-01,all,470.0,2459.0,2958.0,12505.0,14585.0,27203.0,2633.0,7119.0,5818.0,14266.0,62813.0,0.007482527502268638,0.039147947081018264,0.04709216245044816,0.19908299237419005,0.23219715663954915,0.43307913966853995,0.0419180742839858
09675,"Kitzingen, Landkreis",2025-01-01,diesel,71.0,618.0,1459.0,2720.0,6718.0,9342.0,77.0,1811.0,1851.0,5680.0,21005.0,0.0033801475839085934,0.029421566293739584,0.06945965246369912,0.1294929778624137,0.3198286122351821,0.4447512497024518,0.0036657938586050942
09676,"Miltenberg, Landkreis",2025-01-01,all,567.0,2825.0,3795.0,16081.0,18966.0,41306.0,2634.0,11802.0,8672.0,20832.0,86174.0,0.006579710817648014,0.03278250980574187,0.0440388052080674,0.18661081068535754,0.22008958618608862,0.4793325132870703,0.030566064010026227
09676,"Miltenberg, Landkreis",2025-01-01,diesel,78.0,595.0,1763.0,3299.0,8420.0,12919.0,82.0,2645.0,2554.0,7720.0,27156.0,0.0028722934158197082,0.021910443364265723,0.06492119605243776,0.12148328177934895,0.31006039181028133,0.47573280306377963,0.003019590514066873
09677,"Main-Spessart, Landkreis",2025-01-01,all,596.0,2889.0,3572.0,15521.0,19851.0,40705.0,2987.0,11401.0,8621.0,20683.0,86121.0,0.006920495581797703,0.03354582506008987,0.04147652721171375,0.1802231743709432,0.23050127146688962,0.4726489474112005,0.03468375889736534
09677,"Main-Spessart, Landkreis",2025-01-01,diesel,96.0,723.0,1807.0,3543.0,9265.0,13157.0,73.0,2620.0,2584.0,7953.0,28664.0,0.0033491487580240022,0.025223276583868266,0.06304074797655596,0.12360452135082334,0.3232277421155456,0.4590078146804354,0.0025467485347474184
09678,"Schweinfurt, Landkreis",2025-01-01,all,533.0,2628.0,3413.0,15237.0,18724.0,34689.0,3198.0,8520.0,7716.0,18453.0,78422.0,0.006796562189181607,0.03351100456504552,0.043520950753615055,0.1942949682487057,0.2387595317640458,0.44233760934431665,0.04077937313508964
09678,"Schweinfurt, Landkreis",2025-01-01,diesel,112.0,717.0,1738.0,3064.0,8778.0,11881.0,78.0,1949.0,2473.0,7459.0,26368.0,0.00424757281553398,0.027192050970873786,0.0659132281553398,0.11620145631067962,0.3329035194174757,0.4505840412621359,0.002958131067961165
09679,"Würzburg, Landkreis",2025-01-01,all,720.0,3487.0,4216.0,18872.0,24400.0,50803.0,4836.0,14170.0,10707.0,25926.0,107334.0,0.00670803286936106,0.032487375854808355,0.03927925913503643,0.17582499487580822,0.22732778057279146,0.4733169359196527,0.045055620772541785
09679,"Würzburg, Landkreis",2025-01-01,diesel,117.0,797.0,2070.0,3753.0,10471.0,15232.0,119.0,3017.0,3053.0,9162.0,32559.0,0.003593476458122178,0.024478638778832273,0.06357689118216162,0.1152676679259191,0.32160078626493444,0.46782763598390614,0.0036549034061242667
09761,"Augsburg, kreisfreie Stadt",2025-01-01,all,929.0,3702.0,5029.0,23257.0,27410.0,74322.0,4587.0,25250.0,14109.0,34963.0,139236.0,0.006672125025137177,0.02658795139188141,0.03611853256341751,0.16703295124824039,0.19686000746933263,0.5337843661122124,0.032944066189778506
09761,"Augsburg, kreisfreie Stadt",2025-01-01,diesel,121.0,776.0,2109.0,3929.0,10479.0,19728.0,112.0,4888.0,3887.0,10953.0,37254.0,0.003247973371986901,0.020829977988940786,0.056611370591077466,0.10546518494658291,0.28128523111612175,0.5295538734095667,0.003006388575723412
09762,"Kaufbeuren, kreisfreie Stadt",2025-01-01,all,160.0,658.0,904.0,4220.0,5409.0,14193.0,886.0,4200.0,3102.0,6891.0,26430.0,0.006053726825576996,0.024895951570185395,0.034203556564510025,0.15966704502459325,0.2046538024971623,0.5370034052213394,0.03352251229663261
09762,"Kaufbeuren, kreisfreie Stadt",2025-01-01,diesel,28.0,166.0,447.0,770.0,2106.0,3696.0,19.0,728.0,765.0,2203.0,7232.0,0.0038716814159292035,0.02295353982300885,0.06180862831858407,0.1064712389380531,0.29120575221238937,0.5110619469026548,0.002627212389380531
09763,"Kempten (Allgäu), kreisfreie Stadt",2025-01-01,all,195.0,866.0,1263.0,5928.0,8032.0,22108.0,2047.0,7603.0,4397.0,10108.0,40439.0,0.004822077697272435,0.021414970696604762,0.031232226316179924,0.14659116199708203,0.1986201439204728,0.5466999678528154,0.050619451519572686
09763,"Kempten (Allgäu), kreisfreie Stadt",2025-01-01,diesel,49.0,241.0,618.0,1039.0,3254.0,6839.0,54.0,2077.0,1298.0,3464.0,12094.0,0.004051595832644287,0.019927236646270878,0.05109971886886059,0.0859103687779064,0.2690590375392757,0.5654870183562097,0.004465023978832479
09764,"Memmingen, kreisfreie Stadt",2025-01-01,all,160.0,610.0,925.0,4638.0,5829.0,14314.0,963.0,4459.0,2878.0,6977.0,27439.0,0.005831116294325595,0.022231130872116332,0.03371114107656985,0.16902948358176317,0.21243485549764934,0.5216662414811035,0.03509603119647217
09764,"Memmingen, kreisfreie Stadt",2025-01-01,diesel,25.0,137.0,443.0,960.0,2496.0,4510.0,15.0,1098.0,910.0,2502.0,8586.0,0.0029117167481947357,0.015956207780107153,0.05159562077801071,0.11180992313067785,0.2907058001397624,0.5252737013743303,0.0017470300489168414
09771,"Aichach-Friedberg, Landkreis",2025-01-01,all,676.0,2754.0,3468.0,14603.0,19569.0,44424.0,3640.0,13147.0,9235.0,22042.0,89134.0,0.007584086880427222,0.03089730069333812,0.03890771198420356,0.1638319833060336,0.21954585231224896,0.4983956739291404,0.04083739089460812
09771,"Aichach-Friedberg, Landkreis",2025-01-01,diesel,87.0,682.0,1630.0,2896.0,8337.0,13258.0,64.0,2610.0,2768.0,7880.0,26954.0,0.0032277213029605996,0.02530236699562217,0.060473399124434224,0.10744230911924019,0.3093047414112933,0.4918750463753061,0.0023744156711434294
09772,"Augsburg, Landkreis",2025-01-01,all,1221.0,4782.0,6074.0,26542.0,35565.0,89412.0,6759.0,27949.0,18372.0,43091.0,170355.0,0.007167385753279915,0.028070793343312493,0.03565495582753662,0.1558040562355082,0.20876992163423438,0.5248569164392005,0.03967597076692789
09772,"Augsburg, Landkreis",2025-01-01,diesel,175.0,1025.0,2772.0,4698.0,14228.0,24191.0,159.0,5019.0,5067.0,14105.0,47248.0,0.003703860480866915,0.021694039959363358,0.05866915001693193,0.09943278022350152,0.30113443955299696,0.5120005079580088,0.0033652218083305113
09773,"Dillingen a.d.Donau, Landkreis",2025-01-01,all,440.0,2141.0,2769.0,12659.0,15904.0,31648.0,1998.0,8366.0,6755.0,16527.0,67559.0,0.006512825826314777,0.031690818395772584,0.04098639707514913,0.18737695939845173,0.2354090498675232,0.4684497994345683,0.02957415000222028
09773,"Dillingen a.d.Donau, Landkreis",2025-01-01,diesel,52.0,524.0,1313.0,2600.0,7177.0,10083.0,44.0,1658.0,2074.0,6351.0,21793.0,0.0023860872757307393,0.0240444179323636,0.06024870371220117,0.11930436378653696,0.32932593034460605,0.46267150002294316,0.002018996925618318
09774,"Günzburg, Landkreis",2025-01-01,all,584.0,2250.0,3024.0,14993.0,19957.0,43751.0,3332.0,12500.0,9262.0,21989.0,87891.0,0.006644593871955035,0.025599890773799365,0.034406253199986345,0.17058629438736617,0.22706534229898398,0.49778703166422045,0.03791059380368866
09774,"Günzburg, Landkreis",2025-01-01,diesel,64.0,453.0,1506.0,3162.0,9039.0,14577.0,81.0,2886.0,2950.0,8741.0,28882.0,0.0022159130254137526,0.015684509383006716,0.05214320337926737,0.10947995291184821,0.31296309119867044,0.5047088151790042,0.0028045149227892805
09775,"Neu-Ulm, Landkreis",2025-01-01,all,615.0,2970.0,3786.0,19706.0,24230.0,57935.0,3947.0,16686.0,12141.0,29108.0,113189.0,0.005433390170422921,0.026239298871798496,0.0334484799759694,0.17409818975342126,0.21406673793389816,0.5118430236153689,0.03487087967912076
09775,"Neu-Ulm, Landkreis",2025-01-01,diesel,48.0,632.0,1790.0,3624.0,9953.0,16980.0,79.0,3515.0,3443.0,10022.0,33106.0,0.001449888237781671,0.019090195130792003,0.054068748867274814,0.10946656195251617,0.30064036730502025,0.5128979641152661,0.0023862743913490004
09776,"Lindau (Bodensee), Landkreis",2025-01-01,all,423.0,1740.0,2098.0,9273.0,12070.0,25579.0,1987.0,7190.0,5413.0,12976.0,53170.0,0.007955614068083506,0.03272522098927967,0.039458341169832614,0.174402858754937,0.22700771111529058,0.4810795561406808,0.037370697761895805
09776,"Lindau (Bodensee), Landkreis",2025-01-01,diesel,91.0,515.0,1133.0,1756.0,5214.0,7804.0,53.0,1593.0,1553.0,4658.0,16566.0,0.005493178799951709,0.031087770131594833,0.06839309428950863,0.10600024145840879,0.3147410358565737,0.47108535554750697,0.0031993239164553908
09777,"Ostallgäu, Landkreis",2025-01-01,all,671.0,2848.0,3558.0,15083.0,21633.0,47704.0,3834.0,14077.0,10232.0,23395.0,95331.0,0.007038633812715696,0.029874857076921463,0.0373225918116877,0.1582171591612382,0.22692513453126475,0.5004038560384345,0.04021776756773767
09777,"Ostallgäu, Landkreis",2025-01-01,diesel,131.0,826.0,1958.0,3028.0,9312.0,14745.0,138.0,3258.0,3143.0,8344.0,30138.0,0.004346671975579003,0.02740725993762028,0.06496781471895945,0.10047116596987192,0.30897869798924943,0.4892494525184153,0.004578936890304599
09778,"Unterallgäu, Landkreis",2025-01-01,all,800.0,3180.0,3965.0,18241.0,23976.0,49447.0,3700.0,13522.0,10685.0,25240.0,103309.0,0.007743759014219477,0.030781442081522423,0.038380005614225284,0.17656738522297186,0.23208045765615773,0.4786320649701381,0.03581488544076508
09778,"Unterallgäu, Landkreis",2025-01-01,diesel,123.0,728.0,1999.0,3921.0,10829.0,16638.0,103.0,3469.0,3420.0,9749.0,34341.0,0.0035817244692932645,0.02119914970443493,0.058210302553798665,0.11417838735039748,0.3153373518534696,0.4844937538219621,0.0029993302466439532
09779,"Donau-Ries, Landkreis",2025-01-01,all,688.0,3189.0,3982.0,17361.0,22244.0,43630.0,3412.0,11908.0,8968.0,22754.0,94506.0,0.007279961060673397,0.03374388927687131,0.04213489090639748,0.1837026220557425,0.23537129917677185,0.4616638097052039,0.03610352781833957
09779,"Donau-Ries, Landkreis",2025-01-01,diesel,100.0,877.0,2110.0,3874.0,10319.0,14152.0,103.0,2659.0,2740.0,8753.0,31535.0,0.003171079752655779,0.027810369430791185,0.06690978278103694,0.1228476296178849,0.32722371967654984,0.4487712065958459,0.0032662121452354527
09780,"Oberallgäu, Landkreis",2025-01-01,all,795.0,2594.0,3551.0,14625.0,23288.0,54601.0,4280.0,16620.0,11735.0,26246.0,103734.0,0.0076638324946497775,0.025006266026567952,0.034231785142769006,0.14098559777893457,0.2244972718684327,0.5263558717488962,0.041259374939749745
09780,"Oberallgäu, Landkreis",2025-01-01,diesel,171.0,827.0,2003.0,2833.0,10324.0,17608.0,205.0,4346.0,3648.0,9614.0,33971.0,0.005033705219157517,0.024344293662241324,0.05896205587118424,0.08339466015130552,0.30390627299755674,0.5183244532100909,0.0060345588884636895
10041,"Saarbrücken, Regionalverband",2025-01-01,all,1551.0,6160.0,9100.0,36124.0,39398.0,92882.0,5968.0,29249.0,18892.0,44741.0,191183.0,0.008112645998859731,0.03222043800965567,0.047598374332445875,0.18894985432805217,0.20607480790656074,0.4858277148072789,0.03121616461714692
10041,"Saarbrücken, Regionalverband",2025-01-01,diesel,191.0,1067.0,3083.0,6632.0,15342.0,22385.0,200.0,5269.0,4185.0,12931.0,48900.0,0.003905930470347648,0.0218200408997955,0.06304703476482618,0.1356237218813906,0.31374233128834356,0.4577709611451943,0.00408997955010225
10041100,"Saarbrücken, Landeshauptstadt",2025-01-01,all,780.0,3128.0,4594.0,18078.0,18842.0,46177.0,3374.0,15357.0,8986.0,21834.0,94973.0,0.00821286049719394,0.03293567645541364,0.04837164246680636,0.19034883598496416,0.1983932275488823,0.48621187074221095,0.03552588630452866
10041100,"Saarbrücken, Landeshauptstadt",2025-01-01,diesel,100.0,570.0,1569.0,3378.0,7346.0,11602.0,118.0,3060.0,2141.0,6401.0,24683.0,0.004051371389215249,0.02309281691852692,0.06356601709678726,0.1368553255276911,0.29761374225175224,0.4700401085767532,0.004780618239273994
10042,"Merzig-Wadern, Landkreis",2025-01-01,all,452.0,2106.0,3035.0,12367.0,15952.0,36464.0,2004.0,10528.0,8015.0,17921.0,72380.0,0.006244819010776457,0.029096435479414203,0.04193147278253661,0.17086211660679745,0.22039237358386293,0.5037855761260016,0.027687206410610666
10042,"Merzig-Wadern, Landkreis",2025-01-01,diesel,54.0,431.0,1269.0,2641.0,7329.0,10795.0,41.0,2006.0,2192.0,6597.0,22560.0,0.0023936170212765957,0.019104609929078014,0.05625,0.11706560283687943,0.3248670212765957,0.47850177304964536,0.0018173758865248227
10043,"Neunkirchen, Landkreis",2025-01-01,all,531.0,2604.0,3894.0,15716.0,18197.0,43014.0,2360.0,12867.0,9202.0,20945.0,86316.0,0.006151814263867649,0.03016821910190463,0.045113304601696096,0.18207516567032764,0.21081838824783355,0.4983317113860698,0.027341396728300663
10043,"Neunkirchen, Landkreis",2025-01-01,diesel,63.0,401.0,1343.0,2639.0,7087.0,9906.0,50.0,1820.0,1965.0,6121.0,21489.0,0.0029317325143096468,0.018660710130764577,0.06249709153520406,0.12280701754385964,0.3297966401414677,0.46098003629764067,0.002326771836753688
10044,"Saarlouis, Landkreis",2025-01-01,all,1098.0,3886.0,5774.0,24939.0,28784.0,64765.0,4085.0,18585.0,14212.0,31968.0,133331.0,0.008235144115022013,0.029145510046425814,0.04330575785076239,0.18704577330103278,0.2158837779661144,0.4857460005550097,0.0306380361656329
10044,"Saarlouis, Landkreis",2025-01-01,diesel,150.0,677.0,2200.0,4511.0,11530.0,15280.0,180.0,2763.0,2947.0,9570.0,34528.0,0.004344300278035218,0.019607275254865615,0.06371640407784986,0.13064759036144577,0.3339318813716404,0.4425393883225209,0.005213160333642261
10045,Saarpfalz-Kreis,2025-01-01,all,723.0,3037.0,4371.0,17228.0,20764.0,48778.0,3284.0,15006.0,9796.0,23976.0,98185.0,0.007363650252075164,0.030931405000763863,0.04451800173142537,0.1754646840148699,0.21147833172073127,0.4967968630646229,0.03344706421551154
10045,Saarpfalz-Kreis,2025-01-01,diesel,85.0,565.0,1567.0,3064.0,8204.0,12705.0,95.0,2842.0,2431.0,7432.0,26285.0,0.00323378352672627,0.02149514932470991,0.05961575042800076,0.11656838501046224,0.3121171770972037,0.4833555259653795,0.0036142286475175957
10046,"St. Wendel, Landkreis",2025-01-01,all,359.0,1821.0,2345.0,10458.0,13625.0,31076.0,1845.0,8698.0,6727.0,15651.0,61529.0,0.005834647076988087,0.029595800354304473,0.03811210973687204,0.16996863267727413,0.2214402964455785,0.5050626533829576,0.029985860326025127
10046,"St. Wendel, Landkreis",2025-01-01,diesel,52.0,367.0,960.0,1904.0,5610.0,8070.0,40.0,1382.0,1631.0,5057.0,17003.0,0.0030582838322648943,0.021584426277715698,0.05646062459565959,0.11198023878139152,0.3299417749808857,0.4746221255072634,0.0023525260248191495
11000,"Berlin, kreisfreie Stadt",2025-01-01,all,10094.0,42985.0,52034.0,229238.0,230358.0,600403.0,45525.0,200889.0,119395.0,280119.0,1210637.0,0.008337759377914271,0.035506101333430254,0.04298067876663277,0.18935320826969604,0.19027834107168376,0.4959397408141334,0.03760417036650953
11000,"Berlin, kreisfreie Stadt",2025-01-01,diesel,1050.0,7306.0,17425.0,26990.0,65218.0,129140.0,900.0,32099.0,25873.0,71168.0,248029.0,0.004233375935878466,0.029456232940502924,0.07025388160255454,0.10881792048510457,0.2629450588439255,0.5206649222469953,0.003628607945038685
12051,"Brandenburg an der Havel, kreisfreie Stadt",2025-01-01,all,178.0,1042.0,1349.0,6523.0,7506.0,17178.0,877.0,4925.0,3659.0,8594.0,34653.0,0.005136640406314028,0.03006954664819785,0.038928808472570915,0.18823767062014832,0.21660462297636568,0.49571465673967624,0.02530805413672698
12051,"Brandenburg an der Havel, kreisfreie Stadt",2025-01-01,diesel,22.0,238.0,499.0,813.0,2369.0,4081.0,24.0,844.0,820.0,2417.0,8046.0,0.002734277902063137,0.029579915485955753,0.06201839423315934,0.10104399701715137,0.29443201590852597,0.5072085508327119,0.002982848620432513
12052,"Cottbus, kreisfreie Stadt",2025-01-01,all,312.0,1465.0,1932.0,9394.0,10456.0,23356.0,957.0,6455.0,5168.0,11733.0,47872.0,0.006517379679144385,0.03060243983957219,0.04035762032085562,0.19623161764705882,0.21841577540106952,0.48788435828877,0.01999080882352941
12052,"Cottbus, kreisfreie Stadt",2025-01-01,diesel,37.0,254.0,748.0,1074.0,3133.0,5392.0,33.0,1075.0,1182.0,3135.0,10671.0,0.003467341392559273,0.023802830100271764,0.07009652328741449,0.10064661231374754,0.2935994752131946,0.5052947240183675,0.003092493674444757
12053,"Frankfurt (Oder), kreisfreie Stadt",2025-01-01,all,142.0,787.0,1024.0,5050.0,6036.0,14425.0,559.0,4111.0,3230.0,7084.0,28023.0,0.005067266174214038,0.028084073796524285,0.03654141241123363,0.18020911394211897,0.2153944973771545,0.5147557363594191,0.019947899939335545
12053,"Frankfurt (Oder), kreisfreie Stadt",2025-01-01,diesel,16.0,125.0,346.0,511.0,1728.0,3107.0,14.0,686.0,625.0,1796.0,5847.0,0.002736446040704635,0.02137848469300496,0.05917564563023773,0.08739524542500428,0.2955361723961006,0.5313836155293313,0.0023943902856165553
12054,"Potsdam, kreisfreie Stadt",2025-01-01,all,433.0,2105.0,2675.0,12619.0,15996.0,39677.0,2408.0,12223.0,8347.0,19107.0,75913.0,0.005703897883103026,0.027729110955962748,0.03523770632171038,0.16622976301819187,0.21071489731666512,0.5226641023276646,0.03172052217670228
12054,"Potsdam, kreisfreie Stadt",2025-01-01,diesel,67.0,482.0,1118.0,1668.0,5334.0,9840.0,63.0,2237.0,2037.0,5566.0,18572.0,0.0036075813051906097,0.02595304759853543,0.06019814774930002,0.08981262115011845,0.28720654749084645,0.529829851389188,0.0033922033168210207
12060,"Barnim, Landkreis",2025-01-01,all,771.0,3762.0,4687.0,20109.0,23995.0,53522.0,3153.0,14816.0,12160.0,26546.0,109999.0,0.007009154628678443,0.03420031091191738,0.04260947826798425,0.18281075282502568,0.21813834671224283,0.48656805970963374,0.028663896944517677
12060,"Barnim, Landkreis",2025-01-01,diesel,114.0,889.0,2068.0,2742.0,7995.0,13599.0,75.0,2667.0,2958.0,7974.0,27482.0,0.004148169711083618,0.03234844625573102,0.07524925405720108,0.09977439778764283,0.29091769157994324,0.4948329815879485,0.002729059020449749
12061,"Dahme-Spreewald, Landkreis",2025-01-01,all,747.0,3856.0,4643.0,19756.0,23180.0,53490.0,3154.0,14927.0,11772.0,26791.0,108826.0,0.006864168489147814,0.03543270909525297,0.042664436807380586,0.1815375002297245,0.21300056971679562,0.49151857092974105,0.028982044731957438
12061,"Dahme-Spreewald, Landkreis",2025-01-01,diesel,101.0,864.0,2044.0,3015.0,8545.0,14951.0,59.0,2903.0,3153.0,8895.0,29579.0,0.003414584671557524,0.029209912437878224,0.06910307988775821,0.10193042361134588,0.28888738632137667,0.5054599546975895,0.001994658372493999
12062,"Elbe-Elster, Landkreis",2025-01-01,all,611.0,2840.0,3280.0,13451.0,14547.0,26918.0,969.0,6848.0,5902.0,14168.0,62616.0,0.009757889357352754,0.04535581959882458,0.05238277756483966,0.2148172990928836,0.23232081257186663,0.42989012392998593,0.015475277884246838
12062,"Elbe-Elster, Landkreis",2025-01-01,diesel,54.0,594.0,1358.0,2175.0,5748.0,8808.0,35.0,1782.0,1793.0,5233.0,18772.0,0.00287662476028127,0.03164287236309397,0.07234178563818452,0.11586405284466227,0.30620072448327296,0.4692094608992116,0.0018644790112934157
12063,"Havelland, Landkreis",2025-01-01,all,564.0,3155.0,4216.0,18358.0,21034.0,47096.0,3117.0,12827.0,10421.0,23848.0,97540.0,0.0057822431822841915,0.032345704326430184,0.04322329300799672,0.18820996514250563,0.21564486364568383,0.48283781012917776,0.031956120565921675
12063,"Havelland, Landkreis",2025-01-01,diesel,84.0,735.0,1717.0,2650.0,7459.0,12558.0,62.0,2298.0,2668.0,7592.0,25265.0,0.0033247575697605385,0.02909162873540471,0.06795962794379576,0.10488818523649317,0.295230556105284,0.49705125667920047,0.00245398773006135
12064,"Märkisch-Oderland, Landkreis",2025-01-01,all,1008.0,4375.0,5316.0,22590.0,25932.0,57507.0,3386.0,15725.0,13008.0,28774.0,120114.0,0.008392027573804885,0.0364237307890837,0.04425795494280434,0.18807133223437733,0.21589489984514712,0.4787701683400769,0.028189886274705696
12064,"Märkisch-Oderland, Landkreis",2025-01-01,diesel,131.0,1024.0,2276.0,3135.0,8878.0,15231.0,121.0,3059.0,3156.0,9016.0,30796.0,0.004253799194700611,0.03325107156773607,0.07390570203922588,0.10179893492661385,0.2882841927523055,0.4945772178204962,0.003929081698921938
12065,"Oberhavel, Landkreis",2025-01-01,all,808.0,4386.0,5428.0,23786.0,27316.0,60061.0,3854.0,16475.0,13068.0,30518.0,125639.0,0.006431124093633347,0.03490954241915329,0.043203145520101245,0.18932019516233017,0.2174165665119907,0.47804423785607975,0.03067518843671153
12065,"Oberhavel, Landkreis",2025-01-01,diesel,107.0,933.0,2219.0,3337.0,9337.0,15114.0,85.0,2817.0,3101.0,9196.0,31132.0,0.0034369780290376462,0.029969163561608635,0.0712771424900424,0.10718874469998715,0.2999164846460234,0.4854811769240653,0.002730309649235513
12066,"Oberspreewald-Lausitz, Landkreis",2025-01-01,all,531.0,2282.0,2903.0,12531.0,14499.0,30542.0,981.0,7622.0,7068.0,15852.0,64269.0,0.008262148158521216,0.03550700960027385,0.045169521853459675,0.1949773607804696,0.22559865565046913,0.47522133532496225,0.01526396863184428
12066,"Oberspreewald-Lausitz, Landkreis",2025-01-01,diesel,51.0,450.0,1202.0,1915.0,5342.0,9236.0,36.0,1734.0,1963.0,5539.0,18232.0,0.0027972795085563842,0.02468187801667398,0.06592803861342694,0.1050351031154015,0.2930013163668276,0.5065818341377797,0.0019745502413339184
12067,"Oder-Spree, Landkreis",2025-01-01,all,726.0,3572.0,4625.0,19795.0,23782.0,53452.0,2791.0,14124.0,12055.0,27273.0,108743.0,0.006676291807288745,0.032848091371398616,0.042531473290234774,0.18203470568220484,0.21869913465694343,0.49154428331019007,0.025666019881739513
12067,"Oder-Spree, Landkreis",2025-01-01,diesel,72.0,768.0,1945.0,2739.0,8494.0,14641.0,81.0,2850.0,3067.0,8724.0,28740.0,0.0025052192066805845,0.026722338204592903,0.06767571329157968,0.0953027139874739,0.2955462769659012,0.509429366736256,0.0028183716075156576
12068,"Ostprignitz-Ruppin, Landkreis",2025-01-01,all,396.0,1945.0,2869.0,11860.0,14061.0,26075.0,1196.0,6559.0,5971.0,13545.0,58402.0,0.006780589705831992,0.033303653984452584,0.049125029964727236,0.2030752371494127,0.2407623026608678,0.4464744358069929,0.020478750727714806
12068,"Ostprignitz-Ruppin, Landkreis",2025-01-01,diesel,59.0,536.0,1418.0,2107.0,5805.0,8524.0,58.0,1462.0,1784.0,5278.0,18507.0,0.003187982925379586,0.02896201437293997,0.07661965742691955,0.11384881396228454,0.31366509969200845,0.46058248230399307,0.0031339493164748472
12069,"Potsdam-Mittelmark, Landkreis",2025-01-01,all,853.0,4063.0,5196.0,22785.0,29204.0,65283.0,4625.0,18291.0,14334.0,32658.0,132009.0,0.006461680642986463,0.030778204516358734,0.039360952662318476,0.17260186805445082,0.22122734056011334,0.49453446355930275,0.03503549000446939
12069,"Potsdam-Mittelmark, Landkreis",2025-01-01,diesel,131.0,1042.0,2418.0,3662.0,11328.0,19328.0,85.0,3957.0,4022.0,11349.0,37994.0,0.003447912828341317,0.027425382955203453,0.06364162762541455,0.09638363952202979,0.2981523398431331,0.5087119018792441,0.002237195346633679
12070,"Prignitz, Landkreis",2025-01-01,all,324.0,1678.0,2149.0,9519.0,10723.0,20178.0,739.0,4855.0,4771.0,10552.0,45310.0,0.007150739351136614,0.037033767380269256,0.04742882365923637,0.21008607371441182,0.2366585742661664,0.4453321562568969,0.016309865371882587
12070,"Prignitz, Landkreis",2025-01-01,diesel,50.0,389.0,1031.0,1619.0,4627.0,6967.0,40.0,1266.0,1513.0,4188.0,14723.0,0.003396047001290498,0.026421245670040075,0.07002648916661007,0.10996400190178632,0.31427018949942265,0.47320518915981796,0.0027168376010323985
12071,"Spree-Neiße, Landkreis",2025-01-01,all,618.0,2744.0,3398.0,14766.0,16309.0,30796.0,1279.0,7471.0,7135.0,16190.0,69910.0,0.008839937061936776,0.03925046488342154,0.04860534973537405,0.21121441853812045,0.23328565298240594,0.44050922614790444,0.01829495065083679
12071,"Spree-Neiße, Landkreis",2025-01-01,diesel,70.0,522.0,1510.0,2102.0,5684.0,8604.0,56.0,1481.0,1908.0,5215.0,18548.0,0.0037739918050463664,0.028143196031917186,0.08141039465171447,0.11332758248867802,0.30644813456976494,0.46387750700884195,0.003019193444037093
12072,"Teltow-Fläming, Landkreis",2025-01-01,all,812.0,3653.0,4536.0,19878.0,23543.0,52853.0,3374.0,15074.0,11782.0,25997.0,108649.0,0.007473607672413,0.033622030575523015,0.04174911872175538,0.18295612476875076,0.21668860274829957,0.4864563870813353,0.03105412843192298
12072,"Teltow-Fläming, Landkreis",2025-01-01,diesel,97.0,788.0,2006.0,3036.0,8755.0,15185.0,74.0,3180.0,3212.0,8793.0,29941.0,0.0032397047526802713,0.026318426238268595,0.06699843024615076,0.1013994188570856,0.29240840319294614,0.5071640893757724,0.0024715273370962895
12073,"Uckermark, Landkreis",2025-01-01,all,397.0,2254.0,3074.0,13703.0,15926.0,31123.0,1207.0,7663.0,7146.0,16314.0,67684.0,0.005865492583180663,0.033301814313574846,0.04541693753324272,0.20245552863305952,0.23529933219076887,0.4598280243484428,0.01783287039773063
12073,"Uckermark, Landkreis",2025-01-01,diesel,56.0,524.0,1317.0,1902.0,5645.0,9030.0,44.0,1450.0,1893.0,5687.0,18518.0,0.0030240846743708823,0.028296792310184685,0.07111999135975808,0.10271087590452532,0.3048385354789934,0.4876336537423048,0.0023760665298628364
13003,"Rostock, kreisfreie Stadt",2025-01-01,all,305.0,1785.0,2513.0,13635.0,19108.0,46209.0,2029.0,13575.0,10184.0,22450.0,85584.0,0.00356375023368854,0.020856702187324733,0.02936296504019443,0.15931716208637128,0.2232660310338381,0.5399256870443073,0.023707702374275566
13003,"Rostock, kreisfreie Stadt",2025-01-01,diesel,66.0,515.0,1099.0,1883.0,6294.0,12338.0,69.0,2871.0,2615.0,6852.0,22264.0,0.0029644268774703555,0.023131512756018685,0.049362199065756375,0.08457599712540424,0.282698526769673,0.5541681638519583,0.0030991735537190084
13004,"Schwerin, kreisfreie Stadt",2025-01-01,all,187.0,962.0,1388.0,7345.0,9909.0,24194.0,1037.0,7051.0,5371.0,11772.0,45022.0,0.004153524943361023,0.021367331526809117,0.030829372306872195,0.16314246368442095,0.2200923992714673,0.5373817244902492,0.02303318377682022
13004,"Schwerin, kreisfreie Stadt",2025-01-01,diesel,37.0,266.0,650.0,1068.0,3644.0,6898.0,17.0,1629.0,1502.0,3767.0,12580.0,0.0029411764705882353,0.021144674085850558,0.051669316375198726,0.0848966613672496,0.2896661367249603,0.5483306836248013,0.0013513513513513514
13071,"Mecklenburgische Seenplatte, Landkreis",2025-01-01,all,844.0,4109.0,5969.0,27077.0,33876.0,71255.0,2480.0,18816.0,15777.0,36662.0,145610.0,0.0057963051988187625,0.02821921571320651,0.04099306366320994,0.1859556349151844,0.23264885653457867,0.4893551267083305,0.017031797266671245
13071,"Mecklenburgische Seenplatte, Landkreis",2025-01-01,diesel,144.0,1279.0,3008.0,4725.0,13927.0,23231.0,131.0,4488.0,4831.0,13912.0,46445.0,0.003100441382280116,0.027537948110668533,0.06476477554096242,0.10173323285606632,0.29986004952093875,0.5001830121649262,0.0028205404241576056
13072,Landkreis Rostock,2025-01-01,all,714.0,3200.0,4610.0,21228.0,30047.0,66156.0,3242.0,17446.0,15420.0,33290.0,129197.0,0.005526444112479392,0.024768376974697554,0.03568194307917367,0.1643072207558999,0.23256731967460545,0.5120552334806536,0.02509346192249046
13072,Landkreis Rostock,2025-01-01,diesel,114.0,972.0,2477.0,3920.0,13029.0,23171.0,132.0,4500.0,5037.0,13634.0,43815.0,0.0026018486819582333,0.02218418349880178,0.05653315074746092,0.0894670774848796,0.29736391646696336,0.5288371562250371,0.003012666894899007
13073,"Vorpommern-Rügen, Landkreis",2025-01-01,all,568.0,3100.0,4570.0,21112.0,28994.0,64441.0,2431.0,16311.0,15057.0,33073.0,125216.0,0.004536161512905699,0.024757219524661384,0.036496933299258884,0.1686046511627907,0.23155187835420393,0.5146387043189369,0.019414451827242524
13073,"Vorpommern-Rügen, Landkreis",2025-01-01,diesel,96.0,1005.0,2443.0,3786.0,11669.0,20572.0,91.0,3650.0,4469.0,12453.0,39662.0,0.0024204528263829356,0.02533911552619636,0.061595481821390755,0.09545660834047703,0.2942110836569008,0.5186828702536432,0.0022943875750088246
13074,"Nordwestmecklenburg, Landkreis",2025-01-01,all,480.0,2418.0,3407.0,15409.0,21758.0,46100.0,2238.0,11608.0,10761.0,23731.0,91810.0,0.005228188650473805,0.02633700032676179,0.037109247358675525,0.16783574773989762,0.23698943470210218,0.5021239516392549,0.024376429582834112
13074,"Nordwestmecklenburg, Landkreis",2025-01-01,diesel,110.0,731.0,1774.0,2800.0,9243.0,15449.0,75.0,2673.0,3447.0,9329.0,30182.0,0.0036445563580942285,0.024219733616062555,0.05877675435690147,0.09277052547876218,0.30624213107149956,0.5118613743290703,0.0024849247896097013
13075,"Vorpommern-Greifswald, Landkreis",2025-01-01,all,631.0,3625.0,5115.0,23450.0,29415.0,61949.0,2276.0,15842.0,14423.0,31684.0,126461.0,0.004989680612995311,0.028664963901914423,0.040447252512632356,0.1854326630344533,0.23260135535856905,0.4898664410371577,0.017997643542277855
13075,"Vorpommern-Greifswald, Landkreis",2025-01-01,diesel,114.0,977.0,2488.0,3712.0,11307.0,18868.0,92.0,3246.0,4057.0,11565.0,37558.0,0.0030353053943234466,0.026013099739070237,0.06624420895681346,0.09883380371691783,0.30105436924223866,0.5023696682464455,0.0024495447041908516
13076,"Ludwigslust-Parchim, Landkreis",2025-01-01,all,704.0,3571.0,5409.0,24510.0,31529.0,60606.0,2505.0,13887.0,14347.0,32372.0,128834.0,0.005464396044522409,0.027717838458791933,0.0419842588136672,0.19024481115233557,0.24472577114736793,0.4704192992533027,0.019443625130012264
13076,"Ludwigslust-Parchim, Landkreis",2025-01-01,diesel,138.0,1117.0,2906.0,4705.0,13979.0,21726.0,127.0,3518.0,4703.0,13505.0,44698.0,0.0030873864602443063,0.024989932435455726,0.06501409459036199,0.10526198040180769,0.31274329947648666,0.48606201619759276,0.0028412904380509195
14511,"Chemnitz, kreisfreie Stadt",2025-01-01,all,648.0,3021.0,3979.0,19898.0,26378.0,67884.0,3289.0,21096.0,14322.0,32466.0,125097.0,0.005179980335259838,0.024149260174104896,0.031807317521603234,0.1590605689984572,0.2108603723510556,0.5426509028993501,0.02629159772016915
14511,"Chemnitz, kreisfreie Stadt",2025-01-01,diesel,64.0,613.0,1575.0,2607.0,8182.0,17222.0,64.0,4318.0,3574.0,9330.0,30327.0,0.0021103307283938406,0.020213011507897255,0.051933920269067166,0.08596300326441784,0.2697925940581,0.56787680944373,0.0021103307283938406
14521,Erzgebirgskreis,2025-01-01,all,1186.0,5017.0,6473.0,31704.0,45822.0,106527.0,4108.0,29467.0,24221.0,52839.0,200837.0,0.005905286376514288,0.024980456788340794,0.03223011696052022,0.1578593585843246,0.228155170610993,0.5304152123363722,0.020454398342934818
14521,Erzgebirgskreis,2025-01-01,diesel,106.0,1079.0,2867.0,4364.0,15477.0,28561.0,86.0,5856.0,6106.0,16599.0,52540.0,0.0020175104682146937,0.020536733917015607,0.05456794822992006,0.08306052531404644,0.29457556147696995,0.543604872478112,0.0016368481157213552
14522,"Mittelsachsen, Landkreis",2025-01-01,all,1140.0,5079.0,6648.0,32309.0,41665.0,87934.0,3776.0,23271.0,20215.0,44448.0,178551.0,0.006384730413159265,0.028445654182838516,0.037233059462002456,0.18095110080593219,0.23335069531954455,0.49248674048311125,0.021148019333411743
14522,"Mittelsachsen, Landkreis",2025-01-01,diesel,133.0,1238.0,3024.0,4670.0,14991.0,25433.0,111.0,5011.0,5538.0,14884.0,49600.0,0.0026814516129032256,0.02495967741935484,0.06096774193548387,0.09415322580645161,0.30223790322580646,0.5127620967741936,0.0022379032258064515
14523,Vogtlandkreis,2025-01-01,all,885.0,3711.0,4442.0,21424.0,29556.0,71733.0,3016.0,20115.0,16512.0,35106.0,134767.0,0.00656688952043156,0.02753641470092827,0.03296059124266326,0.15897066789347541,0.21931184933997194,0.5322742214340306,0.022379365868498965
14523,Vogtlandkreis,2025-01-01,diesel,94.0,748.0,2075.0,2948.0,9802.0,18890.0,100.0,3865.0,4152.0,10873.0,34657.0,0.002712294774504429,0.021582941397120352,0.05987246443719883,0.0850621808004155,0.28282886574140864,0.5450558328764752,0.002885419972877052
14524,"Zwickau, Landkreis",2025-01-01,all,918.0,4380.0,5873.0,30555.0,41019.0,97213.0,4062.0,28124.0,21774.0,47315.0,184020.0,0.004988588196935116,0.023801760678187154,0.03191500923812629,0.16604173459406588,0.2229051190088034,0.5282741006412347,0.022073687642647537
14524,"Zwickau, Landkreis",2025-01-01,diesel,102.0,859.0,2385.0,3898.0,12928.0,25606.0,59.0,5701.0,5593.0,14312.0,45837.0,0.002225276523332679,0.01874031895630168,0.05203220106027882,0.08504046948971355,0.2820428911141654,0.5586316731025154,0.001287169753692432
14612,"Dresden, kreisfreie Stadt",2025-01-01,all,1298.0,6551.0,8196.0,38992.0,48111.0,116896.0,5984.0,36897.0,24099.0,55900.0,226028.0,0.005742651352929726,0.028983134832852565,0.03626099421310634,0.17250960058045905,0.21285415966163485,0.5171748632912736,0.02647459606774382
14612,"Dresden, kreisfreie Stadt",2025-01-01,diesel,197.0,1562.0,3299.0,5370.0,15997.0,32336.0,152.0,8446.0,6676.0,17214.0,58913.0,0.0033439139069475327,0.026513672703817492,0.055997827304669595,0.09115135878329061,0.2715359937535009,0.5488771578429209,0.002580075704852919
14625,"Bautzen, Landkreis",2025-01-01,all,1239.0,5824.0,7804.0,36034.0,41593.0,83568.0,3852.0,21809.0,18664.0,43095.0,179914.0,0.006886623609057661,0.03237102171037273,0.043376279778116214,0.20028458041064065,0.23118267616750224,0.46448858899251866,0.021410229331791857
14625,"Bautzen, Landkreis",2025-01-01,diesel,116.0,1256.0,3303.0,5002.0,14778.0,24244.0,130.0,4683.0,5117.0,14444.0,48829.0,0.00237563742857728,0.02572241905425055,0.06764422781543755,0.1024391242908927,0.3026480165475435,0.4965082225726515,0.0026623522906469516
14626,"Görlitz, Landkreis",2025-01-01,all,1034.0,5188.0,6302.0,30757.0,33085.0,63042.0,2529.0,16216.0,14311.0,32515.0,141937.0,0.0072849221837857645,0.03655142774611271,0.04439998027293799,0.2166947307608305,0.23309637374328046,0.4441548010737158,0.017817764219336747
14626,"Görlitz, Landkreis",2025-01-01,diesel,104.0,1025.0,2384.0,3816.0,10353.0,16516.0,114.0,2965.0,3559.0,9992.0,34312.0,0.003031009559337841,0.029872930753089298,0.06948006528328282,0.11121473536955001,0.3017311727675449,0.4813476334809979,0.003322452786197249
14627,"Meißen, Landkreis",2025-01-01,all,1038.0,4889.0,6081.0,27598.0,30970.0,65876.0,3037.0,18415.0,14278.0,33183.0,139489.0,0.007441446995820459,0.035049358730795975,0.04359483543505223,0.19785072658059058,0.22202467578088594,0.4722666303436113,0.02177232613324348
14627,"Meißen, Landkreis",2025-01-01,diesel,114.0,1050.0,2568.0,4103.0,11331.0,19749.0,102.0,4442.0,4048.0,11259.0,39017.0,0.0029218033165030626,0.02691134633621242,0.06581746418227952,0.10515928954045672,0.2904118717482123,0.5061639798036753,0.002614245072660635
14628,"Sächsische Schweiz-Osterzgebirge, Landkreis",2025-01-01,all,1072.0,4726.0,6035.0,27306.0,33112.0,69338.0,3401.0,19340.0,15250.0,34748.0,144990.0,0.00739361335264501,0.032595351403545074,0.04162356024553417,0.1883302296710118,0.22837437064625146,0.4782260845575557,0.02345679012345679
14628,"Sächsische Schweiz-Osterzgebirge, Landkreis",2025-01-01,diesel,140.0,1099.0,2554.0,3734.0,11557.0,19701.0,110.0,4186.0,4177.0,11338.0,38895.0,0.0035994343745982776,0.028255559840596477,0.06566396709088572,0.09600205681964263,0.2971333076230878,0.5065175472425761,0.002828127008612932
14713,"Leipzig, kreisfreie Stadt",2025-01-01,all,1297.0,6530.0,8687.0,41268.0,47428.0,119298.0,6633.0,38488.0,24045.0,56765.0,231141.0,0.0056112935394412936,0.028251154057480066,0.037583120259927924,0.1785403714615754,0.20519077100125033,0.5161265201759965,0.028696769504328527
14713,"Leipzig, kreisfreie Stadt",2025-01-01,diesel,113.0,1198.0,3029.0,4771.0,14127.0,29226.0,136.0,7414.0,5978.0,15834.0,52600.0,0.0021482889733840304,0.022775665399239545,0.05758555133079848,0.09070342205323194,0.26857414448669203,0.5556273764258555,0.002585551330798479
14729,"Leipzig, Landkreis",2025-01-01,all,1025.0,4523.0,6077.0,29583.0,34613.0,75669.0,4003.0,20909.0,16598.0,38162.0,155493.0,0.006591936614509978,0.029088126153588908,0.039082145176953305,0.190252937431267,0.2226016605249111,0.486639269934981,0.025743924163788724
14729,"Leipzig, Landkreis",2025-01-01,diesel,89.0,904.0,2467.0,4081.0,12078.0,22744.0,83.0,4489.0,4858.0,13397.0,42446.0,0.002096781793337417,0.021297648777269942,0.05812090656363379,0.09614569099561796,0.28454978089808225,0.5358337652546765,0.0019554257173820854
14730,"Nordsachsen, Landkreis",2025-01-01,all,859.0,3478.0,4543.0,22572.0,26016.0,56749.0,2400.0,15653.0,12756.0,28340.0,116617.0,0.007365992951284975,0.0298241251275543,0.03895658437449086,0.1935566855604243,0.22308925799840504,0.48662716413558915,0.020580189852251386
14730,"Nordsachsen, Landkreis",2025-01-01,diesel,70.0,679.0,1927.0,3243.0,9198.0,17312.0,81.0,3519.0,3795.0,9998.0,32510.0,0.002153183635804368,0.02088588126730237,0.05927406951707167,0.09975392187019379,0.28292832974469395,0.532513072900646,0.0024915410642879113
15001,"Dessau-Roßlau, kreisfreie Stadt",2025-01-01,all,201.0,1136.0,1472.0,7259.0,8881.0,21243.0,870.0,6186.0,4797.0,10260.0,41062.0,0.004895036773659344,0.027665481467049828,0.03584822950659978,0.17678145243777701,0.21628269446203302,0.5173396327504749,0.021187472602406117
15001,"Dessau-Roßlau, kreisfreie Stadt",2025-01-01,diesel,29.0,166.0,482.0,770.0,2566.0,5136.0,22.0,1110.0,1107.0,2919.0,9171.0,0.003162141533093447,0.01810053429287973,0.05255697306727729,0.08396030967179152,0.279795005997165,0.5600261694471704,0.0023988659906226148
15002,"Halle (Saale), kreisfreie Stadt",2025-01-01,all,517.0,2192.0,3107.0,16744.0,19974.0,49283.0,1963.0,15152.0,10552.0,23579.0,93780.0,0.0055129025378545535,0.023373853700149286,0.03313073149925357,0.17854553209639581,0.2129878438899552,0.5255171678396247,0.020931968436766903
15002,"Halle (Saale), kreisfreie Stadt",2025-01-01,diesel,53.0,343.0,1050.0,2022.0,5637.0,11686.0,45.0,2968.0,2339.0,6379.0,20836.0,0.0025436744096755614,0.016461892877711652,0.05039354962564792,0.09704357842196198,0.2705413707045498,0.5608562104050682,0.002159723555384911
15003,"Magdeburg, kreisfreie Stadt, Landeshauptstadt",2025-01-01,all,699.0,2549.0,3575.0,19338.0,24033.0,57047.0,2930.0,16974.0,12499.0,27574.0,110171.0,0.006344682357426183,0.023136760127438254,0.032449555690699,0.17552713508999646,0.21814270543064873,0.5178041408356101,0.026595020468181282
15003,"Magdeburg, kreisfreie Stadt, Landeshauptstadt",2025-01-01,diesel,62.0,421.0,1277.0,2492.0,7723.0,14626.0,102.0,3438.0,2917.0,8271.0,26703.0,0.002321836497771786,0.01576601879938584,0.047822342058944686,0.0933228476201176,0.2892184398756694,0.5477287196195184,0.003819795528592293
15081,Altmarkkreis Salzwedel,2025-01-01,all,373.0,1709.0,2215.0,9690.0,12241.0,22581.0,1096.0,5111.0,5151.0,12319.0,49905.0,0.007474200981865545,0.034245065624686905,0.04438433022743212,0.19416892094980462,0.24528604348261698,0.45247971145175836,0.021961727281835486
15081,Altmarkkreis Salzwedel,2025-01-01,diesel,69.0,464.0,1128.0,1886.0,5584.0,8532.0,51.0,1371.0,1782.0,5379.0,17714.0,0.0038952241165180084,0.02619397087049791,0.06367844642655526,0.10646945918482556,0.3152308908208197,0.4816529298859659,0.0028790786948176585
15082,"Anhalt-Bitterfeld, Landkreis",2025-01-01,all,580.0,2690.0,3516.0,16943.0,20574.0,46341.0,1626.0,12665.0,10679.0,22997.0,92270.0,0.006285900075864311,0.029153571041508616,0.038105559770239515,0.18362414652649833,0.2229760485531592,0.502232578302807,0.017622195729923053
15082,"Anhalt-Bitterfeld, Landkreis",2025-01-01,diesel,66.0,484.0,1228.0,2079.0,6505.0,12677.0,42.0,2530.0,2876.0,7271.0,23081.0,0.002859494822581344,0.020969628698929856,0.05320393397166501,0.09007408691131233,0.2818335427407825,0.5492396343312681,0.0018196785234608553
15083,"Börde, Landkreis",2025-01-01,all,555.0,2906.0,3820.0,19152.0,24842.0,53042.0,2146.0,13038.0,12499.0,27505.0,106463.0,0.005213078722185172,0.027295868048054252,0.0358810103040493,0.179893484121244,0.23333928219193523,0.4982200388867494,0.020157237725782665
15083,"Börde, Landkreis",2025-01-01,diesel,73.0,636.0,1733.0,3185.0,9746.0,17251.0,52.0,2971.0,3856.0,10424.0,32676.0,0.0022340555759578894,0.019463826661770108,0.05303586730321949,0.09747215081405312,0.2982617211408985,0.5279409964499939,0.0015913820541069898
15084,Burgenlandkreis,2025-01-01,all,589.0,2724.0,3683.0,18677.0,23109.0,51024.0,1780.0,13967.0,11636.0,25421.0,101586.0,0.005798043037426417,0.026814718563581596,0.036254995767133265,0.183854074380328,0.22748213336483375,0.5022739353847971,0.017522099501899868
15084,Burgenlandkreis,2025-01-01,diesel,49.0,501.0,1424.0,2437.0,7696.0,14176.0,49.0,2898.0,3023.0,8255.0,26332.0,0.0018608537141121069,0.019026279811636033,0.05407868752848245,0.09254898982226949,0.29226796293483215,0.5383563724745557,0.0018608537141121069
15085,"Harz, Landkreis",2025-01-01,all,728.0,3210.0,4480.0,20984.0,27572.0,62760.0,2599.0,17002.0,14332.0,31426.0,122333.0,0.005950969893650937,0.026239853514587234,0.03662135319169807,0.1715318025389715,0.22538481031283464,0.513025921051556,0.021245289496701625
15085,"Harz, Landkreis",2025-01-01,diesel,110.0,712.0,2110.0,3194.0,10395.0,18837.0,82.0,3477.0,4156.0,11204.0,35440.0,0.0031038374717832955,0.020090293453724605,0.0595372460496614,0.09012415349887133,0.29331264108352145,0.5315180586907449,0.0023137697516930024
15086,"Jerichower Land, Landkreis",2025-01-01,all,347.0,1586.0,2288.0,10179.0,12442.0,25959.0,1243.0,6822.0,5937.0,13200.0,54044.0,0.006420694249130338,0.029346458441270075,0.04233587447265191,0.18834653245503663,0.2302198208866849,0.4803308415365258,0.02299977795870032
15086,"Jerichower Land, Landkreis",2025-01-01,diesel,51.0,373.0,952.0,1635.0,4884.0,8228.0,46.0,1493.0,1754.0,4981.0,16169.0,0.003154183932215969,0.02306883542581483,0.058878100068031416,0.10111942606221783,0.30205949656750575,0.5088750077308429,0.002844950213371266
15087,"Mansfeld-Südharz, Landkreis",2025-01-01,all,671.0,2139.0,2796.0,13184.0,17004.0,41300.0,1516.0,11296.0,9201.0,20803.0,78610.0,0.008535809693423229,0.027210278590510114,0.03556799389390663,0.16771403129372853,0.2163083577153034,0.5253784505788067,0.019285078234321334
15087,"Mansfeld-Südharz, Landkreis",2025-01-01,diesel,68.0,403.0,1127.0,1817.0,6074.0,11745.0,48.0,2302.0,2506.0,6937.0,21282.0,0.003195188422140776,0.018936190207687248,0.05295554929048022,0.0853773141622028,0.2854055070012217,0.5518748237947562,0.002255427121511136
15088,Saalekreis,2025-01-01,all,662.0,2873.0,3956.0,19028.0,24780.0,61559.0,2336.0,17456.0,14173.0,29930.0,115194.0,0.005746827091688804,0.024940535097314098,0.034342066427070855,0.16518221435144192,0.21511537059221836,0.5343941524732191,0.020278833967046894
15088,Saalekreis,2025-01-01,diesel,54.0,511.0,1458.0,2397.0,8245.0,16953.0,60.0,3641.0,3838.0,9474.0,29678.0,0.0018195296178987802,0.01721814138419031,0.04912729968326707,0.08076689803895142,0.2778152166588045,0.5712312150414448,0.002021699575443089
15089,Salzlandkreis,2025-01-01,all,586.0,2829.0,3884.0,19269.0,23596.0,52107.0,1648.0,13293.0,12300.0,26514.0,103919.0,0.005639007303765433,0.027223125703673055,0.03737526342632243,0.18542326234855994,0.2270614613304593,0.5014193747052993,0.015858505181920533
15089,Salzlandkreis,2025-01-01,diesel,54.0,516.0,1474.0,2499.0,7893.0,15027.0,40.0,2719.0,3389.0,8919.0,27503.0,0.001963422172126677,0.018761589644766024,0.053594153365087445,0.09086281496564011,0.2869868741591826,0.5463767588990291,0.001454386794167909
15090,"Stendal, Landkreis",2025-01-01,all,440.0,2167.0,2991.0,12757.0,14995.0,28250.0,1398.0,7077.0,6389.0,14784.0,62998.0,0.006984348709482841,0.03439791739420299,0.047477697704689036,0.20249849201561954,0.23802342931521636,0.4484269341883869,0.0221911806724023
15090,"Stendal, Landkreis",2025-01-01,diesel,52.0,490.0,1447.0,2509.0,6425.0,10307.0,72.0,1878.0,2216.0,6213.0,21302.0,0.002441085344099146,0.02300253497324195,0.06792789409445123,0.11778236785278377,0.30161487184301944,0.48385128156980567,0.003379964322598817
15091,"Wittenberg, Landkreis",2025-01-01,all,568.0,2429.0,3288.0,14426.0,16956.0,35764.0,1448.0,9158.0,8061.0,18545.0,74879.0,0.007585571388506791,0.032439001589230625,0.043910842826426634,0.19265748741302635,0.22644533180197385,0.47762389989182547,0.01933786508901027
15091,"Wittenberg, Landkreis",2025-01-01,diesel,50.0,444.0,1239.0,1764.0,5738.0,10286.0,70.0,1969.0,2216.0,6101.0,19591.0,0.002552192333214231,0.022663467918942373,0.06324332601704864,0.09004134551579807,0.29288959215966515,0.5250370067888316,0.0035730692664999236
16051,"Erfurt, kreisfreie Stadt",2025-01-01,all,485.0,2267.0,2952.0,15015.0,19829.0,53838.0,2930.0,17275.0,11191.0,25372.0,97316.0,0.0049837642319865184,0.023295244358584405,0.0303341690986066,0.1542911751407785,0.20375888856919724,0.5532286571581241,0.030108101442722676
16051,"Erfurt, kreisfreie Stadt",2025-01-01,diesel,39.0,456.0,1139.0,2034.0,6907.0,15515.0,40.0,4036.0,3214.0,8265.0,26130.0,0.0014925373134328358,0.017451205510907005,0.04358974358974359,0.07784156142365098,0.26433218522770763,0.5937619594336012,0.0015308075009567547
16052,"Gera, kreisfreie Stadt",2025-01-01,all,242.0,1129.0,1422.0,7272.0,9748.0,24575.0,939.0,7663.0,5430.0,11482.0,45327.0,0.0053389811811944314,0.024907891543671543,0.03137202991594414,0.16043417830432194,0.21505945683588149,0.5421713327597237,0.02071612945926269
16052,"Gera, kreisfreie Stadt",2025-01-01,diesel,25.0,204.0,550.0,996.0,3268.0,6108.0,15.0,1286.0,1337.0,3485.0,11166.0,0.0022389396381873546,0.018269747447608814,0.049256672040121796,0.0891993551853842,0.292674189503851,0.5470177324019344,0.0013433637829124126
16053,"Jena, kreisfreie Stadt",2025-01-01,all,379.0,1115.0,1368.0,6505.0,9185.0,24430.0,1396.0,7859.0,5070.0,11501.0,44378.0,0.008540267700211816,0.025125061967641624,0.03082608499707062,0.14658163955112893,0.20697192302492226,0.5504979945017802,0.03145702825724458
16053,"Jena, kreisfreie Stadt",2025-01-01,diesel,48.0,287.0,572.0,865.0,3218.0,7322.0,45.0,2080.0,1531.0,3711.0,12357.0,0.0038844379703811605,0.023225702031237354,0.046289552480375494,0.0700008092579105,0.260419195597637,0.5925386420652262,0.003641660597232338
16054,"Suhl, kreisfreie Stadt",2025-01-01,all,86.0,349.0,467.0,2185.0,3885.0,11815.0,405.0,3749.0,2639.0,5427.0,19192.0,0.004481033764068362,0.01818466027511463,0.02433305543976657,0.11384952063359734,0.20242809503959983,0.6156210921217173,0.02110254272613589
16054,"Suhl, kreisfreie Stadt",2025-01-01,diesel,7.0,93.0,206.0,331.0,1354.0,3106.0,4.0,751.0,680.0,1675.0,5101.0,0.001372279945108802,0.01823171927073123,0.04038423838463046,0.0648892374044305,0.265438149382474,0.6089002156439913,0.0007841599686336013
16055,"Weimar, kreisfreie Stadt",2025-01-01,all,186.0,728.0,924.0,4498.0,6148.0,16513.0,977.0,5329.0,3446.0,7738.0,29974.0,0.006205377994261694,0.024287716020551145,0.030826716487622606,0.15006338826983387,0.20511109628344565,0.5509107893507706,0.03259491559351438
16055,"Weimar, kreisfreie Stadt",2025-01-01,diesel,29.0,169.0,386.0,610.0,2227.0,4643.0,20.0,1237.0,970.0,2436.0,8084.0,0.003587333003463632,0.020905492330529442,0.047748639287481444,0.07545769421078674,0.2754824344383968,0.5743443839683325,0.002474022761009401
16061,"Eichsfeld, Landkreis",2025-01-01,all,455.0,1429.0,1937.0,10300.0,14855.0,33024.0,2049.0,8817.0,7518.0,16689.0,64049.0,0.007103936048962513,0.022311043107620727,0.030242470608440413,0.16081437649299754,0.23193180221392995,0.5156052397383254,0.031991131789723494
16061,"Eichsfeld, Landkreis",2025-01-01,diesel,57.0,353.0,957.0,1872.0,6325.0,11418.0,57.0,2197.0,2446.0,6775.0,21039.0,0.002709254242121774,0.016778363990683966,0.045486952801939255,0.08897761300442036,0.30063215932316173,0.5427064023955511,0.002709254242121774
16062,"Nordhausen, Landkreis",2025-01-01,all,263.0,1332.0,1618.0,8399.0,10592.0,23719.0,917.0,6740.0,5600.0,11379.0,46840.0,0.0056148590947907775,0.028437233134073443,0.03454312553373185,0.1793125533731853,0.22613151152860803,0.5063834329632793,0.01957728437233134
16062,"Nordhausen, Landkreis",2025-01-01,diesel,33.0,275.0,715.0,1188.0,3781.0,7106.0,20.0,1515.0,1546.0,4045.0,13118.0,0.0025156273822229,0.020963561518524167,0.054505259948162826,0.09056258576002439,0.28822991309650864,0.5416984296386644,0.0015246226558926666
16063,Wartburgkreis,2025-01-01,all,548.0,2225.0,3098.0,14596.0,21239.0,50444.0,2236.0,13948.0,11336.0,25160.0,94386.0,0.005805945797046172,0.023573411310999513,0.03282266437819168,0.1546415782001568,0.22502277880194096,0.5344436674930604,0.023689954018604454
16063,Wartburgkreis,2025-01-01,diesel,61.0,548.0,1471.0,2145.0,8121.0,14469.0,58.0,2862.0,3069.0,8538.0,26873.0,0.0022699363673575708,0.02039221523462211,0.05473895731775388,0.07981989357347523,0.3021992334313251,0.5384214639228966,0.0021583001525694936
16064,Unstrut-Hainich-Kreis,2025-01-01,all,281.0,1267.0,1790.0,9357.0,12319.0,26865.0,1257.0,6973.0,5942.0,13950.0,53136.0,0.005288316772056609,0.02384447455585667,0.03368714242697982,0.17609530261969286,0.23183905450165612,0.505589430894309,0.023656278229448963
16064,Unstrut-Hainich-Kreis,2025-01-01,diesel,37.0,280.0,774.0,1382.0,4744.0,8449.0,34.0,1635.0,1715.0,5099.0,15700.0,0.002356687898089172,0.017834394904458598,0.04929936305732484,0.08802547770700637,0.3021656050955414,0.5381528662420382,0.0021656050955414013
16065,Kyffhäuserkreis,2025-01-01,all,334.0,1336.0,1596.0,7842.0,9847.0,21652.0,648.0,5520.0,4917.0,11215.0,43255.0,0.007721650676222402,0.030886602704889608,0.03689746850075136,0.18129695988903016,0.22764998266096406,0.500566408507687,0.014980927060455439
16065,Kyffhäuserkreis,2025-01-01,diesel,38.0,284.0,687.0,1145.0,3647.0,6680.0,25.0,1137.0,1454.0,4089.0,12506.0,0.0030385415000799615,0.022709099632176554,0.05493363185670878,0.09155605309451463,0.29162002238925316,0.534143611066688,0.0019990404605789223
16066,"Schmalkalden-Meiningen, Landkreis",2025-01-01,all,439.0,1844.0,2498.0,11057.0,16392.0,41326.0,1719.0,11628.0,9482.0,20216.0,75275.0,0.0058319495184324145,0.024496844902025906,0.033184988375954835,0.1468880770508137,0.21776154101627365,0.5490003321155762,0.02283626702092328
16066,"Schmalkalden-Meiningen, Landkreis",2025-01-01,diesel,57.0,498.0,1204.0,1833.0,6571.0,13019.0,55.0,2557.0,2891.0,7571.0,23237.0,0.0024529844644317253,0.021431337952403495,0.051813917459224514,0.07888281619830442,0.2827817704522959,0.5602702586392392,0.0023669148341007875
16067,"Gotha, Landkreis",2025-01-01,all,382.0,1767.0,2295.0,11757.0,16554.0,41082.0,1718.0,11740.0,9550.0,19792.0,75555.0,0.005055919528820065,0.023386936668651975,0.030375223347230494,0.15560849712130237,0.21909866984316062,0.5437363510025809,0.02273840248825359
16067,"Gotha, Landkreis",2025-01-01,diesel,53.0,433.0,1029.0,1659.0,6104.0,11902.0,37.0,2400.0,2664.0,6838.0,21217.0,0.0024979968892868925,0.02040816326530612,0.04849884526558892,0.07819201583635764,0.28769383041900365,0.5609652637036339,0.001743884620822925
16068,"Sömmerda, Landkreis",2025-01-01,all,217.0,1035.0,1388.0,6704.0,9200.0,20848.0,896.0,5528.0,4801.0,10519.0,40288.0,0.005386219221604448,0.025690031771247023,0.034451945988880066,0.1664019062748213,0.2283558379666402,0.517474185861795,0.022239872915011914
16068,"Sömmerda, Landkreis",2025-01-01,diesel,28.0,249.0,620.0,1012.0,3519.0,6576.0,18.0,1230.0,1446.0,3900.0,12022.0,0.0023290633837963733,0.020712027948760606,0.05157211778406255,0.08417900515721177,0.2927133588421228,0.5469971718516053,0.0014972550324405256
16069,"Hildburghausen, Landkreis",2025-01-01,all,203.0,921.0,1179.0,5748.0,8925.0,20695.0,758.0,5581.0,4851.0,10263.0,38429.0,0.005282468968747561,0.023966275469046814,0.030679955242134845,0.14957454006089152,0.23224648052252206,0.5385255926513831,0.019724687085274143
16069,"Hildburghausen, Landkreis",2025-01-01,diesel,21.0,257.0,612.0,1009.0,3858.0,6699.0,22.0,1276.0,1476.0,3947.0,12478.0,0.0016829620131431319,0.020596249398942137,0.04904632152588556,0.08086231767911524,0.3091841641288668,0.536864882192659,0.001763103061388043
16070,Ilm-Kreis,2025-01-01,all,372.0,1456.0,1785.0,8434.0,12506.0,32104.0,1495.0,9364.0,7247.0,15493.0,58152.0,0.0063970284770945105,0.02503783188884303,0.030695418902187372,0.1450337047736965,0.21505709175952675,0.5520704360985005,0.025708488100151326
16070,Ilm-Kreis,2025-01-01,diesel,35.0,316.0,842.0,1293.0,4771.0,9543.0,35.0,1925.0,2136.0,5482.0,16835.0,0.002079002079002079,0.01877041877041877,0.05001485001485002,0.0768042768042768,0.2833976833976834,0.5668547668547669,0.002079002079002079
16071,"Weimarer Land, Landkreis",2025-01-01,all,360.0,1224.0,1622.0,7490.0,10584.0,25921.0,1187.0,7301.0,5972.0,12648.0,48388.0,0.007439861122592378,0.025295527816814087,0.033520707613457885,0.15479044391171365,0.21873191700421593,0.5356906671075473,0.024530875423658758
16071,"Weimarer Land, Landkreis",2025-01-01,diesel,43.0,299.0,743.0,1141.0,4076.0,7902.0,40.0,1611.0,1814.0,4477.0,14244.0,0.003018814939623701,0.020991294580174107,0.05216231395675372,0.08010390339792194,0.28615557427688854,0.554759898904802,0.002808199943836001
16072,"Sonneberg, Landkreis",2025-01-01,all,160.0,777.0,996.0,4772.0,7066.0,19701.0,621.0,5977.0,4563.0,9161.0,34093.0,0.00469304549320975,0.022790602176399846,0.02921420819523069,0.13997008183498078,0.20725662159387556,0.577860557885783,0.01821488282052034
16072,"Sonneberg, Landkreis",2025-01-01,diesel,17.0,146.0,470.0,677.0,2416.0,4580.0,5.0,982.0,975.0,2623.0,8311.0,0.0020454818914691373,0.017567079773793768,0.05655155817591144,0.08145830826615329,0.2906990735170256,0.5510768860546263,0.0006016123210203345
16073,"Saalfeld-Rudolstadt, Landkreis",2025-01-01,all,329.0,1550.0,1973.0,8907.0,12718.0,32377.0,1160.0,9417.0,7396.0,15564.0,59014.0,0.005574948317348426,0.02626495407869319,0.03343274477242688,0.15093028772833564,0.21550818449859355,0.5486325278747416,0.019656352729860712
16073,"Saalfeld-Rudolstadt, Landkreis",2025-01-01,diesel,46.0,372.0,896.0,1310.0,4582.0,9369.0,34.0,2012.0,2057.0,5300.0,16609.0,0.002769582756336926,0.022397495333855138,0.05394665542778012,0.07887290023481246,0.2758745258594738,0.5640917574808838,0.0020470829068577278
16074,Saale-Holzland-Kreis,2025-01-01,all,282.0,1153.0,1675.0,7787.0,10974.0,26092.0,1132.0,7339.0,5720.0,13033.0,49095.0,0.005743965780629392,0.02348507994704145,0.03411752724310011,0.15861085650269885,0.22352581729300336,0.5314594154190855,0.02305733781444139
16074,Saale-Holzland-Kreis,2025-01-01,diesel,39.0,265.0,722.0,1177.0,4072.0,7945.0,27.0,1630.0,1672.0,4643.0,14247.0,0.0027374184038745,0.018600407103249807,0.05067733557942023,0.08261388362462273,0.2858145574506914,0.5576612620200744,0.0018951358180669614
16075,Saale-Orla-Kreis,2025-01-01,all,304.0,1259.0,1686.0,7914.0,11204.0,26061.0,803.0,6788.0,6090.0,13183.0,49231.0,0.00617497105482318,0.025573317625073633,0.03424671446852593,0.16075237147325872,0.22758018321789117,0.5293615811175885,0.01631086104283886
16075,Saale-Orla-Kreis,2025-01-01,diesel,36.0,263.0,776.0,1317.0,4408.0,8500.0,14.0,1633.0,1865.0,5002.0,15314.0,0.002350790126681468,0.017173827869922945,0.050672587175133864,0.08599973880109704,0.2878411910669975,0.5550476687997911,0.0009141961603761264
16076,"Greiz, Landkreis",2025-01-01,all,340.0,1605.0,2002.0,9520.0,13329.0,30996.0,1098.0,8740.0,7009.0,15247.0,58890.0,0.005773475972151469,0.027254202750891493,0.03399558498896247,0.16165732722024112,0.2263372389200204,0.5263372389200204,0.018644931227712686
16076,"Greiz, Landkreis",2025-01-01,diesel,49.0,393.0,945.0,1480.0,4888.0,9090.0,30.0,1848.0,1987.0,5255.0,16875.0,0.002903703703703704,0.02328888888888889,0.056,0.0877037037037037,0.2896592592592593,0.5386666666666666,0.0017777777777777779
16077,"Altenburger Land, Landkreis",2025-01-01,all,303.0,1408.0,1791.0,9450.0,11219.0,25595.0,927.0,7380.0,5796.0,12419.0,50693.0,0.005977156609393802,0.02777503797368473,0.035330321740674256,0.18641627049099482,0.22131260726333024,0.5049020574832818,0.018286548438640443
16077,"Altenburger Land, Landkreis",2025-01-01,diesel,17.0,262.0,691.0,1186.0,3569.0,6517.0,23.0,1292.0,1408.0,3817.0,12265.0,0.0013860578883000407,0.021361598043212394,0.056339176518548716,0.09669792091316755,0.2909906237260497,0.5313493681206686,0.0018752547900529964
